MLCPP_ARCHIVE_V1
"MultinomialNB_V1"
0.5
2
-0.13491394503609128
-2.0698168283056262
2
3000
-4.0325710017818102
-4.5844384882422577
-4.2472721750519824
-4.9257758009887045
-4.7666374658851369
-4.9045107119807119
-4.7782677860294669
-5.0170035702537943
-5.082253875705308
-4.9482295375553189
-5.0071153457499173
-5.3377433207156173
-5.0697194066371587
-5.4905472571846712
-5.394732066694595
-5.3493533743760091
-5.1423915345853386
-5.2069499115477367
-5.9162921596438522
-5.5740250779224949
-5.5382535796379466
-5.2924714776806194
-5.3666560605900351
-5.4189019328296792
-5.7688474251343171
-5.54182158970975
-5.4710733024630631
-5.4252856043683009
-5.3246280737980944
-5.4206432040875701
-5.9772164744411658
-5.5463641537961008
-5.7058883678034444
-5.6072140713327396
-5.5009618087528622
-5.457158787062971
-5.5573310126549256
-5.6711895858041617
-5.5614678518079419
-5.7980525310219315
-5.9021308544220625
-5.6100054387582956
-6.1276899347379592
-5.530216210570746
-6.2505341344278493
-5.9861905428746773
-5.8173603291144707
-5.5449933668522418
-5.7328630123546773
-5.8693249790679474
-5.7931308390809884
-5.4263698701789602
-5.9765754025520712
-5.7540396315779727
-5.6367052662231609
-5.7105319743912331
-5.643751735185031
-5.724135246663387
-5.8195564217795317
-5.7134933671102877
-5.7975842469256476
-6.9915423799512535
-5.7032018632743844
-5.7652327476882235
-5.9273154995866468
-6.3294141499458965
-5.9327438303079436
-6.018959363518638
-6.0933093383624524
-6.0738400442639948
-6.381303979473687
-5.915908412733601
-5.9413058628655726
-6.1398131069683046
-6.340628481777145
-6.845056410363993
-6.1269571396928564
-6.12077533043903
-5.9665987213346483
-6.1414906573778891
-6.1409704695444383
-6.0560488023002303
-6.2244802213284114
-6.2633233500083634
-6.3901810351324295
-6.2281462915974917
-6.2166197058739341
-7.3225321314914016
-5.9414602147333992
-8.2002390301656245
-6.3164542834692101
-6.3283020781829755
-6.2592400839033235
-7.0794395329799054
-6.6353331089618486
-7.4672318337324448
-6.4103181299769751
-6.925474227428305
-6.2405415135460007
-6.2914832991170577
-6.1673137150638624
-6.2105238359169848
-6.7057677379117795
-7.6023662328080759
-6.2814991771651298
-6.3523251889100703
-6.0282836253682071
-6.4637263988961386
-6.3442309338898859
-6.1285908235209172
-6.4834555612738232
-6.3338765346193284
-6.301978416418252
-6.7452477437181111
-6.8280986561120232
-8.3557859151882372
-6.397902308114702
-5.9207388035457225
-6.4361469548616812
-6.6357307907408494
-6.2105805668784129
-6.9067615448933308
-6.1811448750645415
-6.3932908444569776
-6.4548470058328737
-6.3696930115068344
-6.7713409829215916
-6.458339729363507
-6.9541720574959571
-7.0581893997274188
-6.2772113785178973
-6.2886429257724386
-6.6621085017407911
-10.152071927369736
-6.6730297447959179
-6.430043547460631
-6.3153789862809369
-6.7594432085627423
-6.493005124317043
-6.3666284390954395
-6.4565306088817982
-6.4878070881070213
-6.7349625863757376
-6.5659618215059066
-6.6455759613938641
-7.0167781717333195
-6.5338089003613664
-6.5046480703995746
-6.5939410916111694
-6.5993273130664818
-6.6743268172705976
-8.1760777029823917
-7.1789650643486187
-6.7066582428035622
-7.0323260300227002
-6.7066702356657473
-6.5753549002119218
-6.6686016984306073
-9.8742195292782036
-7.2475316187967254
-6.6976164185913536
-6.6634081307749602
-6.6103737172875592
-6.7078568338587967
-6.9399987958523814
-6.7525097243991388
-6.7886157993525975
-6.7158616432263685
-6.521414099619208
-6.7115956937722689
-6.6380493328317485
-6.5217624250870525
-6.8221800734768063
-6.9752476384571045
-6.7431675197305871
-6.6918587688472915
-10.152071927369736
-6.6736502141074858
-6.7082639299450859
-6.7295090973800713
-6.7216889317074209
-6.8127337629563112
-6.9252222748595056
-10.152071927369736
-6.9449495451873346
-6.981678957806734
-6.6198592953741775
-6.9297530412890982
-6.9217953331799711
-6.9286521316120666
-9.1201434905239314
-6.9759808688630738
-8.8501007390785347
-6.7765552340819033
-6.9431553489055506
-6.9307486313530786
-6.9832702127520605
-7.0251252412557665
-6.9384919090116401
-6.753826869558659
-9.7488616706763036
-6.8435656372392133
-6.8164116301393429
-8.4611905042226727
-8.4969830299524602
-6.9837576940207233
-6.9500344069580988
-6.8447931529966608
-6.8612233957948714
-7.0197976305439127
-8.5922312489180683
-6.8337961199961654
-7.5983917780781125
-7.0199829597711156
-6.8013791188813064
-7.2625999522160223
-7.2904909013382264
-7.0428877030079944
-6.9359413718678908
-7.2897629894357241
-6.8515466690870479
-7.0249997286956196
-6.8598481085299925
-8.8541955563849815
-7.0023324355298966
-6.8551576569347619
-7.1078956798154307
-8.4994878747970048
-7.0106571370874686
-7.0233749816705231
-6.9857655075277956
-6.9367314858846782
-6.7780445692197961
-7.015083043131968
-6.9129820573453875
-6.9167799717895591
-7.1707953467428656
-7.1753051971970603
-6.9439106079701247
-6.9821006747605745
-7.3985281187043723
-6.9740332672355461
-7.0475676211679472
-7.1025970461228694
-8.3981471001216335
-6.7973032232534667
-7.0766713330282416
-7.2233914309920912
-7.0540376647500054
-7.400109256452339
-7.230267315716552
-9.4488005133542519
-9.6762647127726087
-7.0542306077000223
-6.9507902016296716
-9.1544375333816372
-6.9717210069084246
-6.7511533233265704
-10.152071927369736
-7.5359782482518902
-7.2556123759525653
-7.3546110025533782
-6.7988610562833305
-7.1178412383017831
-7.0136725620183169
-7.4167483096837321
-7.2845458108324177
-7.0685211097580751
-7.1776436756829813
-6.8469720508174419
-7.0215222713413175
-7.380889847441253
-7.2506507222996861
-7.174007966888901
-7.3421352066584378
-7.1404387485290437
-7.297525912870098
-7.2512879748085837
-8.5302878714742416
-8.1902900757204407
-7.167992771152214
-7.0675358025798731
-8.0436198339764324
-10.152071927369736
-7.3838716277952789
-7.4500087709770213
-7.0089812277512538
-7.1661171959863781
-7.0811494691746919
-8.7999917698136727
-8.2852185717971256
-7.5581477652744589
-7.4559227960046819
-7.1027014549092415
-7.2306150775359956
-7.4013856619866578
-7.3407526592550907
-7.2339019132738818
-8.1468427868631288
-9.8899514418322916
-6.9819195886169982
-7.2383952919523784
-7.6350345510072239
-7.2266259886351856
-6.8839807433624598
-7.254218284577763
-8.6341242877204891
-7.1550545088404558
-7.2131375465648979
-8.3320886646770873
-7.253897570066135
-7.3870740304167057
-7.3638706500136921
-7.654501480529758
-7.3143799190763685
-10.152071927369736
-7.9361215461291081
-7.2225650512241684
-7.5839118697418826
-7.3346396014826327
-7.2462548695494995
-7.515553081936269
-7.1627508102970898
-7.7564216892534814
-7.2752809719133653
-7.7076574238666451
-7.1840612419463357
-7.3245482379138611
-8.7086258815913098
-7.2003650347912629
-10.152071927369736
-7.2505353436766757
-7.0529231355239279
-7.8746928088820622
-7.1784353115332173
-7.4776045009380816
-7.5532736675182717
-7.7823401397140284
-9.3375123428305571
-7.4082201093031079
-7.3113281602816969
-7.4925586422283388
-9.6534140902694983
-7.4284857152811554
-7.3995824720259566
-7.3954663438557438
-8.5998166195719268
-7.2012622783547791
-7.1903721586588354
-7.4053288923302256
-7.5197061190325583
-7.4743794972907303
-7.4370683345097905
-8.7010712669186248
-7.8700564549458152
-10.152071927369736
-7.467581057121679
-7.4281315995458055
-8.2191243917279753
-9.7430602186136746
-7.5350957721277245
-7.2727417700128649
-7.9464436636091369
-7.283085808366593
-7.2580549275868851
-7.5148068196345967
-7.595901535135015
-7.4040678731410363
-8.4811143442981312
-9.4359114620536477
-10.152071927369736
-7.060089663574189
-7.3520113431182672
-7.5835185133282739
-7.5064562586661161
-7.3325318415321741
-7.4482196027941399
-7.3786324808544048
-7.583920759458616
-7.5064587251958974
-7.0895864667270905
-7.3581073190191617
-7.2020991093552924
-7.3444869789237668
-10.152071927369736
-8.3523390787892886
-7.2705458846716882
-7.2943694698671484
-8.0106086405494352
-7.4175803003397274
-7.6584181081528895
-7.495987274857014
-8.3558342118858544
-7.32485104862109
-7.5891367186430978
-9.3930518074467901
-9.1454828420517398
-9.2008751930353441
-8.845277857431407
-8.5506787826800394
-7.2829191743483568
-8.4531918876091616
-7.0044895669271359
-7.3736870986777792
-7.5800016809160411
-10.152071927369736
-7.5665610095334186
-7.1913676692301172
-8.6977974092042931
-9.609235468221943
-7.4346071205768407
-7.5626606348753054
-9.1020629867321095
-8.6878681612304298
-10.152071927369736
-7.3460470769652924
-7.5136611390189652
-7.4135662708922059
-7.5527183041766808
-7.6072683604920623
-7.6190049811992928
-7.5739259554574803
-7.7573883474022454
-7.282622227826157
-7.3862929979163097
-7.5936556050787507
-7.7339523092245797
-7.6991601144983548
-7.3755608564900808
-7.5229468589684512
-7.8110771341428933
-7.4752451882639113
-7.4086402989596918
-7.5032990265698274
-7.4322117193216615
-7.5207814420750365
-10.152071927369736
-7.7937996307438233
-7.6196369416428853
-7.470019917319803
-7.4701800276647017
-7.6261026837909007
-7.9025152566780319
-7.8358471346681888
-7.3834913788895085
-7.6123457522674673
-7.5940089659063181
-7.7669824880914717
-7.2417753801989164
-7.4073988731202514
-7.5940787045402622
-7.4827001654025791
-7.4488758514706461
-8.5526203790157069
-7.737773255060727
-7.8101026420407491
-7.448074169543788
-8.1568710943203175
-7.6040402807034795
-7.6088478816161196
-8.7717081863522441
-10.152071927369736
-7.7154100943784165
-7.6497981801303698
-7.6912433085391561
-10.152071927369736
-7.7827297619896862
-7.5149967068424539
-7.764062463302805
-7.8188281776293707
-7.6043021546021299
-7.4882753529286434
-7.7000183210663513
-7.6167255999558678
-7.4137363245819348
-7.5690702709369493
-7.4311822342158349
-7.5063686162251635
-10.152071927369736
-7.769004136575874
-7.4224489839109768
-7.4365043119437431
-7.722929463781445
-7.5918113879857474
-7.6733843212340798
-9.5232038229539651
-7.5531073989994191
-7.6599085016537352
-8.5671718311352105
-7.8141647586455889
-7.7656426015221669
-7.7711489676967282
-8.0540627753039598
-7.7693002620713614
-7.7488997774765389
-7.2338940775215406
-8.8646178911611422
-7.6874177631285354
-8.8158602535927315
-7.8782205239595484
-8.3390875131008393
-7.5985973472109523
-7.5842683995054712
-7.3636367305289028
-7.7600273020654633
-7.6803565140888654
-7.8537857612729329
-10.152071927369736
-7.5602046815288348
-8.226824247157051
-9.5581341059678468
-10.152071927369736
-8.6784611995344889
-7.7154531929410002
-7.7733989743606369
-7.7896511486874207
-8.8315365087130591
-8.8421585469400217
-7.8006238377976613
-7.7587104255991237
-7.6835589094229135
-7.9022192142442815
-10.152071927369736
-10.152071927369736
-7.9127507140126205
-7.7983498469774402
-9.8653756096491332
-7.8149731463658814
-7.9334654367647301
-7.6467476820174554
-9.873783824022528
-7.7716953667505306
-7.9152283230804459
-7.5395205942570209
-7.6686708999509632
-7.5733540711864871
-7.7944382871855007
-7.8851031942127392
-7.756920786808724
-9.8049676001499844
-7.588254246503161
-10.152071927369736
-7.7717961984504447
-10.152071927369736
-8.8616201343956913
-10.152071927369736
-10.152071927369736
-7.9093336263282881
-10.152071927369736
-9.689081854368693
-7.5602667702681341
-8.1194601950359182
-7.8571576674922667
-7.9324678212896229
-8.2720801107825714
-7.7374395684717641
-7.6537381537073763
-8.3382530086905504
-7.9868287453734181
-7.7361848979612233
-7.8832680834264197
-7.7185970557224728
-7.9098682848547544
-7.5946043044349549
-8.1042480603970333
-7.8512677462023834
-7.9700389789677031
-8.5167870415968743
-8.2172729762570516
-8.7891861395030961
-7.6791330212475115
-8.8805630019473281
-8.066162894154516
-10.152071927369736
-7.8069105566150885
-7.8356956881809996
-7.6161589734617783
-9.7893001965579796
-7.6216189754657977
-7.8550439133613015
-7.8508301690953557
-7.9645413650582153
-10.152071927369736
-7.8144600288963275
-7.956530187957239
-10.152071927369736
-10.152071927369736
-8.056193345239608
-8.7377883302951442
-7.9469872782965885
-7.9092432890205622
-9.0586268812682889
-9.8219697652039546
-7.7640263426087248
-8.5140799376997833
-7.5735600064795907
-8.2362751639963996
-10.152071927369736
-10.152071927369736
-7.974658658080453
-8.097376048470176
-7.8192761768262713
-8.5120296770465274
-7.5714762708482271
-7.7031921489178163
-8.4402727808018838
-10.152071927369736
-7.6920695950285563
-7.8362908636332298
-7.7650582436636615
-7.7855125966543017
-7.7886296864476909
-7.7837262305213741
-8.5155592898174906
-7.730390302068904
-7.9758748986986383
-7.6033739054769551
-7.8258901130383585
-7.7660414264048994
-7.7445597067811613
-8.3208589962657697
-7.8640928478054235
-9.1171434882150031
-7.8383333325531286
-8.0273184001531988
-8.8606551875573309
-7.8180237179469598
-10.152071927369736
-8.1693038237795328
-10.152071927369736
-8.212945038646815
-8.3025264228478903
-7.6703923765797066
-8.0518753032009585
-8.1869956983869034
-8.732066160745271
-7.9974784557564798
-10.152071927369736
-7.9129801444475456
-7.9962931167242983
-8.7947555678755247
-7.9488048155115152
-7.7668335171184468
-8.0308840967743222
-8.0020647822852542
-8.0088950298741004
-7.9445111674537499
-8.6028657618136659
-8.3173061037618652
-7.8033025600520052
-7.9626073120382097
-7.9098239825109466
-8.549706729570385
-9.7002659464210073
-7.6822325743186699
-8.1082205696402703
-8.0782329386396103
-8.0571130134515876
-7.8778070404290528
-8.079342748501368
-8.0701870845211925
-7.8870675761630347
-7.9507122788483464
-7.910507629092705
-7.8755226250775898
-8.7742438751844745
-7.7597741889714875
-7.8660350658691902
-10.152071927369736
-10.152071927369736
-8.2168897285800231
-8.0529475314881669
-7.9356105364632654
-8.4990433137335053
-8.2827332574681201
-8.4327692057289063
-7.9664674318060511
-7.9071670143772508
-10.152071927369736
-8.2802152417157497
-8.3317053445998042
-8.1596743341643236
-8.488930015419081
-7.8753698187402659
-8.0868453729097478
-10.152071927369736
-8.1431690613024017
-7.8579418440252429
-8.0607162998077069
-8.0528639247367337
-7.9253245098787017
-10.152071927369736
-7.8617051654780186
-8.3508756793681389
-7.9483858088606079
-8.3566983270617659
-8.308041555765227
-9.5925376150591521
-8.0306815934208284
-8.1660322597039769
-7.7486050925711423
-8.2065622887272998
-8.0226573923623423
-7.8537307914516461
-9.3381189906321218
-10.152071927369736
-9.7137436979651834
-7.9344425657870792
-8.1903717238221692
-8.3347519053035661
-9.1480012970419615
-10.152071927369736
-8.5859261189253502
-10.152071927369736
-8.4655169427505843
-8.1011927601820091
-8.4745620194241678
-8.082627517129545
-9.4663652645689904
-10.152071927369736
-9.7779417798587609
-8.0583101293978814
-8.1574021432592652
-9.7767432363129512
-7.9966047290600413
-8.7634051268927209
-8.5375411519829196
-7.9941301445429156
-8.2204733846000995
-8.063076781847542
-7.9072650030245697
-7.8212087154371162
-7.9863591645198504
-8.1758416002950156
-8.0475692714790377
-8.0156868940773442
-8.1255385662834048
-7.899530637965066
-8.0630767964031804
-8.4406292541758514
-8.8050981565741893
-8.0772865827049465
-8.4757462748525594
-8.2823574656298575
-7.9100106313169452
-7.6622460859462258
-10.152071927369736
-7.8113029288448246
-8.0930418156388892
-8.2302156831255306
-8.8345311812432499
-10.152071927369736
-8.2295065457831207
-10.152071927369736
-8.3242134381836674
-8.0978590709350087
-7.922091778234261
-8.4589144311150406
-8.157343409870716
-8.07089779620296
-8.6078793907748974
-8.3174983302652397
-7.9362428558678983
-10.152071927369736
-10.152071927369736
-10.152071927369736
-8.3776308872294631
-8.2691040970087801
-10.152071927369736
-8.9554004686159594
-8.0731908372405456
-8.0690465637888646
-9.3303132844461611
-8.2320550871547997
-9.7275119719039953
-10.152071927369736
-8.2442285578088264
-7.8870888644101305
-8.1652033692862851
-8.4354720712509437
-8.0939873978824242
-8.1915292517765756
-8.4274902448119686
-8.1025630349245183
-8.0152325528336927
-8.1615393775460134
-8.3015761563220103
-8.478360120179909
-9.7731959722750226
-8.5232596267483594
-8.4748018900390658
-8.1007930544366182
-9.3015310854479676
-9.4855035779789958
-7.9370131494708795
-8.3214158586957119
-8.0220795115444137
-8.2841861527300544
-9.2687300626463429
-8.3227393169776196
-10.152071927369736
-7.9757653283897403
-10.152071927369736
-8.0003018480119152
-7.8063046952099659
-9.1838889798021288
-8.0843405780488364
-10.152071927369736
-7.8496638107198979
-10.152071927369736
-10.152071927369736
-8.2254130985977767
-8.07520848442927
-9.0820060489508219
-8.0467085602066941
-10.152071927369736
-10.152071927369736
-8.1155756089860756
-8.0940710818615518
-8.9724448840543172
-7.9666622137103156
-8.452552766782274
-10.152071927369736
-8.3053603887828906
-10.152071927369736
-8.7342705478922085
-10.152071927369736
-8.4583158989823115
-8.9872669628815665
-8.1861838902513142
-10.152071927369736
-7.9180895789466677
-9.6726908324897494
-8.4604959076027324
-9.3280312759536574
-8.1428366519099029
-8.2330525071676384
-8.6346758093986402
-8.0742502766697033
-8.974766646159086
-9.306929967994872
-8.4611823310044088
-9.4897983322497197
-8.5343348294319235
-8.4285084254256422
-8.2551066103214001
-8.4330511411820641
-8.2553159276848067
-8.4219384448315644
-8.1265921819690572
-8.2498463807119151
-8.3707797753455235
-7.9609354646664965
-8.3646530377983819
-8.529116154618384
-8.449603028322942
-8.629515114740208
-8.3688190829225952
-8.4881854441804876
-8.0861792235190393
-8.2926920618943001
-8.2406232643895052
-9.5529042636146482
-8.0447738115405514
-8.1854744330313913
-8.250472970357297
-8.3178785002018056
-8.8746526965244428
-8.2601593595790543
-8.4186195549444509
-8.5716198418149361
-8.1164536882884288
-8.5411378356404573
-8.2569720248650231
-8.3039353238659501
-8.3969215590767536
-8.1621479565350423
-8.4166973674145495
-8.1012141966738032
-8.3991208286225731
-8.3899206384540985
-8.068788315495766
-9.1745509540886001
-8.0407589213567441
-8.1759246658655016
-9.3693197952076215
-8.2839754846609832
-8.4811983223288152
-8.1121495970735307
-8.2148834237359925
-10.152071927369736
-8.1227216715150909
-8.0778054899825289
-8.8318649531043967
-8.377716351352225
-8.1289838771632592
-8.3183830187749308
-8.2472882112178336
-8.2808199989563622
-8.729804434134758
-8.4243107597194022
-9.0631266844785561
-8.198188817966571
-8.1958924372690483
-9.1240373513496831
-9.0986469898500033
-8.2658445820284321
-9.0017797341450301
-8.2396513665905502
-9.5011190204000116
-10.152071927369736
-8.2697176227899867
-8.5131909692027481
-8.3889101981310432
-8.4515004889902716
-8.4348253524655483
-8.3901875087222102
-8.3053677211945232
-8.4618106535723303
-8.2417637330846105
-8.0561054766973488
-8.2302983857900873
-10.152071927369736
-8.3651660719663479
-8.1143462317100123
-8.1948051469531187
-9.2079317806033583
-8.0948032912389394
-8.0869394535413228
-8.3382708681019793
-8.3315459082960341
-9.6961754881800619
-8.3123226388628311
-8.1191772648249714
-8.035257218962272
-8.4036333075702796
-8.2376444209410273
-8.2608827809835894
-8.1614422051374742
-8.4311105657103731
-9.1285459869807823
-8.9593683961702002
-8.2579643377089891
-8.5019367556028183
-8.6096967063081635
-8.3634051000851546
-8.2937077030511084
-8.0605806889131379
-8.4973438366418321
-8.3185658673244607
-10.152071927369736
-8.4897029062730009
-8.0126598835615841
-8.3891050940778307
-10.152071927369736
-8.3146906631133159
-9.8412594180874144
-8.2617226437356024
-8.4569407702030759
-8.2018935108919617
-8.4291187704445321
-8.373190779972548
-8.4600417212738073
-9.5459124195231357
-8.3353295015900013
-8.0856158908021847
-8.1801633008810963
-9.8952085367730138
-7.949875979018004
-8.5179240605734616
-8.8237211578961254
-8.8796493859371779
-8.0342105345584542
-8.166181418493105
-8.1995490942776641
-8.5332799949307159
-8.4128864929725005
-9.0268963759664675
-8.3532776741052803
-8.5175715069235096
-9.6152711219704177
-8.2915851402092269
-8.2831784241221555
-9.3069531117375952
-8.0984054502743454
-8.1845055648725076
-8.2881275021512426
-8.4054750339667894
-9.3496320928737777
-10.152071927369736
-8.9241624952847971
-8.3956251013189878
-8.2645552639947564
-8.3005788447741775
-8.3183144839666756
-8.4191351668941294
-8.1359780664118198
-8.0018951569723669
-10.152071927369736
-10.152071927369736
-10.152071927369736
-10.152071927369736
-10.152071927369736
-10.152071927369736
-10.152071927369736
-10.152071927369736
-9.1618940511279092
-8.4548367574160572
-10.152071927369736
-8.3063532945702097
-8.2582902326323833
-9.4731188739037027
-8.6702929991398641
-8.5107612256523808
-8.4205407185617513
-8.2405537536569948
-8.4571854902199473
-8.2899450216489754
-8.3973450385385071
-10.152071927369736
-8.7404910424101061
-8.1668159008328427
-9.7027574119779736
-8.6654961878200609
-8.816114498244616
-10.152071927369736
-8.2972760402154186
-8.6332335267463858
-8.4042455201606376
-8.4912563260925378
-8.3431781033831598
-8.3721592310644883
-8.3351718121074665
-8.3628089375333428
-9.730673890430559
-9.6620402614532583
-9.6161024584796486
-8.4630175141425088
-8.3032910375562352
-8.45753406621313
-9.9287515128976178
-8.3540914583310144
-8.5334251410737316
-8.5650136648004782
-8.3062325005924382
-8.3725766580571985
-10.152071927369736
-10.152071927369736
-8.3862362520628739
-8.5875368181797338
-8.3412714990459467
-8.1520250238422527
-7.9630424761552536
-8.4961980445738359
-8.4513639527499524
-8.1156494391641463
-8.368567467092932
-8.6372134914296428
-8.5286286917874765
-8.1059911815461341
-8.4999811163183114
-8.3378735030617364
-8.9836643673098067
-8.3513234324568444
-8.6795824881939598
-8.3145815804975403
-8.5980707169604198
-10.152071927369736
-8.427336639527935
-8.6068565860556792
-8.8890469161817549
-8.1773225384984123
-8.5896347548355614
-8.3440781852282075
-8.1440906600945215
-9.2892125905440093
-9.2378138739478732
-8.5177643933519196
-9.584381921107715
-8.2271179628519224
-8.5227675552661779
-8.5722681370090292
-8.421340401506086
-8.5918138804116282
-8.2859055477645178
-8.3488326858604793
-9.2965796808489944
-8.5309008321202544
-8.1603599209754378
-8.5099711884582625
-8.5627834051042484
-8.4580468813481353
-10.152071927369736
-8.6275028395682742
-8.5599821883460265
-10.152071927369736
-8.5062078471347728
-8.297318971116681
-9.8270553305497188
-10.152071927369736
-8.7119456783263303
-8.4444581137867711
-8.3332114883015631
-10.152071927369736
-10.152071927369736
-9.1881420207351034
-9.3537999260217592
-8.8446748898340832
-8.5009666460021034
-10.152071927369736
-8.1131278629692538
-8.5165549417873549
-9.4700436393363479
-9.1441427010203515
-8.3587754026723804
-8.4826808253684973
-8.2110414056936012
-8.3214076842947602
-8.575847217642929
-10.152071927369736
-9.0907967517855486
-8.7952508439206909
-8.667792901633101
-8.6001320993761485
-8.6329730064120351
-8.4882029630791553
-8.3311996292227022
-8.5426242091991007
-8.5433691679826751
-8.5922329144571723
-8.6087386068430192
-10.152071927369736
-9.7230313473470691
-8.4632643621780304
-9.4359635600804381
-8.4740546604846188
-8.1168136089077692
-9.5037810996729064
-8.3364222798174872
-10.152071927369736
-8.8171643675106672
-8.3807191177730811
-8.6035457684608936
-8.7800702502505743
-9.2503527586926868
-8.6539219932868523
-8.5886246561010857
-8.7039460445207144
-10.152071927369736
-8.6617974544773837
-8.6464143331027969
-8.5067316108113165
-8.5619394997689344
-8.5366905788887433
-8.660437633782708
-8.480973015301398
-8.5172208840594923
-8.4347228997620007
-8.498166827557764
-8.8911710999795002
-10.152071927369736
-8.6448521508928184
-8.3246897205707455
-9.3339009542140232
-8.7574630306465391
-9.1368415339463489
-9.519423069891209
-8.8476834142954157
-8.640084439670936
-8.4190531987835442
-8.4625456780523365
-8.324371975882924
-8.2723108029099368
-10.152071927369736
-10.152071927369736
-10.152071927369736
-8.3258975715792172
-9.6863156548304943
-9.3286779751189872
-9.2122551320724124
-8.4724134726064086
-8.6246137848136506
-8.3882661204685842
-9.5891441713641612
-8.5898069007903182
-8.5522322256974963
-8.8551833745241915
-8.5483216285797354
-10.152071927369736
-9.0380111865446402
-9.29975150269156
-10.152071927369736
-10.152071927369736
-8.4243139323064646
-8.3778771837108739
-8.3310763351748474
-8.4971387508205201
-8.878137850394042
-8.6470207430267774
-8.596399570827689
-8.6481168786728819
-8.428552184225282
-8.9005987704701255
-8.43225713283808
-8.5800602436143141
-8.4206790214395646
-8.6707865654227092
-8.4574655403179797
-9.580296486020794
-10.152071927369736
-8.5558754998601927
-10.152071927369736
-8.3807608666642466
-10.152071927369736
-8.8806801032618914
-8.5533079069233366
-9.704758993620775
-8.1337202134538948
-8.3375320790356753
-8.2880372116992458
-8.3153672052555212
-8.4493490994040545
-8.6000597098364757
-8.4434734393454498
-8.6972360304740643
-8.5399882164840992
-8.1984020899689902
-10.152071927369736
-8.5313281013304145
-9.0248697121471384
-8.3035528566484071
-9.0024366121317865
-8.3321336233948369
-8.4822463554699645
-8.5159929621236063
-8.5950475886893365
-8.5206374207093631
-10.152071927369736
-10.152071927369736
-10.152071927369736
-10.152071927369736
-9.4455660136036315
-10.152071927369736
-9.5129223801577503
-10.152071927369736
-10.152071927369736
-10.152071927369736
-10.152071927369736
-8.4785443480943954
-8.6243845686018208
-9.5662494484624272
-9.2558069357691029
-8.6319969645661647
-8.5694500982985833
-9.0012766458110143
-8.9273665118234007
-8.68621351066394
-8.545728117784142
-8.9104229782462046
-8.7668708884509154
-8.6238057629010942
-8.4291055970764432
-8.6883837946457572
-8.5872328278201788
-8.7705357042739678
-9.0157684111656984
-8.6262230824996653
-8.6743243018047416
-8.9693937421760559
-8.3964500800326753
-8.4012961761454186
-8.9539320487927174
-8.8672471602310363
-8.567117600535628
-10.152071927369736
-8.5121234791751803
-8.5448728066392299
-8.9569291469998031
-8.4814352691820538
-8.6551745719042419
-8.8033676538123125
-8.4894449932289806
-8.6048368248086788
-8.3993365139923188
-9.0146486625769082
-10.152071927369736
-8.8305318084537454
-8.6394711258967867
-9.3118075402283758
-8.8146827155172041
-9.0526651687337552
-9.0276535840847298
-9.2629206954326548
-8.8323141119571655
-8.7511252171940423
-9.0656566332521038
-8.7382512786430233
-8.617786921053435
-8.6398333093802577
-10.152071927369736
-8.3389921905586348
-8.6103238135392335
-8.6369400104858887
-8.7301248695913642
-8.7826364998663724
-8.4958189728503477
-9.0318114723333469
-8.4987598415488765
-10.152071927369736
-9.4365968875895536
-8.4859554193509066
-8.8598749106503263
-8.7772681731419286
-8.9811654154457248
-8.6468758589704446
-8.5576877734141554
-8.4290833172338449
-8.7602754385996899
-8.3425890475166398
-8.6875859840809131
-9.3230054527405191
-8.6060331301275159
-9.1399747383456429
-8.6938546577535014
-9.3955715767601227
-9.2582788800821749
-8.587922855588376
-9.0596308405070278
-9.2058864586579112
-8.5004443365217579
-8.6187065235020768
-8.7791211793815407
-8.3579481205526349
-8.6983119312822854
-10.152071927369736
-8.5988467604262588
-8.6876862005032613
-8.8308538082925185
-8.4859575473759996
-8.8865861030737943
-9.2737856970553327
-8.6886495427481041
-8.7410319452591221
-8.7367632981315246
-8.6317885627047364
-8.5142577880743673
-10.152071927369736
-8.6628752068360466
-8.4539818765912589
-8.8799480084891673
-8.6390746553176925
-8.6878419734146775
-8.821318180179647
-8.6843568494798848
-8.5615511279306453
-8.611879063843352
-8.9143947472981999
-8.7794301400690919
-8.745116420659663
-9.4703336503111668
-8.6107227753472699
-8.857787110365841
-8.7425130805092017
-8.2910929215868823
-8.6173675657685287
-8.7556364523405463
-9.7395504564738022
-10.152071927369736
-9.7432343636774412
-9.094675690593057
-8.7665767874004015
-8.8299451055664022
-10.152071927369736
-8.4424832510493886
-10.152071927369736
-8.644103004876019
-8.5931800192641195
-8.7999355546961695
-8.5634571973581135
-8.7193996562616078
-8.4861193797200247
-8.7783591430709613
-10.152071927369736
-10.152071927369736
-8.2803393418687516
-8.7011716151626679
-8.5476159439176538
-8.3655882307246738
-8.7683514162327914
-9.1200170025941034
-8.5535485318907298
-9.1951973364495441
-8.9890312854740575
-8.8493260379510321
-8.6802240016877317
-8.5869993369723456
-8.40864186411555
-8.5606385357137587
-8.7396506259488955
-8.7830295390548621
-8.6249406893243421
-8.3569151451216666
-8.7392434830212213
-10.152071927369736
-8.9607558500798561
-8.538794121431911
-8.6319262194968918
-9.0528660663694716
-10.152071927369736
-8.9443672240946821
-8.8029113572520501
-9.1602184355082308
-10.152071927369736
-9.3828763504011441
-8.6562291168756644
-9.2249809550460746
-10.152071927369736
-8.5681624662688609
-8.4439052624087445
-8.4734048130875159
-8.6244353860069545
-8.7793441497664855
-8.8747885540439615
-8.5549379915007115
-8.6928712233646284
-8.8969078485317912
-8.488058792681592
-8.733016922212828
-8.633286558378531
-9.6268892612214181
-9.3939211969812355
-10.152071927369736
-9.7022536164374547
-8.9663460935024677
-8.6779818376152793
-9.1802111948212239
-8.9644790999814052
-8.9165564751276083
-9.173133784856649
-8.7130593567673831
-8.6904899567357283
-8.5601787210932763
-8.47363631558202
-8.432263614529333
-8.38573767625528
-8.7143455160450198
-8.70931850793046
-8.8518782076075393
-8.595510286331093
-8.6565570606456497
-10.152071927369736
-8.6574995263030647
-8.6530231738084886
-10.152071927369736
-8.3504154775275552
-8.4755194302031178
-8.6392716439362935
-8.7388377375409814
-8.7888415176061478
-8.6088053516447722
-8.5826671592611863
-8.4492189613117752
-8.5655232816197593
-8.6904873571574566
-10.152071927369736
-8.619732400156817
-8.4170233823188756
-8.5882942537091491
-10.152071927369736
-9.7306080325392923
-10.152071927369736
-9.6814131425450061
-9.6736849088404551
-10.152071927369736
-10.152071927369736
-10.152071927369736
-10.152071927369736
-10.152071927369736
-8.6015732615135541
-10.152071927369736
-8.637798044737675
-10.152071927369736
-10.152071927369736
-10.152071927369736
-10.152071927369736
-8.6494473506960965
-10.152071927369736
-8.5731885209911862
-8.6104975619779154
-8.7947686429346437
-10.152071927369736
-8.8998457582742923
-8.8302996949180876
-8.8682622893067276
-8.8300254259234841
-8.8998617401009703
-8.5540979928079128
-8.7423803586426221
-8.8355842206349013
-8.6459672041852667
-8.9026489516830214
-8.9048224111711676
-8.5581033570633682
-8.8144202992914824
-9.0974833225783929
-8.9252596749147219
-8.7078351303418238
-8.7502771831635364
-8.9737188631472371
-9.1722565767163484
-8.9478345288269647
-8.9584037886866739
-9.232525838820024
-8.9373231792969445
-8.7280037570047266
-10.152071927369736
-8.6996355466434991
-9.4458060758474769
-9.158159668390967
-8.8395924693368197
-8.9446441386640618
-8.8655984663203853
-9.6782069048178236
-10.152071927369736
-9.4732859300793972
-8.9300615671434009
-10.152071927369736
-9.1357522654847649
-10.152071927369736
-8.5725871765301438
-9.0695978109212021
-8.6607264763180734
-8.6306526219499737
-8.9835991737434995
-9.4015528475922405
-9.0610869179702007
-8.560188673463319
-8.7361544099306396
-8.5832620112424731
-9.1879679173270041
-8.9314846812589472
-10.152071927369736
-8.9045167807157792
-9.2798713035903209
-8.4886559198252556
-9.0654561330395005
-8.7161585965195272
-8.6918026596351563
-8.744607392827449
-9.3806330979889463
-8.8631586468426971
-8.5142174440413818
-8.7665953786787245
-8.8582132802134979
-10.152071927369736
-9.0138278215923613
-8.7616766736928131
-8.6464253703700749
-8.7518333315017358
-8.9719534960606104
-8.6055216734730333
-8.6084563029337318
-9.6524490504683413
-8.978240759550971
-8.7736156922643591
-9.2113088198787505
-8.8861551723671663
-9.1433471193841349
-8.8922662954858183
-9.4564857772030599
-10.152071927369736
-8.4096296452179615
-8.790327537147979
-8.7632302198850436
-8.4089479712443858
-9.0178982950669262
-10.152071927369736
-8.8655383894118529
-9.055110258224099
-8.6420454957302155
-8.9416681023584168
-8.8187901254131873
-8.5923527513315268
-10.152071927369736
-8.6833163229610815
-8.712702110707184
-9.0221448637288528
-8.8445689963745036
-8.8177993765427978
-8.7756470526909958
-8.8760093489338523
-8.8183642532497295
-9.12004865279083
-8.982234802434462
-8.9816023096265365
-8.7956119636976133
-8.6425966060411117
-10.152071927369736
-8.9335247560974818
-9.0320352427463035
-8.9514480327927934
-9.0112490676027885
-9.4140749376027912
-8.8854741422543029
-8.8837402218772414
-8.9935145449367724
-8.6948053727201682
-8.5326011194350677
-8.6968587134675577
-9.0309953151204372
-8.8531608305694256
-8.7130229083488011
-8.8516666642130382
-9.4827596426885847
-9.155606637595552
-9.7032465775074268
-9.749660849219854
-8.8192569599657613
-8.5447768847965531
-8.792329123279746
-8.8831423766078164
-8.9819129578423595
-8.601051506114251
-8.8133669038468714
-8.8464972760146328
-8.7565550790298996
-9.1253103572987477
-8.7287988691049581
-8.8066869558053451
-8.7830926025681091
-8.727041749457964
-9.1756422840572185
-8.9589946092447565
-8.4620270538324789
-10.152071927369736
-8.612195524244397
-8.6431854816310913
-10.152071927369736
-8.3662782257895429
-9.192385007398018
-8.7542386192056245
-8.846334435304307
-8.871781054323062
-8.6921068250938323
-9.1718371681419697
-8.907334343365326
-8.9080028734900587
-8.8807569345326556
-8.5964330197316805
-8.6618224878559804
-8.7679742289580638
-8.9848957042964912
-9.152666970934213
-8.7832484154974075
-8.9850201304036474
-8.5080270002077008
-8.9512034097509474
-9.7507268205433739
-8.5173589255793019
-8.9394673170931327
-8.8579467184127463
-8.7493160011650151
-8.5828460384872809
-9.0438136588086113
-8.853616692154807
-9.1946182330313437
-10.152071927369736
-9.0341134907954874
-10.152071927369736
-8.9065698658844958
-10.152071927369736
-10.152071927369736
-8.8109406387904592
-9.0189101379201215
-10.152071927369736
-8.7157174999348861
-8.7491466900696224
-8.8579485715757613
-9.0466774893904116
-8.9280528264401227
-8.7206715242781865
-8.4859632364347792
-8.6899945625662713
-8.5965041422278112
-8.6601790733914168
-8.767435015820519
-8.9472183716976463
-9.0020425590740025
-8.6731455185589468
-8.9502080253181262
-9.3415196867242063
-8.7764717874303813
-8.7281823675616454
-10.152071927369736
-8.9140833837019677
-8.5944979121019962
-8.7580519952772171
-9.4546558286038032
-8.4470784461347588
-10.152071927369736
-8.9145039245719921
-10.152071927369736
-8.8067440829427035
-10.152071927369736
-8.7730691912367913
-9.2191470494200995
-8.6198600322571846
-8.8171974428748285
-8.5678882691424061
-8.6750852775204574
-8.8298221232300467
-8.9042984975032802
-8.8245221100069138
-9.1245314921006653
-9.0897736342294326
-8.6971416242614197
-8.6184845721435561
-9.1069983519565518
-9.0087889988867236
-8.8524917814706949
-8.77681788118411
-10.152071927369736
-10.152071927369736
-10.152071927369736
-10.152071927369736
-10.152071927369736
-10.152071927369736
-10.152071927369736
-10.152071927369736
-10.152071927369736
-10.152071927369736
-10.152071927369736
-10.152071927369736
-10.152071927369736
-10.152071927369736
-9.0988177650962516
-10.152071927369736
-10.152071927369736
-10.152071927369736
-10.152071927369736
-9.4672025662332846
-10.152071927369736
-10.152071927369736
-10.152071927369736
-10.152071927369736
-10.152071927369736
-9.2570220895481299
-10.152071927369736
-10.152071927369736
-10.152071927369736
-10.152071927369736
-10.152071927369736
-10.152071927369736
-10.152071927369736
-10.152071927369736
-10.152071927369736
-10.152071927369736
-10.152071927369736
-10.152071927369736
-10.152071927369736
-10.152071927369736
-10.152071927369736
-8.9553040954213738
-9.2724618247868271
-8.8823690472442802
-8.8000222208026226
-10.152071927369736
-9.2076801314220589
-9.0767164638219064
-9.1797586299074361
-10.152071927369736
-8.9087918892725497
-9.3552487540986196
-8.8541531502301059
-9.0633152533902503
-9.0955914948825036
-9.3736016411289622
-9.7483165868534822
-9.0995258898082412
-9.2297758776329335
-8.9672863922521771
-8.5917986713421151
-8.7363174255670657
-9.2370101318104485
-9.0338910157775185
-8.8299304070852855
-9.1264629111744071
-8.8218358920839819
-9.1603667698238418
-8.7078010264347814
-8.7384370105371811
-8.7023483010079481
-9.3353801729063157
-8.976381050829719
-9.1783899522006642
-9.1135658105271613
-9.6355022308071625
-8.8204399124783492
-9.0458641535425297
-8.9852461612427579
-9.0805119115505644
-10.152071927369736
-8.7601421014687038
-8.7268747569576615
-9.0818840635495057
-9.0384509670501494
-9.0841549043677965
-8.9473418050810487
-9.2377167446030732
-8.7132726153084175
-9.0988573847931473
-8.9137868331601595
-9.0475641275726986
-8.8167144970239892
-9.0420947177776103
-9.4061943983919623
-9.12884954422438
-8.7016930573807105
-8.9617906414288857
-8.636836354089942
-8.7229019262498024
-9.2962213141001673
-8.9593497735531287
-9.3037617246905171
-9.3991445589661531
-8.7070086027343638
-8.8399912647707062
-9.1029687116082272
-9.0227468026081787
-8.7972805914023109
-8.9327952429210278
-9.1014791142070077
-8.9927250275244859
-9.316714098850726
-9.0733800264590379
-9.8287510642081699
-9.1385792436597058
-8.6777539778348167
-9.5252037753533898
-8.8955095024592179
-9.06772603226994
-9.1745930619952638
-9.5202908182774841
-8.8808850816070652
-9.2583320731128058
-9.0347965610483119
-9.527602901728903
-10.152071927369736
-9.0937994619207956
-8.7741258244327405
-9.1844204445176203
-8.9442059754447136
-9.1940460143111444
-8.8755844292792379
-9.7102413026085586
-9.7106448209852942
-10.152071927369736
-9.5653407256835052
-10.152071927369736
-8.9835891426174701
-8.6798663876103195
-9.7392936201146725
-8.9967082664506659
-10.152071927369736
-8.8742393042560703
-9.0940023657799056
-9.0976383014271729
-9.0096069295412509
-8.850220020604926
-8.9684050529717201
-10.152071927369736
-8.9370130146726048
-8.9527970945841595
-8.9054256267509864
-9.033622052298389
-8.9251351855142573
-9.0343079827580599
-8.9938563515048244
-8.762900155600363
-8.9287619097548827
-8.9624468157073505
-9.4484747096482842
-8.8254594988984962
-9.1882259168829936
-10.152071927369736
-8.9769285330475022
-8.8373302350009801
-8.8609990286624232
-9.2338895600868103
-9.0513539803918981
-9.1872326837879381
-10.152071927369736
-10.152071927369736
-8.9283605541926025
-9.0395804720072341
-9.1206171738792978
-9.1140801850897137
-9.0523783480301656
-9.384467523045176
-9.1639279867179546
-9.1719521466303888
-9.165680785335482
-9.0241799132083784
-8.6632129233336528
-9.0667664958164131
-8.86228879134236
-9.2427447984300617
-9.735152240201618
-9.6577477848389783
-8.9404328857532072
-9.234326700596716
-8.855390110020732
-10.152071927369736
-10.152071927369736
-9.1317970764438741
-8.7706056147167057
-9.331230156750653
-8.8769380399432354
-9.037137339073082
-9.2623741081967523
-10.152071927369736
-10.152071927369736
-8.6916809414327947
-9.2029957499444457
-9.2798209595822172
-9.2078619354003699
-8.8333560280926715
-8.7883354579408568
-9.1496771008537792
-8.6272169389504274
-9.0925278181628073
-9.1106039210710872
-9.0287296055265536
-10.152071927369736
-9.6846418957764939
-9.2845583297876502
-8.8749103169776493
-9.2397751594407147
-9.0044438137832827
-9.3297284028268415
-10.152071927369736
-9.0371345530084763
-9.3775403740707706
-8.8381516378121692
-8.9551283036614873
-8.7422437200136649
-8.8098153270350501
-8.8569216881097041
-9.3829097777700365
-8.8894721742364293
-9.540838132238358
-9.0729427229192154
-10.152071927369736
-8.8854269968437674
-8.966981595928365
-9.5618608101678362
-8.9953635273945682
-10.152071927369736
-8.8673417129127099
-9.0196179004647519
-9.5903254008715013
-9.1298453192503146
-9.1392614808193571
-8.7173319145462891
-9.4033139810891857
-10.152071927369736
-8.9727407984347689
-10.152071927369736
-9.1239198069809184
-8.8484047001573387
-9.0001661264724699
-9.0168277350600974
-9.1323687358874412
-9.3513707947761606
-8.8881165464571747
-8.9067946758282783
-8.8450815640710996
-9.2917638318210241
-8.8709961231655257
-9.4085413348061646
-8.9168320172615463
-9.0199013375485215
-9.1056954992065933
-8.9618948531401248
-10.152071927369736
-9.2091270363801154
-8.98117869609022
-9.1370280284793104
-8.7323343971012886
-9.7229401904313359
-9.1480228088117208
-9.1101819982271017
-8.9363560456792559
-8.932486387772796
-9.6920818544289169
-9.4088510468115558
-10.152071927369736
-9.0962331109595027
-9.1425951733079742
-9.3425260043394101
-9.2727748981676843
-8.9361516943217136
-9.0583427771469953
-9.833121625926708
-10.152071927369736
-8.7479776125242896
-9.0751142682236843
-8.8105707167744534
-8.7589876261991026
-9.3298914548521363
-8.7684637573229036
-8.8438862281035533
-9.018373633993102
-9.7394710199263699
-10.152071927369736
-9.1090075428621944
-9.7403658942302034
-9.2420709698184105
-9.1284810006399812
-9.1120745986741039
-10.152071927369736
-9.2880156001453305
-8.9670109465351064
-10.152071927369736
-9.0860965004230252
-9.0785524614719897
-8.9543947615253572
-9.5083852146897883
-9.1854703768103096
-10.152071927369736
-9.2767657391747989
-10.152071927369736
-8.8294060901437668
-9.3298914548521363
-9.3298914548521363
-9.2554661840304853
-8.8698399209518222
-9.2555118780124648
-9.3023470581323817
-8.6650770145740221
-9.1280187254387162
-10.152071927369736
-9.7719502907058686
-10.152071927369736
-8.7980179664027993
-8.8351121611629875
-9.5636282840578364
-8.9029538498167469
-8.8742419158889216
-10.152071927369736
-9.7196961341384647
-9.4880618245416688
-8.8826050716459051
-9.125739928086718
-9.1863171869742537
-10.152071927369736
-9.3234041860503964
-9.0940638987001137
-9.3220697698984036
-8.7853367023609898
-8.9235067131879315
-9.0416956949490785
-9.3353117155213567
-9.0559377248901338
-9.0455016551653742
-10.152071927369736
-9.2914195983622374
-10.152071927369736
-8.9429387375095004
-10.152071927369736
-8.8384058319655399
-9.1190108544430526
-9.1494563558405719
-9.1512796821118698
-8.7929855793462757
-8.8606225979745208
-9.0875840456038244
-10.152071927369736
-9.5435326522135249
-9.6503261094390069
-9.0679972029723626
-8.8759829062072786
-8.8259993738969431
-8.8722587874680716
-8.6349420434700139
-9.0930525439957677
-9.480675742568069
-9.0716999548490751
-10.152071927369736
-10.152071927369736
-9.3801460371039838
-10.152071927369736
-10.152071927369736
-9.0428617328030931
-8.8333081124993811
-9.0722842275983062
-9.0743906092521058
-9.5080193357154847
-10.152071927369736
-9.1145798008085102
-9.3850057523939654
-8.9022072162723695
-9.040727524110757
-9.0682887778561803
-9.166155362440513
-8.953133229805001
-10.152071927369736
-8.7628798774573795
-8.827214498940549
-8.9300138739191386
-9.2007208272110592
-9.3839377245257971
-9.1160670848136007
-8.9177662481698974
-8.8133776926147345
-9.1136647274994846
-8.9401925387411296
-9.0723128286556989
-8.7606485248371762
-9.0757413762673966
-9.0754872852847939
-9.2133514579436948
-8.8232231783834187
-9.5135806651796262
-9.0841287164651128
-9.1935086778247364
-8.980183814221526
-9.1319693945475446
-9.0099736421120458
-9.6393203302368811
-9.0111569993863778
-8.7713552476165244
-8.9092536871962142
-8.9156697676508383
-8.9290577021794864
-8.9841431617480101
-9.1907186653470294
-10.152071927369736
-8.9739549716221099
-10.152071927369736
-10.152071927369736
-9.1110423901129991
-9.1222871599411643
-9.3964681166653801
-8.9732748326579816
-8.7601421014687038
-8.84834814025659
-9.1757355654234782
-8.8496487455793158
-9.610278930145153
-9.1196322344709362
-8.9279359844461101
-9.0518652868887948
-9.1068335398808102
-8.9711448373563716
-10.152071927369736
-8.7904109700587263
-8.855390110020732
-8.787719794898539
-8.8083985569818619
-10.152071927369736
-8.9089141508498528
-9.3052051254865358
-9.3770561079735764
-8.9053742225344639
-8.9103229675493889
-10.152071927369736
-10.152071927369736
-9.7611703437468229
-9.0187473086513616
-9.0310489969631522
-8.7449632867157678
-9.8210768790821916
-9.0628762173205271
-8.8771444398707686
-8.7835583833091722
-10.152071927369736
-8.9746910252387
-9.0586404939384533
-9.3760459060526244
-10.152071927369736
-10.152071927369736
-9.650220574650513
-9.0415915803197962
-9.3486265925865624
-9.0145937677177077
-10.152071927369736
-10.152071927369736
-9.2085731824051553
-9.2368466169758054
-8.6034473490163528
-9.5766247909306514
-10.152071927369736
-8.9585698877125761
-10.152071927369736
-9.2467701475867834
-8.9579766941031487
-9.0362533722849125
-8.9116258387117053
-8.8992117617088518
-10.152071927369736
-9.0025263206380561
-8.8984919621282277
-10.152071927369736
-10.152071927369736
-9.1262091189220254
-9.442443982379654
-9.0575695095269069
-9.0230813774257506
-9.1351668314226817
-9.2048461003436532
-8.9492404660436318
-9.008520662999322
-10.152071927369736
-10.152071927369736
-8.8191914855558746
-9.2129265974243939
-9.3153829094309497
-10.152071927369736
-9.2140868279311583
-10.152071927369736
-10.152071927369736
-8.9121431820173989
-9.0858972149975727
-9.3522117491235157
-10.152071927369736
-8.8358404358200318
-10.152071927369736
-9.1485424981363899
-9.6351283161716896
-9.3762943668647658
-9.1190269172129366
-9.0325585440311649
-9.403489904907401
-8.7118027567172494
-10.152071927369736
-9.1323687358874412
-9.0969876690841751
-9.1830041386990526
-9.1743711504389402
-9.1500012301961444
-9.7381840733350238
-8.9851618260597466
-10.152071927369736
-10.152071927369736
-10.152071927369736
-10.152071927369736
-10.152071927369736
-10.152071927369736
-10.152071927369736
-10.152071927369736
-10.152071927369736
-10.152071927369736
-10.152071927369736
-10.152071927369736
-10.152071927369736
-10.152071927369736
-10.152071927369736
-10.152071927369736
-10.152071927369736
-10.152071927369736
-10.152071927369736
-10.152071927369736
-10.152071927369736
-10.152071927369736
-10.152071927369736
-10.152071927369736
-10.152071927369736
-10.152071927369736
-10.152071927369736
-10.152071927369736
-10.152071927369736
-10.152071927369736
-10.152071927369736
-10.152071927369736
-10.152071927369736
-10.152071927369736
-10.152071927369736
-10.152071927369736
-10.152071927369736
-10.152071927369736
-9.5008190115904529
-10.152071927369736
-10.152071927369736
-10.152071927369736
-10.152071927369736
-10.152071927369736
-10.152071927369736
-10.152071927369736
-9.0513873588028346
-10.152071927369736
-10.152071927369736
-10.152071927369736
-10.152071927369736
-9.2935112842890355
-10.152071927369736
-10.152071927369736
-9.3107419994703537
-9.3112971321293188
-8.9909787680371362
-9.0836119968279316
-9.6046462098767282
-9.3259646505724021
-9.2236946029690827
-9.4103469059905152
-10.152071927369736
-10.152071927369736
-10.152071927369736
-10.152071927369736
-10.152071927369736
-10.152071927369736
-10.152071927369736
-10.152071927369736
-9.5158930931366079
-10.152071927369736
-10.152071927369736
-10.152071927369736
-10.152071927369736
-9.1988588692482853
-10.152071927369736
-10.152071927369736
-10.152071927369736
-9.2399981383217256
-9.4568993234061995
-10.152071927369736
-10.152071927369736
-10.152071927369736
-10.152071927369736
-10.152071927369736
-10.152071927369736
-9.0243681008816399
-10.152071927369736
-10.152071927369736
-10.152071927369736
-9.2199391002796709
-9.2136415728115306
-10.152071927369736
-10.152071927369736
-10.152071927369736
-9.1265641257079881
-9.6184038612834915
-9.2533704600728477
-10.152071927369736
-8.9977227593330902
-10.152071927369736
-10.152071927369736
-10.152071927369736
-10.152071927369736
-10.152071927369736
-10.152071927369736
-10.152071927369736
-10.152071927369736
-10.152071927369736
-10.152071927369736
-10.152071927369736
-10.152071927369736
-10.152071927369736
-10.152071927369736
-10.152071927369736
-10.152071927369736
-9.1682021864834375
-9.5670486555350926
-9.0499076897724038
-9.5201664936023018
-9.3508983336458051
-8.8717207342387745
-9.1846401561333924
-9.4891821356766322
-9.3512450538985981
-9.5904389971669612
-9.0559698151690586
-9.008313993485876
-9.0982959296620383
-9.1787222350544724
-9.3545072173625776
-9.3771934542880064
-9.4111936739188735
-10.152071927369736
-9.2861121817352181
-9.4987527224818535
-10.152071927369736
-9.3132428944400925
-9.2396033205896391
-9.1276750964839408
-9.3194315064493889
-9.1314407395547263
-9.2192911874600583
-10.152071927369736
-10.152071927369736
-9.6574365802586968
-8.8632596794860969
-9.4362747737053887
-9.6080052759652119
-10.152071927369736
-9.4030598929979483
-9.7061127008744759
-9.401733809610084
-9.0700743795989265
-9.2271818683510372
-9.059820955562234
-9.2152488056617159
-10.152071927369736
-9.1305538784320035
-9.205728368347927
-8.9956068983015385
-9.152286815447459
-9.3373205633581495
-9.3375447721089095
-9.4202479945360658
-10.152071927369736
-9.3960934753447702
-9.0950578319918325
-10.152071927369736
-8.9599862422862593
-9.1008563075661986
-9.4634560164963943
-8.9286658579576326
-10.152071927369736
-9.1633646206138941
-9.1946775798577214
-9.2602273589230872
-9.0966021644964616
-9.0604210673780123
-9.2042821635074041
-9.2737908983866557
-9.0663626314865056
-9.3901665706595345
-9.2636933424933972
-9.1245880902380225
-9.2536686400850794
-9.2847776716748172
-9.0684958547540546
-9.4458823993644252
-9.2953287401951155
-9.5523150921851609
-10.152071927369736
-9.1721151926610904
-9.0275495274652009
-9.444293630318608
-9.27679505162053
-9.8566961297455649
-9.1493739557995131
-9.2992759909600107
-9.6977994589219048
-10.152071927369736
-9.0126730743732608
-9.7395274311226459
-9.1277326839462614
-9.3522751181686914
-9.0095083169893844
-9.4537018773783679
-9.1215485908785059
-9.4241302106688707
-8.8572856764827161
-9.184543934581745
-9.4949394919418673
-9.3869909620427112
-9.1562764994350356
-9.2965586238750024
-9.3427994647250099
-9.7020043697434755
-8.8908762498724521
-9.1878357338227161
-10.152071927369736
-10.152071927369736
-10.152071927369736
-10.152071927369736
-9.1445215401057354
-10.022936958273114
-9.3292253750055387
-9.1168915637216088
-9.3913372649578406
-9.0404919687228862
-9.2640442663843228
-8.9241705589413733
-9.0295070833769486
-9.0946661064581171
-9.167341248516836
-9.2617848045539279
-9.2854983154059347
-9.4084507004906577
-9.3745742146348725
-9.2057952172168083
-9.2152407119128874
-9.0061109268959747
-9.6109465044152032
-9.3962800776452582
-8.9445099539770698
-10.152071927369736
-10.152071927369736
-10.152071927369736
-9.4255685701672025
-9.0092274892224662
-9.0758299208096105
-9.0843849125344391
-9.3399347142477378
-10.152071927369736
-9.3446805782323779
-9.2720832446229302
-9.214236811759454
-9.6851918300086624
-8.814937468532662
-9.4915721354338753
-9.4769472250703863
-9.2830092049072288
-9.341779742301096
-9.4166673932964375
-10.152071927369736
-8.9059310090426766
-9.2272443588222419
-9.0123917452539644
-10.152071927369736
-10.152071927369736
-9.3284963633597542
-9.6203271153922731
-9.1734322029188711
-9.298070165784603
-10.152071927369736
-10.152071927369736
-9.859813860852956
-9.100265753652403
-9.3474237978778234
-9.4186532669328731
-9.4844487926678021
-9.3282288173933487
-9.2857905596215158
-9.1806619138357686
-9.306364681809562
-9.2028026496719075
-9.2344061323291111
-10.152071927369736
-9.5514335599606071
-9.6172569596842248
-9.1985430818220131
-9.2859516850870314
-9.2931507018439135
-9.1748628151983986
-9.2602706557003192
-9.0973383950986548
-9.362178681601927
-9.2499609607081883
-9.0563883674800749
-9.0134616033289632
-9.5239649872632661
-10.152071927369736
-9.5501377762662241
-8.937980260218259
-9.5906261158372743
-9.4876619706040799
-9.263602637277538
-9.5701895561517798
-9.7919358109347421
-9.1460170688580025
-9.2395614762868643
-9.1893763187893782
-9.2944769527715145
-9.401495308368105
-9.1075470655613131
-9.4358469347736253
-9.1784229128356571
-9.1095202712870371
-9.2214736312936125
-9.3609537475767706
-9.2768340636262838
-10.152071927369736
-9.1994067798401247
-9.4891821356766322
-9.0499944416914104
-9.4127073342173322
-9.5260067142828628
-9.0108318579277977
-9.2095782027574629
-9.4314888484151016
-10.152071927369736
-9.2343707743906993
-9.3106461066826576
-10.152071927369736
-9.1281683555643678
-10.152071927369736
-8.9291431189095984
-9.3328865091463591
-10.152071927369736
-9.1515253195847066
-9.1862078799106577
-9.1764338747949896
-9.2502741576637657
-9.3111157420812134
-9.4364114059860054
-9.0481292486829101
-9.4760372007166094
-10.152071927369736
-10.152071927369736
-9.2114793611755754
-9.4997442402593748
-8.9621617523679067
-9.2494503192936435
-9.3739351912775586
-9.2095457656937132
-9.2536955267807119
-9.3768672601004948
-9.0176976009051923
-9.0187134100665194
-8.966170555195907
-9.6203775618467144
-9.0568020113802508
-9.2310603077536015
-9.3400546863985916
-9.1621068630096048
-9.1617996629225225
-9.247378988660591
-10.152071927369736
-9.2048855757178636
-8.9338194858230935
-9.3292262680128015
-9.6003406259577613
-9.3498328614665489
-9.0403045947415297
-9.1744719499111813
-8.8083909444707018
-9.2764453853262463
-9.3486273022468573
-9.3064219879983501
-9.5759403180555172
-9.3994446382504862
-9.6815042750439151
-9.1985778378735965
-9.2676055225377461
-9.1315679913794341
-10.152071927369736
-9.073232056591781
-9.6129129434623284
-8.6672422377484057
-9.5677581946697394
-9.1492045835344964
-9.4219544189832618
-9.1128712644557677
-9.1916561376226547
-9.274051178442658
-9.0817360650405039
-9.021624552697034
-8.9726577935115337
-9.1242273836161978
-9.1789985587596519
-9.0328551284354237
-9.3174269522921112
-9.4072680405048885
-9.1839494278696758
-10.152071927369736
-10.152071927369736
-9.4459923131767631
-9.3440421002684939
-9.268888968282516
-9.2245499986628783
-9.4764510878876909
-9.5465797305773954
-9.2019575458974092
-9.3427374851779543
-9.3531868509663294
-9.2430130601643317
-9.4010587541877406
-10.152071927369736
-9.3713381899223887
-9.4489426658870777
-10.152071927369736
-9.5240023350390022
-9.3426990295345487
-9.2633592657275781
-9.7403835161520398
-9.2430253619108953
-9.479051901705299
-8.9824042655359069
-10.152071927369736
-9.4882941296747418
-10.152071927369736
-9.088986609992082
-9.6871316186866494
-9.4221059433396235
-9.1481380885357098
-9.2379977498771453
-9.1600820866719275
-9.2109571079239458
-9.2243880921298071
-9.3120782844252155
-9.1378826276256628
-9.0645483420085942
-9.2816221604213265
-10.152071927369736
-9.3972480576309714
-9.2514816628452401
-9.0284840830739128
-9.4027735023575438
-8.9900748707961533
-9.3207322708303764
-9.3892705707977182
-8.9135554796148462
-9.1374737392218766
-9.8911473463706994
-9.1090107074788698
-9.3512709296783356
-9.2120794422341277
-9.7196962127144229
-9.4027386715813925
-9.3600710719227678
-9.1732010619452833
-9.4680890700353935
-9.1426117764302681
-10.152071927369736
-10.152071927369736
-9.1966359266672342
-9.3132358980338115
-8.9755556677553852
-9.1346969898085373
-9.2883730664210482
-8.9279035410209708
-9.2384447004076016
-10.152071927369736
-9.1706745001571104
-9.3149690031505443
-9.0786362774825342
-9.1459380586749965
-9.1703927900836675
-8.9005319518725248
-9.06187711661698
-10.152071927369736
-9.1123212745665949
-9.1617996629225225
-10.152071927369736
-9.0004995960833778
-9.4709209853447973
-9.4383314025530058
-9.3064008793564277
-9.1144630688620314
-9.0917731733346692
-9.4316861156543244
-9.487164219356
-10.152071927369736
-9.4769472250703863
-9.3348374964276744
-10.152071927369736
-9.4021061793216809
-9.2740848193269461
-9.4043323987445149
-9.3147525597118861
-9.1109436021248911
-9.356670526937986
-9.1461168522187215
-9.1431839394883383
-9.0016209210848128
-10.152071927369736
-9.5121473699337713
-9.1020793755668503
-9.2053497995635123
-9.0335155338957644
-10.152071927369736
-9.6631199216187333
-9.1724981320555603
-9.4338004317071746
-9.1253608953687895
-9.4605054984526387
-9.0280985399987816
-8.9215417509908104
-9.6177640341682498
-9.6985392843341405
-9.2741307884607309
-10.152071927369736
-9.3402955038495676
-9.1368791558129967
-10.152071927369736
-9.0144139843919646
-9.355556383251475
-9.2859145368093916
-9.549798548854362
-9.2498744350939024
-9.1713518004904042
-10.152071927369736
-9.3290638069368992
-9.1907101373228475
-9.112905458080105
-9.0026490494596771
-9.44724878364873
-9.2201875537993754
-10.152071927369736
-9.6072784506105915
-9.3109741720431192
-9.6631199216187333
-9.4087641533032986
-9.3674927982847471
-9.3563959403134245
-9.377341381213256
-9.2395089522229554
-9.2008057561185641
-9.9688919339843132
-9.4316861156543244
-9.2582920435771658
-9.3713475480316095
-9.3410560728768974
-9.5759682404164579
-9.645112902134592
-9.5549796388972048
-9.4960084967505143
-9.1639049784030266
-9.2126963974038443
-9.2604709097239493
-9.3894256035564503
-9.0682863431505734
-9.2633271865460873
-9.2987968966458148
-9.1972964645541069
-9.3660076647546688
-9.1394513164483389
-9.2936396782350617
-9.2178266769463679
-9.2512240577879172
-9.2014066113154502
-9.2935112842890355
-9.2278113026082327
-8.8951368552364354
-9.406848568327792
-9.1378576550466661
-9.4348666136300494
-9.0427633043251099
-9.2972246493343214
-9.0450636092826873
-9.5491456808055499
-9.4159629688218125
-9.3999159752538919
-9.4891821356766322
-9.3154614095289006
-9.2445050637751631
-9.0914337592449073
-9.1787998771819144
-9.2573515844567993
-9.7735120391838866
-10.152071927369736
-9.4948125102578818
-8.9368471035814494
-8.9073606445894935
-9.0450885859704933
-8.9230892199647212
-10.152071927369736
-9.2719542021357917
-9.7229259013178488
-9.1357018532908043
-10.152071927369736
-9.0678019940868939
-9.2290153681192351
-9.2320074974649486
-9.3665379851238946
-9.1188932370351736
-9.4189978707873774
-9.2473540524511009
-9.0050190561374048
-9.3249860857106395
-9.240406119380129
-9.3887650503309033
-9.3248804973584303
-9.2659401779659536
-10.152071927369736
-10.152071927369736
-9.3062786382775862
-9.0784143228125238
-10.152071927369736
-9.2302005623223931
-10.152071927369736
-10.152071927369736
-9.1988920056726062
-9.3514122275646514
-9.237282359372136
-9.2979777536146582
-9.3024405810665129
-9.4813146282773442
-9.3596613767669528
-9.2185880983865882
-10.152071927369736
-9.1998649561001038
-9.417498148774289
-9.2142288571740796
-10.152071927369736
-9.101532593836609
-10.152071927369736
-8.8521278831901959
-8.9942207267391936
-9.1665979920082066
-9.4385751770017166
-9.3132920829489567
-9.4314136879387949
-9.2345850109047998
-9.4672389511041324
-10.152071927369736
-9.18267367797778
-8.929106256329371
-9.0822046096024582
-9.2334966727917802
-9.0303161137523098
-9.1873845665271503
-9.1303837430579993
-9.2306343715998853
-10.152071927369736
-10.152071927369736
-9.3703987616657454
-9.4655325113492186
-10.152071927369736
-10.152071927369736
-9.1308761051447185
-9.3369348995492292
-9.1687523189617472
-9.3284963633597542
-10.152071927369736
-9.6184038612834915
-9.0529139069172775
-9.1411171139661356
-9.1897451561447419
-8.8608712446566003
-9.3763960300729341
-10.152071927369736
-9.2218605386244565
-8.9699724101749982
-9.3560999426442475
-10.152071927369736
-9.3565233110156143
-9.5736480095792
-9.6631199216187333
-9.3864832809119498
-9.3285055883467507
-10.152071927369736
-10.152071927369736
-9.3529425878738817
-9.5107937062418841
-9.2747176452950466
-9.3727825438698247
-9.3400830771612
-9.3616894747822759
-9.1239435753145131
-10.152071927369736
-10.152071927369736
-9.3294845706630909
-10.152071927369736
-10.152071927369736
-9.2590708417219112
-9.4590064189216161
-9.2907497019664973
-9.2592744394741899
-9.0844155083592852
-9.1673421967224265
-9.4390861611546377
-9.0001037790941929
-9.1655194645947073
-9.0403045947415297
-9.1442969349848919
-9.1492084211238378
-9.0901885875032882
-9.6596977429510673
-10.152071927369736
-10.152071927369736
-8.9893172910883621
-9.1878123893841721
-9.4884261448380567
-9.4900438252486996
-9.3935555525029759
-8.9716798693495239
-9.2371216389550153
-9.1282569891335843
-9.3569451046980205
-9.212991503804048
-9.4746073058212712
-9.3108179288342168
-9.5107937062418841
-9.3056662302818438
-9.2835989597697104
-9.078779646358889
-9.4335202334141446
-9.1118926178694206
-9.372652193585397
-9.3331583638937747
-9.1272669010310921
-9.1585042858187329
-9.3690845667345588
-9.2776701485697384
-10.152071927369736
-9.0009986072044441
-10.152071927369736
-9.4663381254759056
-8.9574790944136176
-9.0915609313051728
-9.1832398377000839
-9.2914320089545424
-8.9936914555113372
-9.0907436938316213
-9.6185527992061655
-9.243025827669145
-10.152071927369736
-10.152071927369736
-10.152071927369736
-8.8462728285261196
-10.152071927369736
-10.152071927369736
-8.9210957274059002
-9.1861321526356523
-9.6594276054034598
-9.0443856637602522
3000
-6.8376615245966166
-4.6135111426928095
-5.2583211543524673
-5.0254058230592431
-5.4789232338276674
-6.4328763098919488
-5.6735808342606324
-5.9016208301322806
-5.5929061134956086
-7.4672117687208921
-7.7275183293822698
-5.3036661823759843
-6.9627939237207963
-4.9992616964635292
-6.111427239412456
-5.6116121003648773
-7.2359858770686847
-6.1703324474435677
-4.7368017919708851
-5.3490077723881608
-5.6685288106956548
-6.2246043861030724
-6.9881251029652445
-7.345800177347618
-5.2361757959860125
-6.0274491345163907
-7.9611080760658393
-6.9528483801992627
-7.0748032621120043
-7.1730525613911711
-5.3896179582891204
-6.5131244846631828
-6.0622971339021978
-6.1899660371177347
-6.4962350917210125
-6.9096177824678167
-6.4573390141862665
-6.9959566822483241
-6.3199076661963183
-5.9424843541256704
-5.8649704125291171
-7.2280902228619981
-5.6478263878669379
-7.9158436688194636
-5.4847262383452131
-5.6848554569632492
-6.7294014836922269
-7.424223866989685
-7.4999080103743889
-6.8041093131707298
-7.1646661988730491
-8.0168446594548186
-6.252180716701921
-7.3828853608503433
-8.9198195494108301
-8.0163054003171794
-8.9198195494108301
-8.2755218994733202
-7.6105191602231965
-7.9181533135866458
-6.9956311686630848
-5.0489646405060897
-8.693923015193203
-7.5271773005492433
-7.1343011783108645
-6.0441308905001234
-7.8723061610689165
-7.7911895742171628
-7.2786137382488416
-6.8033096483968798
-6.1107990400643617
-8.9198195494108301
-8.4250604875704873
-8.0901459697689617
-6.4646798199287661
-5.5593659254644985
-7.2183206530685302
-7.6042709165992699
-8.3786790967879945
-7.7458180162436738
-7.6993395197210228
-7.986376594735078
-7.1705232910196823
-7.4264304429924568
-6.5941291267436553
-7.8731172422481546
-7.2093024755566653
-5.6018422687552389
-8.9198195494108301
-5.4454526464897546
-6.9432416482825703
-7.6721646582608809
-8.0296294468175873
-5.9060370419366643
-6.0015022398241546
-5.6196398301365011
-6.861442857686014
-5.8301815066682181
-7.6392037596771569
-7.9055895786481809
-8.0937683516478209
-8.2413811442526832
-6.265186587737742
-5.5291816365355864
-8.0520052154999497
-7.8333166279551625
-8.9198195494108301
-7.251138770296456
-8.5773175343896284
-8.3519634192683494
-8.1891985267687915
-7.423775079450964
-8.2337913955505098
-6.513000395443755
-6.1830520876625821
-5.4963281889607751
-7.3291877824541443
-8.6369230604244578
-7.8234981352546935
-6.787887972320453
-8.9198195494108301
-6.2040873796214679
-8.9198195494108301
-8.6333877493740587
-8.0725583440933075
-8.6134329636382194
-6.8261424678834137
-7.6429747739963263
-6.6509060606918036
-6.2057878104448161
-8.6021933388677585
-8.6587348000090731
-7.557219154783466
-5.5119334995684124
-7.6231176524052477
-7.2304038138873787
-8.9198195494108301
-7.3476813790730775
-7.5926213849456161
-7.4505872244720477
-8.9198195494108301
-8.9198195494108301
-6.6586741388833275
-7.4539984135766835
-7.6201159015273703
-6.3239736763312759
-8.1973844305670855
-8.5910522820148021
-8.9198195494108301
-7.7339863874503285
-7.3477066015761308
-5.8552024592563541
-6.4251893123175279
-8.0241361387124677
-6.1838805843391196
-7.9001616237717753
-7.7020383788759244
-8.9198195494108301
-5.7513117755847123
-6.5855424758243029
-7.7076413324289819
-7.8351681648675022
-8.9198195494108301
-7.0654201230644667
-7.2724860151059323
-8.2425683992425505
-7.4084895105274784
-7.8674990363228678
-8.0808536793588193
-8.9198195494108301
-8.9198195494108301
-8.9198195494108301
-8.9198195494108301
-7.5239960218272488
-8.5539496266531518
-8.9198195494108301
-5.6492052306258751
-8.9198195494108301
-8.9198195494108301
-8.3437427486604552
-8.9198195494108301
-8.0646612104741031
-7.4644159579992664
-5.9154309186931382
-8.1510672910705964
-8.1484535687761603
-8.9198195494108301
-7.6707843342605981
-7.897794966487969
-7.832764910225591
-5.8789429024410564
-7.6277263873439658
-5.8853199906896903
-8.4533028931375771
-7.8022214078482142
-8.5820940779527923
-8.2181940685317638
-7.0978671435403653
-8.5946953500211301
-8.3784377132920618
-5.958353450568568
-8.6166508639036579
-8.0862817464457386
-6.0933593084312481
-6.1425134954869449
-7.6930083529141804
-8.9198195494108301
-8.5383089834528381
-8.3551537682477424
-7.5323364748707995
-6.1040527558924307
-8.0059837856884108
-6.6448667720675241
-8.9198195494108301
-8.9198195494108301
-6.4477894594957039
-7.2550924969022104
-8.9198195494108301
-8.2167121698761676
-7.6449618123930385
-8.3288506726700096
-7.8079717692754409
-8.4226260937501216
-6.1111941163376517
-8.9198195494108301
-8.3913691960127359
-8.9198195494108301
-6.2258452990173483
-7.8915416085729895
-8.5854700252565728
-8.9198195494108301
-8.325737108224919
-8.9198195494108301
-8.5408292004870496
-8.077723146147985
-8.9198195494108301
-8.6284382051166073
-6.8314242658795585
-8.5815727445154089
-8.2812627070758715
-6.9932810875907832
-8.0796238361663431
-8.5607620036583576
-8.9198195494108301
-6.1667201156275064
-8.9198195494108301
-8.9198195494108301
-7.5870582747875055
-8.9198195494108301
-7.4658824134525821
-8.1397502183066432
-6.0415207836348479
-6.22927640147019
-8.9198195494108301
-8.9198195494108301
-5.9871567578772948
-8.9198195494108301
-8.9198195494108301
-6.1433208384565141
-7.0911310366344091
-7.5563906849611868
-7.8081390683427818
-8.3958223592793519
-8.9198195494108301
-8.9198195494108301
-7.7206359575456025
-8.5717080423806244
-8.0224066959198908
-7.6889066178534629
-8.9198195494108301
-8.6149421627033771
-8.1529761686739484
-8.3230548395538886
-8.3755985589653861
-8.567081480577281
-8.9198195494108301
-8.2724024006421235
-8.5365906506019993
-6.5090044804198968
-6.5243291303002682
-7.7961860111028933
-8.9198195494108301
-6.6173067554432441
-6.2970510064124028
-7.604834803387944
-7.3575394676958989
-8.9198195494108301
-8.5773408099436583
-8.9198195494108301
-6.3949086337910783
-6.521835174165977
-7.3617924036009796
-8.406723641407357
-7.9795805499012227
-8.9198195494108301
-7.2874215994398002
-7.4506269334692883
-8.35448779403076
-6.4012758789799564
-6.3125944468920618
-8.9198195494108301
-7.7306409217988756
-7.17174804803191
-8.9198195494108301
-8.9198195494108301
-7.6253277874559373
-6.4915136766746047
-8.9198195494108301
-7.9124446285400145
-6.5813379853548382
-8.9198195494108301
-8.3042371481487596
-8.56085165615481
-7.1436198643840898
-8.3286017865006361
-6.1315590385292218
-6.730394527813548
-8.9198195494108301
-7.7171600259023814
-8.422801427235866
-8.9198195494108301
-7.5151852092454403
-7.9389484947177786
-7.112517238101618
-8.9198195494108301
-7.593893268536017
-8.9198195494108301
-8.9198195494108301
-6.5094045554266122
-8.9198195494108301
-6.2916607019958724
-8.5577424551198824
-8.9198195494108301
-7.0273913121778708
-8.9198195494108301
-8.3740306671126827
-8.0315998444147034
-7.1340384575604947
-6.4888326951438584
-8.373777805560783
-8.3131017347951808
-8.9198195494108301
-6.427783306035475
-8.9198195494108301
-8.5465507645242518
-8.9198195494108301
-6.634305289223934
-8.9198195494108301
-8.9198195494108301
-8.3242200978659255
-7.6005471143074139
-8.9198195494108301
-7.6363303787692063
-6.5336454338138612
-7.27972904516428
-6.4091148025769513
-8.9198195494108301
-8.9198195494108301
-6.8860447748520963
-6.4613229294156485
-8.5691613814951335
-8.9198195494108301
-6.9371365674218941
-8.9198195494108301
-8.9198195494108301
-8.9198195494108301
-7.9032669318965256
-8.9198195494108301
-6.7386614887837579
-6.4905132545817343
-6.4697250292183615
-8.9198195494108301
-8.2902994728765442
-8.5100848903307451
-8.9198195494108301
-8.9198195494108301
-8.0773655434961604
-8.1367674953363096
-7.65112353186825
-8.5898121264496918
-8.9198195494108301
-7.9339538868841055
-8.9198195494108301
-8.5274236121168734
-6.4993238172879026
-7.1661684312217773
-8.9198195494108301
-8.9198195494108301
-7.2201604660708023
-8.9198195494108301
-8.4864983204701865
-8.9198195494108301
-6.9673268770050427
-8.9198195494108301
-8.9198195494108301
-6.5575176774161319
-6.6656115700391769
-6.6221572489316722
-6.6723946856556529
-6.7342911783914605
-8.5392579583638284
-6.9099856699977105
-8.9198195494108301
-8.9198195494108301
-8.5323576990770071
-6.3667679295377235
-8.4790749651232016
-8.9198195494108301
-6.8936836039865552
-6.585785144417331
-8.9198195494108301
-8.4053946623227258
-6.6103358001324173
-6.7068074444644719
-6.5560953151465702
-8.9198195494108301
-8.2502243425425661
-8.9198195494108301
-8.5499070019113965
-8.2779827820243472
-7.6263896621050868
-8.4585906620055251
-7.915321749153601
-8.9198195494108301
-8.5378496519138452
-8.5074129412123209
-8.2227114847591416
-7.8776806545409253
-8.4409202986647216
-8.9198195494108301
-7.669357920595619
-8.9198195494108301
-8.9198195494108301
-8.9198195494108301
-8.9198195494108301
-8.008040912412957
-6.5460323263669595
-7.624796789976144
-8.1581845031865239
-8.9198195494108301
-8.9198195494108301
-8.9198195494108301
-7.9387493758266059
-7.467044400086559
-8.9198195494108301
-8.1435917412589092
-8.9198195494108301
-8.9198195494108301
-8.9198195494108301
-8.3224831449380243
-8.0218257340879244
-8.9198195494108301
-8.5469548259203307
-6.8711253272140063
-8.9198195494108301
-7.4387933817063443
-8.9198195494108301
-7.1838345424573209
-8.9198195494108301
-8.0869000494708985
-6.9125200737834502
-6.4596116349438226
-8.9198195494108301
-8.9198195494108301
-8.2542142534220471
-6.4808646654354467
-8.9198195494108301
-8.0222275325599224
-8.9198195494108301
-8.0424972389422695
-8.5420695984777453
-8.9198195494108301
-8.5818834288196335
-8.9198195494108301
-8.9198195494108301
-8.9198195494108301
-8.9198195494108301
-8.9198195494108301
-6.7736130630208571
-8.1265786328424454
-8.9198195494108301
-8.9198195494108301
-8.9198195494108301
-8.9198195494108301
-7.7563024403911234
-6.8009542073492844
-8.9198195494108301
-8.2921978339583511
-7.0609686615758909
-8.3087060137851445
-8.9198195494108301
-8.5395243894820858
-7.3213014250322122
-8.0066730434090481
-8.1714650521270276
-8.9198195494108301
-6.8987009033199058
-8.9198195494108301
-6.8902831574931662
-8.9198195494108301
-7.2721315986592536
-8.9198195494108301
-8.9198195494108301
-8.9198195494108301
-8.4922975459362284
-8.9198195494108301
-8.9198195494108301
-6.6709364278628005
-8.9198195494108301
-7.5487412072305258
-6.8654081818807384
-6.7864640563120116
-7.1561020634939645
-8.5174426749895051
-8.4797525041265995
-8.5405482928262533
-7.0806600253741596
-7.0203823738362408
-7.9725817027536596
-8.9198195494108301
-8.9198195494108301
-8.5377412676225557
-6.7023122395349288
-6.7316088115406689
-8.5216525339485933
-8.9198195494108301
-6.8377409899514721
-8.530571076983696
-8.0389677229335561
-8.9198195494108301
-6.7972303544327
-8.9198195494108301
-8.2516108120502452
-8.9198195494108301
-8.9198195494108301
-8.9198195494108301
-8.6036262571811086
-8.9198195494108301
-8.9198195494108301
-6.684280959117034
-8.9198195494108301
-6.5691847597066362
-8.9198195494108301
-6.7597397848605292
-6.926903694894504
-6.8871320717139106
-6.7776088006666306
-8.047933394924387
-6.8760998004720522
-6.6193340248615309
-8.9198195494108301
-7.5884053908990516
-8.9198195494108301
-8.3355219264561118
-7.6627396717961984
-8.9198195494108301
-8.9198195494108301
-7.565484326463328
-8.0511472219128528
-8.9198195494108301
-8.9198195494108301
-8.0290249745818567
-8.9198195494108301
-8.9198195494108301
-7.6088581822149957
-8.0587991681317988
-8.4063499280230065
-7.3824522144214857
-7.4994947817005562
-7.2450621357988769
-8.9198195494108301
-6.9839744712547356
-7.9199039774956628
-6.7608925744728641
-8.9198195494108301
-8.9198195494108301
-8.9198195494108301
-6.8169220817128826
-8.9198195494108301
-8.9198195494108301
-8.9198195494108301
-8.4979462288846896
-6.7720147114251432
-8.53389605754057
-7.8419728063145735
-6.8913701256999236
-6.8725724135589523
-8.5860265654083854
-7.0841179882856089
-8.9198195494108301
-8.9198195494108301
-7.1209627031140075
-6.8526128601660012
-8.9198195494108301
-7.2144498522713425
-8.9198195494108301
-7.7083343404964104
-6.7799060935423405
-6.8670807441952668
-8.9198195494108301
-8.5818533604539358
-8.9198195494108301
-7.4541184527330984
-8.9198195494108301
-8.9198195494108301
-7.4275576530953407
-6.8670807441952668
-8.9198195494108301
-8.9198195494108301
-8.9198195494108301
-8.5534497755541903
-8.9198195494108301
-8.5414076570759274
-7.4393999106948021
-8.9198195494108301
-8.3244161569633359
-8.9198195494108301
-8.9198195494108301
-8.9198195494108301
-8.5842105489515301
-7.7827831773823961
-8.9198195494108301
-7.0241075473208623
-8.9198195494108301
-8.019999777883946
-7.0461301400882936
-8.9198195494108301
-6.9314876159416574
-8.5431234567546124
-6.9417049442647851
-7.9811454160724109
-7.9486706267445264
-8.9198195494108301
-8.0376276732244829
-7.6937442299713492
-7.2199104771485718
-8.9198195494108301
-6.8295002018717081
-8.9198195494108301
-8.5223381322976799
-7.2969924415147389
-8.9198195494108301
-8.9198195494108301
-8.2140329014740932
-8.9198195494108301
-8.9198195494108301
-8.9198195494108301
-7.505967213601509
-8.0991837840664012
-8.9198195494108301
-8.5899731862836735
-8.9198195494108301
-7.3536416052522888
-7.0456987271246225
-8.9198195494108301
-8.5369519694038249
-7.864059478266249
-8.9198195494108301
-8.9198195494108301
-8.0532607963808029
-8.9198195494108301
-8.9198195494108301
-8.9198195494108301
-8.9198195494108301
-8.2727430944089431
-7.3847637923955576
-8.9198195494108301
-8.9198195494108301
-6.9913753428319945
-6.9085630059364851
-8.9198195494108301
-8.2164141276867841
-8.5509208341928318
-7.6441572233576744
-8.9198195494108301
-7.6285899590532296
-8.5200612309209287
-8.9198195494108301
-6.9497936492372965
-8.9198195494108301
-7.7354324367427099
-8.2712720695436648
-7.8687636294410304
-8.9198195494108301
-8.9198195494108301
-6.9189030645725875
-8.9198195494108301
-8.9198195494108301
-8.9198195494108301
-8.9198195494108301
-8.9198195494108301
-7.029767703541193
-8.9198195494108301
-7.2529964936647335
-8.9198195494108301
-8.0484061383028944
-7.7120811956102413
-7.1764364484161067
-8.9198195494108301
-8.9198195494108301
-8.9198195494108301
-8.2757233668088386
-8.9198195494108301
-8.9198195494108301
-7.0504591837314416
-6.994665640805465
-7.0655387477571381
-8.5300924611914635
-8.9198195494108301
-8.0498276744389763
-7.2351379209531466
-7.0489255511459792
-7.4294045352175457
-6.9911353899183872
-7.581633897331276
-8.276942277311047
-7.6734865667708663
-8.9198195494108301
-7.2081398291717713
-7.0567133107747031
-6.9091858237882606
-8.9198195494108301
-8.9198195494108301
-7.2162576138485015
-8.9198195494108301
-7.6293085906006111
-8.2236449505212832
-8.9198195494108301
-8.9198195494108301
-8.9198195494108301
-8.9198195494108301
-8.9198195494108301
-8.9198195494108301
-8.2118359167877699
-8.9198195494108301
-8.9198195494108301
-8.9198195494108301
-8.2588347930483827
-8.9198195494108301
-8.1026389298157202
-7.5774655490652325
-8.9198195494108301
-7.6092579460825336
-8.9198195494108301
-8.9198195494108301
-8.9198195494108301
-7.0729318716543883
-8.9198195494108301
-8.9198195494108301
-8.5204715290810089
-7.3572797240297083
-7.0583822959787845
-8.9198195494108301
-7.0404985210373363
-8.9198195494108301
-8.502480964722924
-8.9198195494108301
-8.5139733026001263
-8.9198195494108301
-8.9198195494108301
-7.7506423944678193
-8.5287571306686694
-8.9198195494108301
-7.1105781375882229
-7.062622824140278
-7.245630149219946
-7.9004831853498816
-8.3856687583465277
-7.2113716920281341
-7.4247765763481146
-8.9198195494108301
-8.9198195494108301
-7.4998405212583883
-8.2714877129167999
-7.2020065925164385
-7.1288038497221864
-8.9198195494108301
-8.9198195494108301
-8.4784636645797562
-7.7229433843958359
-8.5440604065001935
-8.4949858992551466
-8.0713786091604049
-8.9198195494108301
-8.9198195494108301
-8.4748457727166926
-8.1890108295653299
-8.9198195494108301
-7.2241549048364213
-8.0116673606927371
-8.9198195494108301
-8.9198195494108301
-7.2730566065833155
-7.3016621304632654
-8.9198195494108301
-7.9355784017597859
-8.9198195494108301
-8.9198195494108301
-7.4630807751105399
-8.5069543353092865
-7.1111065582260515
-8.9198195494108301
-7.0906271216294376
-8.454519065238097
-8.9198195494108301
-7.4248532689066433
-8.9198195494108301
-7.1206854051226394
-8.9198195494108301
-7.1720688013815055
-7.1074239132630908
-8.9198195494108301
-8.9198195494108301
-7.5597307720186002
-8.9198195494108301
-7.245630149219946
-7.1792425696676183
-8.9198195494108301
-8.9198195494108301
-7.3673728022827696
-8.9198195494108301
-8.1027492175797526
-7.0622874985696384
-8.5261813282640162
-7.2364722431065864
-7.6956602846660722
-7.1518197341933956
-8.9198195494108301
-7.4158313680066916
-8.9198195494108301
-7.1050083809357281
-8.9198195494108301
-7.2718884439136966
-7.8246476899992157
-7.4471103018887863
-8.9198195494108301
-8.2454201151317346
-8.2134344275063977
-8.9198195494108301
-7.8605929088261064
-7.2748226766897996
-8.511737367722688
-7.4301560663019206
-7.9859895061455672
-8.1711736826708936
-8.9198195494108301
-8.2603373244237552
-8.9198195494108301
-8.9198195494108301
-8.9198195494108301
-8.9198195494108301
-8.4960319131202979
-8.9198195494108301
-8.9198195494108301
-8.5320850636642156
-8.9198195494108301
-7.6031650932301886
-8.9198195494108301
-8.9198195494108301
-8.9198195494108301
-8.5287192738887398
-8.9198195494108301
-7.3229581632727747
-8.9198195494108301
-8.9198195494108301
-8.0102513690153625
-8.9198195494108301
-7.8206300285124293
-8.9198195494108301
-8.9198195494108301
-8.0050294213983104
-8.9198195494108301
-8.106309624566487
-8.5687928699648008
-8.9198195494108301
-8.1640089310711588
-8.5668986229702586
-8.9198195494108301
-8.9198195494108301
-8.9198195494108301
-8.2973058909943518
-8.9198195494108301
-7.7014624052057696
-8.9198195494108301
-8.5129606889316367
-7.5495587727746107
-8.9198195494108301
-8.2611225799507579
-8.9198195494108301
-8.9198195494108301
-7.1697445779242122
-8.9198195494108301
-8.9198195494108301
-7.4332113389775785
-8.9198195494108301
-8.9198195494108301
-8.9198195494108301
-8.9198195494108301
-8.9198195494108301
-7.7667323718355243
-8.9198195494108301
-7.5740246889652232
-8.9198195494108301
-8.9198195494108301
-7.5746743730685004
-7.5820594420815075
-8.9198195494108301
-7.6531786064161507
-8.9198195494108301
-7.0380954988366398
-7.2529886239225307
-8.9198195494108301
-8.9198195494108301
-8.1643237983920418
-8.5549499555930755
-8.9198195494108301
-8.4469064416378536
-8.9198195494108301
-8.9198195494108301
-8.9198195494108301
-8.9198195494108301
-8.9198195494108301
-7.1223303531120159
-8.9198195494108301
-8.9198195494108301
-8.9198195494108301
-7.7329614923917838
-8.9198195494108301
-8.5808543980726029
-8.9198195494108301
-8.9198195494108301
-7.329443600765245
-8.9198195494108301
-8.9198195494108301
-8.9198195494108301
-8.9198195494108301
-8.9198195494108301
-8.9198195494108301
-8.9198195494108301
-8.9198195494108301
-7.2460372979741043
-8.0628375229096161
-8.9198195494108301
-8.9198195494108301
-8.5138478877333306
-8.9198195494108301
-8.9198195494108301
-8.9198195494108301
-8.4719444124548193
-8.4438029398144554
-7.2304267390935619
-8.2731375879254365
-8.9198195494108301
-8.9198195494108301
-7.3521074639730477
-8.9198195494108301
-7.3951380052934619
-8.9198195494108301
-8.9198195494108301
-8.9198195494108301
-8.1384033882977143
-8.9198195494108301
-8.4498263987738405
-7.4357937837777923
-8.9198195494108301
-8.9198195494108301
-8.9198195494108301
-7.4668901966427903
-8.9198195494108301
-8.9198195494108301
-8.0438139467848533
-7.8092557931620314
-8.9198195494108301
-8.9198195494108301
-8.3940850947995358
-8.4861486816411364
-8.9198195494108301
-7.6598453368016148
-8.9198195494108301
-8.1877365254742021
-7.4611927679295365
-8.9198195494108301
-8.4655811329824591
-7.5296256002590738
-8.9198195494108301
-8.9198195494108301
-8.9198195494108301
-8.9198195494108301
-7.5508728640639404
-7.2670518840571265
-8.0391970425822823
-8.9198195494108301
-8.9198195494108301
-8.9198195494108301
-8.9198195494108301
-8.9198195494108301
-8.9198195494108301
-8.9198195494108301
-7.4879306269792565
-7.3722038565819625
-7.4107815296935629
-7.4753261761217082
-7.4259025567268662
-7.2556232801652607
-7.3627902319184413
-7.2903095643665443
-7.5119916683062531
-8.9198195494108301
-7.3464885501280746
-8.9198195494108301
-8.9198195494108301
-7.4940743920011714
-8.2341223182168655
-8.9198195494108301
-8.9198195494108301
-8.9198195494108301
-8.9198195494108301
-8.9198195494108301
-8.9198195494108301
-7.3609106466613285
-8.2901823209955126
-8.9198195494108301
-7.4975236242095367
-8.470534663533666
-7.8891701908166816
-7.4336842328334791
-8.9198195494108301
-8.4944417640613565
-8.9198195494108301
-8.9198195494108301
-8.9198195494108301
-8.9198195494108301
-8.9198195494108301
-8.9198195494108301
-7.5767583896999513
-7.6098999966115182
-7.6423758052795971
-8.9198195494108301
-8.9198195494108301
-8.9198195494108301
-7.4661077454163074
-8.9198195494108301
-8.9198195494108301
-8.9198195494108301
-8.9198195494108301
-8.9198195494108301
-7.4954549354989508
-7.4358024594782117
-8.9198195494108301
-8.9198195494108301
-8.9198195494108301
-8.9198195494108301
-8.9198195494108301
-8.9198195494108301
-8.9198195494108301
-8.9198195494108301
-8.4407014150854511
-8.5043450282091886
-8.9198195494108301
-8.9198195494108301
-8.9198195494108301
-8.9198195494108301
-8.0250604590131829
-8.9198195494108301
-8.3974815803346718
-8.9198195494108301
-8.9198195494108301
-7.4003444856202654
-8.9198195494108301
-8.3231211116790895
-8.0322043056372774
-8.9198195494108301
-8.9198195494108301
-8.9198195494108301
-8.9198195494108301
-7.787246880924517
-7.6532568797611109
-8.4943997018889501
-7.4592263031453436
-8.9198195494108301
-8.9198195494108301
-8.9198195494108301
-8.520858945373698
-8.0229835833802028
-8.9198195494108301
-8.9198195494108301
-7.6990368312307211
-8.9198195494108301
-8.9198195494108301
-8.1587959600929718
-8.9198195494108301
-8.45137790110868
-7.3929540702451959
-8.9198195494108301
-8.9198195494108301
-7.4432969808166796
-8.9198195494108301
-8.9198195494108301
-7.4884803056956555
-7.4970990225949494
-8.2291395467223118
-8.9198195494108301
-8.9198195494108301
-7.3295465026160658
-7.543945098433368
-7.7984524603863337
-7.7797143902503052
-8.2385341787130706
-8.9198195494108301
-7.5123850962251435
-8.9198195494108301
-8.9198195494108301
-7.5291187462041433
-7.8449280686884402
-8.9198195494108301
-8.9198195494108301
-8.9198195494108301
-8.9198195494108301
-8.9198195494108301
-7.5832240466674996
-7.833830564058621
-8.9198195494108301
-8.9198195494108301
-8.9198195494108301
-8.5158228713426389
-8.9198195494108301
-8.9198195494108301
-8.9198195494108301
-8.4918372493823551
-8.9198195494108301
-8.9198195494108301
-7.490333171888004
-7.7036741157041
-8.9198195494108301
-7.6807856404374126
-8.9198195494108301
-8.9198195494108301
-7.6280077573999803
-8.9198195494108301
-7.5863978854649847
-8.1853427266349694
-8.9198195494108301
-8.9198195494108301
-8.4881765357181376
-7.8749771507181627
-8.9198195494108301
-8.9198195494108301
-8.4935757585430256
-7.6197141843388527
-8.4961232363320676
-8.9198195494108301
-8.503056854088852
-8.9198195494108301
-8.9198195494108301
-8.9198195494108301
-8.9198195494108301
-8.9198195494108301
-8.9198195494108301
-8.9198195494108301
-7.8021313941294892
-7.5517675903949417
-8.9198195494108301
-8.9198195494108301
-7.9762238298997943
-8.9198195494108301
-8.1995334550728831
-7.8867910800759882
-8.5460795885640977
-8.460348698484907
-8.9198195494108301
-8.9198195494108301
-8.9198195494108301
-8.9198195494108301
-7.5294229195128244
-7.5209041599269897
-7.4966357477905792
-8.9198195494108301
-7.6355964847089703
-7.7961320634170574
-7.8301026290176292
-8.9198195494108301
-8.1746079919913619
-8.9198195494108301
-7.6066441961957239
-8.9198195494108301
-8.9198195494108301
-8.1052879837632723
-8.9198195494108301
-7.5485433025547808
-8.2073530218171289
-7.8183503213164203
-7.399208706358225
-7.3358095331804938
-8.9198195494108301
-8.9198195494108301
-8.9198195494108301
-8.9198195494108301
-8.508668373694233
-8.9198195494108301
-8.9198195494108301
-8.9198195494108301
-8.9198195494108301
-8.2253020928627372
-8.9198195494108301
-8.9198195494108301
-8.9198195494108301
-8.9198195494108301
-8.9198195494108301
-7.6592792798989837
-7.5517607804095856
-8.5832409048882532
-7.4693082621745246
-8.9198195494108301
-7.5603038653787733
-8.1934482826140567
-8.2864446805684064
-7.6139100842477943
-8.9198195494108301
-8.9198195494108301
-8.9198195494108301
-8.9198195494108301
-8.9198195494108301
-8.9198195494108301
-8.9198195494108301
-8.9198195494108301
-8.9198195494108301
-8.9198195494108301
-7.5209041599269897
-8.9198195494108301
-8.2189831388306072
-8.9198195494108301
-8.1747796838569773
-8.9198195494108301
-8.9198195494108301
-8.9198195494108301
-8.9198195494108301
-8.9198195494108301
-7.672982619742668
-7.6037028943106746
-7.5197446510583523
-7.6526424013386194
-8.0550729269811843
-7.6521478560542882
-7.6395100166440306
-7.6735893010245588
-7.6495235057418007
-7.7223613573170979
-7.6088845079518697
-8.9198195494108301
-8.9198195494108301
-7.8067696545654579
-8.0823247769089388
-8.9198195494108301
-8.9198195494108301
-8.9198195494108301
-8.9198195494108301
-8.9198195494108301
-8.9198195494108301
-8.5470129492020703
-8.9198195494108301
-8.9198195494108301
-8.9198195494108301
-8.9198195494108301
-8.9198195494108301
-8.9198195494108301
-8.9198195494108301
-8.9198195494108301
-8.9198195494108301
-8.9198195494108301
-8.9198195494108301
-8.9198195494108301
-8.476150599096254
-8.4366421556052895
-8.4770802230837159
-7.6334470850737555
-8.9198195494108301
-8.9198195494108301
-8.3937659509628357
-8.5249334282114688
-8.9198195494108301
-8.9198195494108301
-8.9198195494108301
-8.2902142287480682
-8.9198195494108301
-8.0062296248243534
-7.716353721641183
-8.9198195494108301
-8.9198195494108301
-8.3711009864386483
-8.9198195494108301
-8.2355992500028314
-8.9198195494108301
-7.7642221387597594
-8.4624475597440938
-8.9198195494108301
-8.0451504554690025
-8.9198195494108301
-8.9198195494108301
-8.9198195494108301
-7.5851120185714125
-8.9198195494108301
-8.9198195494108301
-8.9198195494108301
-8.9198195494108301
-8.9198195494108301
-8.9198195494108301
-8.5429250345210423
-8.9198195494108301
-7.7232734743255174
-7.7266560430942315
-8.9198195494108301
-8.9198195494108301
-8.9198195494108301
-8.4660323036552452
-8.9198195494108301
-8.9198195494108301
-8.9198195494108301
-8.9198195494108301
-8.9198195494108301
-8.9198195494108301
-7.9499110628110863
-8.9198195494108301
-8.2953315845310538
-8.9198195494108301
-7.7911104102150519
-7.9458115193605856
-8.9198195494108301
-8.0261414855939606
-7.7841144942790761
-8.9198195494108301
-8.9198195494108301
-8.9198195494108301
-8.9198195494108301
-8.9198195494108301
-7.5906322067485732
-8.9198195494108301
-8.9198195494108301
-8.9198195494108301
-8.9198195494108301
-8.4854820385672092
-8.4880812896737297
-8.9198195494108301
-8.5448239876533023
-8.9198195494108301
-8.4571910584006691
-8.9198195494108301
-7.6305770564222399
-8.458435874134075
-8.9198195494108301
-8.3948819237236751
-8.9198195494108301
-8.9198195494108301
-8.2306056093394275
-8.9198195494108301
-8.9198195494108301
-8.9198195494108301
-7.950085366878656
-8.2902142287480682
-8.9198195494108301
-7.884641894489401
-8.9198195494108301
-8.4801582057601639
-8.9198195494108301
-8.9198195494108301
-8.9198195494108301
-8.3572877333594437
-7.7935832423923559
-7.6944838381200347
-7.7920094016261716
-8.1903393821355888
-8.466337421979313
-8.9198195494108301
-7.6296044666349889
-8.9198195494108301
-7.716353721641183
-8.9198195494108301
-8.9198195494108301
-8.9198195494108301
-8.9198195494108301
-8.9198195494108301
-8.9198195494108301
-8.9198195494108301
-7.7491606010173948
-7.664819781142028
-8.9198195494108301
-8.9198195494108301
-8.9198195494108301
-8.9198195494108301
-8.9198195494108301
-8.4974472352007826
-8.9198195494108301
-8.1304644994261626
-8.2342174953897889
-8.9198195494108301
-8.9198195494108301
-8.9198195494108301
-8.9198195494108301
-8.9198195494108301
-8.9198195494108301
-8.9198195494108301
-8.9198195494108301
-8.9198195494108301
-8.9198195494108301
-7.672982619742668
-8.9198195494108301
-8.9198195494108301
-8.9198195494108301
-8.5001436462533988
-7.5737576008030487
-8.4863625019838729
-8.4787567795986067
-7.9301105962855623
-7.4919889565999362
-8.0143928852153117
-8.9198195494108301
-7.8744998363125944
-7.2871436334970046
-8.9198195494108301
-8.9198195494108301
-8.9198195494108301
-8.9198195494108301
-8.9198195494108301
-8.9198195494108301
-8.5051218905855048
-8.501577424967623
-8.9198195494108301
-8.9198195494108301
-8.9198195494108301
-8.9198195494108301
-7.7499829711222548
-7.9382367864398491
-7.6980183397922195
-7.6169415916007397
-7.8926004989183021
-8.9198195494108301
-8.047894285609722
-8.9198195494108301
-8.9198195494108301
-8.1304644994261626
-8.4241670950731855
-8.3515398479184579
-8.9198195494108301
-8.9198195494108301
-8.9198195494108301
-8.9198195494108301
-8.9198195494108301
-8.9198195494108301
-8.5470129492020703
-8.9198195494108301
-8.9198195494108301
-7.672982619742668
-8.9198195494108301
-8.9198195494108301
-7.2240877854752155
-8.9198195494108301
-8.9198195494108301
-8.3948819237236751
-8.4979358853752398
-8.263559295471838
-8.9198195494108301
-8.9198195494108301
-8.9198195494108301
-8.9198195494108301
-8.9198195494108301
-7.6431295801623982
-8.9198195494108301
-8.9198195494108301
-8.9198195494108301
-7.8306275713992406
-7.9529030094478346
-7.7312274109970778
-7.9473942447524051
-7.9315999017342094
-7.6922501861593711
-7.7857848255306079
-7.7946695507002213
-7.6896231990808976
-7.9140493029555561
-8.9198195494108301
-7.5660639875384836
-8.9198195494108301
-7.8480993763502394
-7.7956265723253102
-7.8596004382956952
-7.611740795093759
-8.9198195494108301
-7.796449884029891
-8.9198195494108301
-8.9198195494108301
-8.9198195494108301
-7.5007965315939575
-8.9198195494108301
-8.9198195494108301
-8.9198195494108301
-8.9198195494108301
-8.9198195494108301
-8.9198195494108301
-8.9198195494108301
-8.9198195494108301
-8.9198195494108301
-8.4764681985937376
-8.9198195494108301
-8.9198195494108301
-8.9198195494108301
-8.3315177736090771
-8.9198195494108301
-8.9198195494108301
-8.9198195494108301
-8.9198195494108301
-8.9198195494108301
-8.9198195494108301
-8.4822717281613738
-7.9507604029469414
-8.9198195494108301
-8.9198195494108301
-7.8480993763502394
-8.9198195494108301
-7.933406524986931
-8.2067287386908347
-8.9198195494108301
-8.9198195494108301
-8.4366098416645503
-7.8407981698943523
-7.6590413078161959
-7.9133266652585421
-8.9198195494108301
-7.8518489088445635
-8.2278370140680135
-7.792266029607303
-8.9198195494108301
-8.1533766593739063
-8.9198195494108301
-8.9198195494108301
-8.4894433824605695
-8.2065903458447718
-8.4193828119590837
-8.9198195494108301
-8.9198195494108301
-8.9198195494108301
-8.4362559470985339
-8.9198195494108301
-7.8549990023042611
-8.9198195494108301
-8.1128181269152186
-8.9198195494108301
-8.9198195494108301
-8.9198195494108301
-8.9198195494108301
-8.9198195494108301
-8.1623126569752298
-8.9198195494108301
-8.9198195494108301
-8.9198195494108301
-8.9198195494108301
-7.7617727206246565
-8.519586640614877
-8.9198195494108301
-8.9198195494108301
-8.9198195494108301
-8.9198195494108301
-8.9198195494108301
-8.9198195494108301
-8.0080777800822265
-8.9198195494108301
-8.9198195494108301
-8.9198195494108301
-8.9198195494108301
-8.9198195494108301
-8.9198195494108301
-8.0121102347683077
-7.8318389964177593
-8.9198195494108301
-8.9198195494108301
-8.9198195494108301
-8.9198195494108301
-8.9198195494108301
-7.7747255201392429
-8.9198195494108301
-8.4193828119590837
-8.9198195494108301
-8.9198195494108301
-8.9198195494108301
-8.9198195494108301
-7.8480993763502394
-8.9198195494108301
-8.9198195494108301
-8.9198195494108301
-8.9198195494108301
-8.9198195494108301
-8.9198195494108301
-8.4701652303560397
-8.9198195494108301
-8.4495339495854669
-8.9198195494108301
-8.5478118305363893
-8.9198195494108301
-8.9198195494108301
-7.8691614672510202
-8.9198195494108301
-8.9198195494108301
-8.9198195494108301
-8.9198195494108301
-8.0537094789085497
-8.9198195494108301
-8.9198195494108301
-8.9198195494108301
-8.9198195494108301
-8.9198195494108301
-8.9198195494108301
-8.9198195494108301
-8.9198195494108301
-8.5449433426530028
-8.9198195494108301
-8.3609356542925219
-8.9198195494108301
-7.9644063525197692
-7.9501419902870785
-8.9198195494108301
-8.9198195494108301
-8.9198195494108301
-8.9198195494108301
-8.9198195494108301
-8.9198195494108301
-8.4778887771647007
-8.4583237656665027
-8.9198195494108301
-8.0987672272111464
-8.9198195494108301
-8.2993893496863222
-8.9198195494108301
-8.9198195494108301
-8.1559200645899015
-8.9198195494108301
-8.9198195494108301
-7.8124780003396781
-8.9198195494108301
-8.9198195494108301
-7.8330094743290095
-8.9198195494108301
-8.5395120899648465
-8.9198195494108301
-8.9198195494108301
-8.9198195494108301
-8.9198195494108301
-7.9942335960046798
-8.4619076275853953
-8.9198195494108301
-8.9198195494108301
-8.9198195494108301
-8.9198195494108301
-8.9198195494108301
-8.321499946842204
-8.2032293537091228
-8.9198195494108301
-8.9198195494108301
-8.9198195494108301
-8.9198195494108301
-7.9042868616639428
-8.9198195494108301
-8.9198195494108301
-8.9198195494108301
-8.9198195494108301
-8.9198195494108301
-8.9198195494108301
-8.9198195494108301
-8.5183720679113133
-7.7883727838505328
-8.9198195494108301
-7.8103271047794767
-8.9198195494108301
-7.8518489088445635
-7.7518748249656735
-8.9198195494108301
-8.9198195494108301
-7.6334778813804656
-8.9198195494108301
-8.9198195494108301
-8.9198195494108301
-8.9198195494108301
-8.9198195494108301
-8.9198195494108301
-8.9198195494108301
-8.9198195494108301
-8.9198195494108301
-8.9198195494108301
-8.9198195494108301
-8.9198195494108301
-8.5353567017566938
-8.9198195494108301
-8.5017450081401371
-8.1660338863192408
-8.9198195494108301
-8.9198195494108301
-7.7697248891528856
-8.4619076275853953
-8.9198195494108301
-8.9198195494108301
-7.9687531412726553
-8.9198195494108301
-7.832827731832011
-8.9198195494108301
-7.7550206746482466
-8.4994519485079714
-7.847508577434227
-8.9198195494108301
-8.5161461376457943
-8.9198195494108301
-8.9198195494108301
-8.9198195494108301
-8.9198195494108301
-8.9198195494108301
-8.9198195494108301
-8.9198195494108301
-8.557432047560491
-8.457555422990275
-8.9198195494108301
-8.9198195494108301
-8.5610501903055329
-8.9198195494108301
-8.9198195494108301
-8.9198195494108301
-8.0103665582984025
-7.7896190696672214
-7.9558179142091587
-7.9830322148327166
-7.9878972827750419
-8.0370967447442361
-7.955784533550351
-7.9945489575580488
-7.8478086885964542
-8.0155761412946926
-7.9607255274055557
-8.0302603128054528
-7.9878972827750419
-8.0302603128054528
-8.9198195494108301
-7.9971751553597263
-7.9994341213775924
-7.9602022629725377
-7.9366269461977454
-8.5249026323951984
-7.947859922760883
-7.9994674051633936
-8.0370967447442361
-7.918956165968738
-7.9933004299794943
-8.9198195494108301
-7.9945489575580488
-7.9878972827750419
-7.9064433951257191
-7.9281450452287032
-7.9964593014776071
-7.9247712344455561
-7.9279713223836952
-7.64794622136814
-7.9467724461648306
-7.745889570099834
-7.9252329146303149
-7.9945489575580488
-7.8682333675743923
-7.9933004299794943
-8.0370967447442361
-8.9198195494108301
-8.9198195494108301
-8.9198195494108301
-8.9198195494108301
-7.9219482691687588
-8.9198195494108301
-8.9198195494108301
-8.9198195494108301
-7.7734783898082309
-8.9198195494108301
-8.4385289626877213
-8.9198195494108301
-8.9198195494108301
-8.9198195494108301
-8.4895787430744321
-8.1468723853053238
-8.9198195494108301
-8.9198195494108301
-8.9198195494108301
-8.9198195494108301
-8.9198195494108301
-8.9198195494108301
-8.9198195494108301
-8.9198195494108301
-8.9198195494108301
-8.9198195494108301
-8.9198195494108301
-8.9198195494108301
-8.9198195494108301
-8.9198195494108301
-8.3753850606265594
-8.9198195494108301
-8.9198195494108301
-8.9198195494108301
-8.4863584500207114
-8.9198195494108301
-8.9198195494108301
-8.9198195494108301
-8.4657842777180612
-7.7951456631413913
-8.9198195494108301
-8.9198195494108301
-8.9198195494108301
-8.9198195494108301
-8.9198195494108301
-8.9198195494108301
-8.5304076954459163
-8.9198195494108301
-8.9198195494108301
-8.9198195494108301
-8.9198195494108301
-8.9198195494108301
-8.9198195494108301
-8.4346532595247297
-8.9198195494108301
-8.9198195494108301
-8.9198195494108301
-8.9198195494108301
-8.9198195494108301
-8.4797735882900369
-8.9198195494108301
-8.4756667205098957
-8.1015179452069219
-8.9198195494108301
-8.9198195494108301
-8.9198195494108301
-8.9198195494108301
-8.9198195494108301
-8.9198195494108301
-8.2929959889964184
-8.9198195494108301
-8.2516062260329992
-8.4002294871937835
-8.0810006020060019
-8.4080638587942893
-8.9198195494108301
-8.4979974560773233
-8.9198195494108301
-8.9198195494108301
-8.9198195494108301
-8.4780983979634854
-8.9198195494108301
-8.9198195494108301
-8.9198195494108301
-8.1102879917886757
-7.5756641640739799
-8.9198195494108301
-8.9198195494108301
-8.5244666588267499
-8.9198195494108301
-8.9198195494108301
-8.9198195494108301
-8.2386199392597419
-8.0779283976691278
-7.9878972827750419
-8.4915170533805586
-7.9878972827750419
-8.9198195494108301
-8.9198195494108301
-8.2059117474075709
-8.9198195494108301
-7.9202411867341453
-8.9198195494108301
-8.9198195494108301
-8.9198195494108301
-8.9198195494108301
-8.9198195494108301
-8.9198195494108301
-8.0244040633485749
-8.9198195494108301
-8.9198195494108301
-8.9198195494108301
-8.9198195494108301
-8.9198195494108301
-8.9198195494108301
-8.9198195494108301
-8.9198195494108301
-8.9198195494108301
-8.9198195494108301
-8.9198195494108301
-8.9198195494108301
-8.9198195494108301
-7.9632201387280457
-8.9198195494108301
-8.9198195494108301
-8.9198195494108301
-8.9198195494108301
-8.9198195494108301
-8.9198195494108301
-7.8358017249573155
-7.9171043751697043
-8.9198195494108301
-8.9198195494108301
-8.9198195494108301
-8.9198195494108301
-8.9198195494108301
-8.4818708241441847
-8.9198195494108301
-8.9198195494108301
-8.9198195494108301
-8.9198195494108301
-8.9198195494108301
-8.9198195494108301
-8.9198195494108301
-8.9198195494108301
-8.1175382188130012
-8.066965997291037
-8.9198195494108301
-8.4489478053083573
-8.9198195494108301
-7.890989421828734
-7.759881849953036
-8.9198195494108301
-8.9198195494108301
-8.1504124040370467
-8.9198195494108301
-8.9198195494108301
-8.9198195494108301
-7.9398090684339122
-8.0076488744145085
-8.9198195494108301
-8.9198195494108301
-8.9198195494108301
-8.9198195494108301
-8.9198195494108301
-8.9198195494108301
-8.4919149680188859
-8.9198195494108301
-8.9198195494108301
-8.9198195494108301
-8.9198195494108301
-8.0277974739724147
-8.1874664745576062
-8.5187256916989469
-8.9198195494108301
-8.9198195494108301
-8.9198195494108301
-8.9198195494108301
-7.9732178283610091
-8.9198195494108301
-8.4834329106152513
-8.9198195494108301
-8.9198195494108301
-8.9198195494108301
-8.9198195494108301
-8.9198195494108301
-8.4859988724440729
-8.9198195494108301
-8.1307099394960254
-8.9198195494108301
-8.0101616967466871
-8.9198195494108301
-8.9198195494108301
-8.1175382188130012
-8.9198195494108301
-7.9281450452287032
-8.9198195494108301
-8.9198195494108301
-8.1601761228297889
-8.9198195494108301
-8.9198195494108301
-8.9198195494108301
-8.5179532749753015
-7.7143386589408536
-8.9198195494108301
-8.0244040633485749
-8.9198195494108301
-8.9198195494108301
-8.9198195494108301
-8.9198195494108301
-8.9198195494108301
-8.1411627165896547
-8.9198195494108301
-8.9198195494108301
-8.9198195494108301
-8.4895787430744321
-8.9198195494108301
-8.4934552705988366
-8.9198195494108301
-8.9198195494108301
-8.9198195494108301
-8.9198195494108301
-7.9430396902464429
-8.9198195494108301
-8.9198195494108301
-8.9198195494108301
-8.9198195494108301
-8.1814991597326383
-8.9198195494108301
-8.9198195494108301
-8.9198195494108301
-8.9198195494108301
-8.1618463024056069
-8.4429329089536189
-7.728647863003169
-8.9198195494108301
-8.9198195494108301
-8.5304076954459163
-8.9198195494108301
-8.9198195494108301
-8.2936194064457851
-8.1601761228297889
-7.918956165968738
-8.9198195494108301
-8.9198195494108301
-8.9198195494108301
-8.9198195494108301
-8.9198195494108301
-8.9198195494108301
-8.9198195494108301
-8.9198195494108301
-8.1916347211728837
-8.0155761412946926
-8.9198195494108301
-8.2284291723600358
-8.9198195494108301
-8.9198195494108301
-8.4398248873227484
-7.9152236361742938
-8.9198195494108301
-8.9198195494108301
-7.9919854508343402
-8.9198195494108301
-8.9198195494108301
-8.9198195494108301
-8.9198195494108301
-8.9198195494108301
-7.9994341213775924
-8.4644044096783801
-7.9945489575580488
-8.9198195494108301
-8.9198195494108301
-8.9198195494108301
-8.9198195494108301
-8.9198195494108301
-8.530536057095933
-8.3692525292513036
-8.9198195494108301
-8.3367915396589147
-8.0244040633485749
-8.2406543184697014
-8.0623854660028389
-8.9198195494108301
-8.9198195494108301
-8.1797035117903167
-8.9198195494108301
-8.9198195494108301
-7.9483088889474249
-8.1626902961209638
-8.2091125219626129
-8.9198195494108301
-8.9198195494108301
-8.9198195494108301
-8.036097864775174
-8.4429329089536189
-8.9198195494108301
-8.1144617949330531
-8.9198195494108301
-8.9198195494108301
-8.9198195494108301
-8.4465931931420446
-8.9198195494108301
-8.5227137880867971
-8.0155761412946926
-8.2514924211139942
-7.8918706901902862
-8.9198195494108301
-7.8247173678317985
-8.9198195494108301
-8.9198195494108301
-8.9198195494108301
-8.9198195494108301
-8.9198195494108301
-8.9198195494108301
-8.9198195494108301
-7.8567575181537226
-8.1923797268700032
-8.2135015965263776
-8.9198195494108301
-8.9198195494108301
-8.9198195494108301
-8.4428910085180657
-8.9198195494108301
-8.9198195494108301
-8.2659226769419316
-8.9198195494108301
-8.0041721636425773
-7.9530942982119832
-8.5075325167499223
-7.9397451414599098
-7.8891895985035747
-8.9198195494108301
-8.9198195494108301
-8.9198195494108301
-8.9198195494108301
-8.1383314440577017
-8.0244040633485749
-8.9198195494108301
-8.3987735246266464
-8.9198195494108301
-8.9198195494108301
-8.4346532595247297
-8.4308826282044116
-8.9198195494108301
-7.8565989310203266
-8.9198195494108301
-8.9198195494108301
-8.9198195494108301
-8.9198195494108301
-8.1503040388692813
-8.9198195494108301
-8.9198195494108301
-8.9198195494108301
-8.4513418279532715
-8.9198195494108301
-8.5604018839756506
-8.9198195494108301
-8.9198195494108301
-8.9198195494108301
-8.526171092307484
-8.9198195494108301
-8.2810456385404443
-8.9198195494108301
-8.9198195494108301
-8.9198195494108301
-8.9198195494108301
-8.9198195494108301
-8.011986756217949
-8.9198195494108301
-8.9198195494108301
-8.9198195494108301
-8.9198195494108301
-8.9198195494108301
-8.4341976483804331
-8.1897352712839915
-7.8938598658836057
-8.9198195494108301
-7.9933004299794943
-7.9252329146303149
-8.9198195494108301
-8.9198195494108301
-8.436027768093842
-8.9198195494108301
-8.9198195494108301
-8.9198195494108301
-8.9198195494108301
-8.9198195494108301
-8.108710830454088
-8.4237447567823835
-8.9198195494108301
-8.9198195494108301
-8.9198195494108301
-8.9198195494108301
-7.728647863003169
-8.9198195494108301
-8.9198195494108301
-8.9198195494108301
-8.9198195494108301
-8.0155761412946926
-8.9198195494108301
-8.4846719583890007
-8.1154324205525779
-8.9198195494108301
-8.9198195494108301
-7.9530942982119832
-7.9044097589508215
-8.2460639195921672
-8.9198195494108301
-8.9198195494108301
-8.9198195494108301
-8.2041623576349902
-8.9198195494108301
-8.9198195494108301
-8.9198195494108301
-7.9580224006323661
-8.9198195494108301
-8.9198195494108301
-8.4793829485859504
-8.0302603128054528
-7.9915702616526998
-8.1661808835238219
-8.9198195494108301
-8.9198195494108301
-8.9198195494108301
-7.8682333675743923
-7.8824683994480251
-8.9198195494108301
-8.5486818582128343
-8.9198195494108301
-8.2269419934149397
-7.9840924658463539
-8.9198195494108301
-8.0155761412946926
-8.4519619742724998
-8.9198195494108301
-8.9198195494108301
-8.9198195494108301
-8.9198195494108301
-7.998526051389141
-8.9198195494108301
-8.9198195494108301
-7.9247712344455561
-7.9789110023647245
-8.9198195494108301
-8.5136834922635991
-8.9198195494108301
-8.9198195494108301
-8.9198195494108301
-8.4365104231873929
-8.9198195494108301
-8.9198195494108301
-8.0244040633485749
-8.0244040633485749
-8.9198195494108301
-8.2786157409371643
-8.9198195494108301
-7.9307412246893509
-8.9198195494108301
-7.9964593014776071
-8.0623854660028389
-8.9198195494108301
-8.9198195494108301
-8.5604018839756506
-7.8563205407172987
-8.9198195494108301
-7.9178682335895365
-8.3897891153960398
-8.1039335392974401
-8.4570549227497533
-8.9198195494108301
-8.9198195494108301
-8.4943246008023898
-8.9198195494108301
-7.9994341213775924
-8.9198195494108301
-8.9198195494108301
-8.9198195494108301
-8.9198195494108301
-8.9198195494108301
-8.1835954932107438
-8.9198195494108301
-8.2208831382127041
-8.1815918428937664
-8.1708496489133591
-8.1730717132133481
-8.1456438972539473
-8.2083581966439798
-8.1824123602918917
-8.1316971858424107
-8.1785954096863058
-8.152620551080032
-8.2063081547992187
-8.2534981740326057
-8.3329929196544548
-8.2876441208562195
-8.0712102861692028
-8.1986289686808327
-8.0467623984524312
-8.1719608764849259
-8.0768208888653881
-8.1427795721534597
-8.1838605089009917
-8.1425555438889905
-8.21427119153633
-8.1235554065165587
-8.1381212925069644
-8.1573586162485867
-8.1910304698793723
-8.1133589681738982
-8.0740356930336947
-8.1117871159760977
-8.1875956279111151
-8.2254035260389617
-8.16794180917611
-8.2165920203235601
-8.0814766172480503
-7.9710197497391313
-8.2486844462130442
-8.1730717132133481
-8.9198195494108301
-8.1574476805398124
-8.1427795721534597
-8.1609094178990418
-8.1730717132133481
-8.1211782911762178
-8.1469481997509536
-8.1815918428937664
-8.9198195494108301
-8.1469481997509536
-8.1068658170308563
-8.2458960671898733
-8.0999824799244831
-8.5018655093074322
-8.1624562835380168
-8.1636073832349147
-8.9198195494108301
-8.9198195494108301
-8.9198195494108301
-8.9198195494108301
-8.3209140468381388
-8.4668517092999913
-8.9198195494108301
-8.9198195494108301
-8.0174238692493542
-8.1809870600933898
-8.210046646172021
-8.2006429024474361
-8.0633902721618682
-8.2124057213521624
-8.2488482738373872
-8.1559391937298287
-8.4438341496003648
-8.1708496489133591
-8.2284616802993433
-8.1908522463501363
-8.1669991595677214
-8.9198195494108301
-8.0581411876589737
-8.1456438972539473
-8.1544499700058388
-8.9198195494108301
-8.9198195494108301
-8.2184173327222467
-8.1785954096863058
-8.1058291185689324
-8.2201421307895917
-8.1735402854494765
-7.9613135151500547
-8.9198195494108301
-8.2780425582715083
-8.1496546732931154
-8.0768208888653881
-8.9198195494108301
-8.9198195494108301
-8.2135257311583931
-8.2218649573486822
-8.2284616802993433
-8.9198195494108301
-8.471409465292389
-8.9198195494108301
-8.2511714627684523
-8.9198195494108301
-8.074413074135748
-8.1838605089009917
-8.1058291185689324
-8.1533697778097203
-8.185386565959675
-8.1635685062774836
-7.8571373363756827
-8.2534981740326057
-8.1478427918584302
-8.0571009726659852
-8.1321367823610675
-8.1719608764849259
-8.1674347750053187
-7.5716899210950377
-8.1824123602918917
-8.1216286165106304
-8.9198195494108301
-8.5144519435920358
-8.9198195494108301
-8.4122425355147268
-8.9198195494108301
-8.9198195494108301
-8.9198195494108301
-8.9198195494108301
-8.9198195494108301
-8.2193403332138004
-8.9198195494108301
-8.9198195494108301
-8.9198195494108301
-8.9198195494108301
-8.9198195494108301
-8.9198195494108301
-8.9198195494108301
-8.1211782911762178
-8.9198195494108301
-8.9198195494108301
-8.1427795721534597
-8.9198195494108301
-8.9198195494108301
-8.9198195494108301
-8.9198195494108301
-8.9198195494108301
-8.9198195494108301
-8.0291244459372226
-8.3329929196544548
-8.4485771789003987
-8.9198195494108301
-8.9198195494108301
-8.9198195494108301
-8.2209152301920074
-8.9198195494108301
-8.4321099219510085
-8.433028216846548
-8.9198195494108301
-8.9198195494108301
-8.9198195494108301
-8.9198195494108301
-8.195318193339725
-8.9198195494108301
-8.9198195494108301
-8.9198195494108301
-8.9198195494108301
-8.9198195494108301
-8.9198195494108301
-8.4779222652820447
-7.8714146144975556
-8.9198195494108301
-8.9198195494108301
-7.7745355142182806
-8.9198195494108301
-8.9198195494108301
-8.9198195494108301
-8.9198195494108301
-7.9612713939854176
-8.9198195494108301
-8.9198195494108301
-8.9198195494108301
-8.9198195494108301
-8.9198195494108301
-8.9198195494108301
-8.9198195494108301
-8.9198195494108301
-8.9198195494108301
-8.9198195494108301
-8.9198195494108301
-8.9198195494108301
-8.9198195494108301
-8.9198195494108301
-8.9198195494108301
-8.9198195494108301
-8.9198195494108301
-8.1197219722467526
-8.9198195494108301
-8.9198195494108301
-8.9198195494108301
-8.9198195494108301
-8.4214461861790113
-8.9198195494108301
-8.9198195494108301
-8.3713882903980483
-7.7871488246590452
-8.9198195494108301
-8.5127063794077618
-8.9198195494108301
-8.9198195494108301
-8.9198195494108301
-8.9198195494108301
-8.9198195494108301
-8.9198195494108301
-8.9198195494108301
-8.9198195494108301
-8.9198195494108301
-8.9198195494108301
-8.9198195494108301
-8.9198195494108301
-8.9198195494108301
-8.5068274005382349
-8.9198195494108301
-8.9198195494108301
-8.1875956279111151
-7.9488611094778099
-8.1719608764849259
-8.161246493478183
-8.9198195494108301
-8.4208240681549853
-8.9198195494108301
-8.9198195494108301
-8.9198195494108301
-8.9198195494108301
-8.9198195494108301
-8.9198195494108301
-8.9198195494108301
-8.9198195494108301
-8.9198195494108301
-8.9198195494108301
-8.9198195494108301
-8.4365462076977593
-8.9198195494108301
-8.9198195494108301
-8.9198195494108301
-8.9198195494108301
-8.9198195494108301
-8.9198195494108301
-8.9198195494108301
-7.9994517430295211
-8.1790929094495102
-8.1730717132133481
-8.9198195494108301
-8.9198195494108301
-8.9198195494108301
-8.9198195494108301
-8.9198195494108301
-8.1410815990084036
-8.9198195494108301
-8.9198195494108301
-8.9198195494108301
-8.3761975558576598
-8.9198195494108301
-8.9198195494108301
-8.9198195494108301
-8.9198195494108301
-8.9198195494108301
-8.9198195494108301
-8.1824123602918917
-8.9198195494108301
-8.9198195494108301
-8.9198195494108301
-8.18581579332408
-8.1492469590711529
-8.9198195494108301
-8.9198195494108301
-8.3981151202480646
-8.9198195494108301
-7.6975693103275766
-8.1708988290485554
-8.5189513289918803
-8.9198195494108301
-8.9198195494108301
-8.9198195494108301
-8.9198195494108301
-8.9198195494108301
-8.9198195494108301
-8.9198195494108301
-8.9198195494108301
-8.9198195494108301
-8.9198195494108301
-8.1947644484925934
-8.9198195494108301
-8.2154029477677959
-8.9198195494108301
-8.9198195494108301
-8.9198195494108301
-8.9198195494108301
-8.9198195494108301
-8.9198195494108301
-8.9198195494108301
-8.9198195494108301
-8.9198195494108301
-8.9198195494108301
-8.4637163115181266
-8.2458960671898733
-8.9198195494108301
-8.9198195494108301
-8.4203584386598642
-8.9198195494108301
-8.9198195494108301
-8.4547074872967123
-8.2162418466996261
-8.9198195494108301
-8.9198195494108301
-8.9198195494108301
-8.9198195494108301
-8.9198195494108301
-8.9198195494108301
-8.9198195494108301
-8.9198195494108301
-8.9198195494108301
-8.9198195494108301
-8.9198195494108301
-8.9198195494108301
-8.0839361194809811
-8.9198195494108301
-8.9198195494108301
-8.9198195494108301
-8.9198195494108301
-8.4662513947405476
-8.9198195494108301
-8.9198195494108301
-8.9198195494108301
-8.1730717132133481
-8.9198195494108301
-8.9198195494108301
-8.1566602677812714
-8.9198195494108301
-8.2486844462130442
-8.9198195494108301
-8.9198195494108301
-8.0770103226775483
-8.9198195494108301
-8.9198195494108301
-8.9198195494108301
-8.9198195494108301
-8.9198195494108301
-8.9198195494108301
-8.9198195494108301
-8.9198195494108301
-8.1455417794580764
-8.1613619122622865
-8.9198195494108301
-8.9198195494108301
-8.9198195494108301
-8.9198195494108301
-8.9198195494108301
-8.9198195494108301
-8.9198195494108301
-8.4236920561010162
-8.9198195494108301
-8.9198195494108301
-8.9198195494108301
-8.4559002044851255
-8.9198195494108301
-8.9198195494108301
-8.9198195494108301
-8.9198195494108301
-8.9198195494108301
-8.438516857145931
-8.1420359189076219
-8.9198195494108301
-8.9198195494108301
-8.9198195494108301
-8.9198195494108301
-8.9198195494108301
-8.9198195494108301
-8.9198195494108301
-8.9198195494108301
-8.9198195494108301
-8.4979916961460926
-8.9198195494108301
-8.4341527557780172
-8.9198195494108301
-8.470703778223287
-8.9198195494108301
-8.9198195494108301
-8.9198195494108301
-8.2208831382127041
-8.9198195494108301
-8.9198195494108301
-8.9198195494108301
-8.49946000468608
-8.9198195494108301
-8.9198195494108301
-8.9198195494108301
-8.9198195494108301
-8.9198195494108301
-8.9198195494108301
-8.9198195494108301
-8.9198195494108301
-8.9198195494108301
-8.4987734866344127
-8.9198195494108301
-8.9198195494108301
-8.4111965289396977
-8.9198195494108301
-8.1232852961490991
-8.0321213135835734
-8.4537582388183399
-8.9198195494108301
-8.9198195494108301
-8.9198195494108301
-8.9198195494108301
-8.9198195494108301
-8.9198195494108301
-8.9198195494108301
-8.9198195494108301
-8.9198195494108301
-8.4579537769907311
-8.18581579332408
-8.9198195494108301
-8.9198195494108301
-8.2183484641748645
-8.474729525135432
-8.9198195494108301
-8.9198195494108301
-8.4111965289396977
-8.9198195494108301
-8.9198195494108301
-8.9198195494108301
-8.1646637830932587
-8.4733291399758386
-8.1806534143131788
-8.9198195494108301
-8.2116040575927922
-8.9198195494108301
-8.9198195494108301
-8.9198195494108301
-8.9198195494108301
-8.9198195494108301
-8.9198195494108301
-8.9198195494108301
-8.9198195494108301
-8.9198195494108301
-8.9198195494108301
-7.9548305922065197
-8.9198195494108301
-8.9198195494108301
-8.9198195494108301
-8.4203584386598642
-8.9198195494108301
-8.9198195494108301
-8.9198195494108301
-8.9198195494108301
-8.9198195494108301
-8.3856563414136112
-8.9198195494108301
-8.9198195494108301
-8.9198195494108301
-8.5100691772517649
-8.9198195494108301
-8.9198195494108301
-8.9198195494108301
-8.9198195494108301
-8.9198195494108301
-8.2247151574494648
-8.1133589681738982
-8.9198195494108301
-8.9198195494108301
-8.9198195494108301
-8.9198195494108301
-8.9198195494108301
-8.9198195494108301
-8.9198195494108301
-8.0580258672718568
-8.9198195494108301
-8.9198195494108301
-8.9198195494108301
-8.9198195494108301
-8.9198195494108301
-8.9198195494108301
-8.9198195494108301
-8.103669417722168
-8.9198195494108301
-8.9198195494108301
-8.1824123602918917
-8.9198195494108301
-8.9198195494108301
-8.9198195494108301
-8.9198195494108301
-8.9198195494108301
-8.9198195494108301
-8.9198195494108301
-8.9198195494108301
-8.18581579332408
-8.9198195494108301
-8.9198195494108301
-8.1806534143131788
-8.9198195494108301
-8.9198195494108301
-8.9198195494108301
-8.9198195494108301
-8.9198195494108301
-8.9198195494108301
-8.9198195494108301
-8.9198195494108301
-8.9198195494108301
-7.8135384178575338
-8.9198195494108301
-8.9198195494108301
-8.9198195494108301
-8.9198195494108301
-8.0712102861692028
-8.9198195494108301
-8.9198195494108301
-8.4785832440858773
-8.9198195494108301
-8.9198195494108301
-8.9198195494108301
-8.9198195494108301
-8.4236920561010162
-8.4674293755070611
-8.9198195494108301
-8.1392878798355248
-8.9198195494108301
-8.9198195494108301
-8.1453359116816095
-8.9198195494108301
-8.9198195494108301
-8.9198195494108301
-8.9198195494108301
-8.9198195494108301
-8.9198195494108301
-8.1741282936472022
-8.9198195494108301
-8.9198195494108301
-8.9198195494108301
-8.9198195494108301
-8.9198195494108301
-8.9198195494108301
-8.1056041269283785
-8.453439315423255
-8.9198195494108301
-8.9198195494108301
-8.9198195494108301
-8.9198195494108301
-8.9198195494108301
-8.9198195494108301
-8.9198195494108301
-8.9198195494108301
-8.4818486796598282
-8.9198195494108301
-8.9198195494108301
-8.9198195494108301
-8.9198195494108301
-8.4671079244982934
-8.3228734303933845
-8.9198195494108301
-8.9198195494108301
-8.9198195494108301
-8.9198195494108301
-8.9198195494108301
-8.9198195494108301
-8.9198195494108301
-8.9198195494108301
-8.9198195494108301
-8.9198195494108301
-8.9198195494108301
-8.9198195494108301
-8.9198195494108301
-8.9198195494108301
-8.9198195494108301
-8.9198195494108301
-8.5018655093074322
-8.9198195494108301
-8.9198195494108301
-8.9198195494108301
-8.9198195494108301
-8.9198195494108301
-8.9198195494108301
-8.9198195494108301
-8.9198195494108301
-8.9198195494108301
-8.9198195494108301
-8.9198195494108301
-8.9198195494108301
-8.9198195494108301
-8.9198195494108301
-8.9198195494108301
-8.9198195494108301
-8.9198195494108301
-8.9198195494108301
-8.1741282936472022
-8.4227046263106118
-8.9198195494108301
-8.9198195494108301
-8.9198195494108301
-8.9198195494108301
-8.1611561141789082
-8.9198195494108301
-8.438516857145931
-8.9198195494108301
-8.1940330967652049
-8.9198195494108301
-8.9198195494108301
-8.9198195494108301
-8.9198195494108301
-8.9198195494108301
-8.9198195494108301
-8.9198195494108301
-8.9198195494108301
-8.9198195494108301
-8.9198195494108301
-8.9198195494108301
-8.9198195494108301
-8.9198195494108301
-8.2486844462130442
-8.068498189576756
-8.9198195494108301
-8.9198195494108301
-8.1512999783292912
-8.9198195494108301
-8.233225911774209
-8.3329929196544548
-8.9198195494108301
-8.9198195494108301
-8.9198195494108301
-8.9198195494108301
-8.9198195494108301
-8.9198195494108301
-8.9198195494108301
-8.9198195494108301
-8.1808871268399184
-8.9198195494108301
-8.9198195494108301
-8.9198195494108301
-8.1990564936047807
-8.9198195494108301
-8.1910304698793723
-8.9198195494108301
-8.9198195494108301
-8.9198195494108301
-8.9198195494108301
-8.9198195494108301
-8.9198195494108301
-8.9198195494108301
-8.9198195494108301
-8.18581579332408
-8.9198195494108301
-8.9198195494108301
-8.9198195494108301
-8.9198195494108301
-8.9198195494108301
-8.9198195494108301
-8.9198195494108301
-8.9198195494108301
-8.1653772824437976
-8.210046646172021
-8.9198195494108301
-8.416166862269149
-8.1785954096863058
-8.1730717132133481
-8.9198195494108301
-8.9198195494108301
-8.9198195494108301
-8.9198195494108301
-8.2247327660605318
-8.3837344025030305
-8.9198195494108301
-8.9198195494108301
-8.9198195494108301
-8.9198195494108301
-8.9198195494108301
-8.1838605089009917
-8.9198195494108301
-8.9198195494108301
-8.9198195494108301
-8.1741282936472022
-8.9198195494108301
-8.4779222652820447
-8.9198195494108301
-8.9198195494108301
-8.9198195494108301
-8.18581579332408
-8.0725505145392251
-8.9198195494108301
-8.9198195494108301
-8.9198195494108301
-8.9198195494108301
-8.9198195494108301
-8.9198195494108301
-8.9198195494108301
-8.0092941342438397
-8.1375160585980826
-8.9198195494108301
-8.2209152301920074
-8.3329929196544548
-8.9198195494108301
-8.9198195494108301
-8.9198195494108301
-8.9198195494108301
-8.9198195494108301
-8.9198195494108301
-8.9198195494108301
-8.9198195494108301
-8.9198195494108301
-8.9198195494108301
-8.9198195494108301
-8.9198195494108301
-8.9198195494108301
-8.4662513947405476
-8.1785954096863058
-8.1504180309241043
-8.9198195494108301
-8.9198195494108301
-8.9198195494108301
-8.5242245831179773
-8.4227046263106118
-8.9198195494108301
-8.9198195494108301
-8.9198195494108301
-8.9198195494108301
-8.9198195494108301
-8.9198195494108301
-8.9198195494108301
-8.9198195494108301
-8.9198195494108301
-8.9198195494108301
-8.9198195494108301
-8.9198195494108301
-8.9198195494108301
-8.9198195494108301
-8.9198195494108301
-8.9198195494108301
-8.9198195494108301
-8.9198195494108301
-8.3981151202480646
-8.2209152301920074
-8.9198195494108301
-8.1824123602918917
-8.9198195494108301
-8.9198195494108301
-8.9198195494108301
-8.9198195494108301
-8.9198195494108301
-8.9198195494108301
-8.9198195494108301
-8.9198195494108301
-8.9198195494108301
-8.1316386135502512
-8.081792568634107
-8.1994708671806755
-8.9198195494108301
-8.2284616802993433
-8.2254035260389617
-8.9198195494108301
-8.9198195494108301
-8.5375127214070563
-8.9198195494108301
