source_row,timestamp,partition
215,874724710,train
83966,874724727,train
43028,874724754,train
21397,874724781,train
82656,874724843,train
1767,874724882,train
10892,874724882,train
26400,874724905,train
85298,874724937,train
160,874724988,train
11883,874725081,train
4030,874725120,train
76435,874725264,train
4335,874725386,train
3609,874725485,train
11393,874725485,train
97223,874728168,train
69247,874728338,train
93852,874728338,train
93871,874728370,train
58474,874728396,train
80968,874728396,train
62084,874728430,train
71181,874728461,train
68045,874728565,train
95118,874728598,train
55287,874729682,train
93443,874729682,train
85906,874729749,train
45495,874729750,train
73792,874729750,train
77650,874729750,train
45917,874729778,train
58917,874729778,train
46009,874729816,train
72505,874729816,train
53246,874729850,train
65077,874729850,train
92614,874729850,train
97555,874729850,train
47474,874729901,train
65954,874729901,train
77372,874729901,train
48595,874729935,train
54253,874729935,train
54373,874729935,train
56773,874729935,train
71839,874729935,train
85934,874729935,train
76841,874729960,train
53458,874729995,train
55261,874729995,train
93914,874729995,train
45737,874729996,train
48137,874729996,train
87087,874729996,train
47748,874730031,train
54716,874730031,train
57078,874730031,train
70792,874730031,train
76376,874730056,train
48971,874730085,train
69552,874730085,train
71740,874730085,train
78600,874730085,train
50386,874730155,train
51049,874730155,train
70140,874730155,train
81802,874730155,train
50720,874730179,train
47747,874730206,train
59196,874730206,train
80831,874730206,train
53265,874730234,train
65736,874730234,train
75008,874730234,train
98292,874730234,train
73742,874730235,train
46114,874730261,train
66071,874730261,train
71282,874730261,train
87334,874730261,train
50916,874730293,train
54072,874730293,train
68717,874730293,train
55144,874730320,train
82478,874730320,train
89754,874730320,train
49454,874730342,train
50524,874730370,train
51488,874730370,train
60050,874730370,train
75920,874730370,train
66443,874730396,train
79847,874730396,train
96284,874730396,train
56926,874730420,train
54977,874730443,train
59025,874730467,train
65650,874730467,train
73120,874730467,train
62322,874730490,train
49855,874730491,train
63671,874730491,train
84631,874730491,train
58563,874730520,train
60895,874730520,train
75099,874730520,train
70122,874730521,train
91423,874730521,train
45002,874730552,train
49364,874730552,train
93391,874730552,train
73238,874730553,train
80869,874730553,train
60084,874767408,train
89437,874767408,train
89988,874767408,train
60321,874767519,train
59454,874767550,train
89399,874767550,train
96669,874767550,train
28108,874774286,train
56084,874774286,train
19917,874774449,train
94685,874774449,train
5212,874774575,train
6301,874774575,train
17186,874774575,train
72857,874774575,train
20957,874774718,train
16763,874774719,train
18234,874774815,train
1677,874774956,train
5482,874774956,train
21391,874774956,train
55490,874774993,train
262,874775038,train
69133,874775038,train
12874,874775136,train
19091,874775136,train
32434,874775136,train
4636,874775185,train
69953,874775185,train
27119,874775262,train
50032,874775262,train
60639,874775262,train
88964,874775262,train
297,874775311,train
61133,874775311,train
7120,874775406,train
9695,874775406,train
14021,874775406,train
19761,874775406,train
34521,874775406,train
53623,874775406,train
20934,874775465,train
24615,874775465,train
85809,874775465,train
14745,874775535,train
66137,874775535,train
9298,874775580,train
9944,874775580,train
49228,874775580,train
69705,874775580,train
97815,874775614,train
69438,874775647,train
11884,874775680,train
11239,874775731,train
43337,874775815,train
75217,874775815,train
12375,874775849,train
6479,874775914,train
40447,874775914,train
9025,874775945,train
18708,874775945,train
23159,874775980,train
24037,874775980,train
50037,874777260,train
37485,874777440,train
42629,874777491,train
62942,874777491,train
45807,874777528,train
48366,874777528,train
58703,874777528,train
60646,874777583,train
41772,874777623,train
52322,874777623,train
92928,874777658,train
45487,874777701,train
62959,874777735,train
82804,874777735,train
91409,874777735,train
72919,874777765,train
67059,874777833,train
75999,874777890,train
79166,874777925,train
48539,874777948,train
39633,874777974,train
70073,874777998,train
45266,874778065,train
49384,874778065,train
61587,874778065,train
38080,874778095,train
82265,874778096,train
85149,874778154,train
66032,874778181,train
70202,874778207,train
40740,874778240,train
42647,874778240,train
82676,874778240,train
37860,874778274,train
39970,874778274,train
42393,874778274,train
75348,874778274,train
40326,874778299,train
60345,874778299,train
57392,874778345,train
76495,874778345,train
56383,874778366,train
54064,874778424,train
56569,874778479,train
58137,874778479,train
58197,874778479,train
77582,874778479,train
88967,874778479,train
42238,874778515,train
50854,874778515,train
84694,874778515,train
47163,874778568,train
82129,874778568,train
39573,874778569,train
41106,874778569,train
52966,874778569,train
84903,874778569,train
38173,874778612,train
40608,874778612,train
42362,874778612,train
79566,874778612,train
65140,874778613,train
81641,874778696,train
51149,874778722,train
74671,874778756,train
84596,874778756,train
97719,874778756,train
50106,874780832,train
34006,874780860,train
49244,874780864,train
85018,874780864,train
75867,874780909,train
45344,874780945,train
18408,874780969,train
7413,874780996,train
75713,874781004,train
94936,874781004,train
15768,874781037,train
47449,874781037,train
99445,874781050,train
4405,874781067,train
39176,874781068,train
47125,874781076,train
97877,874781076,train
38868,874781173,train
41065,874781173,train
96,874781198,train
19131,874781198,train
25747,874781198,train
28845,874781198,train
88658,874781198,train
77760,874781207,train
2836,874781257,train
23078,874781257,train
68547,874781257,train
10401,874781303,train
13286,874781303,train
31540,874781351,train
57361,874781352,train
62308,874781352,train
17127,874781407,train
36621,874781407,train
73331,874781460,train
6464,874781547,train
27672,874781547,train
88951,874781628,train
27757,874781698,train
566,874781742,train
8070,874781742,train
3259,874781779,train
74970,874781779,train
7040,874781829,train
57759,874781829,train
5222,874781872,train
7896,874781915,train
14178,874781915,train
9138,874781994,train
11725,874781994,train
73273,874781994,train
3896,874782022,train
68296,874782022,train
4213,874782068,train
6133,874782068,train
33875,874782100,train
6851,874782127,train
3239,874782190,train
74415,874782190,train
85737,874782191,train
34861,874782228,train
48679,874783018,train
34985,874783052,train
66635,874783052,train
34872,874783298,train
90748,874783470,train
33631,874784095,train
340,874784266,train
52661,874784337,train
82057,874784337,train
37374,874784338,train
30372,874784385,train
19242,874784440,train
22911,874784440,train
23498,874784440,train
95578,874784440,train
19995,874784466,train
39796,874784466,train
76096,874784466,train
12549,874784497,train
21055,874784538,train
25894,874784557,train
26516,874784575,train
17123,874784615,train
9106,874784638,train
32925,874784638,train
15684,874784668,train
33141,874784668,train
56973,874784712,train
34899,874784972,train
22151,874785024,train
22287,874785165,train
25307,874785165,train
14105,874785194,train
19933,874785233,train
27378,874785233,train
66267,874785233,train
2546,874785348,train
62273,874785447,train
82770,874785448,train
23931,874785474,train
42036,874785474,train
6657,874785526,train
15469,874785526,train
21797,874785526,train
23472,874785526,train
70788,874785526,train
47135,874785551,train
73637,874785552,train
6232,874785582,train
74732,874785582,train
9302,874785624,train
41603,874785624,train
55658,874785624,train
37664,874785652,train
3381,874785675,train
44172,874785701,train
3617,874785728,train
42408,874785728,train
23870,874785756,train
35137,874785756,train
1974,874785809,train
7840,874785809,train
35788,874785809,train
59963,874785809,train
1321,874785843,train
12840,874785843,train
16036,874785843,train
88554,874785843,train
92746,874785843,train
1938,874785889,train
18448,874785889,train
5244,874785926,train
17211,874785926,train
26439,874785926,train
44594,874785926,train
36233,874785957,train
40797,874785957,train
63454,874785957,train
16458,874785985,train
13978,874786016,train
46891,874786016,train
29211,874786037,train
14406,874786066,train
6925,874786098,train
21426,874786098,train
37859,874786098,train
92581,874786098,train
39261,874786122,train
14478,874786220,train
20814,874786220,train
37251,874786244,train
20414,874786337,train
99295,874786338,train
834,874786366,train
42921,874786366,train
193,874786392,train
13962,874786392,train
31960,874786392,train
1057,874786419,train
20132,874786419,train
32051,874786419,train
53440,874786419,train
59559,874786438,train
62761,874786439,train
97143,874786460,train
308,874786462,train
14889,874786467,train
29764,874786467,train
64741,874786467,train
79310,874786467,train
741,874786488,train
75865,874786488,train
40732,874786512,train
15897,874786513,train
1735,874786517,train
59497,874786517,train
19770,874786538,train
7876,874786568,train
13465,874786568,train
30088,874786568,train
44662,874786568,train
48904,874786568,train
8805,874786605,train
13609,874786605,train
28888,874786605,train
88830,874786605,train
6753,874786632,train
21317,874786632,train
86111,874786632,train
13125,874786657,train
37942,874786657,train
59821,874786657,train
63130,874786664,train
98552,874786664,train
2123,874786686,train
6051,874786686,train
22649,874786686,train
55521,874786686,train
77943,874786686,train
91485,874786686,train
61610,874786695,train
24043,874786713,train
42836,874786713,train
55406,874786713,train
48051,874786734,train
31836,874786746,train
14668,874786756,train
43961,874786756,train
83995,874786756,train
4761,874786770,train
6513,874786770,train
4823,874786784,train
82212,874786784,train
92789,874786784,train
6567,874786793,train
1480,874786807,train
25304,874786807,train
40258,874786807,train
2541,874786831,train
22608,874786831,train
6931,874786854,train
37744,874786854,train
52019,874786854,train
14235,874786876,train
15366,874786876,train
55010,874786880,train
9244,874786897,train
9650,874786897,train
11381,874786903,train
22541,874786924,train
54335,874786924,train
59744,874786924,train
79380,874786924,train
445,874786926,train
29786,874786945,train
47894,874786950,train
16492,874786964,train
3583,874786974,train
64756,874786993,train
21637,874787006,train
37254,874787006,train
97163,874787016,train
34880,874787017,train
34838,874787044,train
57002,874787044,train
35472,874787059,train
38853,874787065,train
57713,874787065,train
89582,874787083,train
17722,874787090,train
22206,874787091,train
68734,874787109,train
4248,874787116,train
51977,874787116,train
45277,874787144,train
7672,874787150,train
8389,874787150,train
47472,874787150,train
9689,874787162,train
14680,874787172,train
27435,874787172,train
11486,874787195,train
26566,874787195,train
8179,874787204,train
57720,874787204,train
28193,874787214,train
6486,874787237,train
87764,874787256,train
26970,874787288,train
21823,874787300,train
5229,874787330,train
49952,874787330,train
1552,874787350,train
2278,874787353,train
13782,874787353,train
22063,874787353,train
25483,874787353,train
4748,874787370,train
96245,874787376,train
84397,874787387,train
38374,874787407,train
45452,874787407,train
49821,874787407,train
72157,874787407,train
4702,874787410,train
725,874787441,train
16344,874787441,train
43487,874787441,train
50566,874787441,train
90529,874787441,train
27653,874787449,train
13175,874787467,train
71119,874787467,train
87647,874787467,train
4041,874787496,train
6400,874787496,train
39450,874787496,train
3025,874787497,train
539,874787526,train
1335,874787526,train
26698,874787526,train
30962,874787526,train
53387,874787526,train
21091,874787549,train
80656,874787549,train
97380,874787549,train
96009,874787587,train
10246,874787647,train
99852,874787738,train
9420,874787774,train
3092,874787860,train
10405,874787861,train
8506,874788045,train
15403,874788187,train
9974,874788290,train
70630,874788318,train
28274,874788388,train
70262,874788443,train
48599,874788566,train
91874,874788755,train
77647,874788804,train
39406,874788957,train
30631,874789001,train
69178,874789005,train
57673,874789084,train
95601,874789109,train
78100,874789155,train
10391,874789279,train
25671,874789279,train
12947,874789299,train
35586,874789332,train
48000,874789474,train
51343,874789538,train
70797,874789704,train
76088,874789704,train
43106,874790439,train
32044,874790629,train
36288,874790629,train
1822,874790773,train
17085,874790773,train
32863,874790773,train
64156,874790801,train
45122,874790813,train
627,874790826,train
97303,874790826,train
1855,874790855,train
13889,874790855,train
31089,874790875,train
13604,874790903,train
14560,874790903,train
37166,874790903,train
17500,874790926,train
36242,874790930,train
40354,874790952,train
3353,874790972,train
72263,874790995,train
8891,874790996,train
54670,874790996,train
44045,874790998,train
84,874791025,train
43298,874791025,train
17423,874791048,train
7522,874791101,train
21456,874791101,train
33534,874791101,train
78203,874791101,train
42632,874791102,train
73026,874791102,train
81304,874791102,train
25457,874791123,train
8161,874791145,train
78637,874791145,train
2633,874791169,train
3986,874791169,train
18434,874791169,train
46587,874791172,train
19368,874791194,train
31239,874791194,train
34492,874791194,train
36620,874791194,train
42154,874791214,train
47154,874791236,train
12758,874791257,train
35933,874791297,train
18092,874791316,train
45527,874791339,train
88192,874791339,train
2193,874791383,train
21028,874791383,train
49349,874791383,train
24139,874791407,train
66928,874791407,train
68143,874791420,train
2605,874791444,train
23227,874791464,train
18777,874791487,train
88751,874791488,train
4056,874791506,train
37270,874791506,train
4055,874791527,train
2826,874791623,train
4477,874791623,train
10743,874791623,train
11806,874791623,train
17963,874791623,train
45164,874791623,train
11934,874791667,train
17033,874791667,train
20962,874791667,train
39897,874791667,train
31102,874791671,train
5708,874791694,train
27752,874791695,train
19523,874791747,train
32516,874791786,train
38787,874791786,train
44,874791805,train
26409,874791805,train
7283,874791806,train
7751,874791806,train
39403,874791830,train
35289,874791850,train
74539,874791870,train
583,874791871,train
2806,874791871,train
33365,874791871,train
50933,874791871,train
27839,874791894,train
50007,874791894,train
39,874791932,train
28048,874791932,train
26510,874791960,train
30274,874791960,train
32234,874791960,train
38546,874791960,train
47876,874791960,train
36188,874791976,train
42775,874791976,train
4534,874791993,train
45715,874791993,train
53914,874791993,train
16471,874792018,train
45662,874792018,train
88442,874792018,train
53785,874792031,train
3030,874792040,train
3380,874792094,train
11065,874792094,train
13336,874792094,train
32428,874792094,train
36578,874792094,train
13042,874792118,train
21463,874792118,train
27105,874792142,train
5206,874792143,train
59257,874792143,train
7416,874792168,train
2556,874792189,train
99097,874792194,train
20643,874792216,train
56520,874792232,train
60425,874792237,train
13847,874792277,train
78468,874792277,train
60544,874792285,train
61069,874792285,train
17870,874792310,train
63913,874792310,train
73140,874792310,train
32361,874792366,train
46450,874792366,train
71308,874792366,train
82571,874792366,train
57763,874792369,train
99195,874792369,train
4531,874792401,train
30376,874792401,train
32259,874792402,train
40373,874792402,train
40987,874792402,train
72642,874792403,train
78943,874792435,train
81614,874792435,train
353,874792436,train
6356,874792436,train
24202,874792436,train
27427,874792436,train
45572,874792436,train
75975,874792442,train
7373,874792483,train
8167,874792483,train
13414,874792483,train
45620,874792483,train
89250,874792483,train
92966,874792483,train
63791,874792491,train
80593,874792491,train
70885,874792519,train
1900,874792520,train
10453,874792520,train
15379,874792520,train
40129,874792520,train
92338,874792520,train
59645,874792521,train
84112,874792521,train
684,874792547,train
15565,874792547,train
17373,874792547,train
44603,874792547,train
67528,874792547,train
60406,874792570,train
97370,874792570,train
1982,874792574,train
2089,874792574,train
25693,874792574,train
80311,874792591,train
15061,874792601,train
67494,874792601,train
2895,874792634,train
10672,874792634,train
12571,874792634,train
12771,874792634,train
30137,874792634,train
33017,874792634,train
89465,874792650,train
8238,874792663,train
16245,874792663,train
20356,874792663,train
50502,874792663,train
52748,874792663,train
59387,874792663,train
83170,874792663,train
6142,874792692,train
11118,874792692,train
12892,874792692,train
15475,874792692,train
47442,874792692,train
59001,874792692,train
67619,874792692,train
95268,874792698,train
10587,874792711,train
5484,874792745,train
15215,874792745,train
29431,874792745,train
77896,874792752,train
85404,874792752,train
10303,874792767,train
16432,874792767,train
70117,874792778,train
15895,874792793,train
1746,874792794,train
76259,874792794,train
64605,874792813,train
87218,874792813,train
61588,874792835,train
5503,874792839,train
5952,874792839,train
8960,874792839,train
79766,874792839,train
85054,874792860,train
10174,874792870,train
10523,874792870,train
10947,874792870,train
31396,874792870,train
65700,874792870,train
86873,874792870,train
78492,874792889,train
99974,874792889,train
632,874792907,train
1100,874792907,train
15685,874792907,train
28746,874792907,train
34208,874792907,train
547,874792945,train
10941,874792945,train
21738,874792969,train
53977,874792969,train
2706,874792989,train
61230,874793022,train
70447,874793022,train
95743,874793022,train
237,874793035,train
17100,874793035,train
22788,874793035,train
63640,874793035,train
83059,874793049,train
25276,874793062,train
59313,874793062,train
22370,874793092,train
40274,874793118,train
54384,874793130,train
63689,874793196,train
43540,874793198,train
59946,874793218,train
87905,874793218,train
64084,874793368,train
96409,874793418,train
78004,874793469,train
89824,874793469,train
57569,874793517,train
62669,874793517,train
68713,874793517,train
96032,874793517,train
64521,874793574,train
68330,874793574,train
93933,874793574,train
60074,874793649,train
66814,874793649,train
75611,874793649,train
59718,874793773,train
64038,874793773,train
74776,874793773,train
62480,874793806,train
73891,874793847,train
99450,874793847,train
57604,874793848,train
93763,874793848,train
97085,874793848,train
91168,874793852,train
61979,874793898,train
73615,874793898,train
85282,874793898,train
87833,874793898,train
64688,874793933,train
92010,874793969,train
80078,874794386,train
96426,874794386,train
7279,874795448,train
36364,874795500,train
35449,874795538,train
98294,874795574,train
8723,874795613,train
28836,874795613,train
31924,874795634,train
33070,874795637,train
34192,874795637,train
14133,874795704,train
35530,874795704,train
8394,874795729,train
22074,874795729,train
8047,874795751,train
1825,874795772,train
48932,874795772,train
35570,874795795,train
45582,874795795,train
99998,874795795,train
31448,874795823,train
34320,874795823,train
75195,874795823,train
91567,874795823,train
26736,874795868,train
32139,874795888,train
14401,874795928,train
19987,874795949,train
28613,874795951,train
4699,874795988,train
15908,874795988,train
3831,874796116,train
87985,874796151,train
36186,874796201,train
8182,874796373,train
47374,874796373,train
53413,874796373,train
37536,874796400,train
5084,874796412,train
7179,874796412,train
41353,874796412,train
40241,874796421,train
3459,874805453,train
20006,874805453,train
50219,874805577,train
34314,874805610,train
7890,874805668,train
29668,874805699,train
46022,874805699,train
4873,874805768,train
18546,874805804,train
21374,874805804,train
69436,874805804,train
39670,874805860,train
77260,874805860,train
41049,874805892,train
51169,874805892,train
98525,874805892,train
63815,874805893,train
2095,874805927,train
16429,874805927,train
18330,874805927,train
46744,874805927,train
66344,874805927,train
6009,874805958,train
14066,874805958,train
26682,874805958,train
35663,874805984,train
46425,874805984,train
88406,874805984,train
35308,874806006,train
19835,874809057,train
50565,874809057,train
12373,874809091,train
7944,874809192,train
36323,874809292,train
83141,874809850,train
32415,874813268,train
39391,874813477,train
4052,874813703,train
11154,874813703,train
12884,874813703,train
16480,874813703,train
88455,874813703,train
79973,874815541,train
84660,874815542,train
87882,874815542,train
73503,874815593,train
89630,874815593,train
91810,874815593,train
54298,874815649,train
80711,874815649,train
58224,874815679,train
65410,874815679,train
66914,874815789,train
68908,874815789,train
72595,874815789,train
56588,874815835,train
69419,874815835,train
93219,874815835,train
97818,874815835,train
59440,874815836,train
61238,874815836,train
91617,874815836,train
54798,874815885,train
78345,874815885,train
94789,874815885,train
55253,874815947,train
58986,874815947,train
67065,874815947,train
69124,874815947,train
83889,874815947,train
88158,874815947,train
93525,874815947,train
98148,874815947,train
60093,874816007,train
65800,874816007,train
66078,874816007,train
76632,874816007,train
93390,874816007,train
23398,874824313,train
10517,874825826,train
10695,874825826,train
12614,874825826,train
26319,874825826,train
37880,874825826,train
41282,874825826,train
44136,874825826,train
34058,874825827,train
69801,874826502,train
93881,874826502,train
71712,874826565,train
62441,874826629,train
82076,874827023,train
71564,874827062,train
89411,874827103,train
56249,874827247,train
84148,874827283,train
98326,874827486,train
81686,874827508,train
92344,874827526,train
92576,874827595,train
48675,874827614,train
87263,874827623,train
67827,874827725,train
74367,874827755,train
82432,874827755,train
66743,874827789,train
95768,874827818,train
56692,874827884,train
62703,874827920,train
71130,874827960,train
52977,874828027,train
78174,874828027,train
71069,874828097,train
85310,874828163,train
96603,874828198,train
48925,874828242,train
58615,874828278,train
65092,874828296,train
89758,874828296,train
94431,874828296,train
52286,874828349,train
94611,874828384,train
68655,874828391,train
93759,874828453,train
62513,874828569,train
98928,874828569,train
80029,874828592,train
82023,874828592,train
79749,874828640,train
86113,874828640,train
71833,874828649,train
96457,874828649,train
71373,874828769,train
66198,874828772,train
87860,874828772,train
89829,874828772,train
78573,874828812,train
50307,874828826,train
54787,874828826,train
75300,874828826,train
96847,874828826,train
67891,874828864,train
76162,874828864,train
81381,874828864,train
88464,874828864,train
69185,874828897,train
64873,874828902,train
97764,874828903,train
57881,874828967,train
79136,874828967,train
79846,874828967,train
90565,874828967,train
85249,874828981,train
74290,874829010,train
88697,874829035,train
73883,874829056,train
85166,874829129,train
50041,874829152,train
53134,874829152,train
69934,874829152,train
80393,874829161,train
88174,874829161,train
58438,874829174,train
96382,874829187,train
88974,874829230,train
70846,874829249,train
75853,874829249,train
49528,874829258,train
83971,874829258,train
87004,874829258,train
94652,874829258,train
67201,874829287,train
73137,874829287,train
66641,874829296,train
84166,874829296,train
56814,874829333,train
95535,874829333,train
96452,874829355,train
98793,874829373,train
81630,874829427,train
74546,874829446,train
88482,874829484,train
59501,874829637,train
67740,874829637,train
95488,874829637,train
64433,874829670,train
91392,874829705,train
78830,874829706,train
62411,874829733,train
62950,874829733,train
81072,874829743,train
90727,874829743,train
86697,874829753,train
74160,874829883,train
96444,874829883,train
52158,874829924,train
52304,874829924,train
77624,874829924,train
78127,874829924,train
74314,874829968,train
75250,874829990,train
69816,874830026,train
69421,874830068,train
74260,874830101,train
65576,874830103,train
84316,874830122,train
83830,874830137,train
69909,874830160,train
93799,874830160,train
61481,874830168,train
90431,874830305,train
96566,874830313,train
99585,874830314,train
71524,874830338,train
55647,874830344,train
66552,874830344,train
77548,874830372,train
81019,874830372,train
86613,874830424,train
68142,874830432,train
84118,874830513,train
91736,874830550,train
79752,874830598,train
55614,874830675,train
95965,874830748,train
94833,874830790,train
96155,874830819,train
57528,874830864,train
85849,874830864,train
48612,874830908,train
50709,874830908,train
77108,874830954,train
57627,874830998,train
50957,874831050,train
98376,874831050,train
54329,874831194,train
51502,874831227,train
81378,874831227,train
48819,874831383,train
50309,874831383,train
54129,874831383,train
69172,874831383,train
70096,874831383,train
76794,874831383,train
76906,874831383,train
77614,874831383,train
82714,874831383,train
84762,874831383,train
70533,874832096,train
81835,874832096,train
59134,874832132,train
52326,874832788,train
62768,874832788,train
51453,874833603,train
1206,874833668,train
78120,874833668,train
92122,874833668,train
19949,874833687,train
3270,874833705,train
94890,874833726,train
2098,874833746,train
22374,874833746,train
41073,874833788,train
1171,874833827,train
28155,874833841,train
44194,874833857,train
24,874833878,train
48409,874833878,train
4848,874833911,train
25195,874833936,train
42086,874833936,train
57764,874833936,train
3310,874833962,train
40633,874833962,train
40783,874833962,train
21079,874833983,train
24239,874834001,train
54006,874834019,train
78108,874834019,train
75351,874834037,train
57092,874834054,train
60602,874834054,train
60402,874834071,train
28442,874834128,train
31983,874834146,train
42465,874834165,train
98203,874834165,train
11732,874834184,train
41023,874834220,train
97187,874834236,train
3808,874834254,train
20980,874834254,train
3859,874834289,train
33161,874834308,train
13423,874834323,train
9287,874834345,train
22931,874834345,train
7776,874834358,train
36183,874834388,train
70406,874834388,train
54191,874834389,train
87060,874834389,train
1702,874834481,train
3264,874834481,train
5124,874834481,train
17024,874834481,train
18046,874834481,train
32558,874834481,train
43417,874834481,train
43909,874834481,train
44316,874834481,train
49119,874834481,train
8507,874834701,train
20797,874834701,train
29628,874834701,train
67253,874834701,train
32107,874834735,train
56905,874834735,train
83737,874834735,train
2642,874834768,train
5723,874834768,train
6714,874834768,train
10623,874834768,train
24163,874834768,train
78574,874834768,train
2944,874834799,train
6467,874834799,train
13405,874834799,train
22656,874834799,train
28635,874834799,train
31171,874834799,train
51177,874834799,train
4231,874834827,train
7544,874834827,train
22441,874834827,train
61684,874834827,train
4451,874834850,train
25822,874834850,train
32109,874834850,train
8301,874834875,train
14194,874834875,train
31986,874834875,train
7784,874834876,train
2564,874834895,train
68131,874834895,train
3560,874834914,train
21540,874834914,train
33548,874834914,train
19,874834944,train
3232,874834944,train
6693,874834944,train
14058,874834944,train
72259,874834944,train
99474,874834944,train
2762,874834963,train
5765,874834963,train
29027,874834963,train
27127,874835024,train
48970,874835024,train
73965,874835024,train
8538,874835062,train
9401,874835062,train
28395,874835062,train
33561,874835062,train
60969,874835062,train
65811,874835062,train
85,874835091,train
18572,874835091,train
13691,874835116,train
33873,874835116,train
3458,874835141,train
16839,874835141,train
34109,874835141,train
757,874835165,train
11202,874835165,train
27219,874835165,train
73360,874835165,train
13446,874835198,train
28394,874835198,train
66795,874835198,train
87932,874835198,train
51360,874835218,train
2183,874835242,train
27880,874835242,train
96564,874835242,train
6533,874835279,train
28113,874835279,train
36628,874836608,train
55080,874836608,train
52720,874836629,train
79124,874836629,train
3059,874836682,train
24199,874836682,train
32648,874836682,train
54233,874836703,train
91695,874836725,train
67277,874853605,train
74159,874853605,train
74926,874853605,train
76343,874853605,train
96049,874853634,train
84647,874853635,train
92655,874853635,train
70847,874853666,train
86349,874853666,train
90498,874853688,train
67559,874853734,train
86501,874853734,train
90350,874853734,train
84897,874853755,train
66792,874853779,train
86527,874853779,train
84145,874853819,train
95324,874853819,train
96277,874853819,train
90581,874853846,train
81296,874853869,train
89454,874853898,train
94801,874853899,train
78243,874853927,train
95749,874853927,train
98259,874853927,train
68187,874853957,train
83968,874853957,train
88414,874853957,train
94351,874853957,train
67049,874853977,train
81419,874853977,train
92371,874854009,train
70919,874854031,train
79593,874854031,train
90954,874854062,train
96989,874854062,train
75954,874854081,train
85456,874854100,train
91660,874854100,train
67367,874854135,train
73110,874854135,train
88342,874854135,train
99059,874854135,train
72924,874854161,train
99318,874854161,train
81267,874854190,train
94831,874854190,train
95563,874854190,train
70722,874854217,train
74369,874854217,train
87136,874854217,train
69635,874854251,train
81969,874854251,train
92004,874854251,train
95582,874854251,train
67129,874854294,train
78926,874854294,train
93621,874854294,train
82366,874854315,train
85066,874854338,train
85685,874854338,train
76907,874854383,train
77115,874854383,train
91334,874854383,train
95138,874854383,train
97330,874854402,train
87670,874854424,train
94145,874854424,train
82747,874854444,train
97318,874854444,train
91719,874854461,train
82171,874854479,train
84522,874854589,train
87336,874854589,train
68748,874854611,train
79323,874854611,train
78691,874854629,train
97783,874854651,train
85845,874854652,train
67302,874854678,train
73826,874854678,train
80611,874854678,train
99039,874854696,train
84584,874854697,train
84193,874854723,train
92459,874854723,train
94893,874854723,train
84027,874854745,train
97978,874854745,train
75967,874854762,train
95357,874854783,train
99581,874854783,train
93550,874854813,train
69759,874854853,train
91467,874854874,train
97530,874854874,train
74618,874854932,train
83101,874854932,train
89892,874854932,train
66676,874854953,train
87199,874854953,train
92608,874854994,train
97268,874854994,train
74921,874855020,train
98050,874855020,train
99732,874855020,train
77539,874855069,train
95821,874855069,train
88540,874855104,train
98668,874855104,train
95835,874855121,train
93172,874855138,train
45501,874861639,train
44150,874861699,train
50258,874861699,train
32743,874861792,train
70808,874861792,train
34928,874862036,train
52023,874862036,train
27870,874862229,train
35508,874862229,train
98604,874862646,train
57515,874862734,train
31157,874862879,train
30979,874862966,train
54031,874862967,train
91853,874862967,train
31425,874863035,train
63743,874863035,train
83196,874863035,train
97744,874863035,train
50627,874863155,train
53541,874863155,train
54106,874863155,train
83819,874863155,train
36622,874863269,train
44320,874863269,train
77224,874863269,train
91709,874863269,train
37259,874863336,train
48350,874863336,train
99083,874863336,train
38778,874863436,train
48562,874863436,train
86370,874863436,train
48277,874863549,train
51276,874863549,train
71197,874863549,train
47526,874863550,train
36883,874863734,train
57061,874863734,train
35436,874863803,train
67813,874863803,train
77435,874863803,train
93412,874863803,train
50642,874863878,train
58133,874863878,train
71559,874864034,train
72599,874864034,train
86430,874864034,train
69520,874864094,train
31810,874864182,train
37515,874864182,train
84186,874864182,train
77228,874864183,train
45372,874864346,train
57524,874864346,train
58072,874864346,train
78957,874864346,train
47226,874864347,train
45863,874864421,train
33769,874864666,train
63920,874864666,train
97765,874864666,train
43925,874864736,train
53561,874864737,train
54457,874864737,train
37347,874864857,train
34794,874864870,train
38724,874864870,train
43831,874864870,train
81192,874864870,train
33046,874865635,train
37960,874865635,train
37979,874865635,train
60947,874865636,train
29680,874865728,train
42223,874865728,train
66115,874865923,train
55457,874866116,train
78055,874866116,train
43789,874866208,train
49874,874866208,train
50052,874866208,train
58453,874866208,train
33300,874866319,train
52559,874866319,train
38604,874866535,train
39096,874866535,train
47685,874866535,train
54800,874866535,train
88883,874866535,train
52279,874867740,train
3872,874867741,train
21531,874867741,train
4818,874867757,train
7351,874867757,train
24068,874867785,train
40803,874867785,train
53688,874867785,train
9431,874867786,train
7888,874867824,train
27300,874867824,train
3683,874867852,train
30864,874867852,train
61829,874867852,train
24877,874867912,train
73940,874867912,train
6474,874867966,train
73010,874867994,train
10958,874868027,train
36980,874868027,train
37031,874868027,train
53320,874868027,train
9028,874868045,train
1924,874868097,train
1705,874868146,train
2139,874868146,train
44317,874868146,train
58008,874868169,train
42121,874868210,train
2932,874868255,train
10148,874868255,train
32452,874868284,train
37903,874868304,train
12385,874868327,train
55469,874868327,train
27254,874868382,train
41790,874868382,train
31517,874868580,train
5580,874868629,train
25740,874868629,train
16912,874868647,train
11569,874868791,train
18205,874871442,train
60123,874871479,train
79069,874871498,train
14650,874871551,train
8527,874871570,train
24895,874871585,train
8386,874871655,train
36550,874871655,train
1811,874871671,train
23555,874871736,train
44200,874871736,train
49650,874871736,train
95237,874871736,train
1391,874871766,train
23550,874871766,train
4264,874871800,train
25099,874871800,train
40640,874871800,train
63553,874871800,train
38317,874872812,train
80197,874872872,train
28359,874873067,train
54316,874873067,train
84569,874873067,train
29582,874873068,train
69690,874873068,train
36554,874873111,train
49734,874873112,train
60464,874873112,train
78532,874873112,train
28846,874873157,train
45486,874873157,train
77860,874873157,train
88428,874873157,train
79751,874873158,train
85828,874873158,train
29447,874873198,train
58114,874873198,train
63675,874873198,train
66335,874873198,train
32083,874873247,train
34032,874873247,train
53537,874873247,train
76846,874873247,train
78649,874873247,train
90256,874873247,train
41055,874873287,train
97816,874873287,train
36431,874873327,train
37995,874873327,train
46376,874873327,train
51160,874873327,train
28910,874873374,train
31775,874873374,train
42771,874873374,train
45091,874873374,train
64049,874873374,train
66926,874873374,train
24729,874873423,train
48348,874873423,train
50333,874873423,train
54051,874873423,train
76063,874873528,train
30148,874873529,train
32295,874873529,train
58902,874873529,train
85245,874873529,train
91348,874873529,train
25072,874873571,train
98725,874873571,train
72411,874873615,train
74978,874873615,train
76051,874873615,train
78505,874873615,train
79067,874873615,train
34295,874873703,train
40338,874873703,train
40714,874873703,train
58546,874873703,train
60109,874873703,train
51063,874873744,train
32488,874873745,train
77156,874873745,train
91079,874873745,train
61090,874873794,train
68424,874873794,train
90425,874873795,train
28187,874873847,train
84663,874873847,train
85180,874873847,train
28878,874873892,train
29945,874873892,train
81067,874873893,train
25775,874873944,train
28100,874873944,train
34943,874873944,train
44763,874873944,train
48536,874873944,train
81712,874873944,train
36976,874874000,train
56017,874874000,train
62862,874874054,train
74292,874874054,train
29855,874874055,train
29991,874874055,train
53776,874874055,train
59268,874874055,train
81124,874874055,train
30305,874874109,train
64759,874874109,train
89004,874874109,train
93751,874874109,train
33429,874874110,train
58366,874874110,train
73087,874874151,train
43131,874874152,train
45034,874874152,train
32308,874874308,train
33239,874874308,train
35932,874874308,train
44897,874874308,train
24820,874874396,train
37641,874874396,train
48608,874874396,train
25583,874874458,train
39773,874874458,train
34911,874874525,train
79519,874874525,train
81105,874874525,train
42418,874874585,train
45168,874874585,train
66566,874874585,train
69279,874874585,train
33230,874874629,train
25554,874874630,train
37818,874874630,train
41955,874874676,train
52408,874874676,train
26726,874874760,train
42740,874874760,train
80576,874874760,train
87410,874874760,train
26711,874874802,train
56204,874874802,train
57227,874874802,train
63635,874874802,train
27485,874874850,train
33696,874874850,train
44627,874874850,train
47840,874874850,train
65675,874874850,train
76391,874874850,train
75809,874874851,train
48004,874874894,train
51157,874874894,train
55532,874874894,train
25456,874874895,train
30046,874874947,train
31317,874874947,train
94726,874874947,train
30895,874874985,train
36560,874874985,train
31603,874875062,train
35594,874875062,train
36697,874875062,train
52361,874875062,train
64004,874875062,train
72912,874875062,train
79019,874875062,train
31713,874876486,train
38411,874876486,train
45292,874876486,train
52941,874876486,train
69038,874876486,train
35182,874876551,train
44531,874876551,train
34469,874876598,train
52450,874876599,train
59838,874876599,train
95865,874876599,train
33307,874876651,train
87745,874876651,train
95063,874876651,train
36714,874877699,train
86911,874938239,train
82929,874938309,train
96340,874938309,train
89542,874938354,train
96701,874938371,train
92522,874938389,train
72740,874938412,train
84016,874938412,train
94197,874938430,train
98113,874938430,train
87634,874938474,train
86202,874938475,train
87114,874938475,train
89960,874938475,train
89953,874938491,train
73460,874938507,train
74699,874938538,train
68786,874938563,train
90401,874938563,train
98935,874938596,train
80318,874938620,train
85305,874938620,train
86496,874938620,train
87246,874938620,train
99529,874938620,train
70591,874938644,train
79780,874938644,train
98330,874938644,train
72077,874938664,train
86823,874938664,train
74034,874938689,train
90751,874938689,train
68067,874938705,train
74700,874938728,train
84955,874938728,train
97868,874938728,train
80359,874938808,train
95429,874938808,train
96507,874938808,train
75506,874938833,train
94163,874938833,train
99825,874938833,train
87214,874938850,train
91388,874938850,train
90384,874938878,train
91785,874938878,train
84484,874939008,train
69606,874939031,train
93268,874939031,train
88412,874939078,train
94713,874939078,train
95939,874939078,train
71322,874939105,train
79244,874939105,train
79816,874939105,train
96069,874939105,train
99041,874939130,train
69808,874939157,train
76662,874939157,train
93025,874939157,train
71970,874939185,train
91488,874939185,train
95071,874939185,train
76759,874939207,train
95728,874939207,train
99140,874939207,train
89952,874939230,train
91364,874939230,train
92198,874939230,train
98311,874939230,train
83691,874939247,train
52914,874945513,train
24158,874947380,train
25533,874947380,train
24614,874947609,train
26369,874947609,train
28019,874947609,train
80237,874947609,train
10293,874947644,train
79549,874947644,train
12880,874947700,train
19605,874947747,train
43089,874947747,train
7088,874947794,train
23709,874947923,train
97722,874947923,train
26054,874947958,train
6915,874948030,train
69784,874948031,train
20805,874948059,train
6824,874948105,train
37590,874948105,train
41490,874948105,train
68585,874948105,train
29144,874948139,train
57626,874948139,train
5539,874948173,train
36749,874948173,train
39621,874948174,train
46392,874948214,train
39268,874948252,train
56453,874948252,train
64306,874948252,train
76849,874948252,train
18867,874948303,train
24228,874948303,train
55474,874948303,train
15757,874948332,train
27160,874948332,train
32384,874948382,train
17661,874948426,train
32236,874948426,train
22817,874948475,train
45524,874948475,train
67089,874948476,train
8427,874948513,train
11402,874948513,train
23022,874948513,train
31424,874948513,train
44513,874948513,train
14930,874948547,train
42477,874948639,train
16272,874948703,train
91974,874948703,train
37352,874948730,train
21674,874948783,train
68673,874948824,train
12827,874948889,train
17344,874948889,train
66174,874948889,train
22150,874948890,train
27584,874948890,train
77941,874948890,train
13088,874948929,train
17509,874948929,train
43469,874948929,train
52721,874948929,train
13826,874948955,train
82297,874948979,train
49778,874949011,train
71635,874949011,train
86409,874949011,train
44505,874949057,train
8292,874949086,train
20695,874949116,train
25661,874949116,train
26962,874949217,train
35611,874949217,train
99661,874949244,train
73619,874949380,train
14995,874949923,train
36089,874949952,train
38492,874950029,train
39804,874950029,train
24322,874950054,train
12079,874950135,train
8957,874950172,train
20122,874950172,train
10753,874950208,train
24410,874950232,train
48791,874950291,train
42454,874950316,train
11241,874950383,train
12412,874950383,train
49479,874950383,train
60863,874950413,train
24468,874950463,train
27738,874950463,train
33980,874950463,train
15871,874950536,train
22119,874950616,train
23946,874950692,train
72060,874950692,train
83787,874950766,train
17596,874950794,train
25797,874950794,train
7808,874950839,train
1151,874950889,train
8541,874950889,train
14555,874950889,train
15337,874950889,train
17699,874950889,train
22530,874950889,train
23977,874950889,train
28720,874950889,train
89985,874950889,train
2076,874950931,train
8928,874950931,train
37760,874950931,train
5557,874950932,train
5703,874950932,train
19085,874950932,train
80202,874950932,train
95936,874950932,train
30105,874950937,train
75751,874950937,train
99541,874950937,train
22599,874950966,train
34999,874950966,train
15759,874950972,train
22572,874950972,train
37944,874950972,train
59686,874950972,train
82942,874950972,train
83798,874950972,train
84716,874950972,train
97930,874950972,train
25507,874950993,train
25913,874950993,train
5056,874951005,train
10969,874951005,train
11494,874951005,train
15651,874951005,train
23396,874951005,train
34377,874951005,train
36142,874951005,train
43887,874951005,train
14978,874951006,train
28649,874951006,train
9945,874951029,train
93911,874951029,train
23772,874951039,train
30306,874951039,train
34246,874951039,train
76975,874951039,train
84973,874951039,train
21232,874951040,train
34830,874951040,train
83709,874951040,train
1189,874951054,train
2092,874951054,train
28024,874951054,train
38947,874951062,train
66319,874951062,train
43884,874951104,train
58745,874951104,train
50518,874951131,train
81133,874951188,train
82327,874951188,train
85244,874951188,train
86616,874951188,train
97628,874951244,train
1987,874951245,train
15834,874951245,train
26753,874951245,train
37857,874951245,train
9386,874951292,train
15228,874951292,train
22808,874951292,train
39047,874951292,train
542,874951293,train
5199,874951293,train
11799,874951293,train
25938,874951293,train
29141,874951293,train
30377,874951293,train
9734,874951314,train
21103,874951314,train
4569,874951349,train
12252,874951349,train
33397,874951349,train
40486,874951349,train
71159,874951349,train
96751,874951349,train
567,874951382,train
846,874951382,train
3074,874951382,train
5923,874951382,train
11204,874951382,train
14597,874951382,train
18301,874951382,train
21085,874951382,train
38517,874951382,train
8162,874951416,train
9655,874951416,train
13667,874951416,train
17772,874951416,train
29564,874951416,train
47044,874951416,train
73603,874951416,train
17623,874951446,train
19731,874951446,train
5511,874951447,train
34751,874951447,train
59019,874951447,train
4595,874951482,train
15195,874951482,train
17907,874951482,train
66848,874951482,train
12203,874951483,train
27977,874951483,train
43114,874951483,train
3657,874951616,train
9376,874951616,train
16468,874951616,train
60957,874951616,train
64208,874951616,train
87053,874951616,train
2105,874951617,train
3712,874951617,train
10842,874951617,train
15900,874951617,train
2038,874951657,train
7427,874951657,train
14419,874951657,train
31813,874951657,train
4320,874951658,train
5491,874951658,train
19996,874951658,train
22756,874951658,train
42128,874951658,train
46733,874951658,train
391,874951695,train
883,874951695,train
960,874951695,train
20004,874951695,train
21750,874951695,train
38211,874951695,train
43429,874951695,train
43484,874951695,train
4729,874951696,train
5902,874951696,train
9232,874951714,train
24913,874951714,train
55213,874951714,train
6399,874951727,train
9898,874951727,train
16394,874951727,train
19600,874951727,train
51949,874951727,train
60836,874951727,train
86561,874951727,train
11510,874951761,train
14104,874951761,train
25071,874951761,train
32104,874951761,train
35202,874951761,train
36611,874951761,train
38381,874951761,train
39093,874951761,train
13119,874951782,train
6094,874951783,train
2634,874951797,train
2675,874951797,train
5912,874951797,train
8915,874951797,train
21158,874951797,train
45350,874951797,train
47614,874951797,train
814,874951798,train
18166,874951798,train
4781,874951820,train
6350,874951820,train
46182,874951820,train
96746,874951820,train
12132,874951858,train
22399,874951858,train
27941,874951858,train
40891,874951858,train
49925,874951858,train
92229,874951858,train
12084,874951859,train
58030,874951859,train
24029,874951897,train
24518,874951897,train
2725,874951898,train
8803,874951898,train
10281,874951898,train
17533,874951898,train
21023,874951898,train
22004,874951898,train
42742,874951898,train
63521,874951916,train
13033,874953239,train
67615,874953239,train
71094,874953239,train
3274,874953291,train
16229,874953291,train
38248,874953291,train
49242,874953291,train
44842,874953337,train
54843,874953337,train
80166,874953424,train
12410,874953525,train
26782,874953525,train
35787,874953525,train
2206,874953526,train
5649,874953526,train
8379,874953526,train
12623,874953526,train
17240,874953526,train
23750,874953526,train
87057,874953526,train
10933,874953557,train
93651,874953557,train
7735,874953558,train
31645,874953558,train
37902,874953595,train
46772,874953595,train
60237,874953595,train
68606,874953595,train
28993,874953621,train
30210,874953621,train
3200,874953665,train
4507,874953665,train
66744,874953665,train
99951,874953665,train
7641,874953698,train
18989,874953698,train
25045,874953698,train
10795,874953728,train
14438,874953728,train
25225,874953728,train
39343,874953728,train
48746,874953728,train
6392,874953769,train
14598,874953769,train
24559,874953769,train
92616,874953769,train
528,874953794,train
15518,874953794,train
8015,874953825,train
16332,874953825,train
86618,874953825,train
2977,874953866,train
14041,874953866,train
16582,874953866,train
30780,874953866,train
38393,874953866,train
2786,874953892,train
4028,874953892,train
18212,874953892,train
27798,874953892,train
386,874953895,train
8206,874953895,train
33684,874953895,train
96246,874953895,train
18015,874953928,train
66108,874953928,train
79158,874953948,train
12743,874954060,train
14000,874954060,train
5357,874954093,train
84432,874954183,train
1082,874954260,train
8583,874954260,train
15109,874954260,train
33914,874954260,train
5298,874954353,train
16684,874954353,train
71142,874954353,train
29555,874954387,train
18498,874954425,train
35495,874954425,train
5680,874954426,train
1163,874954497,train
2571,874954497,train
28292,874954497,train
96112,874954497,train
7233,874954541,train
7674,874954541,train
9103,874954541,train
8348,874954611,train
16313,874954611,train
37904,874954611,train
3358,874954763,train
9803,874954763,train
10053,874954763,train
15420,874954763,train
51109,874954763,train
28811,874954814,train
37954,874954814,train
47518,874954814,train
73149,874954814,train
17071,874954844,train
4530,874954845,train
17798,874954845,train
19907,874954845,train
7118,874955085,train
16065,874955085,train
52028,874955085,train
15022,874955107,train
2240,874955131,train
34901,874955131,train
75636,874955183,train
22076,874955210,train
31897,874955210,train
36312,874955210,train
59949,874956228,train
81490,874956244,train
71570,874956357,train
85595,874956357,train
47197,874956384,train
72072,874956515,train
73963,874956515,train
55365,874956516,train
47009,874956543,train
51686,874956543,train
61569,874956543,train
62732,874956560,train
53768,874956586,train
72688,874956641,train
45955,874956713,train
54451,874956788,train
97018,874956810,train
59116,874956841,train
65158,874956841,train
70348,874956841,train
47007,874956872,train
49592,874956872,train
88418,874956872,train
55635,874956903,train
62191,874956903,train
77977,874956903,train
78979,874956903,train
79080,874956903,train
47651,874956931,train
50274,874956956,train
55841,874956956,train
84800,874956956,train
48528,874956981,train
74823,874956981,train
78796,874956981,train
82636,874956981,train
72898,874957005,train
76830,874957005,train
46195,874957027,train
72404,874957027,train
95949,874957027,train
56994,874957053,train
58643,874957053,train
67060,874957053,train
45905,874957086,train
54853,874957086,train
77500,874957086,train
89139,874957086,train
46778,874957113,train
53783,874957113,train
63003,874957113,train
50583,874957140,train
65407,874957140,train
79821,874957140,train
96470,874957140,train
53074,874957160,train
80026,874957161,train
99710,874957161,train
69928,874957179,train
98765,874957179,train
87315,874957207,train
77451,874957243,train
49667,874957268,train
75843,874957268,train
46202,874957269,train
59476,874957293,train
83799,874957293,train
92921,874957306,train
75032,874962614,train
42409,874962705,train
67007,874962772,train
95511,874962772,train
37150,874962824,train
38487,874962824,train
39830,874962824,train
69707,874962824,train
37858,874962900,train
63744,874962900,train
37882,874962988,train
96395,874962988,train
36615,874963028,train
44787,874963028,train
64825,874963081,train
86239,874963081,train
99702,874963081,train
42034,874963126,train
61875,874963126,train
80620,874963126,train
92187,874963126,train
40298,874963166,train
58348,874963166,train
48661,874963210,train
55077,874963210,train
42302,874963273,train
77915,874963273,train
80361,874963273,train
93317,874963273,train
40080,874963445,train
37106,874963446,train
70128,874963446,train
81785,874963446,train
62205,874963594,train
80357,874963594,train
95717,874963594,train
45032,874963797,train
50331,874963797,train
51164,874963797,train
71804,874963797,train
85630,874964267,train
90023,874964267,train
38469,874964375,train
79811,874964375,train
64262,874964447,train
99555,874964495,train
47937,874964496,train
90775,874964496,train
44483,874964604,train
58810,874964604,train
36526,874964605,train
38870,874964605,train
44062,874964605,train
36672,874964657,train
49341,874964657,train
52530,874964657,train
60656,874964657,train
95711,874964816,train
38414,874964915,train
44115,874964945,train
35496,874964991,train
39880,874964991,train
35753,874965093,train
46362,874965093,train
53436,874965093,train
67328,874965093,train
50182,874965094,train
47079,874965208,train
60829,874965208,train
72220,874965208,train
45787,874965298,train
82900,874965298,train
41397,874965299,train
41596,874965299,train
66149,874965299,train
69128,874965299,train
86608,874965299,train
87197,874965299,train
42822,874965407,train
44803,874965407,train
69723,874965407,train
71152,874965407,train
92650,874965407,train
36869,874965408,train
53310,874965408,train
56220,874965408,train
59973,874965478,train
92488,874965478,train
35445,874965496,train
74578,874965518,train
48215,874965556,train
15765,874965677,train
22972,874965677,train
21627,874965678,train
9171,874965706,train
12949,874965706,train
53553,874965706,train
973,874965739,train
38194,874965739,train
40520,874965739,train
32237,874965758,train
20471,874965905,train
10481,874965954,train
38752,874965954,train
45797,874965954,train
1383,874965970,train
24897,874965970,train
67092,874967063,train
72978,874967063,train
96504,874967063,train
65720,874977115,train
13309,874977245,train
5184,874977334,train
43886,874977334,train
52382,874977334,train
9215,874977422,train
31676,874977442,train
8886,874977474,train
57427,874977474,train
8698,874977512,train
67964,874977512,train
8545,874977513,train
9088,874977513,train
28553,874977513,train
85973,874977513,train
99376,874977513,train
14769,874977555,train
17064,874977555,train
33898,874977555,train
11352,874977579,train
29253,874984002,train
32081,874984002,train
45769,874984002,train
91497,874984002,train
47752,874984025,train
54571,874984025,train
25040,874984045,train
55192,874984045,train
49786,874984067,train
65172,874984067,train
36888,874984068,train
8335,874984128,train
28197,874984128,train
18489,874984154,train
17398,874984175,train
42735,874984175,train
9406,874984207,train
10888,874984207,train
12617,874984207,train
13085,874984207,train
21796,874984207,train
79515,874984207,train
85893,874984233,train
87364,874984233,train
30958,874984234,train
12112,874984261,train
47114,874984261,train
89059,874984261,train
9649,874984315,train
48817,874984315,train
54728,874984315,train
65248,874984315,train
86612,874984315,train
15010,874984341,train
71637,874984341,train
90131,874984341,train
19305,874984365,train
12294,874984395,train
30963,874984395,train
39564,874984395,train
40325,874984395,train
12417,874984430,train
37327,874984430,train
38934,874984430,train
14861,874984455,train
21186,874984455,train
83172,874984455,train
17207,874984480,train
17843,874984480,train
83176,874984480,train
6885,874984507,train
7794,874984507,train
21524,874984531,train
52853,874984531,train
78362,874984531,train
11335,874984574,train
14477,874984574,train
94546,874984574,train
17987,874984596,train
88057,874984596,train
15182,874984619,train
16627,874984619,train
31082,874984619,train
66250,874984619,train
73803,874984639,train
28097,874984661,train
77163,874984661,train
95412,874984661,train
16496,874984684,train
43442,874984684,train
33931,874984727,train
11831,874984751,train
97857,874984751,train
73345,874984788,train
9242,874984789,train
52073,874984789,train
18184,874984810,train
8776,874984832,train
21142,874984832,train
4621,874984854,train
71066,874984854,train
78811,874984873,train
14313,874984895,train
39872,874984895,train
18018,874984914,train
28994,874999563,train
28710,875000499,train
14020,875002643,train
56885,875002895,train
38717,875003052,train
13506,875003274,train
5791,875027206,train
15855,875027206,train
23188,875027206,train
19393,875027271,train
71603,875027292,train
14355,875027355,train
46407,875027442,train
19609,875027507,train
79602,875027507,train
3839,875027601,train
37906,875027739,train
33809,875027907,train
84152,875027945,train
7403,875027981,train
52945,875027981,train
5232,875028007,train
33818,875028007,train
4036,875028075,train
1194,875028123,train
11693,875028143,train
47106,875028165,train
9880,875028190,train
5566,875028391,train
17387,875028391,train
10760,875028563,train
22474,875028624,train
8589,875028682,train
3123,875028792,train
1442,875028853,train
9004,875028880,train
79423,875035487,train
79935,875035487,train
98849,875035487,train
60295,875035534,train
74328,875035534,train
72427,875035624,train
57800,875035660,train
78916,875035660,train
81646,875035660,train
56719,875035718,train
60235,875035718,train
78443,875035718,train
90611,875035800,train
88704,875035850,train
65117,875035885,train
80205,875035885,train
97027,875035885,train
66554,875035914,train
67672,875035953,train
80770,875035953,train
89128,875035954,train
70355,875036017,train
61221,875036056,train
62380,875036102,train
70329,875036102,train
86215,875036139,train
90093,875036139,train
79100,875036169,train
81985,875036213,train
85422,875036213,train
85514,875036321,train
55932,875036354,train
90225,875036383,train
60096,875036418,train
69968,875036418,train
79905,875036418,train
84351,875036468,train
94451,875036499,train
81522,875036827,train
62355,875036912,train
68189,875038395,train
86227,875038433,train
76187,875038483,train
57841,875038529,train
70616,875038529,train
83358,875038529,train
89355,875038529,train
70633,875038626,train
90740,875038626,train
98025,875038626,train
66069,875038671,train
70400,875038671,train
92766,875038709,train
96819,875038709,train
67516,875038742,train
56191,875038775,train
58308,875038775,train
79397,875038775,train
78789,875038807,train
81750,875038807,train
98032,875038850,train
99214,875038850,train
63265,875038888,train
65924,875038888,train
87604,875038888,train
83255,875038987,train
92448,875038987,train
78547,875039039,train
83996,875039039,train
88132,875039039,train
61759,875039100,train
60493,875039101,train
66436,875039101,train
76664,875039153,train
97185,875039153,train
63549,875039204,train
63589,875039204,train
78477,875039204,train
86901,875039204,train
81491,875039254,train
82534,875039254,train
57625,875039255,train
59832,875039326,train
75010,875039326,train
63604,875039416,train
90563,875039416,train
98457,875039416,train
58226,875039558,train
71012,875039558,train
84440,875042268,train
90772,875042268,train
18220,875042378,train
37060,875042378,train
48671,875042378,train
98800,875042378,train
94066,875042424,train
48231,875042425,train
49994,875042425,train
25886,875042466,train
51916,875042466,train
21019,875042569,train
21355,875042569,train
33209,875042569,train
43498,875042569,train
70310,875042569,train
77187,875042569,train
18535,875042642,train
34339,875042642,train
98797,875042642,train
16862,875042675,train
53568,875042675,train
29737,875042826,train
29026,875042865,train
51064,875042865,train
84958,875042865,train
31790,875042905,train
42971,875043800,train
46141,875043801,train
91864,875043826,train
21306,875043948,train
53138,875043948,train
65706,875043948,train
17056,875044037,train
29722,875044037,train
56891,875044037,train
99065,875044037,train
29916,875044337,train
13944,875044400,train
15272,875044400,train
96213,875044400,train
74200,875044473,train
59302,875044510,train
50867,875044531,train
24116,875044597,train
39930,875044597,train
57824,875044597,train
32184,875045027,train
24931,875045190,train
68715,875045190,train
41204,875045240,train
41758,875045240,train
13638,875045268,train
22346,875045268,train
18690,875045269,train
13299,875045371,train
27443,875045371,train
15938,875045627,train
31005,875045658,train
38090,875045658,train
52658,875045658,train
17828,875045685,train
19672,875045685,train
37309,875045814,train
19128,875046268,train
20115,875046427,train
34179,875046427,train
78822,875046427,train
92373,875046427,train
40710,875046460,train
92505,875046460,train
17333,875046752,train
20972,875046752,train
42187,875046799,train
46431,875046799,train
52264,875046799,train
74915,875048495,train
92091,875048495,train
98676,875048532,train
88542,875048581,train
4902,875048641,train
71353,875048886,train
91314,875048886,train
74114,875048887,train
90793,875048887,train
93681,875048887,train
75367,875048952,train
83578,875048952,train
69940,875048996,train
74459,875048996,train
90049,875048996,train
80320,875049038,train
86317,875049038,train
87265,875049038,train
95588,875049038,train
68548,875049077,train
99007,875049077,train
84714,875049144,train
98517,875049144,train
45055,875049192,train
80756,875049192,train
85976,875050332,train
97962,875050332,train
79075,875050370,train
82382,875050370,train
79231,875050410,train
79366,875050410,train
72297,875050439,train
72499,875050524,train
75696,875050524,train
66051,875050559,train
83541,875050559,train
83864,875050559,train
83866,875050559,train
86308,875050559,train
89132,875050559,train
73456,875050602,train
87155,875050602,train
61873,875050603,train
68598,875050603,train
72406,875050603,train
81365,875050637,train
97010,875050637,train
70829,875050672,train
84269,875050672,train
88711,875050672,train
61159,875050697,train
60975,875050698,train
79857,875050698,train
62553,875050723,train
85234,875050723,train
87727,875050723,train
91541,875050723,train
88557,875050748,train
93432,875050748,train
97286,875050748,train
98638,875050774,train
67451,875050801,train
82466,875050801,train
97572,875050801,train
79854,875050826,train
84036,875050827,train
86965,875050827,train
63866,875050865,train
65712,875050865,train
70069,875050865,train
83872,875050865,train
98353,875050865,train
99415,875050865,train
70055,875051043,train
92851,875051072,train
98085,875051072,train
83924,875051100,train
98332,875051100,train
78931,875051101,train
24107,875058280,train
9820,875059984,train
2858,875060217,train
3846,875060217,train
75705,875060217,train
85549,875060217,train
88828,875060217,train
19812,875060334,train
31240,875060742,train
52767,875060883,train
16652,875061066,train
24821,875061066,train
37708,875061066,train
40459,875061066,train
78867,875061066,train
19573,875063613,train
76350,875063613,train
19067,875063649,train
46795,875063649,train
57701,875063649,train
64248,875063678,train
13656,875063722,train
17646,875063722,train
32975,875063722,train
33240,875063722,train
46802,875063722,train
67343,875063876,train
45956,875071195,train
94749,875071195,train
42438,875071249,train
10447,875071293,train
35877,875071361,train
47637,875071361,train
8845,875071421,train
85496,875071443,train
16674,875071484,train
31377,875071484,train
77074,875071484,train
85558,875071515,train
46352,875071520,train
60769,875071520,train
78898,875071520,train
51617,875071541,train
60927,875071541,train
22670,875071561,train
70540,875071561,train
13065,875071581,train
4975,875071589,train
88022,875071608,train
11417,875071658,train
60675,875071658,train
9204,875071710,train
17220,875071710,train
4071,875071713,train
11664,875071713,train
15300,875071713,train
50793,875071713,train
81464,875071713,train
39297,875071749,train
30312,875071775,train
64408,875071775,train
56882,875071805,train
89877,875071805,train
3192,875071823,train
57257,875071843,train
6466,875071891,train
21060,875071891,train
31764,875071891,train
33163,875071891,train
12012,875071898,train
70169,875071898,train
14931,875071927,train
9109,875071957,train
14080,875072002,train
5940,875072009,train
22210,875072009,train
11225,875072087,train
28147,875072087,train
1168,875072125,train
17221,875072125,train
17298,875072125,train
3734,875072144,train
17075,875072148,train
19808,875072148,train
3235,875072173,train
15933,875072173,train
92050,875072173,train
88263,875072205,train
6514,875072211,train
96884,875072211,train
48079,875072235,train
10208,875072262,train
19723,875072262,train
45484,875072262,train
50737,875072262,train
18696,875072303,train
77239,875072303,train
9139,875072328,train
50026,875072328,train
3889,875072370,train
21153,875072370,train
81569,875072370,train
99809,875072392,train
10522,875072393,train
2329,875072404,train
3359,875072404,train
20953,875072404,train
21948,875072404,train
640,875072442,train
9383,875072442,train
36879,875072442,train
38770,875072459,train
23129,875072484,train
31651,875072484,train
58918,875072518,train
18314,875072520,train
40601,875072520,train
56313,875072520,train
335,875072547,train
7562,875072547,train
32152,875072547,train
47522,875072547,train
10521,875072573,train
12517,875072573,train
672,875072583,train
20804,875072583,train
5910,875072631,train
7102,875072631,train
833,875072674,train
3083,875072674,train
17439,875072674,train
29340,875072674,train
49928,875072674,train
22497,875072688,train
66568,875072688,train
82787,875072688,train
4291,875072716,train
6029,875072716,train
63979,875072741,train
81777,875072741,train
14836,875072799,train
17163,875072799,train
6568,875072865,train
7159,875072865,train
55002,875072865,train
9358,875072876,train
97869,875072876,train
3837,875072895,train
6966,875072895,train
16591,875072895,train
3711,875072923,train
9693,875072956,train
33910,875072956,train
62070,875072956,train
99074,875072956,train
24420,875072972,train
40360,875072972,train
43346,875072972,train
55961,875072972,train
4293,875073048,train
16720,875073048,train
54413,875073048,train
3261,875073067,train
4166,875073067,train
84794,875073067,train
1275,875073128,train
3152,875073128,train
3378,875073128,train
9225,875073128,train
19611,875073128,train
7270,875073179,train
4233,875073180,train
13031,875073180,train
16456,875073180,train
35390,875073180,train
1781,875073198,train
4178,875073198,train
12664,875073246,train
22944,875073246,train
30294,875073246,train
32116,875073329,train
34973,875073329,train
53361,875073329,train
63683,875073329,train
8243,875073408,train
12971,875073408,train
31275,875073408,train
5946,875073477,train
65859,875073477,train
4120,875073478,train
4408,875073647,train
36055,875073647,train
37041,875073647,train
1224,875073648,train
14063,875073712,train
9135,875073828,train
12094,875073828,train
24386,875073828,train
42449,875073909,train
56678,875073909,train
31722,875074127,train
57503,875074127,train
6157,875074200,train
41926,875074200,train
77279,875074200,train
7075,875074266,train
22559,875074266,train
27518,875074266,train
1056,875074329,train
11630,875074329,train
3514,875074589,train
8067,875074589,train
35567,875074589,train
1729,875074667,train
8203,875074667,train
81428,875074667,train
2369,875074720,train
14852,875074720,train
34945,875074772,train
13247,875074847,train
47829,875074847,train
4097,875074891,train
5200,875075062,train
6062,875075062,train
51723,875075062,train
6463,875075118,train
16616,875075118,train
3266,875075300,train
13135,875075300,train
74058,875075432,train
5149,875075887,train
10599,875075887,train
10730,875075887,train
46954,875075887,train
47984,875075887,train
54917,875075887,train
80296,875075887,train
5775,875075983,train
10076,875076044,train
18377,875076044,train
22496,875076044,train
64292,875076105,train
10849,875076180,train
29878,875076246,train
32191,875076246,train
25900,875076307,train
44236,875076307,train
25564,875076357,train
12061,875076416,train
30284,875076416,train
850,875076827,train
24937,875076827,train
81065,875076827,train
14938,875076872,train
61493,875076872,train
76850,875076986,train
9425,875076987,train
9636,875086090,train
15211,875086090,train
8730,875086185,train
11455,875086185,train
60184,875086208,train
42226,875086235,train
42993,875086308,train
47276,875086308,train
74010,875086308,train
7659,875086330,train
449,875086354,train
1028,875086354,train
46429,875086354,train
47630,875086460,train
37408,875086491,train
1096,875086534,train
13596,875086534,train
2056,875086561,train
18045,875086562,train
2337,875086608,train
38809,875086608,train
45425,875086608,train
8104,875086636,train
43714,875086636,train
21416,875086669,train
93301,875086669,train
8684,875086699,train
11089,875086699,train
46167,875086699,train
69313,875086699,train
31371,875086728,train
14625,875086766,train
47538,875086766,train
56000,875086766,train
73090,875086766,train
3243,875086887,train
26171,875086887,train
29577,875086887,train
78544,875086887,train
1075,875086920,train
7524,875086920,train
9708,875086920,train
11117,875086920,train
14476,875086921,train
82290,875086921,train
13729,875086958,train
26564,875086958,train
78944,875086958,train
3216,875086991,train
21409,875086991,train
1819,875087100,train
36217,875087100,train
51912,875087125,train
8131,875087198,train
15627,875087221,train
77656,875087264,train
77939,875087290,train
13500,875087334,train
92239,875087334,train
5300,875087352,train
8687,875087371,train
49288,875087432,train
2884,875087488,train
13256,875087634,train
61914,875087634,train
63211,875087634,train
4892,875087656,train
14830,875087656,train
16719,875087673,train
96541,875087720,train
10355,875088191,train
54467,875103584,train
63310,875103584,train
98422,875103739,train
96320,875103773,train
84196,875103810,train
87469,875103810,train
93851,875103810,train
55541,875103842,train
57980,875103842,train
88715,875103842,train
52425,875103875,train
76221,875103875,train
61700,875103901,train
70645,875103901,train
81531,875103942,train
84381,875103942,train
87568,875103942,train
52354,875103971,train
53149,875103971,train
90622,875103971,train
53870,875104000,train
64231,875104031,train
81138,875104031,train
87204,875104031,train
74044,875104067,train
54998,875104068,train
80416,875104068,train
72408,875104091,train
93564,875104091,train
58445,875104119,train
81059,875104119,train
79445,875104142,train
61920,875104167,train
53325,875104193,train
86979,875104221,train
56623,875104243,train
65164,875104303,train
71671,875104340,train
91562,875104340,train
95462,875104340,train
79346,875104498,train
97758,875104498,train
87731,875104532,train
68457,875104565,train
81169,875104565,train
90949,875104592,train
74404,875104620,train
95559,875104620,train
75575,875104648,train
96679,875104648,train
78250,875104718,train
95366,875104718,train
68252,875104752,train
70060,875104752,train
79072,875104864,train
95724,875106638,train
31680,875115339,train
15461,875115452,train
37812,875116117,train
35563,875116167,train
21069,875116964,train
67279,875116964,train
78077,875116964,train
13241,875117053,train
43013,875117053,train
85610,875117053,train
53640,875119886,train
71332,875119886,train
87569,875122112,train
84298,875122675,train
99958,875122675,train
56349,875122716,train
58601,875122716,train
73192,875122716,train
57561,875122814,train
85653,875122814,train
81164,875122884,train
64718,875123026,train
78652,875123195,train
88100,875123255,train
73892,875123299,train
78182,875123299,train
90937,875123299,train
56694,875123359,train
61344,875123359,train
64386,875123427,train
88084,875123427,train
90156,875123427,train
92985,875123427,train
83083,875123494,train
86307,875123506,train
59138,875123536,train
77625,875123536,train
68519,875123677,train
81850,875123677,train
89361,875123677,train
96790,875123677,train
94540,875123781,train
60357,875123986,train
61507,875123986,train
71925,875124024,train
85353,875124181,train
92934,875124181,train
79451,875124225,train
88448,875124225,train
60266,875124299,train
56790,875124348,train
62125,875124348,train
74238,875124348,train
67170,875124382,train
90154,875124382,train
66834,875124428,train
60765,875124495,train
78122,875124495,train
79126,875124495,train
80625,875124495,train
81134,875124495,train
90608,875124495,train
94534,875124495,train
57260,875124535,train
80922,875124535,train
71386,875124604,train
87464,875124604,train
66867,875124647,train
91063,875124648,train
84078,875129238,train
55400,875129318,train
16819,875129523,train
25034,875129523,train
45028,875129523,train
48331,875129523,train
55708,875129602,train
26942,875129603,train
20415,875129640,train
35728,875129640,train
42164,875129668,train
90353,875129668,train
16461,875129692,train
47454,875129692,train
17457,875129791,train
18298,875129791,train
20339,875129791,train
22032,875129839,train
31719,875129839,train
35151,875129839,train
35573,875129839,train
39210,875129839,train
45987,875129839,train
51840,875129881,train
22332,875129882,train
28099,875129882,train
37124,875129882,train
56776,875129882,train
91500,875129882,train
16965,875129911,train
21863,875129911,train
28467,875129975,train
65522,875129975,train
52446,875130026,train
15443,875130027,train
19664,875130027,train
22576,875130027,train
17367,875130063,train
20273,875130063,train
80637,875130063,train
17518,875130100,train
27196,875130100,train
68820,875130100,train
24740,875130137,train
33008,875130137,train
15205,875130173,train
23142,875130173,train
37183,875130173,train
47605,875130173,train
79599,875130173,train
14725,875130204,train
34558,875130204,train
23371,875130230,train
75204,875130230,train
58471,875131539,train
87294,875131810,train
85996,875131847,train
92632,875131974,train
82260,875132079,train
59889,875132134,train
67981,875132134,train
72972,875132134,train
58895,875132195,train
63389,875132237,train
55683,875133458,train
56377,875133458,train
62211,875133458,train
63200,875133458,train
63962,875133458,train
64926,875133458,train
73524,875133458,train
91682,875133458,train
99099,875133458,train
60592,875133633,train
91310,875133633,train
96814,875133661,train
81222,875133840,train
82529,875133840,train
93610,875133840,train
73620,875133924,train
79684,875133924,train
65184,875134016,train
74588,875134016,train
66988,875134063,train
78777,875134063,train
81869,875134063,train
61385,875134110,train
76311,875134110,train
63893,875134150,train
93161,875134150,train
70084,875134264,train
61128,875134317,train
94579,875134411,train
65755,875134724,train
66393,875134724,train
93504,875134843,train
76867,875134891,train
79775,875134940,train
77717,875135058,train
87621,875135113,train
92909,875135113,train
61751,875135213,train
67083,875135363,train
12713,875140648,train
18917,875140648,train
47293,875140740,train
46960,875145493,train
66056,875145493,train
83262,875145493,train
39995,875145572,train
41802,875145572,train
50757,875145572,train
56393,875145572,train
96449,875145572,train
41481,875145614,train
55593,875145614,train
57113,875145614,train
97684,875145614,train
40387,875145667,train
46854,875145667,train
49359,875145667,train
77347,875145667,train
47749,875145750,train
56947,875145750,train
70737,875145750,train
90264,875145841,train
94404,875145841,train
53481,875145879,train
63182,875145879,train
73307,875145879,train
44049,875145926,train
53809,875145926,train
45735,875147448,train
71123,875147448,train
92204,875147448,train
98037,875147448,train
44309,875147591,train
44813,875147800,train
46048,875147800,train
47817,875147800,train
49155,875147800,train
51836,875147800,train
54548,875147800,train
40209,875147873,train
43865,875147873,train
56921,875147873,train
63316,875147873,train
67571,875147873,train
89333,875147873,train
93155,875147873,train
45526,875147935,train
59178,875147935,train
94908,875147935,train
43571,875147994,train
53685,875147994,train
59117,875147995,train
60662,875147995,train
85515,875147995,train
89693,875147995,train
45490,875148059,train
55913,875148059,train
64866,875148059,train
69323,875148059,train
92017,875148059,train
95536,875148059,train
46446,875148108,train
49093,875148108,train
50657,875148108,train
70063,875148108,train
96705,875148108,train
54127,875148195,train
46776,875148196,train
46908,875148196,train
47208,875148196,train
58436,875148196,train
70925,875148262,train
48722,875148319,train
10336,875153898,train
2365,875154310,train
28170,875154310,train
26950,875154438,train
1035,875154535,train
4668,875154535,train
11169,875154535,train
16695,875154535,train
18798,875154535,train
25589,875154535,train
36087,875154535,train
41028,875154535,train
49949,875154535,train
43057,875154655,train
1011,875154718,train
2137,875154718,train
11658,875154718,train
17510,875154718,train
26000,875154718,train
2199,875154795,train
7235,875154878,train
24338,875154878,train
292,875155140,train
5372,875155167,train
86427,875155257,train
36906,875158215,train
23176,875184280,train
9999,875184353,train
44836,875184353,train
59008,875184413,train
8040,875184682,train
25380,875184682,train
14030,875184717,train
18800,875184825,train
9030,875184963,train
73242,875184963,train
32011,875185219,train
9160,875185319,train
14868,875185319,train
16641,875185319,train
20950,875185319,train
26391,875185319,train
31406,875185319,train
48734,875185319,train
78306,875185319,train
29074,875185574,train
26294,875185596,train
86287,875185627,train
18972,875185664,train
74376,875216112,train
13363,875216249,train
3588,875216283,train
19126,875216283,train
7194,875216340,train
6238,875216420,train
20766,875216420,train
56286,875216458,train
5134,875216507,train
19043,875216507,train
27736,875216507,train
200,875216545,train
33545,875216545,train
11669,875216593,train
15644,875216593,train
29546,875216593,train
39774,875216628,train
37517,875216717,train
84545,875216717,train
4155,875216718,train
14463,875216718,train
19404,875216718,train
13462,875216786,train
15541,875216786,train
39331,875216786,train
77546,875216786,train
78517,875216786,train
15275,875216867,train
62020,875216867,train
1339,875216932,train
578,875216933,train
6546,875216933,train
23943,875216978,train
35587,875217033,train
53040,875217033,train
1667,875217096,train
35603,875217096,train
85386,875217096,train
13328,875217172,train
7541,875217265,train
22766,875217265,train
53774,875217265,train
81315,875217265,train
3064,875217392,train
6760,875217392,train
9081,875217392,train
28650,875217392,train
79783,875223756,train
78445,875223813,train
88280,875223813,train
59005,875223923,train
90743,875223923,train
64053,875223976,train
68446,875223976,train
56319,875224039,train
61541,875224039,train
58048,875224178,train
72129,875224178,train
72684,875224178,train
61924,875224252,train
81945,875224252,train
85455,875224252,train
63799,875224309,train
82393,875224309,train
92771,875224309,train
95352,875224309,train
57217,875224352,train
62076,875224352,train
78922,875224381,train
82500,875224482,train
87110,875224482,train
56183,875224515,train
72949,875224515,train
85854,875224515,train
87788,875224603,train
89664,875224603,train
98426,875224687,train
58551,875225193,train
65206,875225193,train
97263,875225219,train
60526,875225257,train
71930,875225297,train
53111,875227686,train
56061,875227686,train
81204,875227708,train
94400,875227708,train
96974,875227724,train
55063,875227742,train
64016,875227798,train
66308,875227798,train
87558,875227798,train
95629,875227798,train
58788,875227858,train
68936,875227858,train
78651,875227904,train
90321,875227904,train
76559,875227922,train
89770,875227954,train
24912,875235809,train
10654,875236191,train
9497,875236281,train
25624,875236281,train
27621,875236281,train
38373,875236281,train
12616,875236512,train
65319,875236512,train
82093,875236631,train
1606,875238579,train
6300,875238579,train
8112,875238608,train
3387,875238638,train
4367,875238638,train
35726,875238695,train
10613,875238726,train
18275,875238726,train
25272,875238778,train
41074,875238778,train
74248,875238778,train
15972,875238814,train
38436,875238814,train
41981,875238814,train
7013,875238853,train
29250,875238853,train
51563,875238853,train
4998,875238883,train
8141,875238883,train
88202,875238883,train
34681,875238922,train
74573,875238922,train
95945,875238922,train
3024,875238923,train
4936,875238923,train
35668,875238923,train
3973,875238984,train
16224,875238984,train
17562,875238984,train
58767,875238984,train
64865,875238984,train
1088,875239018,train
4551,875239018,train
61975,875239018,train
75729,875239018,train
78399,875239018,train
3749,875239092,train
45722,875239092,train
77000,875239092,train
964,875239125,train
1936,875239125,train
7669,875239125,train
35540,875239125,train
49531,875239267,train
74762,875239267,train
4104,875239346,train
16032,875239346,train
59865,875239346,train
871,875239383,train
26502,875239383,train
26954,875239383,train
427,875239422,train
6461,875239422,train
15372,875239422,train
4989,875239453,train
23637,875239454,train
19288,875239495,train
13312,875239535,train
51762,875239535,train
24017,875239569,train
42476,875239569,train
5171,875239619,train
19026,875239619,train
79225,875239619,train
1288,875239658,train
5198,875239658,train
25601,875239658,train
1022,875239691,train
17050,875239691,train
20419,875239691,train
24328,875239795,train
9858,875239870,train
36412,875239870,train
5502,875239871,train
16240,875239913,train
61799,875239913,train
1117,875239914,train
20151,875239942,train
23620,875239942,train
52136,875239942,train
1970,875239975,train
36653,875239975,train
33112,875240015,train
82705,875240015,train
40959,875240016,train
12516,875240053,train
91416,875240053,train
96403,875240053,train
278,875240090,train
19938,875240090,train
47446,875240090,train
58903,875240090,train
10534,875240132,train
3778,875240133,train
56157,875240133,train
8328,875240171,train
20009,875240171,train
34764,875240171,train
20983,875240201,train
36548,875240201,train
10276,875240237,train
14604,875240237,train
10902,875240266,train
10250,875240267,train
75011,875240267,train
12184,875240677,train
31992,875240739,train
11081,875240799,train
8835,875240920,train
32016,875240993,train
17989,875241390,train
31244,875241390,train
49854,875241390,train
94020,875241498,train
5556,875241619,train
7994,875241619,train
23096,875241619,train
5142,875241637,train
56068,875241687,train
52682,875242076,train
78448,875242076,train
74052,875242077,train
47355,875242281,train
79275,875242281,train
80772,875242281,train
92501,875242303,train
56716,875242336,train
73700,875242336,train
48655,875242599,train
52550,875242663,train
95098,875242663,train
97771,875242663,train
64461,875242683,train
59189,875242704,train
62420,875242762,train
66489,875242762,train
69668,875242762,train
58954,875242787,train
66329,875242787,train
73854,875242787,train
55297,875242813,train
49049,875242814,train
61247,875242814,train
81768,875242814,train
76588,875242851,train
65785,875242852,train
94144,875242852,train
94659,875242852,train
57865,875242885,train
60428,875242885,train
68766,875242885,train
90621,875242885,train
56626,875242912,train
63036,875242912,train
98409,875242912,train
49513,875242935,train
78230,875242964,train
46904,875242990,train
51924,875242990,train
55238,875243028,train
57226,875243028,train
60826,875243028,train
67357,875243028,train
51865,875243049,train
83999,875243049,train
87875,875243049,train
1804,875243968,train
57521,875243990,train
75004,875244051,train
38443,875244087,train
5220,875244125,train
27668,875244125,train
2909,875244160,train
34792,875244183,train
497,875244204,train
25269,875244204,train
26070,875244232,train
30709,875244232,train
34475,875244232,train
92878,875244232,train
37378,875244268,train
16521,875244289,train
7913,875244331,train
25184,875244331,train
17401,875244352,train
28472,875244352,train
19637,875244369,train
3833,875244387,train
73028,875244457,train
7479,875244475,train
13185,875244475,train
34024,875244512,train
65031,875244557,train
36138,875244558,train
49882,875244598,train
3626,875244633,train
55892,875244633,train
90105,875244633,train
17850,875244673,train
16877,875244694,train
92917,875244713,train
16531,875244766,train
56955,875244792,train
59213,875244813,train
31443,875244866,train
18037,875244901,train
12328,875244940,train
2289,875245077,train
27627,875245100,train
99588,875245100,train
91489,875245167,train
5268,875245223,train
55980,875245265,train
63548,875245283,train
74331,875245283,train
58712,875245319,train
20754,875245350,train
59595,875245350,train
19151,875245374,train
21814,875245374,train
4904,875245406,train
16698,875245406,train
99924,875245427,train
899,875245462,train
17104,875245462,train
22622,875245462,train
36728,875245481,train
30326,875245514,train
39764,875245514,train
53909,875245514,train
26186,875245533,train
18510,875245574,train
55040,875245574,train
78595,875245592,train
9444,875245618,train
2374,875245641,train
36963,875245641,train
34922,875245672,train
3636,875245690,train
29459,875245715,train
7734,875245739,train
33827,875245739,train
55214,875245760,train
35606,875245776,train
5391,875245798,train
51278,875245813,train
5063,875245846,train
13743,875245870,train
3567,875245907,train
16070,875245907,train
5308,875245928,train
21318,875245948,train
59281,875245967,train
11928,875245985,train
21423,875245985,train
32385,875245985,train
48611,875245985,train
5550,875245989,train
38441,875245989,train
2588,875246008,train
53751,875246008,train
18683,875246012,train
11525,875246037,train
6518,875246124,train
14074,875246146,train
14210,875246183,train
85195,875246183,train
6302,875246185,train
35480,875246185,train
7586,875246209,train
10213,875246209,train
15491,875246216,train
19331,875246216,train
21043,875246216,train
13192,875246247,train
7470,875246258,train
24562,875246308,train
35188,875246308,train
29197,875246330,train
13120,875246359,train
20609,875246398,train
44955,875246459,train
82244,875246459,train
99098,875246459,train
15492,875246482,train
33889,875246506,train
96706,875246506,train
2347,875246552,train
19878,875246632,train
792,875246662,train
19464,875246662,train
24763,875246662,train
37376,875246710,train
3639,875246745,train
549,875246759,train
23192,875246783,train
3218,875246824,train
43403,875246824,train
53936,875246857,train
7070,875246887,train
49200,875246919,train
8520,875246944,train
64162,875247023,train
18335,875247297,train
41908,875247421,train
4837,875247454,train
54445,875247522,train
8610,875247565,train
95034,875247565,train
42612,875247754,train
51103,875247754,train
54538,875247775,train
3820,875247833,train
3891,875247833,train
2491,875247855,train
50886,875249102,train
79524,875249102,train
36273,875249117,train
22222,875249134,train
5489,875249210,train
6485,875249210,train
4272,875249232,train
12993,875249259,train
17096,875249259,train
39877,875249259,train
63676,875249259,train
30765,875260242,train
28345,875260577,train
53704,875260577,train
31805,875261100,train
81981,875261100,train
20188,875261235,train
25257,875261261,train
39328,875261261,train
91779,875261261,train
94136,875261261,train
23337,875261350,train
41211,875261350,train
49030,875261350,train
69259,875261350,train
54433,875261666,train
58086,875261666,train
76218,875261747,train
82957,875261747,train
7597,875261753,train
46504,875261819,train
80501,875263067,train
62418,875263068,train
15997,875263077,train
9732,875263238,train
24839,875263244,train
35313,875263244,train
97756,875263330,train
20793,875263413,train
37996,875263413,train
64927,875263413,train
29634,875263473,train
16848,875263501,train
7779,875263574,train
6779,875263634,train
53598,875263664,train
16084,875263845,train
7936,875263877,train
16833,875263877,train
7822,875264110,train
22690,875264137,train
8016,875264209,train
20097,875264262,train
47224,875264262,train
43306,875264287,train
22799,875264355,train
27595,875264355,train
38549,875264432,train
97918,875264472,train
77944,875264491,train
9450,875264752,train
87700,875264785,train
51501,875264825,train
75448,875264825,train
18839,875264826,train
8904,875264904,train
14742,875264945,train
26875,875264945,train
24796,875264976,train
40285,875264976,train
7357,875264985,train
31613,875264985,train
43605,875264985,train
14490,875265071,train
35805,875265106,train
60931,875265114,train
26437,875265236,train
34470,875265265,train
97083,875265265,train
45545,875265295,train
98443,875265335,train
67330,875265368,train
73735,875265368,train
50191,875265392,train
19041,875265446,train
56401,875265446,train
10644,875265527,train
81048,875265528,train
52406,875265690,train
38291,875265825,train
35393,875266060,train
50347,875266060,train
8005,875266064,train
12624,875266064,train
21580,875266064,train
31109,875266176,train
29527,875266197,train
40485,875266197,train
19976,875266415,train
48361,875266415,train
39992,875266518,train
21038,875266600,train
43808,875266600,train
6717,875266665,train
70588,875266680,train
31192,875269386,train
93231,875269386,train
5801,875269755,train
18174,875269755,train
20737,875269755,train
23857,875269755,train
2782,875269822,train
11920,875269822,train
20056,875269822,train
2230,875269871,train
14007,875269871,train
20249,875269871,train
32461,875269871,train
37788,875270006,train
18729,875270276,train
94986,875270276,train
10568,875270322,train
47846,875270322,train
97667,875270322,train
32297,875270394,train
35245,875270394,train
86378,875270394,train
11098,875270429,train
15035,875270458,train
2729,875270507,train
45826,875270507,train
84020,875270507,train
99026,875270507,train
9576,875270508,train
307,875270570,train
32995,875270570,train
3471,875270616,train
11344,875270616,train
27633,875270616,train
74457,875270616,train
325,875270655,train
3989,875270655,train
20630,875270655,train
26728,875270655,train
63704,875270655,train
11861,875270692,train
21016,875270764,train
51781,875270764,train
67598,875270764,train
69544,875270764,train
37054,875270800,train
90988,875270832,train
4828,875270903,train
55227,875270903,train
77827,875270903,train
90009,875270903,train
27968,875270932,train
74409,875270932,train
38177,875270970,train
13274,875271047,train
60724,875271047,train
61233,875271047,train
89643,875271094,train
1763,875271128,train
12397,875271229,train
2790,875271312,train
3794,875271312,train
49177,875271312,train
91718,875271312,train
5240,875271357,train
35286,875271357,train
1658,875271397,train
30950,875271397,train
9152,875271442,train
11316,875271442,train
28537,875271477,train
48363,875271477,train
3597,875271522,train
23222,875271522,train
12858,875271562,train
3107,875271607,train
25586,875271607,train
25663,875271607,train
19259,875271660,train
53599,875271660,train
6244,875271838,train
11177,875271838,train
14732,875271838,train
54058,875271838,train
952,875271896,train
25320,875271896,train
26048,875271896,train
50477,875271896,train
75631,875271896,train
5693,875271948,train
46082,875271948,train
85947,875271948,train
2677,875272009,train
23133,875272009,train
33122,875272009,train
60126,875272009,train
28050,875272010,train
56471,875272010,train
24695,875272050,train
62502,875272050,train
94395,875272050,train
15820,875272131,train
8860,875272132,train
19135,875272132,train
26088,875272132,train
30599,875272132,train
1285,875272195,train
6995,875272196,train
7362,875272196,train
10317,875272196,train
45708,875272196,train
77845,875272196,train
7176,875272245,train
14567,875272245,train
20587,875272245,train
97049,875272245,train
6828,875272299,train
7504,875272299,train
14996,875272299,train
21035,875272299,train
28582,875272299,train
29249,875272299,train
80737,875272348,train
5057,875272349,train
21826,875272349,train
22328,875272349,train
43084,875272604,train
5494,875272652,train
12680,875272652,train
98970,875272652,train
14334,875272694,train
24316,875272694,train
23436,875272732,train
6289,875272786,train
15488,875272786,train
15806,875272786,train
17019,875272786,train
45383,875272786,train
99243,875272786,train
1098,875272833,train
19319,875272833,train
20082,875272833,train
40661,875272833,train
52077,875272833,train
61546,875272833,train
3632,875272871,train
61830,875272871,train
31139,875272926,train
89475,875272926,train
93474,875272926,train
18996,875272927,train
26872,875272927,train
68890,875272987,train
50746,875272988,train
1538,875273021,train
38142,875273120,train
89567,875273120,train
2275,875273174,train
10455,875273174,train
60667,875273234,train
30941,875273292,train
90568,875273415,train
35355,875273543,train
74568,875273544,train
18739,875273609,train
57557,875273609,train
53312,875274683,train
26701,875275561,train
21643,875275699,train
24831,875275699,train
48376,875275700,train
76840,875275763,train
81535,875275763,train
28777,875275815,train
30568,875276006,train
20503,875276081,train
81050,875276361,train
33544,875276589,train
30369,875277319,train
24291,875277472,train
47178,875277472,train
63787,875277472,train
25675,875279126,train
26514,875279126,train
82952,875279126,train
23008,875279153,train
38152,875279269,train
54227,875279269,train
62692,875279269,train
32381,875280041,train
33483,875280041,train
99298,875280041,train
25566,875280104,train
25948,875280104,train
26988,875280126,train
33872,875280126,train
94022,875280126,train
36956,875280143,train
25130,875280180,train
26464,875280180,train
98507,875280181,train
47022,875280214,train
55763,875280214,train
56849,875280214,train
47100,875280309,train
22926,875280310,train
25498,875280310,train
64877,875280310,train
20242,875280331,train
23600,875280331,train
88840,875280331,train
51083,875280352,train
66503,875280352,train
82675,875280352,train
32481,875280395,train
60061,875280395,train
22787,875280417,train
35061,875280417,train
62646,875280417,train
22793,875280462,train
41185,875280462,train
63974,875280462,train
87921,875280462,train
36512,875280499,train
80263,875280499,train
37584,875280518,train
43858,875280518,train
39253,875280539,train
78522,875280539,train
49192,875280628,train
57396,875280670,train
93784,875280670,train
22021,875283843,train
35108,875284096,train
40153,875284635,train
25210,875284879,train
48867,875286036,train
71756,875286036,train
39678,875286450,train
98912,875286450,train
64457,875286981,train
68648,875286981,train
79494,875286981,train
25306,875287535,train
30819,875287535,train
45109,875287535,train
23218,875287615,train
55090,875287615,train
91685,875287615,train
46987,875287686,train
47128,875287686,train
60717,875287686,train
64658,875287686,train
88725,875287686,train
63998,875287720,train
97734,875287721,train
41038,875287826,train
51507,875287826,train
84272,875287826,train
86383,875287826,train
72308,875287895,train
67262,875288164,train
70359,875288164,train
88032,875288164,train
94733,875288164,train
94857,875288164,train
96083,875288164,train
98794,875288164,train
29338,875288196,train
30672,875288196,train
49469,875288196,train
90713,875288197,train
66692,875288253,train
78684,875288253,train
83673,875288253,train
97520,875288253,train
99013,875288253,train
66839,875288304,train
69450,875288304,train
72746,875288304,train
79013,875288304,train
91276,875288304,train
98249,875288304,train
66257,875288362,train
74781,875288362,train
82670,875288362,train
87278,875288362,train
87724,875288362,train
90018,875288362,train
93938,875288362,train
66012,875288418,train
70527,875288418,train
85858,875288418,train
75515,875288443,train
50781,875288503,train
58776,875288503,train
84228,875288504,train
76462,875288522,train
92149,875288522,train
96677,875288522,train
73736,875288523,train
68413,875288570,train
70300,875288570,train
69546,875288612,train
84102,875288612,train
96311,875288613,train
66520,875288681,train
88367,875288681,train
94014,875288681,train
94865,875288681,train
96713,875288681,train
97237,875288681,train
66559,875288748,train
74471,875288748,train
84834,875288748,train
85876,875288749,train
90462,875288749,train
96383,875288749,train
96424,875288749,train
99293,875288749,train
37770,875288771,train
49742,875288771,train
61888,875288771,train
72836,875288771,train
70372,875288805,train
73012,875288805,train
73748,875288805,train
75700,875288805,train
83001,875288805,train
96954,875288805,train
65570,875288848,train
70072,875288848,train
97870,875288848,train
70157,875288898,train
71294,875288898,train
79186,875288898,train
89722,875288934,train
99161,875288934,train
68120,875288983,train
83450,875288983,train
70874,875289025,train
76149,875289025,train
86004,875289025,train
96079,875289025,train
77496,875289061,train
87280,875289061,train
71209,875289113,train
83257,875289113,train
83888,875289113,train
92708,875289113,train
96229,875289113,train
69386,875289170,train
76762,875289170,train
85764,875289170,train
88296,875289170,train
98008,875289170,train
76032,875289212,train
70149,875289250,train
97024,875289250,train
83731,875289280,train
80267,875289321,train
70552,875289322,train
96723,875289322,train
98695,875289322,train
80123,875289356,train
80410,875289356,train
88944,875289384,train
75901,875289417,train
90833,875289417,train
97346,875289417,train
76338,875289453,train
98809,875289453,train
70501,875289499,train
86036,875289499,train
87039,875289533,train
99210,875289533,train
79045,875289566,train
69173,875289611,train
72429,875289611,train
78735,875289611,train
91861,875289611,train
72966,875289638,train
98893,875289667,train
67922,875289697,train
83370,875289726,train
77101,875289761,train
77958,875289887,train
20493,875291403,train
34669,875291403,train
56970,875291403,train
20381,875291570,train
22407,875291570,train
35986,875291570,train
24958,875291571,train
64403,875291722,train
77098,875291722,train
93979,875291722,train
46827,875291902,train
59564,875291902,train
62581,875291902,train
29544,875292027,train
33976,875292027,train
28121,875292134,train
39895,875292319,train
29270,875292320,train
37449,875292320,train
71419,875292320,train
23308,875293386,train
51536,875293386,train
64029,875293386,train
82298,875293386,train
44759,875294464,train
32411,875294549,train
34619,875294549,train
52851,875294549,train
67704,875294549,train
81410,875294549,train
42263,875294741,train
84706,875294971,train
39476,875295093,train
23558,875295148,train
37855,875295148,train
55851,875295148,train
80645,875295368,train
22999,875295412,train
52887,875295469,train
95089,875295469,train
56631,875295521,train
83811,875295521,train
56227,875295566,train
64846,875295566,train
87873,875295566,train
8930,875295591,train
54691,875295616,train
58624,875295616,train
52695,875295695,train
63908,875295695,train
95045,875295695,train
95297,875295695,train
14779,875295736,train
59796,875295736,train
52984,875295772,train
68833,875295772,train
91611,875295772,train
75289,875295810,train
88920,875295810,train
98245,875295810,train
10183,875295812,train
81446,875295812,train
22981,875295838,train
57295,875295842,train
59918,875295842,train
76321,875295842,train
60543,875295930,train
76505,875295930,train
79671,875295930,train
97835,875295930,train
54539,875295943,train
89780,875295943,train
14649,875296005,train
50085,875296104,train
69296,875296109,train
93598,875296109,train
97743,875296109,train
65118,875296148,train
67354,875296148,train
99646,875296148,train
85340,875296178,train
55553,875296234,train
85144,875296234,train
98613,875296234,train
50493,875296238,train
94,875296291,train
10158,875296292,train
21576,875296309,train
22038,875296309,train
25148,875296309,train
33850,875296309,train
92528,875296309,train
59779,875296374,train
87650,875296375,train
41866,875296401,train
1110,875296435,train
2273,875296435,train
1879,875296461,train
8500,875296461,train
8774,875296461,train
9149,875296461,train
25168,875296461,train
52725,875296461,train
2343,875296552,train
24680,875296652,train
13322,875296676,train
47277,875296696,train
21683,875296792,train
22672,875296792,train
15072,875296813,train
58964,875296829,train
24963,875296868,train
37670,875296868,train
57718,875296868,train
947,875296891,train
3744,875296891,train
10884,875296924,train
46436,875296924,train
53817,875296924,train
84069,875297104,train
85264,875297195,train
8110,875297199,train
8721,875297199,train
13161,875297199,train
57477,875297256,train
24346,875297281,train
50344,875297281,train
71139,875297292,train
11183,875297381,train
41881,875297381,train
85368,875297381,train
5271,875297410,train
82172,875297410,train
868,875297433,train
22065,875297456,train
26434,875297456,train
55664,875297456,train
92924,875297456,train
94987,875297456,train
20020,875297479,train
38803,875297522,train
43018,875297522,train
3125,875297708,train
6621,875297708,train
13038,875297708,train
961,875298314,train
18470,875298314,train
3254,875298330,train
177,875298353,train
97199,875298419,train
40321,875298447,train
24743,875298494,train
21679,875298597,train
64426,875298652,train
67070,875298696,train
58037,875301056,train
60853,875301056,train
88340,875301056,train
49417,875301098,train
76002,875301653,train
27913,875302155,train
37848,875302155,train
94027,875302208,train
96533,875302208,train
52921,875303502,train
54677,875303502,train
87243,875303502,train
97005,875303502,train
70557,875303558,train
70053,875303559,train
94111,875303559,train
59900,875303589,train
97125,875303683,train
91371,875303718,train
54016,875303765,train
54570,875303765,train
98116,875303765,train
39290,875306430,train
20003,875306477,train
62399,875306477,train
34000,875306515,train
78576,875306515,train
12472,875306552,train
43752,875306552,train
89387,875306552,train
96042,875306552,train
2443,875306580,train
20061,875306580,train
6127,875306613,train
84216,875306613,train
85230,875306613,train
87620,875306613,train
3361,875306636,train
73373,875306644,train
5746,875306691,train
20495,875306691,train
96808,875306760,train
2609,875306767,train
61790,875306805,train
76824,875306820,train
1312,875306910,train
11678,875306910,train
18903,875306910,train
40145,875306910,train
85374,875306910,train
38901,875307210,train
56729,875307210,train
14934,875307379,train
85373,875307379,train
256,875307407,train
28950,875307407,train
68283,875307407,train
6653,875307443,train
4564,875307587,train
5657,875307587,train
16975,875308222,train
47739,875308510,train
99983,875308510,train
25421,875308670,train
76361,875308670,train
42495,875308674,train
40605,875308734,train
49498,875308734,train
99309,875308799,train
301,875308843,train
2626,875308843,train
7512,875308843,train
15462,875308843,train
27308,875308843,train
29112,875308843,train
41552,875308925,train
70057,875308925,train
10285,875308987,train
24032,875309141,train
44039,875309189,train
46939,875309231,train
13733,875309232,train
18196,875309232,train
50345,875309232,train
27070,875309258,train
26211,875309276,train
29032,875309276,train
37237,875309276,train
12399,875309282,train
33282,875309282,train
43460,875309282,train
73091,875309282,train
7897,875309304,train
41770,875309304,train
2390,875309319,train
1310,875309344,train
2780,875309344,train
19902,875309344,train
29425,875309344,train
57036,875309344,train
25347,875309350,train
63829,875309350,train
65375,875309350,train
79652,875309350,train
71368,875309351,train
60663,875309414,train
40810,875309415,train
49966,875309415,train
4981,875309430,train
19469,875309430,train
22009,875309430,train
27721,875309430,train
47523,875309430,train
51570,875309459,train
88669,875309473,train
37308,875309482,train
14524,875309486,train
23162,875309486,train
49712,875309486,train
29858,875309507,train
2658,875309583,train
13142,875309583,train
14653,875309583,train
16294,875309583,train
55021,875309616,train
44848,875309667,train
11833,875309718,train
21509,875309718,train
20510,875309719,train
21351,875309719,train
33772,875309719,train
38047,875309719,train
6700,875309760,train
77800,875309760,train
58495,875309801,train
60062,875309801,train
82386,875309801,train
11983,875309829,train
25109,875309829,train
3360,875309859,train
7468,875309859,train
58987,875309859,train
60664,875309859,train
82688,875309859,train
21449,875309861,train
10023,875309882,train
11102,875309882,train
33198,875309882,train
70564,875309911,train
44922,875309913,train
7329,875309914,train
54895,875309914,train
12731,875309935,train
5903,875309945,train
41992,875309945,train
77690,875309945,train
71164,875309950,train
17978,875309998,train
42059,875309998,train
73704,875309998,train
18980,875310031,train
41932,875310031,train
79745,875310031,train
8184,875310041,train
16812,875310041,train
97829,875310041,train
17129,875310083,train
30438,875310101,train
35537,875310116,train
36721,875310116,train
68318,875310116,train
23832,875310117,train
3987,875310145,train
41024,875310145,train
16723,875310157,train
2441,875310195,train
14193,875310206,train
1452,875310233,train
96235,875310233,train
30707,875310263,train
37133,875310263,train
76808,875310303,train
88105,875310303,train
6869,875310311,train
9768,875310311,train
10519,875310311,train
36716,875310311,train
64056,875310311,train
17430,875310352,train
18138,875310352,train
2869,875310384,train
16606,875310384,train
9071,875310394,train
39750,875310394,train
18688,875310412,train
95860,875310412,train
48484,875310418,train
5042,875310419,train
4773,875310442,train
35882,875310463,train
43170,875310463,train
88602,875310491,train
32383,875310524,train
34262,875310524,train
64449,875310524,train
3445,875310549,train
35503,875310571,train
74146,875310571,train
7966,875310603,train
14875,875310603,train
21380,875310603,train
51760,875310603,train
1382,875310606,train
42713,875310606,train
35398,875310625,train
5466,875310631,train
6447,875310631,train
8929,875310631,train
12860,875310631,train
20529,875310645,train
23712,875310645,train
26806,875310673,train
48698,875310673,train
43327,875310676,train
95803,875310704,train
25714,875310730,train
434,875310745,train
2368,875310745,train
8718,875310745,train
15966,875310745,train
53611,875310745,train
59141,875310745,train
22685,875310764,train
8077,875310784,train
24644,875310784,train
25630,875310784,train
43956,875310784,train
400,875310824,train
19462,875310824,train
22003,875310824,train
54988,875310824,train
51431,875310992,train
53860,875310992,train
54116,875310992,train
95555,875311156,train
25261,875311192,train
42006,875311192,train
37682,875311193,train
26156,875311225,train
32387,875311225,train
47171,875311225,train
70499,875311225,train
96148,875312034,train
12587,875312109,train
25501,875312133,train
22207,875312339,train
22439,875312339,train
77980,875312378,train
6409,875312441,train
17538,875312441,train
92445,875312441,train
50845,875312643,train
17691,875312719,train
27211,875312719,train
15690,875312745,train
12164,875312946,train
3892,875312947,train
47985,875312947,train
85786,875313015,train
75856,875313032,train
3224,875313311,train
78046,875313311,train
11483,875313350,train
33417,875313351,train
86205,875313351,train
98989,875313351,train
55758,875313387,train
79299,875313387,train
28104,875313406,train
22311,875313473,train
59558,875313514,train
10180,875313583,train
36033,875313600,train
78701,875313616,train
33893,875313646,train
62960,875313646,train
12236,875313750,train
611,875313859,train
13547,875313859,train
11437,875313883,train
81935,875313925,train
421,875314001,train
51440,875314001,train
92171,875314001,train
6315,875314076,train
41386,875314076,train
2831,875314093,train
991,875314144,train
5192,875314165,train
22547,875314231,train
34578,875314231,train
74787,875314231,train
10642,875314287,train
51927,875314287,train
5594,875314313,train
6875,875314313,train
30432,875314313,train
1343,875314334,train
6112,875314350,train
2090,875314370,train
52036,875314370,train
78876,875314386,train
4467,875314434,train
29053,875318082,train
28736,875318114,train
50181,875318114,train
85573,875318114,train
21905,875318154,train
42459,875318163,train
64871,875318163,train
65900,875318163,train
85927,875318163,train
91064,875318163,train
34184,875318164,train
48095,875318224,train
64107,875318224,train
93973,875318224,train
73442,875318263,train
19485,875318266,train
31011,875318266,train
40075,875318266,train
5948,875318267,train
10072,875318267,train
15304,875318267,train
20706,875318267,train
28079,875318267,train
45399,875318267,train
26412,875318291,train
52181,875318291,train
6986,875318328,train
31750,875318331,train
31919,875318331,train
34417,875318331,train
38497,875318331,train
74433,875318331,train
75778,875318331,train
96043,875318331,train
32773,875318347,train
24119,875318366,train
17725,875318423,train
90560,875318467,train
33790,875318488,train
84941,875318488,train
16647,875318509,train
17265,875318509,train
12290,875318536,train
12739,875318536,train
92369,875318536,train
17952,875318556,train
32528,875318585,train
33140,875318585,train
38066,875318585,train
7855,875318606,train
47482,875318606,train
5977,875318629,train
10510,875318629,train
19211,875318629,train
42253,875318648,train
37388,875318669,train
41177,875318688,train
36245,875318742,train
5802,875318762,train
17755,875318783,train
57691,875318783,train
59539,875318833,train
8325,875318858,train
31807,875318858,train
4622,875318882,train
23894,875318882,train
24768,875318907,train
65668,875318907,train
94006,875318907,train
17825,875318936,train
18081,875318936,train
38533,875318936,train
59714,875318936,train
77818,875318962,train
6522,875318963,train
31543,875318988,train
35629,875319012,train
42847,875319090,train
77555,875319090,train
6913,875319129,train
37867,875319151,train
83036,875319173,train
43079,875319195,train
7456,875319254,train
98698,875319295,train
53372,875319334,train
11147,875319383,train
22262,875319383,train
37007,875319412,train
48423,875319412,train
49584,875319435,train
25651,875319436,train
94142,875319457,train
8249,875319497,train
78514,875319536,train
21452,875319554,train
18121,875319597,train
26684,875319597,train
42488,875319617,train
6371,875319659,train
32078,875319659,train
89110,875319659,train
28132,875319681,train
13003,875319745,train
17083,875319745,train
60097,875319745,train
24435,875319786,train
26802,875319786,train
31895,875319808,train
13134,875319854,train
27006,875319854,train
10687,875319912,train
31808,875319912,train
53964,875319912,train
10781,875319967,train
27983,875319967,train
34884,875319967,train
9580,875319991,train
29952,875319992,train
52665,875319992,train
87013,875320014,train
13864,875320024,train
17697,875320024,train
71445,875320024,train
13454,875320037,train
25466,875320037,train
39056,875320052,train
84524,875320052,train
20916,875320082,train
53641,875320082,train
6217,875320084,train
34430,875320084,train
57756,875320104,train
21364,875320112,train
26662,875320112,train
47527,875320112,train
10203,875320124,train
9166,875320180,train
17348,875320199,train
34187,875320199,train
4966,875320227,train
16440,875320227,train
99262,875320247,train
10535,875320297,train
14229,875320297,train
15242,875320297,train
21065,875320297,train
1563,875320302,train
54136,875320312,train
42364,875320332,train
84003,875320334,train
11505,875320371,train
51855,875320371,train
59361,875320398,train
60398,875320398,train
18916,875320424,train
77433,875320424,train
4308,875320462,train
7902,875320462,train
13512,875320462,train
20540,875320462,train
88478,875320462,train
65971,875320487,train
9749,875320516,train
46015,875320516,train
4540,875320542,train
9597,875320542,train
21135,875320542,train
9399,875320574,train
19144,875320574,train
44890,875320574,train
53840,875320601,train
82054,875320601,train
30620,875320623,train
13207,875320633,train
26292,875320633,train
30769,875320633,train
73454,875320644,train
16868,875320661,train
33891,875320661,train
3598,875320689,train
72993,875320689,train
110,875320714,train
59600,875320714,train
91054,875320714,train
30522,875322727,train
80803,875322727,train
937,875322758,train
88520,875322758,train
45309,875322796,train
25778,875322847,train
17215,875322848,train
97059,875322848,train
1342,875322875,train
98976,875322875,train
27489,875322908,train
96142,875322951,train
3549,875323002,train
30022,875323002,train
33272,875323002,train
1042,875323003,train
27461,875323051,train
91442,875323051,train
30420,875323100,train
35514,875323100,train
92615,875323193,train
14376,875323240,train
1712,875323241,train
47955,875323241,train
22947,875323274,train
59621,875323274,train
22104,875323308,train
53864,875323308,train
3430,875323368,train
30347,875323368,train
48805,875323401,train
5616,875323440,train
36303,875323440,train
12025,875323474,train
32088,875323474,train
29161,875323475,train
8636,875323507,train
94438,875323552,train
5165,875323553,train
7622,875323594,train
30945,875323594,train
28761,875323595,train
15367,875323637,train
10085,875323676,train
85187,875323676,train
46471,875323711,train
29537,875323712,train
15342,875323745,train
18098,875323745,train
94545,875323745,train
11620,875323773,train
6761,875323833,train
49728,875323833,train
20875,875323879,train
4029,875323915,train
75146,875323915,train
38320,875324233,train
55942,875324233,train
93123,875324233,train
55258,875324266,train
39941,875324294,train
69175,875324298,train
71493,875324355,train
87838,875324355,train
37559,875324400,train
40139,875324455,train
45007,875324455,train
45432,875324598,train
70814,875324599,train
90437,875324654,train
38801,875324710,train
58706,875324710,train
69372,875324715,train
71897,875324756,train
80145,875324756,train
54550,875324766,train
35878,875324789,train
89113,875324790,train
68773,875324812,train
71278,875324813,train
38522,875324876,train
59977,875324876,train
83934,875324876,train
86347,875324876,train
80608,875324891,train
90110,875324915,train
65610,875324922,train
45906,875324947,train
88792,875324947,train
78002,875324975,train
88226,875324997,train
90955,875324997,train
37706,875325049,train
96194,875325049,train
98361,875325049,train
99780,875325093,train
40806,875325128,train
49230,875325168,train
87501,875325221,train
54354,875325225,train
51304,875325256,train
46304,875325273,train
85153,875325273,train
10645,875325377,train
13661,875325377,train
20682,875325377,train
48521,875325377,train
50298,875325377,train
45051,875325497,train
37966,875325577,train
42341,875325577,train
51151,875325577,train
52738,875325654,train
53043,875325654,train
37011,875325691,train
76098,875325740,train
87249,875325804,train
41040,875325865,train
44761,875325888,train
88948,875326138,train
50541,875326491,train
71843,875326491,train
80505,875326664,train
45426,875326698,train
83732,875326698,train
1636,875333873,train
10649,875333873,train
19327,875333873,train
45,875333916,train
27481,875333964,train
75006,875333964,train
12816,875333965,train
19396,875333965,train
52991,875334036,train
54003,875334036,train
19364,875334060,train
455,875334088,train
26694,875334089,train
9476,875334126,train
15747,875334126,train
25271,875334151,train
92024,875334196,train
2270,875334224,train
73194,875334224,train
57914,875334248,train
63663,875334248,train
23794,875334271,train
37333,875334271,train
9172,875334293,train
933,875334340,train
42280,875334340,train
1503,875334361,train
15755,875334405,train
2583,875334430,train
3894,875334430,train
9479,875334454,train
29407,875334494,train
41418,875334519,train
22379,875334587,train
2693,875334759,train
16916,875334759,train
42358,875334807,train
3027,875334896,train
19279,875334896,train
16186,875334962,train
15324,875335018,train
54382,875335018,train
2661,875335124,train
66625,875335190,train
22177,875335237,train
4633,875335424,train
70388,875335424,train
6448,875336652,train
10610,875336652,train
28999,875336652,train
27578,875336743,train
73791,875336775,train
7500,875336804,train
35059,875338983,train
35940,875338983,train
77326,875338983,train
96080,875338983,train
57031,875339041,train
58198,875339041,train
85605,875339041,train
97525,875339041,train
68279,875339083,train
77334,875339083,train
33665,875339132,train
74144,875339132,train
43939,875339156,train
37167,875339237,train
38957,875339723,train
61667,875339723,train
35716,875339876,train
42689,875339876,train
81689,875339876,train
74982,875339970,train
42563,875340010,train
50066,875340010,train
49031,875340062,train
55397,875340062,train
71957,875340062,train
48275,875340117,train
48391,875340191,train
40687,875340939,train
52257,875340939,train
82856,875341603,train
40801,875341758,train
47649,875341758,train
59417,875341858,train
73747,875342314,train
59406,875342355,train
75349,875342355,train
34043,875342875,train
42105,875342875,train
37710,875343067,train
63756,875343067,train
89869,875343583,train
83074,875348442,train
73092,875348571,train
54567,875348670,train
64939,875348856,train
56459,875348912,train
96096,875348912,train
97995,875348912,train
81399,875349045,train
78311,875349111,train
98877,875349530,train
59407,875349584,train
73256,875349584,train
48613,875349628,train
52458,875349628,train
49664,875349713,train
64070,875349775,train
98096,875349807,train
93109,875349850,train
53301,875349895,train
64746,875349895,train
49321,875349968,train
52090,875349968,train
58398,875349968,train
91805,875349968,train
54737,875350012,train
76431,875350012,train
99175,875350053,train
48007,875350086,train
50245,875350086,train
73322,875350086,train
50553,875350122,train
93988,875350122,train
62877,875350157,train
56627,875350223,train
66823,875350223,train
67895,875350223,train
92893,875350265,train
76464,875350316,train
77120,875350316,train
58013,875350352,train
97298,875350385,train
53098,875350418,train
53270,875350418,train
65519,875350418,train
47016,875350456,train
61375,875350456,train
97121,875350456,train
60521,875350485,train
77413,875350485,train
95215,875350515,train
60670,875350551,train
66261,875350551,train
56192,875350720,train
63710,875350720,train
77040,875350764,train
78224,875350764,train
73886,875350804,train
76715,875350913,train
86422,875350913,train
89015,875350913,train
98101,875350913,train
56226,875350944,train
78187,875350944,train
72252,875350995,train
54840,875351019,train
65267,875351092,train
67424,875351092,train
50797,875351299,train
60006,875351299,train
47590,875351346,train
53988,875351346,train
76165,875351404,train
79755,875351438,train
99235,875351438,train
88818,875351462,train
87448,875351486,train
54396,875351530,train
58123,875351530,train
74661,875351530,train
56632,875351603,train
81142,875351603,train
59839,875351638,train
61054,875351712,train
64030,875351712,train
56888,875351773,train
91208,875351837,train
68678,875351872,train
69056,875351872,train
96100,875351872,train
79892,875351873,train
93613,875351873,train
51102,875351905,train
61865,875351906,train
83616,875351906,train
90566,875351956,train
89522,875352679,train
91529,875352679,train
48240,875352737,train
79922,875352771,train
60548,875353105,train
92526,875353105,train
75478,875353533,train
77387,875353569,train
57869,875353678,train
91356,875353678,train
86774,875353780,train
69429,875353813,train
52159,875353869,train
66086,875353869,train
76371,875353869,train
77592,875353869,train
90525,875353869,train
95361,875372802,train
67486,875372844,train
98177,875372844,train
70681,875372903,train
92350,875372903,train
78264,875372947,train
99191,875372947,train
82234,875372988,train
85676,875372988,train
69204,875373074,train
94450,875373074,train
71104,875373214,train
95644,875373214,train
97839,875373294,train
99462,875373294,train
85237,875373416,train
91867,875373416,train
95164,875373416,train
95867,875373416,train
65249,875373470,train
83614,875373470,train
73551,875373471,train
79823,875373471,train
93915,875373471,train
79487,875373521,train
68489,875373582,train
78948,875373582,train
96380,875373582,train
69015,875373621,train
87979,875373621,train
74983,875373669,train
80187,875373669,train
77048,875373770,train
72701,875373824,train
82624,875373824,train
96172,875373824,train
97116,875373824,train
91087,875373888,train
73107,875373889,train
94673,875373889,train
70986,875373945,train
87387,875373945,train
90847,875373945,train
94098,875373945,train
71534,875374032,train
72124,875374032,train
79118,875374032,train
91849,875374032,train
71036,875374088,train
79071,875374088,train
93615,875374088,train
67719,875374269,train
94951,875374269,train
97383,875374269,train
2132,875379211,train
2408,875379287,train
26432,875379288,train
82510,875379288,train
9840,875379322,train
14876,875379322,train
2498,875379357,train
8390,875379419,train
42251,875379419,train
26397,875379420,train
3242,875379445,train
8850,875379445,train
8951,875379515,train
51917,875379540,train
4096,875379566,train
13548,875379566,train
71284,875379566,train
13845,875379594,train
8575,875379619,train
47733,875379643,train
56878,875379643,train
8196,875379683,train
37920,875379683,train
11168,875379706,train
28654,875379729,train
95015,875379750,train
4493,875379794,train
11892,875379794,train
14772,875379794,train
93282,875379794,train
5213,875384444,train
13249,875384514,train
11226,875384571,train
27665,875384591,train
93120,875384612,train
618,875384647,train
70600,875384669,train
28036,875384751,train
60167,875384751,train
93022,875384751,train
93846,875384751,train
1672,875384793,train
4112,875384793,train
5650,875384793,train
16803,875384793,train
26163,875384793,train
33186,875384825,train
38577,875384825,train
8446,875384885,train
25910,875384885,train
41179,875384885,train
75523,875384885,train
18614,875384916,train
34672,875384916,train
5707,875384946,train
17930,875384946,train
6939,875384979,train
9123,875384979,train
16551,875384979,train
34280,875384979,train
1225,875385007,train
4106,875385007,train
10508,875385057,train
72150,875385057,train
31359,875385099,train
10742,875385136,train
14465,875385136,train
21382,875385136,train
39159,875385136,train
775,875385198,train
24810,875385198,train
27442,875385198,train
40257,875385198,train
6916,875385228,train
10032,875385228,train
57254,875385228,train
56873,875385256,train
93029,875385256,train
16935,875385257,train
18672,875385257,train
53012,875385257,train
9633,875385280,train
26770,875385280,train
39060,875385280,train
24266,875385306,train
30384,875385306,train
34966,875385306,train
8771,875385335,train
31478,875385335,train
33439,875385335,train
13254,875385386,train
16524,875385386,train
21532,875385386,train
21965,875385386,train
23834,875385386,train
25028,875385386,train
31309,875385386,train
32406,875385386,train
58519,875385386,train
90976,875385386,train
21861,875385442,train
44402,875386402,train
45663,875386402,train
49491,875387273,train
70779,875388719,train
72715,875388719,train
88882,875388719,train
62652,875388720,train
95665,875388720,train
42598,875389187,train
47489,875389187,train
57848,875389187,train
88399,875389187,train
94509,875389187,train
98114,875389187,train
85474,875393346,train
29047,875393426,train
24925,875408934,train
9408,875408935,train
18519,875409099,train
12476,875409139,train
3351,875409423,train
8343,875409525,train
2101,875409827,train
84324,875409939,train
73175,875409978,train
93736,875409978,train
5918,875410013,train
37207,875410071,train
80080,875410099,train
63068,875410100,train
82653,875410124,train
73277,875410178,train
23037,875427021,train
37280,875427021,train
39456,875427021,train
91850,875427021,train
93908,875427103,train
23031,875427148,train
37937,875427224,train
37653,875427225,train
35750,875427532,train
85168,875427532,train
31773,875427629,train
34944,875427629,train
47002,875427629,train
56485,875427629,train
70657,875427629,train
25237,875427739,train
29469,875427739,train
41218,875427739,train
48003,875427739,train
28164,875427812,train
48089,875427812,train
47787,875427873,train
55122,875427873,train
50276,875427948,train
23461,875427993,train
27970,875427993,train
34103,875427993,train
44886,875427993,train
47701,875427993,train
43705,875428152,train
40455,875428185,train
44213,875428185,train
57142,875428185,train
47888,875428309,train
89753,875428309,train
44362,875428416,train
93137,875428416,train
41620,875428417,train
77765,875428417,train
94606,875428417,train
38316,875428531,train
25303,875428570,train
27967,875428570,train
57951,875428570,train
44986,875428702,train
93085,875428702,train
78756,875428703,train
23134,875428765,train
29905,875428765,train
40923,875428765,train
48912,875428765,train
50057,875428765,train
56636,875428765,train
61620,875428765,train
92979,875428765,train
98307,875428765,train
99902,875428765,train
44030,875429233,train
8964,875429292,train
94023,875436627,train
13284,875436683,train
34476,875441085,train
49429,875441085,train
27265,875441189,train
49296,875441348,train
34996,875441640,train
63105,875444631,train
35282,875458941,train
73487,875458941,train
36819,875458970,train
46899,875458970,train
66813,875458970,train
85715,875458970,train
13408,875459017,train
16537,875459017,train
27224,875459017,train
44386,875459017,train
53299,875459017,train
55642,875459017,train
1467,875459046,train
22568,875459046,train
34591,875459046,train
30943,875459073,train
35610,875459073,train
15189,875459099,train
15760,875459099,train
69703,875459099,train
27117,875459127,train
5589,875459166,train
4425,875459237,train
19678,875459237,train
35632,875459237,train
27251,875462426,train
55044,875462426,train
47120,875462466,train
61605,875462466,train
93204,875462466,train
44757,875462520,train
65629,875462520,train
69297,875462520,train
28398,875462568,train
31474,875462568,train
67769,875462568,train
41413,875462611,train
88115,875462611,train
91390,875462611,train
26794,875462645,train
52174,875462645,train
56235,875462645,train
34602,875462689,train
45037,875462689,train
57319,875462689,train
83793,875462689,train
92020,875462689,train
50407,875462726,train
34612,875462764,train
39240,875462764,train
54460,875462764,train
40652,875462795,train
97272,875462795,train
28044,875462826,train
40812,875462826,train
49721,875462826,train
71033,875462826,train
44701,875462867,train
45477,875462867,train
50609,875462867,train
32625,875462901,train
36537,875462901,train
38326,875462901,train
41063,875462901,train
50111,875462901,train
35327,875462965,train
36368,875463028,train
40460,875463028,train
43217,875463028,train
60887,875463028,train
85145,875463028,train
46173,875463079,train
42329,875463128,train
64730,875463128,train
73952,875463164,train
65165,875463165,train
41628,875463202,train
48186,875463202,train
70090,875463202,train
27034,875463245,train
33820,875463245,train
53712,875463245,train
96708,875463269,train
34201,875463351,train
91655,875463351,train
38221,875463386,train
39009,875463386,train
94874,875463386,train
70314,875463416,train
84578,875463416,train
28890,875463440,train
28349,875463468,train
69881,875463468,train
70144,875463468,train
43535,875463469,train
44138,875463494,train
68919,875463494,train
52863,875463525,train
53063,875463525,train
47350,875463551,train
88160,875463551,train
34317,875463595,train
47451,875463595,train
49301,875463595,train
82406,875463665,train
32255,875463891,train
27687,875463906,train
72102,875481336,train
46581,875481397,train
49552,875481397,train
43747,875481549,train
93922,875481856,train
61462,875482056,train
69499,875482056,train
56530,875482092,train
60688,875482092,train
73519,875482092,train
50509,875482136,train
56834,875482136,train
73772,875482136,train
46254,875482168,train
53971,875482169,train
47676,875482197,train
97882,875482197,train
55936,875482280,train
70869,875482280,train
92469,875482280,train
94032,875482309,train
97795,875482309,train
46768,875482336,train
76014,875482336,train
52982,875482364,train
45763,875482396,train
55849,875482396,train
51190,875482447,train
49750,875482448,train
74756,875482477,train
75985,875482477,train
94497,875482477,train
64806,875482524,train
92799,875482524,train
50469,875482548,train
60952,875482548,train
72512,875482574,train
45673,875482604,train
73419,875482604,train
94316,875482604,train
56496,875482626,train
83498,875482626,train
75387,875482653,train
62861,875482689,train
70396,875482689,train
88931,875482689,train
55291,875482731,train
67474,875482779,train
72694,875482779,train
48910,875482826,train
55868,875482860,train
57544,875482860,train
93630,875482860,train
47314,875482912,train
64788,875482912,train
97778,875482912,train
52627,875482939,train
54364,875483020,train
96022,875483020,train
48302,875483049,train
48848,875483049,train
61445,875483049,train
50523,875483050,train
46812,875483114,train
78109,875483144,train
72556,875483169,train
91638,875483234,train
57767,875483268,train
71492,875483268,train
78884,875483268,train
47289,875483301,train
89178,875483301,train
88739,875483302,train
63753,875483330,train
69576,875483330,train
78786,875483381,train
89341,875483381,train
91312,875483381,train
74558,875483407,train
75148,875483407,train
51685,875483435,train
68295,875483435,train
80165,875483473,train
91074,875483473,train
92694,875483473,train
69847,875483521,train
67466,875483564,train
92313,875483564,train
46180,875483597,train
52490,875483597,train
66613,875483597,train
67010,875483597,train
70392,875483597,train
44611,875483670,train
95804,875483741,train
59224,875483847,train
68486,875483847,train
75414,875483847,train
43285,875483881,train
66899,875483881,train
68577,875483881,train
94557,875483881,train
48071,875483947,train
57006,875483947,train
79250,875483947,train
90722,875483947,train
96144,875483947,train
96377,875483977,train
99600,875484044,train
44849,875484089,train
76994,875484089,train
50776,875484148,train
72229,875484148,train
56299,875484352,train
89254,875484406,train
53474,875484431,train
44020,875484454,train
44655,875484480,train
52049,875484501,train
43562,875484539,train
52285,875484539,train
65279,875484539,train
96461,875484539,train
43929,875484562,train
58931,875484584,train
45132,875484613,train
67947,875484613,train
72071,875484613,train
50073,875484763,train
75583,875484763,train
88627,875484789,train
77044,875484837,train
98083,875484837,train
70915,875484882,train
83467,875484882,train
44906,875484908,train
46610,875484908,train
75373,875484932,train
44007,875484953,train
75562,875485037,train
51181,875492066,train
15634,875498117,train
8216,875498278,train
9787,875498777,train
31300,875498777,train
5858,875498895,train
77390,875501254,train
83665,875501254,train
61784,875501300,train
86015,875501300,train
74979,875501334,train
91599,875501334,train
60070,875501402,train
82785,875501555,train
89207,875501725,train
61153,875501734,train
68858,875501756,train
73983,875501774,train
61170,875501782,train
67218,875501782,train
85484,875501795,train
97675,875501813,train
96161,875501835,train
73243,875501856,train
86630,875501889,train
78815,875501937,train
98336,875501960,train
77610,875501995,train
70822,875502042,train
71727,875502042,train
76578,875502042,train
80702,875502074,train
93149,875502074,train
98550,875502074,train
81890,875502096,train
82955,875502096,train
97500,875502116,train
83452,875502146,train
99134,875502146,train
67572,875502192,train
84519,875502192,train
92225,875502229,train
88368,875502230,train
94084,875502283,train
99015,875502283,train
80521,875502286,train
78141,875502299,train
89051,875502483,train
72653,875502560,train
83266,875502576,train
72219,875502597,train
89835,875502597,train
57588,875503280,train
81278,875503280,train
87732,875503280,train
17525,875503786,train
43882,875503932,train
51697,875503973,train
12806,875504118,train
5869,875504669,train
41496,875504669,train
58012,875504809,train
25235,875504835,train
2397,875504876,train
3223,875504876,train
33636,875506634,train
43494,875506634,train
92674,875506634,train
38453,875506737,train
52199,875506737,train
40021,875506771,train
41025,875506807,train
91503,875506807,train
659,875506839,train
18844,875508080,train
21344,875508169,train
28396,875508225,train
62186,875508225,train
5658,875508372,train
24983,875508485,train
24836,875508639,train
17314,875508693,train
1838,875508783,train
36058,875508817,train
50834,875508873,train
24611,875509150,train
8529,875509262,train
59747,875509262,train
34562,875509307,train
67584,875509307,train
43119,875509346,train
78697,875509346,train
11537,875509395,train
31523,875509395,train
12466,875509434,train
28493,875509434,train
16911,875509507,train
23657,875509507,train
33949,875509507,train
53744,875509507,train
39561,875509715,train
1601,875509787,train
7823,875509832,train
38969,875509832,train
2934,875509887,train
19936,875509888,train
23978,875509888,train
99830,875511963,train
6852,875536498,train
47272,875536591,train
11535,875536721,train
28400,875537099,train
50965,875537151,train
1142,875537441,train
52696,875537502,train
1740,875537717,train
64949,875537717,train
11220,875537964,train
16941,875537964,train
22011,875537964,train
24260,875537964,train
75825,875537964,train
170,875537965,train
2775,875537965,train
4102,875538027,train
6899,875538027,train
9312,875538027,train
15306,875538027,train
1351,875538028,train
8244,875538028,train
17768,875538028,train
66283,875538028,train
9879,875538864,train
11017,875538864,train
15356,875538864,train
184,875542174,train
4016,875542174,train
14766,875542174,train
17402,875542174,train
36342,875542174,train
46878,875542868,train
84925,875542868,train
84978,875542868,train
95627,875542944,train
92084,875542976,train
47896,875543025,train
62953,875543025,train
75143,875543025,train
92601,875543025,train
99736,875543025,train
74076,875543068,train
94378,875543108,train
60619,875543153,train
75532,875543153,train
88990,875543153,train
42846,875543191,train
53503,875543191,train
86355,875543191,train
99118,875543191,train
86144,875543228,train
95920,875543228,train
49955,875543281,train
58572,875543281,train
75233,875543281,train
75398,875543281,train
79660,875543281,train
83973,875543281,train
96803,875543281,train
46482,875543346,train
48208,875543346,train
48166,875543395,train
92156,875543395,train
27335,875548480,train
23000,875548522,train
79604,875550174,train
17644,875550223,train
73432,875550328,train
60450,875552352,train
95186,875552400,train
64642,875552401,train
92524,875552445,train
18076,875552496,train
39706,875552647,train
20611,875552685,train
55943,875552964,train
15389,875553018,train
15327,875553154,train
35381,875553424,train
24309,875553460,train
15845,875553509,train
21583,875553509,train
57637,875553509,train
42368,875553625,train
31236,875553731,train
63585,875554523,train
55208,875554639,train
53946,875554781,train
53221,875554819,train
93931,875554892,train
54521,875554953,train
93225,875555000,train
55741,875559398,train
50062,875559842,train
18368,875559910,train
23799,875560019,train
35260,875560067,train
34091,875560068,train
76277,875560150,train
86440,875560150,train
59799,875560255,train
37991,875560300,train
48534,875560300,train
18969,875560508,train
52130,875560790,train
54694,875560790,train
71785,875560933,train
32120,875561734,train
96152,875561852,train
40179,875561978,train
62190,875562062,train
75224,875562159,train
30238,875562198,train
24280,875562245,train
13805,875562268,train
21945,875562374,train
31445,875562410,train
88490,875562410,train
22181,875562441,train
36565,875562475,train
23762,875562510,train
57050,875562573,train
65232,875562645,train
28126,875562846,train
87117,875562903,train
89527,875562997,train
64983,875563050,train
44244,875563098,train
58164,875567562,train
3782,875635064,train
4429,875635174,train
72520,875635174,train
56111,875635189,train
1396,875635225,train
22659,875635225,train
23879,875635239,train
49076,875635265,train
24534,875635318,train
20970,875635327,train
10382,875635349,train
9007,875635350,train
17975,875635372,train
54365,875635384,train
76174,875635416,train
2649,875635431,train
8829,875635431,train
84788,875635443,train
96919,875635457,train
680,875635723,train
35744,875635723,train
1334,875635748,train
76172,875635757,train
28753,875635758,train
1313,875635807,train
14559,875635807,train
62850,875635807,train
12853,875635895,train
9957,875635907,train
95022,875635907,train
2319,875635947,train
25238,875635947,train
28056,875635947,train
10716,875635962,train
22463,875635962,train
53761,875635962,train
25656,875636014,train
14658,875636033,train
18317,875636033,train
173,875636053,train
9100,875636070,train
48507,875636070,train
9639,875636099,train
22454,875636099,train
55363,875636099,train
86658,875636099,train
33731,875636130,train
99849,875636130,train
13881,875636141,train
4705,875636152,train
19236,875636167,train
42663,875636167,train
13287,875636185,train
440,875636198,train
13591,875636230,train
51791,875636230,train
14260,875636265,train
41148,875636265,train
4095,875636281,train
74204,875636281,train
8508,875636297,train
22557,875636308,train
26385,875636340,train
6423,875636360,train
8592,875636375,train
24617,875636375,train
28201,875636375,train
3555,875636389,train
34299,875636389,train
923,875636493,train
15439,875636511,train
20027,875636540,train
18757,875636571,train
19025,875636571,train
21404,875636571,train
2027,875636587,train
17091,875636588,train
80487,875636588,train
1966,875636631,train
21555,875636631,train
15668,875636655,train
69061,875636655,train
4922,875636675,train
26873,875636675,train
42967,875636675,train
5873,875636691,train
28364,875636691,train
33921,875636691,train
6706,875636767,train
2956,875636793,train
24816,875636793,train
10465,875636815,train
93173,875636815,train
12089,875636830,train
37168,875636842,train
57064,875636905,train
25767,875637023,train
75743,875637033,train
57958,875637144,train
71738,875637145,train
84704,875637191,train
59078,875637329,train
26197,875637330,train
47804,875637419,train
13280,875637429,train
69530,875637440,train
18563,875637485,train
68975,875637487,train
22229,875637536,train
98986,875637541,train
2315,875637575,train
94437,875637587,train
98535,875637661,train
96443,875637680,train
71537,875637744,train
92102,875637744,train
57810,875637822,train
87718,875637822,train
83190,875637836,train
54493,875637927,train
63119,875637963,train
91734,875637986,train
99543,875638090,train
59169,875638150,train
64316,875638178,train
81244,875638178,train
98729,875638203,train
56112,875638323,train
75864,875638354,train
69742,875638447,train
71873,875638447,train
67106,875638474,train
61179,875638514,train
65679,875638547,train
77335,875638547,train
63989,875638627,train
89063,875638627,train
55550,875638649,train
70207,875638680,train
93384,875638680,train
77659,875638717,train
87676,875638717,train
94516,875638759,train
61374,875638817,train
53801,875638842,train
87559,875638883,train
84536,875638884,train
89569,875638884,train
64667,875638925,train
66733,875638972,train
69936,875639010,train
84200,875639010,train
73046,875639061,train
73416,875639061,train
77587,875639061,train
90387,875639061,train
99744,875639095,train
62109,875639115,train
86207,875639115,train
95718,875639134,train
83207,875639212,train
84759,875639212,train
78708,875639235,train
58314,875639236,train
76535,875639260,train
82424,875639260,train
62379,875639290,train
59603,875639324,train
62417,875639364,train
81295,875639441,train
87592,875639478,train
87332,875639553,train
60144,875639581,train
69433,875639581,train
82032,875639581,train
55555,875639642,train
57305,875639656,train
69760,875639656,train
88148,875639656,train
60655,875639680,train
78452,875639767,train
69267,875639784,train
7422,875639823,train
86504,875639836,train
68096,875639864,train
68155,875639889,train
75088,875639889,train
86727,875640072,train
14093,875640148,train
47745,875640148,train
60213,875640148,train
1770,875640189,train
24394,875640189,train
30821,875640189,train
8849,875640214,train
19381,875640214,train
21544,875640214,train
5822,875640251,train
15383,875640251,train
40098,875640251,train
59942,875640273,train
26124,875640294,train
26609,875640294,train
32888,875640318,train
57651,875640338,train
8985,875640385,train
1979,875640448,train
3823,875640487,train
6184,875640487,train
61554,875640512,train
73281,875640512,train
82726,875640542,train
82861,875640542,train
3418,875640582,train
18981,875640583,train
2538,875640609,train
19108,875640609,train
813,875640679,train
22731,875640679,train
74335,875640708,train
94665,875640740,train
718,875640800,train
68669,875641135,train
2458,875641367,train
14933,875641428,train
17118,875641516,train
31381,875642089,train
48500,875644752,train
33813,875644795,train
43695,875644795,train
4898,875644796,train
5771,875644796,train
12755,875644796,train
14698,875644796,train
32719,875644796,train
48787,875644796,train
95710,875644796,train
19207,875645340,train
33241,875645340,train
14351,875645579,train
38384,875649995,train
38881,875649995,train
61771,875649995,train
3642,875650018,train
6120,875650018,train
10621,875650018,train
64636,875650042,train
3900,875650068,train
7397,875650068,train
14294,875650068,train
28988,875650105,train
44692,875650105,train
42492,875650132,train
14705,875650267,train
17676,875650267,train
21144,875650267,train
59244,875650298,train
40147,875650329,train
46845,875650329,train
88106,875650329,train
16040,875651527,train
48478,875651657,train
14845,875651828,train
11464,875652318,train
49599,875652318,train
85276,875652318,train
22867,875652700,train
16366,875652760,train
30768,875652760,train
90885,875652760,train
79113,875652816,train
56543,875652876,train
13468,875652927,train
99374,875652927,train
9785,875652934,train
19182,875652934,train
24487,875652934,train
1575,875652981,train
13338,875652981,train
15728,875652981,train
15774,875652981,train
32824,875652981,train
33658,875652981,train
1581,875653016,train
23143,875653016,train
20924,875653043,train
9517,875653050,train
18303,875653050,train
28809,875653050,train
53164,875653077,train
41309,875653091,train
8306,875653121,train
17731,875653121,train
89129,875653121,train
74091,875653162,train
96052,875653162,train
91775,875653168,train
2645,875653198,train
82441,875653198,train
19500,875653242,train
51212,875653242,train
250,875653271,train
20094,875653271,train
22711,875653271,train
27013,875653271,train
6307,875653307,train
8034,875653307,train
9292,875653363,train
9687,875653363,train
9516,875653519,train
28136,875653519,train
33971,875653519,train
46743,875653519,train
57292,875653519,train
3861,875653549,train
8150,875653549,train
13964,875653579,train
14906,875653579,train
21308,875653605,train
6155,875653664,train
33273,875653664,train
47957,875653664,train
432,875653665,train
67199,875653665,train
16565,875653699,train
19616,875653699,train
55407,875653699,train
516,875653723,train
14900,875653723,train
1874,875653769,train
33188,875653769,train
89208,875653769,train
8054,875653805,train
49378,875653805,train
30764,875653836,train
51761,875653836,train
1645,875653867,train
12041,875653867,train
65941,875653867,train
29974,875653913,train
11887,875653914,train
8027,875653960,train
26750,875653960,train
51173,875653960,train
99542,875653960,train
35571,875653988,train
1713,875654125,train
7100,875654125,train
11195,875654125,train
26931,875654125,train
33044,875654125,train
89604,875654125,train
11015,875654159,train
12228,875654159,train
53589,875654159,train
54770,875654159,train
9747,875654189,train
15979,875654189,train
40071,875654189,train
8223,875654222,train
36146,875654222,train
47618,875654222,train
49656,875654245,train
22146,875654297,train
9679,875654321,train
53878,875654353,train
32249,875654432,train
76940,875654432,train
83901,875654432,train
15360,875654533,train
19769,875654533,train
26925,875654534,train
43037,875654534,train
22382,875654542,train
1681,875654590,train
10458,875654590,train
46401,875654592,train
208,875654637,train
96014,875654665,train
10588,875654732,train
23054,875654732,train
52990,875654732,train
93144,875654732,train
36251,875654733,train
15386,875654781,train
665,875654798,train
20012,875654846,train
24748,875654846,train
25897,875654846,train
34468,875654846,train
42431,875654846,train
2022,875654888,train
24486,875654888,train
86517,875654888,train
1794,875654929,train
3056,875654929,train
26302,875654929,train
30897,875654929,train
55147,875655011,train
10357,875655063,train
52814,875655073,train
54032,875655073,train
93524,875655669,train
27763,875655841,train
1371,875655961,train
75330,875655986,train
99724,875655986,train
7389,875655990,train
11712,875656025,train
66015,875656054,train
24114,875656055,train
31028,875656055,train
62472,875656071,train
60622,875656086,train
83540,875656086,train
85217,875656111,train
46837,875656121,train
1274,875656164,train
86468,875656164,train
363,875656201,train
15229,875656201,train
3512,875656288,train
20306,875656288,train
45193,875656317,train
9197,875656349,train
4093,875656392,train
12027,875656392,train
13187,875656392,train
11270,875656419,train
71980,875656419,train
19851,875656474,train
42139,875656502,train
13080,875656535,train
20810,875656557,train
3627,875656623,train
12928,875656623,train
15486,875656624,train
22268,875656624,train
24920,875656624,train
70074,875656624,train
86651,875657595,train
31649,875657620,train
61346,875657640,train
1894,875657681,train
16466,875657681,train
49709,875657734,train
50572,875657734,train
53177,875657734,train
80761,875657734,train
21885,875657802,train
80121,875657802,train
91205,875657802,train
23124,875657857,train
86830,875657857,train
42197,875657863,train
14943,875657926,train
16277,875657926,train
45885,875657926,train
55272,875658112,train
82967,875658112,train
40815,875658159,train
19817,875658312,train
14324,875658715,train
51936,875658715,train
11237,875658794,train
26324,875658794,train
48586,875658794,train
98915,875658800,train
39592,875658824,train
42858,875658853,train
44518,875658853,train
43552,875658862,train
56214,875658887,train
12569,875658898,train
16347,875658898,train
22885,875658898,train
72669,875658898,train
16263,875658967,train
47815,875658967,train
65735,875658967,train
85668,875658967,train
24984,875658968,train
37366,875658983,train
62013,875659055,train
58093,875659076,train
68420,875659098,train
74324,875659098,train
60076,875659150,train
99942,875659150,train
32240,875659174,train
72953,875659175,train
93458,875659175,train
11619,875659191,train
87803,875659236,train
86524,875659256,train
17780,875659265,train
40716,875659265,train
23313,875659266,train
26438,875659266,train
41242,875659306,train
13311,875659319,train
65628,875659319,train
28469,875659329,train
11824,875659441,train
41722,875659497,train
51432,875659517,train
56357,875659518,train
60747,875659518,train
67625,875659518,train
98352,875659518,train
82262,875659576,train
49661,875659636,train
82993,875659665,train
53930,875659686,train
39909,875659708,train
26104,875659746,train
83743,875659755,train
65968,875659761,train
97965,875659777,train
42052,875659826,train
62488,875659826,train
65787,875659826,train
38287,875659843,train
61732,875659843,train
63132,875659844,train
82966,875659844,train
64928,875659849,train
82283,875659849,train
97322,875659849,train
40337,875659896,train
17931,875659924,train
48044,875659924,train
46754,875659943,train
75819,875659943,train
94900,875659943,train
12744,875659999,train
52013,875660009,train
53670,875660009,train
55785,875660009,train
4139,875660028,train
80932,875660036,train
83131,875660081,train
65171,875660083,train
64967,875660105,train
4241,875660164,train
23839,875660164,train
46374,875660194,train
77963,875660215,train
35920,875660226,train
45879,875660236,train
42125,875660274,train
46731,875660295,train
27563,875660302,train
43936,875660302,train
5760,875660304,train
12460,875660304,train
39279,875660347,train
58742,875660347,train
71010,875660347,train
84063,875660347,train
459,875660408,train
44808,875660419,train
16564,875660439,train
45018,875660439,train
1364,875660468,train
16630,875660468,train
22887,875660468,train
60900,875660482,train
11721,875660494,train
36680,875660494,train
44412,875660535,train
51733,875660535,train
83874,875660535,train
48829,875660546,train
86749,875660569,train
85148,875660788,train
56753,875660823,train
35791,875660850,train
68410,875660850,train
51569,875660886,train
76542,875660886,train
52042,875661486,train
39762,875661567,train
61593,875661567,train
55414,875661596,train
38342,875662979,train
40432,875662979,train
43981,875662979,train
30772,875663056,train
81601,875663056,train
95888,875663170,train
51466,875663267,train
40262,875663372,train
35455,875663543,train
38642,875663543,train
42794,875663543,train
72001,875663687,train
55899,875664365,train
32845,875665787,train
34181,875665787,train
35768,875665787,train
37712,875665787,train
47124,875665787,train
52258,875665787,train
57108,875665787,train
75428,875665787,train
87811,875665787,train
98204,875665793,train
70365,875665867,train
83045,875665867,train
96604,875665867,train
77822,875665908,train
56121,875666064,train
96193,875666110,train
83390,875666179,train
54835,875666242,train
58079,875666242,train
68003,875666242,train
81956,875666242,train
50951,875666268,train
58863,875666268,train
93737,875666317,train
88571,875666375,train
68276,875666421,train
29580,875667109,train
50463,875667131,train
82547,875667247,train
63824,875667294,train
50685,875667366,train
52827,875667366,train
56322,875667450,train
99508,875667717,train
57197,875667834,train
86297,875668080,train
64471,875668105,train
54141,875668219,train
78741,875668368,train
57554,875668418,train
89706,875668535,train
75234,875668737,train
63417,875668781,train
74871,875668781,train
67361,875668888,train
74722,875668932,train
93188,875668968,train
51955,875669011,train
70751,875669077,train
86562,875669114,train
39789,875670796,train
43874,875670915,train
35795,875670939,train
82641,875671033,train
45356,875671062,train
33322,875671081,train
68153,875671107,train
34269,875671198,train
89166,875671198,train
47364,875671226,train
60714,875671255,train
37148,875671277,train
45589,875671302,train
45941,875671334,train
60571,875671334,train
53172,875671372,train
71724,875671413,train
35190,875671464,train
45696,875671464,train
53289,875671464,train
49564,875671505,train
34714,875671525,train
66990,875671549,train
39950,875671579,train
54959,875671579,train
99651,875671579,train
77337,875671598,train
41019,875671619,train
33592,875671674,train
36710,875671674,train
60102,875671732,train
97068,875671757,train
38528,875671807,train
45482,875671807,train
86973,875671807,train
55990,875671861,train
53010,875671890,train
40745,875671891,train
83439,875671891,train
53024,875671951,train
68965,875671982,train
70105,875671982,train
87945,875672852,train
46205,875672874,train
88675,875672874,train
73055,875672949,train
94689,875672949,train
36029,875672970,train
56708,875672970,train
41032,875672999,train
41825,875672999,train
82783,875673098,train
34636,875673181,train
74164,875679687,train
92044,875679687,train
94543,875679687,train
75430,875679721,train
93551,875679721,train
81010,875679767,train
97448,875679768,train
60481,875679795,train
77299,875679795,train
78784,875679795,train
66645,875679860,train
81534,875679860,train
90060,875679860,train
64661,875679861,train
99024,875679906,train
80400,875679958,train
94258,875679958,train
62793,875679992,train
76979,875679992,train
99667,875679992,train
96616,875680020,train
82409,875680045,train
59960,875680046,train
77476,875680046,train
88323,875680070,train
87054,875680098,train
87084,875680098,train
93930,875680098,train
88473,875680099,train
65575,875680119,train
95454,875680142,train
67606,875680165,train
76689,875680165,train
73998,875680186,train
90497,875680212,train
60255,875680258,train
73489,875680258,train
85842,875680258,train
77424,875680311,train
95321,875680448,train
82318,875680472,train
78901,875680493,train
62735,875680520,train
66365,875680546,train
90386,875680568,train
59374,875680597,train
74627,875680597,train
74896,875680597,train
74977,875680597,train
66894,875680668,train
68344,875680668,train
12974,875680871,train
48934,875680937,train
10986,875681078,train
11383,875681145,train
34551,875692927,train
15293,875692955,train
8746,875692979,train
55637,875692992,train
62650,875693007,train
13543,875693118,train
14757,875707690,train
64300,875707721,train
18965,875707746,train
23516,875707746,train
16249,875716013,train
38783,875716709,train
56438,875716709,train
73681,875716709,train
95046,875716709,train
49692,875716829,train
58570,875716829,train
37401,875716830,train
16891,875717020,train
27901,875717020,train
61887,875717020,train
97998,875717020,train
13955,875717106,train
19059,875717106,train
21594,875717106,train
15618,875717315,train
29374,875717407,train
43481,875717407,train
41093,875717638,train
88954,875717638,train
18626,875717717,train
32223,875717717,train
36155,875717717,train
54747,875717779,train
56470,875717779,train
22451,875718614,train
40735,875718614,train
63570,875718614,train
78535,875718614,train
41604,875718670,train
29105,875718731,train
17471,875718889,train
29268,875718954,train
59185,875719080,train
24282,875719199,train
15322,875719399,train
15696,875719399,train
63237,875719399,train
26777,875719764,train
33453,875720232,train
81261,875720467,train
90200,875720673,train
1483,875720691,train
5704,875720692,train
14171,875720692,train
87327,875720692,train
6104,875720717,train
83373,875720717,train
4015,875720744,train
16157,875720744,train
23404,875720744,train
48387,875720744,train
10077,875720762,train
10603,875720814,train
19560,875720814,train
10999,875720830,train
49361,875720830,train
59887,875720845,train
10178,875720947,train
4934,875720948,train
38710,875720967,train
44226,875720967,train
13808,875721019,train
70907,875721019,train
41334,875721111,train
64875,875721111,train
21149,875721167,train
26102,875721167,train
30495,875721168,train
44295,875721168,train
1743,875721196,train
29951,875721196,train
13114,875721216,train
20604,875721216,train
79200,875721216,train
7200,875721260,train
8808,875721315,train
16529,875721348,train
30073,875721348,train
91184,875721348,train
1095,875721432,train
69640,875721473,train
78995,875721473,train
78398,875721502,train
61455,875721539,train
13152,875721548,train
77363,875721548,train
11100,875721555,train
30414,875721572,train
82977,875721604,train
19416,875721702,train
49603,875721702,train
79453,875721734,train
90002,875721765,train
61798,875721793,train
84465,875721793,train
84533,875721793,train
62253,875721843,train
66601,875721843,train
60768,875721869,train
96983,875721869,train
85055,875721889,train
63835,875721919,train
58716,875721948,train
29075,875721967,train
59876,875721969,train
57772,875721989,train
67482,875721989,train
57322,875722007,train
88112,875722032,train
87071,875722050,train
60492,875722069,train
11605,875722071,train
81184,875722104,train
83513,875722104,train
81081,875722123,train
98237,875722123,train
87939,875722141,train
71975,875722169,train
91755,875722169,train
94879,875722169,train
97668,875722187,train
56962,875722225,train
59370,875722225,train
58067,875722246,train
84887,875722246,train
72496,875722267,train
87899,875722298,train
69411,875722318,train
67560,875722350,train
57746,875722371,train
93114,875722371,train
57099,875722392,train
96005,875722393,train
98483,875722483,train
22048,875722533,train
90532,875723172,train
30108,875723253,train
79316,875723253,train
71715,875723266,train
13973,875723337,train
16163,875723337,train
21259,875723337,train
33958,875723337,train
44434,875723337,train
19846,875725256,train
63303,875725256,train
14263,875725927,train
92628,875726010,train
44892,875726453,train
45754,875726618,train
50525,875726618,train
56492,875726618,train
66282,875726618,train
99280,875726618,train
89050,875726707,train
45438,875726708,train
85792,875726708,train
16479,875726730,train
43829,875726759,train
47591,875726759,train
47909,875726759,train
57262,875726759,train
59807,875726759,train
70820,875726786,train
85955,875726786,train
67920,875726793,train
46922,875726886,train
49400,875726886,train
57595,875726886,train
60629,875726886,train
64528,875726926,train
71390,875726927,train
46680,875726968,train
83056,875726968,train
54684,875727018,train
64398,875727018,train
65513,875727018,train
74971,875727018,train
83180,875727018,train
94760,875727018,train
52319,875727061,train
54317,875727061,train
99422,875727061,train
49330,875727099,train
53146,875727099,train
77863,875727099,train
55817,875727143,train
59678,875727143,train
80323,875727143,train
72003,875727144,train
70330,875727189,train
84471,875727189,train
85782,875727189,train
99066,875727189,train
44570,875727226,train
82403,875727226,train
83012,875727226,train
88426,875727270,train
59795,875727271,train
59206,875727306,train
93296,875727306,train
55228,875727399,train
56700,875727399,train
57721,875727399,train
80728,875727399,train
87859,875727399,train
75714,875727449,train
78087,875727449,train
78782,875727449,train
75652,875727476,train
44025,875727513,train
71655,875727513,train
83836,875727513,train
51506,875727550,train
62320,875727581,train
65935,875727582,train
47027,875727640,train
55402,875727640,train
59578,875727640,train
59683,875727640,train
83551,875727640,train
64942,875727672,train
87529,875727672,train
52345,875727715,train
71723,875727715,train
99714,875727715,train
44035,875727749,train
87147,875727781,train
74363,875727821,train
58857,875727877,train
61486,875727877,train
80981,875727877,train
90810,875727877,train
48167,875727926,train
49551,875727926,train
60642,875727926,train
66687,875727926,train
85258,875727926,train
63229,875728048,train
99862,875728048,train
52925,875728181,train
57270,875728181,train
72620,875728181,train
71527,875728220,train
56427,875728293,train
60134,875728293,train
50922,875728345,train
55545,875728345,train
57788,875728345,train
68222,875728345,train
82367,875728345,train
45071,875728435,train
46579,875728435,train
83013,875728435,train
57040,875728508,train
58467,875728509,train
66230,875728581,train
47835,875728639,train
66247,875728639,train
82819,875728639,train
86526,875728639,train
62477,875728702,train
55453,875728729,train
79199,875728729,train
42855,875728783,train
59955,875728783,train
78453,875728783,train
99427,875728783,train
44630,875728801,train
54846,875728801,train
69131,875728801,train
38760,875728834,train
41374,875728834,train
42669,875728834,train
55562,875728834,train
59062,875728834,train
59671,875728842,train
62246,875728842,train
96305,875728842,train
56861,875728872,train
73323,875728872,train
48165,875728912,train
73271,875728912,train
78319,875728912,train
38420,875728913,train
40518,875728913,train
57732,875728913,train
62981,875728913,train
55854,875728952,train
71915,875728952,train
73054,875728952,train
46330,875728989,train
82807,875729064,train
72656,875729068,train
37197,875729069,train
43436,875729069,train
64257,875729069,train
75879,875729069,train
38445,875729105,train
39053,875729105,train
40322,875729105,train
44663,875729106,train
65379,875729106,train
86547,875729106,train
91418,875729107,train
48194,875729146,train
57913,875729146,train
37025,875729148,train
90941,875729148,train
63620,875729178,train
44369,875729217,train
64063,875729217,train
77557,875729217,train
90965,875729217,train
92926,875729217,train
58818,875729239,train
57245,875729270,train
65456,875729270,train
52353,875729271,train
94674,875729304,train
69113,875729431,train
73038,875729436,train
99843,875729456,train
41473,875729478,train
63445,875729478,train
50722,875729489,train
51818,875729489,train
58073,875729520,validation
95427,875729520,validation
75490,875729535,validation
78456,875729535,validation
81066,875729535,validation
91096,875729535,validation
94251,875729535,validation
67534,875729558,validation
58243,875729622,validation
71177,875729633,validation
92302,875729633,validation
55589,875729667,validation
69838,875729667,validation
37070,875729668,validation
41409,875729668,validation
44453,875729668,validation
62789,875729668,validation
89196,875729668,validation
90499,875729668,validation
92850,875729668,validation
39298,875729710,validation
39946,875729710,validation
54385,875729710,validation
46085,875729749,validation
47746,875729749,validation
71167,875729749,validation
88921,875729749,validation
72436,875729751,validation
49872,875729794,validation
51960,875729794,validation
52503,875729794,validation
53316,875729794,validation
54238,875729794,validation
96499,875729794,validation
79376,875729820,validation
42906,875729825,validation
54920,875729825,validation
48013,875729830,validation
89526,875729887,validation
44880,875729907,validation
77632,875729982,validation
46090,875729983,validation
72206,875729983,validation
62039,875730030,validation
62193,875730042,validation
81516,875730082,validation
88002,875730082,validation
67901,875730244,validation
99957,875730244,validation
90853,875730279,validation
91151,875730279,validation
87761,875730312,validation
97576,875730312,validation
45065,875730313,validation
58651,875730313,validation
61835,875730379,validation
64775,875730379,validation
76408,875730379,validation
78506,875730379,validation
79459,875730379,validation
85032,875730379,validation
87579,875730379,validation
88918,875730379,validation
89432,875730379,validation
46583,875730386,validation
53486,875730386,validation
60462,875730386,validation
59024,875730418,validation
69095,875730418,validation
71026,875730418,validation
93813,875730418,validation
64062,875730455,validation
78176,875730455,validation
71598,875730482,validation
83990,875730532,validation
74425,875730533,validation
89405,875730533,validation
93900,875730533,validation
58055,875730601,validation
80325,875730601,validation
92727,875730601,validation
59581,875730629,validation
60215,875730629,validation
73444,875730629,validation
88355,875730629,validation
68136,875730686,validation
90824,875730686,validation
60726,875730719,validation
88858,875730719,validation
99938,875730719,validation
60393,875730757,validation
77791,875730757,validation
58003,875730826,validation
71774,875730826,validation
73990,875730826,validation
81734,875730889,validation
70783,875730895,validation
82553,875730895,validation
95009,875730895,validation
89228,875730947,validation
65799,875730979,validation
93007,875730979,validation
79503,875730980,validation
71936,875731021,validation
79440,875731021,validation
79526,875731021,validation
67917,875731022,validation
85242,875731022,validation
51731,875731050,validation
78378,875731105,validation
78872,875731105,validation
79509,875731105,validation
79948,875731105,validation
80027,875731105,validation
81977,875731105,validation
86550,875731105,validation
87348,875731105,validation
88730,875731105,validation
79946,875731189,validation
93993,875731189,validation
81543,875731224,validation
89618,875731225,validation
99779,875731225,validation
97469,875731282,validation
60508,875731330,validation
84212,875731330,validation
93616,875731330,validation
95309,875731330,validation
63765,875731370,validation
98248,875731370,validation
69781,875731406,validation
92150,875731406,validation
58172,875731441,validation
60597,875731441,validation
82398,875731489,validation
82435,875731489,validation
96004,875731489,validation
96361,875731490,validation
62377,875731529,validation
95339,875731529,validation
59107,875731567,validation
76731,875731567,validation
84594,875731567,validation
87384,875731567,validation
70304,875731605,validation
87415,875731605,validation
76779,875731674,validation
78212,875731674,validation
80084,875731674,validation
80594,875731674,validation
99363,875731674,validation
60046,875731722,validation
76365,875731722,validation
88913,875731722,validation
74349,875731776,validation
87323,875731776,validation
93015,875731776,validation
58142,875731816,validation
90440,875731816,validation
25855,875732304,validation
81730,875732368,validation
31979,875732652,validation
19570,875732738,validation
24537,875732862,validation
32860,875732862,validation
95305,875732862,validation
16953,875733496,validation
52707,875733496,validation
25736,875733660,validation
64659,875733660,validation
5849,875733888,validation
77240,875734031,validation
26068,875734996,validation
20148,875735255,validation
20748,875735638,validation
27116,875736199,validation
28103,875736199,validation
5403,875736276,validation
27538,875736276,validation
28697,875736732,validation
53863,875736732,validation
94590,875736732,validation
22805,875738202,validation
21551,875738333,validation
14591,875738391,validation
44743,875738523,validation
7246,875742077,validation
23944,875742275,validation
10374,875742316,validation
12049,875742316,validation
22209,875742316,validation
81662,875742316,validation
1929,875742341,validation
44940,875742341,validation
74101,875742365,validation
13510,875742407,validation
20224,875742407,validation
8138,875742437,validation
28678,875742437,validation
39704,875742470,validation
74140,875742470,validation
93164,875742470,validation
23833,875742499,validation
36446,875742499,validation
3316,875742530,validation
4856,875742530,validation
39801,875742556,validation
62766,875742556,validation
69548,875742613,validation
1106,875742647,validation
37400,875742647,validation
15382,875742680,validation
5457,875742794,validation
758,875742822,validation
53333,875742822,validation
46842,875742866,validation
57808,875742866,validation
70746,875742878,validation
15221,875742893,validation
19620,875742916,validation
264,875742942,validation
4322,875742942,validation
7903,875742992,validation
53818,875743006,validation
17321,875743012,validation
83516,875743012,validation
6889,875743065,validation
32983,875743090,validation
17216,875743110,validation
57565,875743140,validation
74734,875743140,validation
83492,875743140,validation
3693,875743141,validation
57196,875743161,validation
4499,875743182,validation
53435,875743196,validation
72959,875743196,validation
10585,875743216,validation
17407,875743216,validation
67387,875743267,validation
22852,875743282,validation
27352,875743283,validation
6833,875743310,validation
17486,875743310,validation
25041,875743310,validation
97853,875743314,validation
17234,875743335,validation
38255,875743335,validation
71557,875743366,validation
82593,875743410,validation
57863,875743434,validation
81989,875743458,validation
8946,875743503,validation
75842,875743517,validation
98343,875743518,validation
43688,875743534,validation
78400,875743534,validation
5636,875743563,validation
13417,875743563,validation
69501,875743576,validation
2766,875743587,validation
8468,875743588,validation
13653,875743588,validation
58953,875743605,validation
2015,875743630,validation
71077,875743642,validation
5579,875743656,validation
22838,875743656,validation
23653,875743678,validation
18154,875743708,validation
1415,875743735,validation
48291,875743735,validation
19154,875743739,validation
54620,875743760,validation
95156,875743765,validation
97688,875743787,validation
2261,875743792,validation
1745,875743793,validation
63566,875743813,validation
29242,875743831,validation
67544,875743840,validation
74520,875743858,validation
23058,875743868,validation
64450,875743888,validation
6372,875743909,validation
75742,875743909,validation
81698,875743912,validation
10140,875743929,validation
22701,875743929,validation
9141,875743951,validation
1205,875743978,validation
1690,875743979,validation
76986,875743979,validation
80595,875743979,validation
7791,875744021,validation
23348,875744021,validation
23738,875744021,validation
24618,875744021,validation
82038,875744021,validation
32108,875744031,validation
23571,875744051,validation
29218,875744051,validation
43754,875744051,validation
77402,875744106,validation
172,875744136,validation
14403,875744136,validation
22458,875744136,validation
265,875744173,validation
3250,875744173,validation
36208,875744173,validation
31614,875744174,validation
42585,875744174,validation
7513,875744199,validation
25227,875744199,validation
18663,875744228,validation
29251,875744228,validation
41492,875744228,validation
88876,875744228,validation
19488,875744257,validation
33930,875744289,validation
40213,875744289,validation
2410,875744321,validation
3682,875744321,validation
26539,875744321,validation
84323,875744356,validation
24546,875744357,validation
37556,875744357,validation
44152,875744357,validation
54374,875744357,validation
90760,875744357,validation
91704,875744357,validation
14665,875744358,validation
5520,875744388,validation
19591,875744388,validation
42209,875744388,validation
53614,875744388,validation
55298,875744388,validation
14090,875744416,validation
61572,875744469,validation
272,875744501,validation
714,875744501,validation
2785,875744501,validation
18660,875744501,validation
47575,875744501,validation
49768,875744512,validation
71677,875744533,validation
24626,875744556,validation
43198,875744556,validation
14481,875744582,validation
78699,875744582,validation
1641,875744584,validation
13853,875744611,validation
6876,875744641,validation
59784,875744641,validation
14238,875744712,validation
3947,875744744,validation
9737,875744744,validation
6195,875744832,validation
3451,875744895,validation
4726,875744895,validation
28490,875744895,validation
7400,875744966,validation
15250,875744966,validation
832,875745160,validation
73414,875745202,validation
22185,875745231,validation
28690,875745255,validation
43158,875745350,validation
53991,875745398,validation
76950,875745398,validation
8921,875745428,validation
45778,875745453,validation
35438,875745476,validation
30481,875745501,validation
7036,875745536,validation
15019,875745536,validation
88075,875745536,validation
11296,875745579,validation
40807,875745579,validation
77138,875745631,validation
47524,875745728,validation
40069,875746067,validation
15347,875746809,validation
21223,875746809,validation
38548,875746809,validation
39052,875746809,validation
25332,875746917,validation
55552,875746917,validation
79860,875746917,validation
4911,875746948,validation
6182,875746948,validation
17283,875746948,validation
76674,875746948,validation
61966,875746951,validation
507,875746985,validation
14240,875746985,validation
7773,875746986,validation
88200,875746986,validation
5031,875747010,validation
62876,875747010,validation
11654,875747047,validation
42592,875747047,validation
63889,875747047,validation
90551,875747047,validation
97202,875747159,validation
254,875747190,validation
14065,875747242,validation
45788,875747265,validation
69298,875747265,validation
2296,875747292,validation
3969,875747292,validation
44351,875747292,validation
1115,875747319,validation
16989,875747319,validation
23761,875747319,validation
3383,875747342,validation
83199,875747342,validation
1496,875747368,validation
54659,875747368,validation
83893,875747368,validation
29,875747401,validation
74424,875747401,validation
84106,875747401,validation
4978,875747439,validation
8533,875747439,validation
17363,875747439,validation
26187,875747439,validation
31610,875747470,validation
47915,875747470,validation
87548,875747470,validation
355,875747514,validation
4314,875747514,validation
4710,875747514,validation
31174,875747539,validation
18087,875747556,validation
19588,875747556,validation
19847,875747556,validation
45513,875747556,validation
93776,875747556,validation
34094,875747581,validation
49310,875747581,validation
2445,875747635,validation
30690,875747635,validation
49079,875747635,validation
89181,875747635,validation
34175,875747657,validation
514,875747688,validation
4581,875747731,validation
11267,875747731,validation
19837,875747731,validation
15920,875747752,validation
6240,875747789,validation
33729,875747789,validation
62823,875747789,validation
40095,875747829,validation
50329,875747829,validation
26710,875747854,validation
27930,875747854,validation
5880,875747896,validation
11988,875747896,validation
3008,875747917,validation
35018,875747936,validation
20985,875747955,validation
2175,875748004,validation
9936,875748004,validation
86325,875748004,validation
12221,875748068,validation
64641,875748068,validation
12194,875748109,validation
30254,875748109,validation
12225,875748139,validation
94636,875748139,validation
16579,875748164,validation
24933,875748164,validation
2197,875748198,validation
42646,875748245,validation
60553,875748245,validation
11794,875748326,validation
64724,875751411,validation
65825,875751411,validation
80140,875751411,validation
96760,875751442,validation
60363,875751470,validation
66523,875751519,validation
64816,875751559,validation
82423,875751559,validation
87020,875751559,validation
57840,875751560,validation
84489,875751723,validation
94922,875751723,validation
79361,875751774,validation
58791,875751799,validation
59087,875751856,validation
63264,875751893,validation
96259,875751893,validation
57872,875751930,validation
73066,875751930,validation
57912,875751958,validation
90316,875751958,validation
83534,875751991,validation
95347,875751991,validation
82036,875751992,validation
77970,875752056,validation
74883,875752082,validation
82017,875752082,validation
76932,875752107,validation
64685,875752138,validation
81368,875752138,validation
82822,875752169,validation
77682,875752200,validation
67392,875752237,validation
79610,875752237,validation
94598,875752237,validation
58009,875752274,validation
71205,875752274,validation
56029,875752317,validation
82140,875752317,validation
88999,875752317,validation
63862,875752408,validation
95307,875752408,validation
87991,875752433,validation
58356,875752456,validation
99763,875752456,validation
66087,875752479,validation
75458,875752479,validation
56480,875752560,validation
68671,875752560,validation
71384,875752560,validation
65408,875752687,validation
68213,875752877,validation
59425,875752902,validation
82113,875752990,validation
63185,875753029,validation
94253,875753029,validation
98370,875753052,validation
3038,875771440,validation
3821,875771440,validation
87506,875771440,validation
18868,875771441,validation
22409,875771441,validation
32163,875771441,validation
48995,875771441,validation
51211,875771441,validation
52222,875771441,validation
12318,875774037,validation
15779,875774155,validation
30577,875774306,validation
37755,875774463,validation
55712,875774463,validation
25357,875774491,validation
18578,875801210,validation
2173,875801239,validation
8239,875801239,validation
17187,875801239,validation
7221,875801254,validation
84249,875801315,validation
19803,875801345,validation
6830,875801369,validation
7946,875801369,validation
19904,875801388,validation
3924,875801422,validation
25612,875801422,validation
56874,875801422,validation
39470,875801447,validation
55322,875801447,validation
6080,875801470,validation
14283,875801470,validation
11511,875801496,validation
17686,875801496,validation
3830,875801530,validation
56272,875801530,validation
43742,875801549,validation
36199,875801573,validation
39702,875801596,validation
4733,875801631,validation
195,875801662,validation
18069,875801662,validation
18665,875801662,validation
1960,875801695,validation
4506,875801695,validation
14166,875801695,validation
61932,875801695,validation
22919,875801716,validation
90762,875801716,validation
8103,875801750,validation
9074,875801750,validation
10107,875801750,validation
10340,875801750,validation
97277,875801750,validation
873,875801778,validation
1666,875801778,validation
8971,875801778,validation
28159,875801801,validation
6898,875801830,validation
99933,875801830,validation
30534,875801868,validation
6612,875801897,validation
7255,875801897,validation
57243,875801897,validation
5265,875801920,validation
7371,875801920,validation
14695,875801940,validation
4900,875801963,validation
8773,875801984,validation
21090,875802006,validation
31853,875802035,validation
2914,875802058,validation
10908,875802058,validation
17943,875802080,validation
26620,875802080,validation
3184,875802105,validation
23921,875802105,validation
19201,875802137,validation
74151,875802137,validation
95106,875802137,validation
3082,875802173,validation
5673,875802173,validation
11116,875802173,validation
21434,875802173,validation
10844,875802211,validation
27867,875802211,validation
6958,875802236,validation
19562,875802236,validation
14072,875802237,validation
462,875806672,validation
12490,875806672,validation
61003,875806683,validation
86386,875806721,validation
89499,875806721,validation
63591,875806722,validation
57729,875806765,validation
83568,875806791,validation
359,875806800,validation
2676,875806800,validation
2936,875806800,validation
4691,875806800,validation
80279,875806800,validation
60710,875806837,validation
69336,875806849,validation
9384,875806869,validation
10632,875806869,validation
62952,875806888,validation
58809,875806892,validation
34642,875806918,validation
80933,875806918,validation
84744,875806953,validation
2689,875807003,validation
8433,875807003,validation
14321,875807003,validation
27202,875807003,validation
81911,875807003,validation
869,875807004,validation
61631,875807019,validation
83151,875807019,validation
8434,875807043,validation
10476,875807043,validation
11442,875807043,validation
23811,875807043,validation
61611,875807058,validation
18290,875807074,validation
23246,875807074,validation
95504,875807089,validation
49530,875810511,validation
10783,875810543,validation
45972,875810574,validation
64744,875810574,validation
59783,875810633,validation
16105,875810741,validation
84041,875810796,validation
53174,875810830,validation
78929,875810897,validation
53450,875810928,validation
69374,875810966,validation
50540,875810999,validation
60918,875810999,validation
11449,875811128,validation
46321,875811158,validation
47003,875811158,validation
64494,875811274,validation
60438,875811341,validation
36228,875811449,validation
73482,875811455,validation
73815,875811455,validation
6655,875811457,validation
56612,875811549,validation
71424,875811628,validation
52582,875811708,validation
23103,875811717,validation
17889,875811851,validation
72947,875811965,validation
17028,875812011,validation
44687,875812064,validation
45909,875812065,validation
55505,875812109,validation
21780,875812121,validation
43657,875812176,validation
76581,875812176,validation
5607,875812211,validation
56928,875812227,validation
60920,875812227,validation
15606,875812279,validation
3400,875812281,validation
48944,875812299,validation
81541,875812299,validation
43219,875812305,validation
6715,875812331,validation
58379,875812351,validation
4941,875812364,validation
7061,875812413,validation
29726,875812435,validation
28199,875812511,validation
34324,875812741,validation
39267,875812841,validation
68471,875812841,validation
12673,875812876,validation
30330,875812898,validation
12159,875813022,validation
79972,875813098,validation
27058,875813142,validation
14271,875813171,validation
22326,875813171,validation
1488,875813197,validation
27767,875813224,validation
14306,875813314,validation
11889,875813376,validation
2796,875813412,validation
16610,875813412,validation
78156,875814021,validation
62461,875814110,validation
64583,875814157,validation
35785,875875272,validation
21305,875875499,validation
20778,875875685,validation
46344,875886337,validation
2721,875886434,validation
23537,875886434,validation
11248,875886827,validation
77708,875906765,validation
28194,875906802,validation
61992,875906828,validation
1869,875906853,validation
25236,875906853,validation
2637,875906882,validation
7833,875906882,validation
13288,875906882,validation
67537,875906989,validation
8257,875907078,validation
7711,875907079,validation
54135,875907079,validation
58125,875907079,validation
18971,875907134,validation
31858,875907134,validation
44680,875907134,validation
83913,875907134,validation
13164,875907179,validation
96612,875907179,validation
27981,875907180,validation
51290,875907180,validation
9162,875907366,validation
49261,875907416,validation
13341,875907436,validation
33846,875907504,validation
81859,875907504,validation
21225,875907535,validation
51191,875907535,validation
78304,875907535,validation
14156,875907574,validation
51398,875907574,validation
16089,875907596,validation
1585,875907618,validation
3231,875907649,validation
33838,875907649,validation
77111,875907649,validation
6370,875907675,validation
25978,875907702,validation
85410,875907702,validation
3450,875907727,validation
19511,875907727,validation
47772,875907763,validation
32212,875908134,validation
46249,875908134,validation
79475,875908134,validation
11461,875908666,validation
32835,875908666,validation
88477,875914066,validation
85225,875914114,validation
70855,875914337,validation
99919,875914337,validation
77231,875914458,validation
86798,875914458,validation
93603,875914458,validation
82191,875914484,validation
63954,875914534,validation
66622,875914534,validation
92301,875914573,validation
65730,875914604,validation
55622,875914785,validation
86236,875914785,validation
70724,875914860,validation
75290,875914860,validation
59312,875914898,validation
91648,875914898,validation
52686,875914939,validation
84252,875914939,validation
97943,875915029,validation
93292,875915155,validation
61574,875915190,validation
65088,875915190,validation
55464,875915279,validation
86977,875915279,validation
94171,875915279,validation
52764,875915317,validation
66065,875915317,validation
90117,875915317,validation
65138,875915639,validation
83789,875915777,validation
93502,875915806,validation
60634,875915855,validation
62018,875915855,validation
64970,875915855,validation
76438,875915855,validation
59221,875915913,validation
70936,875915940,validation
74219,875915965,validation
58865,875916187,validation
97032,875916297,validation
52912,875916421,validation
65497,875916505,validation
70409,875916505,validation
35955,875917841,validation
71015,875920245,validation
90675,875920245,validation
96302,875920245,validation
98030,875920245,validation
87636,875920290,validation
94287,875920290,validation
81159,875920347,validation
68316,875920627,validation
90012,875920627,validation
71042,875920823,validation
70188,875920887,validation
79169,875920948,validation
91956,875921051,validation
84421,875921085,validation
95769,875921182,validation
97523,875921182,validation
65264,875921283,validation
68802,875921396,validation
83003,875921442,validation
93346,875921442,validation
9593,875931309,validation
19645,875931309,validation
33331,875931309,validation
52432,875931309,validation
52496,875931309,validation
72707,875931309,validation
12690,875931432,validation
15136,875931432,validation
24095,875931432,validation
29766,875931432,validation
34858,875931432,validation
55070,875931432,validation
11573,875931478,validation
43186,875931478,validation
98727,875931478,validation
21560,875931561,validation
33382,875931561,validation
73380,875931561,validation
10533,875931585,validation
20214,875931585,validation
23120,875935244,validation
3300,875935277,validation
2823,875935312,validation
25670,875935312,validation
65343,875935338,validation
2565,875935609,validation
20600,875935609,validation
36735,875935609,validation
42039,875935609,validation
60248,875935609,validation
80623,875935609,validation
6590,875935610,validation
16863,875935610,validation
62470,875935610,validation
62817,875935610,validation
289,875936424,validation
9543,875936424,validation
99196,875936424,validation
99979,875936424,validation
51116,875940451,validation
62270,875940693,validation
36338,875940755,validation
45232,875940755,validation
50120,875940836,validation
23991,875941022,validation
26826,875941085,validation
39878,875941086,validation
41306,875941111,validation
71048,875941111,validation
40995,875941155,validation
56015,875941155,validation
25181,875941191,validation
40271,875941191,validation
78855,875941191,validation
40057,875941224,validation
42069,875941225,validation
50211,875941275,validation
50972,875941275,validation
23446,875941763,validation
25392,875941763,validation
28552,875941763,validation
45468,875941763,validation
55803,875941763,validation
88930,875941763,validation
96391,875941763,validation
96467,875941763,validation
98424,875941763,validation
98966,875941763,validation
40211,875941793,validation
25882,875941863,validation
60440,875941888,validation
41515,875941948,validation
82118,875941972,validation
54985,875942042,validation
30025,875945173,validation
99433,875945173,validation
17789,875945451,validation
34934,875945451,validation
36551,875945757,validation
9347,875945781,validation
31150,875945812,validation
28448,875945837,validation
11439,875945880,validation
10861,875946029,validation
15003,875946029,validation
18187,875946029,validation
25684,875946055,validation
27654,875946055,validation
13870,875946103,validation
96766,875946185,validation
10224,875946234,validation
90803,875946262,validation
19811,875946347,validation
41062,875946440,validation
14457,875946563,validation
11459,875946639,validation
12444,875946672,validation
97135,875946700,validation
35167,875946730,validation
92088,875946730,validation
34700,875946809,validation
10349,875946830,validation
11687,875946830,validation
14782,875946830,validation
18371,875946830,validation
26522,875946830,validation
27612,875946830,validation
27615,875946830,validation
65480,875946830,validation
82914,875946830,validation
85421,875946830,validation
19005,875946881,validation
28850,875946907,validation
62129,875946945,validation
76477,875946945,validation
54380,875946978,validation
30997,875947005,validation
76763,875947049,validation
18643,875947078,validation
45923,875947078,validation
51057,875947149,validation
52865,875947149,validation
11529,875947199,validation
15399,875947240,validation
88496,875947296,validation
82860,875961674,validation
45999,875961816,validation
57154,875961816,validation
97076,875961816,validation
69294,875961843,validation
49128,875961898,validation
85288,875961919,validation
82772,875961998,validation
91880,875961998,validation
50010,875962049,validation
52760,875962049,validation
89544,875962049,validation
51401,875962076,validation
61411,875962076,validation
46345,875962109,validation
56805,875962109,validation
57991,875962109,validation
68397,875962110,validation
96269,875962140,validation
99526,875962140,validation
58354,875962173,validation
60522,875962173,validation
51239,875962201,validation
58299,875962201,validation
90667,875962201,validation
76151,875962202,validation
45621,875962227,validation
74026,875962227,validation
46496,875962280,validation
69639,875962280,validation
96057,875962280,validation
74592,875962315,validation
54309,875962339,validation
63926,875962374,validation
65874,875962374,validation
72021,875962395,validation
76693,875962423,validation
98539,875962423,validation
57044,875962454,validation
94949,875962454,validation
88393,875962477,validation
59420,875962500,validation
49215,875962524,validation
93593,875962524,validation
55702,875962652,validation
80034,875962718,validation
80450,875962718,validation
86306,875962718,validation
63564,875962762,validation
81084,875962762,validation
98804,875962783,validation
50356,875962806,validation
59521,875962806,validation
45225,875962931,validation
46673,875962964,validation
97925,875962991,validation
53220,875963024,validation
64861,875963024,validation
68872,875963082,validation
69575,875963112,validation
75516,875963112,validation
71611,875963242,validation
73744,875963242,validation
79415,875963242,validation
45925,875963273,validation
49083,875963306,validation
79217,875963306,validation
51176,875963353,validation
79114,875963353,validation
79581,875963354,validation
83035,875963387,validation
84348,875963387,validation
50563,875963418,validation
46123,875963452,validation
47924,875963452,validation
51594,875963452,validation
54790,875963452,validation
45177,875963486,validation
89397,875963486,validation
53826,875963538,validation
66241,875963538,validation
77217,875963538,validation
63654,875963566,validation
57132,875963596,validation
58793,875963596,validation
82019,875963621,validation
50133,875963657,validation
70949,875963657,validation
83780,875963657,validation
89165,875963657,validation
57640,875963692,validation
83679,875963692,validation
70364,875963693,validation
85147,875963755,validation
51618,875963792,validation
80983,875963792,validation
87236,875963792,validation
87446,875963792,validation
77959,875963836,validation
92180,875963836,validation
50294,875963867,validation
54595,875963867,validation
51892,875963899,validation
67009,875963899,validation
89904,875963921,validation
53681,875963946,validation
99728,875963946,validation
78204,875963998,validation
80352,875963998,validation
82620,875963998,validation
48917,875964025,validation
51132,875964025,validation
79697,875964025,validation
57223,875964051,validation
93783,875964072,validation
49890,875964104,validation
48252,875964105,validation
55093,875964105,validation
96226,875964105,validation
49409,875964131,validation
75260,875964131,validation
96872,875964131,validation
50034,875964179,validation
57979,875964203,validation
67702,875964203,validation
53356,875964224,validation
67817,875964272,validation
89046,875964272,validation
71759,875964273,validation
60491,875964300,validation
76676,875964300,validation
76813,875964300,validation
88008,875964300,validation
51666,875964330,validation
85965,875964330,validation
56154,875964386,validation
47683,875964410,validation
75476,875964410,validation
49588,875964438,validation
95961,875964438,validation
90468,875964468,validation
94552,875964468,validation
92825,875964491,validation
83672,875964519,validation
62635,875964545,validation
98407,875964545,validation
64001,875964579,validation
86929,875964580,validation
51816,875964614,validation
74729,875964633,validation
47481,875964655,validation
45439,875964681,validation
61487,875964681,validation
57479,875964704,validation
46323,875964751,validation
91477,875964843,validation
58449,875964905,validation
61095,875964905,validation
76237,875964926,validation
83957,875965009,validation
73475,875965035,validation
89606,875965035,validation
97275,875965035,validation
57283,875965058,validation
50961,875965127,validation
54927,875965171,validation
99878,875965171,validation
95731,875965695,validation
76465,875965830,validation
93996,875965830,validation
96289,875965830,validation
99645,875965830,validation
72089,875965906,validation
89452,875965906,validation
89944,875965906,validation
94933,875965906,validation
72338,875965939,validation
72607,875965939,validation
67073,875965981,validation
72831,875965981,validation
91284,875965981,validation
65794,875966027,validation
68731,875966027,validation
76483,875966027,validation
77286,875966027,validation
82706,875966027,validation
92795,875966027,validation
96293,875966027,validation
75671,875966065,validation
98141,875966065,validation
77470,875966107,validation
89101,875966107,validation
65579,875966202,validation
84490,875966202,validation
94574,875966202,validation
74919,875966238,validation
79927,875966238,validation
64606,875966320,validation
77151,875966320,validation
96038,875966320,validation
93000,875966349,validation
73143,875966385,validation
73165,875966429,validation
96353,875966429,validation
97453,875966429,validation
97718,875966429,validation
92275,875966458,validation
64613,875966616,validation
94035,875966616,validation
72346,875966694,validation
72402,875966694,validation
93324,875966694,validation
88082,875966756,validation
95134,875966756,validation
97372,875966756,validation
99519,875966756,validation
75610,875966783,validation
76892,875966927,validation
81344,875967028,validation
82515,875967072,validation
67164,875971568,validation
75119,875971568,validation
87503,875971568,validation
91238,875971568,validation
51725,875971612,validation
55725,875971612,validation
59264,875971612,validation
80636,875971612,validation
96830,875971612,validation
57272,875971655,validation
61329,875971655,validation
61499,875971655,validation
75810,875971655,validation
83640,875971655,validation
51473,875971703,validation
58988,875971703,validation
61372,875971703,validation
76652,875971703,validation
73540,875971736,validation
80088,875971813,validation
77937,875971850,validation
73399,875971902,validation
76115,875971902,validation
82287,875971902,validation
83810,875971902,validation
99341,875971902,validation
56223,875971949,validation
76750,875971949,validation
88581,875971949,validation
63318,875971989,validation
79399,875971989,validation
82338,875971989,validation
55502,875972024,validation
76764,875972024,validation
96913,875972059,validation
97511,875972059,validation
54388,875972099,validation
93661,875972099,validation
94218,875972100,validation
61338,875972185,validation
53225,875972219,validation
55818,875972219,validation
80033,875972219,validation
51395,875972259,validation
55897,875972290,validation
51910,875972322,validation
95714,875972352,validation
79762,875972381,validation
55563,875972582,validation
86147,875972582,validation
95234,875972612,validation
55596,875972699,validation
73671,875972730,validation
57803,875972927,validation
65605,875972927,validation
86463,875972988,validation
57160,875973047,validation
92450,875973047,validation
54854,875973080,validation
61226,875973080,validation
81358,875973686,validation
3747,875975028,validation
55003,875975028,validation
3654,875975061,validation
9269,875975061,validation
44374,875975061,validation
7502,875975085,validation
390,875975110,validation
7193,875975135,validation
40864,875975135,validation
6888,875975211,validation
8163,875975211,validation
9297,875975211,validation
15573,875975211,validation
45370,875975237,validation
67778,875975276,validation
24327,875975323,validation
94835,875975323,validation
10364,875975363,validation
35299,875975383,validation
8242,875975468,validation
18191,875975468,validation
24461,875975492,validation
4598,875975520,validation
4735,875975520,validation
99704,875975520,validation
4129,875975546,validation
9102,875975546,validation
6822,875975579,validation
9336,875975579,validation
19568,875975579,validation
18315,875975580,validation
2253,875975613,validation
56210,875975613,validation
63836,875975613,validation
176,875975656,validation
23013,875975656,validation
33442,875975656,validation
70253,875975656,validation
99703,875975656,validation
12781,875975687,validation
18878,875975687,validation
42219,875975687,validation
7434,875975717,validation
45694,875975717,validation
28042,875977682,validation
32141,875977682,validation
79280,875977735,validation
59533,875977827,validation
87918,875977870,validation
92998,875978010,validation
23602,875978034,validation
23092,875978059,validation
71293,875978096,validation
41937,875978191,validation
63783,875978191,validation
73465,875978191,validation
34353,875978387,validation
89781,875978534,validation
43360,875978600,validation
67640,875978600,validation
93189,875978600,validation
40954,875978686,validation
57598,875978686,validation
71425,875978686,validation
24567,875978740,validation
32789,875978740,validation
24021,875978867,validation
32117,875978867,validation
22736,875978922,validation
24181,875978922,validation
34523,875978994,validation
91784,875978994,validation
57153,875979041,validation
69240,875979041,validation
22694,875979082,validation
47302,875979082,validation
26617,875979113,validation
50547,875979137,validation
53255,875979137,validation
50931,875979153,validation
75899,875979153,validation
21215,875979187,validation
46884,875979187,validation
92700,875979201,validation
99455,875979241,validation
21774,875979317,validation
33110,875979317,validation
33461,875979317,validation
33747,875979317,validation
25434,875979359,validation
52238,875979359,validation
52572,875979380,validation
59840,875979380,validation
87906,875979380,validation
85501,875979402,validation
52728,875979431,validation
63617,875979431,validation
84512,875979432,validation
85621,875979439,validation
86617,875979498,validation
44268,875979562,validation
75102,875979562,validation
29568,875979685,validation
42141,875979685,validation
93410,875979737,validation
36582,875979797,validation
40465,875979853,validation
54875,875979853,validation
38824,875979910,validation
64462,875979910,validation
67323,875979964,validation
85175,875979964,validation
72710,875980010,validation
36376,875980081,validation
39713,875980081,validation
47737,875980081,validation
35300,875980120,validation
35660,875980120,validation
91834,875980209,validation
51782,875980235,validation
59054,875980235,validation
63139,875980235,validation
87913,875980235,validation
24833,875980283,validation
78393,875980283,validation
55498,875980306,validation
72706,875980306,validation
78885,875980306,validation
81765,875980306,validation
86632,875980306,validation
93403,875980306,validation
92442,875980348,validation
42635,875980376,validation
90878,875980376,validation
37432,875980377,validation
40847,875980377,validation
79616,875980391,validation
90001,875980391,validation
33518,875980418,validation
74950,875980418,validation
76929,875980449,validation
50675,875980492,validation
51407,875980541,validation
81826,875980541,validation
53227,875980597,validation
71790,875980669,validation
72783,875980669,validation
84302,875980669,validation
53961,875980670,validation
69225,875980670,validation
72892,875980670,validation
91457,875980670,validation
91608,875980670,validation
35377,875980823,validation
56977,875980823,validation
71878,875980823,validation
87271,875980823,validation
98383,875980823,validation
35657,875981122,validation
5826,875981128,validation
61671,875981128,validation
38725,875981158,validation
81803,875981158,validation
3414,875981159,validation
40607,875981159,validation
44637,875981159,validation
17727,875981190,validation
25801,875981190,validation
90901,875981190,validation
96907,875981190,validation
11290,875981220,validation
22964,875981220,validation
33538,875981230,validation
89789,875981230,validation
2610,875981247,validation
14174,875981247,validation
3885,875981275,validation
27438,875981275,validation
25301,875981281,validation
28800,875981281,validation
13104,875981304,validation
72109,875981304,validation
38911,875981317,validation
90452,875981317,validation
31720,875981335,validation
48442,875981335,validation
31175,875981358,validation
31814,875981358,validation
15841,875981365,validation
26178,875981365,validation
5935,875981390,validation
1459,875981421,validation
11199,875981421,validation
40160,875981421,validation
47572,875981421,validation
74048,875981421,validation
29980,875981428,validation
45388,875981429,validation
76222,875981429,validation
10014,875981452,validation
40817,875981452,validation
27011,875981483,validation
72926,875981483,validation
46734,875981503,validation
2628,875981506,validation
24400,875981551,validation
87363,875981551,validation
30957,875981595,validation
58697,875981595,validation
62494,875981595,validation
47043,875981624,validation
54078,875981664,validation
76176,875981664,validation
29904,875981708,validation
45718,875981708,validation
21293,875981759,validation
36085,875981759,validation
50796,875981759,validation
20710,875981789,validation
30205,875981829,validation
51303,875981829,validation
59405,875981829,validation
79330,875981830,validation
68910,875981876,validation
93797,875981876,validation
23141,875981968,validation
34040,875981968,validation
59724,875981968,validation
24064,875982005,validation
33360,875982005,validation
31620,875982050,validation
24224,875982051,validation
26653,875982051,validation
38814,875982051,validation
27786,875982096,validation
66472,875982096,validation
56443,875982149,validation
58853,875982149,validation
61926,875982149,validation
99749,875982149,validation
26504,875982200,validation
68516,875982200,validation
73842,875982200,validation
50029,875982239,validation
26160,875982337,validation
33428,875982337,validation
93436,875982337,validation
30740,875982397,validation
32034,875982397,validation
51019,875982398,validation
24797,875982511,validation
43420,875982511,validation
46537,875982511,validation
27138,875982559,validation
21884,875982560,validation
31922,875982560,validation
51206,875982560,validation
26075,875982607,validation
30624,875982607,validation
31709,875982607,validation
36270,875982607,validation
51841,875982641,validation
42942,875982680,validation
64697,875982680,validation
20577,875982727,validation
75725,875982727,validation
41644,875982771,validation
49938,875982771,validation
86836,875982771,validation
23624,875982804,validation
26718,875982867,validation
41766,875982867,validation
46532,875982867,validation
49352,875982867,validation
61323,875982867,validation
26507,875982868,validation
28698,875982922,validation
34344,875982922,validation
47708,875982922,validation
51481,875982922,validation
58353,875982922,validation
20907,875982967,validation
25981,875982967,validation
44259,875982967,validation
30337,875983023,validation
33740,875983023,validation
40563,875983023,validation
59529,875983023,validation
37393,875983066,validation
26039,875983129,validation
31763,875983129,validation
44914,875983129,validation
48309,875983129,validation
30329,875983231,validation
73293,875983231,validation
94425,875983231,validation
38163,875983270,validation
23347,875983321,validation
40788,875983321,validation
95960,875983321,validation
33678,875983426,validation
27846,875983427,validation
38813,875983427,validation
23135,875983484,validation
36712,875983484,validation
53126,875984532,validation
70678,875984532,validation
74537,875984532,validation
53001,875984637,validation
58515,875984637,validation
78321,875984637,validation
82163,875984637,validation
53635,875984722,validation
61582,875984722,validation
82063,875984722,validation
78737,875984776,validation
97567,875984776,validation
54874,875984861,validation
69855,875984938,validation
83747,875984938,validation
85814,875984938,validation
94982,875984938,validation
69597,875985031,validation
67772,875985032,validation
72700,875985032,validation
77552,875985142,validation
63060,875985239,validation
66404,875985239,validation
77083,875985239,validation
52837,875985347,validation
80885,875985347,validation
98898,875985347,validation
88495,875985469,validation
93695,875985469,validation
98646,875985469,validation
59053,875985601,validation
67021,875985601,validation
78299,875985601,validation
83193,875985601,validation
89126,875985601,validation
54271,875985686,validation
58175,875985686,validation
62602,875985686,validation
76777,875985686,validation
89636,875985686,validation
93023,875985686,validation
95257,875985686,validation
62290,875985767,validation
70581,875985767,validation
82537,875985767,validation
82874,875985767,validation
76721,875985768,validation
54944,875985840,validation
56324,875985840,validation
56606,875985840,validation
65039,875985840,validation
67348,875985840,validation
79364,875985840,validation
83858,875985840,validation
95028,875985840,validation
53690,875985976,validation
68601,875985976,validation
75360,875985976,validation
77922,875985976,validation
83120,875985976,validation
96263,875985976,validation
56376,875986155,validation
74029,875986155,validation
77964,875986155,validation
78355,875986155,validation
82962,875986155,validation
88722,875986155,validation
92309,875986155,validation
95579,875986155,validation
98786,875986155,validation
99503,875986155,validation
64286,875986303,validation
64837,875986303,validation
70693,875986303,validation
71824,875986303,validation
50340,875988547,validation
28815,875988548,validation
15947,875988577,validation
1078,875991047,validation
4180,875991116,validation
5087,875991160,validation
17537,875991160,validation
25875,875991160,validation
98152,875992279,validation
78084,875992442,validation
88331,875992583,validation
53433,875993165,validation
78520,875993165,validation
97666,875993165,validation
52247,875993201,validation
84728,875994324,validation
85539,875994324,validation
94483,875994324,validation
50900,875994401,validation
89565,875996809,validation
63511,875996932,validation
71962,875996932,validation
65563,875997093,validation
56352,875999002,validation
63561,875999211,validation
78540,875999211,validation
97484,875999211,validation
63141,875999285,validation
97836,875999285,validation
72908,876012997,validation
47488,876013121,validation
54910,876013356,validation
50061,876013398,validation
69342,876013398,validation
68323,876013447,validation
85031,876013447,validation
42916,876013492,validation
51868,876013492,validation
58955,876013492,validation
45270,876013552,validation
66425,876013552,validation
56077,876013588,validation
72172,876013714,validation
55477,876013774,validation
59641,876013850,validation
71002,876013935,validation
95581,876013935,validation
53847,876013975,validation
67632,876013975,validation
70743,876013975,validation
73425,876014060,validation
87399,876014125,validation
44901,876014469,validation
54196,876014469,validation
45385,876015530,validation
62549,876015530,validation
74585,876015530,validation
87535,876015530,validation
68072,876015607,validation
86710,876015607,validation
59644,876015657,validation
89490,876015688,validation
41553,876016491,validation
47721,876016491,validation
55221,876016491,validation
63599,876016491,validation
62339,876016545,validation
80658,876016545,validation
85105,876016545,validation
90173,876016545,validation
60262,876016580,validation
62923,876016581,validation
58455,876016667,validation
45681,876016726,validation
45750,876016726,validation
48269,876016726,validation
49347,876016726,validation
87157,876016726,validation
70976,876016858,validation
44724,876017029,validation
56139,876017029,validation
45648,876017294,validation
84571,876017294,validation
98566,876017294,validation
91989,876017533,validation
66403,876017717,validation
51795,876017801,validation
87120,876017801,validation
45405,876017933,validation
30711,876018471,validation
70531,876018471,validation
73793,876018471,validation
2673,876018501,validation
20385,876018501,validation
48077,876018553,validation
35147,876018580,validation
249,876018608,validation
18237,876018608,validation
23424,876018608,validation
53076,876021120,validation
21328,876021170,validation
50842,876021170,validation
51202,876021213,validation
25741,876021262,validation
88469,876021262,validation
83071,876031109,validation
70462,876031122,validation
85931,876031173,validation
71645,876031279,validation
86233,876031279,validation
87289,876031279,validation
65291,876031308,validation
69496,876031309,validation
86285,876031309,validation
88532,876031309,validation
63828,876031330,validation
77219,876031365,validation
86891,876031365,validation
88625,876031365,validation
93240,876031365,validation
95216,876031365,validation
98120,876031365,validation
99712,876031365,validation
68359,876031392,validation
90650,876031392,validation
94786,876031392,validation
86361,876031413,validation
88363,876031413,validation
67639,876031433,validation
66139,876031459,validation
87407,876031459,validation
97637,876031459,validation
77428,876031481,validation
90936,876031481,validation
74992,876031501,validation
99644,876031501,validation
83058,876031526,validation
92786,876031526,validation
66294,876031527,validation
61703,876031550,validation
62473,876031550,validation
96268,876031550,validation
84147,876031551,validation
76322,876031573,validation
86146,876031573,validation
91865,876031573,validation
61408,876031601,validation
63785,876031601,validation
74859,876031601,validation
86711,876031601,validation
87830,876031601,validation
94650,876031601,validation
95608,876031622,validation
96687,876031622,validation
65682,876031656,validation
67075,876031656,validation
68490,876031656,validation
76368,876031656,validation
71444,876031695,validation
76589,876031695,validation
80493,876031695,validation
82879,876031695,validation
85536,876031695,validation
87551,876031695,validation
94600,876031695,validation
69484,876031720,validation
70423,876031720,validation
93848,876031720,validation
79620,876031739,validation
63737,876031764,validation
75966,876031765,validation
80199,876031765,validation
82255,876031765,validation
65646,876031805,validation
66694,876031829,validation
67285,876031829,validation
82106,876031829,validation
78646,876031850,validation
83688,876031850,validation
97302,876031850,validation
89743,876031869,validation
90892,876031869,validation
95906,876031870,validation
84669,876031897,validation
63618,876031932,validation
66703,876031932,validation
83401,876031932,validation
85673,876031932,validation
97292,876031932,validation
80918,876031952,validation
89500,876031973,validation
95570,876031973,validation
98190,876031973,validation
93518,876031993,validation
66515,876032029,validation
68415,876032029,validation
75564,876032029,validation
79003,876032029,validation
81187,876032030,validation
81578,876032030,validation
66994,876032072,validation
69382,876032072,validation
81031,876032072,validation
91790,876032072,validation
85695,876032103,validation
88052,876032103,validation
95274,876032103,validation
62432,876032126,validation
84667,876032143,validation
88164,876032165,validation
86092,876032187,validation
93829,876032187,validation
92665,876032225,validation
71337,876032247,validation
92214,876032248,validation
94635,876032248,validation
63087,876032274,validation
67942,876032274,validation
85829,876032274,validation
64464,876032308,validation
70051,876032308,validation
95611,876032308,validation
63794,876032330,validation
76582,876032331,validation
90684,876032331,validation
65836,876032352,validation
63091,876032353,validation
68332,876032378,validation
80905,876032378,validation
94174,876032378,validation
91499,876032399,validation
62285,876032422,validation
84799,876032422,validation
97690,876032422,validation
76792,876032442,validation
83466,876032472,validation
65976,876032473,validation
68007,876032473,validation
85280,876032473,validation
87524,876032473,validation
90940,876032473,validation
70594,876032509,validation
81068,876032509,validation
84411,876032509,validation
86451,876032509,validation
70620,876032531,validation
81442,876032531,validation
92131,876032531,validation
80041,876032553,validation
90888,876032553,validation
81670,876032577,validation
94394,876032577,validation
64499,876032596,validation
71600,876032596,validation
69751,876032615,validation
76067,876032635,validation
96216,876032654,validation
63432,876032673,validation
77660,876032673,validation
62381,876032739,validation
93892,876032739,validation
93962,876032739,validation
84687,876032776,validation
99521,876032776,validation
73309,876032823,validation
77127,876032840,validation
81480,876032884,validation
68218,876032929,validation
70998,876032929,validation
78878,876032929,validation
79065,876032929,validation
81434,876032929,validation
62809,876032973,validation
84474,876032973,validation
88333,876032973,validation
98417,876032973,validation
65999,876033015,validation
72884,876033015,validation
89632,876033015,validation
97551,876033053,validation
77365,876033069,validation
86049,876033088,validation
97808,876033088,validation
70404,876033106,validation
70026,876033134,validation
67529,876033181,validation
63061,876033200,validation
82184,876033200,validation
62367,876033228,validation
66604,876033228,validation
92291,876033228,validation
95490,876033228,validation
66080,876033265,validation
93174,876033265,validation
87141,876033293,validation
62204,876033340,validation
81263,876033340,validation
65405,876033368,validation
86587,876033368,validation
99796,876033368,validation
66621,876033413,validation
78183,876033434,validation
89826,876033434,validation
67420,876033435,validation
68765,876033460,validation
84509,876033460,validation
92658,876033460,validation
91566,876033461,validation
65254,876033478,validation
85068,876033576,validation
99151,876033602,validation
90209,876033624,validation
68684,876033645,validation
93995,876033645,validation
80411,876033731,validation
90894,876033731,validation
65189,876033755,validation
75462,876033755,validation
81111,876033784,validation
81677,876033784,validation
73789,876033828,validation
67808,876033850,validation
62104,876033897,validation
67299,876033897,validation
76543,876033897,validation
90443,876033897,validation
70736,876033965,validation
62770,876033987,validation
97058,876033987,validation
99036,876034006,validation
79552,876034041,validation
89013,876034041,validation
70811,876034074,validation
71813,876034074,validation
86817,876034074,validation
75435,876034095,validation
73634,876034174,validation
88912,876034174,validation
67716,876034205,validation
93429,876034205,validation
69489,876034228,validation
92048,876034228,validation
95836,876034228,validation
86487,876034255,validation
92166,876034371,validation
41279,876035466,validation
42399,876035679,validation
85868,876035679,validation
47874,876035896,validation
43032,876035933,validation
96569,876035933,validation
64047,876035968,validation
85321,876035968,validation
99451,876035968,validation
96503,876035999,validation
43104,876036043,validation
77992,876036043,validation
44456,876036190,validation
46265,876036190,validation
71359,876036240,validation
64223,876036358,validation
87014,876036384,validation
60081,876036477,validation
41732,876037058,validation
99382,876037088,validation
77989,876037089,validation
99972,876037121,validation
90291,876037167,validation
71805,876037199,validation
45470,876037519,validation
92806,876037619,validation
327,876041644,validation
17026,876041644,validation
29489,876041719,validation
57447,876041719,validation
15547,876041895,validation
18268,876041895,validation
59730,876042133,validation
8455,876042204,validation
44164,876042204,validation
7407,876042234,validation
6523,876042268,validation
37491,876042268,validation
4313,876042299,validation
41543,876042299,validation
13,876042340,validation
12468,876042340,validation
14209,876042340,validation
21049,876042340,validation
48860,876042340,validation
43004,876042368,validation
5876,876042451,validation
15914,876042451,validation
9823,876042493,validation
10243,876042493,validation
14455,876042493,validation
35148,876042493,validation
12693,876042525,validation
21840,876042556,validation
22106,876042556,validation
52634,876042584,validation
16571,876042753,validation
32143,876042753,validation
79468,876042790,validation
16325,876042824,validation
30090,876042824,validation
16938,876042922,validation
12832,876042979,validation
30593,876061444,validation
69958,876062951,validation
57077,876063765,validation
52856,876063784,validation
60083,876063810,validation
87667,876063848,validation
58801,876063880,validation
80283,876063938,validation
55509,876063961,validation
31341,876064168,validation
34616,876064168,validation
37179,876064198,validation
63329,876064230,validation
31681,876064290,validation
58646,876064356,validation
52314,876064357,validation
54244,876064845,validation
42193,876065015,validation
81512,876065105,validation
60052,876065190,validation
24783,876065259,validation
72378,876065259,validation
76412,876065259,validation
33919,876065289,validation
77511,876065324,validation
40232,876065349,validation
45845,876065382,validation
55900,876065382,validation
71330,876065382,validation
50028,876065477,validation
28652,876065499,validation
41655,876065558,validation
49100,876065558,validation
35096,876065588,validation
74053,876065610,validation
32671,876065645,validation
25616,876065693,validation
69454,876065693,validation
78238,876065715,validation
26767,876065822,validation
35505,876065822,validation
55106,876065822,validation
24404,876065881,validation
47791,876065881,validation
26402,876065933,validation
35621,876065933,validation
58675,876065962,validation
48249,876066009,validation
31462,876066038,validation
23754,876066064,validation
40992,876066153,validation
75620,876066153,validation
53186,876066229,validation
67306,876066300,validation
79026,876066353,validation
80010,876066374,validation
27113,876066424,validation
31451,876066424,validation
35873,876066424,validation
78325,876066424,validation
28666,876066465,validation
56557,876066465,validation
31707,876066485,validation
69487,876066507,validation
35865,876066531,validation
44240,876066531,validation
36531,876066567,validation
31902,876066598,validation
29072,876066633,validation
37129,876066652,validation
29408,876066676,validation
36088,876066794,validation
44308,876066794,validation
26916,876066848,validation
38834,876066848,validation
96885,876066874,validation
44911,876066904,validation
95938,876067001,validation
30614,876067022,validation
39441,876067108,validation
99716,876067108,validation
42990,876067146,validation
85871,876067192,validation
81330,876067205,validation
73918,876067215,validation
79059,876067215,validation
39081,876067235,validation
59023,876067235,validation
41828,876067258,validation
31910,876067272,validation
32312,876067306,validation
96261,876067346,validation
41414,876067376,validation
37441,876067380,validation
84089,876067433,validation
88184,876067445,validation
34771,876067462,validation
35544,876067462,validation
30967,876067493,validation
75354,876067546,validation
35221,876067592,validation
48118,876067592,validation
24176,876067597,validation
61764,876067605,validation
61070,876067623,validation
69108,876067623,validation
23306,876067686,validation
50305,876067710,validation
83355,876067754,validation
68570,876067863,validation
24409,876068100,validation
73875,876068153,validation
81194,876068220,validation
66931,876068249,validation
26953,876068433,validation
90008,876068433,validation
37406,876068582,validation
27517,876068615,validation
90359,876068615,validation
92134,876068615,validation
68998,876068799,validation
30255,876069927,validation
42376,876069951,validation
55867,876069951,validation
33995,876070655,validation
43241,876070655,validation
66513,876070655,validation
42098,876070690,validation
43903,876070764,validation
77730,876070859,validation
78012,876070937,validation
27327,876070957,validation
76631,876070975,validation
90638,876070976,validation
38827,876070997,validation
54067,876071097,validation
48975,876071243,validation
81818,876071419,validation
29644,876072548,validation
43682,876072632,validation
75924,876072632,validation
27207,876072633,validation
27351,876072633,validation
31179,876072633,validation
36902,876072633,validation
38832,876072633,validation
39722,876072633,validation
70438,876072633,validation
45937,876073160,validation
94018,876073320,validation
31048,876073616,validation
76114,876073865,validation
42191,876073882,validation
61809,876074139,validation
82840,876074139,validation
74582,876074177,validation
36787,876078916,validation
34054,876079016,validation
96309,876079016,validation
2852,876079054,validation
18606,876079054,validation
72537,876079087,validation
94147,876079087,validation
1363,876079113,validation
69479,876103700,validation
84369,876103725,validation
98812,876103726,validation
58758,876103744,validation
91082,876103744,validation
74326,876103762,validation
51316,876103793,validation
87451,876103794,validation
50351,876103811,validation
63017,876105366,validation
49441,876105554,validation
64773,876106206,validation
66511,876106206,validation
94038,876106206,validation
46370,876106243,validation
71734,876106243,validation
99937,876106243,validation
55700,876106729,validation
58156,876106729,validation
58571,876106729,validation
69775,876106729,validation
74218,876106729,validation
74770,876106729,validation
79876,876106729,validation
83023,876106729,validation
93339,876106729,validation
95754,876106729,validation
55816,876109074,validation
38726,876110379,validation
19133,876159838,validation
83088,876170101,validation
93437,876170101,validation
46161,876170992,validation
56523,876170992,validation
46042,876171049,validation
59396,876171093,validation
9634,876174729,validation
30848,876174925,validation
36802,876175004,validation
50695,876175031,validation
9210,876175052,validation
4883,876175077,validation
30386,876175191,validation
40107,876175191,validation
38732,876175395,validation
58790,876175427,validation
73542,876175427,validation
73914,876175427,validation
65370,876175467,validation
76596,876175467,validation
88766,876175467,validation
668,876175582,validation
4919,876175626,validation
42178,876175626,validation
11913,876175640,validation
22475,876175658,validation
61886,876175704,validation
33826,876175733,validation
29739,876175754,validation
81499,876175937,validation
93547,876175937,validation
67349,876175980,validation
69539,876175980,validation
79612,876176043,validation
80056,876176043,validation
89497,876176071,validation
90605,876176071,validation
58532,876176115,validation
53582,876176160,validation
62541,876176160,validation
77714,876176160,validation
15238,876176161,validation
86039,876176259,validation
94681,876176561,validation
59896,876176979,validation
81896,876177211,validation
81021,876177330,validation
78343,876177353,validation
94354,876177414,validation
98590,876177436,validation
78458,876177661,validation
65776,876177839,validation
54216,876185488,validation
94048,876185488,validation
54119,876185574,validation
74692,876185574,validation
53938,876185648,validation
76211,876185673,validation
58007,876185726,validation
68353,876185726,validation
50461,876185767,validation
49477,876185788,validation
61291,876185812,validation
61839,876185812,validation
48796,876185832,validation
76635,876185855,validation
80114,876185855,validation
52060,876185896,validation
57354,876185896,validation
47383,876185920,validation
95807,876185920,validation
54170,876185943,validation
57438,876189585,validation
57584,876189614,validation
81621,876189614,validation
50829,876189664,validation
54476,876189689,validation
73173,876189689,validation
62910,876189715,validation
67498,876189715,validation
98767,876189715,validation
94122,876189749,validation
69950,876189775,validation
57003,876189795,validation
52473,876189829,validation
88546,876189829,validation
50527,876189871,validation
56801,876189871,validation
60862,876189913,validation
79481,876189931,validation
83174,876189950,validation
87123,876189950,validation
51054,876190025,validation
59496,876190025,validation
61596,876190025,validation
55644,876190072,validation
80002,876190072,validation
56670,876190094,validation
62803,876190130,validation
71365,876190130,validation
73042,876190130,validation
76624,876190160,validation
77917,876190160,validation
87101,876190160,validation
62568,876190182,validation
86243,876190206,validation
96276,876190206,validation
87554,876190235,validation
95510,876190235,validation
59508,876190256,validation
71776,876190314,validation
82766,876190314,validation
63779,876190336,validation
65978,876190336,validation
50481,876190370,validation
50772,876190370,validation
89702,876190370,validation
93361,876190394,validation
79527,876190417,validation
84279,876190417,validation
66852,876190439,validation
52467,876190468,validation
63959,876190468,validation
52273,876190510,validation
66540,876190510,validation
75122,876190511,validation
94868,876190511,validation
97041,876190511,validation
77948,876190623,validation
83234,876190623,validation
98606,876190689,validation
50887,876190723,validation
56050,876190752,validation
78317,876190752,validation
90677,876190752,validation
78658,876190753,validation
62111,876190770,validation
83776,876190798,validation
46002,876191239,validation
62810,876191626,validation
6313,876197368,validation
21217,876197443,validation
24326,876197552,validation
11496,876197615,validation
64294,876197615,validation
412,876197645,validation
31323,876197645,validation
374,876197678,validation
15874,876197678,validation
42028,876197678,validation
15814,876197904,validation
23208,876197904,validation
79484,876197904,validation
4770,876197944,validation
46014,876197944,validation
11627,876198296,validation
21231,876198296,validation
53002,876198296,validation
73498,876198296,validation
82337,876198296,validation
92349,876198296,validation
94070,876198296,validation
1063,876198301,test
2087,876198328,test
25715,876198328,test
67742,876198328,test
20257,876198392,test
2074,876198457,test
95065,876209837,test
72171,876215627,test
64394,876215773,test
31877,876215899,test
36709,876216206,test
93998,876231123,test
43155,876231229,test
50607,876231229,test
67801,876231229,test
49257,876231441,test
34809,876231468,test
31491,876231521,test
35384,876231546,test
60971,876231570,test
54967,876231634,test
52659,876231688,test
94704,876231777,test
47351,876231802,test
63326,876231839,test
65395,876231839,test
31641,876231886,test
35187,876231886,test
57282,876231938,test
63128,876231938,test
73315,876231964,test
35149,876231993,test
46550,876231993,test
30916,876232023,test
95925,876232053,test
46617,876232109,test
53735,876232109,test
48590,876232176,test
70503,876232176,test
50678,876232212,test
51307,876232267,test
55953,876232267,test
36163,876232317,test
94562,876232486,test
38697,876232528,test
85880,876232553,test
34156,876232682,test
48512,876232682,test
58680,876232730,test
30003,876232758,test
30683,876232758,test
54806,876232758,test
62875,876232794,test
94747,876232900,test
49404,876232956,test
70191,876232956,test
39498,876232996,test
40303,876232997,test
52772,876233034,test
43247,876233069,test
56698,876233088,test
71065,876233137,test
68139,876233213,test
53740,876242649,test
55224,876242649,test
82325,876242649,test
85337,876242649,test
54735,876242755,test
63701,876242755,test
77503,876242851,test
82911,876242912,test
63124,876242945,test
75503,876242972,test
75928,876243015,test
83470,876243015,test
50946,876243046,test
99975,876243046,test
63572,876243100,test
86158,876243159,test
90139,876243159,test
84105,876243232,test
70095,876243291,test
84921,876243343,test
51090,876243410,test
65788,876243410,test
54803,876243440,test
76205,876243440,test
85748,876243440,test
62014,876243465,test
73179,876243572,test
56646,876243595,test
79232,876243595,test
93373,876243644,test
95378,876243668,test
84270,876243703,test
75178,876243772,test
97908,876243794,test
76375,876243795,test
99916,876243854,test
96251,876243914,test
68884,876243925,test
86242,876243925,test
51134,876243953,test
93738,876243990,test
99107,876243990,test
95619,876244023,test
50629,876244181,test
61078,876244181,test
63014,876244181,test
68291,876244181,test
68883,876244181,test
74133,876244181,test
76875,876244181,test
76082,876244472,test
77563,876244529,test
66321,876244559,test
50353,876244625,test
56292,876244652,test
60583,876244688,test
57331,876244856,test
86083,876244856,test
81135,876244895,test
94867,876244895,test
56073,876244991,test
63876,876244991,test
67536,876244991,test
73453,876244991,test
77829,876244991,test
90013,876244991,test
90405,876244991,test
92554,876244991,test
96526,876244991,test
98242,876244991,test
62990,876245069,test
52189,876245331,test
62231,876245383,test
63285,876245421,test
76330,876245421,test
65486,876245475,test
99408,876245520,test
78053,876245549,test
71782,876245837,test
72542,876245837,test
91940,876245880,test
50964,876245940,test
71703,876246236,test
79680,876246291,test
84987,876246312,test
49806,876246358,test
69011,876246358,test
81136,876246358,test
59612,876246409,test
94088,876246409,test
85954,876246436,test
73177,876246475,test
99076,876246475,test
72844,876246504,test
70338,876246555,test
53067,876246687,test
53669,876246687,test
64901,876246687,test
86107,876246687,test
99655,876249370,test
70071,876249507,test
59034,876250442,test
73235,876250551,test
86339,876250551,test
89996,876250551,test
94897,876250551,test
2846,876250582,test
291,876250718,test
30993,876250718,test
14763,876250746,test
20651,876250746,test
99952,876250746,test
12882,876250781,test
37086,876250805,test
47543,876250805,test
23197,876250833,test
32068,876250833,test
10325,876250850,test
5646,876250897,test
6729,876250897,test
3867,876250932,test
23974,876250932,test
29281,876250932,test
74379,876250932,test
26252,876250955,test
48508,876250955,test
11013,876251037,test
11507,876251053,test
4369,876251072,test
22301,876251072,test
17297,876251090,test
5127,876251127,test
5672,876251127,test
96761,876251127,test
1014,876251160,test
9446,876251160,test
27802,876251160,test
52325,876251160,test
31531,876251192,test
33866,876251192,test
25231,876251217,test
35364,876251217,test
44700,876251217,test
57066,876251287,test
73548,876251287,test
53792,876251312,test
54529,876251312,test
59481,876251312,test
77857,876251312,test
84029,876251330,test
11079,876251341,test
41410,876251341,test
14704,876251357,test
46570,876251366,test
56074,876251366,test
85364,876251366,test
28724,876251388,test
5692,876251389,test
50828,876251389,test
75557,876251407,test
17007,876251409,test
13376,876251446,test
73949,876251515,test
6074,876251619,test
34512,876251650,test
98926,876251650,test
3337,876251693,test
22508,876251693,test
14143,876251728,test
4704,876251804,test
8752,876251865,test
18722,876251895,test
22713,876251895,test
60207,876251895,test
1988,876251922,test
17860,876251922,test
34857,876251922,test
1264,876251944,test
2623,876251972,test
7001,876251972,test
22253,876252012,test
27750,876252041,test
11781,876252042,test
54394,876252042,test
41860,876252064,test
72025,876252064,test
12940,876252087,test
76980,876252136,test
28522,876252175,test
35902,876252175,test
14393,876252225,test
68774,876252225,test
45709,876252243,test
45587,876252263,test
8844,876252288,test
19732,876252288,test
47593,876252288,test
10154,876252307,test
47778,876252327,test
77295,876252343,test
16966,876252373,test
13397,876252420,test
25085,876252420,test
59659,876252420,test
13457,876252472,test
31195,876252472,test
86868,876252472,test
657,876252497,test
7441,876252497,test
7553,876252521,test
32424,876266650,test
36470,876266650,test
11937,876266701,test
52244,876266701,test
78688,876266701,test
16050,876266741,test
30827,876266741,test
39714,876266741,test
62238,876266741,test
76571,876266741,test
91061,876266741,test
20689,876266775,test
25460,876266775,test
28854,876266775,test
45672,876266775,test
16288,876266826,test
47544,876266826,test
20457,876266860,test
32504,876266860,test
56019,876266860,test
66161,876266860,test
93976,876266860,test
36327,876266886,test
92135,876266904,test
22786,876266926,test
24092,876266926,test
25157,876266926,test
12927,876266948,test
21289,876266948,test
52789,876266948,test
16474,876266984,test
96099,876266984,test
13275,876266985,test
23716,876266985,test
32522,876266985,test
34350,876266985,test
99351,876266985,test
15605,876267014,test
18227,876267014,test
29146,876267014,test
31778,876267014,test
57836,876267014,test
12738,876267041,test
23072,876267041,test
31056,876267041,test
46093,876267041,test
59913,876267067,test
64134,876267067,test
15295,876267068,test
13914,876267096,test
50569,876267096,test
81894,876267096,test
85037,876267115,test
19745,876267173,test
37357,876267173,test
62694,876267173,test
62951,876267173,test
73887,876267173,test
13206,876267206,test
16508,876267206,test
52063,876267206,test
76810,876267206,test
77517,876267206,test
21363,876267234,test
36927,876267234,test
21303,876267235,test
63789,876267235,test
72920,876267235,test
56865,876278721,test
88852,876278721,test
69130,876278804,test
71484,876278831,test
45367,876278860,test
62300,876279059,test
72685,876279059,test
11681,876280242,test
42325,876280289,test
3601,876280338,test
35112,876297413,test
94140,876297413,test
97802,876297577,test
23104,876298233,test
87320,876298593,test
38022,876298932,test
81422,876298932,test
19824,876299004,test
79426,876299004,test
54140,876311004,test
24627,876311146,test
66564,876311146,test
2553,876311195,test
42878,876311217,test
35828,876311241,test
41445,876311241,test
1788,876311280,test
2252,876311280,test
61169,876311299,test
1655,876311319,test
98415,876311319,test
943,876311344,test
13828,876311344,test
3368,876311365,test
16307,876311365,test
25718,876311387,test
36134,876311387,test
17651,876311423,test
21639,876311423,test
49233,876311423,test
4082,876311473,test
43542,876311492,test
55842,876311517,test
37648,876311518,test
17008,876311547,test
15201,876311577,test
30541,876311646,test
90423,876319062,test
84362,876319137,test
96044,876319159,test
72295,876319311,test
23276,876338150,test
96784,876338186,test
39719,876338249,test
27462,876338278,test
18648,876338279,test
29943,876338309,test
20639,876338453,test
37365,876338453,test
65614,876338663,test
19509,876338691,test
28674,876338691,test
82816,876338730,test
36806,876338799,test
23696,876338883,test
25726,876338883,test
19567,876338910,test
24918,876338946,test
52539,876338966,test
22939,876338986,test
15881,876339101,test
83763,876339101,test
71404,876339940,test
93602,876339940,test
24207,876339975,test
36686,876339975,test
77144,876339975,test
85761,876339975,test
53457,876339982,test
39197,876340001,test
20839,876340043,test
30991,876340043,test
33249,876340120,test
22523,876340144,test
22959,876340144,test
44689,876340239,test
13589,876340318,test
80443,876340363,test
18764,876341409,test
29888,876341443,test
14201,876341444,test
45939,876341467,test
87666,876341493,test
14196,876342031,test
22040,876342618,test
37171,876342671,test
20910,876342706,test
22101,876342822,test
58701,876342927,test
92821,876343028,test
19826,876344062,test
72426,876344062,test
55362,876344287,test
79031,876344329,test
27911,876344410,test
80119,876344668,test
77947,876344712,test
49272,876344736,test
42359,876344772,test
50927,876344772,test
53996,876344993,test
46246,876345024,test
21534,876345492,test
82493,876345492,test
94679,876345492,test
26019,876345934,test
56008,876346344,test
57355,876346344,test
33724,876346383,test
59707,876346515,test
62956,876346515,test
74517,876346515,test
73874,876346551,test
83422,876346633,test
84250,876346757,test
39586,876346810,test
79373,876346810,test
61182,876346849,test
36170,876346890,test
83800,876346890,test
36794,876346930,test
37021,876346930,test
46614,876346930,test
62108,876346964,test
34381,876347039,test
55581,876347039,test
93272,876347040,test
39421,876347113,test
45042,876347113,test
51875,876347113,test
39948,876347148,test
51158,876347148,test
64237,876347148,test
38946,876347196,test
94336,876347196,test
36008,876347224,test
62113,876347267,test
79248,876347267,test
46388,876347320,test
67113,876347320,test
68847,876347320,test
44431,876347462,test
93487,876347523,test
45626,876347557,test
55769,876347557,test
50156,876347599,test
96697,876347665,test
41357,876347765,test
62567,876347765,test
46142,876348035,test
36577,876348107,test
39520,876348107,test
51043,876348140,test
76410,876348140,test
41508,876348177,test
64342,876348198,test
41961,876348215,test
58616,876348232,test
84367,876348285,test
76576,876348296,test
47023,876348316,test
19720,876348318,test
25023,876348318,test
91211,876348318,test
34441,876348381,test
72051,876348410,test
43561,876348526,test
77652,876348526,test
35786,876348572,test
40530,876348572,test
72842,876348572,test
29968,876348583,test
91025,876348611,test
23040,876348639,test
28172,876348639,test
43527,876348660,test
59791,876348660,test
56639,876348674,test
28032,876348681,test
32251,876348702,test
44802,876348736,test
52085,876348736,test
64142,876348736,test
72973,876348736,test
53903,876348782,test
76945,876348782,test
57603,876348783,test
52037,876348799,test
35493,876348820,test
47430,876348820,test
18480,876348832,test
71820,876348849,test
65719,876348901,test
43051,876348947,test
76563,876348947,test
21066,876348957,test
70636,876348957,test
58039,876348987,test
71692,876349150,test
62919,876349153,test
45098,876349251,test
36478,876349302,test
78231,876349358,test
80151,876349387,test
46384,876349503,test
48437,876349503,test
50568,876349503,test
40699,876349542,test
44682,876349542,test
43579,876349577,test
60535,876349577,test
42097,876349716,test
36403,876349810,test
35460,876349897,test
61750,876349897,test
40928,876349937,test
96948,876349937,test
41815,876350016,test
47951,876350017,test
59184,876350017,test
84508,876350017,test
96825,876350017,test
48665,876350060,test
58875,876350060,test
75952,876350060,test
56437,876350104,test
98327,876350104,test
39015,876350142,test
39211,876350142,test
70271,876350185,test
84417,876350185,test
34345,876350230,test
36468,876350230,test
67732,876350230,test
52724,876350300,test
61447,876350340,test
42527,876350400,test
53763,876350400,test
88135,876350400,test
37048,876350443,test
66361,876350443,test
72344,876350443,test
38613,876350501,test
62878,876350536,test
54802,876350537,test
79555,876350537,test
64163,876350583,test
90420,876350583,test
56230,876350652,test
79750,876350683,test
39826,876350719,test
39213,876350766,test
45355,876350766,test
55693,876350766,test
34805,876350812,test
41208,876350812,test
83598,876350812,test
36723,876350875,test
74081,876350944,test
88253,876350944,test
91846,876350998,test
45568,876351041,test
37593,876351073,test
53253,876351073,test
45585,876351141,test
42980,876351171,test
41391,876351214,test
81944,876351214,test
34661,876351263,test
47602,876351264,test
38659,876351298,test
82791,876351298,test
95989,876351413,test
84776,876351582,test
35817,876365003,test
84619,876365003,test
98862,876368907,test
61951,876369085,test
50791,876369162,test
78019,876369162,test
37596,876369198,test
74861,876369272,test
65922,876369382,test
93223,876369382,test
43907,876369527,test
66528,876369560,test
99276,876369560,test
49176,876369615,test
37285,876369678,test
40104,876369730,test
73490,876369785,test
36017,876369840,test
30693,876369907,test
34569,876369932,test
40044,876369968,test
62890,876369968,test
34363,876369995,test
83382,876369995,test
980,876374419,test
29257,876374463,test
34964,876374602,test
31522,876382812,test
88153,876382812,test
10562,876402390,test
16203,876402390,test
28704,876402390,test
78939,876402390,test
84598,876402390,test
47648,876402428,test
10847,876402468,test
23467,876402468,test
34842,876402468,test
20458,876402493,test
12037,876402516,test
94093,876402556,test
36901,876402626,test
15969,876402668,test
19343,876402668,test
26800,876402668,test
41720,876402668,test
17011,876402738,test
17343,876402738,test
51851,876402738,test
8416,876402814,test
16768,876402814,test
41007,876402814,test
12078,876402894,test
73141,876402894,test
21808,876402941,test
24075,876402941,test
30556,876402941,test
32763,876402941,test
47455,876402941,test
74590,876402941,test
30084,876402978,test
85612,876402978,test
45995,876403009,test
85694,876403009,test
13492,876403078,test
22470,876403078,test
54887,876403078,test
61711,876403078,test
10025,876403121,test
21988,876403121,test
32561,876403121,test
61325,876403121,test
39276,876403212,test
41574,876403212,test
63514,876403212,test
14554,876403239,test
55656,876403239,test
31405,876403283,test
43566,876403310,test
12305,876403348,test
19730,876403348,test
45116,876403418,test
95332,876403443,test
86673,876403491,test
28280,876403514,test
91213,876403563,test
30378,876403587,test
7652,876403746,test
17666,876403776,test
89975,876403776,test
6482,876403851,test
13143,876403883,test
29962,876403938,test
10172,876404343,test
14268,876404343,test
15406,876404343,test
55275,876404385,test
31577,876404426,test
32281,876404426,test
60796,876404426,test
75174,876404426,test
13796,876404464,test
21268,876404464,test
41642,876404464,test
46986,876404464,test
11128,876404499,test
22702,876404499,test
96588,876404499,test
32967,876404539,test
34356,876404539,test
80597,876404539,test
5613,876404568,test
43791,876404568,test
24150,876404612,test
31230,876404612,test
23206,876404613,test
28462,876404613,test
22733,876404647,test
25605,876404647,test
53409,876404647,test
18349,876404688,test
10896,876404689,test
25550,876404689,test
46943,876404689,test
51026,876404689,test
10617,876404757,test
15005,876404757,test
36597,876404757,test
19398,876404793,test
20394,876404793,test
53836,876404793,test
12500,876404836,test
30784,876404836,test
44073,876404836,test
49782,876404836,test
52895,876404836,test
55064,876404836,test
16057,876404880,test
47652,876404880,test
98279,876404880,test
23783,876404957,test
37511,876404957,test
86043,876404957,test
22982,876405004,test
23027,876405004,test
23217,876405004,test
24503,876405004,test
20553,876405045,test
71054,876405045,test
82528,876405045,test
5182,876405129,test
17293,876405129,test
30865,876405129,test
6019,876405130,test
12694,876405130,test
94096,876405130,test
8791,876405172,test
20602,876405172,test
20649,876405172,test
42636,876405172,test
53663,876405172,test
17502,876405200,test
79834,876405521,test
41141,876405553,test
25877,876405633,test
45020,876405633,test
59317,876405633,test
6299,876405697,test
16333,876405697,test
59643,876405697,test
78283,876405697,test
5981,876405735,test
6720,876405735,test
17324,876405735,test
56176,876405735,test
29477,876405771,test
71030,876405771,test
8786,876405820,test
21263,876405820,test
35630,876405820,test
14353,876405857,test
42148,876405857,test
6063,876405893,test
15951,876405893,test
52175,876405893,test
41447,876405943,test
65873,876405943,test
91430,876405943,test
6397,876406006,test
26373,876406006,test
66913,876406006,test
29906,876406062,test
9180,876406144,test
9583,876406144,test
22499,876406144,test
24339,876406181,test
81682,876406181,test
39255,876406256,test
72737,876406256,test
8642,876406257,test
14157,876406257,test
14606,876406257,test
32111,876406283,test
95826,876406314,test
6158,876406391,test
13937,876406391,test
6013,876406421,test
20819,876406421,test
10871,876406462,test
83846,876406514,test
28445,876406552,test
58909,876406552,test
76552,876406576,test
90567,876406576,test
16053,876406604,test
5454,876406640,test
18787,876406640,test
59940,876406640,test
7139,876406677,test
8595,876406677,test
30756,876406677,test
36279,876406677,test
16363,876406707,test
51542,876406707,test
65796,876406764,test
21907,876406822,test
11588,876406878,test
37512,876406878,test
40174,876406878,test
66799,876406878,test
30779,876406939,test
45560,876406939,test
5170,876406977,test
6159,876406978,test
16410,876406978,test
13009,876407006,test
14027,876407006,test
29868,876407032,test
17782,876407072,test
39720,876407138,test
45780,876407138,test
45483,876407174,test
35519,876407175,test
88665,876407202,test
27593,876407252,test
19575,876407291,test
33384,876407291,test
27907,876407340,test
23036,876407379,test
57853,876407421,test
5101,876407485,test
6249,876407565,test
47116,876407663,test
61617,876407706,test
81473,876407706,test
19350,876407749,test
6708,876408138,test
16063,876408138,test
25153,876408138,test
6663,876408139,test
7388,876408139,test
11024,876408139,test
30947,876408139,test
40885,876408139,test
48157,876408139,test
61647,876408139,test
52602,876429672,test
58679,876430033,test
87365,876430033,test
65198,876430571,test
3366,876433101,test
22562,876435434,test
49697,876435434,test
1540,876435435,test
8966,876435435,test
10752,876436480,test
24283,876436556,test
33627,876436556,test
57727,876436556,test
1220,876451911,test
11104,876451911,test
30266,876451911,test
34235,876451911,test
9161,876451998,test
23726,876452054,test
21520,876452094,test
31860,876452094,test
50847,876452094,test
69109,876452094,test
19934,876452133,test
26740,876452133,test
5709,876452186,test
12042,876452186,test
15724,876452186,test
34520,876452186,test
37549,876452186,test
39959,876452186,test
44359,876452186,test
20114,876452228,test
44537,876452228,test
67480,876452405,test
44559,876452443,test
51962,876452443,test
3145,876452492,test
35679,876452492,test
41698,876452492,test
4549,876452523,test
44862,876452523,test
1511,876452524,test
72230,876452555,test
1801,876452582,test
79264,876452582,test
1494,876452606,test
15101,876452651,test
97820,876452651,test
66387,876452705,test
80351,876452806,test
93077,876452854,test
5598,876452980,test
70650,876452980,test
4061,876453171,test
84121,876453191,test
20633,876453222,test
68819,876453222,test
4255,876453376,test
7655,876453376,test
10804,876453376,test
19551,876453376,test
25650,876453376,test
31916,876453376,test
71100,876453376,test
82652,876453376,test
30554,876453377,test
41326,876453377,test
32778,876453422,test
2837,876453519,test
8894,876453519,test
18891,876453519,test
25878,876453519,test
95740,876453519,test
41930,876453560,test
61434,876453560,test
5310,876453626,test
15745,876453626,test
20269,876453681,test
26410,876453733,test
87335,876453733,test
6456,876453800,test
8969,876453800,test
67014,876453847,test
79079,876453865,test
2227,876453915,test
27369,876453915,test
44903,876453915,test
27303,876453961,test
54718,876453961,test
7377,876454023,test
37516,876454023,test
13861,876454052,test
1650,876454090,test
21784,876454090,test
36662,876454090,test
6584,876454109,test
7482,876454174,test
7583,876454174,test
63529,876454174,test
41094,876454191,test
35539,876454238,test
90182,876454257,test
18428,876454308,test
77471,876464694,test
89472,876464694,test
94803,876464694,test
96008,876464694,test
64347,876464755,test
70187,876464755,test
88090,876464755,test
94508,876464755,test
60949,876464800,test
75849,876464800,test
79964,876464800,test
86379,876464800,test
75312,876464801,test
81352,876464801,test
87762,876464830,test
86855,876464873,test
64338,876464967,test
79177,876464967,test
89485,876464967,test
92707,876464967,test
93279,876464967,test
59776,876465025,test
69993,876465025,test
79828,876465025,test
72938,876465072,test
87032,876465072,test
93965,876465072,test
96200,876465072,test
99695,876465072,test
65404,876465111,test
83009,876465111,test
63594,876465112,test
65055,876465112,test
95025,876465112,test
66076,876465144,test
74453,876465144,test
76520,876465144,test
92902,876465144,test
99536,876465144,test
59613,876465188,test
64763,876465188,test
72423,876465188,test
78959,876465188,test
81674,876465188,test
88039,876465188,test
96756,876465188,test
99205,876465188,test
86674,876465229,test
68636,876465230,test
70339,876465230,test
70782,876465230,test
71239,876465230,test
77124,876465230,test
85203,876465230,test
94047,876465230,test
68822,876465274,test
68865,876465275,test
77802,876465275,test
84675,876465275,test
87213,876465275,test
87538,876465275,test
89879,876465275,test
97137,876465275,test
65177,876465335,test
69070,876465335,test
86676,876465335,test
99900,876465335,test
68076,876465336,test
86840,876465336,test
63533,876465370,test
64034,876465370,test
72910,876465370,test
77085,876465370,test
80466,876465370,test
64645,876465408,test
71166,876465408,test
86114,876465408,test
86302,876465408,test
89393,876465408,test
95422,876465408,test
65830,876466687,test
65956,876466687,test
74746,876466687,test
78499,876466687,test
80073,876466687,test
83455,876466687,test
86032,876466687,test
87837,876466687,test
96359,876466687,test
2968,876502910,test
23109,876502948,test
4867,876503792,test
15176,876503792,test
2160,876503793,test
4538,876503793,test
26158,876503793,test
37661,876503793,test
66508,876503793,test
71216,876503793,test
89481,876503793,test
4397,876503894,test
1680,876503995,test
4754,876503995,test
44806,876503995,test
67862,876503995,test
13772,876504026,test
74475,876504026,test
7053,876504054,test
2222,876504286,test
6999,876504286,test
15368,876504286,test
99689,876504286,test
634,876504354,test
17489,876504354,test
89120,876504354,test
94002,876504354,test
800,876504442,test
11429,876504442,test
37448,876504442,test
31579,876504472,test
78753,876504581,test
54633,876504614,test
5237,876504679,test
92365,876506675,test
70718,876506731,test
53802,876507120,test
65178,876507391,test
54444,876513491,test
7335,876513523,test
7015,876513565,test
19888,876513584,test
2478,876513607,test
28285,876513643,test
33390,876513643,test
61285,876513643,test
12191,876513675,test
13048,876513675,test
48509,876513675,test
59461,876513675,test
25884,876513708,test
1307,876513785,test
6589,876513785,test
919,876513830,test
15566,876513831,test
8612,876513855,test
33007,876513855,test
20146,876513897,test
20380,876513897,test
27180,876513897,test
43719,876513897,test
8764,876513927,test
9847,876513927,test
13598,876513927,test
15453,876513927,test
10205,876513953,test
71516,876513953,test
710,876514002,test
22020,876514002,test
60659,876514002,test
69799,876514002,test
72720,876514002,test
81922,876514077,test
9216,876514107,test
14767,876514107,test
15408,876514107,test
5805,876514108,test
551,876518557,test
11921,876518557,test
58632,876518557,test
74016,876521586,test
4046,876521650,test
20746,876521650,test
60531,876521650,test
22344,876521678,test
13016,876521699,test
58766,876521700,test
9995,876521773,test
25027,876521773,test
29712,876521809,test
76025,876521809,test
16772,876521835,test
30924,876521835,test
7759,876521858,test
23899,876521858,test
95986,876521858,test
50179,876521887,test
73718,876521887,test
73935,876521917,test
4742,876521933,test
6152,876521966,test
36383,876521993,test
55960,876522008,test
13664,876522026,test
15850,876522072,test
74535,876522097,test
69730,876522098,test
25943,876522114,test
34221,876522114,test
21358,876522133,test
7907,876522150,test
26960,876522166,test
16112,876522185,test
18248,876522200,test
31242,876522240,test
66068,876522240,test
57942,876522261,test
80633,876522316,test
19758,876522340,test
62527,876522340,test
21462,876522360,test
52021,876523092,test
47587,876523093,test
63198,876523093,test
60358,876523133,test
85320,876523133,test
61123,876523225,test
45766,876523288,test
48142,876523314,test
40842,876523654,test
43659,876523654,test
45916,876523654,test
94577,876523654,test
62061,876523833,test
62455,876523833,test
64478,876523833,test
94653,876523833,test
46272,876524053,test
52056,876524053,test
61643,876524053,test
66890,876524053,test
55201,876524096,test
68402,876524097,test
70791,876524290,test
44199,876524474,test
44563,876524474,test
47127,876524474,test
67569,876524474,test
92676,876524474,test
51079,876524641,test
51308,876524641,test
70431,876524641,test
74485,876524641,test
41594,876524699,test
52719,876524699,test
54305,876524699,test
56575,876524731,test
61555,876524731,test
85744,876524731,test
74283,876524869,test
50818,876524937,test
47755,876525002,test
60313,876525002,test
83674,876525002,test
47534,876525044,test
50067,876525044,test
75783,876525044,test
92293,876525044,test
49044,876525076,test
49686,876525077,test
61249,876525077,test
48397,876525192,test
96469,876525292,test
66730,876525293,test
42337,876525315,test
52643,876525315,test
99319,876525363,test
93483,876525364,test
89820,876525695,test
65328,876525718,test
99677,876525718,test
50778,876525736,test
61138,876525764,test
63679,876525962,test
57095,876525963,test
77254,876525963,test
95968,876525963,test
41350,876525998,test
43871,876525998,test
51070,876525998,test
62740,876525998,test
88575,876525998,test
63697,876526052,test
76843,876526052,test
60610,876526152,test
67975,876526152,test
73099,876526152,test
87560,876526152,test
42372,876526179,test
73516,876526179,test
78276,876526462,test
83420,876526462,test
89265,876526462,test
93909,876526462,test
41608,876526518,test
50526,876526518,test
52043,876526518,test
42406,876526519,test
43645,876526519,test
49032,876526554,test
80480,876526554,test
59629,876526555,test
68714,876526555,test
80144,876526555,test
52896,876526580,test
73888,876526580,test
90777,876526580,test
41682,876526604,test
44735,876526604,test
75343,876526604,test
41519,876526631,test
49485,876526631,test
50239,876526631,test
82132,876526631,test
82175,876526631,test
50815,876526659,test
93641,876526659,test
97030,876526659,test
93498,876526684,test
51368,876526685,test
79078,876526685,test
80409,876526685,test
45631,876526718,test
56831,876526718,test
81513,876526718,test
42195,876526739,test
66475,876526739,test
64691,876526784,test
3960,876529834,test
45516,876530628,test
71264,876530687,test
98059,876530784,test
44114,876531582,test
68253,876531583,test
40722,876531955,test
42917,876532145,test
41769,876532425,test
38675,876532501,test
87447,876532501,test
39431,876532517,test
72174,876532747,test
46691,876532975,test
68192,876532975,test
96508,876532975,test
95266,876533005,test
39579,876533229,test
47069,876533229,test
51900,876533229,test
19220,876533389,test
33171,876533504,test
61144,876533504,test
61206,876533504,test
74090,876533504,test
7038,876533545,test
21559,876533545,test
56725,876533545,test
3780,876533586,test
29162,876533586,test
13201,876533619,test
19083,876533619,test
29058,876533619,test
5710,876533657,test
26699,876533657,test
57639,876533657,test
62075,876533657,test
79961,876533657,test
4127,876533710,test
1771,876533764,test
4196,876533764,test
33906,876533764,test
38720,876533764,test
38448,876533810,test
6506,876533824,test
42207,876533824,test
81459,876533824,test
64918,876533832,test
80948,876533851,test
50849,876533894,test
84396,876533912,test
7425,876533946,test
14338,876533946,test
41936,876533946,test
26743,876533988,test
39040,876534009,test
93655,876534009,test
62102,876534041,test
53644,876534083,test
17949,876534097,test
3396,876534124,test
37104,876534124,test
52891,876534131,test
53304,876534131,test
57049,876534131,test
69105,876534131,test
69805,876534131,test
80980,876534131,test
81852,876534131,test
82506,876534131,test
85522,876534131,test
92670,876534131,test
57695,876534151,test
35481,876534174,test
1489,876534214,test
64421,876534214,test
3648,876534244,test
43380,876534274,test
63505,876534274,test
46976,876534275,test
48861,876534275,test
50624,876534275,test
50677,876534275,test
66225,876534275,test
70312,876534275,test
76396,876534275,test
90115,876534275,test
12439,876534277,test
9510,876534313,test
58804,876534366,test
12020,876534408,test
2577,876534437,test
13240,876534437,test
24959,876534505,test
12957,876534594,test
33551,876534704,test
89487,876534704,test
1886,876534751,test
46674,876534783,test
14589,876534817,test
85783,876534817,test
17637,876534854,test
20389,876534949,test
52,876535131,test
88295,876535544,test
91788,876535544,test
92868,876535599,test
62620,876535642,test
70214,876535642,test
70279,876535642,test
97244,876535663,test
67966,876535695,test
67226,876535796,test
86549,876535796,test
65120,876535927,test
98868,876535928,test
90276,876535967,test
75468,876536012,test
86063,876536012,test
93065,876536012,test
96262,876536040,test
62293,876536079,test
66487,876536079,test
72699,876536079,test
68927,876536107,test
88137,876536164,test
83906,876536198,test
84035,876536198,test
90274,876536198,test
63698,876536241,test
68788,876536241,test
91903,876536241,test
63700,876536332,test
88593,876536332,test
62451,876536364,test
72932,876536391,test
70344,876536414,test
63291,876536439,test
83476,876536523,test
96620,876536636,test
75818,876536667,test
78610,876536667,test
66484,876536745,test
75817,876536745,test
85137,876536745,test
64003,876536773,test
94974,876536773,test
64526,876536850,test
86514,876536850,test
81631,876536877,test
63380,876536978,test
67390,876537011,test
83212,876537011,test
83228,876537056,test
93493,876537106,test
64751,876537177,test
67816,876537285,test
89219,876537285,test
93157,876537285,test
66557,876537404,test
68101,876537418,test
73069,876537418,test
84068,876537418,test
86108,876537419,test
94877,876537419,test
62794,876537457,test
79839,876537457,test
82998,876537457,test
98815,876537457,test
60930,876537512,test
67968,876537512,test
70914,876537512,test
62561,876537577,test
80896,876537577,test
87376,876537577,test
97144,876537577,test
98887,876537577,test
40132,876537591,test
64357,876537612,test
66074,876537612,test
88813,876537612,test
64361,876537613,test
88994,876537620,test
82621,876537679,test
85451,876537679,test
86600,876537679,test
88531,876537679,test
93276,876537679,test
71613,876537697,test
60574,876537718,test
69686,876537718,test
83623,876537718,test
89692,876537718,test
69684,876537752,test
83130,876537752,test
91498,876537752,test
70560,876537825,test
71377,876537825,test
72268,876537825,test
72885,876537825,test
96491,876537825,test
85457,876537870,test
93121,876537870,test
93823,876537870,test
94750,876537870,test
98628,876537870,test
62870,876537900,test
81694,876537900,test
93501,876537900,test
71880,876537933,test
83753,876537933,test
93102,876537933,test
62777,876537995,test
69325,876537995,test
63958,876538027,test
88945,876538027,test
84688,876538028,test
61284,876538063,test
83546,876538098,test
83850,876538098,test
61231,876538131,test
83735,876538131,test
89848,876538131,test
95727,876538131,test
80452,876538155,test
66439,876538185,test
89482,876538185,test
91646,876538185,test
91330,876538221,test
75816,876538251,test
90842,876538251,test
71768,876538286,test
75247,876538286,test
98851,876538286,test
61110,876538322,test
72186,876538322,test
75720,876538322,test
78769,876538322,test
62930,876538400,test
82508,876538400,test
71236,876538465,test
87015,876538465,test
91355,876538465,test
92521,876538465,test
94958,876538465,test
99715,876538465,test
61472,876538506,test
62784,876538506,test
97506,876538506,test
75134,876538536,test
89539,876538537,test
76774,876538571,test
79650,876538571,test
86457,876538571,test
63931,876538595,test
79130,876538595,test
62354,876538627,test
65616,876538627,test
83124,876538665,test
64607,876538666,test
65759,876538666,test
87900,876538666,test
87926,876538691,test
60623,876538726,test
85978,876538726,test
88297,876538726,test
89902,876538726,test
90502,876538726,test
65934,876538763,test
86829,876538763,test
91320,876538763,test
93787,876538763,test
75655,876538796,test
82828,876538796,test
99622,876538796,test
86390,876538824,test
89763,876538824,test
79865,876538853,test
63266,876538889,test
65414,876538889,test
78360,876538889,test
69039,876538922,test
80514,876538922,test
83087,876538922,test
93845,876538922,test
75894,876538953,test
92600,876538953,test
96995,876538953,test
61416,876538986,test
90145,876538986,test
91531,876538986,test
92570,876538986,test
67289,876539020,test
72862,876539020,test
93124,876539020,test
62575,876539051,test
83936,876539051,test
66637,876539091,test
66985,876539091,test
83393,876539091,test
89106,876539091,test
98033,876539091,test
77430,876539128,test
87823,876539128,test
89483,876539129,test
98661,876539129,test
81143,876539156,test
91990,876539156,test
61997,876539186,test
79897,876539186,test
63615,876539187,test
61497,876539220,test
96463,876539220,test
97091,876539220,test
66643,876539260,test
69715,876539260,test
70173,876539260,test
86948,876539260,test
95953,876539260,test
60903,876539261,test
70505,876539291,test
93795,876539291,test
71519,876539330,test
85360,876539330,test
84014,876539360,test
60505,876539387,test
74670,876539387,test
84268,876539418,test
95845,876539418,test
61457,876539448,test
65042,876539448,test
68674,876539448,test
70669,876539477,test
78739,876539505,test
89782,876539505,test
62144,876539549,test
62409,876539549,test
69157,876539549,test
89954,876539549,test
96820,876539549,test
78752,876539595,test
86135,876539595,test
89667,876539595,test
78213,876539636,test
78549,876539636,test
86040,876539636,test
17801,876543768,test
73526,876543930,test
8424,876544277,test
40936,876544277,test
9558,876544278,test
23010,876544278,test
27172,876544311,test
77603,876544311,test
16581,876544337,test
8151,876544366,test
9551,876544366,test
45062,876544366,test
13986,876544432,test
20555,876544432,test
43087,876544432,test
45465,876544432,test
9316,876544480,test
34906,876544480,test
61303,876544507,test
4871,876544582,test
20236,876544582,test
87151,876544582,test
38542,876544609,test
17099,876544632,test
38318,876544632,test
89648,876544654,test
3424,876544690,test
7138,876544690,test
15817,876544690,test
70800,876544690,test
21173,876544734,test
29832,876544734,test
23126,876544781,test
7608,876544872,test
65601,876544872,test
13202,876544953,test
61465,876544953,test
34921,876544998,test
20491,876545058,test
33121,876545150,test
34286,876545368,test
74560,876545417,test
93663,876545418,test
90785,876545479,test
18071,876545532,test
45706,876545598,test
8962,876545625,test
16328,876545625,test
26917,876545721,test
13994,876545970,test
76604,876545971,test
77874,876545971,test
18932,876545999,test
17411,876546033,test
25274,876546033,test
18986,876546071,test
29388,876546071,test
19024,876546105,test
40369,876546105,test
82421,876546105,test
10070,876546132,test
18278,876546172,test
25298,876546172,test
27571,876546172,test
96787,876546172,test
7328,876546236,test
16056,876546236,test
54175,876546236,test
30047,876546267,test
34204,876546267,test
17340,876546272,test
16945,876546298,test
18547,876546298,test
90324,876546298,test
22230,876546323,test
66117,876546377,test
77317,876546377,test
3342,876546378,test
52678,876546378,test
9827,876546409,test
11709,876546409,test
44512,876546409,test
82909,876546409,test
21987,876546439,test
38268,876546439,test
19715,876546470,test
34045,876546470,test
88759,876546470,test
14872,876546498,test
23882,876546498,test
25427,876546526,test
3263,876546561,test
43833,876546586,test
6421,876546619,test
14088,876546619,test
13340,876546668,test
39526,876546694,test
37484,876546719,test
9290,876546752,test
26122,876546752,test
29201,876546752,test
5159,876546753,test
37694,876546753,test
19457,876546782,test
35223,876546812,test
8008,876546839,test
9656,876546839,test
27729,876546866,test
40273,876546890,test
7535,876546920,test
15023,876546920,test
9222,876546948,test
14771,876546948,test
59291,876546948,test
15847,876547004,test
15928,876547004,test
13258,876547032,test
22111,876547032,test
85070,876547032,test
11661,876547087,test
7318,876547165,test
25243,876547165,test
4481,876547220,test
10054,876547220,test
18740,876547220,test
87182,876547220,test
98689,876547220,test
7237,876547250,test
35350,876547311,test
85057,876547311,test
11111,876547355,test
73221,876547378,test
23332,876547426,test
25424,876547426,test
55419,876547470,test
20432,876547500,test
26672,876547500,test
50802,876547500,test
18523,876547533,test
62132,876547533,test
17377,876547575,test
90346,876547608,test
11180,876547674,test
12389,876547737,test
25691,876547813,test
91721,876547813,test
77248,876547853,test
5194,876547925,test
91883,876548886,test
86269,876549009,test
87730,876549087,test
36882,876549377,test
41004,876549579,test
64561,876549656,test
66529,876549731,test
43493,876549808,test
59601,876549808,test
34255,876550011,test
50164,876550100,test
77038,876550100,test
99685,876550100,test
40067,876550182,test
48299,876550182,test
34620,876550257,test
37056,876550257,test
38944,876550257,test
55001,876550257,test
94585,876550257,test
42674,876550342,test
58475,876550342,test
99921,876550372,test
50692,876550453,test
33700,876550491,test
36100,876550491,test
37842,876550491,test
30422,876550526,test
50775,876550526,test
72768,876550526,test
76708,876550526,test
59174,876550610,test
63383,876550610,test
32192,876550654,test
50306,876550654,test
54712,876550654,test
83823,876550778,test
90439,876550778,test
51250,876550833,test
55455,876550833,test
50083,876550913,test
96724,876551044,test
2508,876592546,test
78169,876597960,test
73518,876598016,test
99304,876598016,test
17065,876609690,test
12563,876617344,test
28783,876617344,test
60233,876632518,test
8777,876632600,test
20393,876632643,test
73408,876672606,test
76479,876674606,test
58338,876674637,test
43570,876674692,test
89964,876674762,test
84355,876674861,test
53737,876674954,test
99848,876674954,test
48176,876675152,test
56014,876675152,test
70108,876676134,test
72045,876676134,test
43175,876676165,test
47743,876676165,test
60516,876676165,test
58060,876676211,test
94645,876676211,test
72702,876676292,test
71463,876676293,test
82950,876676293,test
83651,876676293,test
53129,876676334,test
53166,876676334,test
63950,876676334,test
72913,876676334,test
86232,876676359,test
68539,876676397,test
75432,876676397,test
78746,876676397,test
47042,876676433,test
58454,876676433,test
70507,876676433,test
46957,876676501,test
55685,876676501,test
57871,876676502,test
4520,876680723,test
13723,876689364,test
18511,876689364,test
43406,876689364,test
68533,876689364,test
17014,876689418,test
35903,876689418,test
84293,876689418,test
99267,876689418,test
39385,876689501,test
16654,876689502,test
8076,876689612,test
55448,876689696,test
12321,876689738,test
24007,876689738,test
27169,876689738,test
24312,876689765,test
23259,876689790,test
7985,876689824,test
7312,876689825,test
12573,876689878,test
20958,876689878,test
45964,876689878,test
54086,876689879,test
14019,876689932,test
57696,876689932,test
12335,876689962,test
19738,876689962,test
22175,876689962,test
52915,876689990,test
10030,876689991,test
15816,876689991,test
31848,876689991,test
57939,876689991,test
78363,876689991,test
9339,876690021,test
45531,876690021,test
54586,876690021,test
91739,876690021,test
13842,876690048,test
19453,876690048,test
21058,876690048,test
26595,876690048,test
82694,876690048,test
10488,876690049,test
11085,876690049,test
52703,876690049,test
20505,876690076,test
19856,876690077,test
20365,876690077,test
29078,876690077,test
36441,876690077,test
54812,876690077,test
16901,876690098,test
18195,876690098,test
20059,876690098,test
57964,876690119,test
60412,876690119,test
18120,876690120,test
7127,876690514,test
38068,876694704,test
38646,876694704,test
41950,876694704,test
42099,876694704,test
53347,876694704,test
89142,876694704,test
40247,876694787,test
40328,876694787,test
62547,876694787,test
64804,876694787,test
69551,876694787,test
86772,876694787,test
39529,876694861,test
40932,876694861,test
58710,876694861,test
60559,876694861,test
46165,876694917,test
60546,876694917,test
69197,876694917,test
74296,876694917,test
95414,876694917,test
46311,876694995,test
50394,876694995,test
77216,876694995,test
81767,876694995,test
39833,876695059,test
47610,876695059,test
53135,876695059,test
82664,876695059,test
49812,876695108,test
57783,876695108,test
65647,876695108,test
88699,876695108,test
46746,876695216,test
79338,876695216,test
45072,876695217,test
90138,876695217,test
41982,876695259,test
52362,876695259,test
53033,876695259,test
38343,876695307,test
39588,876695307,test
55692,876695307,test
62222,876695307,test
94808,876695338,test
45824,876695385,test
70246,876695415,test
87827,876695478,test
96394,876695478,test
45749,876695560,test
51139,876695560,test
56259,876695560,test
94137,876695601,test
47562,876695627,test
41319,876695714,test
43776,876695714,test
68785,876695714,test
37834,876695774,test
39245,876695774,test
82182,876695774,test
95235,876695774,test
44737,876695819,test
82149,876695819,test
99187,876695819,test
50498,876695859,test
57546,876695917,test
74344,876695917,test
29259,876696258,test
98560,876696298,test
26221,876696643,test
82682,876696643,test
91716,876696643,test
38151,876696687,test
16444,876696739,test
46800,876696739,test
64415,876696739,test
24110,876696788,test
31094,876696788,test
33897,876696788,test
43443,876696788,test
50130,876696788,test
18995,876696823,test
35401,876696823,test
98027,876696823,test
14098,876696853,test
16759,876696853,test
19203,876696853,test
29645,876696938,test
76700,876696938,test
98537,876696938,test
25032,876697017,test
65910,876697017,test
93040,876697017,test
14073,876697074,test
16634,876697074,test
25291,876697105,test
66314,876697105,test
83587,876697105,test
29212,876697165,test
41022,876697165,test
57456,876697165,test
19360,876697205,test
20089,876697205,test
22549,876697205,test
25331,876697205,test
36799,876697205,test
23576,876697243,test
27073,876697243,test
46666,876697243,test
33318,876697283,test
41780,876697283,test
56774,876697283,test
25991,876697330,test
31373,876697330,test
25916,876697361,test
28646,876697387,test
31647,876697387,test
24596,876697415,test
79590,876697415,test
24019,876697448,test
46080,876697448,test
70627,876697479,test
35978,876697524,test
36484,876697524,test
74136,876697524,test
29729,876697558,test
47913,876697561,test
52854,876697561,test
64041,876697561,test
69412,876697561,test
33225,876697592,test
94768,876697592,test
80040,876697610,test
86375,876697610,test
52493,876697647,test
78340,876697647,test
94909,876697647,test
75381,876697679,test
21982,876697695,test
33967,876697760,test
17167,876697807,test
33903,876697847,test
93704,876697847,test
20969,876697913,test
38852,876697913,test
39776,876697955,test
56264,876698006,test
55375,876698022,test
56953,876698022,test
58972,876698022,test
68491,876698022,test
74478,876698022,test
78738,876698022,test
81962,876698022,test
83712,876698022,test
98385,876698022,test
41798,876698083,test
81094,876698083,test
51038,876698115,test
31404,876698178,test
86038,876698178,test
44416,876698204,test
21859,876698255,test
33224,876698255,test
83601,876698280,test
20897,876698364,test
23474,876698430,test
53144,876698570,test
56198,876698570,test
57844,876698570,test
61524,876698570,test
73098,876698604,test
75600,876698604,test
78851,876698604,test
53937,876698643,test
61658,876698643,test
84934,876698643,test
87966,876698643,test
65393,876698683,test
81008,876698683,test
53241,876698684,test
97592,876698684,test
52196,876698714,test
62275,876698714,test
94963,876698714,test
49715,876698755,test
53205,876698755,test
79664,876698755,test
95725,876698755,test
47663,876698796,test
48080,876698796,test
52598,876698796,test
59767,876698796,test
67251,876698796,test
73410,876698837,test
81230,876698837,test
79858,876698853,test
84733,876698866,test
60355,876698897,test
64486,876698897,test
72022,876698897,test
93032,876698897,test
56115,876698934,test
14538,876699027,test
66285,876699027,test
39283,876699101,test
23840,876699102,test
64767,876699102,test
46651,876699179,test
65234,876699179,test
23981,876699238,test
35141,876699287,test
20391,876699334,test
76883,876699488,test
21310,876699526,test
22426,876699526,test
50155,876699526,test
48571,876699578,test
73555,876699578,test
22208,876699652,test
56619,876699652,test
24703,876699757,test
95233,876699758,test
59625,876699793,test
47410,876699839,test
53897,876699839,test
51518,876699903,test
86251,876699903,test
18488,876699946,test
22518,876699946,test
26588,876699946,test
18714,876699994,test
38486,876699994,test
39860,876699994,test
49701,876700137,test
94777,876717812,test
37474,876718718,test
55462,876718718,test
82552,876718718,test
76018,876750421,test
2937,876751342,test
26377,876751342,test
61863,876752116,test
68338,876752289,test
71089,876762200,test
74615,876762200,test
83336,876762200,test
83613,876762200,test
91587,876762200,test
23231,876767023,test
80182,876767023,test
89328,876767023,test
17041,876767299,test
43088,876767299,test
98911,876767299,test
5445,876767360,test
83991,876767360,test
19256,876767440,test
59721,876767440,test
5092,876767572,test
18991,876767572,test
33452,876767572,test
32343,876767621,test
40193,876767621,test
25762,876767660,test
43452,876767660,test
1967,876767822,test
15202,876767822,test
17545,876767822,test
20585,876767822,test
18951,876768025,test
30275,876768025,test
31140,876768025,test
37627,876768025,test
74239,876768025,test
17774,876768106,test
47797,876768106,test
88395,876768106,test
30956,876768609,test
35662,876768609,test
49304,876768609,test
52831,876768609,test
77773,876768812,test
78983,876768813,test
84028,876768813,test
85754,876768813,test
11265,876768828,test
26839,876768828,test
59698,876768828,test
74530,876768828,test
12202,876768949,test
97649,876768956,test
94274,876768983,test
19983,876768990,test
23046,876768990,test
37693,876768990,test
80179,876769080,test
93067,876769080,test
99146,876769080,test
38985,876769097,test
4913,876769148,test
7526,876769148,test
12233,876769148,test
26983,876769148,test
30668,876769174,test
84339,876769212,test
97173,876769212,test
84237,876769213,test
72247,876769253,test
19159,876769302,test
51765,876769303,test
67076,876769323,test
83441,876769323,test
84330,876769323,test
67204,876769373,test
86174,876769373,test
98614,876769373,test
75025,876769374,test
90509,876769374,test
68826,876769436,test
72516,876769436,test
88299,876769436,test
91361,876769436,test
6637,876769480,test
74050,876769480,test
93381,876769480,test
99863,876769480,test
75672,876769530,test
86138,876769530,test
87973,876769530,test
97238,876769530,test
13227,876769689,test
24707,876769689,test
27384,876769689,test
3094,876770124,test
2232,876770168,test
99501,876770168,test
13244,876770193,test
1918,876770222,test
21698,876770311,test
20267,876770441,test
19547,876770673,test
85739,876770673,test
86643,876771285,test
68273,876776320,test
81411,876776320,test
41988,876776321,test
53441,876776321,test
62765,876776321,test
64802,876776321,test
68589,876776321,test
77795,876776321,test
80518,876780336,test
89980,876780336,test
97702,876780336,test
1221,876785704,test
15070,876785704,test
48953,876785720,test
22643,876785901,test
1830,876789180,test
13059,876789373,test
14728,876789373,test
32619,876789373,test
28919,876789463,test
59239,876789463,test
86966,876789514,test
3668,876789581,test
15843,876789581,test
75322,876789581,test
2958,876789628,test
90910,876789628,test
3580,876789736,test
72447,876789736,test
11482,876789843,test
2712,876789943,test
9969,876790292,test
75342,876790323,test
3992,876790361,test
76855,876790464,test
20676,876790499,test
24324,876790499,test
8397,876790576,test
14364,876790576,test
15775,876790611,test
98901,876790653,test
22427,876790734,test
63000,876802971,test
26788,876803039,test
20564,876812281,test
29019,876812281,test
59708,876815942,test
67707,876815942,test
77670,876815942,test
84352,876816043,test
51154,876816106,test
57796,876816106,test
68988,876816106,test
51758,876816162,test
78790,876816162,test
89209,876816162,test
51514,876816224,test
84321,876816224,test
87453,876816224,test
46439,876816268,test
50069,876816268,test
59728,876816268,test
59927,876816310,test
83209,876816310,test
83746,876816310,test
84207,876816310,test
41514,876822581,test
63172,876822581,test
50616,876822744,test
50500,876822811,test
53984,876822811,test
35559,876822873,test
39598,876822873,test
28077,876822923,test
56333,876822923,test
26628,876822967,test
32577,876822967,test
34904,876823018,test
40535,876823018,test
42676,876823018,test
98904,876823018,test
25862,876823071,test
29585,876823071,test
83831,876823071,test
27388,876823143,test
33943,876823143,test
71192,876823143,test
26345,876823197,test
32515,876823197,test
25985,876823266,test
30283,876823266,test
35780,876823266,test
