MLCPP_ARCHIVE_V1
"RandomForest"
40
0
12
3
40
"DecisionTree"
0
0
12
3
0
2
1
167
0
3
0.082998687351260633
1
114
0.056639882194028525
0
320
0
2
-0.0093577678737116737
2
47
-0.17636616989638609
0
214
0
7
0.30203929547872799
3
40
-0.48824472702356075
0
91
0
4
0.22541480313386825
4
35
-0.69597226260418299
0
73
0
1
-0.16527121284594143
5
14
-0.73610823376463608
0
62
0
1
-1.0632184206462574
6
7
-0.5428831239853148
0
24
1
-1
0
0
0
-0.19314679803378321
0
4
0
5
-0.79435962962488715
8
9
-0.61283038917562105
0
20
1
-1
0
0
0
-0.42061575353227526
0
4
0
3
-0.24841826276574863
10
13
-0.6608840480864574
0
16
0
4
-0.42043618070229161
11
12
-0.59760591219358961
0
10
1
-1
0
0
0
-0.75173690040105767
0
5
1
-1
0
0
0
-0.44347492398612171
0
5
1
-1
0
0
0
-0.76634760790790368
0
6
0
6
0.027418218414893766
15
34
-0.85814514520420726
0
38
0
0
-0.60232493915767549
16
29
-0.94641516822354355
0
35
0
7
-0.24333007836730802
17
26
-0.84895798527038335
0
25
0
1
1.3957754714838377
18
23
-0.99188367388267817
0
17
0
5
-0.15300801609819831
19
22
-0.87416145571969328
0
10
0
1
1.0181771584601165
20
21
-0.7278747408048355
0
6
1
-1
0
0
0
-0.84029934467411316
0
3
1
-1
0
0
0
-0.61545013693555761
0
3
1
-1
0
0
0
-1.0935915280919799
0
4
0
5
-0.65674167206652889
24
25
-1.1600582712583705
0
7
1
-1
0
0
0
-1.1602828210663652
0
4
1
-1
0
0
0
-1.1597588715143778
0
3
0
2
-1.0731882208851566
27
28
-0.54524089696925759
0
8
1
-1
0
0
0
-0.29149961393540169
0
3
1
-1
0
0
0
-0.69748566678957125
0
5
0
0
-0.019403950316848505
30
33
-1.1900581256064442
0
10
0
3
-0.57111371419546819
31
32
-1.1275947847311567
0
7
1
-1
0
0
0
-1.009460200030017
0
3
1
-1
0
0
0
-1.2161957232570113
0
4
1
-1
0
0
0
-1.3358059209821149
0
3
1
-1
0
0
0
0.17167179002138319
0
3
0
4
0.47088584127085886
36
39
-0.46975133424526733
0
11
0
1
-1.1253839965708954
37
38
-0.55452228903303291
0
6
1
-1
0
0
0
-0.56814497738470304
0
3
1
-1
0
0
0
-0.54089960068136278
0
3
1
-1
0
0
0
-0.36802618849994867
0
5
0
2
-0.95498483721721827
41
44
0.35420583394229666
0
18
0
5
-0.46416308365939218
42
43
-0.029325238112416621
0
9
1
-1
0
0
0
-0.4431156442933305
0
5
1
-1
0
0
0
0.48791276961372576
0
4
0
4
-0.71595471205167838
45
46
0.73773690599700992
0
9
1
-1
0
0
0
0.33342250171346655
0
4
1
-1
0
0
0
1.0611884294238445
0
5
0
7
0.1351749507343413
48
91
0.054373250417214636
0
123
0
7
-0.6806510307853908
49
68
-0.45376275980470354
0
78
0
3
-0.66029103827300561
50
57
-0.71583459395712679
0
35
0
0
-0.11441750356402636
51
52
-0.51521110264678471
0
15
1
-1
0
0
0
-1.1067651168276609
0
3
0
7
-0.7621772558479234
53
56
-0.36732259910156562
0
12
0
2
0.85746704569116949
54
55
-0.24456870406453804
0
8
1
-1
0
0
0
-0.47563045649094315
0
4
1
-1
0
0
0
-0.013506951638132925
0
4
1
-1
0
0
0
-0.61283038917562105
0
4
0
1
-0.13994449672849674
58
61
-0.86630221243988359
0
20
0
7
-0.86525947653943636
59
60
-0.50407343217025458
0
6
1
-1
0
0
0
-0.40048112074876285
0
3
1
-1
0
0
0
-0.60766574359174608
0
3
0
4
-0.27386852200884571
62
65
-1.0215431182697245
0
14
0
7
-0.69238200225471136
63
64
-0.81925581981062268
0
7
1
-1
0
0
0
-0.79598818256318615
0
3
1
-1
0
0
0
-0.83670654774620012
0
4
0
2
1.3302805803629227
66
67
-1.2238304167288265
0
7
1
-1
0
0
0
-1.0985316238678604
0
4
1
-1
0
0
0
-1.3908954738767811
0
3
0
7
-0.1109070068383409
69
86
-0.24044847619226564
0
43
0
0
0.66880232725735089
70
75
-0.36234848062750424
0
33
0
5
-0.18286851632312512
71
74
-0.68884913571285711
0
13
0
4
-0.58368633713320284
72
73
-0.77063900423846654
0
9
1
-1
0
0
0
-0.85803877950568364
0
4
1
-1
0
0
0
-0.70071918402469291
0
5
1
-1
0
0
0
-0.50482193153023625
0
4
0
6
-0.50519508570622773
76
81
-0.15012305482202498
0
20
0
7
-0.54167794314998385
77
78
-0.39716050540629771
0
11
1
-1
0
0
0
-0.30371512349030588
0
5
0
1
-1.0217747033631674
79
80
-0.47503165700295763
0
6
1
-1
0
0
0
-0.38072073764524128
0
3
1
-1
0
0
0
-0.56934257636067398
0
3
0
2
0.97567042935910775
82
85
0.1518116070031974
0
9
0
5
0.066401746424089969
83
84
0.26867730707503429
0
6
1
-1
0
0
0
0.7941238577823112
0
3
1
-1
0
0
0
-0.25676924363224263
0
3
1
-1
0
0
0
-0.081919793140476399
0
3
0
6
-0.70524983896147819
87
88
0.16182153844402167
0
10
1
-1
0
0
0
1.0225658624487797
0
3
0
2
0.62106027835529276
89
90
-0.20706888612944604
0
7
1
-1
0
0
0
-0.16911996857836495
0
4
1
-1
0
0
0
-0.25766744286422089
0
3
0
2
0.62106027835529276
92
103
0.9351423348018727
0
45
0
1
-0.68101525014663633
93
96
0.60599707003488035
0
23
0
4
-0.35966422465866765
94
95
0.15905957580568852
0
8
1
-1
0
0
0
0.55520286207609637
0
3
1
-1
0
0
0
-0.078626395956556155
0
5
0
1
0.84779743185185086
97
100
0.84436373362378248
0
15
0
7
0.62752677617784136
98
99
1.1130286396683491
0
7
1
-1
0
0
0
1.1713705292106165
0
3
1
-1
0
0
0
1.0692722225116489
0
4
0
1
0.96982615496317615
101
102
0.60928194083478693
0
8
1
-1
0
0
0
0.33364705152146112
0
4
1
-1
0
0
0
0.88491683014811273
0
4
0
3
-0.26978593454960842
104
113
1.2792487479673644
0
22
0
7
0.7157640833166441
105
112
1.0244630588265471
0
18
0
5
-0.8376357169073898
106
107
0.62480178717964197
0
13
1
-1
0
0
0
1.4267555168389929
0
3
0
6
-0.58183943922609638
108
109
0.38421566828183668
0
10
1
-1
0
0
0
0.17526458694929617
0
3
0
1
-0.78232211461641676
110
111
0.47376613171006821
0
7
1
-1
0
0
0
0.81448304037381813
0
3
1
-1
0
0
0
0.21822845021225584
0
4
1
-1
0
0
0
2.0635823651085006
0
5
1
-1
0
0
0
2.4257843491010425
0
4
0
5
-0.12098371150914639
115
122
0.52704832698033732
0
106
0
6
-0.2557761725568245
116
117
1.5254457188271231
0
16
1
-1
0
0
0
2.5396243652600461
0
3
0
6
0.068988037273127648
118
121
1.2914044927272177
0
13
0
2
0.89686817358048221
119
120
0.92765614360307802
0
9
1
-1
0
0
0
0.75759708901519573
0
6
1
-1
0
0
0
1.2677742527788423
0
3
1
-1
0
0
0
2.1098382782565324
0
4
0
2
0.069444487904913879
123
154
0.34955545731868654
0
90
0
0
-1.1647024570261424
124
129
0.17733089428246213
0
60
0
5
0.14343318178694461
125
126
1.1998401786853019
0
11
1
-1
0
0
0
2.6025072934908433
0
3
0
4
1.0178334456634739
127
128
0.67384001063322374
0
8
1
-1
0
0
0
0.8132854413978472
0
4
1
-1
0
0
0
0.53439457986860028
0
4
0
0
1.2055005064103641
130
151
-0.052212006297767177
0
49
0
5
5.8563094639501152
131
150
0.073012089382172102
0
40
0
4
0.2754622963462644
132
133
-0.023375005362434545
0
37
1
-1
0
0
0
0.3164016262674787
0
5
0
2
-1.191391604553095
134
137
-0.076465104054608476
0
32
0
6
0.7211145706116715
135
136
-0.57032631837665015
0
7
1
-1
0
0
0
-0.75646741635614312
0
3
1
-1
0
0
0
-0.43072049489203063
0
4
0
2
-0.71857806988134176
138
143
0.061816035955563203
0
25
0
6
1.8045279746043916
139
142
0.24603179916576445
0
11
0
7
0.42036909464752731
140
141
0.4965205122535174
0
6
1
-1
0
0
0
0.47226913299010453
0
3
1
-1
0
0
0
0.52077189151693015
0
3
1
-1
0
0
0
-0.054554656539539038
0
5
0
4
0.58408850448937399
144
145
-0.082924920852452066
0
14
1
-1
0
0
0
-0.48670824701867493
0
3
0
6
1.3550543081997382
146
149
0.0271978044656087
0
11
0
0
0.61487571595489676
147
148
0.087091362343431164
0
6
1
-1
0
0
0
0.033648508040725229
0
3
1
-1
0
0
0
0.14053421664613713
0
3
1
-1
0
0
0
-0.044674464987778266
0
5
1
-1
0
0
0
1.2617862578989874
0
3
0
4
0.80334418903891902
152
153
-0.60876354265305299
0
9
1
-1
0
0
0
-0.29479301111932193
0
3
1
-1
0
0
0
-0.76574880841991833
0
6
0
6
1.144607100229929
155
164
0.69400458339113558
0
30
0
4
-0.0093317721718946447
156
157
0.4083847126156514
0
24
1
-1
0
0
0
1.8525019527966839
0
4
0
0
-1.3264822909335123
158
159
0.11956126457944498
0
20
1
-1
0
0
0
0.74556121930668717
0
5
0
7
-0.12806053262528794
160
163
-0.08910538699630241
0
15
0
3
0.31629877723626054
161
162
-0.39057098922260275
0
10
1
-1
0
0
0
-0.12922495269133102
0
6
1
-1
0
0
0
-0.7825900440195106
0
4
1
-1
0
0
0
0.51382581745629829
0
5
0
6
1.2017656011600006
165
166
1.8364840664930717
0
6
1
-1
0
0
0
2.0932193469668552
0
3
1
-1
0
0
0
1.5797487860192883
0
3
"DecisionTree"
0
0
12
3
0
2
1
165
0
3
-0.35394839688195423
1
62
-0.028352332406817483
0
320
0
1
-0.66950310645688937
2
27
-0.43435260773369422
0
114
0
7
0.90077519399526595
3
26
-0.046627861192490967
0
48
0
3
-0.6391414039563279
4
13
-0.15990344645912147
0
45
0
5
-0.87961352157141737
5
6
-0.50967648452211878
0
21
1
-1
0
0
0
0.057001688072159717
0
4
0
6
-0.868931000715774
7
8
-0.64301252513253737
0
17
1
-1
0
0
0
-0.86926626990541167
0
4
0
5
0.010142832956836545
9
12
-0.57339598827934513
0
13
0
7
-0.74741287528012867
10
11
-0.4864088472746822
0
10
1
-1
0
0
0
-0.41275651025246557
0
7
1
-1
0
0
0
-0.65826430032652095
0
3
1
-1
0
0
0
-0.86335312496155492
0
3
0
5
-0.34255727839555983
14
25
0.14614796184600118
0
24
0
5
-0.52474960585489583
15
20
0.25233863533142986
0
21
0
3
-0.45860638112943086
16
19
0.40954488662362332
0
10
0
4
-0.70880507016419325
17
18
0.15862651546169904
0
7
1
-1
0
0
0
0.26179111296320101
0
4
1
-1
0
0
0
0.021073718793029727
0
3
1
-1
0
0
0
0.99502108600144668
0
3
0
4
-0.4764417088209254
21
22
0.10942386142943585
0
11
1
-1
0
0
0
-0.48461244881072568
0
3
0
5
-0.47281830111589268
23
24
0.33218747776949642
0
8
1
-1
0
0
0
0.044426898824464246
0
3
1
-1
0
0
0
0.50484382513651582
0
5
1
-1
0
0
0
-0.59718675255199982
0
3
1
-1
0
0
0
1.6525059178069668
0
3
0
1
1.1494155965232395
28
53
-0.71633424158184211
0
66
0
7
-0.36437115469492048
29
42
-0.58175464835619961
0
46
0
5
0.45026064061988824
30
41
-1.0568344518294857
0
26
0
0
0.80747075632081033
31
40
-1.1283763347122289
0
22
0
1
0.79944642835491053
32
39
-1.1649274565685683
0
19
0
3
-0.64590056543897756
33
36
-1.2297970259126818
0
14
0
3
-0.73791237658988407
34
35
-1.1599299570823736
0
7
1
-1
0
0
0
-1.159833721450376
0
4
1
-1
0
0
0
-1.1600582712583705
0
3
0
6
-0.49740074467030881
37
38
-1.2996640947429903
0
7
1
-1
0
0
0
-1.2840097652713691
0
3
1
-1
0
0
0
-1.3114048418467059
0
4
1
-1
0
0
0
-0.98329266240505075
0
5
1
-1
0
0
0
-0.89688589628874293
0
3
1
-1
0
0
0
-0.66335409597439765
0
4
0
5
-0.51609438839839528
43
48
0.035849096159071961
0
20
0
0
-1.2032214650993265
44
47
0.69681894098466723
0
9
0
3
-0.53295715743857563
45
46
1.0575956324959315
0
6
1
-1
0
0
0
1.0863380079192357
0
3
1
-1
0
0
0
1.0288532570726274
0
3
1
-1
0
0
0
-0.024734442037861109
0
3
0
0
-1.1621345231545992
49
50
-0.50494441324368777
0
11
1
-1
0
0
0
-0.25886504184019193
0
3
0
3
-0.47234274156191214
51
52
-0.5972241775199989
0
8
1
-1
0
0
0
-0.50598959053180803
0
5
1
-1
0
0
0
-0.74928182250031694
0
3
0
2
1.29087945247361
54
61
-1.0258673060008197
0
20
0
6
-1.0222197077555115
55
58
-1.0920593058727228
0
17
0
7
-1.2386640832631202
56
57
-1.244039899448337
0
8
1
-1
0
0
0
-1.292692357847159
0
3
1
-1
0
0
0
-1.2148484244090438
0
5
0
5
-0.61043625867425111
59
60
-0.95696544491662161
0
9
1
-1
0
0
0
-0.59172270722413212
0
4
1
-1
0
0
0
-1.2491596350706131
0
5
1
-1
0
0
0
-0.65077930672670214
0
3
0
5
-0.05217473272996722
63
102
0.19632743160902694
0
206
0
4
0.024033223303036123
64
99
0.67113016443869988
0
86
0
2
1.2514783245842973
65
96
0.58564985842644857
0
78
0
1
1.0573184470052572
66
93
0.47267571784244677
0
70
0
6
-0.17003842116171713
67
84
0.62193985032288446
0
61
0
4
-0.51933956014583638
68
71
0.44251715377891809
0
43
0
0
0.45566381591907368
69
70
0.87421328930037179
0
6
1
-1
0
0
0
0.40101199391982995
0
3
1
-1
0
0
0
1.347414584680914
0
3
0
5
-0.084199037319019149
72
81
0.37251237504570922
0
37
0
3
-0.24689200049547294
73
74
0.27772690578862164
0
31
1
-1
0
0
0
-0.33640957553431422
0
3
0
1
-0.81916097442360836
75
76
0.34352724307322191
0
28
1
-1
0
0
0
-0.063357009012925875
0
4
0
5
-0.14262175515039771
77
80
0.41134128508757978
0
24
0
3
-0.22726862844907109
78
79
0.50340670636535056
0
21
1
-1
0
0
0
0.14520485265242403
0
5
1
-1
0
0
0
0.61534478565063999
0
16
1
-1
0
0
0
-0.23311666385681537
0
3
0
3
-0.088814836788346813
82
83
0.86223729954066197
0
6
1
-1
0
0
0
0.67855555660110956
0
3
1
-1
0
0
0
1.0459190424802143
0
3
0
5
-0.15344077697102337
85
92
1.0505607365112486
0
18
0
4
-0.11895961444666717
86
89
0.7398268587813861
0
14
0
4
-0.17973157049029106
87
88
1.7054996724936833
0
6
1
-1
0
0
0
1.7066972714696542
0
3
1
-1
0
0
0
1.7043020735177123
0
3
0
3
-0.13264036769197762
90
91
0.015572248497162947
0
8
1
-1
0
0
0
-0.078087476417369212
0
5
1
-1
0
0
0
0.17167179002138319
0
3
1
-1
0
0
0
2.1381293085657678
0
4
0
3
-0.22835881578498229
94
95
-0.53900340230274191
0
9
1
-1
0
0
0
-0.65931219943049557
0
4
1
-1
0
0
0
-0.44275636460053908
0
5
0
0
-1.4574469183823311
97
98
1.5741735885364632
0
8
1
-1
0
0
0
1.8441936099008851
0
4
1
-1
0
0
0
1.3041535671720415
0
4
0
4
0.63532760468301763
100
101
1.5045631480581489
0
8
1
-1
0
0
0
2.422860261501337
0
5
1
-1
0
0
0
-0.025932041013832102
0
3
0
4
5.1193446751174632
103
164
-0.14394786025223846
0
120
0
3
0.073623076262424175
104
119
-0.19546251186238514
0
115
0
0
-1.0568492344212304
105
108
-0.52796553174087579
0
30
0
1
0.79253914214106169
106
107
0.011492926985261684
0
6
1
-1
0
0
0
0.45580214707050332
0
3
1
-1
0
0
0
-0.43281629309997988
0
3
0
4
0.23375605200260091
109
118
-0.66283014642241023
0
24
0
1
-0.13533963925259698
110
115
-0.75826381482009941
0
18
0
2
0.46345576679804168
111
114
-0.59015085856817018
0
12
0
4
0.044290541984244092
112
113
-0.49718723805842124
0
9
1
-1
0
0
0
-0.38239737621160075
0
5
1
-1
0
0
0
-0.64067456536694678
0
4
1
-1
0
0
0
-0.86904172009741709
0
3
0
3
-0.023403596633673925
116
117
-1.0944897273239584
0
6
1
-1
0
0
0
-1.1651480669062473
0
3
1
-1
0
0
0
-1.0238313877416692
0
3
1
-1
0
0
0
-0.37652914122934278
0
6
0
7
0.64459976897987303
120
155
-0.078108504846447296
0
85
0
5
0.30571850909632942
121
128
-0.3183248032069862
0
67
0
6
0.63407776237724423
122
125
0.22472602345638654
0
15
0
0
-0.037379487417661672
123
124
-0.54312371306530882
0
7
1
-1
0
0
0
-0.7714374035557805
0
3
1
-1
0
0
0
-0.37188844519745518
0
4
0
0
0.61744364982644351
126
127
0.89659454291287
0
8
1
-1
0
0
0
1.8610370909985572
0
4
1
-1
0
0
0
-0.067848005172817152
0
4
0
5
0.92846140509154207
129
142
-0.47497408012911291
0
52
0
1
0.80174885709285959
130
139
-0.25689941743397865
0
23
0
6
1.1731863506949649
131
136
-0.081770093268480032
0
16
0
5
0.62552879411402373
132
135
-0.28890481615413116
0
9
0
6
0.4950786805700248
133
134
-0.47054066084306639
0
6
1
-1
0
0
0
-0.43251689335598709
0
3
1
-1
0
0
0
-0.5085644283301457
0
3
1
-1
0
0
0
0.074366873223739291
0
3
0
6
1.4291005480409671
137
138
0.1845459790130714
0
7
1
-1
0
0
0
0.33155125331351187
0
3
1
-1
0
0
0
0.074292023287741107
0
4
0
1
1.3267026093453524
140
141
-0.65719501552654669
0
7
1
-1
0
0
0
-0.76485060918794012
0
3
1
-1
0
0
0
-0.57645332028050178
0
4
0
2
-1.2307927324424077
143
148
-0.64792984709421919
0
29
0
0
0.47107141914834738
144
145
-0.84029934467411316
0
13
1
-1
0
0
0
-1.0091608002860244
0
4
0
3
1.2604010101353724
146
147
-0.7652498088465971
0
9
1
-1
0
0
0
-0.61283038917562105
0
4
1
-1
0
0
0
-0.88718534458337783
0
5
0
0
1.3159216628868229
149
154
-0.49162963031055568
0
16
0
1
-0.76850754218871897
150
151
-0.36287190675336578
0
13
1
-1
0
0
0
-0.61862377422188075
0
5
0
7
-0.018938338065131538
152
153
-0.20302698958554394
0
8
1
-1
0
0
0
-0.27012247221431929
0
5
1
-1
0
0
0
-0.091201185204251675
0
3
1
-1
0
0
0
-1.0495797657250456
0
3
0
2
-0.87618258143859284
156
161
0.81602993905111398
0
18
0
3
2.411202761923251
157
160
0.54846636783625957
0
12
0
0
0.97952232571435638
158
159
0.64063158902869455
0
9
1
-1
0
0
0
0.68089087460425302
0
5
1
-1
0
0
0
0.59030748205924644
0
4
1
-1
0
0
0
0.27197070425895459
0
3
0
1
-0.057057062162313876
162
163
1.3511570814808234
0
6
1
-1
0
0
0
1.4719648781818979
0
3
1
-1
0
0
0
1.2303492847797486
0
3
1
-1
0
0
0
1.0408891267811362
0
5
"DecisionTree"
0
0
12
3
0
2
1
169
0
4
-1.0686703785009466
1
6
-0.019473857548520466
0
320
0
0
0.096153073902700337
2
5
-0.78869371607318084
0
11
0
1
0.61985698679484713
3
4
-0.91985413379218683
0
7
1
-1
0
0
0
-0.80347317616300484
0
3
1
-1
0
0
0
-1.0071398520140733
0
4
1
-1
0
0
0
-0.55916298506492046
0
4
0
7
-0.12261113397935636
7
92
0.0079093736610952956
0
309
0
3
-0.17145103685041688
8
57
-0.5954411390634865
0
159
0
0
0.70475340145898824
9
44
-0.75646741635614301
0
90
0
7
-0.68940228181284735
10
29
-0.87930496720399209
0
68
0
2
-0.75797919777065448
11
12
-1.0400363988852768
0
40
1
-1
0
0
0
-0.53850440272942068
0
3
0
5
0.011873876448136651
13
26
-1.0807011553303461
0
37
0
2
1.093873813027046
14
23
-1.1646134245062603
0
28
0
7
-1.0144870975873843
15
18
-1.2123334665595047
0
20
0
7
-1.2065582666102426
16
17
-1.1073639163156466
0
6
1
-1
0
0
0
-1.0780227414043571
0
3
1
-1
0
0
0
-1.1367050912269361
0
3
0
6
-0.60911963285181248
19
20
-1.2573204166640155
0
14
1
-1
0
0
0
-1.2119741868667133
0
5
0
2
0.1876478715728522
21
22
-1.2825127665514053
0
9
1
-1
0
0
0
-1.3161203878145917
0
4
1
-1
0
0
0
-1.2556266695408564
0
5
0
3
-0.46863610461981398
24
25
-1.045313319373149
0
8
1
-1
0
0
0
-1.1899982456576454
0
3
1
-1
0
0
0
-0.95850236360245089
0
5
0
1
-0.77771725714051687
27
28
-0.81964076233861349
0
9
1
-1
0
0
0
-0.84838313776191732
0
5
1
-1
0
0
0
-0.78371279305948338
0
4
0
3
-0.48956770146930934
30
37
-0.64968863623072859
0
28
0
3
-0.5998946598635243
31
34
-0.42443310026818276
0
13
0
5
-0.83720295603456474
32
33
-0.64913260813474194
0
6
1
-1
0
0
0
-0.35377476068589381
0
3
1
-1
0
0
0
-0.94449045558359013
0
3
0
5
-0.45377682271159153
35
36
-0.23183352209684643
0
7
1
-1
0
0
0
-0.0067704573982960703
0
4
1
-1
0
0
0
-0.5319176083615802
0
3
0
0
-1.0311698957057767
38
39
-0.84491010073160144
0
15
1
-1
0
0
0
-0.61305493898361552
0
5
0
3
-0.3548205467506832
40
41
-0.96083768160559446
0
10
1
-1
0
0
0
-1.2682912787117497
0
4
0
4
-0.40017886202108366
42
43
-0.75586861686815743
0
6
1
-1
0
0
0
-0.60646814461577503
0
3
1
-1
0
0
0
-0.90526908912053994
0
3
0
1
-1.153013141426289
45
46
-0.37678771373551834
0
22
1
-1
0
0
0
0.28454549350665009
0
3
0
2
0.10884561579422666
47
52
-0.48120874645796602
0
19
0
5
-0.18719612505137539
48
51
-0.82582835704779678
0
9
0
4
-0.54555491373328202
49
50
-0.9274246701760035
0
6
1
-1
0
0
0
-0.76215601149200529
0
3
1
-1
0
0
0
-1.0926933288600018
0
3
1
-1
0
0
0
-0.62263573079138368
0
3
0
0
0.75611207888989918
53
56
-0.1710510969271182
0
10
0
6
-0.72083852103331592
54
55
-0.41380440935644014
0
6
1
-1
0
0
0
-0.5486839940251742
0
3
1
-1
0
0
0
-0.27892482468770613
0
3
1
-1
0
0
0
0.1930788717168648
0
4
0
0
-1.3906806377221501
58
59
-0.38540686433393478
0
69
1
-1
0
0
0
1.7420264412607989
0
3
0
2
-0.95498483721721827
60
69
-0.48210837822460456
0
66
0
7
-0.78695457087351361
61
62
-0.86380222457754419
0
18
1
-1
0
0
0
-1.1864653286785312
0
5
0
7
-0.50465961441727636
63
68
-0.73970103069254911
0
13
0
1
1.0550160182673081
64
67
-0.80823363209248955
0
10
0
0
0.992361995072087
65
66
-0.75482071776418291
0
6
1
-1
0
0
0
-0.61095914077566638
0
3
1
-1
0
0
0
-0.89868229475269945
0
3
1
-1
0
0
0
-0.88835300358494962
0
4
1
-1
0
0
0
-0.51125902602608042
0
3
0
4
1.2787953745566825
70
87
-0.33897318584225217
0
48
0
5
-0.12098371150914639
71
72
-0.47336000843233145
0
36
1
-1
0
0
0
0.4222693757433153
0
3
0
6
0.73540419584418937
73
84
-0.55478086153920847
0
33
0
4
0.19562462860268007
74
77
-0.45325357997252841
0
23
0
6
0.033913502611492813
75
76
-0.7758285998010076
0
9
1
-1
0
0
0
-0.95616704559930754
0
4
1
-1
0
0
0
-0.63155784316236752
0
5
0
1
-1.3556268703658483
78
79
-0.24588392436850623
0
14
1
-1
0
0
0
-0.46575026493918242
0
3
0
3
0.36252272027889609
80
83
-0.18592037694013996
0
11
0
0
0.68934579822971465
81
82
0.027617741768871273
0
7
1
-1
0
0
0
0.093827856583268046
0
3
1
-1
0
0
0
-0.02203984434192633
0
4
1
-1
0
0
0
-0.55961208468090962
0
4
0
1
-0.75239054102307223
85
86
-0.78829360914257252
0
10
1
-1
0
0
0
-0.94603022569555306
0
7
1
-1
0
0
0
-0.42024150385228437
0
3
0
2
0.030043360015601095
88
91
0.064187281927985784
0
12
0
5
2.4227846989563577
89
90
-0.093296983412200926
0
9
1
-1
0
0
0
-0.016351249206064077
0
6
1
-1
0
0
0
-0.2471884518244746
0
3
1
-1
0
0
0
0.53664007794854585
0
3
0
3
-0.39581159058094484
93
118
0.64746091714915199
0
150
0
0
-1.0517133666781404
94
99
0.3737547714005317
0
46
0
0
-1.3162105554473285
95
98
1.3312499925027452
0
12
0
5
-0.54984973647874735
96
97
0.29232988685046157
0
6
1
-1
0
0
0
0.44502375628676427
0
3
1
-1
0
0
0
0.13963601741415888
0
3
1
-1
0
0
0
2.3701700981550293
0
6
0
3
-0.45359151938423925
100
113
0.035815281599750427
0
34
0
5
-0.88740321728226779
101
104
0.35599050591628001
0
24
0
2
0.77866478991254384
102
103
1.8355888612585334
0
6
1
-1
0
0
0
1.2183732950200385
0
3
1
-1
0
0
0
2.452804427497028
0
3
0
3
-0.64568252797179526
105
106
-0.13720894586447099
0
18
1
-1
0
0
0
-0.64503083164204145
0
5
0
1
0.41724325785528793
107
112
0.058107164049979163
0
13
0
3
-0.48520695212566445
108
111
0.11718103661470258
0
10
0
0
0.78692728534844658
109
110
0.051227550152299579
0
7
1
-1
0
0
0
0.20632731038854402
0
4
1
-1
0
0
0
-0.155572130162693
0
3
1
-1
0
0
0
0.27107250502697627
0
3
1
-1
0
0
0
-0.13880574449909899
0
3
0
7
0.28816077774500087
114
115
-0.73260525675992072
0
10
1
-1
0
0
0
-0.98940041718250282
0
4
0
6
-0.72863286206923472
116
117
-0.56140848314486613
0
6
1
-1
0
0
0
-0.72532984298089698
0
3
1
-1
0
0
0
-0.39748712330883529
0
3
0
6
-0.56495170031493891
119
122
0.76852325084565709
0
104
0
3
-0.29093556886628602
120
121
2.0974462725525447
0
10
1
-1
0
0
0
1.339854741145097
0
4
1
-1
0
0
0
2.6025072934908433
0
6
0
2
-0.32456679098821389
123
148
0.62714846130237134
0
94
0
3
0.44363265807069041
124
137
0.44306938042847749
0
51
0
4
0.88556507074499846
125
136
0.64828391381876715
0
27
0
6
-0.0011610320501420184
126
133
0.40400599135975751
0
24
0
3
-0.010539386069921587
127
132
0.60733364103012832
0
17
0
3
-0.17864627326743088
128
129
0.37698516446441177
0
12
1
-1
0
0
0
0.56583155298783905
0
4
0
4
-0.27267691502759817
130
131
0.28256197020269808
0
8
1
-1
0
0
0
0.35700023155289562
0
5
1
-1
0
0
0
0.15849820128570216
0
3
1
-1
0
0
0
1.1601699847878479
0
5
0
3
0.061631015567400825
134
135
-0.089789729268285851
0
7
1
-1
0
0
0
-0.67772528368604978
0
3
1
-1
0
0
0
0.35116193654503702
0
4
1
-1
0
0
0
2.6025072934908433
0
3
0
0
0.89221257408181176
138
147
0.2122030303644018
0
24
0
6
1.2680174999653109
139
140
0.10503171016110202
0
19
1
-1
0
0
0
-0.32608028436656433
0
4
0
5
1.7437828894938914
141
142
0.21999490870181301
0
15
1
-1
0
0
0
0.57382552615244553
0
5
0
1
0.0097133712382223014
143
144
0.043079599976496873
0
10
1
-1
0
0
0
-0.25916444158418467
0
3
0
4
3.7716371793265093
145
146
0.17261276064536041
0
7
1
-1
0
0
0
0.13739051933421326
0
4
1
-1
0
0
0
0.21957574906022323
0
3
1
-1
0
0
0
0.61945404713694063
0
5
0
7
1.6644963342748349
149
168
0.84547481303652472
0
43
0
2
0.30585125524079054
150
159
0.72848645190678085
0
39
0
4
-0.36562225956490535
151
154
0.94991202357277915
0
18
0
2
-0.20636340732027558
152
153
0.58642597823534037
0
7
1
-1
0
0
0
0.40101199391982995
0
4
1
-1
0
0
0
0.83364462398935435
0
3
0
0
0.6610985256427141
155
158
1.181221325151149
0
11
0
0
-0.34296361813158088
156
157
1.4980512036263063
0
8
1
-1
0
0
0
1.8282535675307108
0
3
1
-1
0
0
0
1.2999297852836638
0
5
1
-1
0
0
0
0.33634164921739584
0
3
0
3
-0.13111410542170193
160
163
0.53869310476449606
0
21
0
6
-0.34800920814853087
161
162
0.11325141497479776
0
8
1
-1
0
0
0
0.38237435985628127
0
4
1
-1
0
0
0
-0.15587152990668574
0
4
0
0
-0.24538213101285261
164
167
0.80050337540431038
0
13
0
4
0.45539495051464102
165
166
0.57178212289969488
0
8
1
-1
0
0
0
0.8443631348242947
0
5
1
-1
0
0
0
0.11748043635869532
0
3
1
-1
0
0
0
1.1664573794116957
0
5
1
-1
0
0
0
1.9861113340515286
0
4
"DecisionTree"
0
0
12
3
0
2
1
161
0
7
-0.1410263431966424
1
90
-0.08702158349059691
0
320
0
1
-0.58201081441480662
2
45
-0.59406655307391643
0
178
0
0
0.64825885628498725
3
10
-0.34021430711246942
0
89
0
5
0.33774281368538139
4
7
0.14188151549410452
0
16
0
6
-0.37528940177424686
5
6
0.60300702120027216
0
9
1
-1
0
0
0
0.48723912018974208
0
3
1
-1
0
0
0
0.66089097170553723
0
6
0
1
-0.67641039267073821
8
9
-0.45099413469953975
0
7
1
-1
0
0
0
-0.16605112120243926
0
3
1
-1
0
0
0
-0.66470139482236501
0
4
0
5
-0.66972449825127955
11
16
-0.44587914494404712
0
73
0
1
-0.91816541015543807
12
13
-0.82023956182659885
0
12
1
-1
0
0
0
-1.2997282518309885
0
4
0
4
-0.67663168167051002
14
15
-0.58049521682440408
0
8
1
-1
0
0
0
-0.71221613419401453
0
5
1
-1
0
0
0
-0.36096035454171976
0
3
0
7
-1.0097624958056901
17
22
-0.37223447277043042
0
61
0
4
0.16345124010899681
18
21
-0.73103982381275856
0
14
0
2
1.6454896034774249
19
20
-0.61907287383786991
0
10
1
-1
0
0
0
-0.87600276414524858
0
4
1
-1
0
0
0
-0.44778628029961748
0
6
1
-1
0
0
0
-1.0109571987499808
0
4
0
4
0.19562462860268007
23
36
-0.26535628309824749
0
47
0
3
-0.52074705927637011
24
33
-0.39331691258893631
0
28
0
0
0.76124794663298934
25
28
-0.30223073107535231
0
19
0
6
-0.672773417978483
26
27
-0.5125564249167156
0
9
1
-1
0
0
0
-0.54883369389717063
0
4
1
-1
0
0
0
-0.48353460973235174
0
5
0
0
0.77665554986226293
29
30
-0.11293760661812535
0
10
1
-1
0
0
0
-0.27084103159990192
0
3
0
7
-0.83573071540384669
31
32
-0.045264710197363951
0
7
1
-1
0
0
0
-0.1145543652356862
0
3
1
-1
0
0
0
0.0067025310813777217
0
4
0
4
-0.37634672239613309
34
35
-0.58560996245094676
0
9
1
-1
0
0
0
-0.75676681610013585
0
4
1
-1
0
0
0
-0.44868447953159568
0
5
0
2
0.14824674368353943
37
44
-0.076782723848811338
0
19
0
1
-0.86520954918259796
38
41
-0.26241177726902909
0
13
0
1
-1.1253839965708954
39
40
-0.090302985972273403
0
7
1
-1
0
0
0
-0.25736804312022815
0
4
1
-1
0
0
0
0.13245042355833286
0
3
0
7
-0.69297257747742325
42
43
-0.46320536711524407
0
6
1
-1
0
0
0
-0.39569072484487883
0
3
1
-1
0
0
0
-0.53072000938560926
0
3
1
-1
0
0
0
0.32541355856166049
0
6
0
2
1.8030941150346762
46
89
-0.84791879903536316
0
89
0
1
0.53696955222866416
47
56
-0.96671296128771067
0
85
0
4
-0.16662389369656824
48
55
-1.1636983418300719
0
19
0
1
-0.17908578527363914
49
50
-1.2319142098166305
0
16
1
-1
0
0
0
-1.1173039878162059
0
5
0
4
-0.25956923823387534
51
54
-1.2840097652713691
0
11
0
6
-0.672773417978483
52
53
-1.3119662163666923
0
8
1
-1
0
0
0
-1.2289202123767031
0
3
1
-1
0
0
0
-1.3617938187606857
0
5
1
-1
0
0
0
-1.2094592290171744
0
3
1
-1
0
0
0
-0.79988037923509181
0
3
0
3
-0.71610862987165969
57
62
-0.91000504870733456
0
66
0
5
-0.82681669508676414
58
61
-1.1738306594820369
0
12
0
7
-1.3337198497914138
59
60
-1.2135011255610766
0
8
1
-1
0
0
0
-1.1456870835467186
0
4
1
-1
0
0
0
-1.2813151675754344
0
4
1
-1
0
0
0
-1.0944897273239582
0
4
0
7
-0.21178799260883718
63
88
-0.85137713520184466
0
54
0
7
-1.1914449097744817
64
65
-0.88797722635524412
0
49
1
-1
0
0
0
-1.2074831907068222
0
5
0
0
-1.0465774989350503
66
73
-0.85166973040620142
0
44
0
3
-0.1721051492519636
67
70
-0.74613812518839318
0
18
0
3
-0.4230662739787252
68
69
-0.62482134892253061
0
10
1
-1
0
0
0
-0.5588037053721292
0
5
1
-1
0
0
0
-0.69083899247293212
0
5
0
4
-0.0057569512281520629
71
72
-0.89778409552072125
0
8
1
-1
0
0
0
-1.2476326963762501
0
4
1
-1
0
0
0
-0.54793549466519242
0
4
0
7
-0.32676225073950138
74
85
-0.92473007248006855
0
26
0
0
-0.8462786569545
75
80
-0.86213976810432114
0
19
0
1
1.3382147530351012
76
79
-0.95464010690494461
0
10
0
5
-0.30187775635000735
77
78
-0.81912750563462589
0
7
1
-1
0
0
0
-0.66395289546238312
0
3
1
-1
0
0
0
-0.93550846326380777
0
4
1
-1
0
0
0
-1.2708361765356881
0
3
0
5
0.062939659441489756
81
84
-0.75936161388140633
0
9
0
3
-0.18300702261107576
82
83
-0.81440126681874025
0
6
1
-1
0
0
0
-0.67562948547810053
0
3
1
-1
0
0
0
-0.95317304815938009
0
3
1
-1
0
0
0
-0.64928230800673836
0
3
0
2
-0.36396791887752666
86
87
-1.0946180414999551
0
7
1
-1
0
0
0
-1.1519744781705663
0
3
1
-1
0
0
0
-1.0516007139969967
0
4
1
-1
0
0
0
-0.49269624189852995
0
5
1
-1
0
0
0
1.6764571488270266
0
4
0
1
-0.90895569520364017
91
100
0.54856999809976081
0
142
0
7
0.60929947725869082
92
99
-0.10898552999742103
0
20
0
1
-1.141500997736542
93
96
-0.33779142050658834
0
13
0
2
-1.3095949882210334
94
95
-0.50122913460232332
0
6
1
-1
0
0
0
-0.56994137584865945
0
3
1
-1
0
0
0
-0.43251689335598709
0
3
0
7
0.15369753726484753
97
98
-0.19770195128167287
0
7
1
-1
0
0
0
-0.65661760173456074
0
4
1
-1
0
0
0
0.41418558265551098
0
3
1
-1
0
0
0
0.31593969523388987
0
7
0
2
1.0150715572484206
101
154
0.65636598631241372
0
122
0
3
-0.37706036840327195
102
115
0.5290902897248857
0
106
0
5
-0.63856571540787765
103
112
0.046589230308856318
0
27
0
5
-0.84109780388999
104
107
0.46890528880759769
0
17
0
7
0.082667444569601817
105
106
-0.25961354120017383
0
6
1
-1
0
0
0
0.0093971287773124499
0
3
1
-1
0
0
0
-0.52862421117766001
0
3
0
2
-0.56097355832409057
108
109
0.86627919608456405
0
11
1
-1
0
0
0
1.5821439839712301
0
3
0
3
-0.47539526610246352
110
111
0.59782990062706409
0
8
1
-1
0
0
0
0.40909578700763422
0
3
1
-1
0
0
0
0.71107036879872221
0
5
0
1
0.62215941553279619
113
114
-0.67134806913900413
0
10
1
-1
0
0
0
-0.92778394986879476
0
5
1
-1
0
0
0
-0.4149121884092134
0
5
0
5
0.58874411992389653
116
143
0.6939957150949212
0
79
0
3
0.15604123885731203
117
134
0.85261189717103936
0
60
0
6
-0.43894318690091749
118
121
0.58691732764098703
0
41
0
4
-0.6075184767581534
119
120
1.2071866318581275
0
11
1
-1
0
0
0
1.4480128986624781
0
6
1
-1
0
0
0
0.91819511169290702
0
5
0
1
-0.70634196626408263
122
123
0.35948524942803545
0
30
1
-1
0
0
0
0.80385434946207557
0
6
0
0
-1.0363057634488704
124
129
0.24839297441952543
0
24
0
2
-0.36396791887752666
125
126
0.50430490559732877
0
13
1
-1
0
0
0
0.69741774047265293
0
4
0
1
0.88003143418314433
127
128
0.41847697898607383
0
9
1
-1
0
0
0
0.63768749154609916
0
4
1
-1
0
0
0
0.24310856893805338
0
5
0
7
0.2485653934950055
130
131
-0.054048398790605828
0
11
1
-1
0
0
0
-0.42024150385228437
0
3
0
0
0.3863296013873459
132
133
0.083274015607523622
0
8
1
-1
0
0
0
0.1222109523137808
0
5
1
-1
0
0
0
0.018379121097094969
0
3
0
5
0.054717202857814257
135
138
1.4259528103674675
0
19
0
5
-0.11276125492547089
136
137
2.2433713125766594
0
6
1
-1
0
0
0
2.0965127441507754
0
3
1
-1
0
0
0
2.3902298810025435
0
3
0
1
-0.85139497675490028
139
140
1.048682732424763
0
13
1
-1
0
0
0
1.3923993962158248
0
4
0
2
-0.16696227943096278
141
142
0.8959197707398463
0
9
1
-1
0
0
0
0.70684883240842433
0
4
1
-1
0
0
0
1.0471765214049837
0
5
0
6
1.1368127591940103
144
147
0.19310250853875899
0
19
0
7
0.17954862542264111
145
146
-0.52220850237781524
0
7
1
-1
0
0
0
-0.65347390442263686
0
3
1
-1
0
0
0
-0.42375945084419914
0
4
0
7
0.36241218983685619
148
149
0.61036726490676074
0
12
1
-1
0
0
0
0.90071016664373038
0
3
0
2
-1.191391604553095
150
151
0.5135862976611042
0
9
1
-1
0
0
0
0.82526143115755735
0
3
0
5
1.7251741719624154
152
153
0.35774873091287757
0
6
1
-1
0
0
0
0.65071138040978382
0
3
1
-1
0
0
0
0.064786081415971267
0
3
0
0
0.66880232725735456
155
160
1.4995674762047897
0
16
0
7
0.37135135116244833
156
159
1.8391130684269135
0
11
0
7
0.1649453108246767
157
158
1.5024608806771595
0
7
1
-1
0
0
0
2.0674709689834785
0
3
1
-1
0
0
0
1.0787033144474205
0
4
1
-1
0
0
0
2.4282543969889829
0
4
1
-1
0
0
0
0.75256717331611755
0
5
"DecisionTree"
0
0
12
3
0
2
1
159
0
7
0.61227919770055506
1
120
0.093864682751779144
0
320
0
7
-0.57501859890489504
2
51
-0.22356631305975275
0
245
0
1
-0.17217849905979193
3
26
-0.68308905834493827
0
106
0
5
0.49050740179261565
4
17
-0.39510224948599659
0
58
0
5
-0.64419160675460307
5
6
-0.52980605227236821
0
38
1
-1
0
0
0
-0.10804242080384385
0
4
0
0
0.67907406274353455
7
8
-0.57942530303337125
0
34
1
-1
0
0
0
-0.87461055533568233
0
5
0
6
-0.48181206259847115
9
12
-0.52853129401573118
0
29
0
2
1.0150715572484206
10
11
-0.39868472228480628
0
15
1
-1
0
0
0
-0.33892453338385337
0
10
1
-1
0
0
0
-0.51820510008671228
0
5
0
2
0.73926366202323113
13
16
-0.66765262087029364
0
14
0
7
-0.67971147929471287
14
15
-0.49438036545848918
0
8
1
-1
0
0
0
-0.7718116532357715
0
4
1
-1
0
0
0
-0.21694907768120683
0
4
1
-1
0
0
0
-0.89868229475269956
0
6
0
5
1.851973107700148
18
25
-0.13916502419189031
0
20
0
3
0.041789606053816715
19
20
-0.21245808152131559
0
17
1
-1
0
0
0
-0.4153227937724035
0
7
0
0
0.67907406274353455
21
24
-0.070452782945554057
0
10
0
7
-0.69536172269657559
22
23
0.13052571091837947
0
7
1
-1
0
0
0
0.090010509847360504
0
4
1
-1
0
0
0
0.18454597901307143
0
3
1
-1
0
0
0
-0.539402601961399
0
3
1
-1
0
0
0
0.27616230067485303
0
3
0
5
0.092800159666416554
27
48
-1.0310731190494937
0
48
0
3
-1.0425107182434774
28
29
-1.0776430148997809
0
41
1
-1
0
0
0
-1.2802373284970607
0
5
0
2
-0.24576453520958835
30
37
-1.0495049157890477
0
36
0
3
-0.0031261121857253278
31
36
-1.1428641716747869
0
14
0
3
-0.40060841485895421
32
33
-1.1740211865918508
0
11
1
-1
0
0
0
-1.0921544093208149
0
5
0
4
-0.06057087236553832
34
35
-1.2422435009843806
0
6
1
-1
0
0
0
-1.3085605442787747
0
3
1
-1
0
0
0
-1.1759264576899862
0
3
1
-1
0
0
0
-1.0286217836455531
0
3
0
7
-0.68940228181284735
38
47
-0.99009448022539503
0
22
0
6
-0.92738855848516555
39
40
-1.0454380692664793
0
18
1
-1
0
0
0
-0.87203571753734466
0
6
0
2
0.62106027835529276
41
42
-1.1321392451310466
0
12
1
-1
0
0
0
-0.97802322691077836
0
3
0
6
-0.19601955794811332
43
46
-1.1835112512044694
0
9
0
0
-0.32755601490230724
44
45
-1.1328128945550302
0
6
1
-1
0
0
0
-1.0019752064301983
0
3
1
-1
0
0
0
-1.2636505826798621
0
3
1
-1
0
0
0
-1.2849079645033477
0
3
1
-1
0
0
0
-0.74104832954051636
0
4
0
2
-0.44277017465615226
49
50
-0.75830658621209857
0
7
1
-1
0
0
0
-0.8932930993608299
0
4
1
-1
0
0
0
-0.57832456868045645
0
3
0
1
1.059620875743208
52
113
0.12686110420808663
0
139
0
0
-1.1929497296131428
53
66
0.22374100312767842
0
124
0
5
-0.021448710759390362
54
61
1.1974393800738128
0
26
0
5
-0.26033271255880486
55
58
1.5691217792311054
0
16
0
0
-1.3598654312636027
56
57
1.2135454741481555
0
8
1
-1
0
0
0
1.4110370302793735
0
4
1
-1
0
0
0
1.0160539180169375
0
4
0
6
-0.033637453033137227
59
60
1.924698084314056
0
8
1
-1
0
0
0
1.3683725667604065
0
4
1
-1
0
0
0
2.481023601867705
0
4
0
4
0.29929443597121497
62
63
0.60274754142214515
0
10
1
-1
0
0
0
0.39711979724792418
0
3
0
5
1.0647810800314255
64
65
0.69087371749681126
0
7
1
-1
0
0
0
0.82226743371762978
0
3
1
-1
0
0
0
0.59232843033119742
0
4
0
4
-0.58368633713320284
67
76
-0.034587137694765374
0
98
0
5
-0.88740321728226779
68
69
-0.35540648929065433
0
20
1
-1
0
0
0
0.60400502034691461
0
5
0
6
-0.8637347733584948
70
73
-0.67521032583651064
0
15
0
5
-0.80128380359008755
71
72
-0.7873055899873963
0
7
1
-1
0
0
0
-0.74823392339634243
0
4
1
-1
0
0
0
-0.83940114544213484
0
3
0
4
-0.71595471205167838
74
75
-0.57712696970448563
0
8
1
-1
0
0
0
-0.46417841628322049
0
4
1
-1
0
0
0
-0.6900755231257506
0
4
0
2
0.54225802257666722
77
102
0.047674234509308695
0
78
0
2
-1.2307927324424077
78
81
-0.15564698009869121
0
56
0
4
0.045482148965491617
79
80
-0.87622731395324338
0
6
1
-1
0
0
0
-0.9382030609597426
0
3
1
-1
0
0
0
-0.81425156694674383
0
3
0
1
0.67051041902973807
82
101
-0.069177340036144938
0
50
0
7
-0.26800001607967788
83
90
-0.010199945374940305
0
44
0
7
-0.31470914733051969
84
89
-0.17413491429024353
0
18
0
7
-0.48334521774304179
85
86
-0.088027547917928509
0
15
1
-1
0
0
0
0.17129754034139222
0
4
0
3
0.10480243406948493
87
88
-0.18232758001222696
0
11
1
-1
0
0
0
-0.40437331742066857
0
3
1
-1
0
0
0
-0.099060428484061366
0
8
1
-1
0
0
0
-0.60467174615181862
0
3
0
7
-0.065271648719702369
91
96
0.10329349464334657
0
26
0
3
0.17915321037862977
92
95
0.54876576758025231
0
10
0
4
0.38270692465854189
93
94
0.73319600987978639
0
6
1
-1
0
0
0
0.75011209541537693
0
3
1
-1
0
0
0
0.71627992434419607
0
3
1
-1
0
0
0
0.2721204041309509
0
4
0
1
-0.54517195460761503
97
100
-0.17512667594221951
0
16
0
3
-0.12261064420159445
98
99
-0.27787692558373156
0
12
1
-1
0
0
0
-0.18843125206589734
0
4
1
-1
0
0
0
-0.32259976234264864
0
8
1
-1
0
0
0
0.13312407298231654
0
4
1
-1
0
0
0
-0.50167823421831248
0
6
0
3
0.039173156447629802
103
112
0.56521914442058108
0
22
0
0
0.69448166597280825
104
109
0.41008853352718921
0
19
0
1
-0.70403953752613191
105
106
0.57681407996066403
0
11
1
-1
0
0
0
0.88895872669201492
0
4
0
0
-1.1852459279985097
107
108
0.39844571039989207
0
7
1
-1
0
0
0
0.36688042310465641
0
4
1
-1
0
0
0
0.44053276012687298
0
3
0
7
-0.025703108798012162
110
111
0.18084090718116114
0
8
1
-1
0
0
0
-0.20370063900952762
0
4
1
-1
0
0
0
0.56538245337184989
0
4
1
-1
0
0
0
1.5477130134120642
0
3
0
0
-0.80775964888131591
114
117
-0.67401272686053959
0
15
0
3
-0.12544513127496362
115
116
-0.81684636472801431
0
9
1
-1
0
0
0
-0.74598842531639686
0
6
1
-1
0
0
0
-0.95856224355124942
0
3
0
7
-0.025917863424452903
118
119
-0.45976227005932735
0
6
1
-1
0
0
0
-0.5519773912090945
0
3
1
-1
0
0
0
-0.36754714890956031
0
3
0
2
0.85746704569116949
121
156
1.1308059357361171
0
75
0
1
1.1678350264268356
122
155
1.0189340995247735
0
68
0
0
0.97181852409972325
123
152
1.105523683857921
0
64
0
1
0.90996300777648886
124
149
1.2272598536714232
0
56
0
7
1.066351010981009
125
136
1.3024016662312607
0
49
0
0
-1.2134932005855101
126
127
0.89717022027932214
0
23
1
-1
0
0
0
1.6486152181337808
0
4
0
6
-0.36749506073832799
128
133
0.73897127336259416
0
19
0
6
-0.50779319938486733
129
132
0.48723912018974203
0
10
0
3
-0.46863610461981403
130
131
0.62002290665052684
0
6
1
-1
0
0
0
0.17107299053339767
0
3
1
-1
0
0
0
1.068972822767656
0
3
1
-1
0
0
0
0.28806344049856486
0
4
0
2
0.10884561579422664
134
135
1.018673665776874
0
9
1
-1
0
0
0
0.74300135149554913
0
4
1
-1
0
0
0
1.239211517201934
0
5
0
5
0.21656976929437405
137
146
1.6608756376502838
0
26
0
7
1.383275150950801
138
141
1.9442783652627531
0
17
0
5
-0.068186885024493188
139
140
1.5333845970924109
0
7
1
-1
0
0
0
1.2444210727474079
0
3
1
-1
0
0
0
1.7501072403511633
0
4
0
6
-0.58054038238677652
142
145
2.2319040029819925
0
10
0
6
-0.67017530429984329
143
144
2.0203185033020605
0
6
1
-1
0
0
0
2.3836430866347027
0
3
1
-1
0
0
0
1.6569939199694179
0
3
1
-1
0
0
0
2.5492822525018921
0
4
0
3
7.5760742845362214
147
148
1.1255593743822858
0
9
1
-1
0
0
0
0.89035093550158118
0
5
1
-1
0
0
0
1.4195699229831669
0
4
0
3
-0.020787147027487008
150
151
0.70126716575255976
0
7
1
-1
0
0
0
0.4885864190377095
0
4
1
-1
0
0
0
0.98484149470569327
0
3
0
4
1.5731222989248217
153
154
0.25337049516340493
0
8
1
-1
0
0
0
0.47848167767795413
0
4
1
-1
0
0
0
0.028259312648855742
0
4
1
-1
0
0
0
-0.36649924980558563
0
4
0
2
1.3696817082522355
157
158
2.2175609160748841
0
7
1
-1
0
0
0
2.6025072934908433
0
4
1
-1
0
0
0
1.7042990795202726
0
3
"DecisionTree"
0
0
12
3
0
2
1
169
0
6
-0.23758937680634717
1
88
0.041412598339397207
0
320
0
1
1.0458063033155103
2
71
-0.18794611818486201
0
169
0
0
-1.1082079118521451
3
20
-0.0024707908836284153
0
136
0
1
0.69353470640923209
4
5
0.55193753361817544
0
32
1
-1
0
0
0
1.677353102560925
0
3
0
4
-0.33821529899621217
6
19
0.43551523338271869
0
29
0
5
-0.60740693256447575
7
8
0.57982273333211565
0
26
1
-1
0
0
0
-0.61664773591152855
0
3
0
1
0.95140672505958035
9
16
0.73588409888563444
0
23
0
7
0.87014581539916791
10
15
0.44185011900044108
0
15
0
4
-0.41328653881480637
11
14
0.37421571683247884
0
12
0
6
-0.43374695954363823
12
13
0.33165105322817617
0
9
1
-1
0
0
0
0.46882603593418792
0
4
1
-1
0
0
0
0.22191106706336669
0
5
1
-1
0
0
0
0.50190970764538678
0
3
1
-1
0
0
0
0.71238772767229042
0
3
0
2
1.3302805803629227
17
18
1.2871978111703721
0
8
1
-1
0
0
0
0.60819661676281322
0
3
1
-1
0
0
0
1.6945985278149069
0
5
1
-1
0
0
0
-0.81514976617872215
0
3
0
7
-0.67012805408979892
21
36
-0.17305796765341425
0
104
0
5
-0.72468512910005789
22
25
-0.84668939063875859
0
35
0
4
-0.73621203073288632
23
24
-1.084384985964203
0
8
1
-1
0
0
0
-1.2669439798637825
0
3
1
-1
0
0
0
-0.97484958962445523
0
5
0
5
-0.65111578071980347
26
27
-0.77626106609788603
0
27
1
-1
0
0
0
-0.13700934603514248
0
4
0
7
-1.1601444229707565
28
29
-0.88743527828271096
0
23
1
-1
0
0
0
-0.47069036071506276
0
4
0
0
0.7124572030736287
30
35
-0.97517105040221574
0
19
0
0
-0.51501518752512709
31
32
-1.1441473134347557
0
14
1
-1
0
0
0
-0.97173583228693061
0
3
0
2
0.93626930146979503
33
34
-1.1911686264750718
0
11
1
-1
0
0
0
-1.2874528623272858
0
6
1
-1
0
0
0
-1.075627543452415
0
5
1
-1
0
0
0
-0.50203751391110374
0
5
0
5
-0.26768964739683027
37
64
0.16863913096234009
0
69
0
2
0.97567042935910775
38
57
0.28950272160121449
0
54
0
2
-0.32456679098821389
39
46
-0.050268706432890831
0
35
0
0
0.44796001430443688
40
41
-0.41224325354847818
0
14
1
-1
0
0
0
-0.89958049398467776
0
5
0
0
1.305649927400643
42
45
-0.14150034219503371
0
9
0
4
-0.48954938561464822
43
44
0.15161200717386888
0
6
1
-1
0
0
0
0.083648265287514526
0
3
1
-1
0
0
0
0.21957574906022323
0
3
1
-1
0
0
0
-0.72772504093283885
0
3
0
5
-0.47281830111589268
47
54
0.19104765831083406
0
21
0
2
0.73926366202323113
48
53
-0.18796718246270858
0
15
0
3
-0.45860638112943086
49
52
-0.36515195095761827
0
11
0
7
-0.062426149919363676
50
51
-0.18230425016204574
0
7
1
-1
0
0
0
-0.54539059684125402
0
3
1
-1
0
0
0
0.090010509847360504
0
4
1
-1
0
0
0
-0.68513542734987021
0
4
1
-1
0
0
0
0.29929093089829301
0
4
0
7
1.0903766848140566
55
56
1.1385847602446904
0
6
1
-1
0
0
0
1.1423257600458798
0
3
1
-1
0
0
0
1.1348437604435011
0
3
0
7
0.4285029261239669
58
63
0.91539745745351342
0
19
0
2
1.6060884755881122
59
62
0.75720412685120508
0
16
0
1
-0.73397111111947644
60
61
0.98020079867380561
0
12
1
-1
0
0
0
1.420468122215145
0
6
1
-1
0
0
0
0.53993347513246615
0
6
1
-1
0
0
0
0.088214111383403987
0
4
1
-1
0
0
0
1.7590952206658255
0
3
0
7
0.6276878421476717
65
70
-0.26646979533760773
0
15
0
1
-0.59352295810455524
66
69
-0.55287559044107271
0
11
0
2
0.69986253413391841
67
68
-0.4290363713320714
0
8
1
-1
0
0
0
-0.56239650230004223
0
5
1
-1
0
0
0
-0.20676948638545331
0
3
1
-1
0
0
0
-0.88311350806507638
0
3
1
-1
0
0
0
0.52114614119692104
0
4
0
2
-1.2307927324424077
72
73
-0.95232928524449123
0
33
1
-1
0
0
0
-0.22952386692890234
0
3
0
5
-0.48926321428324371
74
83
-1.0246098270760504
0
30
0
5
-0.76406636852713539
75
78
-1.1431920856801121
0
18
0
7
-1.3578260566093769
76
77
-1.2617793342799075
0
8
1
-1
0
0
0
-1.2226328177528554
0
3
1
-1
0
0
0
-1.2852672441961386
0
5
0
4
-0.40375368296482617
79
82
-1.0483222868002762
0
10
0
3
-0.49698097535350561
80
81
-0.91080798438440569
0
6
1
-1
0
0
0
-0.74119802941251278
0
3
1
-1
0
0
0
-1.0804179393562989
0
3
1
-1
0
0
0
-1.2545937404240814
0
4
0
1
2.0450603755856065
84
87
-0.84673643916995733
0
12
0
2
-0.24576453520958833
85
86
-0.65334559024663996
0
7
1
-1
0
0
0
-0.739701030692549
0
4
1
-1
0
0
0
-0.53820500298542806
0
3
1
-1
0
0
0
-1.1174836276626015
0
5
0
1
1.0296893021498634
89
158
0.2981120890188661
0
151
0
6
0.059894639397888985
90
111
0.47041942733735437
0
128
0
7
0.41583240316396841
91
102
0.99502215528624682
0
42
0
7
-0.33003725879272128
92
95
0.20050942899959398
0
22
0
2
-0.48217130254546503
93
94
-0.67334656243015556
0
8
1
-1
0
0
0
-1.1010765216917988
0
3
1
-1
0
0
0
-0.41670858687316992
0
5
0
2
0.66046140624460559
96
101
0.69985570981659395
0
14
0
0
0.60973984821180682
97
100
0.52912786619018237
0
11
0
6
-0.14145917069668135
98
99
0.26089291373122275
0
7
1
-1
0
0
0
0.44053276012687298
0
3
1
-1
0
0
0
0.12616302893448511
0
4
1
-1
0
0
0
0.99853903299336144
0
4
1
-1
0
0
0
1.325857803113436
0
3
0
1
-0.9089556952036385
103
106
1.8689861542015644
0
20
0
5
-0.24475332113710388
104
105
2.3810966918120444
0
6
1
-1
0
0
0
2.6025072934908433
0
3
1
-1
0
0
0
2.1596860901332455
0
3
0
7
0.6643035059558029
107
108
1.649510209511359
0
14
1
-1
0
0
0
2.3109464335953112
0
5
0
5
-0.15863390744492367
109
110
1.28204564057583
0
9
1
-1
0
0
0
1.2205289731767863
0
5
1
-1
0
0
0
1.3589414748246349
0
4
0
7
0.78883434496307614
112
149
0.21421809508324405
0
86
0
7
-0.26800001607967788
113
132
0.033366473481884089
0
70
0
6
0.62108719398404622
114
121
-0.20993341340980906
0
37
0
0
0.67907406274353455
115
116
-0.50000159565195312
0
15
1
-1
0
0
0
-0.71365325296517967
0
5
0
6
0.28982769995749508
117
118
-0.39317576699533968
0
10
1
-1
0
0
0
-0.15250328278676731
0
4
0
3
-0.050876317498636539
119
120
-0.5536240898010546
0
6
1
-1
0
0
0
-0.46485206570720417
0
3
1
-1
0
0
0
-0.64239611389490514
0
3
0
6
0.89908535759848518
122
125
-0.01215965279016557
0
22
0
0
-0.24538213101284889
123
124
0.37077261977656217
0
6
1
-1
0
0
0
0.021971918025007975
0
3
1
-1
0
0
0
0.71957332152811648
0
3
0
7
-0.8933386439465516
126
127
-0.15575925500268853
0
16
1
-1
0
0
0
-0.41702295660436228
0
4
0
1
-0.71555168121587898
128
131
-0.068671354468797199
0
12
0
0
1.0180413337875445
129
130
-0.17967380955410944
0
8
1
-1
0
0
0
-0.22736818877215453
0
5
1
-1
0
0
0
-0.10018317752403418
0
3
1
-1
0
0
0
0.15333355570182719
0
4
0
5
0.037406767944813207
133
134
0.30615725575438857
0
33
1
-1
0
0
0
1.3234670961576538
0
4
0
7
-0.10003505387478284
135
136
0.16583865707807624
0
29
1
-1
0
0
0
0.57466384543562521
0
3
0
0
-1.2109252667139634
137
142
0.11866651995989735
0
26
0
1
0.98364072739087383
138
141
0.4026450834325177
0
11
0
3
0.35489140892751758
139
140
0.47129608382212806
0
8
1
-1
0
0
0
0.36777862233663466
0
3
1
-1
0
0
0
0.53340656071342418
0
5
1
-1
0
0
0
0.21957574906022323
0
3
0
2
-1.0731882208851566
143
146
-0.089584426586690816
0
15
0
0
-0.063058826133118973
144
145
0.15086350781388702
0
6
1
-1
0
0
0
0.16478559590954991
0
3
1
-1
0
0
0
0.1369414197182241
0
3
0
6
0.87440327765140879
147
148
-0.24988304952040938
0
9
1
-1
0
0
0
-0.071889901716719273
0
4
1
-1
0
0
0
-0.39227756776336148
0
5
0
5
0.31826857440825518
150
151
1.0054439395891941
0
16
1
-1
0
0
0
1.562982400355694
0
3
0
3
2.2308857765635359
152
157
0.87678121787384822
0
13
0
7
0.90219794339543546
153
154
0.78310594720337812
0
10
1
-1
0
0
0
1.1249605748943006
0
3
0
1
-0.94118969753493209
155
156
0.63659682105012561
0
7
1
-1
0
0
0
0.48050262594990523
0
4
1
-1
0
0
0
0.84472241451708607
0
3
1
-1
0
0
0
1.189032120108749
0
3
0
2
-1.6248040113355358
159
160
-0.66081570684054614
0
23
1
-1
0
0
0
-0.16934451838635947
0
3
0
1
1.7319300672244691
161
168
-0.73453638510867414
0
20
0
7
-0.038776296682586794
162
167
-0.59682747285920856
0
15
0
4
1.4170217843813955
163
166
-0.79661420020971618
0
11
0
3
0.097607197652470917
164
165
-0.96754423587103211
0
6
1
-1
0
0
0
-1.0956873262999292
0
3
1
-1
0
0
0
-0.83940114544213484
0
3
1
-1
0
0
0
-0.59149815741613765
0
5
1
-1
0
0
0
-0.047413972645311886
0
4
1
-1
0
0
0
-1.1476631218570708
0
5
"DecisionTree"
0
0
12
3
0
2
1
179
0
3
-0.17123299938323464
1
100
-0.046504265235673969
0
320
0
7
1.324969269872164
2
95
-0.27774081119144817
0
173
0
2
0.38465351101941614
3
46
-0.43365904793492227
0
162
0
7
-0.3614182785813615
4
25
-0.71923665359639555
0
74
0
3
-0.4865151769287579
5
16
-1.0857150117500167
0
39
0
1
-0.90204840898979133
6
7
-0.9673945359990358
0
22
1
-1
0
0
0
-1.4136498544202301
0
3
0
7
-0.5796895120299792
8
15
-0.89693316993253147
0
19
0
7
-1.5066510127327488
9
10
-0.94864462703148977
0
16
1
-1
0
0
0
-0.79808398077113529
0
5
0
4
-0.5920275860019355
11
14
-1.0170812844225599
0
11
0
5
-0.88999978251921785
12
13
-1.0985957809558586
0
7
1
-1
0
0
0
-0.99164591526244839
0
4
1
-1
0
0
0
-1.241195601880406
0
3
1
-1
0
0
0
-0.87443091548928675
0
4
1
-1
0
0
0
-0.62113873207141979
0
3
0
6
-0.20641201266267178
17
24
-1.2388356274277574
0
17
0
3
-0.3705192443878047
18
21
-1.2819567384554189
0
14
0
6
-0.56495170031493891
19
20
-1.2379449760884849
0
7
1
-1
0
0
0
-1.3495783092057814
0
3
1
-1
0
0
0
-1.1542199762505119
0
4
0
6
-0.3285233555587338
22
23
-1.3259685008223534
0
7
1
-1
0
0
0
-1.3392490180380316
0
4
1
-1
0
0
0
-1.308261144534782
0
3
1
-1
0
0
0
-1.0376037759653356
0
3
0
4
-0.50384866938961848
26
35
-0.31087505451093239
0
35
0
0
1.2440195144835484
27
34
-0.55514750614548825
0
17
0
1
1.3865657565320415
28
33
-0.61913505686162229
0
13
0
5
-0.55071525822439737
29
30
-0.71877298858745564
0
10
1
-1
0
0
0
-0.64965655768672936
0
4
0
2
-0.71857806988134165
31
32
-0.76485060918794012
0
6
1
-1
0
0
0
-0.8615567264975984
0
3
1
-1
0
0
0
-0.66814449187828162
0
3
1
-1
0
0
0
-0.2870086177755104
0
3
1
-1
0
0
0
-0.34718796631805326
0
4
0
7
-0.014106358970217035
36
41
-0.080173294633852019
0
18
0
5
-0.19585134250787592
37
38
-0.43491209130792907
0
9
1
-1
0
0
0
-0.67862348291802788
0
3
0
5
0.06120861595018965
39
40
-0.31305639550287973
0
6
1
-1
0
0
0
-0.37353514378941527
0
3
1
-1
0
0
0
-0.25257764721634413
0
3
0
4
-0.47882492278342043
42
43
0.27456550204022506
0
9
1
-1
0
0
0
0.46807753657420603
0
3
0
3
-0.34522689819466451
44
45
0.17780948477323455
0
6
1
-1
0
0
0
0.19173157286889744
0
3
1
-1
0
0
0
0.16388739667757166
0
3
0
5
-0.24518608200992892
47
88
-0.19351424317413801
0
88
0
1
0.95831401127342752
48
81
-0.073616721366930982
0
71
0
5
-0.59572238899820018
49
66
0.11428511840125542
0
58
0
0
0.13467208197588815
50
51
-0.13477745703446925
0
33
1
-1
0
0
0
0.5750380951156161
0
4
0
1
-0.79613668704411278
52
59
-0.23268305043448101
0
29
0
0
0.83828596277935763
53
58
0.12574386929289527
0
15
0
0
0.76895174824762602
54
57
0.0004151364575299514
0
12
0
0
0.71245720307362514
55
56
0.05091389327764051
0
9
1
-1
0
0
0
0.099576331667928869
0
5
1
-1
0
0
0
-0.0099141547102199398
0
4
1
-1
0
0
0
-0.15108113400280174
0
3
1
-1
0
0
0
0.62705880063435648
0
3
0
4
-0.99598235264484736
60
61
-0.61671189299952711
0
14
1
-1
0
0
0
-0.1187459616515847
0
3
0
6
-0.85204326180461654
62
63
-0.75252078336714767
0
11
1
-1
0
0
0
-0.61485133744757214
0
5
0
5
-0.64765369373720327
64
65
-0.8672453216334608
0
6
1
-1
0
0
0
-0.71814424912507102
0
3
1
-1
0
0
0
-1.0163463941418502
0
3
0
6
-0.48311111943779095
67
70
0.44304771797641201
0
25
0
6
-0.53767150668922292
68
69
0.0038582335134465886
0
6
1
-1
0
0
0
-0.21994307512113431
0
3
1
-1
0
0
0
0.2276595421480275
0
3
0
7
0.7157640833166441
71
80
0.58173913412261158
0
19
0
5
-0.5182581927625205
72
75
0.31592258667709028
0
15
0
0
0.28618018039707072
73
74
0.77571077352675699
0
6
1
-1
0
0
0
0.53514307922858206
0
3
1
-1
0
0
0
1.0162784678249321
0
3
0
1
-0.7362735398574255
76
77
0.0093971287773124568
0
9
1
-1
0
0
0
-0.33341557809438677
0
3
0
1
0.13404452308749665
78
79
0.18080348221316203
0
6
1
-1
0
0
0
0.22197094701216522
0
3
1
-1
0
0
0
0.13963601741415888
0
3
1
-1
0
0
0
1.5785511870433173
0
4
0
1
1.2760491771104632
82
85
-0.91194800648653218
0
13
0
7
-0.55426793312506706
83
84
-0.73777631805259547
0
7
1
-1
0
0
0
-0.66065949827846293
0
4
1
-1
0
0
0
-0.84059874441810578
0
3
0
1
1.4234046163392331
86
87
-1.1151483096594579
0
6
1
-1
0
0
0
-1.266345180375797
0
3
1
-1
0
0
0
-0.96395143894311897
0
3
0
0
0.27077257716779701
89
90
-0.69426271660423722
0
17
1
-1
0
0
0
-0.93604738280299471
0
5
0
5
-0.085064559064669198
91
94
-0.59351910568808863
0
12
0
4
-0.63850025827058898
92
93
-0.49628903882644293
0
8
1
-1
0
0
0
-0.4693430618670954
0
4
1
-1
0
0
0
-0.52323501578579046
0
4
1
-1
0
0
0
-0.78797923941138004
0
4
0
6
-0.69615644108623953
96
97
2.0185095844851735
0
11
1
-1
0
0
0
2.471188769377159
0
5
0
1
-0.61194238800815115
98
99
1.6412769304085184
0
6
1
-1
0
0
0
1.8815467219614206
0
3
1
-1
0
0
0
1.401007138855616
0
3
0
7
0.41583240316396841
101
152
0.22563126163744812
0
147
0
1
0.95831401127342752
102
139
-0.22782093732252343
0
96
0
1
0.76260756854771727
103
136
-0.00079994217996536736
0
68
0
5
-0.20667036432850155
104
105
-0.13439086691818894
0
59
1
-1
0
0
0
1.0261586593766927
0
4
0
2
-1.4277983718889717
106
109
-0.21879446883054399
0
55
0
7
-0.85132727014909915
107
108
-1.0385019751973139
0
6
1
-1
0
0
0
-1.32981792610226
0
3
1
-1
0
0
0
-0.7471860242923678
0
3
0
0
0.76638381437608294
110
127
-0.11842212111216399
0
49
0
6
0.89908535759848518
111
118
0.065534580775953172
0
32
0
2
0.66046140624460559
112
117
0.17496518720530344
0
15
0
1
-0.70173710878818285
113
114
-0.09599158110813566
0
12
1
-1
0
0
0
-0.29060141470342343
0
4
0
5
-0.094585298266819787
115
116
0.0013133356895082028
0
8
1
-1
0
0
0
-0.032219435637679837
0
3
1
-1
0
0
0
0.021432998485821024
0
5
1
-1
0
0
0
1.25879226045906
0
3
0
6
1.1082335087289743
119
122
-0.031021836661708851
0
17
0
4
0.71516527242660199
120
121
-0.37939482449327339
0
7
1
-1
0
0
0
-0.23760766001670661
0
3
1
-1
0
0
0
-0.48573519785069852
0
4
0
4
1.6946662110120694
123
126
0.21283925482038635
0
10
0
5
0.96394779666319441
124
125
0.074067473479746557
0
7
1
-1
0
0
0
0.15251020640584714
0
3
1
-1
0
0
0
0.015235423785171093
0
4
1
-1
0
0
0
0.53664007794854585
0
3
0
4
1.3467169724877914
128
135
-0.46469355996038442
0
17
0
4
0.88556507074499835
129
134
-0.52310670160979356
0
14
0
4
0.2099239123776504
130
131
-0.43708954399151279
0
11
1
-1
0
0
0
-0.57964192755402466
0
5
0
0
0.89478050795335862
132
133
-0.31829589102275285
0
6
1
-1
0
0
0
-0.4438940836277116
0
3
1
-1
0
0
0
-0.19269769841779408
0
3
1
-1
0
0
0
-0.83850294621015653
0
3
1
-1
0
0
0
-0.19209889892980855
0
3
0
1
0.77181728349951517
137
138
0.87496278665950045
0
9
1
-1
0
0
0
1.4418025994727084
0
4
1
-1
0
0
0
0.42149093640893404
0
5
0
6
0.66655418336023953
140
149
-0.77915763981159358
0
28
0
4
0.40773067126473994
141
148
-0.89589787713356694
0
20
0
2
0.069444487904913893
142
145
-0.93395158459504557
0
15
0
0
-1.4625827861254248
143
144
-1.0617054553567522
0
8
1
-1
0
0
0
-0.99029861641448103
0
3
1
-1
0
0
0
-1.1045495587221148
0
5
0
6
-0.090795953963208803
146
147
-0.78794716086738059
0
7
1
-1
0
0
0
-0.78820378921937451
0
3
1
-1
0
0
0
-0.78775468960338546
0
4
1
-1
0
0
0
-0.78173675474913118
0
5
0
2
-0.91558370932790556
150
151
-0.48730704650666051
0
8
1
-1
0
0
0
-0.6795216821500063
0
5
1
-1
0
0
0
-0.16694932043441754
0
3
0
0
1.2388836467404547
153
178
1.0791883420326889
0
51
0
1
1.0158747297221657
154
177
1.1869753075695924
0
47
0
6
0.25085599477790083
155
166
1.3178604082374699
0
42
0
0
0.70988926920207818
156
165
1.6443663274941451
0
22
0
4
-0.0033737372656570076
157
164
1.5356886206937417
0
18
0
4
-0.21905460087145945
158
161
1.7173595872757224
0
13
0
7
1.2344233504991244
159
160
1.3553501748954417
0
6
1
-1
0
0
0
0.88214738251617975
0
3
1
-1
0
0
0
1.8285529672747038
0
3
0
3
0.083434762285625116
162
163
2.0276533693159626
0
7
1
-1
0
0
0
2.3595399102445667
0
4
1
-1
0
0
0
1.5851379814111575
0
3
1
-1
0
0
0
1.0633441075805923
0
5
1
-1
0
0
0
2.1334160080959617
0
4
0
7
0.8590859521374743
167
170
0.95870389705512626
0
20
0
1
0.071878947162858642
168
169
0.46465582521428894
0
7
1
-1
0
0
0
0.36688042310465646
0
3
1
-1
0
0
0
0.53798737679651332
0
4
0
1
0.77181728349951673
171
176
1.2247297818924998
0
13
0
7
1.1560110675199811
172
173
0.96615895068054558
0
10
1
-1
0
0
0
0.59592122725911045
0
3
0
6
3.1217716096746773
174
175
1.1248322607183034
0
7
1
-1
0
0
0
1.0221167628327907
0
4
1
-1
0
0
0
1.2617862578989874
0
3
1
-1
0
0
0
2.0866325525990148
0
3
1
-1
0
0
0
0.087540461959420307
0
5
1
-1
0
0
0
-0.18730850302592456
0
4
"DecisionTree"
0
0
12
3
0
2
1
163
0
7
0.41242317346922308
1
116
0.063730014312730815
0
320
0
1
0.95601158253547847
2
85
-0.31062243597693839
0
224
0
3
-0.3415202612525664
3
38
-0.12481331549972691
0
166
0
7
-0.6578333517260716
4
19
-0.4541778139648539
0
69
0
0
0.7124572030736287
5
12
-0.79272200353781053
0
33
0
0
0.50959042722153158
6
11
-1.1464355829067003
0
18
0
0
-0.60232493915767549
7
8
-1.2334539799285935
0
14
1
-1
0
0
0
-1.040897173149256
0
3
0
5
-0.45767167056701674
9
10
-1.2859694726865947
0
11
1
-1
0
0
0
-1.1967047999230833
0
5
1
-1
0
0
0
-1.3603566999895207
0
6
1
-1
0
0
0
-0.84187119333007499
0
4
0
2
0.30585125524079054
13
14
-0.36826570829514277
0
15
1
-1
0
0
0
-1.1399984884108563
0
3
0
0
1.2440195144835484
15
18
-0.17533251326621449
0
12
0
2
1.093873813027046
16
17
0.054307090376225026
0
8
1
-1
0
0
0
-0.24344595502456523
0
4
1
-1
0
0
0
0.35206013577701534
0
4
1
-1
0
0
0
-0.63461172055109349
0
4
0
3
-0.43593048454247757
20
37
-0.1438456401896436
0
36
0
1
-1.0724281355980567
21
22
-0.053286290351351552
0
33
1
-1
0
0
0
-0.62778540638805891
0
5
0
2
0.97567042935910775
23
32
0.049302837512346175
0
28
0
4
-0.50504027637086601
24
31
-0.2234255668802079
0
19
0
3
-0.54255080599459438
25
30
-0.43251689335598709
0
14
0
2
0.54225802257666722
26
29
-0.34490164100029042
0
11
0
6
-0.89361308066285039
27
28
-0.3040744031830972
0
7
1
-1
0
0
0
-0.22862566769692408
0
4
1
-1
0
0
0
-0.4046727171646613
0
3
1
-1
0
0
0
-0.41634930718037855
0
4
1
-1
0
0
0
-0.75377281866020829
0
3
1
-1
0
0
0
0.36203014725197386
0
5
0
1
-0.73397111111947644
33
34
0.62506280234107137
0
9
1
-1
0
0
0
1.1519065518536478
0
3
0
6
-0.55715735927901999
35
36
0.36164092758478333
0
6
1
-1
0
0
0
0.42376637446327897
0
3
1
-1
0
0
0
0.29951548070628758
0
3
1
-1
0
0
0
-1.1399984884108563
0
3
0
5
0.41823633603083626
39
66
0.1094768947486623
0
97
0
7
-0.42369712024915052
40
43
0.37806708626656738
0
55
0
1
-0.0017987724515263481
41
42
-0.90163352080062809
0
7
1
-1
0
0
0
-0.59666280300001251
0
4
1
-1
0
0
0
-1.308261144534782
0
3
0
7
-0.39156445926796801
44
45
0.56469009146386673
0
48
1
-1
0
0
0
1.9847617897054814
0
4
0
1
0.87772900544519539
46
65
0.43559266435099264
0
44
0
2
-0.83678145354928002
47
50
0.28555884648631785
0
39
0
0
-0.45852064235112977
48
49
-0.23016543780888682
0
7
1
-1
0
0
0
-0.33491257681435044
0
3
1
-1
0
0
0
-0.15160508355478908
0
4
0
4
-0.16185746577157814
51
56
0.3983735336758939
0
32
0
4
-0.30842512446502401
52
53
0.15196584323495124
0
11
1
-1
0
0
0
0.62646000114637101
0
4
0
2
0.77866478991254384
54
55
-0.11917367557157434
0
7
1
-1
0
0
0
-0.36904414762952403
0
3
1
-1
0
0
0
0.068229178471887905
0
4
0
0
0.75354414501835609
57
62
0.52744422866876861
0
21
0
0
-0.30444461005839674
58
59
0.76298628440706517
0
15
1
-1
0
0
0
0.11718103661470258
0
4
0
2
-0.40336904676683943
60
61
0.99782455633156064
0
11
1
-1
0
0
0
0.75220789362332607
0
5
1
-1
0
0
0
1.2025051085884229
0
6
0
2
0.10884561579422665
63
64
-0.061410910676973018
0
6
1
-1
0
0
0
-0.24449385412853988
0
3
1
-1
0
0
0
0.12167203277459386
0
3
1
-1
0
0
0
1.6058564436954561
0
5
0
4
1.2037241347380883
67
80
-0.24224835604859427
0
42
0
6
1.0900467129784972
68
79
-0.38690120378909171
0
28
0
4
0.92965452905115686
69
78
-0.48842081355431349
0
25
0
6
0.59900322771560943
70
75
-0.37907403905328119
0
20
0
6
0.4197333838894759
71
74
-0.49708743814375705
0
9
0
1
-0.83527797558925521
72
73
-0.34599036734208227
0
6
1
-1
0
0
0
-0.37982253841326302
0
3
1
-1
0
0
0
-0.31215819627090147
0
3
1
-1
0
0
0
-0.79928157974710634
0
3
0
6
0.77307684418446376
76
77
-0.28251762161561922
0
11
1
-1
0
0
0
-0.1949431964977397
0
4
1
-1
0
0
0
-0.33256015025440749
0
7
1
-1
0
0
0
-0.92580791155844255
0
5
1
-1
0
0
0
0.4590955442544235
0
3
0
3
1.3432552476646249
81
84
0.047057339432400556
0
14
0
0
0.69191373210126139
82
83
0.28541375276422903
0
10
1
-1
0
0
0
0.49277801545360794
0
6
1
-1
0
0
0
-0.025632641269839343
0
4
1
-1
0
0
0
-0.54883369389717063
0
4
0
3
-0.71610862987165969
86
91
-0.84242095320482047
0
58
0
1
1.674369348775731
87
90
-1.1388607693836839
0
10
0
1
1.2645370334207162
88
89
-1.2130520259450872
0
6
1
-1
0
0
0
-1.1600582712583705
0
3
1
-1
0
0
0
-1.2660457806318042
0
3
1
-1
0
0
0
-1.0275738845415785
0
4
0
7
-0.64698824309081859
92
101
-0.78066265816755687
0
48
0
6
-0.31553278716553568
93
96
-0.98211502341201262
0
18
0
0
-0.95156394568786518
94
95
-1.2114053273531271
0
6
1
-1
0
0
0
-1.2965845545190646
0
3
1
-1
0
0
0
-1.1262261001871898
0
3
0
7
-0.99438069568687837
97
98
-0.86746987144145526
0
12
1
-1
0
0
0
-1.0061069228972983
0
5
0
4
0.10506249802786798
99
100
-0.76844340611585304
0
7
1
-1
0
0
0
-0.68199173003794633
0
4
1
-1
0
0
0
-0.88371230755306185
0
3
0
4
0.559064757883176
102
115
-0.65979123902088377
0
30
0
4
-0.055804444440548211
103
112
-0.70982758956971659
0
27
0
0
-1.3290502248050591
104
105
-0.61021064141568437
0
18
1
-1
0
0
0
-0.31018215796054927
0
5
0
3
-0.23162937779271592
106
111
-0.7256062119753518
0
13
0
5
-0.65890547643065389
107
108
-0.62852392575657445
0
9
1
-1
0
0
0
-0.46215746801126939
0
3
0
3
-0.33432502483555238
109
110
-0.71170715462922696
0
6
1
-1
0
0
0
-0.92532887196805425
0
3
1
-1
0
0
0
-0.4980854372903995
0
3
1
-1
0
0
0
-0.94404135596760108
0
4
0
6
0.094969174059523806
113
114
-0.90906148587778135
0
9
1
-1
0
0
0
-1.0423941718692196
0
4
1
-1
0
0
0
-0.80239533708463084
0
5
1
-1
0
0
0
-0.20946408408138803
0
3
0
4
-0.76481059828282705
117
120
0.93721906498862628
0
96
0
2
-0.71857806988134165
118
119
-0.041171487983063096
0
10
1
-1
0
0
0
1.023464061680758
0
3
1
-1
0
0
0
-0.49744386641041499
0
7
0
1
-1.3372074404622523
121
122
1.0509854083574275
0
86
1
-1
0
0
0
-0.15317693221075102
0
4
0
1
1.0158747297221657
123
160
1.1097250347266072
0
82
0
1
0.93759215263188267
124
157
1.196530167537406
0
75
0
3
-0.360053445963057
125
130
1.1248957196262266
0
68
0
1
0.62906670174664503
126
129
0.50161094947227403
0
14
0
0
0.38376166751580271
127
128
-0.0040758597023613135
0
6
1
-1
0
0
0
-0.18790730251391005
0
3
1
-1
0
0
0
0.17975558310918741
0
3
1
-1
0
0
0
0.88087605635325061
0
8
0
6
-0.52338188145670506
131
134
1.2864880674439181
0
54
0
1
-0.67180553519483843
132
133
2.2479397784203088
0
8
1
-1
0
0
0
2.6025072934908433
0
5
1
-1
0
0
0
1.6569939199694179
0
3
0
3
-0.0070507865950057008
135
140
1.1192790742306331
0
46
0
0
0.52499803045080151
136
139
0.49828697074307449
0
10
0
0
-1.2006535312277835
137
138
0.18364777978109317
0
6
1
-1
0
0
0
0.049217294728348272
0
3
1
-1
0
0
0
0.31807826483383805
0
3
1
-1
0
0
0
0.97024575718604655
0
4
0
4
0.088380000290402605
141
148
1.2917768807549548
0
36
0
2
0.30585125524079054
142
147
1.9543595421014814
0
15
0
5
-0.24302227764580375
143
144
2.2072930990623623
0
11
1
-1
0
0
0
2.6025072934908433
0
3
0
1
-0.83527797558925521
145
146
2.0590877761516815
0
8
1
-1
0
0
0
2.2546706589149457
0
4
1
-1
0
0
0
1.8635048933884173
0
4
1
-1
0
0
0
1.2587922604590598
0
4
0
5
1.0673776452683756
149
152
0.8185035512217208
0
21
0
1
0.84779743185185086
150
151
1.0529050365067119
0
9
1
-1
0
0
0
1.2614868581549945
0
5
1
-1
0
0
0
0.79217775944635838
0
4
0
7
0.92992813453458456
153
154
0.64270243725797782
0
12
1
-1
0
0
0
0.37406601696048242
0
6
0
3
4.6777022332826661
155
156
0.91133885755547295
0
6
1
-1
0
0
0
0.71867512229613817
0
3
1
-1
0
0
0
1.1040025928148078
0
3
0
1
0.9997577285565189
158
159
1.892407661531718
0
7
1
-1
0
0
0
1.6510059250895628
0
3
1
-1
0
0
0
2.0734589638633336
0
4
0
3
-0.21309619308222527
161
162
0.17967004032518949
0
7
1
-1
0
0
0
-0.018147647670020566
0
3
1
-1
0
0
0
0.32803330632159705
0
4
"DecisionTree"
0
0
12
3
0
2
1
163
0
4
-0.88873772433256981
1
14
0.12453526737633254
0
320
0
5
-0.87052554324209175
2
9
-0.59307000607209948
0
24
0
7
-0.70177751716148995
3
4
-0.31677750660678955
0
14
1
-1
0
0
0
-1.0745047944124422
0
4
0
6
-1.0507989582205473
5
6
-0.013686591484528601
0
10
1
-1
0
0
0
0.50161030790139405
0
4
0
1
-0.79383425830616372
7
8
-0.35721785774181042
0
6
1
-1
0
0
0
-0.26664943518400336
0
3
1
-1
0
0
0
-0.44778628029961737
0
3
0
4
-0.9971739596260949
10
11
-0.97987950532353341
0
10
1
-1
0
0
0
-1.1623037693383163
0
4
0
4
-0.96619217811365909
12
13
-0.85826332931367821
0
6
1
-1
0
0
0
-0.75616801661215038
0
3
1
-1
0
0
0
-0.96035864201520604
0
3
0
7
0.13560445998722256
15
94
0.18271947873701641
0
296
0
7
-0.67971147929471287
16
41
-0.3182725341234699
0
161
0
4
-0.70165542827670802
17
18
-0.73309028434518875
0
50
1
-1
0
0
0
-0.3585052766409792
0
5
0
0
0.46336761753371059
19
28
-0.77471084075676766
0
45
0
0
-0.5304227907544008
20
25
-0.9917168257281308
0
19
0
5
0.043032659291538544
21
24
-0.85766452982569275
0
12
0
1
1.0135723009842166
22
23
-0.92842266932264605
0
9
1
-1
0
0
0
-0.75047942147628799
0
4
1
-1
0
0
0
-1.0707772675997325
0
5
1
-1
0
0
0
-0.64539011133483259
0
3
0
3
-0.45947853099815983
26
27
-1.2215207615608823
0
7
1
-1
0
0
0
-1.2121538267131091
0
4
1
-1
0
0
0
-1.2340100080245799
0
3
0
4
0.88437346376375081
29
40
-0.61612954404692577
0
26
0
6
0.50936830580254266
30
39
-0.55969373915654408
0
22
0
3
-0.70389853170945416
31
34
-0.63166762306849822
0
18
0
7
-0.99875632120060676
32
33
-0.36592183601359957
0
7
1
-1
0
0
0
-0.65616850211857158
0
3
1
-1
0
0
0
-0.14823683643487062
0
4
0
1
-0.85139497675490028
35
36
-0.80077857846707023
0
11
1
-1
0
0
0
-0.61238128955963189
0
4
0
2
0.85746704569116949
37
38
-0.90843417212846345
0
7
1
-1
0
0
0
-1.0196397913257707
0
3
1
-1
0
0
0
-0.82502995773048282
0
4
1
-1
0
0
0
-0.23581126155275009
0
4
1
-1
0
0
0
-0.92652647094402529
0
4
0
4
-0.13683371916538006
42
63
-0.13141769168125403
0
111
0
1
-0.53826466839376608
43
56
-0.32625992421295991
0
40
0
5
-0.26163099517727989
44
53
-0.028027839221781353
0
24
0
7
-0.35996868485288713
45
50
0.18454597901307149
0
18
0
5
-0.68573665054580557
46
47
0.51238869868513326
0
12
1
-1
0
0
0
0.82406383218158619
0
3
0
7
-0.58648112709116496
48
49
0.40849698751964869
0
9
1
-1
0
0
0
0.2679288077150524
0
6
1
-1
0
0
0
0.68963334712884128
0
3
0
4
-0.69093096544548027
51
52
-0.47113946033105192
0
6
1
-1
0
0
0
-0.80017977897908465
0
3
1
-1
0
0
0
-0.14209914168301926
0
3
0
2
0.069444487904913893
54
55
-0.66574929392633975
0
6
1
-1
0
0
0
-0.80347317616300484
0
3
1
-1
0
0
0
-0.52802541168967443
0
3
0
6
-0.56625075715425877
57
58
-0.77360805169972791
0
16
1
-1
0
0
0
-0.45167847697152314
0
3
0
5
-0.28110523445440605
59
60
-0.8478994920216214
0
13
1
-1
0
0
0
-1.0635916737439064
0
5
0
3
-0.10582175922856175
61
62
-0.71309187844519317
0
8
1
-1
0
0
0
-0.63797996767101206
0
4
1
-1
0
0
0
-0.78820378921937451
0
4
0
5
0.024856702632887445
64
71
-0.021647419832405708
0
71
0
7
-0.3355940347518731
65
66
0.62400271714225364
0
19
1
-1
0
0
0
-0.71791969931707644
0
4
0
4
0.4720774482521064
67
70
0.98184869486474169
0
15
0
5
-0.075111058989693613
68
69
0.71044162933633737
0
10
1
-1
0
0
0
0.31676090596027001
0
5
1
-1
0
0
0
1.1041223527124049
0
5
1
-1
0
0
0
1.52466282592155
0
5
0
1
0.79944642835491053
72
87
-0.25755804680391575
0
52
0
6
0.23526731270606313
73
74
-0.074110449817998816
0
36
1
-1
0
0
0
-0.5344625061855186
0
4
0
5
1.3512687778415928
75
84
-0.016566442772058869
0
32
0
5
0.1118416380707177
76
77
0.12444148040652676
0
24
1
-1
0
0
0
-0.12563215576341799
0
6
0
6
0.43402300912199382
78
79
0.20779935912984171
0
18
1
-1
0
0
0
-0.019345246645991576
0
3
0
7
-0.24402803090324005
80
83
0.25322828028500838
0
15
0
3
0.54262166817142876
81
82
0.13532466110066327
0
10
1
-1
0
0
0
0.19712076826076691
0
5
1
-1
0
0
0
0.073528553940559599
0
5
1
-1
0
0
0
0.48903551865369854
0
5
0
5
2.0761432398235113
85
86
-0.43959021230781586
0
8
1
-1
0
0
0
-0.52390866520977419
0
4
1
-1
0
0
0
-0.35527175940585748
0
4
0
1
1.1125767367160462
88
91
-0.67031514002222914
0
16
0
1
0.92608000894213394
89
90
-0.50302553306627984
0
8
1
-1
0
0
0
-0.42802589719609585
0
4
1
-1
0
0
0
-0.57802516893646383
0
4
0
1
1.3267026093453524
92
93
-0.83760474697817844
0
8
1
-1
0
0
0
-0.96582268734307375
0
4
1
-1
0
0
0
-0.70938680661328291
0
4
0
2
-0.83678145354928002
95
120
0.78019884222248492
0
135
0
6
-0.713044179997397
96
97
0.36095230817359991
0
50
1
-1
0
0
0
1.025080820298319
0
5
0
4
-0.49074099259589565
98
101
0.28716025127085332
0
45
0
5
-0.50960297530601995
99
100
-0.34349536947547599
0
9
1
-1
0
0
0
0.014786324169181974
0
5
1
-1
0
0
0
-0.79134748653129849
0
4
0
2
-0.95498483721721827
102
119
0.44482415645743562
0
36
0
4
0.012117153490560847
103
106
0.52987364373430956
0
30
0
0
-0.22997452778357891
104
105
1.109819502126667
0
7
1
-1
0
0
0
1.2551994635311468
0
3
1
-1
0
0
0
1.0007845310733072
0
4
0
5
1.0453068407542991
107
110
0.35336838248446178
0
23
0
2
-1.7036062671141612
108
109
-0.089918043444282739
0
7
1
-1
0
0
0
0.3246650592016786
0
3
1
-1
0
0
0
-0.40085537042875374
0
4
0
2
-2.0582164181179761
111
112
0.5473061938282876
0
16
1
-1
0
0
0
0.10999544275887659
0
3
0
2
-1.2701938603317204
113
116
0.64822405945969019
0
13
0
7
1.338445122681315
114
115
0.90849455998754192
0
7
1
-1
0
0
0
0.69809138989663655
0
4
1
-1
0
0
0
1.189032120108749
0
3
0
7
0.90917746875475647
117
118
0.34457514217719654
0
6
1
-1
0
0
0
0.093229057095282578
0
3
1
-1
0
0
0
0.59592122725911045
0
3
1
-1
0
0
0
0.019576720073065972
0
6
0
5
-0.78700269478686169
121
122
1.0268144504865351
0
85
1
-1
0
0
0
0.07227107501579004
0
3
0
6
1.0458787804416236
123
162
1.0617367691013184
0
82
0
0
0.89734844182490181
124
161
1.0090935648915926
0
78
0
0
-1.4497431167676944
125
130
0.95410900109218488
0
74
0
2
1.1332749409163589
126
127
1.4947192587253473
0
9
1
-1
0
0
0
0.89382397253189705
0
3
0
7
0.1649453108246767
128
129
1.7951669018220722
0
6
1
-1
0
0
0
1.8956155159316399
0
3
1
-1
0
0
0
1.6947182877125044
0
3
0
3
0.0049412741000176607
131
152
0.87925527311220852
0
65
0
7
0.94579313256288766
132
141
0.77633991218880061
0
45
0
0
0.55324530303780572
133
138
0.34097635725440367
0
25
0
3
-0.24994452503602432
134
135
0.18853173810497492
0
16
1
-1
0
0
0
-0.1839402559060061
0
4
0
2
0.54225802257666722
136
137
0.31268906944196856
0
12
1
-1
0
0
0
0.48645319586176111
0
8
1
-1
0
0
0
-0.034839183397616422
0
4
0
0
0.67907406274353455
139
140
0.61198901352005464
0
9
1
-1
0
0
0
0.86493189723659669
0
4
1
-1
0
0
0
0.40963470654682121
0
5
0
3
-0.35830914622559906
142
147
1.3205443558567962
0
20
0
0
-1.2417404731725106
143
144
1.0712327464716305
0
11
1
-1
0
0
0
1.473165471155309
0
3
0
2
-0.048758895763024446
145
146
0.92050797471525092
0
8
1
-1
0
0
0
1.2390318773555382
0
3
1
-1
0
0
0
0.72939363313107852
0
5
0
5
-0.57365158448412379
148
149
1.625258545105333
0
9
1
-1
0
0
0
2.0174742057341288
0
3
0
0
0.74840827727526238
150
151
1.4291507147909348
0
6
1
-1
0
0
0
1.4054981350155076
0
3
1
-1
0
0
0
1.452803294566362
0
3
0
1
0.9007532928246893
153
160
1.110814835189875
0
20
0
6
0.35348148508416571
154
159
1.3777486439932196
0
16
0
7
0.86330051168137234
155
156
1.8204133769618827
0
11
1
-1
0
0
0
2.3595399102445667
0
4
0
0
0.75868001276144614
157
158
1.5123410722289203
0
7
1
-1
0
0
0
1.6957661868164791
0
4
1
-1
0
0
0
1.2677742527788423
0
3
1
-1
0
0
0
0.40388623146216035
0
5
1
-1
0
0
0
0.04307959997649688
0
4
1
-1
0
0
0
2.0263079951806353
0
4
1
-1
0
0
0
2.0882792511909747
0
4
"DecisionTree"
0
0
12
3
0
2
1
155
0
7
0.13560445998722256
1
104
0.0082467039735043164
0
320
0
4
0.57098082769565117
2
83
-0.5023129328871403
0
208
0
0
0.46593555140525733
3
46
-0.58284764338434736
0
168
0
6
-0.042730850908375889
4
33
-0.84974996268014558
0
92
0
2
-1.4277983718889717
5
6
-0.93686337396967267
0
59
1
-1
0
0
0
-0.44347492398612182
0
5
0
7
-0.10228997745240968
7
32
-0.98254748970889039
0
54
0
6
-0.73512814626583378
8
15
-1.023232588253683
0
51
0
7
-1.3337198497914138
9
10
-1.1901479455296418
0
16
1
-1
0
0
0
-1.1057172177236863
0
4
0
3
-0.73791237658988407
11
14
-1.2182915214649601
0
12
0
4
-0.95785092924492643
12
13
-1.2474081465682554
0
8
1
-1
0
0
0
-1.2700876771757064
0
4
1
-1
0
0
0
-1.2247286159608046
0
4
1
-1
0
0
0
-1.1600582712583705
0
4
0
3
-0.49698097535350561
16
21
-0.94692842492753126
0
35
0
7
-0.8018800174111389
17
18
-0.80575950148076769
0
11
1
-1
0
0
0
-1.1567648740744503
0
3
0
3
-0.52968659543084207
19
20
-0.67413248675813675
0
8
1
-1
0
0
0
-0.77059908427260082
0
5
1
-1
0
0
0
-0.51335482423402967
0
3
0
7
-0.35822380351305683
22
31
-1.0116308481739644
0
24
0
5
-0.22527908185997769
23
30
-1.0661255410509611
0
19
0
0
-1.0311698957057767
24
27
-1.0278433443111721
0
15
0
4
-0.25122798936514268
25
26
-0.92133687538148434
0
9
1
-1
0
0
0
-0.67742588394205694
0
3
1
-1
0
0
0
-1.0432923711011981
0
6
0
0
-0.32755601490230724
28
29
-1.1876030477057036
0
6
1
-1
0
0
0
-1.1097591142675884
0
3
1
-1
0
0
0
-1.2654469811438187
0
3
1
-1
0
0
0
-1.2096837788251689
0
4
1
-1
0
0
0
-0.80455101524137862
0
5
1
-1
0
0
0
-0.29090081444741617
0
3
0
2
-1.2701938603317204
34
37
-0.69400174249583735
0
33
0
0
-0.86168626018377359
35
36
-0.95616704559930754
0
13
1
-1
0
0
0
-0.84299394237004788
0
5
1
-1
0
0
0
-1.0269002351175949
0
8
0
7
-0.30904499405814756
38
43
-0.52359429547858183
0
20
0
6
0.037810673129452237
39
40
-0.76866795592384773
0
12
1
-1
0
0
0
-1.0007776074542274
0
3
0
0
-0.96440361504559569
41
42
-0.69129807208038774
0
9
1
-1
0
0
0
-0.74464112646842939
0
4
1
-1
0
0
0
-0.64862362856995426
0
5
0
1
1.1171815941919461
44
45
-0.15598380481068302
0
8
1
-1
0
0
0
0.28550357268742688
0
5
1
-1
0
0
0
-0.89179610064086623
0
3
0
0
0.60717191434025986
47
48
-0.2597553621315386
0
76
1
-1
0
0
0
1.0204700642408306
0
3
0
0
0.94870711925581275
49
72
-0.31236736595506071
0
73
0
0
0.76124794663298934
50
63
-0.18116482027919337
0
50
0
3
0.011046323181120463
51
62
-0.53351041499962171
0
25
0
0
0.73043274017444559
52
57
-0.63101892362318057
0
22
0
3
-0.52750622075901954
53
56
-0.71455145219715799
0
13
0
7
-0.24196101762374872
54
55
-0.7688026858086443
0
10
1
-1
0
0
0
-0.73323399622230556
0
5
1
-1
0
0
0
-0.80437137539498305
0
5
1
-1
0
0
0
-0.53371400682553671
0
3
0
2
1.0150715572484206
58
59
-0.51036082679410222
0
9
1
-1
0
0
0
-0.44658868132364637
0
3
0
4
-0.57891990920821268
60
61
-0.54224689952933025
0
6
1
-1
0
0
0
-0.62652792746328945
0
3
1
-1
0
0
0
-0.45796587159537089
0
3
1
-1
0
0
0
0.18155198157314389
0
3
0
5
0.062074137695839693
64
71
0.17118077444123511
0
25
0
7
-0.47145318030389061
65
68
0.337539248193367
0
18
0
2
0.069444487904913879
66
67
0.69943868874460402
0
8
1
-1
0
0
0
0.58155003954745843
0
3
1
-1
0
0
0
0.77017187826289113
0
5
0
6
-0.38048562913152612
69
70
0.048019695752377266
0
10
1
-1
0
0
0
-0.2400777079046468
0
4
1
-1
0
0
0
0.24008463152372661
0
6
1
-1
0
0
0
-0.2565981580642468
0
7
0
2
1.0544726851377333
73
82
-0.59759029133738129
0
23
0
7
-0.72416568696792782
74
77
-0.74962613220590857
0
20
0
1
-1.0839402792878039
75
76
-0.99581612598234748
0
7
1
-1
0
0
0
-0.60766574359174608
0
3
1
-1
0
0
0
-1.2869289127752985
0
4
0
3
-0.022095371830580465
78
81
-0.61706228940321084
0
13
0
3
-0.44792254523750091
79
80
-0.54546544677725217
0
8
1
-1
0
0
0
-0.63326442170312625
0
4
1
-1
0
0
0
-0.45766647185137821
0
4
1
-1
0
0
0
-0.73161723760474473
0
5
1
-1
0
0
0
0.41598198111946755
0
3
0
4
0.88437346376375081
84
89
-0.16406714879887135
0
40
0
5
0.70126194685840337
85
86
0.17222845968824968
0
14
1
-1
0
0
0
0.44158215622956765
0
6
0
4
0.7497218748827803
87
88
-0.029786812717738753
0
8
1
-1
0
0
0
-0.09694966028891247
0
5
1
-1
0
0
0
0.082151266567550799
0
3
0
3
0.37189833136773254
90
91
-0.34514939952270574
0
26
1
-1
0
0
0
0.96478470585561882
0
3
0
3
0.94337453285239126
92
95
-0.5160103697894437
0
23
0
6
1.1770835212129243
93
94
-0.23655976091273198
0
6
1
-1
0
0
0
-0.64449191210285439
0
3
1
-1
0
0
0
0.1713723902773904
0
3
0
3
1.0981811345517838
96
97
-0.61463999645181244
0
17
1
-1
0
0
0
-1.0201188309161591
0
5
0
3
1.3338796365757883
98
99
-0.44569048209166812
0
12
1
-1
0
0
0
0.038738303688601983
0
3
0
5
2.0674880223670109
100
103
-0.60716674401842485
0
9
0
4
2.2404222084234373
101
102
-0.80766477257890334
0
6
1
-1
0
0
0
-0.73101843811675915
0
3
1
-1
0
0
0
-0.88431110704104743
0
3
1
-1
0
0
0
-0.20617068689746784
0
3
0
7
1.3570482421967365
105
144
0.95642888671470128
0
112
0
1
-0.9987504159836702
106
109
0.70062580872953484
0
84
0
0
1.2902423241713656
107
108
-0.14611965253092185
0
7
1
-1
0
0
0
-0.25916444158418461
0
4
1
-1
0
0
0
0.0046067328734284985
0
3
0
3
-0.67838814804913172
110
111
0.77760266884412199
0
77
1
-1
0
0
0
-0.84344304198603703
0
4
0
3
0.0049412741000176607
112
131
0.86642709135536344
0
73
0
6
-0.81956684082162135
113
114
0.62833450389136902
0
46
1
-1
0
0
0
1.7977117996460106
0
3
0
2
1.3302805803629227
115
130
0.54675004139685912
0
43
0
2
-1.0731882208851566
116
117
0.45036804171703471
0
40
1
-1
0
0
0
-0.37443334302139353
0
3
0
3
-0.12544513127496362
118
127
0.51724382966879912
0
37
0
4
-0.61109329770189591
119
122
0.42160863148071054
0
29
0
2
0.30585125524079054
120
121
0.94647555608262213
0
7
1
-1
0
0
0
1.1821459259969156
0
3
1
-1
0
0
0
0.76972277864690208
0
4
0
5
-0.10367327659614534
123
126
0.254605519107375
0
22
0
3
-0.47190666662754766
124
125
0.17276958908268991
0
18
1
-1
0
0
0
-0.099284978292055917
0
4
1
-1
0
0
0
0.25049946547547441
0
14
1
-1
0
0
0
0.62286720421845798
0
4
0
2
0.030043360015601109
128
129
0.86392142310062114
0
8
1
-1
0
0
0
1.1442718583818328
0
4
1
-1
0
0
0
0.58357098781940953
0
4
1
-1
0
0
0
1.8318433704611838
0
3
0
5
0.17589024724882157
132
139
1.2720663144421693
0
27
0
7
0.76832527813799378
133
136
1.6932972616775785
0
16
0
5
-0.11881990714502126
134
135
2.1742588736725192
0
9
1
-1
0
0
0
2.2785507824958073
0
6
1
-1
0
0
0
1.9656750560259433
0
3
0
4
-0.1380253261466276
137
138
1.0749180462555121
0
7
1
-1
0
0
0
0.66553166773742489
0
4
1
-1
0
0
0
1.6207665509462952
0
3
0
7
0.85709947184289836
140
143
0.65936675482702867
0
11
0
4
0.82479311470137451
141
142
0.49846661058947028
0
8
1
-1
0
0
0
0.25909651526726629
0
3
1
-1
0
0
0
0.64208866778279261
0
5
1
-1
0
0
0
1.0884338061271848
0
3
0
5
-0.52258580149077072
145
146
1.7238381206701998
0
28
1
-1
0
0
0
2.6025072934908433
0
9
0
1
-0.86981440665849774
147
148
1.3076264072288417
0
19
1
-1
0
0
0
2.5605853413369783
0
3
0
5
-0.50354432308646957
149
150
1.072696607083566
0
16
1
-1
0
0
0
0.23843793293176652
0
3
0
5
-0.35034697410641025
151
152
1.265217839580135
0
13
1
-1
0
0
0
1.624359347874208
0
4
0
6
3.1009867002455604
153
154
1.1055993914494358
0
9
1
-1
0
0
0
1.2331037624244818
0
5
1
-1
0
0
0
0.94621892773062843
0
4
"DecisionTree"
0
0
12
3
0
2
1
143
0
1
1.0227820159360146
1
114
-0.0099111513565380057
0
320
0
6
-0.85204326180461654
2
13
0.17078868647878717
0
262
0
1
-0.82376583189950647
3
8
-0.73089176899430042
0
26
0
4
-0.93401878961997586
4
7
-1.1671056806169691
0
13
0
5
-0.92462065234522006
5
6
-1.076910685212384
0
7
1
-1
0
0
0
-1.2941893565671225
0
3
1
-1
0
0
0
-0.91395168169632979
0
4
1
-1
0
0
0
-1.2723331752556517
0
6
0
1
0.86161200427954698
9
12
-0.29467785737163238
0
13
0
5
-0.92808273932782026
10
11
-0.10718913153346454
0
10
1
-1
0
0
0
0.49514327343115061
0
5
1
-1
0
0
0
-0.7095215364980797
0
5
1
-1
0
0
0
-0.91964027683219196
0
3
0
0
-1.3932485715936933
14
19
0.27012636377666993
0
236
0
2
0.14824674368353943
15
16
1.441576552665994
0
12
1
-1
0
0
0
0.51658029510103154
0
3
0
0
-1.4651507199969678
17
18
1.7499086385209814
0
9
1
-1
0
0
0
1.5656769980516287
0
3
1
-1
0
0
0
1.8420244587556576
0
6
0
7
0.38767270277193794
20
79
0.20737010365759892
0
224
0
5
-0.74156280314023393
21
22
-0.20386686419206898
0
154
1
-1
0
0
0
1.8255559758373361
0
3
0
6
-0.42855073218635897
23
46
-0.24418652326550086
0
151
0
7
-0.59821209856048552
24
35
-0.56510334816732211
0
44
0
2
-0.44277017465615226
25
26
-0.93391620098893735
0
22
1
-1
0
0
0
-0.42024150385228437
0
3
0
0
0.71502513694517189
27
34
-1.015022732115777
0
19
0
1
-0.46458694877938117
28
29
-1.1319334078070515
0
16
1
-1
0
0
0
-0.88902665300893324
0
4
0
5
-0.45767167056701674
30
33
-1.2129023260730911
0
12
0
6
-0.64419416751344727
31
32
-1.1445643345067458
0
8
1
-1
0
0
0
-1.2123783765211038
0
4
1
-1
0
0
0
-1.0767502924923877
0
4
1
-1
0
0
0
-1.3495783092057816
0
4
1
-1
0
0
0
-0.39149912842898033
0
3
0
6
-0.62470831492365009
36
41
-0.19629049534570706
0
22
0
3
-0.65484010159344952
37
38
0.0050694415686899667
0
11
1
-1
0
0
0
-0.55227679095308735
0
3
0
7
0.12035688150993629
39
40
0.21407427876435642
0
8
1
-1
0
0
0
-0.076380897876610523
0
4
1
-1
0
0
0
0.50452945540532346
0
4
0
5
-0.44425608350944096
42
45
-0.3976504322601041
0
11
0
2
0.66046140624460559
43
44
-0.31148454684691784
0
8
1
-1
0
0
0
-0.39299612714894411
0
3
1
-1
0
0
0
-0.26257759866570202
0
5
1
-1
0
0
0
-0.62742612669526754
0
3
0
6
-0.38698091332812512
47
48
-0.11222072610961192
0
107
1
-1
0
0
0
0.45795782522725109
0
5
0
0
1.1079190192916322
49
72
-0.140170655096713
0
102
0
4
0.75806312375151297
50
63
-0.079534919317637592
0
87
0
5
-0.38842993091501254
51
56
-0.18030254901649423
0
70
0
5
-0.55374458433417262
52
53
0.61902944386364189
0
11
1
-1
0
0
0
0.12017503405463008
0
3
0
4
-0.3346404780524696
54
55
0.80609984754202113
0
8
1
-1
0
0
0
1.0391825482403774
0
4
1
-1
0
0
0
0.57301714684366511
0
4
0
4
-0.19998888917149904
57
60
-0.32933054768906184
0
59
0
2
-0.0093577678737116737
58
59
-0.71577043686912845
0
14
1
-1
0
0
0
-1.0749859725724307
0
7
1
-1
0
0
0
-0.35655490116582644
0
7
0
3
0.1989946198922139
61
62
-0.20910480438859688
0
45
1
-1
0
0
0
-0.28449894345086546
0
34
1
-1
0
0
0
0.02393162544023324
0
11
0
3
0.55134316685871854
64
67
0.33539061473647774
0
17
0
0
0.66366645951426095
65
66
1.0101407730730807
0
6
1
-1
0
0
0
1.7414246477753734
0
3
1
-1
0
0
0
0.27885689837078781
0
3
0
0
0.13467208197588454
68
69
-0.032654926174396581
0
11
1
-1
0
0
0
0.35394635416416959
0
5
0
2
-0.6003746862134034
70
71
-0.35482265978986843
0
6
1
-1
0
0
0
-0.37593034174135731
0
3
1
-1
0
0
0
-0.3337149778383795
0
3
0
1
-1.3970705876489395
73
74
-0.49185792261535016
0
15
1
-1
0
0
0
0.3372398484493741
0
3
0
2
-0.4427701746561522
75
76
-0.69913236538153134
0
12
1
-1
0
0
0
-0.90631698822451456
0
6
0
2
-0.16696227943096278
77
78
-0.49194774253854806
0
6
1
-1
0
0
0
-0.41485230846041482
0
3
1
-1
0
0
0
-0.56904317661668136
0
3
0
2
-0.71857806988134165
80
89
1.1120914329268679
0
70
0
6
-0.42205544798975997
81
82
0.70990270979715053
0
20
1
-1
0
0
0
-0.072937800820693899
0
3
0
6
-0.080403499248650326
83
84
0.84805103520029956
0
17
1
-1
0
0
0
1.4576535704190445
0
5
0
2
-1.4277983718889717
85
86
0.59404997885915578
0
12
1
-1
0
0
0
0.75969288722314499
0
6
0
1
-0.7731123996646172
87
88
0.42840707049516663
0
6
1
-1
0
0
0
0.36568282412868541
0
3
1
-1
0
0
0
0.49113131686164779
0
3
0
0
0.86910116923790137
90
113
1.2729669221787554
0
50
0
3
-0.47626741597119249
91
94
1.1766078117758609
0
46
0
5
-0.8376357169073898
92
93
0.75669888978321753
0
8
1
-1
0
0
0
1.9054957074834007
0
3
1
-1
0
0
0
0.067420799163107489
0
5
0
4
-0.58606955109569792
95
100
1.2650096900901013
0
38
0
2
0.46345576679804168
96
99
1.7896315993551339
0
10
0
4
-0.6730568607267674
97
98
1.2477144699313278
0
6
1
-1
0
0
0
1.4270549165829856
0
3
1
-1
0
0
0
1.0683740232796706
0
3
1
-1
0
0
0
2.6025072934908433
0
4
0
3
-0.20720918146830472
101
102
1.0776447224954462
0
28
1
-1
0
0
0
0.19128247325290831
0
4
0
1
0.71425656505077695
103
108
1.2253717640358692
0
24
0
1
0.01201579997617136
104
107
1.4180130443144046
0
15
0
1
-0.72015653869177876
105
106
1.2433731736434332
0
12
1
-1
0
0
0
1.2936224306768831
0
9
1
-1
0
0
0
1.0926254025430833
0
3
1
-1
0
0
0
2.1165725269982896
0
3
0
3
-0.043899118548804759
109
110
0.9043029635716433
0
9
1
-1
0
0
0
1.3144806128417112
0
3
0
2
0.10884561579422666
111
112
0.69921413893660933
0
6
1
-1
0
0
0
0.91538075409937514
0
3
1
-1
0
0
0
0.48304752377384358
0
3
1
-1
0
0
0
2.3810966918120444
0
4
0
2
-0.87618258143859284
115
122
-0.82617593606093775
0
58
0
4
-0.055804444440548211
116
119
-0.36515195095761838
0
17
0
7
-0.46431258897473882
117
118
-0.024349499509870389
0
7
1
-1
0
0
0
-0.14778773681888149
0
3
1
-1
0
0
0
0.068229178471887919
0
4
0
0
-0.81546345049595259
120
121
-0.6037136669710419
0
10
1
-1
0
0
0
-0.95437064713535102
0
4
1
-1
0
0
0
-0.36994234686150218
0
6
0
0
-0.86425419405531678
123
138
-1.017332222567193
0
41
0
4
-0.018864628021874864
124
137
-1.1367340653957096
0
31
0
7
-0.53936933091574679
125
134
-1.1857531850017484
0
28
0
2
-0.20636340732027558
126
131
-1.2626979471307942
0
22
0
5
-0.11752162452654619
127
130
-1.3110939267279442
0
13
0
2
-0.36396791887752666
128
129
-1.3006264510629666
0
10
1
-1
0
0
0
-1.3432909145819338
0
5
1
-1
0
0
0
-1.2579619875439998
0
5
1
-1
0
0
0
-1.3459855122778686
0
3
0
5
-0.67318658523387986
132
133
-1.1927926432682447
0
9
1
-1
0
0
0
-1.1427679360427891
0
4
1
-1
0
0
0
-1.2328124090486088
0
5
0
1
1.3151904656556055
135
136
-0.90362239052857973
0
6
1
-1
0
0
0
-0.82053896157059159
0
3
1
-1
0
0
0
-0.9867058194865681
0
3
1
-1
0
0
0
-0.67922228240601334
0
3
0
1
1.4211021876012824
139
140
-0.64718650979878911
0
10
1
-1
0
0
0
-0.72592864246888256
0
3
0
4
-0.015289807078132267
141
142
-0.61343988151160622
0
7
1
-1
0
0
0
-0.58947720914418644
0
4
1
-1
0
0
0
-0.64539011133483259
0
3
"DecisionTree"
0
0
12
3
0
2
1
169
0
3
0.15974787579941016
1
124
-0.10519880624157865
0
320
0
7
-0.11616849518613689
2
79
-0.28703840805003772
0
240
0
1
-0.58201081441480662
3
34
-0.72127044904935866
0
154
0
7
-1.0593171258568708
4
7
-0.3953019520429778
0
67
0
1
-0.80304397325796162
5
6
-0.91002206005642494
0
8
1
-1
0
0
0
-1.0968849252759003
0
3
1
-1
0
0
0
-0.79790434092473972
0
5
0
0
1.2440195144835484
8
29
-0.32550939502420534
0
59
0
3
-0.64415626570151963
9
16
-0.22254848991460316
0
47
0
7
-0.96004679978467922
10
11
-0.40976251281253812
0
15
1
-1
0
0
0
-0.10579692272389823
0
4
0
7
-0.44256868304762287
12
15
-0.52029545466295268
0
11
0
6
-0.72733380522991498
13
14
-0.43546811940391567
0
7
1
-1
0
0
0
-0.37473274276538632
0
3
1
-1
0
0
0
-0.4810196518828127
0
4
1
-1
0
0
0
-0.66874329136626709
0
4
0
0
0.93073158215499596
17
28
-0.13479191668119625
0
32
0
2
-0.79738032565996719
18
19
-0.027295973180910198
0
27
1
-1
0
0
0
-0.71904244835704911
0
4
0
5
-0.24172399502732866
20
23
0.093007761632331376
0
23
0
3
-0.52140117167791677
21
22
0.44043296021220879
0
9
1
-1
0
0
0
0.2395157720101404
0
5
1
-1
0
0
0
0.69157944546479411
0
4
0
6
0.71851645693303179
24
27
-0.13033700888330405
0
14
0
4
0.2146903403026405
25
26
-0.41984230419362734
0
9
1
-1
0
0
0
-0.52592961348172529
0
4
1
-1
0
0
0
-0.33497245676314902
0
5
1
-1
0
0
0
0.39077252267527784
0
5
1
-1
0
0
0
-0.71527001158274062
0
5
0
3
-0.45380955685142149
30
31
-0.72877294003681348
0
12
1
-1
0
0
0
-0.93443062418543388
0
5
0
3
-0.11388914551430475
32
33
-0.58187459421637056
0
7
1
-1
0
0
0
-0.65137810621468761
0
3
1
-1
0
0
0
-0.52974696021763279
0
4
0
5
0.092800159666416554
35
76
-0.97230365938760643
0
87
0
7
-0.68679838196725451
36
57
-1.0028621781717768
0
80
0
4
-0.98764110377611458
37
40
-1.1481727977003324
0
43
0
2
-0.24576453520958835
38
39
-0.9560672456846433
0
9
1
-1
0
0
0
-1.240447102520424
0
4
1
-1
0
0
0
-0.72856336021601875
0
5
0
1
0.59683269941535144
41
46
-1.1990242673515445
0
34
0
3
-0.45947853099815983
42
43
-1.3456588943753311
0
11
1
-1
0
0
0
-1.2896983604072314
0
3
0
5
-0.12574408111022167
44
45
-1.3666440946133684
0
8
1
-1
0
0
0
-1.363350697429448
0
3
1
-1
0
0
0
-1.3686201329237204
0
5
0
6
-0.35450449234512993
47
54
-1.1288946631227776
0
23
0
1
1.9460559398537751
48
53
-1.1697588229637359
0
15
0
2
0.30585125524079054
49
50
-1.1276414444315193
0
11
1
-1
0
0
0
-1.1020346008725757
0
5
0
4
-0.72787078186415366
51
52
-1.148980480730639
0
6
1
-1
0
0
0
-1.1253279009552115
0
3
1
-1
0
0
0
-1.172633060506066
0
3
1
-1
0
0
0
-1.2855816139273311
0
4
0
4
-0.18330639143403363
55
56
-1.0522743634209806
0
8
1
-1
0
0
0
-0.78041939587556308
0
3
1
-1
0
0
0
-1.215387343948231
0
5
0
6
-0.52987716565330412
58
69
-0.83398767439534716
0
37
0
4
-0.83511541017643109
59
60
-0.73235212788545423
0
22
1
-1
0
0
0
-1.0648491526686759
0
4
0
0
-1.1313193166960518
61
62
-0.65846390015584932
0
18
1
-1
0
0
0
-0.35616995863783585
0
5
0
5
-0.80690969493681286
63
64
-0.77473080073970069
0
13
1
-1
0
0
0
-0.61485133744757203
0
3
0
1
0.6889298489333322
65
66
-0.82269463972733947
0
10
1
-1
0
0
0
-0.98461002127861885
0
3
0
1
1.3197953231315036
67
68
-0.75330233334821972
0
7
1
-1
0
0
0
-0.69074917254973434
0
4
1
-1
0
0
0
-0.83670654774620024
0
3
0
4
-0.46571724598969766
70
71
-0.98305314260985643
0
15
1
-1
0
0
0
-1.2730517346412344
0
5
0
1
1.2276981736135228
72
75
-0.83805384659416737
0
10
0
4
-0.28340137785882591
73
74
-0.78358447888348637
0
7
1
-1
0
0
0
-0.76485060918794001
0
3
1
-1
0
0
0
-0.79763488115514614
0
4
1
-1
0
0
0
-0.96514903791909001
0
3
0
0
-1.3085067538326918
77
78
-0.62306344471137309
0
7
1
-1
0
0
0
-0.81627251521869493
0
4
1
-1
0
0
0
-0.36545135070161106
0
3
0
0
-1.1492948537968724
80
93
0.49053989792549119
0
86
0
5
-0.52604788847337092
81
84
1.0027313779086198
0
24
0
1
0.86391443301749771
82
83
1.6705054561661303
0
8
1
-1
0
0
0
2.0346140925783542
0
4
1
-1
0
0
0
1.3063968197539071
0
4
0
7
1.0563380765232133
85
92
0.6688443387798646
0
16
0
6
-0.16744030748307751
86
91
0.51522217180078145
0
13
0
5
-0.24475332113710385
87
90
0.31963514350260047
0
10
0
3
-0.22901292818652902
88
89
0.41923260691138881
0
7
1
-1
0
0
0
0.15849820128570216
0
3
1
-1
0
0
0
0.61478341113065382
0
4
1
-1
0
0
0
0.087241062215427559
0
3
1
-1
0
0
0
1.1671789327947182
0
3
1
-1
0
0
0
1.3345403956892257
0
3
0
7
1.7624512882600771
94
121
0.29227222825460231
0
62
0
1
-0.10080320818335436
95
112
0.099233091247137153
0
56
0
6
-0.081702556087970141
96
111
0.33884715233817725
0
38
0
3
-0.23817050180818322
97
106
0.44271021281045664
0
33
0
5
-0.88740321728226779
98
99
0.23232162387591465
0
21
1
-1
0
0
0
0.71380987645625582
0
4
0
7
0.60465540846191179
100
105
0.119030270327599
0
17
0
0
1.100215217676999
101
104
-0.067024655876837064
0
12
0
4
-0.31676637333375668
102
103
0.15410700504047517
0
9
1
-1
0
0
0
0.33948534652931978
0
6
1
-1
0
0
0
-0.2166496779372141
0
3
1
-1
0
0
0
-0.73041963862877379
0
3
1
-1
0
0
0
0.56556209321824558
0
5
0
2
-0.75797919777065448
107
108
0.81089024344590532
0
12
1
-1
0
0
0
0.38987432344329964
0
5
0
2
0.10884561579422668
109
110
1.1116159005906234
0
7
1
-1
0
0
0
0.95115902350650883
0
4
1
-1
0
0
0
1.325558403369443
0
3
1
-1
0
0
0
-0.34664904677886627
0
5
0
2
-1.3095949882210334
113
116
-0.40661881550061429
0
18
0
1
0.95370915379752941
114
115
-0.60355968995984555
0
7
1
-1
0
0
0
-0.92862226915197466
0
3
1
-1
0
0
0
-0.35976275556574883
0
4
0
0
-0.93358840858704828
117
118
-0.28129280448110333
0
11
1
-1
0
0
0
-0.074674319335851849
0
5
0
2
-1.0731882208851566
119
120
-0.4534748754354796
0
6
1
-1
0
0
0
-0.13880574449909899
0
3
1
-1
0
0
0
-0.76814400637186031
0
3
0
7
2.0908916450727495
122
123
2.0939708403242769
0
6
1
-1
0
0
0
1.9459146729224219
0
3
1
-1
0
0
0
2.2420270077261319
0
3
0
7
0.31178378665347251
125
152
0.44031999918379816
0
80
0
5
0.30571850909632942
126
131
-0.1347260487375177
0
48
0
7
-0.45153468870152014
127
128
0.92346654318547272
0
9
1
-1
0
0
0
-0.15227873297877273
0
3
0
3
0.3309072875374709
129
130
1.4613391812675953
0
6
1
-1
0
0
0
2.172266867375821
0
3
1
-1
0
0
0
0.75041149515936978
0
3
0
7
-0.97422060512976216
132
133
-0.37892433918128482
0
39
1
-1
0
0
0
-1.0614809055487575
0
4
0
7
-0.23449829435493602
134
147
-0.30091787445357365
0
35
0
1
0.68662742019538325
135
144
-0.19209889892980855
0
24
0
5
1.3512687778415928
136
141
-0.07265601282634776
0
17
0
1
-1.0355892757908636
137
138
0.1301151055551894
0
10
1
-1
0
0
0
0.15191140691786165
0
3
0
3
0.40002516463424187
139
140
0.12077383354261562
0
7
1
-1
0
0
0
0.14652221152599212
0
3
1
-1
0
0
0
0.1014625500550832
0
4
0
2
-0.4427701746561522
142
143
-0.3623290390856867
0
7
1
-1
0
0
0
-0.46013651973931835
0
4
1
-1
0
0
0
-0.23191906488084435
0
3
0
3
0.73296837702152684
145
146
-0.48217447946678471
0
7
1
-1
0
0
0
-0.42802589719609585
0
4
1
-1
0
0
0
-0.5543725891610366
0
3
0
4
1.3467169724877914
148
151
-0.53834109377815187
0
11
0
6
0.79516081045290055
149
150
-0.71500055181314703
0
6
1
-1
0
0
0
-0.56215698250484802
0
3
1
-1
0
0
0
-0.86784412112144615
0
3
1
-1
0
0
0
-0.3263497441361578
0
5
0
5
0.133479681711969
153
160
1.3028890710657721
0
32
0
6
0.12224936768523979
154
159
2.1704665536844434
0
13
0
1
-0.9089556952036385
155
156
1.997811626546979
0
9
1
-1
0
0
0
2.433939249628045
0
3
0
6
0.066389923594488018
157
158
1.7797478150064456
0
6
1
-1
0
0
0
1.9656750560259433
0
3
1
-1
0
0
0
1.5938205739869475
0
3
1
-1
0
0
0
2.5589401397437381
0
4
0
2
-1.9794141623393506
161
162
0.70928342506352338
0
19
1
-1
0
0
0
0.10999544275887659
0
3
0
5
1.0673776452683756
163
166
0.82164992174564466
0
16
0
4
0.33861746635238332
164
165
0.93849441433561542
0
10
1
-1
0
0
0
0.70280693586452236
0
5
1
-1
0
0
0
1.1741818928067085
0
5
0
7
0.92992813453458456
167
168
0.62690910076236006
0
6
1
-1
0
0
0
0.231851138563926
0
3
1
-1
0
0
0
1.0219670629607942
0
3
"DecisionTree"
0
0
12
3
0
2
1
167
0
7
0.38324338860159957
1
126
-0.15061122610460492
0
320
0
1
0.95601158253547847
2
93
-0.48508614468416389
0
237
0
7
-0.6806510307853908
3
26
-0.3185146299954793
0
169
0
0
0.46593555140525739
4
13
-0.82754083285624025
0
44
0
5
-0.054338537094092351
5
12
-1.1525358526905529
0
16
0
5
-0.15214249435254829
6
11
-1.2379943276946375
0
13
0
6
-0.47401772156255229
7
10
-1.1966149799998853
0
10
0
4
-0.61824293958938115
8
9
-1.2628379262318818
0
7
1
-1
0
0
0
-1.3028719491429124
0
4
1
-1
0
0
0
-1.2094592290171742
0
3
1
-1
0
0
0
-1.0420947721252269
0
3
1
-1
0
0
0
-1.3759254866771435
0
3
1
-1
0
0
0
-0.78221579433951971
0
3
0
1
-1.3418122979381519
14
15
-0.64182939295091879
0
28
1
-1
0
0
0
0.092480557735300728
0
4
0
4
-0.029589090853102615
16
23
-0.76421438473195547
0
24
0
5
-0.67535038959800497
17
20
-0.92664623084162234
0
15
0
0
1.5881226532706443
18
19
-1.3036418341988938
0
7
1
-1
0
0
0
-1.2211358190328916
0
4
1
-1
0
0
0
-1.4136498544202301
0
3
0
5
-0.362464278545511
21
22
-0.59677507790400985
0
8
1
-1
0
0
0
-0.72191668589937963
0
5
1
-1
0
0
0
-0.38820573124506003
0
3
0
7
-0.97422060512976216
24
25
-0.49349464121584397
0
9
1
-1
0
0
0
-0.63928235655738042
0
5
1
-1
0
0
0
-0.31125999703892321
0
4
0
0
-1.1647024570261459
27
34
-0.13933740658849156
0
125
0
4
-0.067720514253023487
28
31
0.80737304495335016
0
12
0
6
-0.32072901452281488
29
30
0.43005376908712672
0
6
1
-1
0
0
0
0.241431930371694
0
3
1
-1
0
0
0
0.61867560780255948
0
3
0
5
0.17675576899447165
32
33
1.1846923208195741
0
6
1
-1
0
0
0
1.7980141933874432
0
3
1
-1
0
0
0
0.57137044825170491
0
3
0
0
0.3169953868556144
35
46
-0.23987302976107658
0
113
0
4
-0.17734835652779601
36
41
-0.65805472050572589
0
20
0
4
-0.56462062543324243
37
40
-1.0404181335588674
0
10
0
0
-0.03481155354611852
38
39
-1.1708366620421096
0
6
1
-1
0
0
0
-1.204070033625305
0
3
1
-1
0
0
0
-1.1376032904589142
0
3
1
-1
0
0
0
-0.84479034083400451
0
4
0
4
0.50305922976454209
42
45
-0.27569130745258447
0
10
0
3
0.034594369636802701
43
44
-0.40698237233260542
0
7
1
-1
0
0
0
-0.22024247486512713
0
3
1
-1
0
0
0
-0.54703729543321411
0
4
1
-1
0
0
0
0.030654510600797741
0
3
0
1
-0.77541482840256626
47
76
-0.14994148336437774
0
93
0
6
-0.29734599141505835
48
59
-0.32269162362773729
0
55
0
7
-0.4551855173510112
49
50
-0.55935824576752435
0
23
1
-1
0
0
0
0.081552467079565302
0
3
0
5
-0.62038975874922664
51
54
-0.65549485269458796
0
20
0
7
-0.24196101762374872
52
53
-0.81020967040284175
0
8
1
-1
0
0
0
-0.81604796541070035
0
4
1
-1
0
0
0
-0.80437137539498305
0
4
0
3
-0.32255100160771122
55
58
-0.55235164088908539
0
12
0
0
0.82544629342163067
56
57
-0.33114869431844163
0
7
1
-1
0
0
0
-0.26395483748806864
0
3
1
-1
0
0
0
-0.38154408694122138
0
4
1
-1
0
0
0
-0.86203576608798682
0
5
0
5
0.41866909690366128
60
67
-0.15258748896476529
0
32
0
2
-0.87618258143859284
61
62
0.1085198297349123
0
14
1
-1
0
0
0
-0.30160435529515706
0
4
0
0
0.75097621114680924
63
64
0.27256950374694006
0
10
1
-1
0
0
0
0.82615963038953544
0
3
0
3
-0.26150051079668324
65
66
0.035316592328684837
0
7
1
-1
0
0
0
0.34771883948912041
0
3
1
-1
0
0
0
-0.1989850930416418
0
4
0
6
1.2641203294473513
68
73
-0.35567095906451451
0
18
0
4
0.65796813732672077
69
72
-0.49569023933845746
0
12
0
1
-0.83527797558925521
70
71
-0.36986749692550408
0
8
1
-1
0
0
0
-0.3166491924307927
0
5
1
-1
0
0
0
-0.45856467108335641
0
3
1
-1
0
0
0
-0.74733572416436411
0
4
0
5
1.5014368007118768
74
75
-0.075632398516628646
0
6
1
-1
0
0
0
0.054905889864210522
0
3
1
-1
0
0
0
-0.20617068689746784
0
3
0
4
-0.7231043539391635
77
80
0.10009161438522167
0
38
0
1
-0.74778568354717245
78
79
0.55871011622001143
0
7
1
-1
0
0
0
0.89030602553998217
0
4
1
-1
0
0
0
0.1165822371267171
0
3
0
0
0.94357125151272281
81
92
-0.0034674021581179867
0
31
0
1
-0.70403953752613191
82
89
0.15348901326120809
0
26
0
5
0.15425220360757028
83
88
0.2657431895839053
0
20
0
0
0.68934579822971465
84
85
0.36927562105659839
0
15
1
-1
0
0
0
0.74053130360760888
0
5
0
6
-0.29085070721845929
86
87
0.18364777978109317
0
10
1
-1
0
0
0
0.074965672711724801
0
4
1
-1
0
0
0
0.25610251782733878
0
6
1
-1
0
0
0
-0.044854104834173916
0
5
0
5
0.25898033483122662
90
91
-0.22069157448111623
0
6
1
-1
0
0
0
-0.058866012853034631
0
3
1
-1
0
0
0
-0.38251713610919774
0
3
1
-1
0
0
0
-0.81964076233861327
0
5
0
6
0.66655418336023953
94
125
-0.89906535030751356
0
68
0
7
-0.19919800263375398
95
122
-0.96243995313876829
0
62
0
7
-1.153325963581266
96
103
-1.0255356632074739
0
52
0
1
1.2645370334207162
97
98
-1.160887378241735
0
13
1
-1
0
0
0
-0.97727472755079647
0
4
0
3
-0.91757524954805225
99
100
-1.2424930007710411
0
9
1
-1
0
0
0
-1.363350697429448
0
3
0
3
-0.8397358737639915
101
102
-1.1820641524418376
0
6
1
-1
0
0
0
-1.2148484244090438
0
3
1
-1
0
0
0
-1.1492798804746316
0
3
0
0
-1.5755718764734268
104
105
-0.98041842486272035
0
39
1
-1
0
0
0
-0.52533081399373971
0
3
0
3
0.10174990952893354
106
121
-1.0183423924351356
0
36
0
1
1.3428196105109991
107
114
-1.0459290204595859
0
31
0
3
-0.86895289436641199
108
109
-0.86223037592158203
0
12
1
-1
0
0
0
-1.2148484244090438
0
3
0
0
-1.051713366678144
110
113
-0.74469102642576157
0
9
0
2
-0.0093577678737116754
111
112
-0.65272540506265508
0
6
1
-1
0
0
0
-0.61964173335145611
0
3
1
-1
0
0
0
-0.68580907677385394
0
3
1
-1
0
0
0
-0.92862226915197443
0
3
0
4
-0.75766095639534181
115
116
-1.1619492170099037
0
19
1
-1
0
0
0
-1.0089362504780297
0
4
0
3
-0.22247180417106172
117
120
-1.2027526747517368
0
15
0
3
-0.49698097535350561
118
119
-1.2429920003443624
0
9
1
-1
0
0
0
-1.1968844397694789
0
3
1
-1
0
0
0
-1.266045780631804
0
6
1
-1
0
0
0
-1.1423936863627984
0
6
1
-1
0
0
0
-0.84730529868354354
0
5
0
5
-0.41742490939428933
123
124
-0.63434226078150024
0
10
1
-1
0
0
0
-0.5052710311462254
0
5
1
-1
0
0
0
-0.76341349041677475
0
5
1
-1
0
0
0
-0.24419445438454712
0
6
0
3
0.00058052475637280186
127
152
0.80445571008040162
0
83
0
5
-0.89346186950181816
128
129
0.52597203735616416
0
49
1
-1
0
0
0
2.1647788797785625
0
3
0
7
0.94034373391695603
130
145
0.41909333024165979
0
46
0
3
-0.67817011058194954
131
132
0.13992575910189378
0
31
1
-1
0
0
0
-0.74006031038534037
0
5
0
4
-0.43116064353351935
133
142
0.30915384938790036
0
26
0
7
0.88091039104950553
134
141
0.44268843828362076
0
20
0
4
-0.6635240048767872
135
136
0.56638632310170789
0
17
1
-1
0
0
0
0.25280912064341848
0
4
0
2
0.46345576679804168
137
140
0.66287161616579682
0
13
0
2
0.069444487904913879
138
139
0.84382421528510776
0
8
1
-1
0
0
0
0.61837620805856675
0
4
1
-1
0
0
0
1.0692722225116489
0
4
1
-1
0
0
0
0.37334745757489979
0
5
1
-1
0
0
0
-0.25826624235220635
0
3
0
6
-0.34021486711261206
143
144
-0.13596144693116785
0
6
1
-1
0
0
0
-0.1549733306747075
0
3
1
-1
0
0
0
-0.11694956318762821
0
3
0
2
0.227048999462165
146
149
0.99603964393051003
0
15
0
7
1.0946449330145647
147
148
0.5765457866835797
0
7
1
-1
0
0
0
0.81418364062982551
0
3
1
-1
0
0
0
0.39831739622389523
0
4
0
4
-0.71118828412668822
150
151
1.3630967690215741
0
8
1
-1
0
0
0
1.6382836814679509
0
4
1
-1
0
0
0
1.0879098565751975
0
4
0
3
0.79401886783255482
153
160
1.205799826653567
0
34
0
4
-0.20594692407773668
154
155
1.667675005836359
0
18
1
-1
0
0
0
0.95879371697832394
0
4
0
1
0.83398285942415318
156
159
1.8702125169386545
0
14
0
6
-0.071310101373411677
157
158
2.2076535219178126
0
10
1
-1
0
0
0
2.3720275741667605
0
5
1
-1
0
0
0
2.0432794696688643
0
5
1
-1
0
0
0
1.0266100044907618
0
4
0
7
1.3590347224913124
161
164
0.68619025007292467
0
16
0
4
2.5180666350541108
162
163
0.2538356340513937
0
7
1
-1
0
0
0
0.37256901824051863
0
3
1
-1
0
0
0
0.16478559590954991
0
4
0
7
1.8416152124317626
165
166
1.0224660625341153
0
9
1
-1
0
0
0
1.4596296087293967
0
5
1
-1
0
0
0
0.47601162979001393
0
4
"DecisionTree"
0
0
12
3
0
2
1
173
0
4
-0.76838541922656955
1
22
-0.033735942122213154
0
320
0
1
-0.92737512510723596
2
3
-0.68736910701886877
0
38
1
-1
0
0
0
-1.2539200910000976
0
4
0
1
0.77642214097541495
4
15
-0.62071605007990094
0
34
0
2
-0.63977581410271611
5
8
-0.39625800857033877
0
19
0
4
-0.99836556660734233
6
7
0.20535426122056752
0
6
1
-1
0
0
0
0.43095196831910493
0
3
1
-1
0
0
0
-0.02024344587796989
0
3
0
4
-1.0031319945323325
9
10
-0.67392521001229544
0
13
1
-1
0
0
0
-0.17952410968211305
0
3
0
0
0.29388398201170751
11
12
-0.8222455401113502
0
10
1
-1
0
0
0
-1.1600582712583705
0
3
0
7
-0.98592473227077781
13
14
-0.67746865533405576
0
7
1
-1
0
0
0
-0.62562972823131113
0
3
1
-1
0
0
0
-0.7163478506611145
0
4
0
3
-0.67489954857421575
16
21
-0.90502956932534606
0
15
0
4
-1.2497946396505706
17
18
-0.96859213497500696
0
12
1
-1
0
0
0
-0.69089887242173065
0
3
0
1
1.2714443196345648
19
20
-1.0611565558260987
0
9
1
-1
0
0
0
-1.1575133734344321
0
6
1
-1
0
0
0
-0.86844292060943162
0
3
1
-1
0
0
0
-0.65077930672670214
0
3
0
3
-0.17690197352997294
23
96
0.054342285771662453
0
282
0
1
1.0227820159360146
24
81
-0.19949834974562941
0
133
0
6
-0.16094502328647847
25
74
-0.043066260648617204
0
105
0
0
-1.1492948537968724
26
37
0.099145604308957525
0
88
0
4
-0.40137046900233114
27
34
0.99468263411693292
0
23
0
1
0.69353470640923209
28
29
0.78332785524892545
0
17
1
-1
0
0
0
1.7700921732626793
0
4
0
2
0.54225802257666722
30
33
0.47970806509084751
0
13
0
3
-0.43331403493629067
31
32
0.66541939283342766
0
8
1
-1
0
0
0
0.58753803442731345
0
3
1
-1
0
0
0
0.71214820787709621
0
5
1
-1
0
0
0
0.18256994070271929
0
5
0
6
-0.32592524188009414
35
36
1.5935211742429549
0
6
1
-1
0
0
0
1.6899278918086205
0
3
1
-1
0
0
0
1.4971144566772889
0
3
0
7
-0.58913871559336795
38
51
-0.21773672931540314
0
65
0
0
0.50959042722153158
39
46
-0.95316003077920652
0
23
0
3
-0.43222384760037946
40
45
-1.1700133127461296
0
12
0
0
-0.070762627747755852
41
42
-1.2065650314919114
0
9
1
-1
0
0
0
-1.0855077350041757
0
3
0
6
-0.58313849606541623
43
44
-1.2670936797357788
0
6
1
-1
0
0
0
-1.2121538267131091
0
3
1
-1
0
0
0
-1.3220335327584485
0
3
1
-1
0
0
0
-1.0603581565087847
0
3
0
7
-0.91935079807417552
47
48
-0.71659281408801767
0
11
1
-1
0
0
0
-0.88467038673383891
0
5
0
6
-0.61821303072705103
49
50
-0.57652817021650005
0
6
1
-1
0
0
0
-0.39449312586890778
0
3
1
-1
0
0
0
-0.75856321456409237
0
3
0
2
0.77866478991254384
52
67
0.18499507862906062
0
42
0
7
-0.025703108798012162
53
58
0.0077290444893528421
0
28
0
2
-0.20636340732027558
54
55
-0.34890271030637537
0
11
1
-1
0
0
0
-0.81425156694674383
0
3
0
2
0.42405463890872891
56
57
-0.17439688906623718
0
8
1
-1
0
0
0
0.38005401184033744
0
3
1
-1
0
0
0
-0.50706742961018192
0
5
0
0
1.1156228209062689
59
66
0.23849076818070647
0
17
0
3
-0.37269961905962712
60
65
0.14502521280602845
0
14
0
1
-0.79613668704411278
61
64
-0.013221160973412588
0
11
0
3
-0.53840809411813173
62
63
0.114149614206776
0
8
1
-1
0
0
0
-0.10826697061183845
0
3
1
-1
0
0
0
0.2475995650979447
0
5
1
-1
0
0
0
-0.35287656145391549
0
3
1
-1
0
0
0
0.72526191666397855
0
3
1
-1
0
0
0
0.6746633599292039
0
3
0
2
0.85746704569116949
68
69
0.53952714690847592
0
14
1
-1
0
0
0
1.1725651341891477
0
3
0
7
-0.18000430789562075
70
73
0.36688042310465635
0
11
0
4
-0.67544007468926237
71
72
0.04996579408833015
0
6
1
-1
0
0
0
-0.55227679095308735
0
3
1
-1
0
0
0
0.6522083791297475
0
3
1
-1
0
0
0
0.74717797792424789
0
5
0
4
-0.13445050520288501
75
76
-0.77922179689959226
0
17
1
-1
0
0
0
-1.3343089222621511
0
6
0
5
0.27412696538010251
77
78
-0.47644700124728701
0
11
1
-1
0
0
0
-0.15766792837064225
0
4
0
7
-0.85986376655011498
79
80
-0.6586064714625125
0
7
1
-1
0
0
0
-0.73191663734873746
0
3
1
-1
0
0
0
-0.60362384704784389
0
4
0
7
0.23425736650839707
82
93
-0.78611868385942496
0
28
0
7
-0.76386844853114355
83
86
-0.93828471543537695
0
22
0
7
-0.99438069568687837
84
85
-1.1824009771538293
0
8
1
-1
0
0
0
-1.2340698879733785
0
5
1
-1
0
0
0
-1.0962861257879146
0
3
0
5
-0.56023599742654806
87
88
-0.79878970873911825
0
14
1
-1
0
0
0
-1.0405977734052632
0
4
0
7
-0.26539611623408499
89
92
-0.70206648287266027
0
10
0
5
-0.50397708395929453
90
91
-0.60452204627982209
0
6
1
-1
0
0
0
-0.71095865526924495
0
3
1
-1
0
0
0
-0.4980854372903995
0
3
1
-1
0
0
0
-0.84838313776191743
0
4
0
2
-1.3489961161103463
94
95
-0.228176568080935
0
6
1
-1
0
0
0
-0.1253327560194252
0
3
1
-1
0
0
0
-0.33102038014244473
0
3
0
1
1.0573184470052572
97
160
0.2809248664683055
0
149
0
0
-1.1955176634846896
98
113
0.49297919747670554
0
123
0
3
0.31019372815515778
99
106
1.2172001086385775
0
26
0
6
0.28333241576089602
100
105
1.5233145005601749
0
14
0
4
-0.10227711670920178
101
104
1.228989193397265
0
11
0
6
-0.20901012634131136
102
103
1.4892937611145185
0
8
1
-1
0
0
0
1.0157395482857452
0
5
1
-1
0
0
0
2.2785507824958078
0
3
1
-1
0
0
0
0.53484367948458944
0
3
1
-1
0
0
0
2.6025072934908433
0
3
0
5
0.047793028892613831
107
108
0.86006665139671445
0
12
1
-1
0
0
0
0.42346697471928624
0
3
0
6
2.0058817846989623
109
112
1.0055998769558572
0
9
0
2
0.069444487904913879
110
111
1.1201701789904164
0
6
1
-1
0
0
0
0.76837547979893461
0
3
1
-1
0
0
0
1.4719648781818979
0
3
1
-1
0
0
0
0.77645927288673899
0
3
0
6
0.11055785613136151
114
127
0.29885812850548205
0
97
0
0
0.58149257562480616
115
120
0.82260843970190844
0
29
0
5
-0.1343992985667222
116
119
0.011193527241268941
0
10
0
6
-0.32462618504077434
117
118
0.32720995702561695
0
6
1
-1
0
0
0
0.24023433139572301
0
3
1
-1
0
0
0
0.41418558265551098
0
3
1
-1
0
0
0
-0.46283111743525307
0
4
0
3
0.0075577237062045746
121
124
1.2496689199443503
0
19
0
7
-0.059339052164279232
122
123
0.79128045841361205
0
10
1
-1
0
0
0
0.45670034630248146
0
5
1
-1
0
0
0
1.1258605705247426
0
5
0
3
0.15865768846349892
125
126
1.7589894327562812
0
9
1
-1
0
0
0
1.5471142139240786
0
4
1
-1
0
0
0
1.9284896078220437
0
5
0
4
0.75687151677026554
128
141
0.075494025201123763
0
68
0
1
-0.23434407498442827
129
140
-0.2753710799003139
0
23
0
7
-0.40291961014101751
130
135
-0.1718145662742997
0
20
0
6
0.43792017963995322
131
132
-0.46925324194389761
0
10
1
-1
0
0
0
-0.62503092874332566
0
3
0
2
-0.83678145354927991
133
134
-0.40249137617271419
0
7
1
-1
0
0
0
-0.44509168260368265
0
4
1
-1
0
0
0
-0.34569096759808948
0
3
0
5
0.54849735875116923
136
139
0.12562410939529817
0
10
0
3
0.12617010585334473
137
138
0.002853105801470916
0
7
1
-1
0
0
0
-0.058267213365049135
0
3
1
-1
0
0
0
0.048693345176360946
0
4
1
-1
0
0
0
0.41208978444756172
0
3
1
-1
0
0
0
-0.96574783740707559
0
3
0
0
1.105351085420089
142
157
0.25482507891963635
0
45
0
4
0.97255238037606784
143
146
0.41455780936425868
0
37
0
2
0.14824674368353946
144
145
0.89304553319751601
0
10
1
-1
0
0
0
0.091672178426520243
0
5
1
-1
0
0
0
1.6944188879685118
0
5
0
3
2.2269611021542555
147
154
0.23734013387045977
0
27
0
6
1.1887750327668025
148
149
-0.021661655191619705
0
19
1
-1
0
0
0
-0.42479237996097413
0
5
0
4
1.6124453293059902
150
151
0.12231360365457832
0
14
1
-1
0
0
0
0.00095405599671689043
0
5
0
0
0.71502513694517189
152
153
0.18973557457561241
0
9
1
-1
0
0
0
0.38789828513294744
0
5
1
-1
0
0
0
-0.05796781362105638
0
4
0
3
4.6896942939776896
155
156
0.85246938289289853
0
8
1
-1
0
0
0
0.70154945693975279
0
5
1
-1
0
0
0
1.1040025928148078
0
3
0
3
1.6807772468627369
158
159
-0.483938799386742
0
8
1
-1
0
0
0
-0.89755954571272656
0
4
1
-1
0
0
0
-0.070318053060757335
0
4
0
7
0.77965358468273827
161
172
-0.72225523791758672
0
26
0
6
0.094969174059523806
162
167
-0.86426493327280551
0
22
0
0
-1.0003546892472293
163
164
-0.98131662409469844
0
11
1
-1
0
0
0
-0.82431139834490019
0
5
0
0
-0.87195799566995369
165
166
-1.1121543122195305
0
6
1
-1
0
0
0
-1.1519744781705663
0
3
1
-1
0
0
0
-1.0723341462684948
0
3
0
0
-0.89763733438541093
168
169
-0.74721324245091258
0
11
1
-1
0
0
0
-0.89329309936083001
0
4
0
6
0.47169565746226827
170
171
-0.66373903850238825
0
7
1
-1
0
0
0
-0.70317426192543342
0
3
1
-1
0
0
0
-0.63416262093510445
0
4
1
-1
0
0
0
0.058798086536116276
0
4
"DecisionTree"
0
0
12
3
0
2
1
163
0
1
1.0342941596257615
1
132
-0.056112190145241325
0
320
0
3
-0.63761514168605227
2
23
0.11171704820693834
0
263
0
4
-0.80532523564524294
3
14
-0.64471646191084897
0
44
0
1
-0.83988283306515332
4
7
-0.78034454593956493
0
24
0
3
-0.85696083367138876
5
6
-1.0711365472925238
0
8
1
-1
0
0
0
-1.0996992828694319
0
5
1
-1
0
0
0
-1.0235319879976763
0
3
0
7
-0.042051304735806733
8
13
-0.63494854526308542
0
16
0
3
-0.91386861260595409
9
12
-0.85225230368428528
0
13
0
6
-0.98974328677251633
10
11
-0.63576654813506572
0
7
1
-1
0
0
0
-0.70983590622927217
0
4
1
-1
0
0
0
-0.53700740400945701
0
3
1
-1
0
0
0
-1.1048190184917079
0
6
1
-1
0
0
0
0.30670107456211354
0
3
0
5
-0.64592265024590323
15
18
-0.48196276107638997
0
20
0
1
-0.81455611694770869
16
17
-0.17345057201826006
0
7
1
-1
0
0
0
0.17983043304518564
0
4
1
-1
0
0
0
-0.64449191210285439
0
3
0
0
0.73300067404599245
19
22
-0.64808470903076743
0
13
0
0
0.69448166597280825
20
21
-0.89675758211274614
0
7
1
-1
0
0
0
-1.0154481949098721
0
3
1
-1
0
0
0
-0.80773962251490161
0
4
1
-1
0
0
0
-0.35796635710179231
0
6
0
7
0.38871963157583611
24
91
0.26369455708905082
0
219
0
7
-0.63823699206336215
25
40
-0.1903533984223309
0
141
0
4
0.57098082769565117
26
37
-0.75384766859620644
0
36
0
7
-0.71589763384996286
27
36
-1.0158793305412217
0
25
0
4
-0.082019798027993807
28
35
-1.0638692989610634
0
22
0
1
-0.48761123615887514
29
30
-1.1149369686636983
0
17
1
-1
0
0
0
-0.69658746755759304
0
3
0
0
-0.065626760004665857
31
32
-1.2045832903292923
0
14
1
-1
0
0
0
-1.1039849763477283
0
7
0
2
-0.52157243043477775
33
34
-1.3051816043108564
0
7
1
-1
0
0
0
-1.3437400141979228
0
4
1
-1
0
0
0
-1.2537703911281015
0
3
1
-1
0
0
0
-0.89023922197210381
0
5
1
-1
0
0
0
-0.66395289546238312
0
3
0
6
1.1134297360862537
38
39
-0.15832116417571734
0
11
1
-1
0
0
0
-0.55377378967305102
0
4
1
-1
0
0
0
0.067651764679901888
0
7
0
2
0.77866478991254384
41
80
0.0028446370658551201
0
105
0
4
-0.40017886202108366
42
55
-0.13892325889861612
0
84
0
6
-0.62470831492365009
43
46
-0.44343899601684256
0
25
0
1
-0.8076488307338614
44
45
0.023206941968978087
0
8
1
-1
0
0
0
0.27683595009883677
0
4
1
-1
0
0
0
-0.2304220661608806
0
4
0
3
-0.49305630094422526
47
50
-0.66303708448075838
0
17
0
4
-0.53602205788330171
48
49
-0.38371473508516879
0
6
1
-1
0
0
0
-0.52323501578579046
0
3
1
-1
0
0
0
-0.24419445438454709
0
3
0
4
-0.58726115807694534
51
52
-0.8153947296056252
0
11
1
-1
0
0
0
-0.72667714182886434
0
4
0
4
-0.54555491373328202
53
54
-0.86609049404948857
0
7
1
-1
0
0
0
-0.89688589628874293
0
4
1
-1
0
0
0
-0.82502995773048282
0
3
0
3
-0.21549460522122996
56
59
-0.0098911668993676271
0
59
0
3
-0.43287796000192613
57
58
0.69395325772073668
0
7
1
-1
0
0
0
0.58155003954745843
0
3
1
-1
0
0
0
0.77825567135069551
0
4
0
1
0.76260756854771727
60
77
-0.10463945482899707
0
52
0
1
-0.85599983423080006
61
66
-0.20943154063095409
0
46
0
3
0.10938122088031203
62
63
0.21051890680444249
0
12
1
-1
0
0
0
0.65214849918094908
0
5
0
4
1.0118754107572363
64
65
-0.10493080203591922
0
7
1
-1
0
0
0
-0.32922398167848821
0
4
1
-1
0
0
0
0.19412677082083943
0
3
0
1
-0.62805938917379622
67
72
-0.35764934560815287
0
34
0
0
1.0180413337875407
68
71
-0.25728250033623018
0
21
0
5
0.14386594265976965
69
70
-0.07918777047654256
0
16
1
-1
0
0
0
0.43723936294295279
0
3
1
-1
0
0
0
-0.1983632628041184
0
13
1
-1
0
0
0
-0.82718563588723071
0
5
0
1
-0.5336598109178663
73
74
-0.51978040335510489
0
13
1
-1
0
0
0
-0.88431110704104743
0
3
0
2
-1.1125893487744696
75
76
-0.41042119224932205
0
10
1
-1
0
0
0
-0.80347317616300484
0
3
1
-1
0
0
0
-0.24197034200060094
0
7
0
3
0.7604410978864895
78
79
0.69876653631934016
0
6
1
-1
0
0
0
0.65101377415121642
0
3
1
-1
0
0
0
0.7465192984874639
0
3
0
0
-1.398384439336787
81
82
0.56991622092374017
0
21
1
-1
0
0
0
1.075918896828288
0
5
0
3
-0.47670349090555697
83
86
0.41179038470356899
0
16
0
1
-0.72245896742972948
84
85
0.13771130477420548
0
7
1
-1
0
0
0
-0.34569096759808948
0
3
1
-1
0
0
0
0.50026300905342669
0
4
0
0
0.76638381437608294
87
90
0.62496300242640723
0
9
0
7
-0.16046163688952139
88
89
0.46837693631819871
0
6
1
-1
0
0
0
0.67316636120924001
0
3
1
-1
0
0
0
0.26358751142715753
0
3
1
-1
0
0
0
0.93813513464282428
0
3
0
7
1.6644963342748349
92
123
1.0844735535903944
0
78
0
6
-0.1804308758762756
93
112
0.80551130617641176
0
61
0
4
-0.73502042375163879
94
95
0.62715885004880745
0
36
1
-1
0
0
0
1.3775359953250486
0
5
0
2
0.54225802257666722
96
107
0.50613027823005885
0
31
0
2
-0.48217130254546497
97
100
0.63327814986184239
0
22
0
3
-0.17101496191605239
98
99
0.30827292321807553
0
8
1
-1
0
0
0
0.20322852303821906
0
5
1
-1
0
0
0
0.48334692351783631
0
3
0
4
-0.70403864223920309
101
102
0.818995422229709
0
14
1
-1
0
0
0
0.50310730662135783
0
3
0
4
-0.5169563461833413
103
104
0.90514672648653194
0
11
1
-1
0
0
0
1.1170564216528918
0
5
0
7
0.86654867540628699
105
106
0.72855531384789884
0
6
1
-1
0
0
0
0.54652026950030663
0
3
1
-1
0
0
0
0.91059035819549106
0
3
0
1
-0.69713225131228307
108
109
0.19532436979681045
0
9
1
-1
0
0
0
0.47795772812596676
0
3
0
6
-0.39867242488200338
110
111
0.054007690632232264
0
6
1
-1
0
0
0
0.25310852038741127
0
3
1
-1
0
0
0
-0.14509313912294675
0
3
0
1
0.95601158253547847
113
122
1.0623388430001623
0
25
0
2
-0.71857806988134165
114
119
0.87636352382541061
0
22
0
7
0.7978003506169733
115
116
0.57765784287555277
0
15
1
-1
0
0
0
0.13173186417275023
0
5
0
7
1.160628291988455
117
118
0.80062083222695402
0
10
1
-1
0
0
0
0.64994149535380252
0
7
1
-1
0
0
0
1.1522059515976408
0
3
0
6
0.066389923594488018
120
121
1.5164471258608212
0
7
1
-1
0
0
0
1.6544490221454795
0
4
1
-1
0
0
0
1.3324445974812764
0
3
1
-1
0
0
0
2.4261578502816734
0
3
0
2
1.487885091920174
124
131
2.0854557354876269
0
17
0
7
2.2663193305464571
125
128
2.1842621042619301
0
14
0
2
-0.16696227943096281
126
127
1.6475628280336465
0
6
1
-1
0
0
0
1.3926239460238194
0
3
1
-1
0
0
0
1.9025017100434731
0
3
0
3
0.0042871616984709315
129
130
2.586786561433144
0
8
1
-1
0
0
0
2.6025072934908433
0
5
1
-1
0
0
0
2.5605853413369783
0
3
1
-1
0
0
0
1.624359347874208
0
3
0
0
-0.77437650855122531
133
158
-0.83048218464740342
0
57
0
4
-0.78268470300153981
134
137
-0.91439122600134015
0
47
0
2
-0.20636340732027558
135
136
-1.2337106082805871
0
8
1
-1
0
0
0
-1.3238299312224051
0
3
1
-1
0
0
0
-1.1796390145154962
0
5
0
7
-0.033702718632926412
138
155
-0.84888981425175136
0
39
0
3
0.097607197652470917
139
152
-0.96504016528491088
0
33
0
0
-0.96953948278868207
140
145
-1.0158074746026633
0
25
0
7
-0.72693065278335145
141
144
-1.1323039149902425
0
10
0
3
-0.36136167076615044
142
143
-1.2977821534950358
0
6
1
-1
0
0
0
-1.2618541842159055
0
3
1
-1
0
0
0
-1.3337101227741659
0
3
1
-1
0
0
0
-0.88408655723305285
0
4
0
3
-0.25212489970784679
146
149
-0.93814318101094407
0
15
0
6
-0.49869980150962867
147
148
-0.70018026448550597
0
6
1
-1
0
0
0
-0.83281435107429447
0
3
1
-1
0
0
0
-0.56754617789671757
0
3
0
0
-0.86425419405531678
150
151
-1.096785125361236
0
9
1
-1
0
0
0
-1.145911633354713
0
4
1
-1
0
0
0
-1.0574839189664542
0
5
0
1
1.6260183452787906
153
154
-0.80639232366693414
0
8
1
-1
0
0
0
-0.68095880092117134
0
5
1
-1
0
0
0
-1.0154481949098721
0
3
0
1
1.0688305906950057
156
157
-0.21006288356937361
0
6
1
-1
0
0
0
0.12766002765444887
0
3
1
-1
0
0
0
-0.547785794793196
0
3
0
1
1.5983892004233968
159
162
-0.43610969028390001
0
10
0
7
0.51813613833463401
160
161
-0.27674348369575902
0
7
1
-1
0
0
0
-0.50796562884216023
0
4
1
-1
0
0
0
0.031552709832775992
0
3
1
-1
0
0
0
-0.80796417232289608
0
3
"DecisionTree"
0
0
12
3
0
2
1
163
0
7
0.25707504556771632
1
118
-0.10051699888234404
0
320
0
7
-0.36477381961949673
2
69
-0.457705616079916
0
229
0
7
-1.0692763716580558
3
16
-0.68204180949152793
0
139
0
2
1.3302805803629227
4
15
-1.0350755114605084
0
27
0
2
-0.91558370932790556
5
6
-1.1214357042833059
0
24
1
-1
0
0
0
-1.3555663040856365
0
3
0
5
-0.68184180269038031
7
12
-1.0879884757401157
0
21
0
7
-1.2722194936444722
8
11
-1.1998035872734081
0
12
0
7
-1.4034077260714053
9
10
-1.2492793949682102
0
6
1
-1
0
0
0
-1.1663456658822182
0
3
1
-1
0
0
0
-1.3322131240542021
0
3
1
-1
0
0
0
-1.150327779578606
0
6
0
6
-0.024544055157898592
13
14
-0.93890166036239231
0
9
1
-1
0
0
0
-0.98993933672168988
0
5
1
-1
0
0
0
-0.87510456491327027
0
4
1
-1
0
0
0
-0.34419396887812576
0
3
0
1
-0.67641039267073821
17
44
-0.59693547062400598
0
112
0
2
-0.87618258143859284
18
21
-0.38590508058069473
0
57
0
7
-0.61214430495082284
19
20
-0.72824899048482639
0
8
1
-1
0
0
0
-0.48610944753068946
0
3
1
-1
0
0
0
-0.87353271625730833
0
5
0
4
-0.6075184767581534
22
29
-0.33001219733104059
0
49
0
4
-0.80055880772025279
23
24
-0.17922470993812023
0
18
1
-1
0
0
0
-0.65634814196496727
0
5
0
3
-0.76102434811120179
25
26
0.0042843023798978105
0
13
1
-1
0
0
0
0.55220886463616903
0
3
0
4
-0.66471561185803463
27
28
-0.16009306629698353
0
10
1
-1
0
0
0
-0.39449312586890778
0
3
1
-1
0
0
0
-0.059635897909015981
0
7
0
5
-0.43603362692576547
30
33
-0.41756622226886531
0
31
0
4
-0.37396350843363801
31
32
-0.88176620921710924
0
6
1
-1
0
0
0
-0.74688662454837507
0
3
1
-1
0
0
0
-1.0166457938858431
0
3
0
1
-0.72936625364357666
34
41
-0.30615822540128668
0
25
0
1
-0.81225368820975952
35
36
-0.42311221904468538
0
17
1
-1
0
0
0
-0.081680273345282203
0
5
0
0
0.6842099304866246
37
38
-0.56537552975277006
0
12
1
-1
0
0
0
-0.77720084862764094
0
4
0
3
-0.21004366854167389
39
40
-0.45946287031533467
0
8
1
-1
0
0
0
-0.56006118429689877
0
4
1
-1
0
0
0
-0.35886455633377057
0
4
0
1
-0.70173710878818285
42
43
-0.057630988909064526
0
8
1
-1
0
0
0
-0.16994331787434502
0
3
1
-1
0
0
0
0.0097564084701037557
0
5
0
5
0.010575593829661578
45
64
-0.81563969303252848
0
55
0
7
-0.66655775842522313
46
55
-0.91807025378442519
0
41
0
1
0.87312414796929549
47
48
-1.037864123568808
0
23
1
-1
0
0
0
-1.2297585316598831
0
5
0
2
-1.191391604553095
49
50
-0.98456012132128679
0
18
1
-1
0
0
0
-0.8408382642133001
0
5
0
6
-0.36099977654172899
51
54
-1.0398377586705121
0
13
0
6
-0.68966115688964047
52
53
-1.2029472845853322
0
8
1
-1
0
0
0
-1.1528726774025446
0
4
1
-1
0
0
0
-1.2530218917681195
0
4
1
-1
0
0
0
-0.77886251720680078
0
5
0
0
-0.26335766811366573
56
63
-0.76500030905993643
0
18
0
6
-0.30773844612961682
57
62
-0.68822730547533384
0
13
0
4
-0.55508776958326211
58
59
-0.62904288531282848
0
10
1
-1
0
0
0
-0.77428170112371153
0
4
0
2
0.46345576679804168
60
61
-0.53221700810557304
0
6
1
-1
0
0
0
-0.51515122269798619
0
3
1
-1
0
0
0
-0.54928279351315978
0
3
1
-1
0
0
0
-0.88550870601701848
0
3
1
-1
0
0
0
-0.96461011837990307
0
5
0
1
1.1332985953575911
65
68
-0.51566447940197369
0
14
0
3
0.079292050409162498
66
67
-0.42912369625740265
0
9
1
-1
0
0
0
-0.67503068599011495
0
6
1
-1
0
0
0
0.06269028320802203
0
3
1
-1
0
0
0
-0.67143788906220192
0
5
0
2
0.69986253413391841
70
109
-0.11123082847753737
0
90
0
0
-1.1801100602554198
71
74
-0.34085067173687333
0
72
0
3
-0.17145103685041688
72
73
0.3447248420491929
0
6
1
-1
0
0
0
0.59352602930716847
0
3
1
-1
0
0
0
0.095923654791217325
0
3
0
6
0.69513343382527526
75
102
-0.40317571844469757
0
66
0
0
0.14751175133361133
76
89
-0.49792693154357964
0
51
0
4
-0.06057087236553832
77
84
-0.72912991665465099
0
26
0
5
-0.47065449675176751
78
79
-0.66652773326072079
0
15
1
-1
0
0
0
-0.39928352177279186
0
3
0
7
-0.15780404838731832
80
81
-0.73333878613270309
0
12
1
-1
0
0
0
-0.56919287648867767
0
6
0
0
-0.98751501988950252
82
83
-0.89748469577672829
0
6
1
-1
0
0
0
-0.78071879561955582
0
3
1
-1
0
0
0
-1.0142505959339012
0
3
0
6
0.58861077300105102
85
88
-0.814496530373647
0
11
0
2
-0.95498483721721827
86
87
-0.77989544632357566
0
8
1
-1
0
0
0
-0.64539011133483248
0
3
1
-1
0
0
0
-0.86059864731682156
0
5
1
-1
0
0
0
-0.90676608784050361
0
3
0
4
-0.16781550067781578
90
97
-0.25747582702806554
0
25
0
7
-0.029461314760723636
91
96
-0.42185077747624533
0
16
0
2
0.34525238313010331
92
93
-0.62006089299304601
0
10
1
-1
0
0
0
-0.47293585879500838
0
3
0
3
-0.49981546242687469
94
95
-0.68311447907791911
0
7
1
-1
0
0
0
-0.54539059684125391
0
3
1
-1
0
0
0
-0.7864073907554181
0
4
1
-1
0
0
0
-0.091500584948244423
0
6
0
1
-0.93197998258313575
98
99
0.034746307102031998
0
9
1
-1
0
0
0
-0.2636554377440759
0
3
0
1
-0.77080997092666803
100
101
0.18394717952508591
0
6
1
-1
0
0
0
0.14292941459807915
0
3
1
-1
0
0
0
0.22496494445209272
0
3
0
5
0.82719536085048595
103
104
-0.081021593908498196
0
15
1
-1
0
0
0
0.48364632326182899
0
5
0
4
1.7780786996993965
105
108
-0.3633555524936618
0
10
0
1
-0.82146340316155742
106
107
-0.48910344497061697
0
7
1
-1
0
0
0
-0.54434269773727939
0
4
1
-1
0
0
0
-0.41545110794840029
0
3
1
-1
0
0
0
-0.069943803380766389
0
3
0
0
-1.1492948537968688
110
113
0.80724854455980677
0
18
0
2
1.6848907313667378
111
112
1.4445727956040013
0
6
1
-1
0
0
0
0.52226889023689382
0
3
1
-1
0
0
0
2.3668767009711087
0
3
0
7
-0.35961970858492109
114
115
0.48858641903770939
0
12
1
-1
0
0
0
1.1698705364932129
0
5
0
0
0.66880232725735089
116
117
0.0019549065694926537
0
7
1
-1
0
0
0
-0.78041939587556308
0
3
1
-1
0
0
0
0.5887356334032845
0
4
0
1
1.0227820159360146
119
160
0.79834226857088619
0
91
0
7
1.364081456212668
120
153
0.906622950865004
0
83
0
0
-1.4009523732083338
121
122
0.67934974696550099
0
69
1
-1
0
0
0
1.5609482784950075
0
5
0
7
0.94753801390271808
123
146
0.61047486168975806
0
64
0
0
0.69448166597280825
124
139
0.50595465928871741
0
49
0
6
-0.044029907747695697
125
134
0.63021130382110357
0
34
0
5
-0.59485686725255005
126
127
0.43330439487904809
0
21
1
-1
0
0
0
1.3486121836568847
0
3
0
1
0.61525212931894901
128
131
0.28075309674940857
0
18
0
1
-0.69713225131228307
129
130
0.098880227263145756
0
8
1
-1
0
0
0
0.35304815493219133
0
5
1
-1
0
0
0
-0.32473298551859697
0
3
0
0
-1.2057893989708734
132
133
0.4262513923384188
0
10
1
-1
0
0
0
0.50717914313965928
0
5
1
-1
0
0
0
0.34532364153717837
0
5
0
4
0.63532760468301774
135
136
0.94829169518903977
0
13
1
-1
0
0
0
1.5812457847392518
0
5
0
3
1.4298161221359753
137
138
0.55269538922015715
0
8
1
-1
0
0
0
0.69921413893660944
0
5
1
-1
0
0
0
0.30849747302607011
0
3
0
4
-0.49193259957714325
140
141
0.2243062650153087
0
15
1
-1
0
0
0
0.52428983850884492
0
4
0
3
0.99853801204949866
142
145
0.11522132919947733
0
11
0
7
0.32724611975719942
143
144
-0.079374895316538019
0
6
1
-1
0
0
0
-0.011860253046172822
0
3
1
-1
0
0
0
-0.14688953758690323
0
3
1
-1
0
0
0
0.34873679861869578
0
5
0
0
0.52499803045080151
147
150
0.9519075228664905
0
15
0
3
-0.43156973519883268
148
149
0.71425897607224498
0
8
1
-1
0
0
0
0.73460318867655228
0
5
1
-1
0
0
0
0.68035195506506607
0
3
0
2
0.34525238313010331
151
152
1.2235058620599142
0
7
1
-1
0
0
0
1.1722657344451548
0
3
1
-1
0
0
0
1.2619359577709837
0
4
0
4
-0.26314405917761796
154
159
2.0267551700839848
0
14
0
3
0.081036350146620445
155
158
2.3999084767266825
0
9
0
4
-0.6635240048767872
156
157
2.3300505324600005
0
6
1
-1
0
0
0
2.3836430866347027
0
3
1
-1
0
0
0
2.2764579782852983
0
3
1
-1
0
0
0
2.5396243652600461
0
3
1
-1
0
0
0
1.3550792181271283
0
5
0
6
-0.54936301824310119
161
162
-0.32506981023058884
0
8
1
-1
0
0
0
-0.72285979509295673
0
4
1
-1
0
0
0
0.072720174631779183
0
4
"DecisionTree"
0
0
12
3
0
2
1
165
0
5
-0.61909147613075155
1
38
-0.0033626614434445973
0
320
0
7
-0.2771807763600157
2
23
-0.32881667826676036
0
75
0
1
-1.3395098692002012
3
4
-0.74417064115644083
0
42
1
-1
0
0
0
1.0629848278878011
0
3
0
7
-0.74139974573979028
5
16
-0.88318260031368989
0
39
0
4
-0.70165542827670802
6
13
-1.0137236523844741
0
25
0
7
-1.0990735760766963
7
12
-1.1466451627274954
0
15
0
7
-1.2959767241944693
8
11
-1.0975585746998837
0
12
0
3
-0.92455244849788398
9
10
-1.1938048995455532
0
7
1
-1
0
0
0
-1.292692357847159
0
3
1
-1
0
0
0
-1.119639305819349
0
4
1
-1
0
0
0
-0.96281371991594644
0
5
1
-1
0
0
0
-1.3429915148379408
0
3
0
2
0.30585125524079054
14
15
-0.81434138686994184
0
10
1
-1
0
0
0
-1.0795796200731194
0
5
1
-1
0
0
0
-0.5491031536667641
0
5
0
2
1.4090828361415484
17
22
-0.65007357875871918
0
14
0
5
-0.84888749960084042
18
19
-0.78616242732851482
0
11
1
-1
0
0
0
-0.60694718420616345
0
5
0
7
-0.65882659187335957
20
21
-0.93550846326380765
0
6
1
-1
0
0
0
-0.83670654774620024
0
3
1
-1
0
0
0
-1.0343103787814154
0
3
1
-1
0
0
0
-0.15108113400280174
0
3
0
6
-0.94037912687836356
24
31
0.19981563813828709
0
33
0
4
-1.0198144922697978
25
28
-0.15705041639865722
0
16
0
1
-0.81916097442360836
26
27
0.1177199561538895
0
10
1
-1
0
0
0
-0.29658940958327845
0
3
1
-1
0
0
0
0.29528111289839004
0
7
0
2
-0.95498483721721827
29
30
-0.61500103731956834
0
6
1
-1
0
0
0
-0.63311472183112982
0
3
1
-1
0
0
0
-0.59688735280800709
0
3
0
0
0.70988926920208195
32
37
0.53568957182011712
0
17
0
2
0.73926366202323113
33
36
0.92907230439216348
0
11
0
7
0.12033003718163125
34
35
0.23612827776382236
0
7
1
-1
0
0
0
0.38035341158433017
0
4
1
-1
0
0
0
0.043828099336478722
0
3
1
-1
0
0
0
2.141724350991761
0
4
1
-1
0
0
0
-0.18551210456196807
0
6
0
7
-0.12261113397935636
39
106
0.096266119216754181
0
245
0
7
-0.67971147929471287
40
65
-0.45230601883493182
0
125
0
6
-0.64809133803140662
41
44
-0.84487018076573572
0
45
0
3
-0.64808094011079997
42
43
-0.31500249383883255
0
6
1
-1
0
0
0
-0.40107992023674832
0
3
1
-1
0
0
0
-0.22892506744091681
0
3
0
0
0.48647902237762108
45
56
-0.92638828644679783
0
39
0
4
-0.010523379153142172
46
53
-1.1179712215313895
0
21
0
5
-0.28543284318265633
47
48
-1.2809006140837522
0
13
1
-1
0
0
0
-1.0780227414043571
0
3
0
7
-1.1238508911022866
49
50
-1.341763975887571
0
10
1
-1
0
0
0
-1.3679913934613357
0
4
0
7
-0.98007266870026988
51
52
-1.324279030838394
0
6
1
-1
0
0
0
-1.2905965596392097
0
3
1
-1
0
0
0
-1.3579615020375788
0
3
0
2
-1.2307927324424077
54
55
-0.85321095863380048
0
8
1
-1
0
0
0
-1.1268248996751753
0
3
1
-1
0
0
0
-0.68904259400897561
0
5
0
1
-0.76160025597487013
57
64
-0.70287486218144057
0
18
0
6
-0.45453186897275522
58
59
-0.83580834851422192
0
13
1
-1
0
0
0
-0.63610871927105739
0
3
0
0
0.6893457982297182
60
61
-0.89571823728717115
0
10
1
-1
0
0
0
-0.80976057078685248
0
4
0
2
0.14824674368353946
62
63
-0.95302334828738366
0
6
1
-1
0
0
0
-0.98431062153462612
0
3
1
-1
0
0
0
-0.92173607504014132
0
3
1
-1
0
0
0
-0.35724779771620968
0
5
0
4
-0.47763331580217289
66
71
-0.23148867774885479
0
80
0
3
-0.49371041334577193
67
68
-0.80641273728584284
0
11
1
-1
0
0
0
-0.5319176083615802
0
3
0
7
-0.4371729730583015
69
70
-0.90934841063244121
0
8
1
-1
0
0
0
-0.75946141379607057
0
3
1
-1
0
0
0
-0.99928060873426361
0
5
0
1
1.0158747297221657
72
97
-0.13983411753281322
0
69
0
6
-0.025843111997218379
73
78
0.058916716623358671
0
53
0
7
-0.34238564981305875
74
77
0.81081539350990706
0
12
0
1
-0.91816541015543796
75
76
0.51474647166907617
0
8
1
-1
0
0
0
0.74367500091953276
0
4
1
-1
0
0
0
0.28581794241861924
0
4
1
-1
0
0
0
1.4029532371915692
0
4
0
6
0.32750034829776953
79
82
-0.16115118880685061
0
41
0
5
-0.20277551647307634
80
81
-0.51237497052641701
0
11
1
-1
0
0
0
-0.64134821479093052
0
6
1
-1
0
0
0
-0.35760707740900094
0
5
0
4
1.5886131896810394
83
94
-0.032369135509676232
0
30
0
4
0.75806312375151297
84
91
0.11390065681095592
0
23
0
4
0.64486046053299784
85
88
0.031193430139984688
0
15
0
2
1.1726760688056717
86
87
0.26224021257919017
0
8
1
-1
0
0
0
-0.01215965279016557
0
5
1
-1
0
0
0
0.71957332152811626
0
3
0
5
1.0517982538466746
89
90
-0.23286003550482157
0
7
1
-1
0
0
0
-0.082219192884469161
0
4
1
-1
0
0
0
-0.43371449233195819
0
3
0
0
0.72016100468826183
92
93
0.26897670681902702
0
8
1
-1
0
0
0
0.11987563431063733
0
4
1
-1
0
0
0
0.41807777932741674
0
4
0
1
-0.74087839733332361
95
96
-0.51296988170603908
0
7
1
-1
0
0
0
-0.22727836884895669
0
4
1
-1
0
0
0
-0.89389189884881548
0
3
0
1
2.1026210940343448
98
105
-0.79819625567513264
0
16
0
7
-0.26260430609035645
99
102
-0.72940628564910592
0
13
0
7
-0.49094216265337975
100
101
-0.60291811907986104
0
7
1
-1
0
0
0
-0.77263500253175155
0
3
1
-1
0
0
0
-0.47563045649094321
0
4
0
5
-0.043519515273466695
103
104
-0.87697581331322505
0
6
1
-1
0
0
0
-0.89209550038485885
0
3
1
-1
0
0
0
-0.86185612624159125
0
3
1
-1
0
0
0
-1.0962861257879146
0
3
0
3
0.73711108889798949
107
154
0.66769542968726037
0
120
0
3
0.21752780460270454
108
141
0.77475526062950018
0
98
0
5
-0.0093314063202896268
109
136
0.55688633828525769
0
74
0
7
1.9733403314247977
110
135
0.67168404733386244
0
63
0
2
1.1332749409163587
111
130
0.57514288502601352
0
60
0
1
1.059620875743208
112
129
0.44336825181998091
0
51
0
5
-0.21965319051325236
113
120
0.52888822805516844
0
46
0
6
-0.027142168836538187
114
119
0.3676547327873963
0
29
0
7
0.86617285481001582
115
118
0.31810129558337596
0
26
0
5
-0.52907721458314616
116
117
0.23394693677187534
0
19
1
-1
0
0
0
0.56987344953174124
0
5
1
-1
0
0
0
0.11397318221478028
0
14
1
-1
0
0
0
0.54652026950030663
0
7
1
-1
0
0
0
0.79711785522223877
0
3
0
6
-0.19212238743015386
121
124
0.80393360233548561
0
17
0
3
-0.13111410542170193
122
123
0.55409080588412329
0
7
1
-1
0
0
0
0.4456974057107479
0
4
1
-1
0
0
0
0.69861533944862375
0
3
0
2
-0.56097355832409057
125
128
0.97882355985143898
0
10
0
1
-0.93658484005903397
126
127
0.68469325135296089
0
6
1
-1
0
0
0
0.85639900453280327
0
3
1
-1
0
0
0
0.51298749817311862
0
3
1
-1
0
0
0
1.4200190225991558
0
4
1
-1
0
0
0
-0.3434155295437446
0
5
0
1
0.95140672505958035
131
134
1.3218658065268658
0
9
0
3
-0.32800193828726731
132
133
1.0987630972949347
0
6
1
-1
0
0
0
0.50759830278124907
0
3
1
-1
0
0
0
1.6899278918086205
0
3
1
-1
0
0
0
1.7680712249907282
0
3
1
-1
0
0
0
2.6025072934908433
0
3
0
4
-0.17734835652779601
137
138
-0.10059144990220611
0
11
1
-1
0
0
0
-0.66934209085425278
0
3
0
5
0.016201485176386917
139
140
0.11269004045481135
0
8
1
-1
0
0
0
0.17242028938136503
0
4
1
-1
0
0
0
0.052959791528257652
0
4
0
6
0.29892109783273374
142
147
1.4465177711909145
0
24
0
1
-0.80074154452001256
143
146
2.0746284192633695
0
10
0
1
-0.91125812394158923
144
145
2.4113330719578721
0
6
1
-1
0
0
0
2.3072931579191116
0
3
1
-1
0
0
0
2.5153729859966329
0
3
1
-1
0
0
0
1.5695714402216145
0
4
0
7
-0.11114860579308655
148
149
0.99786730828201764
0
14
1
-1
0
0
0
2.6025072934908433
0
3
0
5
0.54200594565879379
150
153
0.56023822140688351
0
11
0
2
0.10884561579422666
151
152
0.89142877457995506
0
6
1
-1
0
0
0
0.91538075409937514
0
3
1
-1
0
0
0
0.8674767950605351
0
3
1
-1
0
0
0
0.16280955759919774
0
5
0
7
0.686396388150885
155
162
0.19079254639910201
0
22
0
4
1.6327026479871982
156
159
-0.21085415432135443
0
14
0
0
1.0360168708883613
157
158
-0.53401340656952945
0
8
1
-1
0
0
0
-0.20886528459340256
0
4
1
-1
0
0
0
-0.85916152854565642
0
4
0
1
0.0097133712382223014
160
161
0.22002484867621233
0
6
1
-1
0
0
0
-0.021441044853940845
0
3
1
-1
0
0
0
0.46149074220636549
0
3
0
1
-0.80995125947180879
163
164
0.89367427265990074
0
8
1
-1
0
0
0
0.48162537498987801
0
4
1
-1
0
0
0
1.3057231703299235
0
4
"DecisionTree"
0
0
12
3
0
2
1
157
0
7
-0.12261113397935636
1
84
0.095198143717828893
0
320
0
6
-0.56105452979697945
2
29
-0.52692035445275598
0
165
0
5
-1.1323458713012324
3
4
-0.84576732947229627
0
57
1
-1
0
0
0
-1.2579619875439998
0
4
0
1
-0.65799096276714075
5
12
-0.81465829867443196
0
53
0
3
-0.64829897757798216
6
11
-0.50560194665274383
0
19
0
1
-0.81685854568565941
7
8
-0.60155798881429401
0
15
1
-1
0
0
0
-0.79089838691530923
0
5
0
4
-0.90422861508878771
9
10
-0.50688778976378646
0
10
1
-1
0
0
0
-0.44473240291089133
0
5
1
-1
0
0
0
-0.56904317661668125
0
5
1
-1
0
0
0
-0.14576678854693043
0
4
0
4
-0.57057866033948001
13
26
-0.98736626009831685
0
34
0
6
-0.66368002010324434
14
23
-0.92606073800892552
0
27
0
0
-1.067120969907414
15
16
-1.0414510626756428
0
20
1
-1
0
0
0
-0.6891773238937724
0
4
0
2
-0.16696227943096278
17
18
-1.12951949737111
0
16
1
-1
0
0
0
-0.94610721420115096
0
5
0
2
0.50285689468735439
19
22
-1.2128887169938185
0
11
0
6
-0.70914700947943765
20
21
-1.1506271793225988
0
6
1
-1
0
0
0
-1.2346088075125654
0
3
1
-1
0
0
0
-1.0666455511326325
0
3
1
-1
0
0
0
-1.2876025621992822
0
5
0
7
-0.54997284059625395
24
25
-0.59637409610401948
0
7
1
-1
0
0
0
-1.0560917101568879
0
4
1
-1
0
0
0
0.016582722633138463
0
3
0
4
-0.55985419750825227
27
28
-1.2238304167288265
0
7
1
-1
0
0
0
-1.3495783092057814
0
3
1
-1
0
0
0
-1.12951949737111
0
4
0
0
0.3401067916995249
30
55
-0.35864000652577593
0
108
0
2
1.1332749409163589
31
54
-0.63640811901505012
0
47
0
5
-0.15690286395362357
32
39
-0.72822857686591758
0
44
0
0
-0.92588460697241159
33
36
-0.57788698443923636
0
13
0
3
-0.087506611985253349
34
35
-0.70601855949336467
0
6
1
-1
0
0
0
-0.77832359766761383
0
3
1
-1
0
0
0
-0.6337135213191154
0
3
0
6
-0.34671015130921107
37
38
-0.46805992010712644
0
7
1
-1
0
0
0
-0.51627397173795897
0
4
1
-1
0
0
0
-0.4037745179326831
0
3
0
7
-0.92418277716909025
40
41
-0.79127505110936469
0
31
1
-1
0
0
0
-1.113531551041897
0
5
0
3
-0.15139158986965051
42
43
-0.72930264727618521
0
26
1
-1
0
0
0
-0.3804213379012486
0
3
0
5
0.60215970698147236
44
51
-0.7748089050207424
0
23
0
3
0.040045306316358775
45
46
-0.83412422495426264
0
16
1
-1
0
0
0
-0.98446032140662243
0
4
0
3
0.34922243478077925
47
50
-0.784012192803476
0
12
0
1
0.82707557321030434
48
49
-0.72027747230101935
0
8
1
-1
0
0
0
-0.81425156694674383
0
3
1
-1
0
0
0
-0.66389301551358459
0
5
1
-1
0
0
0
-0.91148163380838954
0
4
0
4
1.9901847423614565
52
53
-0.63923103088698185
0
7
1
-1
0
0
0
-0.59823465165597445
0
4
1
-1
0
0
0
-0.69389286986165821
0
3
1
-1
0
0
0
0.71029192946434117
0
3
0
5
-0.30620536507825757
56
63
-0.14462195264059743
0
61
0
7
-0.23506202524934286
57
62
0.22628230332566085
0
15
0
7
-0.58997088977082546
58
61
0.3822246599842849
0
12
0
1
-0.82146340316155753
59
60
0.030355110856804993
0
6
1
-1
0
0
0
-0.16694932043441754
0
3
1
-1
0
0
0
0.2276595421480275
0
3
1
-1
0
0
0
0.73409420911176493
0
6
1
-1
0
0
0
-0.39748712330883529
0
3
0
3
-0.17581178619406174
64
67
-0.26556899262959471
0
46
0
6
-0.45453186897275522
65
66
-0.73041963862877379
0
12
1
-1
0
0
0
-0.5491031536667641
0
5
1
-1
0
0
0
-0.85993141360163783
0
7
0
7
-0.32410466223729828
68
81
-0.10150405874753161
0
34
0
1
-0.77080997092666803
69
76
-0.25484617604582765
0
26
0
7
-0.60495002496506101
70
73
-0.45759162191537994
0
12
0
2
0.73926366202323113
71
72
-0.69673716742958935
0
6
1
-1
0
0
0
-0.89808349526471398
0
3
1
-1
0
0
0
-0.49539083959446467
0
3
0
5
0.27412696538010256
74
75
-0.21844607640117061
0
6
1
-1
0
0
0
-0.29479301111932193
0
3
1
-1
0
0
0
-0.14209914168301924
0
3
0
3
0.083434762285625116
77
78
-0.081064365300497113
0
14
1
-1
0
0
0
0.17039934110941396
0
4
0
7
-0.54336913583320401
79
80
-0.18164984786446156
0
10
1
-1
0
0
0
-0.095871821210538583
0
5
1
-1
0
0
0
-0.26742787451838457
0
5
0
1
-0.71094682373998075
82
83
0.39685782247193058
0
8
1
-1
0
0
0
0.80430344907806472
0
4
1
-1
0
0
0
-0.010587804134203599
0
4
0
7
1.383275150950801
85
148
0.75745331918974179
0
155
0
1
1.0458063033155103
86
141
0.46113548569763424
0
128
0
0
0.77151968211917299
87
128
0.62090480522977665
0
108
0
0
-1.4420393151530611
88
95
0.83519072426733287
0
80
0
3
0.28424726956047086
89
94
1.4335824298015152
0
15
0
6
-0.32592524188009414
90
93
1.7345937065253858
0
11
0
7
0.49121127704463735
91
92
1.5858490558031406
0
8
1
-1
0
0
0
1.6899278918086205
0
4
1
-1
0
0
0
1.4817702197976605
0
4
1
-1
0
0
0
2.1312461084513745
0
3
1
-1
0
0
0
0.60580141881087124
0
4
0
7
-0.10443752371681619
96
97
0.69710033068252175
0
65
1
-1
0
0
0
2.452804427497028
0
3
0
7
0.49470103972429791
98
111
0.61214690664311022
0
62
0
6
1.3628486492356569
99
110
0.29718016270314412
0
25
0
2
-0.40336904676683943
100
103
0.23431438191223003
0
22
0
0
-0.71274609563413427
101
102
-0.077578496852581516
0
6
1
-1
0
0
0
-0.23760766001670661
0
3
1
-1
0
0
0
0.082450666311543561
0
3
0
3
-0.22901292818652902
104
107
0.35127421144903431
0
16
0
2
1.0150715572484206
105
106
0.17835838430388792
0
9
1
-1
0
0
0
-0.03708468147756204
0
4
1
-1
0
0
0
0.35071283692904787
0
5
0
6
-0.14145917069668135
108
109
0.57359456063565106
0
7
1
-1
0
0
0
0.31456031784192334
0
4
1
-1
0
0
0
0.91897355102728806
0
3
1
-1
0
0
0
0.75819588850318109
0
3
0
5
-0.11579058103524607
112
123
0.8249622741701137
0
37
0
0
-1.2956670844749647
113
114
0.673166720488933
0
25
1
-1
0
0
0
0.18394717952508591
0
3
0
4
-0.29055101974631109
115
122
0.73987847607491197
0
22
0
0
-1.1980855973562365
116
119
0.58826289696540113
0
19
0
6
-0.49869980150962867
117
118
0.81979738582968953
0
8
1
-1
0
0
0
1.1171761815504888
0
3
1
-1
0
0
0
0.64137010839720998
0
5
0
6
-0.58703566658337558
120
121
0.4198741777913732
0
11
1
-1
0
0
0
0.16478559590954991
0
3
1
-1
0
0
0
0.51553239599705702
0
8
1
-1
0
0
0
1.7001104771018138
0
3
0
0
0.58406050949634936
124
127
1.141203011005907
0
12
0
7
0.86606547749679552
125
126
0.70434670597648508
0
7
1
-1
0
0
0
0.77017187826289113
0
4
1
-1
0
0
0
0.61657980959461023
0
3
1
-1
0
0
0
1.7528018380470978
0
5
0
7
0.77790870334290796
129
136
0.0086593222653303242
0
28
0
5
-0.11535782016242105
130
135
-0.29638980975394991
0
18
0
0
1.1721173660802737
131
134
-0.14288218716730797
0
13
0
7
0.25119613766890359
132
133
0.038638503773937752
0
9
1
-1
0
0
0
0.14143241587811536
0
6
1
-1
0
0
0
-0.16694932043441754
0
3
1
-1
0
0
0
-0.55130374178511088
0
4
1
-1
0
0
0
-0.69550962847921904
0
5
0
6
-0.54546584772514173
137
138
0.55774775990003478
0
10
1
-1
0
0
0
0.27795869913880955
0
3
0
3
-0.032779207722510369
139
140
0.67765735736913135
0
7
1
-1
0
0
0
0.54412507154836465
0
3
1
-1
0
0
0
0.77780657173470635
0
4
0
1
1.0711330194329549
142
143
-0.40161883977593532
0
20
1
-1
0
0
0
-0.72550948282729255
0
5
0
5
-0.83850123865303983
144
145
-0.29365529209214947
0
15
1
-1
0
0
0
-0.43790608874785664
0
4
0
6
-0.47012055104459288
146
147
-0.24120045694461956
0
11
1
-1
0
0
0
-0.13431474833920773
0
6
1
-1
0
0
0
-0.36946330727111393
0
5
0
2
-0.08816002365233723
149
152
2.1622193446338076
0
27
0
7
1.9691526162092048
150
151
1.4801983711416986
0
8
1
-1
0
0
0
0.86605464627656958
0
4
1
-1
0
0
0
2.094342096006828
0
4
0
5
-0.27764314747180585
153
156
2.449386070314695
0
19
0
1
0.044249802307464892
154
155
2.5413730468898046
0
16
1
-1
0
0
0
2.6025072934908442
0
13
1
-1
0
0
0
2.2764579782852983
0
3
1
-1
0
0
0
1.9587888619141101
0
3
"DecisionTree"
0
0
12
3
0
2
1
159
0
1
0.96061644001137658
1
126
-0.0088501254450377258
0
320
0
0
-1.2006535312277795
2
21
0.13067157452552425
0
260
0
3
-0.0070507865950057008
3
14
0.87480289791249533
0
43
0
0
-1.4471751828961512
4
7
0.6537521302712731
0
26
0
6
-0.3285233555587338
5
6
1.6948038304965023
0
7
1
-1
0
0
0
1.7042990795202726
0
3
1
-1
0
0
0
1.6876823937286747
0
4
0
2
0.62106027835529276
8
11
0.27020676703039931
0
19
0
7
1.0867527004928705
9
10
0.94074170881402508
0
10
1
-1
0
0
0
0.49250000140561478
0
7
1
-1
0
0
0
1.9866390261003157
0
3
0
1
0.94910429632162963
12
13
-0.47483205717362925
0
9
1
-1
0
0
0
-0.078027596468570673
0
3
1
-1
0
0
0
-0.67323428752615844
0
6
0
4
0.11221213991535314
15
18
1.2128805425402467
0
17
0
4
-0.1511330029403504
16
17
2.2373848146955244
0
6
1
-1
0
0
0
2.6025072934908433
0
3
1
-1
0
0
0
1.8722623359002053
0
3
0
6
0.70292777486119418
19
20
0.65406003045554995
0
11
1
-1
0
0
0
0.91418465212212408
0
6
1
-1
0
0
0
0.34191048445566102
0
5
0
1
-0.49221609363477492
22
103
-0.016783019509682043
0
217
0
0
1.2286119112542746
23
92
0.15764794144468519
0
169
0
3
0.16389058767587278
24
75
0.26604520907565798
0
144
0
3
-0.79983501726964101
25
32
0.15800916388243405
0
112
0
7
-0.19471499980680532
26
31
-0.34090057169420551
0
12
0
3
-0.95943844324704286
27
28
-0.53251640784956578
0
9
1
-1
0
0
0
-0.91395168169632968
0
3
0
5
-0.90341536957679369
29
30
-0.34179877092618377
0
6
1
-1
0
0
0
-0.23102086564886606
0
3
1
-1
0
0
0
-0.45257667620350145
0
3
1
-1
0
0
0
0.23394693677187525
0
3
0
5
-0.83460639079761456
33
36
0.2178783321516308
0
100
0
3
-0.78195594496069709
34
35
1.6613151137030733
0
7
1
-1
0
0
0
1.0629848278878011
0
3
1
-1
0
0
0
2.1100628280645273
0
4
0
5
-0.014091775921364914
37
60
0.10923255289507056
0
93
0
7
0.60465540846191179
38
51
0.29710616819498603
0
63
0
7
-0.65536367352200409
39
44
-0.032708698633960677
0
41
0
3
-0.48498891465848221
40
43
-0.45040602805955393
0
12
0
2
0.50285689468735439
41
42
-0.26444136207205687
0
8
1
-1
0
0
0
-0.14823683643487062
0
4
1
-1
0
0
0
-0.38064588770924312
0
4
1
-1
0
0
0
-0.8223353600345481
0
4
0
2
1.0150715572484206
45
48
0.14013157561111242
0
29
0
6
-0.0050582025681014421
46
47
-0.059122641205028442
0
21
1
-1
0
0
0
-0.26999566761686355
0
17
1
-1
0
0
0
0.83708772104527096
0
4
0
7
0.27414803836974821
49
50
0.66317389475348199
0
8
1
-1
0
0
0
0.85693792407199021
0
5
1
-1
0
0
0
0.34023384588930167
0
3
0
1
-0.69252739383638495
52
57
0.91176114728529545
0
22
0
1
-0.83988283306515332
53
56
0.68014467831922498
0
13
0
7
0.8398654130710359
54
55
0.87206759113509047
0
9
1
-1
0
0
0
1.3117860151457768
0
3
1
-1
0
0
0
0.6522083791297475
0
6
1
-1
0
0
0
0.24831812448352725
0
4
0
5
-0.60567588907317571
58
59
1.2463182691251751
0
9
1
-1
0
0
0
1.1714872951107735
0
5
1
-1
0
0
0
1.3398569866431771
0
4
0
3
-0.14223401624799631
61
66
-0.28530203923475178
0
30
0
0
0.71759307081671508
62
65
-0.58210789271818331
0
11
0
6
0.03781067312945223
63
64
-0.72937173952479917
0
6
1
-1
0
0
0
-0.72503044323690424
0
3
1
-1
0
0
0
-0.73371303581269398
0
3
1
-1
0
0
0
-0.40539127655024387
0
5
0
6
0.21188428959830657
67
70
-0.11346707142855465
0
19
0
2
-0.24576453520958833
68
69
-0.49741178786641577
0
8
1
-1
0
0
0
-0.25961354120017377
0
4
1
-1
0
0
0
-0.73521003453265776
0
4
0
1
-0.71555168121587898
71
74
0.16576544961716252
0
11
0
6
0.46649943010498907
72
73
0.2984675816023129
0
6
1
-1
0
0
0
0.22496494445209272
0
3
1
-1
0
0
0
0.37197021875253311
0
3
1
-1
0
0
0
0.0065228912349820532
0
5
0
6
0.27683713156429701
76
79
0.64417136725194224
0
32
0
4
-0.0045653442469045374
77
78
1.7854738351103066
0
8
1
-1
0
0
0
1.3475343445785108
0
5
1
-1
0
0
0
2.5153729859966329
0
3
0
5
0.59047516341519668
80
85
0.2637372112991539
0
24
0
6
1.0185985868159075
81
84
0.51265815845472662
0
10
0
3
0.30060007959913909
82
83
0.77451317455078617
0
6
1
-1
0
0
0
0.12167203277459386
0
3
1
-1
0
0
0
1.4273543163269784
0
3
1
-1
0
0
0
0.11987563431063733
0
4
0
7
0.6426132886852971
86
91
0.085936534759459143
0
14
0
5
1.6269374538311343
87
90
-0.05813112257232516
0
11
0
4
1.5075839149562076
88
89
0.13439652189428575
0
6
1
-1
0
0
0
0.1363426202302386
0
3
1
-1
0
0
0
0.13245042355833286
0
3
1
-1
0
0
0
-0.28916429593225823
0
5
1
-1
0
0
0
0.61418461164266824
0
3
0
2
-1.5854028834462228
93
94
-0.46672032010971898
0
25
1
-1
0
0
0
0.6529568784897295
0
4
0
5
-0.4996494752310443
95
96
-0.67999216746199465
0
21
1
-1
0
0
0
-0.9741310302388726
0
3
0
1
-1.0701257068601078
97
98
-0.63096902366584862
0
18
1
-1
0
0
0
-0.38895423060504192
0
6
0
2
-1.5066006276675972
99
100
-0.75197642019625188
0
12
1
-1
0
0
0
-0.6687432913662672
0
3
0
1
-0.90204840898979133
101
102
-0.77972079647291326
0
9
1
-1
0
0
0
-0.90706548758449657
0
3
1
-1
0
0
0
-0.71604845091712166
0
6
0
0
-0.4893358488096734
104
115
-0.63092536120318277
0
48
0
3
-0.41565300009452899
105
108
-0.0024933181983996257
0
21
0
7
-0.35543199336932835
106
107
-0.44539108234767538
0
6
1
-1
0
0
0
-0.72712624144485349
0
3
1
-1
0
0
0
-0.16365592325049724
0
3
0
4
-0.19045603332151881
109
110
0.1746657874613107
0
15
1
-1
0
0
0
0.38596715678419424
0
4
0
7
0.77331832320273897
111
114
0.097828925889353005
0
11
0
3
0.59996552204035869
112
113
0.012765375897230896
0
8
1
-1
0
0
0
-0.15317693221075102
0
4
1
-1
0
0
0
0.17870768400521281
0
4
1
-1
0
0
0
0.3246650592016786
0
3
0
2
-0.0093577678737116737
116
123
-1.1197058390957919
0
27
0
4
-0.40732850390856878
117
120
-1.0074172370710077
0
17
0
1
0.38731168426194512
118
119
-0.87096643273737051
0
7
1
-1
0
0
0
-0.7455393257004076
0
4
1
-1
0
0
0
-1.0382025754533213
0
3
0
7
-0.57950160173184362
121
122
-1.1029328001045537
0
10
1
-1
0
0
0
-1.2405968023924203
0
6
1
-1
0
0
0
-0.89643679667275389
0
4
0
4
-0.59798562090817309
124
125
-1.3105964625379256
0
10
1
-1
0
0
0
-1.2968839542630575
0
6
1
-1
0
0
0
-1.3311652249502275
0
4
0
0
-1.2237649360716902
127
138
-0.61344415865080604
0
60
0
6
-0.48311111943779095
128
131
-0.21905984587635569
0
20
0
0
-1.4856941909693351
129
130
-0.74800937358834785
0
8
1
-1
0
0
0
-0.52772601194568169
0
5
1
-1
0
0
0
-1.1151483096594579
0
3
0
5
-0.23003945146105298
132
135
0.1335731725983057
0
12
0
1
1.0412014458396104
133
134
0.38529350736021062
0
6
1
-1
0
0
0
0.19622256902878873
0
3
1
-1
0
0
0
0.57436444569163247
0
3
0
7
-0.37510888601695314
136
137
-0.1181471621635992
0
6
1
-1
0
0
0
-0.0028782607263903026
0
3
1
-1
0
0
0
-0.2334160636008081
0
3
0
1
1.7296276384865199
139
156
-0.81063631503803146
0
40
0
1
1.3059807507038075
140
147
-0.7318490309549327
0
31
0
5
-0.23350153844365321
141
144
-0.88540177753702098
0
14
0
3
-0.44879469510622993
142
143
-1.0182924924778032
0
6
1
-1
0
0
0
-1.0663461513886396
0
3
1
-1
0
0
0
-0.97023883356696672
0
3
0
1
1.1724398839027352
145
146
-0.78573374133143437
0
8
1
-1
0
0
0
-0.73107831806555779
0
5
1
-1
0
0
0
-0.87682611344122863
0
3
0
0
-0.93358840858704828
148
149
-0.60539382788733054
0
17
1
-1
0
0
0
-0.3220383878226622
0
3
0
1
1.4049851864356371
150
153
-0.66611285075833082
0
14
0
1
1.3658438978904948
151
152
-0.82336187344252321
0
7
1
-1
0
0
0
-0.8816165093451126
0
3
1
-1
0
0
0
-0.77967089651558119
0
4
0
3
0.041135493652269983
154
155
-0.50886382807413844
0
7
1
-1
0
0
0
-0.34179877092618377
0
3
1
-1
0
0
0
-0.63416262093510445
0
4
0
3
-0.79024136871362238
157
158
-1.0820147379909271
0
9
1
-1
0
0
0
-1.158710972410403
0
4
1
-1
0
0
0
-1.020657750455346
0
5
"DecisionTree"
0
0
12
3
0
2
1
163
0
3
-0.47713956583992145
1
48
0.012344569557049077
0
320
0
7
-0.62986156163217666
2
25
-0.5013375379579067
0
87
0
2
1.8030941150346762
3
24
-0.89201890975267462
0
43
0
1
-0.47840152120707718
4
13
-0.9302539977567349
0
40
0
3
-0.8399539112311738
5
6
-0.71315425339185845
0
18
1
-1
0
0
0
-1.1214357042833056
0
3
0
6
-0.64809133803140662
7
8
-0.63149796321356899
0
15
1
-1
0
0
0
-0.49197768251294727
0
5
0
6
-0.62860548544160944
9
10
-0.70125810356387985
0
10
1
-1
0
0
0
-0.85871242892966726
0
4
0
3
-0.77432463360931858
11
12
-0.59628855332002162
0
6
1
-1
0
0
0
-0.56634857892074653
0
3
1
-1
0
0
0
-0.6262285277192966
0
3
0
3
-0.60076680973225316
14
23
-1.1078810613279977
0
22
0
0
-1.067120969907414
15
16
-1.0716854468231771
0
18
1
-1
0
0
0
-0.87308361664131928
0
4
0
4
-1.0400718109510059
17
18
-1.1284288268751363
0
14
1
-1
0
0
0
-0.92802346966398896
0
3
0
4
-0.80651684262649037
19
22
-1.1830848333872674
0
11
0
1
1.6398329177064883
20
21
-1.2342238649845747
0
7
1
-1
0
0
0
-1.2487554454162229
0
4
1
-1
0
0
0
-1.2148484244090438
0
3
1
-1
0
0
0
-1.0935915280919799
0
4
1
-1
0
0
0
-1.27076132659969
0
4
1
-1
0
0
0
-0.38221773636520506
0
3
0
7
0.60465540846191179
26
47
-0.11953528824938381
0
44
0
0
0.6996175337158983
27
34
-0.19990519957196101
0
41
0
2
0.62106027835529276
28
31
0.034310339053761817
0
19
0
4
-0.9197195058450055
29
30
-0.51854441979657073
0
9
1
-1
0
0
0
-0.32114018859068399
0
4
1
-1
0
0
0
-0.67646780476128021
0
5
0
1
-0.76620511345076836
32
33
0.53187962201906114
0
10
1
-1
0
0
0
0.15176170704586525
0
4
1
-1
0
0
0
0.78529156533452493
0
6
0
2
1.0544726851377333
35
46
-0.40218225565781257
0
22
0
6
-0.50519508570622773
36
45
-0.4531282020476986
0
19
0
0
0.72016100468826183
37
38
-0.57302893570858482
0
16
1
-1
0
0
0
-0.83176645197031984
0
4
0
2
-0.56097355832409057
39
40
-0.48678309695467314
0
12
1
-1
0
0
0
-0.71095865526924495
0
3
0
3
-0.62322466885202421
41
44
-0.41205791084981586
0
9
0
5
-0.34558660450533496
42
43
-0.46155866852328392
0
6
1
-1
0
0
0
-0.45377427517947239
0
3
1
-1
0
0
0
-0.46934306186709546
0
3
1
-1
0
0
0
-0.31305639550287973
0
3
1
-1
0
0
0
0.18634237747702795
0
3
1
-1
0
0
0
-0.079524595188534386
0
3
1
-1
0
0
0
0.97885349982583814
0
3
0
7
0.38871963157583611
49
120
0.20414861828580946
0
233
0
7
-0.58701801365726658
50
73
-0.23458241272849983
0
144
0
1
-0.31492908081266213
51
62
-0.75562017878271637
0
47
0
2
0.50285689468735439
52
59
-0.53608617402794101
0
26
0
0
0.72529687243135188
53
56
-0.38512367505689937
0
17
0
7
-0.83234833003740649
54
55
-0.096889780340113918
0
9
1
-1
0
0
0
-0.25593092434906295
0
5
1
-1
0
0
0
0.10191164967107233
0
4
0
6
0.74189948004078843
57
58
-0.70938680661328302
0
8
1
-1
0
0
0
-0.68652763615943657
0
5
1
-1
0
0
0
-0.74748542403636054
0
3
0
2
1.0150715572484206
60
61
-0.82123756097324141
0
9
1
-1
0
0
0
-0.90137689244863428
0
4
1
-1
0
0
0
-0.75712609579292711
0
5
0
7
-0.67361781676945953
63
72
-1.0274241846695824
0
21
0
1
0.71425656505077861
64
67
-1.1385543249398324
0
17
0
4
-0.30723351748377647
65
66
-1.3693386923093029
0
6
1
-1
0
0
0
-1.368141093333332
0
3
1
-1
0
0
0
-1.3705362912852739
0
3
0
6
-0.34541109446989127
68
69
-1.0126719427383029
0
11
1
-1
0
0
0
-1.2902971598952169
0
4
0
4
0.084805179346660015
70
71
-0.85402896150578067
0
7
1
-1
0
0
0
-0.92428097286407962
0
4
1
-1
0
0
0
-0.76035961302804889
0
3
1
-1
0
0
0
-0.55512108852101838
0
4
0
5
-0.033133254325666064
74
97
0.017879185256533061
0
97
0
1
0.9997577285565189
75
90
0.23266395540462631
0
56
0
0
-1.3136426215757817
76
77
0.5207934910698897
0
42
1
-1
0
0
0
1.9683718992199581
0
4
0
5
-0.52474960585489583
78
79
0.36841681652777725
0
38
1
-1
0
0
0
1.1334934675980937
0
6
0
6
-0.47141960788391268
80
81
0.22496494445209278
0
32
1
-1
0
0
0
-0.61065974103167353
0
3
0
5
-0.088526646047269425
82
89
0.31140887743317203
0
29
0
5
-0.17464605973944963
83
88
0.21662965557933461
0
25
0
3
0.0051593115671999031
84
87
0.32753074246560926
0
21
0
5
-0.35770390894443571
85
86
0.2048053616899142
0
18
1
-1
0
0
0
0.48803751950705609
0
9
1
-1
0
0
0
-0.078426796127227652
0
9
1
-1
0
0
0
1.0638830271197792
0
3
1
-1
0
0
0
-0.36560105057360737
0
4
1
-1
0
0
0
0.90377901401965599
0
4
0
5
-0.47065449675176751
91
92
-0.63172465159116353
0
14
1
-1
0
0
0
-0.24658965233648911
0
3
0
4
-0.22143781483395453
93
96
-0.73676146956971111
0
11
0
4
-0.34655654786494489
94
95
-0.87184859269734916
0
8
1
-1
0
0
0
-0.72173704605298405
0
4
1
-1
0
0
0
-1.0219601393417144
0
4
1
-1
0
0
0
-0.37652914122934272
0
3
0
6
-0.10768369287436631
98
101
-0.2754853788481797
0
41
0
5
-0.00024342799096407734
99
100
-0.85182623481783404
0
6
1
-1
0
0
0
-0.85227533443382308
0
3
1
-1
0
0
0
-0.85137713520184499
0
3
0
2
0.69986253413391841
102
119
-0.17668408925338183
0
35
0
5
0.41866909690366128
103
110
-0.32178576928866837
0
32
0
3
0.3016902669350503
104
107
-0.11485376497967899
0
15
0
5
0.040868854927413413
105
106
0.21559800960431952
0
7
1
-1
0
0
0
-0.011261453558187334
0
4
1
-1
0
0
0
0.51807729382099532
0
3
0
2
-0.12756115154165001
108
109
-0.40399906774067768
0
8
1
-1
0
0
0
-0.23491306232077189
0
3
1
-1
0
0
0
-0.50545067099262109
0
5
0
1
1.1125767367160462
111
118
-0.5043728319142472
0
17
0
2
-0.87618258143859284
112
113
-0.37780159014131193
0
12
1
-1
0
0
0
-0.66185709725443387
0
3
0
4
1.0285579084947016
114
115
-0.28311642110360469
0
9
1
-1
0
0
0
-0.38491233406113984
0
3
0
3
1.2202821161738397
116
117
-0.23221846462483711
0
6
1
-1
0
0
0
-0.13102135115528746
0
3
1
-1
0
0
0
-0.33341557809438677
0
3
1
-1
0
0
0
-0.80814381216929176
0
5
1
-1
0
0
0
1.3710671644563412
0
3
0
7
1.242288738692513
121
148
0.91400556734266969
0
89
0
7
0.43414023506803401
122
123
0.68089443642879355
0
58
1
-1
0
0
0
2.4405290379933255
0
3
0
2
-0.36396791887752666
124
131
0.58491436725254642
0
55
0
1
-0.62805938917379789
125
128
0.1259135291478245
0
18
0
3
1.764285596793536
126
127
0.49252851566694744
0
9
1
-1
0
0
0
0.54382567180437191
0
5
1
-1
0
0
0
0.42840707049516663
0
4
0
1
0.61525212931894901
129
130
-0.24070145737129842
0
9
1
-1
0
0
0
-0.61155794026365184
0
6
1
-1
0
0
0
0.50101150841340858
0
3
0
1
1.0227820159360146
132
147
0.80821207227646519
0
37
0
3
0.01693333479504102
133
144
0.94324392346196051
0
32
0
5
-0.33563310443035937
134
139
0.80669864703000671
0
24
0
0
0.67907406274353455
135
138
1.1047102649369724
0
11
0
2
0.18764787157285223
136
137
0.9741753788259514
0
8
1
-1
0
0
0
0.81418364062982551
0
3
1
-1
0
0
0
1.070170421743627
0
5
1
-1
0
0
0
1.452803294566362
0
3
0
5
-0.21446006003935203
140
143
0.55453497033949717
0
13
0
3
-0.14506850332136548
141
142
0.47586192991801757
0
9
1
-1
0
0
0
0.35161103616102612
0
5
1
-1
0
0
0
0.63117554711425683
0
4
1
-1
0
0
0
0.73154931128782641
0
4
0
3
0.37080814403182133
145
146
1.3528797527578216
0
8
1
-1
0
0
0
2.1060965299559835
0
3
1
-1
0
0
0
0.90094968643892448
0
5
1
-1
0
0
0
-0.05599177531070422
0
5
0
7
1.9668976926315782
149
162
1.350148973568631
0
31
0
2
0.10884561579422666
150
157
1.2371696109479033
0
27
0
0
-1.0363057634488704
151
152
0.75417270444327877
0
16
1
-1
0
0
0
1.1602148947494466
0
4
0
4
0.021650009340541065
153
156
0.6188253076745559
0
12
0
1
-0.81225368820975952
154
155
0.39861679596788796
0
6
1
-1
0
0
0
0.67855555660110956
0
3
1
-1
0
0
0
0.11867803533466637
0
3
1
-1
0
0
0
0.8390338193812239
0
6
0
7
1.4192197065513055
158
159
1.9397105658637215
0
11
1
-1
0
0
0
2.3368145714762845
0
5
0
4
-0.17973157049029106
160
161
1.6087905611865851
0
6
1
-1
0
0
0
1.2587922604590598
0
3
1
-1
0
0
0
1.9587888619141101
0
3
1
-1
0
0
0
2.1127596712585417
0
4
"DecisionTree"
0
0
12
3
0
2
1
161
0
7
0.38871963157583611
1
118
-0.065720171192260673
0
320
0
7
-0.63257283879098991
2
49
-0.40982765144914812
0
234
0
6
0.61719002346608676
3
46
-0.88341290780906956
0
90
0
1
-0.47609909246912813
4
21
-0.95319443385537972
0
84
0
0
0.71502513694517189
5
10
-0.6168017129227249
0
35
0
3
-0.73224340244314567
6
7
-0.85817350939048043
0
10
1
-1
0
0
0
-0.79808398077113518
0
3
0
7
-1.1472591453843179
8
9
-0.88392616451305694
0
7
1
-1
0
0
0
-0.90197569193661975
0
3
1
-1
0
0
0
-0.87038901894538456
0
4
0
0
1.2902423241713656
11
20
-0.52025299433562278
0
25
0
4
0.1014876770841254
12
19
-0.43397112068395188
0
21
0
2
-0.52157243043477775
13
14
-0.4926962418985299
0
17
1
-1
0
0
0
-0.20437428843351133
0
4
0
2
0.46345576679804162
15
16
-0.58141068911853566
0
13
1
-1
0
0
0
-0.62263573079138357
0
6
0
6
-0.96116403630748048
17
18
-0.54607493911323746
0
7
1
-1
0
0
0
-0.60766574359174608
0
4
1
-1
0
0
0
-0.46395386647522591
0
3
1
-1
0
0
0
-0.1843893555219952
0
4
1
-1
0
0
0
-0.97323283100689428
0
4
0
4
-0.010523379153142172
22
43
-1.1934749488072758
0
49
0
5
-0.62731393271442704
23
32
-1.227266028791143
0
40
0
1
1.5431309107126077
24
29
-1.1049687183637047
0
15
0
1
1.2645370334207162
25
28
-1.2243294163021476
0
9
0
1
0.94910429632162963
26
27
-1.1548187757384973
0
6
1
-1
0
0
0
-1.116345908635429
0
3
1
-1
0
0
0
-1.1932916428415659
0
3
1
-1
0
0
0
-1.363350697429448
0
3
0
6
-0.77150173776678843
30
31
-0.92592767145603971
0
6
1
-1
0
0
0
-1.0151487951658793
0
3
1
-1
0
0
0
-0.83670654774620024
0
3
0
1
0.59683269941535144
33
38
-1.3006444150476062
0
25
0
6
-0.21940258105586985
34
37
-1.3302028686302505
0
14
0
1
0.40112625668964119
35
36
-1.3569635028909364
0
9
1
-1
0
0
0
-1.3510753079257454
0
6
1
-1
0
0
0
-1.3687398928213177
0
3
1
-1
0
0
0
-1.2820337269610171
0
5
0
1
1.4786629060500207
39
40
-1.2630245650333318
0
11
1
-1
0
0
0
-1.2015999857373647
0
4
0
0
-1.0157622924765031
41
42
-1.2981243246310274
0
7
1
-1
0
0
0
-1.3337101227741659
0
3
1
-1
0
0
0
-1.2714349760236736
0
4
0
0
-0.27619733747139619
44
45
-1.0432923711011979
0
9
1
-1
0
0
0
-0.81407192710034815
0
5
1
-1
0
0
0
-1.32981792610226
0
4
0
6
1.1082335087289743
47
48
0.093528456839275312
0
6
1
-1
0
0
0
-0.23491306232077183
0
3
1
-1
0
0
0
0.42196997599932251
0
3
0
1
1.0158747297221657
50
101
-0.11383686622419699
0
144
0
1
0.76260756854771727
51
94
0.093540009150152051
0
106
0
2
-0.71857806988134176
52
65
-0.036983510684949115
0
91
0
4
-0.44069349938349955
53
54
-0.56779211340071167
0
28
1
-1
0
0
0
-1.0869191909401414
0
7
0
7
-0.20158714785290616
55
60
-0.39474975422090158
0
21
0
7
-0.60435944974234923
56
57
-0.58749708811005263
0
11
1
-1
0
0
0
-0.30856539934298843
0
5
0
4
1.408680535512663
58
59
-0.81994016208260601
0
6
1
-1
0
0
0
-0.74598842531639675
0
3
1
-1
0
0
0
-0.89389189884881548
0
3
0
1
-1.1046621379293504
61
62
-0.18272768694283545
0
10
1
-1
0
0
0
0.080654267847587044
0
3
0
2
-1.1125893487744696
63
64
-0.29560566756730228
0
7
1
-1
0
0
0
-0.25512254504028253
0
4
1
-1
0
0
0
-0.34958316426999519
0
3
0
2
0.77866478991254384
66
87
0.19893142385538984
0
63
0
1
-0.68331767888458539
67
84
0.055908228137577537
0
46
0
3
0.65360273896719034
68
83
0.12059419369621997
0
40
0
2
-0.08816002365233723
69
74
0.17818373445322558
0
36
0
3
0.16127413806968585
70
73
0.65325627823372223
0
12
0
0
0.6610985256427141
71
72
0.99715965560139508
0
7
1
-1
0
0
0
1.1927746169086584
0
4
1
-1
0
0
0
0.73633970719171027
0
3
1
-1
0
0
0
0.17179154991898027
0
5
0
0
0.94357125151272281
75
82
-0.059352537437022866
0
24
0
6
-0.32072901452281488
76
79
0.027540753263273134
0
20
0
7
-0.31631980702882456
77
78
-0.051156469445221307
0
12
1
-1
0
0
0
0.12766002765444887
0
6
1
-1
0
0
0
-0.22997296654489152
0
6
0
7
-0.072439084377158985
80
81
0.14558658732601479
0
8
1
-1
0
0
0
0.25209056125783591
0
5
1
-1
0
0
0
-0.031920035893687103
0
3
1
-1
0
0
0
-0.49381899093850279
0
4
1
-1
0
0
0
-0.39771167311682987
0
4
0
2
-0.20636340732027558
85
86
-0.37533154225337179
0
6
1
-1
0
0
0
-0.20437428843351133
0
3
1
-1
0
0
0
-0.54628879607323222
0
3
0
4
-0.31795798031500422
88
93
0.58593536520946987
0
17
0
3
-0.4784477906430149
89
92
0.7260219313987295
0
13
0
5
-0.74156280314023393
90
91
0.57965384116883767
0
9
1
-1
0
0
0
0.95160812312249787
0
5
1
-1
0
0
0
0.11471098872676239
0
4
1
-1
0
0
0
1.0553501344159859
0
4
1
-1
0
0
0
0.13065402509437637
0
4
0
4
0.69252473978289897
95
100
0.88538269614976528
0
15
0
6
0.57821831828649262
96
99
0.44371728467661414
0
11
0
6
-0.031039339354497625
97
98
0.55774775990003478
0
8
1
-1
0
0
0
0.26179111296320101
0
5
1
-1
0
0
0
1.0510088381280909
0
3
1
-1
0
0
0
0.13963601741415888
0
3
1
-1
0
0
0
2.0999625777009316
0
4
0
5
-0.60437760645470062
102
105
-0.69230920279474906
0
38
0
3
-0.56588081498309428
103
104
-0.50319826368781417
0
13
1
-1
0
0
0
-0.5904876832801621
0
8
1
-1
0
0
0
-0.36353519234005738
0
5
0
1
1.5339211957608097
106
117
-0.79064689113035513
0
25
0
2
0.069444487904913879
107
112
-0.71326831043718897
0
21
0
0
-1.0311698957057767
108
109
-0.5657198394583618
0
10
1
-1
0
0
0
-0.21784727691318506
0
3
0
6
0.50417207844526346
110
111
-0.71480808054915179
0
7
1
-1
0
0
0
-0.79868278025912076
0
3
1
-1
0
0
0
-0.65190205576667493
0
4
0
5
0.20531798660092337
113
116
-0.84740328405430487
0
11
0
2
0.50285689468735451
114
115
-0.79793428089913887
0
6
1
-1
0
0
0
-0.67952168215000608
0
3
1
-1
0
0
0
-0.91634687964827177
0
3
1
-1
0
0
0
-0.90676608784050372
0
5
1
-1
0
0
0
-1.1968844397694789
0
4
0
7
1.967192980242934
119
160
0.87057227508810631
0
86
0
1
1.0435038745775611
120
155
0.78784777381545867
0
81
0
4
-0.21547977992771689
121
136
0.91850151148725234
0
71
0
0
0.76381588050453608
122
135
0.61026144258345283
0
29
0
2
0.85746704569116949
123
134
0.72986069673170728
0
25
0
0
0.63028331918417035
124
133
0.58882117618728236
0
21
0
5
-0.53167377982009623
125
126
0.48758841989106688
0
18
1
-1
0
0
0
1.0295718164582099
0
5
0
4
-0.43116064353351935
127
132
0.27913326736524263
0
13
0
3
-0.35721895888968791
128
129
0.39643117783674092
0
10
1
-1
0
0
0
0.079157269127623289
0
3
0
5
-0.31053297380650791
130
131
0.53240571014064841
0
7
1
-1
0
0
0
0.79562085650227499
0
3
1
-1
0
0
0
0.33499435036942848
0
4
1
-1
0
0
0
-0.11185976753975146
0
3
1
-1
0
0
0
1.1962177139645749
0
3
1
-1
0
0
0
1.470318179589938
0
4
1
-1
0
0
0
-0.13723389584313705
0
4
0
4
0.12174499576533337
137
146
1.131333940016066
0
42
0
7
0.6643035059558029
138
139
1.557845803800467
0
19
1
-1
0
0
0
2.2785507824958073
0
3
0
5
-0.1707512118840244
140
143
1.4227136202950905
0
16
0
3
0.004069124231288683
141
142
1.1490123543283846
0
9
1
-1
0
0
0
0.93663813592286038
0
3
1
-1
0
0
0
1.2551994635311468
0
6
0
2
0.46345576679804168
144
145
1.7746152479665696
0
7
1
-1
0
0
0
1.5309466277484702
0
4
1
-1
0
0
0
2.0995067415907029
0
3
0
3
0.51405875997055495
147
148
0.77899805254199583
0
23
1
-1
0
0
0
1.2322073595909675
0
5
0
6
0.75229193475534695
149
150
0.6531065783617257
0
18
1
-1
0
0
0
0.28095269657873706
0
6
0
1
-0.90204840898979133
151
152
0.8391835192532201
0
12
1
-1
0
0
0
0.53556223887017196
0
5
0
2
-0.67917694199202883
153
154
1.0560558623839689
0
7
1
-1
0
0
0
0.80901899504595065
0
4
1
-1
0
0
0
1.3854383521679932
0
3
0
6
-0.29085070721845929
156
157
-0.13979376365427504
0
10
1
-1
0
0
0
-0.51874401962589911
0
3
0
7
1.3697992981416502
158
159
0.02261348890499244
0
7
1
-1
0
0
0
-0.0045249593183504314
0
4
1
-1
0
0
0
0.058798086536116269
0
3
1
-1
0
0
0
2.2107091957050025
0
5
"DecisionTree"
0
0
12
3
0
2
1
147
0
1
1.0342941596257615
1
124
0.018598225572245643
0
320
0
7
0.62519131961529917
2
87
0.16177964457578489
0
271
0
1
0.60143755689125122
3
60
-0.16032686488914891
0
202
0
7
-0.67971147929471287
4
25
-0.32425961024768934
0
148
0
0
0.49418282399225788
5
8
-0.71604845091712177
0
39
0
5
-0.63510362842527757
6
7
-1.1832831371138079
0
7
1
-1
0
0
0
-0.93970005967970627
0
3
1
-1
0
0
0
-1.3659704451893848
0
4
0
1
-0.77080997092666803
9
20
-0.61384086331159671
0
32
0
4
-0.48001652976466791
10
17
-0.74989559197550215
0
20
0
7
-0.99609873269840365
11
16
-0.83746656248095097
0
13
0
3
-0.5839779247592205
12
15
-0.93308332533746641
0
10
0
3
-0.71501844253574853
13
14
-0.8823650087050946
0
6
1
-1
0
0
0
-0.91634687964827177
0
3
1
-1
0
0
0
-0.84838313776191743
0
3
1
-1
0
0
0
-1.0091608002860244
0
4
1
-1
0
0
0
-0.51874401962589922
0
3
0
0
0.70988926920208195
18
19
-0.58726378960824011
0
7
1
-1
0
0
0
-0.80437137539498316
0
3
1
-1
0
0
0
-0.42443310026818287
0
4
0
5
0.81940566513963553
21
24
-0.38708298220508724
0
12
0
4
-0.25361120332763776
22
23
-0.5157927935779707
0
7
1
-1
0
0
0
-0.50033093537034512
0
4
1
-1
0
0
0
-0.53640860452147143
0
3
1
-1
0
0
0
-0.20688924628305044
0
5
0
0
1.0719679450899948
26
49
-0.18407828193477341
0
109
0
1
-0.49221609363477492
27
46
-0.05866985440007387
0
87
0
4
-0.86013915678262909
28
31
0.0054938432259995507
0
81
0
2
0.54225802257666722
29
30
-0.49628903882644299
0
8
1
-1
0
0
0
-0.35661905825382489
0
4
1
-1
0
0
0
-0.63595901939906097
0
4
0
5
-0.7004505202218565
32
33
0.060483748108459037
0
73
1
-1
0
0
0
0.76208808517508686
0
4
0
2
1.5666873476987995
34
45
0.019811032916190734
0
69
0
4
-0.48954938561464811
35
38
0.066177138688060688
0
65
0
5
-0.55807219306242284
36
37
-0.50785335393816289
0
8
1
-1
0
0
0
-0.55946238480891319
0
3
1
-1
0
0
0
-0.47688793541571267
0
5
0
6
0.97313159743971434
39
42
0.14674282186367096
0
57
0
2
1.2514783245842973
40
41
0.23906858345634691
0
47
1
-1
0
0
0
0.12975582586239812
0
43
1
-1
0
0
0
1.4141807275912974
0
4
0
2
-0.56097355832409057
43
44
-0.28718825762190608
0
10
1
-1
0
0
0
-0.12281779816988614
0
5
1
-1
0
0
0
-0.45155871707392609
0
5
1
-1
0
0
0
-0.73363818587669583
0
4
0
7
-0.14073105558528645
47
48
-0.9248797723520652
0
6
1
-1
0
0
0
-0.8157485656667075
0
3
1
-1
0
0
0
-1.0340109790374228
0
3
0
7
-0.29105929409374282
50
53
-0.68001160900381252
0
22
0
1
-1.0424965620047124
51
52
-0.46664846417116068
0
8
1
-1
0
0
0
-0.25161956803556734
0
5
1
-1
0
0
0
-0.82502995773048282
0
3
0
3
1.1045042211000689
54
59
-0.80193340605104202
0
14
0
4
-0.97095860603864925
55
56
-0.9637518391137907
0
9
1
-1
0
0
0
-1.0235319879976763
0
3
0
5
-0.028372884724590777
57
58
-0.93386176467184756
0
6
1
-1
0
0
0
-0.90017929347266323
0
3
1
-1
0
0
0
-0.96754423587103211
0
3
1
-1
0
0
0
-0.51066022653809495
0
5
0
5
-0.48536836642781844
61
70
0.2889702890564807
0
54
0
1
0.82707557321030434
62
65
-0.21614542573680529
0
19
0
1
0.74879299612002126
63
64
0.57166984799569764
0
8
1
-1
0
0
0
0.77196827672684754
0
3
1
-1
0
0
0
0.45149079075700771
0
5
0
3
-0.69670329529244013
66
69
-0.78910198845135282
0
11
0
0
-1.3547295635205128
67
68
-0.96795591051902208
0
8
1
-1
0
0
0
-0.77203620304376597
0
4
1
-1
0
0
0
-1.1638756179942782
0
4
1
-1
0
0
0
-0.31215819627090141
0
3
0
2
1.7242918592560506
71
86
0.56317596280140725
0
35
0
6
1.2836061820371485
72
83
0.40900656588392437
0
30
0
1
0.95370915379752941
73
82
0.20278332863628201
0
23
0
1
0.73958328116822325
74
75
0.3603435286941481
0
18
1
-1
0
0
0
0.70011233816858764
0
5
0
7
0.25957156810008902
76
79
0.22966321735782516
0
13
0
1
0.85009986058979992
77
78
0.016326094281144683
0
7
1
-1
0
0
0
-0.23221846462483708
0
3
1
-1
0
0
0
0.20273451346063098
0
4
0
2
0.18764787157285218
80
81
0.47855652761395229
0
6
1
-1
0
0
0
0.53484367948458944
0
3
1
-1
0
0
0
0.4222693757433153
0
3
1
-1
0
0
0
-0.36443339157203569
0
5
0
4
1.6458103247809208
84
85
1.0865972025547495
0
7
1
-1
0
0
0
1.793526191224992
0
3
1
-1
0
0
0
0.55640046105206731
0
4
1
-1
0
0
0
1.4881923443063052
0
5
0
0
0.94100331764117595
88
117
1.1047581215600835
0
69
0
0
0.56608497239553257
89
106
1.234005585969151
0
57
0
7
1.383275150950801
90
103
1.0463122853314648
0
32
0
2
-0.48217130254546497
91
92
0.86859378641312324
0
26
1
-1
0
0
0
0.23259963792390786
0
4
0
1
0.93759215263188267
93
102
0.98422908613843518
0
22
0
1
0.89384600661084201
94
101
0.84435256777450673
0
17
0
5
-0.60221380209057551
95
96
0.92576762214096975
0
13
1
-1
0
0
0
1.1827447254849011
0
3
0
1
0.79714399961696158
97
100
0.84867449113779025
0
10
0
0
-1.2057893989708734
98
99
0.72949628447187609
0
7
1
-1
0
0
0
0.70707338221641902
0
4
1
-1
0
0
0
0.75939348747915203
0
3
1
-1
0
0
0
1.126756973358257
0
3
1
-1
0
0
0
0.57975364108350202
0
4
1
-1
0
0
0
1.4598092485757923
0
5
0
0
-1.2417404731725106
104
105
1.8164257806442772
0
6
1
-1
0
0
0
2.1066953294439688
0
3
1
-1
0
0
0
1.5261562318445858
0
3
0
3
-0.29093556886628602
107
108
1.4742530107853882
0
25
1
-1
0
0
0
0.60729841753083502
0
3
0
6
-0.22979503577042831
109
110
1.5924740916837365
0
22
1
-1
0
0
0
2.05370217355674
0
5
0
3
0.31542662736753158
111
116
1.4568187734857945
0
17
0
5
-0.076842102480993713
112
115
1.338539520841129
0
14
0
1
-0.75929782723692107
113
114
1.2619858577283158
0
9
1
-1
0
0
0
1.2547503639151576
0
4
1
-1
0
0
0
1.2677742527788423
0
5
1
-1
0
0
0
1.4763361144441922
0
5
1
-1
0
0
0
2.0087886191608995
0
3
0
7
1.6613823921914452
118
121
0.49083266561701516
0
12
0
4
-0.60156044185191571
119
120
0.25206062128343665
0
6
1
-1
0
0
0
0.23843793293176652
0
3
1
-1
0
0
0
0.26568330963510678
0
3
0
5
0.59350448952497181
122
123
0.72960470995059346
0
6
1
-1
0
0
0
0.73125290554127353
0
3
1
-1
0
0
0
0.72795651435991326
0
3
0
3
0.091284111104185856
125
138
-0.77328268361059327
0
49
0
7
-0.24193417329544381
126
135
-0.93628690259818881
0
30
0
2
-0.048758895763024453
127
132
-1.0668408118352364
0
23
0
7
-0.80681937381927393
128
129
-1.1927527233023791
0
15
1
-1
0
0
0
-1.3580213819863771
0
5
0
5
-0.30274327809565738
130
131
-1.1101183939603798
0
10
1
-1
0
0
0
-1.0275738845415785
0
4
1
-1
0
0
0
-1.1651480669062473
0
6
0
1
1.2944686070140587
133
134
-0.83075597783434407
0
8
1
-1
0
0
0
-0.53730680375344975
0
3
1
-1
0
0
0
-1.0068254822828808
0
5
0
6
-0.44803658477615615
136
137
-0.50732405796217572
0
7
1
-1
0
0
0
-0.7329645364527122
0
4
1
-1
0
0
0
-0.20647008664146058
0
3
0
5
1.1677781677637817
139
146
-0.51590760099859956
0
19
0
0
-0.96953948278868562
140
141
-0.58885969717220144
0
16
1
-1
0
0
0
-0.33964309276943594
0
5
0
0
-0.8360069214683199
142
143
-0.70213997190073119
0
11
1
-1
0
0
0
-0.80504502481896678
0
4
0
0
-0.64854774884549649
144
145
-0.64333708451888238
0
7
1
-1
0
0
0
-0.64741105960678369
0
4
1
-1
0
0
0
-0.63790511773501379
0
3
1
-1
0
0
0
-0.12682975473938898
0
3
"DecisionTree"
0
0
12
3
0
2
1
159
0
7
0.60551442696767466
1
128
-0.091139153319793179
0
320
0
6
0.81464666304269762
2
103
-0.37265919915258122
0
254
0
3
-0.65462206412626722
3
30
-0.50096572040448373
0
208
0
1
-0.41393351654449179
4
17
-0.76138612643602388
0
56
0
7
-0.90941839660129542
5
8
-0.48830888411155926
0
26
0
4
-0.6075184767581534
6
7
-0.73206633722073389
0
8
1
-1
0
0
0
-0.92652647094402529
0
4
1
-1
0
0
0
-0.53760620349744248
0
4
0
6
-0.81307155662502228
9
14
-0.37997223828525939
0
18
0
5
-0.81426662977483832
10
13
-0.53531987817967963
0
11
0
2
0.6998625341339183
11
12
-0.44329528413972613
0
8
1
-1
0
0
0
-0.2510806484963804
0
4
1
-1
0
0
0
-0.63550991978307181
0
4
1
-1
0
0
0
-0.78071879561955571
0
3
0
5
-0.80388036882703773
15
16
-0.13585451845117044
0
7
1
-1
0
0
0
0.13245042355833286
0
3
1
-1
0
0
0
-0.3370832249582979
0
4
0
1
1.4487313324566777
18
29
-0.99805306978389319
0
30
0
4
-1.0400718109510059
19
20
-1.1248413763712231
0
24
1
-1
0
0
0
-0.71095865526924495
0
4
0
0
-0.95156394568786506
21
24
-1.2076179205916189
0
20
0
4
-0.54436330675203437
22
23
-1.1167451082940858
0
9
1
-1
0
0
0
-1.1130525114515086
0
6
1
-1
0
0
0
-1.1241303019792406
0
3
0
3
-0.7869708067058887
25
28
-1.2819684033805094
0
11
0
0
-0.30958047780148673
26
27
-1.3338598226461622
0
6
1
-1
0
0
0
-1.301075550678956
0
3
1
-1
0
0
0
-1.366644094613368
0
3
1
-1
0
0
0
-1.2196987002617263
0
5
1
-1
0
0
0
-0.49089984343457344
0
6
0
7
-0.58135386038489434
31
62
-0.40502136028760016
0
152
0
0
0.46336761753371059
32
53
-0.90014777771013765
0
57
0
3
-0.3822932676156458
33
42
-1.052510731639922
0
38
0
1
0.85470471806569814
34
37
-0.9436450916005521
0
17
0
2
-0.4427701746561522
35
36
-1.2646984817838367
0
6
1
-1
0
0
0
-1.3199377345504992
0
3
1
-1
0
0
0
-1.2094592290171742
0
3
0
1
1.3428196105109991
38
41
-0.7685250605914874
0
11
0
3
-0.47103451675881869
39
40
-0.59643825319201793
0
8
1
-1
0
0
0
-0.43992703701980773
0
4
1
-1
0
0
0
-0.75294946936422824
0
4
1
-1
0
0
0
-1.2274232136567393
0
3
0
4
0.084805179346660015
43
50
-1.1406400592908408
0
21
0
0
-0.96183568117404883
44
47
-1.2460458777330885
0
15
0
7
-0.87766155621638409
45
46
-1.3132012403106625
0
8
1
-1
0
0
0
-1.3211353335264704
0
3
1
-1
0
0
0
-1.3084407843811776
0
5
0
7
-0.79371934160639412
48
49
-1.1692968919301467
0
7
1
-1
0
0
0
-1.1391751391148761
0
4
1
-1
0
0
0
-1.2094592290171744
0
3
0
7
-0.93795391758959723
51
52
-0.87712551318522136
0
6
1
-1
0
0
0
-0.85556873161774349
0
3
1
-1
0
0
0
-0.89868229475269956
0
3
0
3
-0.52074705927637011
54
55
-0.59542186985056877
0
19
1
-1
0
0
0
0.035444906504681767
0
4
0
5
0.58744583730542144
56
61
-0.76365301021196907
0
15
0
6
-0.06351576033749283
57
58
-0.88580810576101132
0
12
1
-1
0
0
0
-1.1609564704903488
0
3
0
7
-0.79938349487876637
59
60
-0.79409198418456539
0
9
1
-1
0
0
0
-0.93730486172776428
0
5
1
-1
0
0
0
-0.61507588725556672
0
4
1
-1
0
0
0
-0.27503262801580042
0
3
0
0
-1.1801100602554198
63
70
-0.10794550983407772
0
95
0
2
1.6848907313667378
64
69
0.77149275948638885
0
17
0
1
0.73728085243027253
65
66
0.52123250650768826
0
13
1
-1
0
0
0
1.172265734445155
0
3
0
5
-0.28543284318265638
67
68
0.32592253812644817
0
10
1
-1
0
0
0
0.16044429962165505
0
6
1
-1
0
0
0
0.5741398958836379
0
4
1
-1
0
0
0
1.5848385816671651
0
4
0
2
0.69986253413391841
71
94
-0.29961795314751288
0
78
0
7
-0.52116887632490161
72
73
-0.4411602203915812
0
61
1
-1
0
0
0
0.79771665471022413
0
3
0
5
-0.51869095363534545
74
75
-0.50524005875891598
0
58
1
-1
0
0
0
-0.026081740885828486
0
6
0
5
0.049956833256738963
76
87
-0.56052755697504142
0
52
0
4
-0.16900710765906332
77
82
-0.64330311900170678
0
34
0
1
1.3658438978904948
78
81
-0.78387129880630291
0
17
0
7
0.18489064675535249
79
80
-0.84318641363404312
0
14
1
-1
0
0
0
-0.91473760602431065
0
8
1
-1
0
0
0
-0.74778482378035316
0
6
1
-1
0
0
0
-0.50706742961018192
0
3
0
0
0.46593555140525739
83
86
-0.50273493919711032
0
17
0
2
-1.0337870929958439
84
85
-0.67613616196793425
0
13
1
-1
0
0
0
-0.45443295461625655
0
5
1
-1
0
0
0
-0.81470066656273288
0
8
1
-1
0
0
0
0.060819034808067302
0
4
0
0
-0.70761022789104433
88
89
-0.40417371759134008
0
18
1
-1
0
0
0
-0.78760498973138893
0
3
0
5
0.20272142136397323
90
91
-0.32748746316333027
0
15
1
-1
0
0
0
-0.18838634210429844
0
5
0
1
-0.86290712044465057
92
93
-0.39703802369284613
0
10
1
-1
0
0
0
-0.30093070587117332
0
4
1
-1
0
0
0
-0.46110956890729476
0
6
0
4
-0.33821529899621217
95
100
0.20826900578708524
0
17
0
3
-0.62344270631920651
96
97
-0.017303884755131935
0
11
1
-1
0
0
0
0.69831593970463102
0
4
0
0
-0.093874032591662715
98
99
-0.42622949873213939
0
7
1
-1
0
0
0
-0.80047917872307739
0
3
1
-1
0
0
0
-0.14554223873893585
0
4
0
3
-0.35809110875841682
101
102
0.62181930511448325
0
6
1
-1
0
0
0
0.69831593970463102
0
3
1
-1
0
0
0
0.54532267052433558
0
3
0
1
0.76260756854771727
104
123
0.2075094186821084
0
46
0
6
0.89908535759848518
105
108
-0.12818585946217964
0
34
0
2
-0.56097355832409057
106
107
0.74981269567138409
0
6
1
-1
0
0
0
0.71627992434419607
0
3
1
-1
0
0
0
0.78334546699857233
0
3
0
2
-1.191391604553095
109
114
-0.3163284069908005
0
28
0
6
1.5148382994360743
110
113
-0.4849390667132632
0
11
0
2
-1.4671994997782845
111
112
-0.33337815312638763
0
8
1
-1
0
0
0
-0.26635003544001068
0
5
1
-1
0
0
0
-0.44509168260368265
0
3
1
-1
0
0
0
-0.88910150294493151
0
3
0
7
-0.33830531191068636
115
120
-0.20722739187626579
0
17
0
5
1.651604823582161
116
117
-0.12467952021435011
0
11
1
-1
0
0
0
0.068004628663893341
0
4
0
0
0.71759307081671508
118
119
-0.23478474814477496
0
7
1
-1
0
0
0
-0.24479325387253262
0
3
1
-1
0
0
0
-0.22727836884895669
0
4
0
7
0.018106834995880811
121
122
-0.35856515658977778
0
6
1
-1
0
0
0
-0.44569048209166812
0
3
1
-1
0
0
0
-0.27143983108788744
0
3
0
5
0.34077213979515658
124
125
1.1586460400909246
0
12
1
-1
0
0
0
2.6025072934908433
0
4
0
6
1.8707798734097021
126
127
0.43671541339096537
0
8
1
-1
0
0
0
0.2361924348518209
0
4
1
-1
0
0
0
0.63723839193010989
0
4
0
2
0.62106027835529276
129
154
0.99228647761245115
0
66
0
0
0.37348993202961539
130
143
0.85107562264829539
0
55
0
2
-0.83678145354928002
131
134
0.407569147713015
0
30
0
6
-0.45193375529411556
132
133
0.017705471673111262
0
8
1
-1
0
0
0
-0.47113946033105192
0
4
1
-1
0
0
0
0.50655040367727455
0
4
0
5
-0.66972449825127955
135
136
0.5493377571820709
0
22
1
-1
0
0
0
-0.18072170865808404
0
3
0
5
-0.23826190804472847
137
140
0.66461030441999025
0
19
0
2
0.227048999462165
138
139
1.0344229905101245
0
10
1
-1
0
0
0
1.4389728227923608
0
5
1
-1
0
0
0
0.62987315822788836
0
5
0
3
0.56987635156920913
141
142
0.25370731987539685
0
9
1
-1
0
0
0
-0.02383624280588283
0
6
1
-1
0
0
0
0.80879444523795596
0
3
0
5
-0.43213877907034021
144
147
1.3832833925706312
0
25
0
1
-0.86981440665849774
145
146
0.60729841753083502
0
6
1
-1
0
0
0
0.073468673991761033
0
3
1
-1
0
0
0
1.1411281610699089
0
3
0
7
1.9133432576629406
148
153
1.6283312794253038
0
19
0
4
0.63532760468301774
149
152
1.2938861875942105
0
14
0
0
0.6842099304866246
150
151
1.497533616318879
0
10
1
-1
0
0
0
1.2993908657444766
0
5
1
-1
0
0
0
1.6956763668932813
0
5
1
-1
0
0
0
0.78476761578253773
0
4
1
-1
0
0
0
2.5647775365523651
0
5
0
7
2.1450366552640991
155
158
1.6983407524332315
0
11
0
4
-0.15351621690284545
156
157
1.3592782995366266
0
8
1
-1
0
0
0
1.6510059250895628
0
3
1
-1
0
0
0
1.1842417242048651
0
5
1
-1
0
0
0
2.6025072934908433
0
3
"DecisionTree"
0
0
12
3
0
2
1
167
0
0
-1.2032214650993265
1
28
0.12744610653736607
0
320
0
7
-0.59321905349574033
2
5
0.88477661126800977
0
54
0
7
-0.90327104541943171
3
4
-0.93206536620789115
0
6
1
-1
0
0
0
-1.1908964448896235
0
3
1
-1
0
0
0
-0.67323428752615844
0
3
0
5
0.17675576899447165
6
21
1.1118818584524977
0
48
0
1
0.97673344117702343
7
20
1.3165510981622144
0
33
0
0
-1.2699877457595112
8
15
1.5583273996693716
0
27
0
1
0.95601158253547847
9
14
1.8189542114822959
0
17
0
7
0.58199879537242316
10
13
1.5778609554796661
0
13
0
7
-0.056681463662076256
11
12
1.4167755253725678
0
9
1
-1
0
0
0
1.4125639689737364
0
5
1
-1
0
0
0
1.4220399708711071
0
4
1
-1
0
0
0
1.9403031732206379
0
4
1
-1
0
0
0
2.6025072934908433
0
4
0
7
0.60873574636428418
16
17
1.1152618195873989
0
10
1
-1
0
0
0
1.8915781103838978
0
4
0
7
0.89696329937594432
18
19
0.59771762572306708
0
6
1
-1
0
0
0
0.48304752377384358
0
3
1
-1
0
0
0
0.71238772767229042
0
3
1
-1
0
0
0
0.22855774138000573
0
6
0
1
0.77642214097541495
22
23
0.66160953109111986
0
15
1
-1
0
0
0
1.1101402875666591
0
4
0
2
0.26645012735147777
24
27
0.4985074378272874
0
11
0
7
0.2093458298412815
25
26
0.24844643865952415
0
7
1
-1
0
0
0
-0.022938043573904582
0
4
1
-1
0
0
0
0.61029241497076248
0
3
1
-1
0
0
0
0.93611418637087307
0
4
0
4
-0.76957702620781709
29
50
-0.026297680137275872
0
266
0
7
-0.093726636723088605
30
41
-0.54247893433092453
0
40
0
7
-0.66228951022471505
31
36
-0.9493080696460191
0
22
0
0
1.4597259596933687
32
35
-1.1854323995617559
0
12
0
7
-1.2987685343381976
33
34
-1.1154851343714498
0
8
1
-1
0
0
0
-1.301075550678956
0
3
1
-1
0
0
0
-1.0041308845869463
0
5
1
-1
0
0
0
-1.3253269299423684
0
4
0
2
0.18764787157285223
37
38
-0.66595887374713469
0
10
1
-1
0
0
0
-0.51874401962589922
0
4
0
2
1.1332749409163587
39
40
-0.76410210982795812
0
6
1
-1
0
0
0
-0.8774249129292141
0
3
1
-1
0
0
0
-0.65077930672670214
0
3
0
0
1.1721173660802737
42
49
-0.045243324501364493
0
18
0
0
0.86910116923790126
43
48
0.16818592157346757
0
14
0
5
-1.0033831311993748
44
45
-0.24757767149166518
0
10
1
-1
0
0
0
0.020175519561051469
0
3
0
1
-0.26657807731572181
46
47
-0.36232903908568659
0
7
1
-1
0
0
0
-0.1337159488512222
0
3
1
-1
0
0
0
-0.53378885676153487
0
4
1
-1
0
0
0
1.2075949042362994
0
4
1
-1
0
0
0
-0.7922456857632767
0
4
0
7
0.69973801931851043
51
138
0.065061833879299133
0
226
0
1
-0.6464788190773938
52
107
-0.24047878241719217
0
173
0
6
-0.71044606631875751
53
54
-0.036651068055227706
0
116
1
-1
0
0
0
0.92376394693117214
0
6
0
7
-0.75347969347707699
55
70
-0.089037341599940409
0
110
0
2
1.093873813027046
56
67
-0.51318097922138872
0
31
0
5
1.2647166032765875
57
66
-0.41380440935644014
0
24
0
6
-0.49869980150962867
58
63
-0.54479179735326833
0
19
0
5
-0.64592265024590323
59
60
-0.35293644140271402
0
10
1
-1
0
0
0
-0.1295243524353237
0
3
0
5
-0.43689914867141555
61
62
-0.44868447953159557
0
7
1
-1
0
0
0
-0.50122913460232332
0
4
1
-1
0
0
0
-0.37862493943729203
0
3
0
2
-0.24576453520958835
64
65
-0.75796441507610668
0
9
1
-1
0
0
0
-0.65033020711071299
0
4
1
-1
0
0
0
-0.84407178144842177
0
5
1
-1
0
0
0
0.083947665031507301
0
5
0
2
1.29087945247361
68
69
-0.85390064732978388
0
7
1
-1
0
0
0
-0.87083811856137372
0
3
1
-1
0
0
0
-0.84119754390609147
0
4
0
3
0.7552081986741157
71
98
0.077398769365438103
0
79
0
1
-0.79153182956821466
72
83
0.24725525539235296
0
60
0
0
1.1130548870347259
73
80
0.019181084697075561
0
28
0
5
-0.26163099517727989
74
75
0.14314715986643753
0
22
1
-1
0
0
0
0.65286705856653171
0
5
0
7
-0.46777550732609441
76
77
-0.0067704573982960495
0
17
1
-1
0
0
0
-0.41455290871642209
0
4
0
4
0.12651142369032348
78
79
0.11870106608420426
0
13
1
-1
0
0
0
0.3689013713766075
0
4
1
-1
0
0
0
0.0075009303986916798
0
9
0
5
-0.2551395820849045
81
82
-0.43536119092391828
0
6
1
-1
0
0
0
-0.51006142705010948
0
3
1
-1
0
0
0
-0.36066095479772703
0
3
0
0
0.68934579822971465
84
93
0.4468201547507209
0
32
0
1
-0.71094682373998075
85
88
0.68156257142121046
0
23
0
1
-0.76390268471281919
86
87
1.4436217024172511
0
9
1
-1
0
0
0
1.793400443332515
0
5
1
-1
0
0
0
1.0063982762731711
0
4
0
3
-0.38272934255001029
89
90
0.19166741578089902
0
14
1
-1
0
0
0
0.29951548070628758
0
3
0
5
0.79257449102448385
91
92
0.16225430716488393
0
11
1
-1
0
0
0
0.17174663995738135
0
4
1
-1
0
0
0
0.15683011699774255
0
7
0
2
1.4090828361415484
94
97
-0.15307713229608672
0
9
0
5
0.72679483835507996
95
96
-0.038057730645538475
0
6
1
-1
0
0
0
-0.1465901378429105
0
3
1
-1
0
0
0
0.070474676551833537
0
3
1
-1
0
0
0
-0.38311593559718321
0
3
0
6
1.2238495674284373
99
102
-0.45899013387745136
0
19
0
6
1.056271235156182
100
101
-0.79235796066727404
0
8
1
-1
0
0
0
-0.63802487763261095
0
5
1
-1
0
0
0
-1.0495797657250456
0
3
0
1
-1.1115694241431977
103
104
-0.21654080530303491
0
11
1
-1
0
0
0
0.065534580775953144
0
4
0
4
2.0998125846362288
105
106
-0.37772674020531383
0
7
1
-1
0
0
0
-0.5501809927451381
0
3
1
-1
0
0
0
-0.24838605080044562
0
4
0
5
-0.40790417019213876
108
119
-0.65528606076785645
0
57
0
4
-0.42877742957102427
109
118
-0.40069497770875756
0
21
0
0
-0.43284130363567241
110
115
-0.63556605723507031
0
16
0
7
-0.46127917987626482
111
112
-0.44670844122124354
0
10
1
-1
0
0
0
-1.0839358863482138
0
4
0
5
-0.67188830261540478
113
114
-0.021890144469929956
0
6
1
-1
0
0
0
-0.13880574449909899
0
3
1
-1
0
0
0
0.09502545555923908
0
3
0
3
-0.51922079700609436
116
117
-0.95032875059144883
0
6
1
-1
0
0
0
-1.003771604894155
0
3
1
-1
0
0
0
-0.89688589628874293
0
3
1
-1
0
0
0
0.35089247677544361
0
5
0
4
-0.19403085426526137
120
129
-0.80379752588566356
0
36
0
7
-0.49980079099405661
121
126
-1.0964657656343104
0
15
0
7
-0.71291791340809885
122
125
-1.3080615447054535
0
9
0
2
-0.91558370932790556
123
124
-1.283111566039391
0
6
1
-1
0
0
0
-1.3364047204701004
0
3
1
-1
0
0
0
-1.2298184116086814
0
3
1
-1
0
0
0
-1.3579615020375784
0
3
0
7
-0.13987203707952384
127
128
-0.77907209702759561
0
6
1
-1
0
0
0
-0.76485060918794001
0
3
1
-1
0
0
0
-0.79329358486725132
0
3
0
0
-0.10928163582094004
130
137
-0.5947487832080588
0
21
0
5
0.68048942496280218
131
136
-0.50369918249026335
0
16
0
5
0.030482593979612782
132
135
-0.59184361865920598
0
13
0
0
-0.77437650855122531
133
134
-0.39539132510088609
0
6
1
-1
0
0
0
-0.6337135213191154
0
3
1
-1
0
0
0
-0.15706912888265676
0
3
1
-1
0
0
0
-0.76023129885205176
0
7
1
-1
0
0
0
-0.12173995909151221
0
3
1
-1
0
0
0
-0.88610750550500383
0
5
0
3
0.4730677161402933
139
158
1.0623925248093553
0
53
0
3
-0.069409502209127186
140
149
1.3006069802309319
0
38
0
6
-0.62211020124501037
141
144
0.72366561702892407
0
18
0
3
-0.4431257209594916
142
143
0.2719279328669556
0
7
1
-1
0
0
0
0.31074297110601573
0
4
1
-1
0
0
0
0.22017454854820873
0
3
0
5
-0.35337630021618549
145
148
1.0111350524047218
0
11
0
0
0.6816419966150814
146
147
1.3164066086234247
0
7
1
-1
0
0
0
0.92668309443510144
0
4
1
-1
0
0
0
1.8360379608745223
0
3
1
-1
0
0
0
0.47690982902199214
0
4
0
3
0.1961601328188447
150
155
1.8198542071127384
0
20
0
5
-0.086795602555969326
151
154
1.531846323979168
0
12
0
3
0.16759722461797089
152
153
1.7136822674970054
0
9
1
-1
0
0
0
1.9411272710159782
0
6
1
-1
0
0
0
1.2587922604590598
0
3
1
-1
0
0
0
0.98633849342565705
0
3
0
0
0.9127560450541754
156
157
2.2518660318130936
0
8
1
-1
0
0
0
1.7303468572476415
0
3
1
-1
0
0
0
2.5647775365523651
0
5
0
3
5.5760165980735064
159
166
0.45891590440802782
0
15
0
5
0.83238849132438641
160
161
0.29764423230633291
0
12
1
-1
0
0
0
0.098019452999166548
0
3
0
4
2.4036723648543479
162
165
0.36418582540872169
0
9
0
5
1.3486722126046427
163
164
0.49128101673364427
0
6
1
-1
0
0
0
0.41029338598360526
0
3
1
-1
0
0
0
0.57226864748368322
0
3
1
-1
0
0
0
0.10999544275887659
0
3
1
-1
0
0
0
1.1040025928148078
0
3
"DecisionTree"
0
0
12
3
0
2
1
151
0
1
1.0296893021498634
1
122
-0.029884828708928363
0
320
0
0
-1.1647024570261459
2
37
0.14562313712553149
0
260
0
4
-0.88992933131381735
3
4
0.80259330625463965
0
63
1
-1
0
0
0
-0.88640690524899668
0
3
0
4
0.69252473978289897
5
30
0.8870433168298214
0
60
0
0
-1.3624333651351495
6
13
0.72494399156082645
0
48
0
2
1.1332749409163589
7
10
1.3338218363036429
0
15
0
6
-0.17913181903695577
8
9
1.1617867434054086
0
6
1
-1
0
0
0
0.84562061374906428
0
3
1
-1
0
0
0
1.477952873061753
0
3
0
3
-0.38011289294382339
11
12
1.4485118982357992
0
9
1
-1
0
0
0
1.3894802487118953
0
4
1
-1
0
0
0
1.4957372178549224
0
5
0
6
-0.70654889580079794
14
15
0.44818133485954598
0
33
1
-1
0
0
0
1.915557335280021
0
5
0
1
0.79253914214106169
16
21
0.18614990621303257
0
28
0
7
0.1874408579443349
17
18
0.53590518766783635
0
11
1
-1
0
0
0
0.70011233816858764
0
3
0
2
0.42405463890872885
19
20
0.47432750623005465
0
8
1
-1
0
0
0
0.53731372737252958
0
4
1
-1
0
0
0
0.41134128508757983
0
4
0
0
-1.2956670844749647
22
27
-0.040162334728311051
0
17
0
4
0.31716854068992784
23
24
-0.230503720636515
0
11
1
-1
0
0
0
-0.5043728319142472
0
5
0
5
0.71813962089857941
25
26
-0.0022794612384048063
0
6
1
-1
0
0
0
0.42346697471928624
0
3
1
-1
0
0
0
-0.42802589719609579
0
3
0
1
0.88003143418314433
28
29
0.3087968727700629
0
6
1
-1
0
0
0
0.11777983610268809
0
3
1
-1
0
0
0
0.49981390943743759
0
3
0
2
-1.0731882208851566
31
32
1.5354406179058013
0
12
1
-1
0
0
0
0.77645927288673899
0
3
0
2
-0.71857806988134165
33
34
1.7884343995788217
0
9
1
-1
0
0
0
2.6025072934908433
0
3
0
5
1.058722427811875
35
36
1.3813979526228113
0
6
1
-1
0
0
0
2.2629819958081843
0
3
1
-1
0
0
0
0.49981390943743759
0
3
0
7
0.62519131961529917
38
101
-0.0644739220375843
0
197
0
5
-0.88740321728226779
39
46
-0.35428774496063303
0
157
0
2
1.3302805803629227
40
43
0.47728983638936751
0
13
0
5
-1.0146349138928255
41
42
-0.29928400727921317
0
6
1
-1
0
0
0
-0.17952410968211305
0
3
1
-1
0
0
0
-0.41904390487631332
0
3
0
6
-1.0443036740239482
44
45
1.1429245595338653
0
7
1
-1
0
0
0
0.46927513555017702
0
3
1
-1
0
0
0
1.6481616275216315
0
4
0
6
-0.56365264347561905
47
66
-0.42936072105473022
0
144
0
0
0.69448166597280825
48
59
-0.70762248669332573
0
35
0
3
-0.43527637214093085
49
58
-1.0230592515597929
0
19
0
5
-0.62991049795137721
50
55
-1.1170644680210116
0
15
0
0
0.48134315463452737
51
54
-0.95776384423393557
0
9
0
4
-0.81962451942021319
52
53
-1.0642503531806904
0
6
1
-1
0
0
0
-0.93371206479985125
0
3
1
-1
0
0
0
-1.1947886415615294
0
3
1
-1
0
0
0
-0.74479082634042582
0
3
0
2
0.46345576679804168
56
57
-1.3560154037016259
0
6
1
-1
0
0
0
-1.3453867127898829
0
3
1
-1
0
0
0
-1.366644094613368
0
3
1
-1
0
0
0
-0.67053968983022361
0
4
0
7
0.080063544724009034
60
65
-0.33304132841439577
0
16
0
3
-0.77824930801859904
61
62
-0.57386079067911011
0
11
1
-1
0
0
0
-0.67161752890859761
0
5
0
3
-0.76102434811120179
63
64
-0.49239684215453722
0
6
1
-1
0
0
0
-0.46934306186709546
0
3
1
-1
0
0
0
-0.51545062244197892
0
3
1
-1
0
0
0
0.19676148856797565
0
5
0
1
-0.070871634590011556
67
92
-0.34001061282215356
0
109
0
0
0.94870711925581275
68
81
-0.2375002666302744
0
92
0
3
0.58797346134533535
69
80
-0.11945483457486157
0
68
0
6
0.72631079796895071
70
77
-0.068489576052801551
0
63
0
0
0.8665332353663544
71
76
-0.15319326310587791
0
55
0
1
-0.89974598025184216
72
73
-0.22926189215290879
0
48
1
-1
0
0
0
0.4953229132775463
0
4
0
4
-0.32153280125874684
74
75
-0.29513323810113196
0
44
1
-1
0
0
0
-0.45733985394884064
0
11
1
-1
0
0
0
-0.24106436615189561
0
33
1
-1
0
0
0
0.36842019321661912
0
7
0
4
1.1215032530320088
78
79
0.51384827243709785
0
8
1
-1
0
0
0
0.90597960213800266
0
5
1
-1
0
0
0
-0.13970394373107722
0
3
1
-1
0
0
0
-0.76161709195281835
0
5
0
3
0.25655651122832601
82
87
-0.57196232412061054
0
24
0
6
-0.44024224374023729
83
84
-0.72967113926879179
0
12
1
-1
0
0
0
-0.33311617835039398
0
3
0
6
-0.11287992023164556
85
86
-0.86185612624159114
0
9
1
-1
0
0
0
-0.94556829466196424
0
5
1
-1
0
0
0
-0.7572159157161249
0
4
0
4
1.5850383687372971
88
89
-0.4142535089724293
0
12
1
-1
0
0
0
-0.13036267171850341
0
5
0
5
1.767151976626443
90
91
-0.61703267843951937
0
7
1
-1
0
0
0
-0.48670824701867499
0
3
1
-1
0
0
0
-0.71477600200515257
0
4
0
4
0.64128563958925533
93
100
-0.89477248633114703
0
17
0
0
-0.36864295684703458
94
95
-1.1150841525714594
0
14
1
-1
0
0
0
-0.60018074999192728
0
3
0
6
-0.12197331810688422
96
97
-1.2555123532749681
0
11
1
-1
0
0
0
-1.3301772057950512
0
5
0
7
-0.72448781890758895
98
99
-1.1932916428415659
0
6
1
-1
0
0
0
-1.32981792610226
0
3
1
-1
0
0
0
-1.0567653595808717
0
3
1
-1
0
0
0
0.13334862279031112
0
3
0
7
2.1803369469852814
102
121
1.0730453329353815
0
40
0
0
0.946139185384266
103
118
0.90485186310229671
0
36
0
4
-0.27386852200884571
104
109
1.0648710462749553
0
30
0
2
-0.0093577678737116754
105
106
0.53701432762853674
0
12
1
-1
0
0
0
0.096522454279202807
0
4
0
6
-0.61041868969113222
107
108
0.75726026430320381
0
8
1
-1
0
0
0
0.57005308937813681
0
5
1
-1
0
0
0
1.0692722225116487
0
3
0
4
1.0178334456634741
110
117
1.4167755253725682
0
18
0
6
0.03131538893285319
111
114
1.5791286008353036
0
14
0
3
0.13772609161400362
112
113
1.3535522794327655
0
8
1
-1
0
0
0
1.4086118923530322
0
5
1
-1
0
0
0
1.2617862578989874
0
3
0
4
0.056206611796719361
115
116
1.8798970293720203
0
6
1
-1
0
0
0
1.9656750560259433
0
3
1
-1
0
0
0
1.7941190027180973
0
3
1
-1
0
0
0
0.84853976125299369
0
4
0
5
-0.41439558328451409
119
120
0.10475594723900346
0
6
1
-1
0
0
0
-0.065452807220875139
0
3
1
-1
0
0
0
0.2749647016988821
0
3
1
-1
0
0
0
2.586786561433144
0
4
0
5
-0.49272530126584391
123
134
-0.79041934732492092
0
60
0
2
-1.0731882208851566
124
125
-1.0237191128376721
0
24
1
-1
0
0
0
-0.41814570564433512
0
3
0
5
-0.53210654069292129
126
133
-1.1102295995795775
0
21
0
4
-0.68258971657674761
127
130
-1.0678607618582501
0
17
0
4
-0.78268470300153981
128
129
-1.0091608002860244
0
9
1
-1
0
0
0
-1.1449385841867363
0
6
1
-1
0
0
0
-0.73760523248459975
0
3
0
0
-0.96953948278868207
131
132
-1.1338982186270039
0
8
1
-1
0
0
0
-1.2437704396787435
0
5
1
-1
0
0
0
-0.95077785020743788
0
3
1
-1
0
0
0
-1.2902971598952169
0
4
0
2
-0.6003746862134034
135
142
-0.63488617031642036
0
36
0
4
-0.055804444440548211
136
139
-0.4722622093710247
0
16
0
3
-0.066575015135758031
137
138
-0.091072871028254759
0
7
1
-1
0
0
0
0.058798086536116283
0
4
1
-1
0
0
0
-0.29090081444741617
0
3
0
4
1.0797970086883453
140
141
-0.76874280585984567
0
9
1
-1
0
0
0
-1.0594599572768064
0
4
1
-1
0
0
0
-0.53616908472627733
0
5
0
0
-0.8462786569545
143
148
-0.76498533907273658
0
20
0
7
-0.20607015067985482
144
145
-0.89928109424068481
0
12
1
-1
0
0
0
-1.2465099473362773
0
4
0
0
-1.0388736973204136
146
147
-0.72566666769288879
0
8
1
-1
0
0
0
-0.56515097994477548
0
3
1
-1
0
0
0
-0.82197608034175684
0
5
0
7
-0.49330446354422697
149
150
-0.56354170632081435
0
8
1
-1
0
0
0
-0.65145295615068588
0
4
1
-1
0
0
0
-0.47563045649094321
0
4
"DecisionTree"
0
0
12
3
0
2
1
151
0
3
-0.4721247040947299
1
46
0.024133462545489596
0
320
0
7
1.0594251742782979
2
45
-0.39594012483162472
0
90
0
7
-0.62986156163217666
3
20
-0.52921596596578668
0
85
0
6
-0.54546584772514173
4
19
-0.96827990381341389
0
35
0
0
0.53013389819389523
5
18
-1.0175922833991102
0
31
0
2
1.7636929871453635
6
17
-1.1244177257334733
0
25
0
1
1.5431309107126077
7
14
-1.2192577660933006
0
22
0
4
-0.82915737527019351
8
11
-1.2738488864596154
0
16
0
6
-1.045602730863268
9
10
-1.3027596742389154
0
8
1
-1
0
0
0
-1.2716595258316683
0
4
1
-1
0
0
0
-1.3338598226461622
0
4
0
4
-0.6480331141205693
12
13
-1.2449380986803151
0
8
1
-1
0
0
0
-1.1931120029951703
0
5
1
-1
0
0
0
-1.3313149248222238
0
3
0
3
-0.68623749686769253
15
16
-1.073681445116462
0
6
1
-1
0
0
0
-1.0399989739172775
0
3
1
-1
0
0
0
-1.1073639163156466
0
3
1
-1
0
0
0
-0.42892409642807411
0
3
1
-1
0
0
0
-0.57248627367259797
0
6
1
-1
0
0
0
-0.5861089620242681
0
4
0
4
-0.76481059828282705
21
28
-0.22187120947244768
0
50
0
2
0.69986253413391841
22
27
-0.54933562876209974
0
17
0
4
-0.98049146188862946
23
24
-0.77659629145227116
0
13
1
-1
0
0
0
-0.61170764013564827
0
4
0
5
-0.74156280314023393
25
26
-0.8498801364818811
0
9
1
-1
0
0
0
-0.77832359766761383
0
6
1
-1
0
0
0
-0.99299321411041586
0
3
1
-1
0
0
0
0.18926152498095725
0
4
0
6
-0.61821303072705103
29
36
-0.053177417717172375
0
33
0
0
0.71759307081671875
30
35
0.27443005929889497
0
14
0
6
-0.72343663471195552
31
32
0.41188020462676683
0
10
1
-1
0
0
0
0.79397415791031478
0
4
0
0
-0.02453981805993849
33
34
0.15715090243773477
0
6
1
-1
0
0
0
0.034247307528710726
0
3
1
-1
0
0
0
0.2800544973467588
0
3
1
-1
0
0
0
-0.069195304020784512
0
4
0
2
0.93626930146979492
37
44
-0.29457240078164304
0
19
0
6
-0.4428403574188769
38
43
-0.44131924582937393
0
15
0
7
-0.31511181225509594
39
40
-0.55841448570493857
0
12
1
-1
0
0
0
-0.74347346746685772
0
5
0
6
-0.49999885834894847
41
42
-0.42622949873213933
0
7
1
-1
0
0
0
-0.37503214250937905
0
4
1
-1
0
0
0
-0.49449264036248647
0
3
1
-1
0
0
0
0.027061713672884718
0
3
1
-1
0
0
0
0.25572826814734784
0
4
1
-1
0
0
0
1.8697491744491301
0
5
0
4
-0.61466811864563853
47
52
0.1885100836930563
0
230
0
6
-0.62211020124501037
48
51
1.1300338154975091
0
17
0
1
-0.66950310645688926
49
50
0.84260103124010477
0
11
1
-1
0
0
0
0.26646174896948793
0
5
1
-1
0
0
0
1.3227170997989519
0
6
1
-1
0
0
0
1.6569939199694179
0
6
0
1
1.0227820159360146
53
136
0.11336499711711387
0
213
0
5
-0.12098371150914639
54
93
0.26904151611167693
0
181
0
7
-0.33827846758238128
55
64
0.55769493723091612
0
84
0
4
-0.40137046900233114
56
57
-0.81467424893826301
0
17
1
-1
0
0
0
-0.53513615560950234
0
4
0
2
-0.44277017465615226
58
61
-0.90068596996249717
0
13
0
3
0.54131344336833531
59
60
-0.69104857229372707
0
6
1
-1
0
0
0
-0.70257546243744795
0
3
1
-1
0
0
0
-0.67952168215000619
0
3
0
5
-0.19065821203397559
62
63
-1.0803751679643001
0
7
1
-1
0
0
0
-0.90946068553643844
0
4
1
-1
0
0
0
-1.308261144534782
0
3
0
6
0.028717275254213574
65
90
0.90590801431861834
0
67
0
0
-1.4060882409514202
66
67
0.70094766345432757
0
57
1
-1
0
0
0
1.5234017541998526
0
5
0
6
-0.29214976405777915
68
81
0.62186553934418076
0
52
0
4
-0.47882492278342043
69
72
0.44574730566807996
0
36
0
4
-0.56700383939573751
70
71
0.86458259753527178
0
9
1
-1
0
0
0
0.63693899218611716
0
3
1
-1
0
0
0
0.97840440020984909
0
6
0
5
-0.52474960585489583
73
74
0.30613554171234947
0
27
1
-1
0
0
0
1.1725651341891477
0
3
0
2
0.069444487904913879
75
78
0.19783184265274975
0
24
0
6
-0.38438279964948552
76
77
0.061851963924842338
0
10
1
-1
0
0
0
0.33050335420953725
0
4
1
-1
0
0
0
-0.11724896293162095
0
6
0
0
-1.2828274151172381
79
80
0.2949603274583979
0
14
1
-1
0
0
0
-0.019345246645991576
0
4
1
-1
0
0
0
0.42068255710015368
0
10
0
6
-0.24798183152090564
82
83
1.0181315651154075
0
16
1
-1
0
0
0
1.7992087983659744
0
3
0
7
0.36144579401787313
84
87
0.83788297282681468
0
13
0
6
-0.13626294333940209
85
86
0.086770576903438937
0
7
1
-1
0
0
0
0.2842460937626573
0
4
1
-1
0
0
0
-0.17653011224218554
0
3
0
4
-0.14040854010912265
88
89
1.7141807680707533
0
6
1
-1
0
0
0
1.6031049600481626
0
3
1
-1
0
0
0
1.8252565760933432
0
3
0
0
-0.40459403104867198
91
92
2.0741820142450758
0
10
1
-1
0
0
0
2.6025072934908433
0
5
1
-1
0
0
0
1.5458567349993089
0
5
0
2
-1.4277983718889717
94
97
0.019073605039346214
0
97
0
6
0.72890891164759031
95
96
-0.86844292060943173
0
9
1
-1
0
0
0
-1.3019737499109343
0
4
1
-1
0
0
0
-0.52161825716822963
0
5
0
7
-0.54165109882167883
98
109
0.10984234061706209
0
88
0
4
0.54953190203319568
99
104
-0.5414504962103095
0
25
0
1
-0.1629687841079924
100
103
-0.78081091861770746
0
13
0
3
-0.11345307057994025
101
102
-0.66492594463035959
0
8
1
-1
0
0
0
-0.71477600200515257
0
4
1
-1
0
0
0
-0.61507588725556672
0
4
1
-1
0
0
0
-0.96622687699746379
0
5
0
3
0.34246327329812976
105
108
-0.28214337193562827
0
12
0
0
0.62257951756953356
106
107
0.0025964774494771198
0
7
1
-1
0
0
0
-0.10168017624399794
0
3
1
-1
0
0
0
0.080803967719583411
0
4
1
-1
0
0
0
-0.68077916107477576
0
5
0
7
0.78416343183799198
110
131
0.36829187904062233
0
63
0
1
0.86161200427954854
111
128
0.18061186637700669
0
50
0
5
0.22782155198782472
112
119
0.087562369257761244
0
41
0
6
0.039109729968772045
113
118
0.48295946502561049
0
17
0
7
0.1566235690501015
114
115
0.13707960421545154
0
13
1
-1
0
0
0
-0.32593058449456797
0
3
0
5
-0.084199037319019149
116
117
0.2759826608284574
0
10
1
-1
0
0
0
-0.078626395956556155
0
4
1
-1
0
0
0
0.51238869868513304
0
6
1
-1
0
0
0
1.6070690126586267
0
4
0
6
0.4950786805700248
120
121
-0.19251057357779858
0
24
1
-1
0
0
0
-0.60407294666383304
0
5
0
5
1.0799277105803013
122
125
-0.084204685923578965
0
19
0
2
-0.40336904676683943
123
124
0.11538463815074608
0
7
1
-1
0
0
0
0.22518949426008728
0
4
1
-1
0
0
0
-0.031021836661708841
0
3
0
0
1.0976472838054523
126
127
-0.2006317916336019
0
12
1
-1
0
0
0
-0.10507337334258245
0
9
1
-1
0
0
0
-0.4873070465066604
0
3
0
5
0.38448098795048424
129
130
0.60450401992023595
0
9
1
-1
0
0
0
0.74756719759143841
0
6
1
-1
0
0
0
0.31837766457783084
0
3
0
2
-0.28516566309890112
132
135
1.0901380815929895
0
13
0
2
-1.0337870929958439
133
134
0.7414295028395872
0
8
1
-1
0
0
0
0.85954270184472725
0
4
1
-1
0
0
0
0.62331630383444714
0
4
1
-1
0
0
0
1.6480718075984337
0
5
0
0
-0.77437650855122531
137
148
-0.76718031344588355
0
32
0
3
-0.1075660589660197
138
143
-0.87773628866296649
0
25
0
7
-0.67050387468607009
139
140
-0.71634785066111439
0
12
1
-1
0
0
0
-1.2840097652713691
0
3
0
2
-0.48217130254546503
141
142
-0.52712721245769623
0
9
1
-1
0
0
0
-0.34628976708607501
0
4
1
-1
0
0
0
-0.67179716875499318
0
5
0
4
0.23613926596509599
144
147
-1.0267102314339072
0
13
0
4
-0.12372604237165727
145
146
-1.0857322848121702
0
8
1
-1
0
0
0
-0.99029861641448103
0
3
1
-1
0
0
0
-1.1429924858507838
0
5
1
-1
0
0
0
-0.9322749460286861
0
5
0
4
0.51974172750200753
149
150
-0.37233754481344422
0
7
1
-1
0
0
0
-0.29868520779122765
0
3
1
-1
0
0
0
-0.4275767975801068
0
4
"DecisionTree"
0
0
12
3
0
2
1
161
0
7
0.25903468153398723
1
104
0.1233368169823396
0
320
0
6
-0.28565447986118009
2
51
-0.31511180353382684
0
208
0
3
-0.4376747842799355
3
38
-0.63942759728425358
0
94
0
1
-1.3418122979381519
4
5
-0.56283168615328227
0
71
1
-1
0
0
0
1.0629848278878011
0
3
0
3
-0.58048932528430464
6
29
-0.63455888530215365
0
68
0
3
-0.60730793374772052
7
28
-0.79082506452902535
0
49
0
0
-1.182677994126963
8
13
-0.74513014605028416
0
45
0
6
-1.2547508819937572
9
10
-1.0370866309529847
0
11
1
-1
0
0
0
-0.75077882122028072
0
3
0
4
-1.0746284134071842
11
12
-1.1444520596027483
0
8
1
-1
0
0
0
-1.2040700336253047
0
3
1
-1
0
0
0
-1.1086812751892146
0
5
0
2
-0.56097355832409057
14
15
-0.65067363622882246
0
34
1
-1
0
0
0
-0.38796621144986582
0
5
0
1
0.77642214097541495
16
25
-0.69596801981140122
0
29
0
0
0.68677786435817145
17
18
-0.6000952072079293
0
21
1
-1
0
0
0
-0.31323603534927535
0
5
0
6
-0.8637347733584948
19
22
-0.68973869841375868
0
16
0
7
-0.54817427059981361
20
21
-0.92607737132803625
0
8
1
-1
0
0
0
-0.99299321411041575
0
4
1
-1
0
0
0
-0.85916152854565642
0
4
0
5
-0.055204058839742415
23
24
-0.45340002549948144
0
8
1
-1
0
0
0
-0.2444339741797413
0
5
1
-1
0
0
0
-0.80167677769904833
0
3
0
7
-0.58712539097048688
26
27
-0.947634152895514
0
8
1
-1
0
0
0
-1.1257470605968014
0
5
1
-1
0
0
0
-0.65077930672670214
0
3
1
-1
0
0
0
-1.3048928974148635
0
4
0
3
-0.50679266137670653
30
33
-0.23155663361180046
0
19
0
4
-0.50980670429585617
31
32
0.14951620896591963
0
7
1
-1
0
0
0
-0.006995007206290621
0
4
1
-1
0
0
0
0.35819783052886667
0
3
0
4
-0.47167528089593524
34
37
-0.45384912511547054
0
12
0
4
-0.58726115807694534
35
36
-0.76563653351592098
0
8
1
-1
0
0
0
-0.51185782551406589
0
3
1
-1
0
0
0
-0.91790375831703419
0
5
1
-1
0
0
0
0.16972569168543028
0
4
0
4
-0.39422082711484596
39
50
-0.87587584468855595
0
23
0
3
-0.43440422227220188
40
41
-0.78725831634360777
0
19
1
-1
0
0
0
-1.1376032904589142
0
3
0
7
-0.31868210791967178
42
43
-0.72156863369698798
0
16
1
-1
0
0
0
-0.92592767145603971
0
3
0
1
1.4211021876012842
44
49
-0.67440885575259146
0
13
0
2
-0.20636340732027558
45
48
-0.73808427207498806
0
10
0
2
-0.71857806988134165
46
47
-0.77772479817962836
0
6
1
-1
0
0
0
-0.76574880841991833
0
3
1
-1
0
0
0
-0.7897007879393384
0
3
1
-1
0
0
0
-0.67862348291802788
0
4
1
-1
0
0
0
-0.46215746801126939
0
3
1
-1
0
0
0
-1.2968091043270593
0
4
0
2
1.6848907313667378
52
99
-0.047693517458913565
0
114
0
6
-0.1817299327155954
53
56
-0.14888259891127101
0
105
0
4
-0.24765316842140012
54
55
-0.62167765161060684
0
10
1
-1
0
0
0
0.0013133356895081772
0
5
1
-1
0
0
0
-1.244668638910722
0
5
0
5
0.020096333031812155
57
72
-0.099114698627130363
0
95
0
1
-0.60963995927020198
58
67
0.31892846352621496
0
31
0
1
-0.71785410995382959
59
66
0.56439443421667401
0
20
0
6
-0.090795953963208803
60
61
0.29215024700406589
0
15
1
-1
0
0
0
0.97011102730124998
0
5
0
0
0.80233488857772017
62
63
-0.046830143144526069
0
10
1
-1
0
0
0
0.25303367045141312
0
4
0
1
-0.853697405492851
64
65
-0.2467393522084855
0
6
1
-1
0
0
0
-0.59059995818415933
0
3
1
-1
0
0
0
0.097121253767188317
0
3
1
-1
0
0
0
1.3811269958544976
0
5
0
7
-0.13189927157291462
68
71
-0.12737330136552849
0
11
0
7
-0.56403926862811671
69
70
-0.74239562838848383
0
7
1
-1
0
0
0
-0.97173583228693061
0
3
1
-1
0
0
0
-0.57039047546464872
0
4
1
-1
0
0
0
0.94891577092464319
0
4
0
2
1.093873813027046
73
98
-0.301604355295157
0
64
0
2
-1.7430073950034739
74
75
-0.3483806571014999
0
61
1
-1
0
0
0
-1.1429924858507838
0
3
0
5
1.1439763197584052
76
89
-0.30728004526964026
0
58
0
1
0.76260756854771716
77
86
-0.44920448961326731
0
38
0
7
-0.94187318952213905
78
79
-0.36450153082411674
0
29
1
-1
0
0
0
-1.0759868231452061
0
5
0
1
-0.71555168121587898
80
83
-0.21627542825722315
0
24
0
2
-0.52157243043477775
81
82
-0.30951349853229876
0
18
1
-1
0
0
0
-0.17911243503412302
0
8
1
-1
0
0
0
-0.41383434933083951
0
10
0
0
-0.2351103955266689
84
85
0.063438782568003907
0
6
1
-1
0
0
0
0.070474676551833537
0
3
1
-1
0
0
0
0.056402888584174277
0
3
0
2
-0.71857806988134176
87
88
-0.72213624571164092
0
9
1
-1
0
0
0
-0.64606376075881622
0
4
1
-1
0
0
0
-0.78299423367390075
0
5
0
6
1.4667731963812416
90
95
-0.037623601016748991
0
20
0
0
0.65339472402808085
91
92
0.13888751805417698
0
12
1
-1
0
0
0
-0.14509313912294675
0
4
0
3
0.036774744308625137
93
94
0.28087784664273885
0
8
1
-1
0
0
0
0.53664007794854585
0
3
1
-1
0
0
0
0.12742050785925466
0
5
0
6
2.1318902981129835
96
97
-0.30239027962313803
0
8
1
-1
0
0
0
-0.46275626749925491
0
3
1
-1
0
0
0
-0.20617068689746781
0
5
1
-1
0
0
0
0.64951378143381289
0
3
0
3
0.31847915190808301
100
103
1.1328457661519227
0
9
0
6
0.16252012970415383
101
102
1.4875351618682411
0
6
1
-1
0
0
0
1.2330438824756833
0
3
1
-1
0
0
0
1.7420264412607989
0
3
1
-1
0
0
0
0.42346697471928624
0
3
0
7
1.967192980242934
105
158
0.9375985407980767
0
112
0
0
-1.2674198118879643
106
117
0.83740770452166258
0
104
0
7
0.62868108229495978
107
108
1.5580067508602147
0
24
1
-1
0
0
0
2.6025072934908433
0
4
0
0
-1.3316181586766023
109
116
1.3491066423340885
0
20
0
4
-0.49550742052088581
110
111
1.5497526741680143
0
16
1
-1
0
0
0
0.86133910030868366
0
4
0
3
1.0741970131617371
112
115
1.7792238654544581
0
12
0
7
1.4762907485279086
113
114
1.6789499011955527
0
9
1
-1
0
0
0
1.7226223438526287
0
5
1
-1
0
0
0
1.624359347874208
0
4
1
-1
0
0
0
2.080045758231174
0
3
1
-1
0
0
0
0.54652251499838655
0
4
0
0
0.96154678861353959
118
153
0.62122799062009759
0
80
0
1
0.74879299612002126
119
146
0.70987365041023354
0
68
0
7
0.69973801931851043
120
131
0.8571142372545637
0
54
0
2
-0.95498483721721827
121
122
0.61684926936420359
0
20
1
-1
0
0
0
-0.28581101879953946
0
3
0
4
-0.36919708050864786
123
130
0.7761422613930995
0
17
0
2
-0.24576453520958833
124
125
0.96142415758626021
0
14
1
-1
0
0
0
1.5821439839712301
0
3
0
6
-0.46752243736595323
126
129
0.79213693220854109
0
11
0
6
-0.58183943922609638
127
128
0.90153351593971032
0
8
1
-1
0
0
0
0.84053081810118746
0
3
1
-1
0
0
0
0.93813513464282416
0
5
1
-1
0
0
0
0.50041270892542311
0
3
1
-1
0
0
0
-0.088506587508316928
0
3
0
5
0.42645879261451181
132
141
0.99844657130771686
0
34
0
6
-0.15185162541123978
133
138
1.1133620891596248
0
23
0
0
0.80490282244926337
134
137
0.82945302757345585
0
12
0
2
0.069444487904913893
135
136
0.97226670545799765
0
8
1
-1
0
0
0
0.7616389855590977
0
4
1
-1
0
0
0
1.1828944253568976
0
4
1
-1
0
0
0
0.54382567180437191
0
4
0
4
0.016883581415550956
139
140
1.4230810654354455
0
11
1
-1
0
0
0
1.2426246742834512
0
5
1
-1
0
0
0
1.5734613913954405
0
6
0
7
1.323358610173859
142
145
0.75816867034463631
0
11
0
1
-0.7731123996646172
143
144
0.68022364088906928
0
7
1
-1
0
0
0
0.65071138040978382
0
3
1
-1
0
0
0
0.70235783624853321
0
4
1
-1
0
0
0
0.89457247189187905
0
4
0
3
-0.36681260744570654
147
148
0.14194567258210294
0
14
1
-1
0
0
0
-0.60025559992792554
0
4
0
0
-1.0363057634488704
149
152
0.43882618158611442
0
10
0
2
0.30585125524079054
150
151
0.62068586322651076
0
7
1
-1
0
0
0
0.96575476102615543
0
4
1
-1
0
0
0
0.16059399949365141
0
3
1
-1
0
0
0
0.014486924425189221
0
3
0
3
-0.39842804018713179
154
155
0.11890258514266093
0
12
1
-1
0
0
0
-0.24353577494776305
0
5
0
4
-0.42520260862728171
156
157
0.37778712806439235
0
7
1
-1
0
0
0
0.6746633599292039
0
3
1
-1
0
0
0
0.15512995416578373
0
4
0
3
-0.29093556886628602
159
160
2.2400794123914589
0
8
1
-1
0
0
0
1.6569939199694179
0
3
1
-1
0
0
0
2.589930707844684
0
5
"DecisionTree"
0
0
12
3
0
2
1
161
0
1
1.0227820159360146
1
130
-0.059382308999066102
0
320
0
1
0.56920355455995764
2
87
0.12459931690685995
0
255
0
4
-0.29174262672755857
3
44
-0.0030051748853118562
0
172
0
7
0.93685397123729541
4
39
-0.21547994074918411
0
85
0
5
-0.1162233419080711
5
34
-0.45140335288244859
0
74
0
2
0.30585125524079054
6
19
-0.32100980483120323
0
62
0
7
-0.37422302318288536
7
12
-0.50112772501161607
0
31
0
1
-1.0816378505498532
8
9
-0.78253390656751176
0
16
1
-1
0
0
0
-0.1774283114741638
0
5
0
1
-0.091593493231556439
10
11
-1.0575819043372154
0
11
1
-1
0
0
0
-0.8748800151052758
0
6
1
-1
0
0
0
-1.2768241714155431
0
5
0
1
-0.88593140782414448
13
16
-0.20096113135199395
0
15
0
5
-0.55547562782547266
14
15
0.22361764560412536
0
6
1
-1
0
0
0
0.65370537784971128
0
3
1
-1
0
0
0
-0.20647008664146058
0
3
0
4
-0.99836556660734233
17
18
-0.4840136493227401
0
9
1
-1
0
0
0
-0.26545183620803242
0
4
1
-1
0
0
0
-0.65886309981450641
0
5
0
0
0.6379871207988036
20
21
-0.14089188465079042
0
31
1
-1
0
0
0
0.40981434639321679
0
5
0
7
-0.025703108798012162
22
31
-0.24679692908233028
0
26
0
2
0.62106027835529276
23
24
-0.41135931144716609
0
18
1
-1
0
0
0
-0.25040699907239666
0
4
0
2
0.85746704569116949
25
26
-0.4573456864113859
0
14
1
-1
0
0
0
-0.59284545626410501
0
4
0
7
-0.54167794314998385
27
30
-0.4031457784702982
0
10
0
1
-0.81225368820975952
28
29
-0.3392324874062459
0
7
1
-1
0
0
0
-0.2166496779372141
0
3
1
-1
0
0
0
-0.43116959450801973
0
4
1
-1
0
0
0
-0.55227679095308735
0
3
0
3
-0.48891358906776261
32
33
0.12346843123855036
0
8
1
-1
0
0
0
-0.0049740589343395605
0
4
1
-1
0
0
0
0.25191092141144028
0
4
0
0
0.53526976593698516
35
36
-1.125103351147217
0
12
1
-1
0
0
0
-1.3585603015255643
0
6
0
5
-0.028372884724590777
37
38
-0.89164640076886981
0
6
1
-1
0
0
0
-0.94987965097545979
0
3
1
-1
0
0
0
-0.83341315056227983
0
3
0
0
0.97181852409972325
40
43
1.3716411954200509
0
11
0
7
1.6826967888656801
41
42
1.7873858767253805
0
8
1
-1
0
0
0
1.1364126151020228
0
4
1
-1
0
0
0
2.438359138348738
0
4
1
-1
0
0
0
0.262988711939172
0
3
0
0
0.35551439492879855
45
50
0.20458511360237935
0
87
0
0
-0.16320824712339421
46
49
-0.62079327082835123
0
13
0
5
-0.11881990714502126
47
48
-0.20100604131359287
0
8
1
-1
0
0
0
-0.67413248675813664
0
3
1
-1
0
0
0
0.082869825953133414
0
5
1
-1
0
0
0
-1.2924528380519649
0
5
0
0
0.96154678861353959
51
76
0.34958401897534558
0
74
0
7
0.55824156482242582
52
67
0.53032002153444457
0
55
0
7
0.17791112139603113
53
66
0.027546036788167111
0
34
0
0
0.6354191869272604
54
59
-0.070480658094132689
0
29
0
4
-0.062954086328033371
55
56
0.14709107103957825
0
10
1
-1
0
0
0
-0.20998803363337537
0
4
0
7
-0.7091865517736925
57
58
0.38514380748821408
0
6
1
-1
0
0
0
-0.053177417717172375
0
3
1
-1
0
0
0
0.82346503269360072
0
3
0
2
0.73926366202323113
60
65
-0.18499209448029641
0
19
0
3
0.51449483490491943
61
64
-0.12348022010347008
0
16
0
3
0.092810373374461574
62
63
-0.045462116621974566
0
13
1
-1
0
0
0
-0.2500701743604048
0
8
1
-1
0
0
0
0.28191077575951384
0
5
1
-1
0
0
0
-0.46155866852328392
0
3
1
-1
0
0
0
-0.51305542449003694
0
3
1
-1
0
0
0
0.59610086710550603
0
5
0
3
0.79401886783255482
68
73
1.3443350444569888
0
21
0
5
-0.058666145822342614
69
72
1.7067691274082131
0
12
0
2
-0.04875889576302446
70
71
1.8392535141250048
0
8
1
-1
0
0
0
1.6285509442901065
0
3
1
-1
0
0
0
1.9656750560259435
0
5
1
-1
0
0
0
1.4418003539746285
0
4
0
3
4.6896942939776896
74
75
0.8610896005220231
0
9
1
-1
0
0
0
0.6363401926981318
0
4
1
-1
0
0
0
1.0408891267811362
0
5
0
6
1.186176919088163
77
82
-0.17359914632730913
0
19
0
3
0.063375315304858765
78
79
-0.70350360164382553
0
10
1
-1
0
0
0
-0.97637652831881816
0
4
0
1
-1.3556268703658483
80
81
-0.52158831719383036
0
6
1
-1
0
0
0
-0.34449336862211849
0
3
1
-1
0
0
0
-0.69868326576554229
0
3
0
0
1.3159216628868193
83
86
0.41518358180215353
0
9
0
5
0.72809312097355505
84
85
0.54472387103635023
0
6
1
-1
0
0
0
0.65610057580165326
0
3
1
-1
0
0
0
0.43334716627104702
0
3
1
-1
0
0
0
0.15610300333376012
0
3
0
0
-0.84371072308295314
88
125
0.38903272158461338
0
83
0
2
1.7636929871453635
89
120
0.57957936548251932
0
72
0
6
-0.089496897123889002
90
105
0.44032008481719936
0
59
0
0
-1.2956670844749647
91
94
0.7358915057749531
0
30
0
0
-1.3187784893188754
92
93
-0.3913494285569839
0
6
1
-1
0
0
0
-0.28910441598345971
0
3
1
-1
0
0
0
-0.49359444113050821
0
3
0
2
0.227048999462165
95
96
1.0177017393579375
0
24
1
-1
0
0
0
1.5851996577584202
0
5
0
7
1.0867527004928705
97
104
0.86836018188412611
0
19
0
7
0.41961745345498491
98
101
0.64493724248992368
0
14
0
5
-0.53816519291247167
99
100
0.51341521209310825
0
7
1
-1
0
0
0
0.44704470455871531
0
4
1
-1
0
0
0
0.60190922213896547
0
3
0
2
0.42405463890872885
102
103
0.77645927288673888
0
7
1
-1
0
0
0
0.63027734788227863
0
4
1
-1
0
0
0
0.97136850622601945
0
3
1
-1
0
0
0
1.493944412187894
0
5
0
0
-1.3547295635205128
106
109
0.13455654589538532
0
29
0
2
0.58165915046598005
107
108
0.88858447701202403
0
6
1
-1
0
0
0
1.0710686209756053
0
3
1
-1
0
0
0
0.70610033304844266
0
3
0
3
0.0077757611733868196
110
115
-0.062146392656781277
0
23
0
0
-1.3085067538326918
111
112
-0.48624553832341333
0
11
1
-1
0
0
0
-0.77697629881964647
0
4
0
7
-0.32531265701102685
113
114
-0.32011367518270883
0
7
1
-1
0
0
0
-0.6337135213191154
0
3
1
-1
0
0
0
-0.084913790580403922
0
4
0
5
1.0626172756673002
116
117
0.32661115753763142
0
12
1
-1
0
0
0
1.6225629494102514
0
3
0
2
-0.048758895763024446
118
119
-0.10537277308657519
0
9
1
-1
0
0
0
0.066881879623920532
0
4
1
-1
0
0
0
-0.24317649525497176
0
5
0
3
0.31847915190808301
121
124
1.2116022546558949
0
13
0
5
-0.31010021293368284
122
123
1.4480428386368775
0
10
1
-1
0
0
0
1.3667558081428457
0
5
1
-1
0
0
0
1.529329869130909
0
5
1
-1
0
0
0
0.42346697471928624
0
3
0
2
0.54225802257666722
126
129
-0.85818167483804375
0
11
0
2
-0.36396791887752672
127
128
-0.96540566627108393
0
7
1
-1
0
0
0
-0.85130228526584673
0
4
1
-1
0
0
0
-1.1175435076114002
0
3
1
-1
0
0
0
-0.67053968983022361
0
4
0
7
-0.78061930939351454
131
138
-0.78115637986077613
0
65
0
4
-0.07844497708425123
132
137
-1.2399980029044346
0
16
0
2
-0.36396791887752666
133
134
-1.2822133668074127
0
12
1
-1
0
0
0
-1.3518238072857272
0
4
0
2
1.1332749409163587
135
136
-1.2474081465682556
0
8
1
-1
0
0
0
-1.2152077041018352
0
5
1
-1
0
0
0
-1.301075550678956
0
3
1
-1
0
0
0
-1.1133519111955015
0
4
0
6
1.8590883618558238
139
160
-0.63133054376488729
0
49
0
7
0.23425736650839707
140
157
-0.66423276913611551
0
46
0
0
-0.8462786569545
141
152
-0.73858435056630567
0
37
0
3
-0.23141134032553368
142
147
-0.81022763438748124
0
25
0
5
-0.56456360615479828
143
144
-0.70791859633024157
0
13
1
-1
0
0
0
-0.5958095137296332
0
5
0
1
1.3082831794417566
145
146
-0.77798677295562191
0
8
1
-1
0
0
0
-0.70053954417829734
0
5
1
-1
0
0
0
-0.90706548758449645
0
3
0
5
-0.21272901654805193
148
149
-0.92106242561615748
0
12
1
-1
0
0
0
-1.1245794015952295
0
4
0
1
1.1217864516678442
150
151
-0.81930393762662157
0
8
1
-1
0
0
0
-0.68805457485379951
0
4
1
-1
0
0
0
-0.95055330039944352
0
4
0
4
-0.58964437203944042
153
154
-0.58932750927219013
0
12
1
-1
0
0
0
-0.71679695027710355
0
4
0
6
-0.085599726605929558
155
156
-0.52559278876973337
0
8
1
-1
0
0
0
-0.49988183575435591
0
5
1
-1
0
0
0
-0.56844437712869578
0
3
0
0
-0.8128955166244094
158
159
-0.35856515658977778
0
9
1
-1
0
0
0
-0.47069036071506276
0
6
1
-1
0
0
0
-0.13431474833920773
0
3
1
-1
0
0
0
-0.12682975473938898
0
3
"DecisionTree"
0
0
12
3
0
2
1
167
0
0
-1.398384439336787
1
8
0.021354742877734909
0
320
0
0
-1.511373529684789
2
3
1.2284056814416624
0
18
1
-1
0
0
0
-0.9721100819669215
0
4
0
6
0.02741821841489377
4
5
1.8571244709869721
0
14
1
-1
0
0
0
1.1556789886279564
0
5
0
7
0.65047867687868599
6
7
2.2468164056308697
0
9
1
-1
0
0
0
2.3873870804333319
0
6
1
-1
0
0
0
1.9656750560259433
0
3
0
0
0.33753885782798165
9
78
-0.05058869054660517
0
302
0
1
1.0342941596257615
10
57
-0.31237478331974733
0
141
0
2
-1.191391604553095
11
16
-0.11087273541669845
0
91
0
7
0.38340445457143019
12
15
-0.69568926832561473
0
9
0
4
-0.28816780578381607
13
14
-1.1699384628101313
0
6
1
-1
0
0
0
-1.2908959593832023
0
3
1
-1
0
0
0
-1.0489809662370602
0
3
1
-1
0
0
0
0.25280912064341848
0
3
0
3
-0.61515728256628122
17
22
-0.046685554975475857
0
82
0
3
-0.86284784528530922
18
19
-0.99209501487843765
0
12
1
-1
0
0
0
-0.51634882167395724
0
3
0
0
-0.14009684227948371
20
21
-1.150677079279931
0
9
1
-1
0
0
0
-1.1115555127315448
0
6
1
-1
0
0
0
-1.2289202123767031
0
3
0
7
-0.2299079142147672
23
34
0.11538463815074611
0
70
0
2
0.227048999462165
24
31
-0.6562075542590925
0
23
0
0
-0.2633576681136694
25
30
-0.94655103029224652
0
17
0
6
-0.1817299327155954
26
29
-0.77532960022768638
0
12
0
5
-0.2880294084196065
27
28
-0.9036865476165783
0
7
1
-1
0
0
0
-0.84029934467411316
0
4
1
-1
0
0
0
-0.98820281820653177
0
3
1
-1
0
0
0
-0.59562987388323752
0
5
1
-1
0
0
0
-1.3574824624471904
0
5
0
2
0.89686817358048221
32
33
0.16643229450151001
0
6
1
-1
0
0
0
-0.22114067409710533
0
3
1
-1
0
0
0
0.55400526310012543
0
3
0
7
1.1657018700381152
35
56
0.49297230677683734
0
47
0
0
-1.1955176634846896
36
49
0.40308640643177973
0
42
0
0
-1.226332869943237
37
44
0.64646220712004043
0
26
0
2
0.54225802257666722
38
43
0.42879201302315739
0
14
0
0
-1.2776915473741481
39
40
0.52626995954297884
0
11
1
-1
0
0
0
0.67496275967319663
0
4
0
4
-0.36443065258365781
41
42
0.44130264518285445
0
7
1
-1
0
0
0
0.50430490559732888
0
4
1
-1
0
0
0
0.35729963129688835
0
3
1
-1
0
0
0
0.071372875783811796
0
3
0
4
-0.023631055946864973
45
48
0.90041076689973754
0
12
0
6
-0.60132529181589356
46
47
0.98394329547371506
0
8
1
-1
0
0
0
0.86106964053909019
0
5
1
-1
0
0
0
1.1887327203647562
0
3
1
-1
0
0
0
0.73334570975178293
0
4
0
1
0.75339785359591938
50
55
0.0076007303133559575
0
16
0
2
-0.75797919777065448
51
54
0.092446011610993833
0
13
0
5
-0.038759145672391408
52
53
-0.028840495669761653
0
7
1
-1
0
0
0
-0.17091636704232144
0
4
1
-1
0
0
0
0.16059399949365141
0
3
1
-1
0
0
0
0.23394693677187525
0
6
1
-1
0
0
0
-0.36006215530974145
0
3
1
-1
0
0
0
1.2480138696753209
0
5
0
5
-0.067321363278843138
58
73
-0.67910851050329635
0
50
0
5
-0.21013245131110178
59
72
-0.58166786582170882
0
36
0
1
1.5983892004233968
60
69
-0.64115988269390278
0
31
0
0
-0.78208031016586221
61
66
-0.53588790931452768
0
23
0
7
-0.70167013984826954
62
63
-0.72380981351139539
0
13
1
-1
0
0
0
-0.85407173289777971
0
3
0
7
-0.32131285209356975
64
65
-0.68473123769547994
0
10
1
-1
0
0
0
-0.5968873528080072
0
5
1
-1
0
0
0
-0.77257512258295302
0
5
0
7
0.18770930122738572
67
68
-0.29158943385859948
0
10
1
-1
0
0
0
-0.45245691630590434
0
5
1
-1
0
0
0
-0.13072195141129472
0
5
0
4
-0.76481059828282705
70
71
-0.9438168061596065
0
8
1
-1
0
0
0
-0.86275432547356945
0
5
1
-1
0
0
0
-1.0789209406363351
0
3
1
-1
0
0
0
-0.21281736121410688
0
5
0
4
0.4017726363585023
74
77
-0.92967016825594917
0
14
0
4
0.23613926596509599
75
76
-1.0353083779280579
0
9
1
-1
0
0
0
-1.0819149380762627
0
5
1
-1
0
0
0
-0.97705017774280201
0
4
1
-1
0
0
0
-0.73952139084615331
0
5
0
2
0.10884561579422665
79
124
0.17867739070192318
0
161
0
2
-1.0337870929958439
80
95
-0.030605597993231072
0
82
0
5
1.4880212136543012
81
92
0.3395352464866519
0
27
0
4
-0.58964437203944042
82
85
0.52887065459193405
0
20
0
3
-0.57220390153137934
83
84
0.91523105422737883
0
6
1
-1
0
0
0
0.95609911928238922
0
3
1
-1
0
0
0
0.87436298917236821
0
3
0
7
-0.073486013181057352
86
87
0.36328762617674343
0
14
1
-1
0
0
0
-0.83580834851422192
0
3
0
6
1.3602505355570171
88
91
0.69031380109246132
0
11
0
7
1.6114250972156887
89
90
0.90297705041967546
0
7
1
-1
0
0
0
0.59390027898715947
0
4
1
-1
0
0
0
1.3150794123296972
0
3
1
-1
0
0
0
0.31815311476983626
0
4
0
0
1.0719679450899948
93
94
-0.20142306238558275
0
7
1
-1
0
0
0
0.31433576803392871
0
4
1
-1
0
0
0
-0.88910150294493151
0
3
0
7
-0.58258869948692804
96
107
-0.21231110346517368
0
55
0
3
-0.79918090486809434
97
98
-0.666710524683369
0
19
1
-1
0
0
0
-1.2555667895920577
0
3
0
0
1.3364651338591866
99
106
-0.55629997501298978
0
16
0
0
1.2183401757680909
100
105
-0.40950917456762109
0
13
0
5
0.943175274767593
101
104
-0.3444035486989207
0
10
0
5
-0.014091775921364902
102
103
-0.25582827300826544
0
7
1
-1
0
0
0
-0.17443431403423629
0
3
1
-1
0
0
0
-0.31687374223878728
0
4
1
-1
0
0
0
-0.55107919197711619
0
3
1
-1
0
0
0
-0.62652792746328934
0
3
1
-1
0
0
0
-1.1923934436095875
0
3
0
6
0.015726706861015492
108
111
0.027510813288873861
0
36
0
4
-0.27029370106510314
109
110
0.74131722793558974
0
8
1
-1
0
0
0
0.38125161081630843
0
4
1
-1
0
0
0
1.1013828450548713
0
4
0
7
-0.047017505472246916
112
121
-0.17643387661018783
0
28
0
1
-0.75239054102307223
113
118
-0.067422542378722167
0
19
0
6
0.46000414590838995
114
115
-0.27623022699177141
0
12
1
-1
0
0
0
-0.54694747551001632
0
5
0
0
0.86139736762326446
116
117
-0.082860763764453615
0
7
1
-1
0
0
0
0.20011476570069445
0
3
1
-1
0
0
0
-0.29509241086331467
0
4
0
1
-0.71094682373998075
119
120
0.29053348838650506
0
7
1
-1
0
0
0
0.656399975545646
0
3
1
-1
0
0
0
0.016133623017149358
0
4
0
5
1.2967409078656393
122
123
-0.40656891554328201
0
9
1
-1
0
0
0
-0.80167677769904833
0
3
1
-1
0
0
0
-0.20901498446539898
0
6
0
7
0.70907984556867887
125
158
0.39590783466398205
0
79
0
6
-0.85074420496529668
126
133
-0.064239722051249337
0
58
0
5
-0.98780373977767377
127
128
-0.51618760642719197
0
13
1
-1
0
0
0
0.17526458694929614
0
3
0
3
-0.89729776510010362
129
132
-0.72362326444013836
0
10
0
0
0.74070447566062558
130
131
-0.64731482397478601
0
7
1
-1
0
0
0
-0.7697907049638204
0
4
1
-1
0
0
0
-0.48401364932274021
0
3
1
-1
0
0
0
-0.90167629219262702
0
3
0
1
-0.78001968587846604
134
145
0.066323000101800728
0
45
0
6
-0.80267910191046377
135
136
-0.10803265776871369
0
23
1
-1
0
0
0
0.73274691026379746
0
3
0
6
0.037810673129452244
137
144
-0.23414959297359039
0
20
0
1
-0.84909254801695289
138
141
-0.10158661382400019
0
16
0
2
0.93626930146979492
139
140
0.12957618601600246
0
10
1
-1
0
0
0
-0.19557193596012443
0
5
1
-1
0
0
0
0.45472430799212943
0
5
0
6
-0.56625075715425877
142
143
-0.4868579468906713
0
6
1
-1
0
0
0
-0.27114043134389465
0
3
1
-1
0
0
0
-0.70257546243744795
0
3
1
-1
0
0
0
-0.76440150957195097
0
4
0
6
-0.47401772156255229
146
149
0.24860391514824762
0
22
0
2
1.1332749409163589
147
148
-0.36530165082961469
0
6
1
-1
0
0
0
-0.37892433918128482
0
3
1
-1
0
0
0
-0.35167896247794456
0
3
0
3
0.19746835762193818
150
157
0.47881850238994594
0
16
0
0
0.61230778208334991
151
152
0.39099361787084175
0
13
1
-1
0
0
0
0.047420896264391756
0
3
0
3
-0.16120327589285147
153
154
0.49406543435277683
0
10
1
-1
0
0
0
0.82945302757345563
0
3
0
4
0.96540273848858271
155
156
0.35032789440105722
0
7
1
-1
0
0
0
0.21059375674044073
0
4
1
-1
0
0
0
0.53664007794854585
0
3
1
-1
0
0
0
0.85939300197273083
0
3
0
7
2.0029227812169976
159
164
1.6667915627346206
0
21
0
6
-0.025843111997218383
160
163
1.198933697356509
0
14
0
6
-0.43114884586499863
161
162
0.99570970541263004
0
10
1
-1
0
0
0
0.84861461118899184
0
6
1
-1
0
0
0
1.2163523467480875
0
4
1
-1
0
0
0
1.7069936772162071
0
4
0
3
-0.22879489071934678
165
166
2.6025072934908429
0
7
1
-1
0
0
0
2.6025072934908433
0
3
1
-1
0
0
0
2.6025072934908433
0
4
"DecisionTree"
0
0
12
3
0
2
1
173
0
6
-0.42725167534703923
1
66
-0.033326082585171043
0
320
0
5
-0.52215304061794576
2
41
-0.23879794806869634
0
129
0
1
0.83628528816210224
3
30
0.047536625780819741
0
78
0
4
-0.95427610830118381
4
9
0.34875684770869508
0
56
0
5
-0.94322936987669614
5
6
-0.23929178357666586
0
16
1
-1
0
0
0
0.3897845035201018
0
6
0
5
-0.87052554324209175
7
8
-0.61673755583472656
0
10
1
-1
0
0
0
-0.37503214250937911
0
5
1
-1
0
0
0
-0.85844296916007379
0
5
0
7
1.3640009232277526
10
29
0.58397630022283953
0
40
0
7
0.10637098646298873
11
20
0.29561472975598208
0
35
0
4
-0.74336167262037156
12
13
-0.10330323801406391
0
19
1
-1
0
0
0
1.4264561170950001
0
3
0
1
-0.83067311811335709
14
17
-0.39013311709701337
0
16
0
2
0.62106027835529276
15
16
-0.048985821301273859
0
8
1
-1
0
0
0
-0.33311617835039398
0
3
1
-1
0
0
0
0.1214923929281982
0
5
0
6
-0.64809133803140662
18
19
-0.73128041289275281
0
8
1
-1
0
0
0
-0.52557033378893392
0
5
1
-1
0
0
0
-1.0741305447324512
0
3
0
3
-0.60142092213380005
21
24
0.76932981648291154
0
16
0
7
0.36362018461058498
22
23
1.0355897513124643
0
6
1
-1
0
0
0
0.38125161081630843
0
3
1
-1
0
0
0
1.6899278918086205
0
3
0
7
0.93972631436593912
25
28
0.60957385558517985
0
10
0
2
0.62106027835529276
26
27
0.41807777932741674
0
7
1
-1
0
0
0
0.10550444659898534
0
3
1
-1
0
0
0
0.65250777887374034
0
4
1
-1
0
0
0
1.0563980335199605
0
3
1
-1
0
0
0
2.6025072934908433
0
5
0
0
-1.3547295635205128
31
34
-0.71920575730831804
0
22
0
7
-1.522811298372408
32
33
-0.43296599297197624
0
6
1
-1
0
0
0
-0.42892409642807411
0
3
1
-1
0
0
0
-0.43700788951587838
0
3
0
2
-0.99438596510653121
35
36
-0.82654566893444636
0
16
1
-1
0
0
0
-0.42308580142021546
0
4
0
3
-0.45708011885915512
37
40
-0.96103229143918989
0
12
0
7
-0.77559942000046411
38
39
-1.0925810539560044
0
8
1
-1
0
0
0
-1.1561061946376663
0
5
1
-1
0
0
0
-0.9867058194865681
0
3
1
-1
0
0
0
-0.6979347664055604
0
4
0
0
-1.1621345231545992
42
43
-0.67672141395619145
0
51
1
-1
0
0
0
0.11493553853475696
0
4
0
1
-0.43005051771013691
44
57
-0.74409647374265508
0
47
0
4
-0.8696720126326094
45
46
-0.54098942060456057
0
30
1
-1
0
0
0
-0.90946068553643844
0
3
0
1
-0.75699539849897035
47
56
-0.500048168945463
0
27
0
4
-0.59083597902068807
48
51
-0.53771847840143983
0
24
0
3
-0.62322466885202421
49
50
-0.38438838450915253
0
12
1
-1
0
0
0
-0.47248675917901933
0
6
1
-1
0
0
0
-0.29629000983928572
0
6
0
2
0.77866478991254384
52
55
-0.69104857229372707
0
12
0
7
-0.52441704004981649
53
54
-0.62383332976735473
0
7
1
-1
0
0
0
-0.75766501533211406
0
4
1
-1
0
0
0
-0.44539108234767538
0
3
1
-1
0
0
0
-0.78514991183064853
0
5
1
-1
0
0
0
-0.19868569329764907
0
3
0
7
-0.5471541861242204
58
63
-1.1025206851628226
0
17
0
4
-0.6480331141205693
59
60
-1.2790288422576717
0
11
1
-1
0
0
0
-1.2251777155767938
0
4
0
3
-0.3942853283106692
61
62
-1.3098009146467449
0
7
1
-1
0
0
0
-1.3102820928067331
0
4
1
-1
0
0
0
-1.3091593437667601
0
3
0
4
-0.60394365581441078
64
65
-0.7789223971555993
0
6
1
-1
0
0
0
-0.92383187324809046
0
3
1
-1
0
0
0
-0.63401292106310814
0
3
0
0
-1.403520307079877
67
76
0.10544810928590105
0
191
0
0
-1.5139414635563357
68
69
0.89692416882219372
0
17
1
-1
0
0
0
-1.0962861257879146
0
3
0
5
0.33211692233865603
70
75
1.3240406605243595
0
14
0
6
0.070287094112447449
71
74
1.6616355142005375
0
10
0
6
-0.15315068225055961
72
73
1.5019476239731719
0
7
1
-1
0
0
0
1.7449425947672883
0
4
1
-1
0
0
0
1.1779543295810173
0
3
1
-1
0
0
0
2.0342405913977228
0
3
1
-1
0
0
0
0.48005352633391607
0
4
0
6
0.055997468879929554
77
120
0.028119988526608068
0
174
0
3
0.15604123885731203
78
115
0.20184994954229479
0
83
0
2
-1.0337870929958439
79
86
-0.040714903373474137
0
72
0
7
-0.2847508769420487
80
85
-0.76518743389993171
0
16
0
6
-0.14665539805396055
81
84
-1.2027726347346697
0
9
0
3
-0.35700092142250561
82
83
-1.2865546630953075
0
6
1
-1
0
0
0
-1.2055670323452687
0
3
1
-1
0
0
0
-1.3675422938453465
0
3
1
-1
0
0
0
-1.0352085780133937
0
3
1
-1
0
0
0
-0.20257788996955481
0
7
0
7
-0.13117447470867741
87
98
0.16627724820551371
0
56
0
0
-0.081034363233935869
88
93
-0.42455025668974516
0
23
0
2
0.38465351101941614
89
92
-0.85442556895886179
0
11
0
5
-0.20537208171002647
90
91
-0.99374171347039775
0
6
1
-1
0
0
0
-0.81934136259462065
0
3
1
-1
0
0
0
-1.1681420643461748
0
3
1
-1
0
0
0
-0.68724619554501909
0
5
0
1
-0.92967755384518502
94
95
-0.030497887109721549
0
12
1
-1
0
0
0
-1.0819149380762627
0
3
0
0
0.72016100468826194
96
97
0.31997446321245893
0
9
1
-1
0
0
0
0.6810705144506487
0
5
1
-1
0
0
0
-0.13139560083527838
0
4
0
5
-0.081169711209243975
99
112
0.57806611525372453
0
33
0
3
-0.12544513127496362
100
107
0.46512960063335423
0
26
0
7
0.33717852123007952
101
102
0.26834268383174825
0
17
1
-1
0
0
0
0.14068391651813353
0
6
0
0
-1.2289008038147802
103
104
0.33797473873008355
0
11
1
-1
0
0
0
0.071372875783811796
0
3
0
3
-0.27000397201679072
105
106
0.43795043733493549
0
8
1
-1
0
0
0
0.48634092095776382
0
4
1
-1
0
0
0
0.38955995371210717
0
4
0
2
0.54225802257666722
108
111
0.83683822125861029
0
9
0
7
0.87079007927849006
109
110
1.0107395725610662
0
6
1
-1
0
0
0
1.2878340356263565
0
3
1
-1
0
0
0
0.73364510949577566
0
3
1
-1
0
0
0
0.4890355186536986
0
3
0
3
-0.088814836788346813
113
114
0.99754459812938567
0
7
1
-1
0
0
0
0.66358556940147206
0
3
1
-1
0
0
0
1.2480138696753209
0
4
0
7
1.3241639400230114
116
119
1.7895471686273283
0
11
0
1
-0.83527797558925521
117
118
2.0626805730795947
0
6
1
-1
0
0
0
2.1596860901332455
0
3
1
-1
0
0
0
1.9656750560259433
0
3
1
-1
0
0
0
1.4617870832846085
0
5
0
7
0.50055310329480562
121
166
-0.13033700888330407
0
91
0
7
-0.94552401817163001
122
125
-0.29859188839050266
0
77
0
1
-0.3724897992614003
123
124
-1.1018998709877788
0
8
1
-1
0
0
0
-0.86185612624159114
0
4
1
-1
0
0
0
-1.3419436157339664
0
4
0
6
0.63927398973452354
126
143
-0.20545473098791997
0
69
0
0
-0.36093915523239772
127
134
-0.48755482560513735
0
29
0
3
0.34922243478077925
128
131
-0.71238080405321058
0
12
0
0
-0.77694444242277205
129
130
-0.65242600531866224
0
6
1
-1
0
0
0
-0.64030031568695589
0
3
1
-1
0
0
0
-0.66455169495036859
0
3
0
1
1.2898637495381609
132
133
-0.7723356027877587
0
6
1
-1
0
0
0
-0.90676608784050361
0
3
1
-1
0
0
0
-0.63790511773501379
0
3
0
5
0.020096333031812155
135
136
-0.32885413493590887
0
17
1
-1
0
0
0
0.10460624736700708
0
3
0
4
0.19562462860268007
137
140
-0.4217385025722481
0
14
0
1
-0.80534640199591223
138
139
-0.5392742877854021
0
7
1
-1
0
0
0
-0.43902883778782942
0
4
1
-1
0
0
0
-0.6729348877821657
0
3
0
0
1.0950793499339091
141
142
-0.30420271735909404
0
7
1
-1
0
0
0
-0.27286197987185296
0
4
1
-1
0
0
0
-0.34599036734208227
0
3
0
3
0.86291870746214361
144
157
-0.00093216239043742983
0
40
0
7
-0.48517063206778732
145
150
0.24749178119010729
0
25
0
3
0.272691283799812
146
147
-0.14182696009757126
0
11
1
-1
0
0
0
0.1123906407108186
0
3
0
4
1.0523900481196522
148
149
-0.23715856040071751
0
8
1
-1
0
0
0
-0.43655878989988922
0
4
1
-1
0
0
0
-0.037758330901545727
0
4
0
2
0.66046140624460559
151
156
0.55338507791614044
0
14
0
2
-0.4427701746561522
152
153
0.26415909275659827
0
11
1
-1
0
0
0
0.70864523087238096
0
4
0
5
0.39443448802545983
154
155
0.010167013833293813
0
7
1
-1
0
0
0
0.048319095496370014
0
3
1
-1
0
0
0
-0.018447047414013332
0
4
1
-1
0
0
0
1.6138803568344617
0
3
0
7
0.17595148542975997
158
163
-0.41497206835801198
0
15
0
1
-0.74087839733332361
159
160
-0.75956121371073482
0
9
1
-1
0
0
0
-0.55796538608894952
0
3
0
2
-1.5066006276675972
161
162
-0.86035912752162735
0
6
1
-1
0
0
0
-0.82083836131458432
0
3
1
-1
0
0
0
-0.8998798937286705
0
3
0
7
0.31513932769160768
164
165
0.10191164967107229
0
6
1
-1
0
0
0
0.57646024389958173
0
3
1
-1
0
0
0
-0.37263694455743707
0
3
0
4
1.0464320132134146
167
170
0.79506482840628845
0
14
0
4
0.33861746635238332
168
169
1.1237629759183294
0
6
1
-1
0
0
0
0.82975242731744847
0
3
1
-1
0
0
0
1.41777352451921
0
3
0
1
-0.97572612860417629
171
172
0.54854121777225773
0
8
1
-1
0
0
0
0.40729938854367775
0
3
1
-1
0
0
0
0.63328631530940582
0
5
"DecisionTree"
0
0
12
3
0
2
1
155
0
7
-0.25157128715696792
1
86
-0.01797799093383871
0
320
0
0
0.58919637723943941
2
37
-0.6043255651978271
0
160
0
6
0.35218242824484591
3
34
-0.85737814746187335
0
69
0
7
-0.64698824309081859
4
23
-0.92428833515286601
0
61
0
7
-1.6007672277703646
5
6
-1.0480136747564681
0
39
1
-1
0
0
0
-0.42892409642807411
0
4
0
0
-0.99008295376104938
7
14
-1.1187667694225703
0
35
0
5
-0.65154854159262854
8
11
-0.94628685404754687
0
13
0
2
1.487885091920174
9
10
-1.1588606722823993
0
6
1
-1
0
0
0
-1.2025730349053412
0
3
1
-1
0
0
0
-1.1151483096594579
0
3
0
0
-1.1005041102375082
12
13
-0.76408072413195871
0
7
1
-1
0
0
0
-0.57555512104852369
0
4
1
-1
0
0
0
-1.0154481949098721
0
3
0
0
-0.11184956969248319
15
20
-1.2206867194169027
0
22
0
5
-0.60524312820035076
16
19
-1.1554475152008823
0
15
0
4
-0.82677416130769843
17
18
-1.1214357042833059
0
10
1
-1
0
0
0
-1.1473038421642794
0
5
1
-1
0
0
0
-1.0955675664023321
0
5
1
-1
0
0
0
-1.2234711370360352
0
5
0
1
0.41263840037938981
21
22
-1.3604850141655176
0
7
1
-1
0
0
0
-1.3355065212381223
0
3
1
-1
0
0
0
-1.3792188838610637
0
4
0
0
-0.85141452469758994
24
29
-0.70495705131011743
0
22
0
1
1.4395216175048782
25
28
-0.79008184215896549
0
11
0
5
-0.4230508007410147
26
27
-0.59393612676007845
0
7
1
-1
0
0
0
-0.57922276791243477
0
3
1
-1
0
0
0
-0.60497114589581136
0
4
1
-1
0
0
0
-1.1333368441070175
0
4
0
2
-0.08816002365233723
30
33
-0.6198322604612696
0
11
0
2
-1.3489961161103461
31
32
-0.67222381339018278
0
8
1
-1
0
0
0
-0.67413248675813664
0
3
1
-1
0
0
0
-0.67107860936941055
0
5
1
-1
0
0
0
-0.48012145265083445
0
3
0
7
-0.4993712817411754
35
36
-0.34718796631805326
0
8
1
-1
0
0
0
-0.73952139084615331
0
5
1
-1
0
0
0
0.30670107456211354
0
3
0
0
1.3493048032169135
38
81
-0.41245053029431916
0
91
0
3
-0.44268964602512706
39
60
-0.30308638402792115
0
80
0
1
-0.85599983423080006
40
47
-0.46276375249285467
0
40
0
2
1.487885091920174
41
46
-0.08384717899242973
0
16
0
6
-0.46362526684799388
42
45
0.0994243287209787
0
13
0
5
-0.56845845401022355
43
44
-0.045213384526965217
0
10
1
-1
0
0
0
0.17987534300678454
0
5
1
-1
0
0
0
-0.27030211206071497
0
5
1
-1
0
0
0
0.58155003954745843
0
3
1
-1
0
0
0
-0.87802371241719968
0
3
0
4
-0.59441079996443058
48
53
-0.71537480149313792
0
24
0
5
-0.38193851782263721
49
52
-0.49817525721359723
0
10
0
0
0.78179141760535287
50
51
-0.54389359812129023
0
7
1
-1
0
0
0
-0.61215673975163731
0
3
1
-1
0
0
0
-0.49269624189852995
0
4
1
-1
0
0
0
-0.39149912842898033
0
3
0
1
-0.78462454335436571
54
55
-0.87051733312138146
0
14
1
-1
0
0
0
-1.0170200435658341
0
4
0
4
-0.54436330675203437
56
57
-0.81191624894360037
0
10
1
-1
0
0
0
-0.87263451702533024
0
4
0
5
0.13218139909349394
58
59
-0.77143740355578061
0
6
1
-1
0
0
0
-0.67203668855018739
0
3
1
-1
0
0
0
-0.87083811856137372
0
3
0
6
-0.19472050110879346
61
62
-0.14340901556298752
0
40
1
-1
0
0
0
0.60378047053892003
0
4
0
5
0.020096333031812155
63
64
-0.22643006957431056
0
36
1
-1
0
0
0
0.46635598804624767
0
4
0
2
0.38465351101941614
65
80
-0.31302832677688042
0
32
0
4
0.47088584127085886
66
69
-0.26771282048163281
0
29
0
4
0.046673755946739143
67
68
-0.53003566711362582
0
7
1
-1
0
0
0
-0.59509095434405068
0
3
1
-1
0
0
0
-0.48124420169080728
0
4
0
3
0.29820166746013443
70
73
-0.18424646018963509
0
22
0
4
0.74257223299529507
71
72
0.036455380640657266
0
8
1
-1
0
0
0
-0.122862708131485
0
4
1
-1
0
0
0
0.19577346941279955
0
4
0
0
1.2517233160981851
74
77
-0.31036179780694495
0
14
0
0
0.79976695470617343
75
76
-0.41737582058835382
0
7
1
-1
0
0
0
-0.42593009898814665
0
3
1
-1
0
0
0
-0.41096011178850911
0
4
0
1
-1.3579292991037972
78
79
-0.20334777502553616
0
7
1
-1
0
0
0
-0.17967380955410941
0
4
1
-1
0
0
0
-0.23491306232077189
0
3
1
-1
0
0
0
-0.75107822096427357
0
3
0
2
-0.32456679098821389
82
83
-1.2078261395044867
0
11
1
-1
0
0
0
-0.93595756287979692
0
4
0
7
-1.0121784853531475
84
85
-1.3631796118614521
0
7
1
-1
0
0
0
-1.2723331752556519
0
4
1
-1
0
0
0
-1.4843081940025191
0
3
0
7
1.8261528793280357
87
150
0.56836958333014942
0
160
0
2
1.6848907313667378
88
147
0.44019326509284018
0
148
0
4
-0.9197195058450055
89
92
0.33708925256354538
0
137
0
6
-1.0001357414870746
90
91
-0.40527151665264682
0
9
1
-1
0
0
0
-0.082578472577260448
0
5
1
-1
0
0
0
-0.8086378217468797
0
4
0
5
-0.81167006453788826
93
94
0.38928649414905891
0
128
1
-1
0
0
0
1.7761550180785324
0
5
0
1
1.0619233044811569
95
142
0.3329097248836333
0
123
0
7
0.41583240316396841
96
121
0.38908351417212733
0
114
0
0
0.78692728534844658
97
110
0.085594499714260142
0
66
0
0
-1.2134932005855066
98
101
0.39240011251887141
0
34
0
1
0.84089014563800202
99
100
0.73559210603096048
0
10
1
-1
0
0
0
1.0021340754193546
0
4
1
-1
0
0
0
0.5578974597720312
0
6
0
0
0.58919637723943941
102
107
0.24940344855550098
0
24
0
2
0.38465351101941614
103
106
-0.067157082686680025
0
13
0
4
-0.17734835652779601
104
105
-0.15802720806343357
0
10
1
-1
0
0
0
-0.56065998378488435
0
3
1
-1
0
0
0
0.014529695817188182
0
7
1
-1
0
0
0
0.23574333523583177
0
3
0
5
-0.24518608200992892
108
109
0.62352044002353313
0
11
1
-1
0
0
0
0.36688042310465641
0
5
1
-1
0
0
0
0.83738712078926369
0
6
0
2
0.46345576679804168
111
120
-0.24038646389063928
0
32
0
3
-0.2076452564026692
112
113
-0.16652160651442785
0
28
1
-1
0
0
0
0.52945448409271989
0
5
0
3
0.77701194539233986
114
117
-0.31782075664641646
0
23
0
4
0.26354622653378912
115
116
-0.22254961406883589
0
17
1
-1
0
0
0
-0.39740546883320088
0
11
1
-1
0
0
0
0.098019452999166576
0
6
0
4
1.3467169724877914
118
119
-0.58775566061622819
0
6
1
-1
0
0
0
-0.86784412112144615
0
3
1
-1
0
0
0
-0.30766720011101018
0
3
1
-1
0
0
0
-0.75744046552411948
0
4
0
1
-0.9342824113210848
122
123
0.80638090905169468
0
48
1
-1
0
0
0
1.3236871549694884
0
4
0
4
-0.24169513351516247
124
135
0.7593530685137132
0
44
0
0
-1.1724062586407829
125
128
0.44721536241279125
0
25
0
4
-0.53483045090205417
126
127
0.71666486687218689
0
7
1
-1
0
0
0
0.81575548928578734
0
4
1
-1
0
0
0
0.58454403698738588
0
3
0
5
-0.47152001849741759
129
132
0.34242944401191511
0
18
0
7
1.1341597842796447
130
131
0.1078141017669294
0
7
1
-1
0
0
0
-0.24030225771264135
0
4
1
-1
0
0
0
0.57196924773969038
0
3
0
3
-0.27937958310562716
133
134
0.49173011634963332
0
11
1
-1
0
0
0
0.73424390898376102
0
3
1
-1
0
0
0
0.40078744411183537
0
8
0
2
0.26645012735147777
136
141
1.1700605765412422
0
19
0
6
0.3067154388686526
137
138
1.4159783236542298
0
15
1
-1
0
0
0
2.250587445206373
0
5
0
7
0.8590859521374743
139
140
0.99867376287815812
0
10
1
-1
0
0
0
0.64388506624674913
0
5
1
-1
0
0
0
1.3534624595095675
0
5
1
-1
0
0
0
0.24786902486753817
0
4
0
4
-0.53006402297706412
143
144
-0.37862493943729197
0
9
1
-1
0
0
0
-0.73431183530067956
0
3
0
3
-0.034959582394332792
145
146
-0.20078149150559832
0
6
1
-1
0
0
0
-0.28251762161561916
0
3
1
-1
0
0
0
-0.11904536139557743
0
3
0
6
-0.32592524188009414
148
149
1.724306875684966
0
11
1
-1
0
0
0
1.228103786699803
0
6
1
-1
0
0
0
2.319750582467162
0
5
0
0
-0.29160494070066983
151
152
2.1492108415902997
0
12
1
-1
0
0
0
1.6914248905285845
0
3
0
7
2.2031277817162951
153
154
2.3018061586108711
0
9
1
-1
0
0
0
1.7213648649278592
0
3
1
-1
0
0
0
2.592026805452377
0
6
"DecisionTree"
0
0
12
3
0
2
1
161
0
0
-1.1492948537968724
1
40
-0.06294981600485372
0
320
0
7
-0.23200177182256354
2
17
0.44792789278983036
0
73
0
4
-0.12968407727789491
3
12
-0.38615599453618665
0
26
0
6
-0.74681965781971205
4
7
-0.74065536737652593
0
16
0
1
1.1425083103093907
5
6
-0.40272661882870842
0
6
1
-1
0
0
0
-0.65766550083853537
0
3
1
-1
0
0
0
-0.14778773681888149
0
3
0
5
-0.26639136477835518
8
11
-0.94341261650521646
0
10
0
0
-1.465150719996968
9
10
-1.0645925243166823
0
7
1
-1
0
0
0
-0.99029861641448103
0
4
1
-1
0
0
0
-1.1636510681862837
0
3
1
-1
0
0
0
-0.66065949827846293
0
3
0
6
0.37556545135260244
13
16
0.18104300200835624
0
10
0
6
0.17680975493667173
14
15
0.66972326415332339
0
6
1
-1
0
0
0
0.027660513160870259
0
3
1
-1
0
0
0
1.3117860151457765
0
3
1
-1
0
0
0
-0.5519773912090945
0
4
0
1
0.68432499145743408
18
19
0.90933600067230802
0
47
1
-1
0
0
0
1.7700921732626793
0
4
0
1
1.0227820159360146
20
39
0.82926565903599436
0
43
0
4
-0.30961673144627155
21
30
0.87517204213057287
0
40
0
7
1.0867527004928705
22
29
0.66063280747173991
0
22
0
6
-0.36619600389900819
23
28
0.52850638490340951
0
18
0
3
-0.27174827175424865
24
27
0.48024599759791137
0
14
0
3
-0.47168862916036541
25
26
0.41682030040264717
0
10
1
-1
0
0
0
0.48131100525868559
0
5
1
-1
0
0
0
0.35232959554660875
0
5
1
-1
0
0
0
0.63881024058607205
0
4
1
-1
0
0
0
0.69741774047265281
0
4
1
-1
0
0
0
1.2552017090292267
0
4
0
0
-1.2699877457595112
31
34
1.1373866622691462
0
18
0
3
0.37080814403182133
32
33
1.6476013757506853
0
8
1
-1
0
0
0
1.8844796418535736
0
5
1
-1
0
0
0
1.2528042655792049
0
3
0
2
-0.71857806988134165
35
36
0.72921489148391494
0
10
1
-1
0
0
0
1.4384351008521499
0
3
0
1
0.78332942718926379
37
38
0.4252633731832427
0
7
1
-1
0
0
0
0.68005255532107334
0
3
1
-1
0
0
0
0.2341714865798698
0
4
1
-1
0
0
0
0.21718055110828124
0
3
0
2
0.069444487904913879
41
110
-0.21393796475793864
0
247
0
4
1.1524850345444446
42
95
-0.34775254869243982
0
140
0
2
-0.08816002365233723
43
90
-0.43812857846586978
0
109
0
7
-0.086612889722242126
44
67
-0.37983219646952088
0
93
0
2
-0.48217130254546497
45
58
-0.7163119226918353
0
50
0
4
-0.55866259052700473
46
47
-0.87566981098167052
0
29
1
-1
0
0
0
-0.43521149105192186
0
3
0
5
-0.17464605973944963
48
53
-0.92649192481971832
0
26
0
7
-0.36267996201170039
49
52
-0.75072438490319127
0
11
0
1
-0.73857596859537455
50
51
-0.79920672981110819
0
8
1
-1
0
0
0
-0.55826478583294226
0
3
1
-1
0
0
0
-0.94377189619800761
0
5
1
-1
0
0
0
-0.62143813181541263
0
3
0
2
-0.79738032565996719
54
57
-1.055388120758505
0
15
0
6
0.097567287738163422
55
56
-0.98517888079220506
0
10
1
-1
0
0
0
-1.1389505893068816
0
4
1
-1
0
0
0
-0.88266440844908745
0
6
1
-1
0
0
0
-1.195806600691105
0
5
0
3
-0.74140097606479993
59
60
-0.496246267434444
0
21
1
-1
0
0
0
-1.112094432270732
0
5
0
7
-0.20891564948019348
61
64
-0.303793715923104
0
16
0
4
0.34219228729612594
62
63
-0.12578185563541433
0
10
1
-1
0
0
0
-0.32293658705464046
0
4
1
-1
0
0
0
0.005654631977403078
0
6
0
0
0.078177536801883496
65
66
-0.60048014973592012
0
6
1
-1
0
0
0
-0.59688735280800709
0
3
1
-1
0
0
0
-0.60407294666383304
0
3
0
2
-0.48217130254546497
68
85
0.011423299137821552
0
43
0
4
-0.27863494993383581
69
76
-0.16263609287252193
0
32
0
1
-0.73857596859537455
70
73
0.083348865543521805
0
15
0
7
0.14891924682654309
71
72
0.35217241068101257
0
8
1
-1
0
0
0
0.19173157286889744
0
3
1
-1
0
0
0
0.44843691336828168
0
5
0
6
-0.58443755290473609
74
75
-0.22387804318503907
0
7
1
-1
0
0
0
-0.62323453027936904
0
3
1
-1
0
0
0
0.075639322135708481
0
4
0
2
-1.191391604553095
77
80
-0.37968164441608993
0
17
0
7
0.22529136085449997
78
79
-0.55482168877702553
0
6
1
-1
0
0
0
-0.7989821800031135
0
3
1
-1
0
0
0
-0.31066119755093774
0
3
0
0
0.27334051103934381
81
84
-0.28415071112830692
0
11
0
0
-1.0542813005496872
82
83
-0.094195182644179157
0
6
1
-1
0
0
0
-0.23760766001670661
0
3
1
-1
0
0
0
0.049217294728348258
0
3
1
-1
0
0
0
-0.51209734530926021
0
5
0
6
-0.71434323683671686
86
87
0.51777789407700248
0
11
1
-1
0
0
0
-0.55167799146510177
0
3
0
7
0.51223038610751626
88
89
0.91882385115529164
0
8
1
-1
0
0
0
0.52526288767682139
0
3
1
-1
0
0
0
1.1549604292423739
0
5
0
0
0.56865290626707943
91
94
-0.77697629881964647
0
16
0
6
-0.36749506073832799
92
93
-0.98526870071540296
0
10
1
-1
0
0
0
-1.2723331752556521
0
6
1
-1
0
0
0
-0.55467198890502933
0
4
1
-1
0
0
0
-0.42982229566005237
0
6
0
6
2.5540837708919213
96
109
-0.029978766585863143
0
31
0
1
-0.86751197792054702
97
100
-0.11031999742778874
0
28
0
5
0.59047516341519668
98
99
0.36747922259264187
0
9
1
-1
0
0
0
0.44098185974286208
0
4
1
-1
0
0
0
0.30867711287246574
0
5
0
6
2.3358422218861934
101
108
-0.33664594375325591
0
19
0
0
1.0026337305582671
102
107
-0.47275621894861275
0
15
0
4
1.7375640623369804
103
106
-0.26410453736006506
0
10
0
1
-0.79383425830616205
104
105
-0.093254212020201968
0
7
1
-1
0
0
0
-0.37593034174135731
0
3
1
-1
0
0
0
0.11875288527066452
0
4
1
-1
0
0
0
-0.66275529648641218
0
3
1
-1
0
0
0
-0.89005958212570824
0
5
1
-1
0
0
0
0.17376758822933241
0
4
1
-1
0
0
0
0.71987272127210922
0
3
0
3
0.15974787579941016
111
152
-0.038853462413731596
0
107
0
5
-0.84845473872801547
112
117
-0.15943374769220675
0
89
0
5
-0.91856200012566969
113
116
0.25296031751413484
0
12
0
1
-0.78462454335436571
114
115
-0.32271203724664593
0
8
1
-1
0
0
0
-0.052129518613197742
0
4
1
-1
0
0
0
-0.59329455588009405
0
4
1
-1
0
0
0
1.4043050270356963
0
4
0
4
-0.77196024017031206
118
119
-0.2237029526594288
0
77
1
-1
0
0
0
-1.0348492983206024
0
5
0
0
0.42228067558898319
120
125
-0.16737334532184733
0
72
0
2
0.93626930146979492
121
122
-1.0328133800614518
0
12
1
-1
0
0
0
-0.86203576608798682
0
5
0
1
0.76030513980976822
123
124
-1.1547973900424979
0
7
1
-1
0
0
0
-1.2717343757676665
0
3
1
-1
0
0
0
-1.0670946507486214
0
4
0
7
0.21726490669128046
126
145
0.0057146616260736185
0
60
0
4
0.22183998219012566
127
142
-0.23497721940877028
0
42
0
0
0.93073158215499596
128
137
-0.34823586542202783
0
36
0
6
0.037810673129452244
129
136
-0.18860190991997322
0
25
0
3
-0.41107421328370186
130
133
-0.10765456204458056
0
22
0
0
0.77665554986226293
131
132
-0.29438668289533176
0
14
1
-1
0
0
0
-0.45542097377143242
0
10
1
-1
0
0
0
0.10819904429492008
0
4
0
3
-0.19216459623272997
134
135
0.21912664944423407
0
8
1
-1
0
0
0
0.15957604036407608
0
5
1
-1
0
0
0
0.31837766457783084
0
3
1
-1
0
0
0
-0.78221579433951971
0
3
0
1
-1.067823278122157
138
141
-0.71104030974487942
0
11
0
3
-0.56435455271281865
139
140
-0.55452228903303291
0
6
1
-1
0
0
0
-0.39119972868498754
0
3
1
-1
0
0
0
-0.71784484938107818
0
3
1
-1
0
0
0
-0.89886193459909514
0
5
0
2
0.54225802257666722
143
144
0.44457465667077511
0
6
1
-1
0
0
0
-0.018447047414013335
0
3
1
-1
0
0
0
0.9075963607555636
0
3
0
7
0.76623142053019733
146
151
0.56732905070737616
0
18
0
2
1.093873813027046
147
150
0.36149122771278686
0
14
0
2
0.62106027835529276
148
149
0.049944408392330657
0
7
1
-1
0
0
0
-0.12772795397136721
0
3
1
-1
0
0
0
0.18319868016510404
0
4
1
-1
0
0
0
0.6730380470332431
0
7
1
-1
0
0
0
1.2877614311884382
0
4
0
7
0.34571501763109569
153
158
0.55734905924095113
0
18
0
3
0.37495085590828392
154
157
-0.20731384955634924
0
11
0
6
0.62888153501996502
155
156
0.35310803488098991
0
6
1
-1
0
0
0
0.52167009074890835
0
3
1
-1
0
0
0
0.18454597901307143
0
3
1
-1
0
0
0
-0.8798201108811563
0
5
0
2
0.58165915046598005
159
160
1.758962201636709
0
7
1
-1
0
0
0
2.0855868989931201
0
4
1
-1
0
0
0
1.3234626051614937
0
3
"DecisionTree"
0
0
12
3
0
2
1
165
0
1
1.0619233044811569
1
138
0.042192993128356324
0
320
0
1
0.60143755689125122
2
99
0.2056761328925153
0
265
0
7
0.94034373391695603
3
88
0.016578278910622374
0
190
0
4
-0.19998888917149904
4
45
-0.18508182948078086
0
167
0
5
-0.1162233419080711
5
40
-0.42501364367421751
0
82
0
0
1.1721173660802737
6
33
-0.32933783791916149
0
71
0
2
-0.91558370932790556
7
12
-0.17604018538837923
0
55
0
7
0.73498462238308249
8
11
-0.75964105364246626
0
10
0
4
-0.78983434488902504
9
10
-0.89299369961683717
0
6
1
-1
0
0
0
-0.8214371608025699
0
3
1
-1
0
0
0
-0.96455023843110455
0
3
1
-1
0
0
0
-0.55961208468090951
0
4
0
7
-0.62986156163217666
13
18
-0.046351103554137671
0
45
0
2
1.1726760688056717
14
17
-0.61065974103167353
0
12
0
4
-0.71833792601417334
15
16
-0.43531129096658611
0
9
1
-1
0
0
0
-0.65122840634269119
0
4
1
-1
0
0
0
-0.26257759866570202
0
5
1
-1
0
0
0
-1.1367050912269361
0
3
0
0
0.60717191434025986
19
24
0.15885203734678449
0
33
0
3
-0.51834864713736539
20
21
-0.18853332016044033
0
11
1
-1
0
0
0
-0.45928323046893899
0
5
0
6
-0.39607431120336378
22
23
0.037091605096641826
0
6
1
-1
0
0
0
-0.31904439038273474
0
3
1
-1
0
0
0
0.39322760057601841
0
3
0
0
0.6585305917711709
25
26
0.33254471610039688
0
22
1
-1
0
0
0
0.91747655230732439
0
3
0
0
0.86396530149481121
27
30
0.24018705775193464
0
19
0
3
-0.65484010159344952
28
29
0.058659902038888857
0
13
1
-1
0
0
0
-0.43408874201194902
0
4
1
-1
0
0
0
0.27765929939481682
0
9
0
1
-0.85139497675490183
31
32
0.63349589513020055
0
6
1
-1
0
0
0
0.79771665471022413
0
3
1
-1
0
0
0
0.46927513555017702
0
3
0
3
-0.85238204686056163
34
35
-0.85629851849372574
0
16
1
-1
0
0
0
-1.3253269299423684
0
4
0
3
-0.52074705927637011
36
37
-0.69995571467751139
0
12
1
-1
0
0
0
-0.48317533003956054
0
5
0
5
-0.49878395348539428
38
39
-0.85479884656176197
0
7
1
-1
0
0
0
-0.8690417200974172
0
4
1
-1
0
0
0
-0.83580834851422192
0
3
0
7
-1.0808731214858509
41
42
-1.0425574808204885
0
11
1
-1
0
0
0
-1.1598786314119749
0
5
0
3
-0.12631728114369259
43
44
-0.94478985532758297
0
6
1
-1
0
0
0
-0.98341242230264792
0
3
1
-1
0
0
0
-0.90616728835251825
0
3
0
2
-1.2701938603317204
46
51
0.046381803035240456
0
85
0
6
1.8266119408728285
47
50
-0.57430405783255378
0
14
0
7
-0.10486703296969757
48
49
-0.48975668077569201
0
11
1
-1
0
0
0
-0.59778555203998529
0
6
1
-1
0
0
0
-0.36012203525854009
0
5
1
-1
0
0
0
-0.88431110704104743
0
3
0
5
0.41823633603083626
52
71
0.16877056433311546
0
71
0
7
-0.48020443133134716
53
56
0.47810742799796319
0
36
0
3
0.33548607434829797
54
55
-0.44881279370759247
0
7
1
-1
0
0
0
-0.60923759224770802
0
4
1
-1
0
0
0
-0.23491306232077189
0
3
0
6
0.8718051639727693
57
70
0.70184679185792476
0
29
0
2
-0.83678145354928002
58
61
0.45932009406241808
0
24
0
3
-0.0061786367262767292
59
60
-0.18438935552199523
0
8
1
-1
0
0
0
0.15328864574022827
0
5
1
-1
0
0
0
-0.7471860242923678
0
3
0
5
0.1066485075968174
62
67
0.7811748188546247
0
16
0
6
-0.14405728437532095
63
64
0.95079974381371746
0
10
1
-1
0
0
0
0.39322760057601847
0
3
0
5
-0.16599084228294911
65
66
1.1897592337727312
0
7
1
-1
0
0
0
1.0638830271197792
0
3
1
-1
0
0
0
1.2841663887624453
0
4
0
2
-0.48217130254546503
68
69
0.49846661058947017
0
6
1
-1
0
0
0
0.71627992434419607
0
3
1
-1
0
0
0
0.28065329683474433
0
3
1
-1
0
0
0
1.8659749412763578
0
5
0
2
1.1726760688056717
72
87
-0.14940449543644232
0
35
0
1
-0.90435083772774039
73
74
-0.066746986759424462
0
31
1
-1
0
0
0
-0.48461244881072563
0
4
0
7
-0.942544297729766
75
76
-0.0048409923814538951
0
27
1
-1
0
0
0
0.37197021875253311
0
3
0
5
1.6983429978472637
77
84
-0.051942393773202283
0
24
0
1
-0.68101525014663633
78
81
0.033014485053446473
0
17
0
4
1.0071089828322464
79
80
0.12404001256799106
0
11
1
-1
0
0
0
0.00059477630392558987
0
5
1
-1
0
0
0
0.22691104278804564
0
6
0
2
-0.28516566309890112
82
83
-0.13386564872321857
0
6
1
-1
0
0
0
-0.17503311352222176
0
3
1
-1
0
0
0
-0.092698183924215402
0
3
0
1
-0.72015653869177876
85
86
-0.25826624235220635
0
7
1
-1
0
0
0
-0.29090081444741617
0
3
1
-1
0
0
0
-0.23379031328079902
0
4
1
-1
0
0
0
-0.79000018768333102
0
4
0
1
-0.7731123996646172
89
94
1.4808060224482023
0
23
0
0
0.97181852409972325
90
93
1.061119337175231
0
13
0
4
-0.0093317721718946256
91
92
1.3042411415971593
0
10
1
-1
0
0
0
1.6139402367832603
0
5
1
-1
0
0
0
0.99454204641105837
0
5
1
-1
0
0
0
0.25071332243546923
0
3
0
4
-0.47644170882092535
95
98
2.0263987133030654
0
10
0
4
-0.72548756790165858
96
97
2.4077250911857999
0
7
1
-1
0
0
0
2.6025072934908433
0
3
1
-1
0
0
0
2.261638439457017
0
4
1
-1
0
0
0
1.1366371649100175
0
3
0
4
0.70205759563287917
100
133
0.68472402964664369
0
75
0
7
-0.56803907354557392
101
106
0.51482695317168747
0
63
0
1
0.89384600661084046
102
103
-0.86602050449894474
0
11
1
-1
0
0
0
-1.1531720771465372
0
3
0
3
-0.43854693414866452
104
105
-0.75833866475609768
0
8
1
-1
0
0
0
-0.80742525278370925
0
5
1
-1
0
0
0
-0.67652768471007863
0
3
0
7
1.0692770427662626
107
130
0.80692929998662877
0
52
0
2
1.2514783245842973
108
127
0.69807661950926625
0
45
0
7
0.39779301454295368
109
114
0.52715933555522887
0
36
0
0
-1.1647024570261459
110
113
0.14820345624225917
0
13
0
2
-0.36396791887752666
111
112
0.43042801876711773
0
8
1
-1
0
0
0
0.57436444569163247
0
3
1
-1
0
0
0
0.34406616261240885
0
5
1
-1
0
0
0
-0.30335584379751457
0
5
0
6
-0.20901012634131136
115
124
0.74135178907995081
0
23
0
0
-1.3881127038506031
116
117
0.55274778417535586
0
15
1
-1
0
0
0
0.81418364062982551
0
3
0
7
0.64159320420970389
118
121
0.48738882006173839
0
12
0
5
-0.41179901804756402
119
120
0.70789673151239896
0
6
1
-1
0
0
0
0.77196827672684754
0
3
1
-1
0
0
0
0.64382518629795049
0
3
0
5
-0.24475332113710385
122
123
0.26688090861107777
0
6
1
-1
0
0
0
0.52406528870085045
0
3
1
-1
0
0
0
0.0096965285213052033
0
3
0
4
0.041907328021749034
125
126
1.0949842982760662
0
8
1
-1
0
0
0
1.6812482932302704
0
3
1
-1
0
0
0
0.74322590130354382
0
5
0
0
-1.4574469183823311
128
129
1.381745755325416
0
9
1
-1
0
0
0
1.7377120909498636
0
5
1
-1
0
0
0
0.9367878357948568
0
4
0
3
-0.26259069813259445
131
132
1.506696531626817
0
7
1
-1
0
0
0
1.473165471155309
0
3
1
-1
0
0
0
1.5318448269804481
0
4
0
3
0.61043132046510629
134
135
1.5766836811401623
0
12
1
-1
0
0
0
2.6025072934908433
0
5
0
0
-1.3059388199611486
136
137
0.84395252946110477
0
7
1
-1
0
0
0
1.3427738886490264
0
4
1
-1
0
0
0
0.17885738387720918
0
3
0
5
1.9541046736868541
139
164
-0.74549849846259053
0
55
0
3
0.10174990952893354
140
157
-0.79485391814844431
0
52
0
2
-1.4277983718889717
141
142
-0.86312417221614846
0
34
1
-1
0
0
0
-0.31560129332681813
0
6
0
2
-0.08816002365233723
143
150
-0.98045050340671946
0
28
0
0
-0.87966179728459049
144
149
-1.1167522368594194
0
14
0
6
-0.12716954546416345
145
148
-1.2524829722289326
0
10
0
3
-0.41914159956944486
146
147
-1.2678421790957606
0
7
1
-1
0
0
0
-1.2370788554005054
0
4
1
-1
0
0
0
-1.3088599440227675
0
3
1
-1
0
0
0
-1.2166448228730005
0
3
1
-1
0
0
0
-0.77742539843563563
0
4
0
4
-0.59679401392692566
151
154
-0.84414876995401988
0
14
0
7
-0.69656971747030416
152
153
-0.97727472755079625
0
8
1
-1
0
0
0
-1.2108065278651416
0
4
1
-1
0
0
0
-0.74374292723645119
0
4
0
2
-0.0093577678737116737
155
156
-0.66664749315831795
0
6
1
-1
0
0
0
-0.5160494219299645
0
3
1
-1
0
0
0
-0.8172455643866714
0
3
0
6
0.25994939265313949
158
159
-0.66589899379833595
0
18
1
-1
0
0
0
-0.17862591045013476
0
3
0
4
0.559064757883176
160
163
-0.76335361046797623
0
15
0
5
0.065536224678439906
161
162
-0.82952095389037406
0
10
1
-1
0
0
0
-0.89257453997524716
0
5
1
-1
0
0
0
-0.76646736780550095
0
5
1
-1
0
0
0
-0.63101892362318057
0
5
1
-1
0
0
0
0.10999544275887659
0
3
"DecisionTree"
0
0
12
3
0
2
1
151
0
5
-0.93760347852997072
1
8
0.051725160546451529
0
320
0
1
0.86621686175544665
2
5
-0.73382818956038354
0
13
0
3
-1.0383680063670149
3
4
-0.19793719393766721
0
6
1
-1
0
0
0
0.020175519561051469
0
3
1
-1
0
0
0
-0.41604990743638587
0
3
0
6
-1.0585932992564659
6
7
-1.193163328665569
0
7
1
-1
0
0
0
-1.251674592920152
0
4
1
-1
0
0
0
-1.1151483096594579
0
3
0
1
1.0573184470052572
9
132
0.08498963465521002
0
307
0
7
0.78668679869866942
10
101
0.2304761733787129
0
266
0
6
-0.34151392395193186
11
48
-0.095295273227798336
0
206
0
2
1.487885091920174
12
45
-0.33332445643317143
0
92
0
0
-1.1672703908976891
13
16
-0.4162958429403798
0
84
0
1
0.83398285942415473
14
15
0.30535377571414613
0
10
1
-1
0
0
0
0.68232799337541827
0
5
1
-1
0
0
0
-0.071620441947125801
0
5
0
0
0.48134315463453103
17
28
-0.51381606167747795
0
74
0
2
0.42405463890872891
18
27
-0.92798069827199015
0
21
0
7
-0.49494196757083686
19
24
-1.0211015665464411
0
17
0
1
0.48401369125582411
20
23
-1.2805167682581207
0
9
0
4
-0.58487794411445027
21
22
-1.3498777089497747
0
6
1
-1
0
0
0
-1.3370035199580859
0
3
1
-1
0
0
0
-1.3627518979414628
0
3
1
-1
0
0
0
-1.1417948868748127
0
3
0
4
-0.5205311671270838
25
26
-0.72925946462080182
0
8
1
-1
0
0
0
-0.92877196902397086
0
4
1
-1
0
0
0
-0.52974696021763279
0
4
1
-1
0
0
0
-0.53221700810557293
0
4
0
6
-0.39477525436404404
29
42
-0.34971309246078447
0
53
0
0
0.68934579822971465
30
33
-0.4105891164535615
0
46
0
6
-0.5194847109387456
31
32
0.069961419847845971
0
7
1
-1
0
0
0
0.35071283692904787
0
4
1
-1
0
0
0
-0.30437380292708993
0
3
0
2
-0.87618258143859284
34
35
-0.49684177681535263
0
39
1
-1
0
0
0
-0.77311404212213997
0
5
0
4
-0.4764417088209254
36
39
-0.45621350250553094
0
34
0
6
-0.47791489208051174
37
38
-0.55981936142675071
0
26
1
-1
0
0
0
-0.50120960853206298
0
23
1
-1
0
0
0
-1.0091608002860244
0
3
0
6
-0.46622338052663348
40
41
-0.11949446101156662
0
8
1
-1
0
0
0
0.083049465799529057
0
5
1
-1
0
0
0
-0.45706767236339269
0
3
0
7
-0.3570694973959383
43
44
0.050329350920321328
0
7
1
-1
0
0
0
0.58155003954745843
0
3
1
-1
0
0
0
-0.34808616555003147
0
4
0
2
1.6060884755881122
46
47
0.53787510189251586
0
8
1
-1
0
0
0
1.1028648737876352
0
5
1
-1
0
0
0
-0.4037745179326831
0
3
0
2
1.7242918592560506
49
98
0.096798453569520354
0
114
0
7
-0.67971147929471287
50
57
0.018111561364338374
0
104
0
7
-0.76153299196860136
51
54
-0.7422459285164873
0
12
0
7
-1.1169787430561857
52
53
-1.0063165027180931
0
6
1
-1
0
0
0
-1.1923934436095875
0
3
1
-1
0
0
0
-0.82023956182659885
0
3
0
6
0.52625604471370024
55
56
-0.47817535431488162
0
6
1
-1
0
0
0
-0.62982132464720963
0
3
1
-1
0
0
0
-0.32652938398255349
0
3
0
7
-0.25506104983662858
58
73
0.11728862526183739
0
92
0
5
-0.40703864844648874
59
60
-0.15074846762058758
0
27
1
-1
0
0
0
0.90579996229160697
0
3
0
0
0.3478105933141617
61
68
-0.2828170213596119
0
24
0
6
0.55743340885737558
62
67
-0.44411863343570618
0
12
0
1
0.77181728349951673
63
66
-0.55646838736898585
0
9
0
3
0.034594369636802701
64
65
-0.72398254413292962
0
6
1
-1
0
0
0
-0.6337135213191154
0
3
1
-1
0
0
0
-0.81425156694674383
0
3
1
-1
0
0
0
-0.2214400738410981
0
3
1
-1
0
0
0
-0.10706937163586744
0
3
0
6
0.36257488295940438
69
70
-0.12151540928351766
0
12
1
-1
0
0
0
0.063738182311996655
0
4
0
4
0.88556507074499835
71
72
-0.21414220508127479
0
8
1
-1
0
0
0
-0.17495826358622357
0
4
1
-1
0
0
0
-0.25332614657632602
0
4
0
2
-1.0337870929958439
74
81
0.22862710999761385
0
65
0
1
0.55078412465636184
75
80
-0.11083325413177633
0
14
0
6
-0.16224408012579827
76
77
-0.38670873252509635
0
9
1
-1
0
0
0
-0.02383624280588284
0
3
0
3
-0.057853516448468312
78
79
-0.56814497738470304
0
6
1
-1
0
0
0
-0.23760766001670661
0
3
1
-1
0
0
0
-0.89868229475269956
0
3
1
-1
0
0
0
0.38574260697619966
0
5
0
1
-0.77080997092666803
82
89
0.32181230799391697
0
51
0
7
-0.1061018720717313
83
84
-0.1077469605301668
0
19
1
-1
0
0
0
0.70617518298444082
0
4
0
5
0.28624426981920326
85
86
-0.32479286546739544
0
15
1
-1
0
0
0
0.14736053080917186
0
5
0
7
0.057702219245876027
87
88
-0.56086956360567908
0
10
1
-1
0
0
0
-0.91327803227234605
0
4
1
-1
0
0
0
-0.32593058449456797
0
6
0
5
1.0686759278868507
90
97
0.57686312368009185
0
32
0
2
-0.48217130254546497
91
94
0.70230860162396536
0
27
0
3
0.15407890165267185
92
93
1.4730157712833127
0
6
1
-1
0
0
0
1.088433806127185
0
3
1
-1
0
0
0
1.8575977364394405
0
3
0
6
-0.12327237494620402
95
96
0.48210655314986622
0
21
1
-1
0
0
0
0.17825858438922371
0
8
1
-1
0
0
0
0.66908991854103106
0
13
1
-1
0
0
0
-0.10054245721682549
0
5
0
4
0.23733087294634353
99
100
0.91514213250341281
0
10
1
-1
0
0
0
0.58364583775540768
0
6
1
-1
0
0
0
1.4123865746254207
0
4
0
0
0.45823174979062054
102
117
1.3489581400610688
0
60
0
0
-1.2417404731725106
103
108
1.0582869004433115
0
26
0
1
0.91226543651443792
104
105
1.7386312481639206
0
9
1
-1
0
0
0
2.0342405913977228
0
3
0
7
0.92974022423644898
106
107
1.5908265765470198
0
6
1
-1
0
0
0
1.8273523743012927
0
3
1
-1
0
0
0
1.3543007787927472
0
3
0
1
0.57611084077380659
109
110
0.69810459870887143
0
17
1
-1
0
0
0
0.23161161876873176
0
5
0
7
1.2651601064084423
111
116
0.89247667368392969
0
12
0
2
-0.67917694199202883
112
113
0.73344550966644695
0
9
1
-1
0
0
0
0.65789697426560978
0
3
0
3
0.11483215755986809
114
115
0.77121977736686576
0
6
1
-1
0
0
0
0.73364510949577566
0
3
1
-1
0
0
0
0.80879444523795596
0
3
1
-1
0
0
0
1.3695701657363772
0
3
0
6
-0.52338188145670506
118
121
1.5712361468275891
0
34
0
6
-0.68576398637168112
119
120
2.304793442238358
0
11
1
-1
0
0
0
2.6025072934908433
0
6
1
-1
0
0
0
1.9475368207353747
0
5
0
4
0.17417570294022458
122
127
1.220404396848525
0
23
0
0
0.84085389665090071
123
126
1.5439712651115147
0
12
0
7
0.98538851681288298
124
125
1.3581555504966538
0
8
1
-1
0
0
0
1.4999587542452202
0
4
1
-1
0
0
0
1.2163523467480875
0
4
1
-1
0
0
0
1.9156026943412359
0
4
0
5
0.83238849132438641
128
129
0.86742235874344542
0
11
1
-1
0
0
0
1.027056858608671
0
4
0
7
1.1756879601676058
130
131
0.7762026445347453
0
7
1
-1
0
0
0
0.53723887743653143
0
3
1
-1
0
0
0
0.95542546985840549
0
4
0
3
0.097607197652470917
133
146
-0.85889864096556534
0
41
0
1
1.5615503406162035
134
141
-0.986047140049784
0
30
0
4
-0.6075184767581534
135
138
-0.76653473274789929
0
16
0
3
-0.49283826347704296
136
137
-0.84786988105792982
0
7
1
-1
0
0
0
-1.0864059342361538
0
4
1
-1
0
0
0
-0.52982181015363095
0
3
0
2
-0.20636340732027555
139
140
-0.70327406184009766
0
9
1
-1
0
0
0
-0.78514991183064864
0
5
1
-1
0
0
0
-0.60092924935190917
0
4
0
6
-0.6000262349765737
142
143
-1.2369184626805094
0
14
1
-1
0
0
0
-1.125926700443197
0
5
0
4
-0.41805296673979653
144
145
-1.2985805528123497
0
9
1
-1
0
0
0
-1.2579619875439998
0
4
1
-1
0
0
0
-1.3310754050270295
0
5
0
6
1.347259967163819
147
150
-0.51213000709951384
0
11
0
2
-0.36396791887752666
148
149
-0.65661760173456063
0
8
1
-1
0
0
0
-0.39838532254081355
0
3
1
-1
0
0
0
-0.81155696925080911
0
5
1
-1
0
0
0
-0.12682975473938898
0
3
"DecisionTree"
0
0
12
3
0
2
1
169
0
7
-0.12261113397935636
1
94
0.035128094794327401
0
320
0
7
-0.67971147929471287
2
41
-0.4758130903347787
0
177
0
1
-0.17217849905979193
3
22
-0.86286947922125901
0
78
0
4
0.46969423428961132
4
17
-0.63110874354637825
0
40
0
3
-0.65920085093709435
5
10
-0.73718027800925523
0
31
0
3
-0.77432463360931858
6
9
-0.52143861732183394
0
13
0
3
-0.79372996818853825
7
8
-0.6103603412876808
0
10
1
-1
0
0
0
-0.57137849461982482
0
5
1
-1
0
0
0
-0.649342187955537
0
5
1
-1
0
0
0
-0.2250328707690111
0
3
0
5
-0.040490189163691515
11
14
-0.89299369961683717
0
18
0
5
-0.38842993091501254
12
13
-1.053662489506765
0
11
1
-1
0
0
0
-1.0495797657250456
0
4
1
-1
0
0
0
-1.0559954745248905
0
7
0
6
0.26774373368905835
15
16
-0.64051417264695076
0
7
1
-1
0
0
0
-0.69479106909363653
0
4
1
-1
0
0
0
-0.56814497738470304
0
3
0
1
-0.75929782723692107
18
21
-0.2657512359520251
0
9
0
6
0.61719002346608676
19
20
-0.4084152139645707
0
6
1
-1
0
0
0
-0.53401340656952945
0
3
1
-1
0
0
0
-0.2828170213596119
0
3
1
-1
0
0
0
0.019576720073065972
0
3
0
7
-0.7800824228274128
23
32
-1.1068281483527123
0
38
0
2
-0.87618258143859284
24
25
-1.1875350023093416
0
22
1
-1
0
0
0
-1.3555663040856365
0
6
0
6
-0.34541109446989127
26
31
-1.1245232641432308
0
16
0
6
-0.77799702196338749
27
28
-1.2192577660933006
0
11
1
-1
0
0
0
-1.3160455378785934
0
3
0
5
-0.57148778011999868
29
30
-1.1829623516738159
0
8
1
-1
0
0
0
-1.1263758000591861
0
4
1
-1
0
0
0
-1.2395489032884457
0
4
1
-1
0
0
0
-0.91610735985307756
0
5
0
6
0.40934092917491749
33
40
-0.99585622416234654
0
16
0
6
-0.20641201266267178
34
37
-1.0836422442916056
0
13
0
0
-0.58434940205685859
35
36
-0.9506495360314412
0
7
1
-1
0
0
0
-0.77802419792362121
0
3
1
-1
0
0
0
-1.0801185396123061
0
4
0
4
-0.25956923823387534
38
39
-1.2388004039284639
0
6
1
-1
0
0
0
-1.3908954738767811
0
3
1
-1
0
0
0
-1.0867053339801467
0
3
1
-1
0
0
0
-0.61545013693555761
0
3
0
2
1.2514783245842973
42
85
-0.170859571818158
0
99
0
1
-0.67871282140868727
43
66
-0.304162032376461
0
82
0
3
0.92811191014963423
44
63
-0.067981779526516045
0
47
0
7
-0.32410466223729828
45
58
0.05511074232062662
0
38
0
1
-0.86520954918259796
46
49
-0.068714125860796185
0
28
0
4
-0.29055101974631109
47
48
0.27577735814686238
0
7
1
-1
0
0
0
0.48813731942172028
0
3
1
-1
0
0
0
0.1165073871907189
0
4
0
1
-0.75469296976102129
50
53
-0.18354462053001569
0
21
0
6
-0.31942995768349508
51
52
-0.49303306661052176
0
8
1
-1
0
0
0
-0.62533032848731829
0
3
1
-1
0
0
0
-0.41365470948444383
0
5
0
3
0.14840992750593351
54
57
0.0069098078272188451
0
13
0
1
-0.7270638249056276
55
56
-0.061336060740974814
0
8
1
-1
0
0
0
0.079456668871616051
0
5
1
-1
0
0
0
-0.29599061009529293
0
3
1
-1
0
0
0
0.11610319753632869
0
5
0
5
-0.54682041036897222
59
60
0.40182037322861042
0
10
1
-1
0
0
0
-0.53311520733755124
0
3
0
6
0.34828525772688645
61
62
0.8025070506141081
0
7
1
-1
0
0
0
1.1980141124285313
0
3
1
-1
0
0
0
0.50587675425329082
0
4
0
1
-0.74087839733332361
64
65
-0.58770576065889601
0
9
1
-1
0
0
0
-0.43221749361199441
0
6
1
-1
0
0
0
-0.89868229475269945
0
3
0
7
-0.30244128929509745
67
78
-0.62131837191781547
0
35
0
6
0.54314378362485771
68
77
-0.78187148463392786
0
20
0
4
-0.58368633713320284
69
70
-0.87363838675518835
0
17
1
-1
0
0
0
-1.0332325397030415
0
5
0
2
-0.52157243043477775
71
74
-0.80714082302691603
0
12
0
0
-0.65625155046012962
72
73
-0.99853210937428172
0
6
1
-1
0
0
0
-1.1828126518018196
0
3
1
-1
0
0
0
-0.81425156694674383
0
3
0
2
0.58165915046598005
75
76
-0.61574953667955024
0
6
1
-1
0
0
0
-0.56095938352887698
0
3
1
-1
0
0
0
-0.6705396898302235
0
3
1
-1
0
0
0
-0.26185903928011939
0
3
0
0
-1.1569986554115055
79
80
-0.40724755496299891
0
15
1
-1
0
0
0
-0.07700963733899531
0
5
0
0
-0.77180857467968211
81
82
-0.57236651377500081
0
10
1
-1
0
0
0
-0.76395240995596181
0
3
0
3
-0.39363121590912242
83
84
-0.49025827255458893
0
7
1
-1
0
0
0
-0.547785794793196
0
3
1
-1
0
0
0
-0.44711263087563369
0
4
0
1
1.0158747297221657
86
93
0.47212876734542097
0
17
0
3
0.202701256834312
87
90
1.0148570675403266
0
12
0
5
-0.027074602106115703
88
89
0.2022105639086437
0
6
1
-1
0
0
0
0.90609936203559993
0
3
1
-1
0
0
0
-0.50167823421831248
0
3
0
2
1.5666873476987995
91
92
1.8275035711720091
0
6
1
-1
0
0
0
2.2090870478920497
0
3
1
-1
0
0
0
1.4459200944519688
0
3
1
-1
0
0
0
-0.83041915312235237
0
5
0
7
1.6349138844826347
95
156
0.66755179946461962
0
143
0
3
-0.21723890495868789
96
119
0.40879424869404157
0
119
0
1
1.0458063033155103
97
118
0.08870082309223222
0
48
0
7
1.0478015801221974
98
117
0.15792682409245051
0
44
0
1
-0.87672169287234669
99
100
0.069576477319855265
0
39
1
-1
0
0
0
0.3392158867597263
0
5
0
2
0.227048999462165
101
106
0.02992362299046248
0
34
0
5
-0.87182382586056684
102
105
-0.45529849205798095
0
11
0
3
-0.97143050394206631
103
104
-0.26545183620803242
0
6
1
-1
0
0
0
-0.20437428843351133
0
3
1
-1
0
0
0
-0.32652938398255349
0
3
1
-1
0
0
0
-0.68311447907791911
0
5
0
5
-0.33952795228578458
107
114
0.26198637366580502
0
23
0
7
0.49470103972429791
108
111
0.40157336843981634
0
16
0
2
0.93626930146979492
109
110
0.16997519147209086
0
9
1
-1
0
0
0
0.066881879623920532
0
4
1
-1
0
0
0
0.25244984095062722
0
5
0
4
-0.72072113997666842
112
113
0.69934245311260634
0
7
1
-1
0
0
0
0.18454597901307143
0
3
1
-1
0
0
0
1.0854398086872572
0
4
0
2
0.46345576679804168
115
116
-0.057069614389078129
0
7
1
-1
0
0
0
-0.058866012853034631
0
3
1
-1
0
0
0
-0.055722315541110741
0
4
1
-1
0
0
0
0.84705952891869352
0
5
1
-1
0
0
0
-0.67278518791016928
0
4
0
7
-0.10003505387478284
120
121
0.6251954378332929
0
71
1
-1
0
0
0
1.9755612355725842
0
3
0
6
0.35867771244144497
122
139
0.56562047616832412
0
68
0
1
0.9352897238939335
123
138
0.9189990000055277
0
36
0
0
0.74070447566062558
124
135
0.78098050842077371
0
30
0
1
-0.69022496509843589
125
126
0.92165552186445443
0
23
1
-1
0
0
0
1.507773087563431
0
5
0
6
-0.044029907747695697
127
134
0.75884508694807207
0
18
0
3
-0.020787147027487008
128
133
0.58562717313815349
0
13
0
1
0.1156250931839008
129
130
0.41295804370514072
0
10
1
-1
0
0
0
0.16149219872562967
0
3
0
0
-1.2083573328424166
131
132
0.52072912012493122
0
7
1
-1
0
0
0
0.48005352633391607
0
4
1
-1
0
0
0
0.57496324517961794
0
3
1
-1
0
0
0
1.1611909379148633
0
3
1
-1
0
0
0
1.2092116628538603
0
5
0
2
-0.6003746862134034
136
137
0.31876260710582155
0
7
1
-1
0
0
0
0.80130945163813727
0
3
1
-1
0
0
0
-0.043147526293415235
0
4
1
-1
0
0
0
1.6090914579292976
0
6
0
3
0.22712145315872323
140
141
0.16806963685147036
0
32
1
-1
0
0
0
-0.39030152945300928
0
4
0
5
0.51733857590776722
142
145
0.24783694632353886
0
28
0
7
0.50562668134446609
143
144
0.65183412944975661
0
8
1
-1
0
0
0
0.22361764560412534
0
4
1
-1
0
0
0
1.0800506132953878
0
4
0
7
0.18043448825670863
146
149
0.086238073073051827
0
20
0
3
1.1779828475404845
147
148
-0.53461220605751503
0
6
1
-1
0
0
0
-0.69329407037367263
0
3
1
-1
0
0
0
-0.37593034174135731
0
3
0
6
1.0147014162979482
150
151
0.35231676412900909
0
14
1
-1
0
0
0
-0.010363254326209062
0
4
0
3
1.5216098958196995
152
153
0.49738877151109628
0
10
1
-1
0
0
0
0.80190825112612274
0
3
0
4
1.8352758347992777
154
155
0.36688042310465641
0
7
1
-1
0
0
0
0.23686608427580458
0
4
1
-1
0
0
0
0.54023287487645888
0
3
0
3
0.65709133844210632
157
168
1.9505579887020701
0
24
0
1
-0.67180553519483843
158
165
2.2044102663120704
0
19
0
7
2.2031277817162951
159
160
2.4802789601582709
0
13
1
-1
0
0
0
2.1357341106138255
0
3
0
5
-0.2845673214370063
161
164
2.5836424150216049
0
10
0
4
-0.67186525374551986
162
163
2.6025072934908429
0
7
1
-1
0
0
0
2.6025072934908433
0
3
1
-1
0
0
0
2.6025072934908433
0
4
1
-1
0
0
0
2.5396243652600461
0
3
0
1
0.81326100078260821
166
167
1.6066947629786359
0
6
1
-1
0
0
0
1.5890301780830633
0
3
1
-1
0
0
0
1.624359347874208
0
3
1
-1
0
0
0
0.98591933378406726
0
5
"DecisionTree"
0
0
12
3
0
2
1
161
0
7
-0.12261113397935636
1
90
0.010792425146738649
0
320
0
1
-0.16757364158389215
2
49
-0.51795463859178326
0
165
0
7
-0.59327274215235049
3
30
-0.25819559746879228
0
89
0
3
0.64161067827216711
4
27
-0.45511276815261636
0
51
0
4
-0.4514179622147273
5
14
-0.38522565937462061
0
43
0
1
-0.83067311811335531
6
9
-0.60447713631822331
0
20
0
6
-0.68446492953236127
7
8
-0.38015187813165507
0
10
1
-1
0
0
0
-0.60982142174849385
0
5
1
-1
0
0
0
-0.15048233451481624
0
5
0
5
-0.3261123652282088
10
13
-0.82880239450479165
0
10
0
6
-0.7507168283376715
11
12
-0.7046712606453972
0
7
1
-1
0
0
0
-0.62832432592724585
0
4
1
-1
0
0
0
-0.80646717360293241
0
3
1
-1
0
0
0
-1.1184417068433783
0
3
0
1
-0.73857596859537455
15
24
-0.19457220116279217
0
23
0
6
-0.0076563162467410632
16
19
-0.34169310042830398
0
17
0
0
0.76895174824762602
17
18
-0.147188937330896
0
6
1
-1
0
0
0
-0.26395483748806864
0
3
1
-1
0
0
0
-0.030423037173723345
0
3
0
3
0.14230487842483072
20
23
-0.44778628029961742
0
11
0
6
0.59900322771560943
21
22
-0.40736731486059607
0
7
1
-1
0
0
0
-0.56028573410489335
0
4
1
-1
0
0
0
-0.20347608920153307
0
3
1
-1
0
0
0
-0.51851946981790475
0
4
0
4
0.72350652129533466
25
26
0.22227034675615798
0
6
1
-1
0
0
0
0.32945545510556262
0
3
1
-1
0
0
0
0.11508523840675333
0
3
0
1
-0.75469296976102129
28
29
-0.83075597783434418
0
8
1
-1
0
0
0
-0.79000018768333102
0
5
1
-1
0
0
0
-0.89868229475269945
0
3
0
1
-0.67641039267073655
31
44
0.0060879737121293824
0
38
0
2
0.69986253413391841
32
43
0.18788214758899063
0
28
0
6
-0.39867242488200338
33
36
0.050948606291436771
0
23
0
6
-0.62470831492365009
34
35
-0.26096084004814107
0
7
1
-1
0
0
0
-0.11245856702773695
0
3
1
-1
0
0
0
-0.37233754481344428
0
4
0
1
-0.82376583189950647
37
38
0.18740898906500209
0
16
1
-1
0
0
0
0.45670034630248146
0
4
0
5
0.14386594265976965
39
42
0.09764520331917563
0
12
0
0
0.77665554986226293
40
41
0.34038354576129803
0
6
1
-1
0
0
0
0.45580214707050332
0
3
1
-1
0
0
0
0.22496494445209272
0
3
1
-1
0
0
0
-0.14509313912294677
0
6
1
-1
0
0
0
0.81777643755773843
0
5
0
1
-0.33104608197830887
45
48
-0.50293571314308194
0
10
0
1
-0.63496667538764506
46
47
-0.63897440253498794
0
7
1
-1
0
0
0
-0.52323501578579046
0
3
1
-1
0
0
0
-0.72577894259688602
0
4
1
-1
0
0
0
-0.18551210456196801
0
3
0
6
-0.042730850908375889
50
79
-0.82214614727528501
0
76
0
5
-0.58447060630474945
51
66
-1.0749666043949211
0
53
0
3
-0.77759519561705226
52
59
-1.1607960777703528
0
28
0
0
-0.055355024518482204
53
58
-1.254369190616087
0
14
0
4
-1.2497946396505706
54
55
-1.2237487622531922
0
11
1
-1
0
0
0
-1.334608322006144
0
3
0
3
-0.96379919259068769
56
57
-1.1821764273458351
0
8
1
-1
0
0
0
-1.1344595931469903
0
4
1
-1
0
0
0
-1.2298932615446794
0
4
1
-1
0
0
0
-1.366644094613368
0
3
0
6
-0.72473569155127526
60
63
-1.0672229649246185
0
14
0
5
-0.72641617259135804
61
62
-0.94673595366353602
0
6
1
-1
0
0
0
-0.80257497693102653
0
3
1
-1
0
0
0
-1.0908969303960452
0
3
0
0
0.067905801315699829
64
65
-1.1575882233704304
0
8
1
-1
0
0
0
-1.1248488613648231
0
5
1
-1
0
0
0
-1.2121538267131091
0
3
0
1
0.84319257437595108
67
72
-0.97883759421443872
0
25
0
2
-1.0337870929958439
68
69
-1.2530218917681197
0
10
1
-1
0
0
0
-1.356539353253613
0
4
0
4
-0.46690885297094509
70
71
-1.1840102507777905
0
6
1
-1
0
0
0
-1.3112551419747096
0
3
1
-1
0
0
0
-1.0567653595808717
0
3
0
6
-0.32462618504077434
73
76
-0.79604806251198457
0
15
0
0
-1.0388736973204136
74
75
-0.5387610310814146
0
7
1
-1
0
0
0
-0.28161942238364096
0
3
1
-1
0
0
0
-0.73161723760474473
0
4
0
5
-0.26249651692292997
77
78
-1.0211742150137335
0
8
1
-1
0
0
0
-1.0977232445590799
0
5
1
-1
0
0
0
-0.89359249910482264
0
3
0
7
-0.50173358263202261
80
83
-0.23955987652134109
0
23
0
7
-0.80324907815469815
81
82
-0.75327381908688684
0
9
1
-1
0
0
0
-0.96125684124718414
0
3
1
-1
0
0
0
-0.64928230800673836
0
6
0
0
-1.357297497392056
84
85
0.090684800842224161
0
14
1
-1
0
0
0
1.6371155733667631
0
5
0
1
0.99515287108062078
86
87
-0.76844340611585304
0
9
1
-1
0
0
0
-0.26155963953612665
0
3
0
0
-0.90790906987159103
88
89
-1.0218852894057162
0
6
1
-1
0
0
0
-0.89179610064086623
0
3
1
-1
0
0
0
-1.1519744781705663
0
3
0
1
1.0619233044811569
91
156
0.5736522026748424
0
155
0
5
0.100157094504442
92
141
0.64365733531647462
0
144
0
0
-1.4420393151530611
93
96
0.76973541702547588
0
113
0
4
0.27069586842127424
94
95
1.8547005449167371
0
9
1
-1
0
0
0
1.4807971706296843
0
6
1
-1
0
0
0
2.6025072934908433
0
3
0
6
0.026119161575573958
97
134
0.67584420403488599
0
104
0
7
1.3570482421967365
98
129
0.55766435568563677
0
91
0
3
-0.64590056543897756
99
104
0.32162784577238807
0
76
0
2
0.46345576679804168
100
103
-0.34808616555003158
0
10
0
1
-0.75929782723692107
101
102
-0.49667398135443369
0
7
1
-1
0
0
0
-0.40736731486059607
0
4
1
-1
0
0
0
-0.61574953667955035
0
3
1
-1
0
0
0
-0.0013812620064265573
0
3
0
7
0.41583240316396841
105
116
0.42309966566972435
0
66
0
1
-0.98723827229392325
106
107
0.12897478305198223
0
23
1
-1
0
0
0
0.87077019224445529
0
5
0
2
0.73926366202323113
108
113
-0.077079497279260292
0
18
0
1
0.00050365628642437543
109
112
-0.38164615503576427
0
11
0
7
0.31272333814415032
110
111
-0.26185903928011939
0
8
1
-1
0
0
0
-0.44554078221967175
0
4
1
-1
0
0
0
-0.078177296340567026
0
4
1
-1
0
0
0
-0.70107846371748417
0
3
0
1
-0.72015653869177876
114
115
0.40152525062381755
0
7
1
-1
0
0
0
0.47331703209407916
0
4
1
-1
0
0
0
0.30580287533013534
0
3
0
3
-0.013155835676108504
117
128
0.58042227730247009
0
43
0
1
-0.68792253636048517
118
123
0.49496363358475504
0
40
0
6
-0.62990454228092929
119
120
0.31209026995398309
0
14
1
-1
0
0
0
0.064187281927985784
0
5
0
0
1.0154733999159937
121
122
0.44981415219064824
0
9
1
-1
0
0
0
0.60565171893887482
0
6
1
-1
0
0
0
0.13813901869419512
0
3
0
2
-0.71857806988134165
124
125
0.59343390630901682
0
26
1
-1
0
0
0
0.1085583239877114
0
5
0
5
-0.60221380209057551
126
127
0.70888047352837524
0
21
1
-1
0
0
0
1.2386725976627468
0
5
1
-1
0
0
0
0.54332043473638414
0
16
1
-1
0
0
0
1.7198708602053354
0
3
0
4
-0.41924457372104407
130
133
1.7535826725794312
0
15
0
2
0.50285689468735439
131
132
2.1187721171174894
0
9
1
-1
0
0
0
1.7317839760188072
0
5
1
-1
0
0
0
2.6025072934908433
0
4
1
-1
0
0
0
1.205798505772343
0
6
0
6
0.19239843700850945
135
140
1.5031031424796302
0
13
0
5
-0.18113747283182502
136
137
1.8671725402523285
0
9
1
-1
0
0
0
1.5794493862752954
0
3
0
6
0.066389923594488018
138
139
2.011034117240845
0
6
1
-1
0
0
0
2.0950157454308118
0
3
1
-1
0
0
0
1.9270524890508784
0
3
1
-1
0
0
0
0.68394699749105903
0
4
0
7
0.78883434496307614
142
151
0.18408239231269555
0
31
0
6
1.1368127591940103
143
150
-0.22319156234345564
0
20
0
6
0.97443065427903408
144
147
-0.37545130215096895
0
15
0
6
0.53794755626757851
145
146
-0.23471346249144334
0
9
1
-1
0
0
0
-0.3069935506870265
0
4
1
-1
0
0
0
-0.17688939193497683
0
5
0
4
0.96301952452608774
148
149
-0.58655806164025726
0
6
1
-1
0
0
0
-0.5043728319142472
0
3
1
-1
0
0
0
-0.6687432913662672
0
3
1
-1
0
0
0
0.23358765707908394
0
5
0
5
1.2283646899592853
152
155
0.9245804916875161
0
11
0
0
-1.2006535312277795
153
154
1.1146954408145491
0
7
1
-1
0
0
0
1.4460668003265251
0
4
1
-1
0
0
0
0.67286696146524727
0
3
1
-1
0
0
0
0.59187933071520826
0
4
0
7
0.78008309393561959
157
160
-0.34277862463379632
0
11
0
0
-0.8693900617984105
158
159
-0.67338398739815475
0
6
1
-1
0
0
0
-0.7154496514291363
0
3
1
-1
0
0
0
-0.63131832336717342
0
3
1
-1
0
0
0
0.053947810683433718
0
5
"DecisionTree"
0
0
12
3
0
2
1
173
0
3
-0.34609904806339348
1
80
-0.044646227849422924
0
320
0
1
-0.70634196626408263
2
35
-0.45932462300697213
0
143
0
0
0.67137026112889775
3
6
-0.19565894901072231
0
64
0
6
-0.49480263099166921
4
5
0.9200428358272621
0
7
1
-1
0
0
0
1.6616346160013054
0
4
1
-1
0
0
0
-0.068746204404795438
0
3
0
0
1.2286119112542746
7
28
-0.33267495767503624
0
57
0
3
-0.64110374116096813
8
21
-0.20715442891344399
0
42
0
0
0.84855769826553762
9
18
-0.44329528413972613
0
25
0
5
-0.055204058839742415
10
17
-0.62985654814650294
0
17
0
5
-0.33520034355753436
11
16
-0.59303792752810036
0
14
0
5
-0.80777521668246299
12
13
-0.64441025762721993
0
11
1
-1
0
0
0
-0.5616779429144596
0
5
0
0
0.71759307081671508
14
15
-0.71335385322118683
0
6
1
-1
0
0
0
-0.80017977897908443
0
3
1
-1
0
0
0
-0.62652792746328945
0
3
1
-1
0
0
0
-0.4046727171646613
0
3
1
-1
0
0
0
-0.80167677769904833
0
3
0
3
-0.81640586477549149
19
20
-0.046852598125325509
0
8
1
-1
0
0
0
-0.32652938398255349
0
3
1
-1
0
0
0
0.12095347338901127
0
5
0
7
-0.025703108798012162
22
25
0.14011153465461798
0
17
0
4
-0.55270455562076715
23
24
-0.16058707587457155
0
8
1
-1
0
0
0
-0.17581155285660294
0
5
1
-1
0
0
0
-0.13521294757118596
0
3
0
1
-0.89514112277594249
26
27
0.407399188458342
0
9
1
-1
0
0
0
0.19999500580309734
0
5
1
-1
0
0
0
0.66665441677739778
0
4
0
6
-0.57534415502949732
29
32
-0.68413243820749448
0
15
0
6
-0.65848379274596502
30
31
-0.59037540837616465
0
8
1
-1
0
0
0
-0.73628787361103165
0
5
1
-1
0
0
0
-0.34718796631805326
0
3
0
0
1.2542912499697321
33
34
-0.79128332944330004
0
7
1
-1
0
0
0
-0.72622804221287529
0
4
1
-1
0
0
0
-0.87802371241719968
0
3
0
7
-0.1229332659190174
36
65
-0.67292719434570614
0
79
0
1
-0.58201081441480662
37
38
-1.0455802370694443
0
53
1
-1
0
0
0
-0.34269697015816203
0
4
0
5
-0.51566162752557032
39
56
-1.1029584629397531
0
49
0
7
-0.94224901011841011
40
49
-1.0364333951479092
0
33
0
6
-1.0546961287385068
41
42
-1.1668211831226771
0
17
1
-1
0
0
0
-0.94209525763164825
0
3
0
7
-1.1450310661349958
43
48
-1.2149767385850407
0
14
0
1
1.1194840229298952
44
47
-1.1736129142136789
0
11
0
1
0.91456786525238698
45
46
-1.1174579648274021
0
7
1
-1
0
0
0
-1.1124537119635232
0
4
1
-1
0
0
0
-1.1241303019792406
0
3
1
-1
0
0
0
-1.2718840756396628
0
4
1
-1
0
0
0
-1.366644094613368
0
3
0
4
-0.68497293053924269
50
53
-0.89789637042471859
0
16
0
1
1.8838903639291389
51
52
-1.0115185732699672
0
8
1
-1
0
0
0
-1.0751784438364258
0
4
1
-1
0
0
0
-0.94785870270350858
0
4
0
2
-0.24576453520958835
54
55
-0.78427416757946966
0
8
1
-1
0
0
0
-1.0127535972139372
0
3
1
-1
0
0
0
-0.64718650979878911
0
5
0
6
-0.36099977654172899
57
64
-1.2401664152604308
0
16
0
0
-0.34553155200312408
58
59
-1.3195231810588171
0
13
1
-1
0
0
0
-1.2905217097032113
0
4
0
6
-0.56754981399357851
60
63
-1.3324127238835308
0
9
0
2
0.10884561579422665
61
62
-1.3432909145819341
0
6
1
-1
0
0
0
-1.3370035199580859
0
3
1
-1
0
0
0
-1.3495783092057814
0
3
1
-1
0
0
0
-1.3106563424867239
0
3
1
-1
0
0
0
-0.89628709680075735
0
3
0
1
0.53696955222866416
66
69
0.086711700437298839
0
26
0
3
-0.72352190375585601
67
68
-0.74419202685244024
0
7
1
-1
0
0
0
-0.90946068553643844
0
3
1
-1
0
0
0
-0.62024053283944158
0
4
0
0
-0.93872427633013833
70
77
0.39283412628088688
0
19
0
0
-1.2109252667139634
71
74
0.84092303176581795
0
13
0
2
1.487885091920174
72
73
1.2069976017470339
0
6
1
-1
0
0
0
2.0707673601648389
0
3
1
-1
0
0
0
0.34322784332922912
0
3
0
7
0.22338541354483921
75
76
0.52714482892477577
0
7
1
-1
0
0
0
0.46927513555017702
0
4
1
-1
0
0
0
0.60430442009090746
0
3
0
7
0.79251201794087245
78
79
-0.57802516893646372
0
6
1
-1
0
0
0
-0.43072049489203063
0
3
1
-1
0
0
0
-0.72532984298089698
0
3
0
7
0.38871963157583611
81
138
0.29037643038520722
0
177
0
2
0.69986253413391841
82
129
-0.20598418345316749
0
106
0
6
1.1134297360862537
83
120
-0.30727477996379782
0
87
0
4
0.88437346376375081
84
115
-0.37989524977966144
0
70
0
7
-0.14470401617443857
85
104
-0.29413531332104287
0
61
0
2
-0.52157243043477775
86
93
-0.58190927372339696
0
37
0
1
-0.22283193129468129
87
88
-0.8399785592341209
0
14
1
-1
0
0
0
-0.67211153848618554
0
4
0
7
-0.35822380351305683
89
92
-0.90712536753329509
0
10
0
4
0.43632923881468055
90
91
-0.99902398038226981
0
7
1
-1
0
0
0
-1.0322145805734662
0
3
1
-1
0
0
0
-0.97413103023887238
0
4
1
-1
0
0
0
-0.69269527088568716
0
3
0
2
-0.24576453520958835
94
95
-0.42482362167339077
0
23
1
-1
0
0
0
-0.099284978292055945
0
4
0
5
0.35202392248860725
96
103
-0.49335807291156647
0
19
0
7
-0.26625513473984763
97
102
-0.57179765426141449
0
15
0
7
-0.59133995051438459
98
99
-0.52690266264970154
0
12
1
-1
0
0
0
-0.46072034924010419
0
5
0
5
-0.066888602406018099
100
101
-0.57417574365655699
0
7
1
-1
0
0
0
-0.47563045649094321
0
4
1
-1
0
0
0
-0.7055694598773754
0
3
1
-1
0
0
0
-0.75137762070826619
0
3
1
-1
0
0
0
-0.19920964284963635
0
4
0
7
-0.078693812872243071
105
106
0.14951620896591969
0
24
1
-1
0
0
0
0.77340539549801279
0
5
0
0
0.76638381437608294
107
112
-0.014665155910946999
0
19
0
3
0.042007643520998963
108
111
0.20381643526278664
0
11
0
5
-0.1343992985667222
109
110
0.48672586348575447
0
7
1
-1
0
0
0
0.2891861895385377
0
4
1
-1
0
0
0
0.75011209541537693
0
3
1
-1
0
0
0
-0.29127506412740711
0
4
0
4
-0.20475531709648914
113
114
-0.31507734377483076
0
8
1
-1
0
0
0
-0.47967235303484529
0
4
1
-1
0
0
0
-0.15048233451481624
0
4
0
5
1.0517982538466746
116
119
-0.96115704133252011
0
9
0
0
-0.13496097453639372
117
118
-0.91694567913625724
0
6
1
-1
0
0
0
-0.90227509168061248
0
3
1
-1
0
0
0
-0.931616266591902
0
3
1
-1
0
0
0
-1.0495797657250456
0
3
0
5
0.67616181623455196
121
122
-0.0082493160161237773
0
17
1
-1
0
0
0
1.1303527642836098
0
3
0
3
1.3432552476646249
123
126
-0.25223547608035241
0
14
0
1
0.77642214097541495
124
125
0.046351611464417644
0
7
1
-1
0
0
0
0.26830305739504334
0
4
1
-1
0
0
0
-0.24958364977641664
0
3
0
2
-1.3095949882210334
127
128
-0.5508225636251225
0
7
1
-1
0
0
0
-0.8914967008968735
0
4
1
-1
0
0
0
-0.09659038059612117
0
3
0
5
-0.13742862467649739
130
133
0.25782012688498152
0
19
0
7
0.03155584347672663
131
132
-0.33843052380626532
0
8
1
-1
0
0
0
-0.71706641004669713
0
5
1
-1
0
0
0
0.29262928659445436
0
3
0
7
-0.54846955821116949
134
135
0.69145696375134269
0
11
1
-1
0
0
0
-0.79928157974710634
0
3
0
1
0.090298377066454494
136
137
1.2504839175632612
0
8
1
-1
0
0
0
1.8890287215637995
0
3
1
-1
0
0
0
0.86735703516293794
0
5
0
1
1.0158747297221657
139
172
1.0314218538622171
0
71
0
6
-0.44543847109751655
140
141
1.0995937954937216
0
66
1
-1
0
0
0
2.0276552940286026
0
4
0
0
0.97952232571435638
142
169
1.0397188601043745
0
62
0
6
-0.18562710323355483
143
152
1.1238381466397676
0
56
0
7
1.3125671901952165
144
151
0.60430442009090746
0
21
0
5
-0.14435279864169781
145
150
0.37174126600712692
0
17
0
3
-0.12261064420159445
146
147
0.53888557602849152
0
12
1
-1
0
0
0
0.42616157241522101
0
6
0
3
-0.052620617236094472
148
149
0.65160957964176214
0
6
1
-1
0
0
0
0.82017163550968053
0
3
1
-1
0
0
0
0.48304752377384358
0
3
1
-1
0
0
0
-0.029405078044147992
0
5
1
-1
0
0
0
1.5926978249469748
0
4
0
2
-0.71857806988134165
153
158
1.4355583825690836
0
35
0
4
0.12055338878408584
154
155
0.82708504778005865
0
11
1
-1
0
0
0
1.2510078671152483
0
3
0
7
1.1606014476601498
156
157
0.66811399052936249
0
8
1
-1
0
0
0
0.56628065260382821
0
4
1
-1
0
0
0
0.76994732845489655
0
4
0
5
-0.13093721158412197
159
162
1.7144419943473872
0
24
0
4
-0.0045653442469045374
160
161
2.122562517876438
0
9
1
-1
0
0
0
1.7734604203825977
0
5
1
-1
0
0
0
2.5589401397437381
0
4
0
2
0.069444487904913879
163
164
1.4695696802299558
0
15
1
-1
0
0
0
1.124601295201509
0
5
0
7
1.4051264341911374
165
168
1.6420538727441798
0
10
0
6
0.07548332146972668
166
167
1.8024594241578955
0
7
1
-1
0
0
0
2.0303454007283777
0
3
1
-1
0
0
0
1.6315449417300341
0
4
1
-1
0
0
0
1.2677742527788423
0
3
0
3
1.4213126609158677
170
171
0.25460551910737506
0
6
1
-1
0
0
0
-0.044494825141382623
0
3
1
-1
0
0
0
0.5537058633561327
0
3
1
-1
0
0
0
0.13155222432635463
0
5
"DecisionTree"
0
0
12
3
0
2
1
165
0
7
0.24029734037704059
1
114
-0.012945268362160551
0
320
0
0
0.46336761753371059
2
57
-0.42129133629989707
0
223
0
3
-0.22203572923669723
3
28
-0.61788055518465623
0
110
0
1
-0.39551408664089427
4
5
-0.8443167448753246
0
55
1
-1
0
0
0
0.2074500594285168
0
4
0
3
-0.88770411654408499
6
7
-0.92680825893837115
0
51
1
-1
0
0
0
-0.69550962847921904
0
5
0
7
-0.74652701244606079
8
17
-0.95194941442306169
0
46
0
0
-0.93102047471550153
9
10
-1.1659941966175311
0
23
1
-1
0
0
0
-0.79089838691530923
0
4
0
7
-1.129917709299235
11
14
-1.2449617355022096
0
19
0
4
-0.3811131503211232
12
13
-1.2069891811292341
0
8
1
-1
0
0
0
-1.1102980338067754
0
5
1
-1
0
0
0
-1.368141093333332
0
3
0
0
-0.17091204873803104
15
16
-1.2725781386825552
0
11
1
-1
0
0
0
-1.2152077041018352
0
5
1
-1
0
0
0
-1.3203868341664882
0
6
0
5
-0.59442410637972509
18
21
-0.73790463222859248
0
23
0
0
-0.96183568117404883
19
20
-0.9919952149637733
0
9
1
-1
0
0
0
-1.1367050912269359
0
5
1
-1
0
0
0
-0.81110786963481996
0
4
0
1
0.94219701010778079
22
23
-0.5745606861845477
0
14
1
-1
0
0
0
-0.29868520779122765
0
3
0
0
-1.4677186538685147
24
25
-0.64979945301908959
0
11
1
-1
0
0
0
-0.54928279351315978
0
3
0
6
-0.43374695954363823
26
27
-0.68749320033381323
0
8
1
-1
0
0
0
-0.76215601149200529
0
4
1
-1
0
0
0
-0.61283038917562105
0
4
0
7
-0.13557694455071079
29
50
-0.39144436549398831
0
55
0
4
0.58289689750812645
30
45
-0.70888588781083361
0
39
0
5
0.31177716131587979
31
44
-0.92174805102990087
0
25
0
4
-0.067720514253023487
32
35
-0.8741859520623837
0
22
0
7
-0.47939910148219478
33
34
-1.0665172369566356
0
7
1
-1
0
0
0
-1.279518769111478
0
4
1
-1
0
0
0
-0.78251519408351233
0
3
0
1
1.4211021876012824
36
43
-0.78443135244506601
0
15
0
0
-1.0388736973204136
37
40
-0.75751531546011774
0
12
0
7
-0.62457322895607559
38
39
-0.7188927484850528
0
6
1
-1
0
0
0
-0.75077882122028072
0
3
1
-1
0
0
0
-0.68700667574982488
0
3
0
6
0.25994939265313949
41
42
-0.79613788243518246
0
6
1
-1
0
0
0
-0.73041963862877368
0
3
1
-1
0
0
0
-0.86185612624159125
0
3
1
-1
0
0
0
-0.89209550038485885
0
3
1
-1
0
0
0
-1.2705367767916955
0
3
0
2
-0.71857806988134165
46
49
-0.32877488206249911
0
14
0
7
-0.66811472946691786
47
48
-0.68760547523781035
0
8
1
-1
0
0
0
-0.60048014973592012
0
5
1
-1
0
0
0
-0.83281435107429436
0
3
1
-1
0
0
0
0.149665908837916
0
6
0
5
0.019230811286162101
51
54
0.38231934515332266
0
16
0
1
0.74649056738207054
52
53
1.2837195346445363
0
8
1
-1
0
0
0
0.70011233816858764
0
4
1
-1
0
0
0
1.8673267311204849
0
4
0
6
0.72631079796895071
55
56
-0.51908084433789103
0
8
1
-1
0
0
0
-0.77059908427260071
0
5
1
-1
0
0
0
-0.099883777780041427
0
3
0
7
-0.59327274215235049
58
79
-0.22992130021738827
0
113
0
1
-1.1737350000678357
59
60
-0.55842809478421096
0
44
1
-1
0
0
0
-0.10503345337671673
0
5
0
5
-0.68573665054580557
61
62
-0.6165556129133769
0
39
1
-1
0
0
0
-1.1506271793225988
0
4
0
0
1.0514244741176348
63
78
-0.55551886246660886
0
35
0
2
0.85746704569116949
64
71
-0.5097339585801175
0
32
0
4
0.047865362927986675
65
66
-0.33212992037018246
0
17
1
-1
0
0
0
-0.58054012678600286
0
5
0
4
0.60196260920808686
67
68
-0.22862566769692413
0
12
1
-1
0
0
0
-0.083716191604432902
0
3
0
6
0.75878721895194601
69
70
-0.27692882639442118
0
9
1
-1
0
0
0
-0.36802618849994867
0
5
1
-1
0
0
0
-0.16305712376251175
0
4
0
0
0.71502513694517189
72
75
-0.71101853521804348
0
15
0
2
1.29087945247361
73
74
-0.84402045577802309
0
7
1
-1
0
0
0
-0.86993991932939552
0
4
1
-1
0
0
0
-0.80946117104285975
0
3
0
7
-1.1449773774783858
76
77
-0.59464185472806153
0
8
1
-1
0
0
0
-0.62562972823131113
0
5
1
-1
0
0
0
-0.54299539888931203
0
3
1
-1
0
0
0
-1.0438911705891833
0
3
0
0
0.68164199661507774
80
87
-0.020438706580573819
0
69
0
3
-0.5839779247592205
81
82
0.68944622228884589
0
16
1
-1
0
0
0
1.1519065518536478
0
3
0
3
-0.20154020732156641
83
84
0.58272460777389168
0
13
1
-1
0
0
0
0.016807272441133031
0
4
0
6
0.31840695042253087
85
86
0.83424342347733982
0
9
1
-1
0
0
0
1.2300498850357557
0
4
1
-1
0
0
0
0.51759825423060701
0
5
0
7
-0.56162327908065945
88
89
-0.23474359076756851
0
53
1
-1
0
0
0
0.61770255863458301
0
4
0
2
1.3696817082522355
90
113
-0.30433103153509106
0
49
0
1
-0.91586298141748901
91
96
-0.35349577456080961
0
44
0
6
0.15212767498959537
92
93
-0.12820699356175563
0
15
1
-1
0
0
0
0.011373167087664615
0
5
0
3
0.84264122301419508
94
95
-0.19799707388646573
0
10
1
-1
0
0
0
-0.31970306981951879
0
5
1
-1
0
0
0
-0.076291077953412695
0
5
0
0
0.94357125151272281
97
110
-0.47002445438790658
0
29
0
3
-0.029726683181958966
98
107
-0.35946335582175604
0
21
0
6
-0.8637347733584948
99
100
-0.46299578729444918
0
15
1
-1
0
0
0
-0.65167750595868046
0
3
0
3
-0.57089567672828601
101
104
-0.41582535762839129
0
12
0
5
-0.34558660450533496
102
103
-0.47128916020304823
0
6
1
-1
0
0
0
-0.47323525853900117
0
3
1
-1
0
0
0
-0.46934306186709546
0
3
0
7
-0.19101048250070413
105
106
-0.36036155505373429
0
6
1
-1
0
0
0
-0.45856467108335641
0
3
1
-1
0
0
0
-0.26215843902411212
0
3
0
3
0.57074850143793809
108
109
-0.10063227714002332
0
6
1
-1
0
0
0
0.17496518720530338
0
3
1
-1
0
0
0
-0.3762297414853501
0
3
0
7
-0.17377642372884181
111
112
-0.76024733812405143
0
8
1
-1
0
0
0
-0.68994079324095381
0
5
1
-1
0
0
0
-0.8774249129292141
0
3
1
-1
0
0
0
0.12831870709123289
0
5
0
3
-0.066575015135758031
115
142
0.92582971256686342
0
97
0
2
0.227048999462165
116
125
0.62559637411124613
0
53
0
4
-0.74812810054536161
117
118
0.29720582553834352
0
21
1
-1
0
0
0
-0.44479228285968991
0
3
0
3
-0.39842804018713179
119
120
0.42087217693801571
0
18
1
-1
0
0
0
0.094726055815246332
0
5
0
4
-0.54078848580829186
121
122
0.54631299275446543
0
13
1
-1
0
0
0
0.66328616965747933
0
5
0
0
-1.2391725393009638
123
124
0.47320475719008193
0
8
1
-1
0
0
0
0.748914496439406
0
3
1
-1
0
0
0
0.30777891364048748
0
5
0
0
0.81003869019235708
126
141
0.84110267161221342
0
32
0
7
1.2838169145804741
127
140
0.94291612084046839
0
28
0
4
-0.30127548257753883
128
139
0.62915459884230562
0
23
0
7
0.71691838943376263
129
134
0.74237497571535382
0
19
0
2
1.1332749409163587
130
131
0.38913580407478421
0
9
1
-1
0
0
0
0.1980189674927452
0
3
0
1
-0.88362897908619553
132
133
0.48469422236580367
0
6
1
-1
0
0
0
0.56717885183580641
0
3
1
-1
0
0
0
0.40220959289580094
0
3
0
4
-0.55627937656450976
135
138
1.0602902301918664
0
10
0
6
-0.65588567906732553
136
137
0.88394378098013637
0
6
1
-1
0
0
0
0.90849455998754181
0
3
1
-1
0
0
0
0.85939300197273072
0
3
1
-1
0
0
0
1.3248099040094614
0
4
1
-1
0
0
0
0.091357808695327863
0
4
1
-1
0
0
0
2.3862191220320166
0
5
1
-1
0
0
0
0.12840852701443073
0
4
0
4
1.0178334456634741
143
158
1.2874744157065841
0
44
0
5
-0.27288277787073056
144
147
1.5194511745778683
0
30
0
4
-0.33940690597745971
145
146
2.167774873216783
0
9
1
-1
0
0
0
1.624359347874208
0
4
1
-1
0
0
0
2.6025072934908433
0
5
0
4
0.13604427954030368
148
157
1.241598160875476
0
21
0
5
-0.1707512118840244
149
152
1.3929937927663987
0
17
0
1
-0.74318082607127423
150
151
1.0028054793452585
0
7
1
-1
0
0
0
1.2587922604590598
0
4
1
-1
0
0
0
0.66148977119352281
0
3
0
5
-0.13699586380367235
153
154
1.6661256121611967
0
10
1
-1
0
0
0
2.2575898064188751
0
3
0
4
0.046673755946739143
155
156
1.4126409574793344
0
7
1
-1
0
0
0
1.5611860018917376
0
3
1
-1
0
0
0
1.3012321741700321
0
4
1
-1
0
0
0
0.59816672533905613
0
4
0
0
-1.1184796473383249
159
160
0.79038136098240186
0
14
1
-1
0
0
0
1.1939422759102301
0
5
0
0
-0.045083289032298524
161
162
0.56618085268916396
0
9
1
-1
0
0
0
0.14652221152599212
0
3
0
7
1.1549372943877776
163
164
0.77601017327074973
0
6
1
-1
0
0
0
0.52077189151693015
0
3
1
-1
0
0
0
1.0312484550245695
0
3
"DecisionTree"
0
0
12
3
0
2
1
163
0
7
-0.12261113397935636
1
88
-0.10815174849161124
0
320
0
0
0.57892464175325942
2
49
-0.62805948695138902
0
173
0
4
0.62698635581428497
3
46
-0.9250874274602201
0
98
0
7
-0.31242737942458787
4
39
-1.0019053464899335
0
90
0
4
0.25758819162755148
5
36
-1.0626216185733697
0
75
0
4
-1.2640939234255408
6
7
-1.0823705463823383
0
69
1
-1
0
0
0
-0.75077882122028072
0
3
0
7
-0.67101391692386669
8
25
-1.0974428975260684
0
66
0
2
-1.2307927324424077
9
10
-1.1447689243318073
0
45
1
-1
0
0
0
-0.83976042513492621
0
5
0
7
-0.97266363408806744
11
18
-1.1828949867314178
0
40
0
6
-0.4441394142581967
12
17
-1.1295913533096684
0
25
0
3
-0.60905223348517845
13
16
-1.1712408516964996
0
20
0
5
-0.68919873752840577
14
15
-1.1495440567193311
0
17
1
-1
0
0
0
-1.1203450337873322
0
14
1
-1
0
0
0
-1.2858061637353257
0
3
1
-1
0
0
0
-1.2941893565671228
0
3
1
-1
0
0
0
-0.96299335976234224
0
5
0
2
0.42405463890872885
19
24
-1.2717343757676665
0
15
0
2
-0.36396791887752666
20
21
-1.306105466378034
0
10
1
-1
0
0
0
-1.2426926006003696
0
3
0
7
-0.93956457728790199
22
23
-1.3332824088541761
0
7
1
-1
0
0
0
-1.3459855122778686
0
3
1
-1
0
0
0
-1.3237550812864067
0
4
1
-1
0
0
0
-1.2029921945469308
0
5
0
2
-0.08816002365233723
26
35
-0.99602998294234235
0
21
0
2
-0.95498483721721827
27
28
-1.1124537119635234
0
16
1
-1
0
0
0
-0.88011951062514893
0
3
0
5
-0.78267508605861136
29
30
-1.1660692968877637
0
13
1
-1
0
0
0
-1.0648491526686759
0
3
0
2
-0.56097355832409057
31
34
-1.19643534015349
0
10
0
4
-0.35013136880868745
32
33
-1.1712857616580987
0
6
1
-1
0
0
0
-1.2444889990643262
0
3
1
-1
0
0
0
-1.0980825242518713
0
3
1
-1
0
0
0
-1.2341597078965763
0
4
1
-1
0
0
0
-0.62347405007456336
0
5
0
2
-1.7430073950034739
37
38
-0.83550894877022908
0
6
1
-1
0
0
0
-0.67413248675813664
0
3
1
-1
0
0
0
-0.99688541078232162
0
3
0
3
-0.21287815561504303
40
41
-0.69832398607275081
0
15
1
-1
0
0
0
-0.4693430618670954
0
4
0
1
0.43105783028298561
42
43
-0.78158977669298935
0
11
1
-1
0
0
0
-0.42892409642807405
0
4
0
6
0.075483321469726666
44
45
-0.98311302255865507
0
7
1
-1
0
0
0
-1.0998789227158277
0
3
1
-1
0
0
0
-0.89553859744077569
0
4
0
1
0.9997577285565189
47
48
-0.060885838375945689
0
8
1
-1
0
0
0
0.95520391404785077
0
3
1
-1
0
0
0
-0.67053968983022361
0
5
0
0
0.60203604659716992
50
51
-0.23994297801985004
0
75
1
-1
0
0
0
1.4393303060866884
0
4
0
3
-0.17581178619406174
52
73
-0.33454992360331698
0
71
0
0
1.3107857951437292
53
72
-0.47973971797724363
0
40
0
3
-0.23817050180818322
54
71
-0.4182704555376654
0
36
0
4
-0.87563004753884699
55
56
-0.36662173151903721
0
33
1
-1
0
0
0
-0.69245575109049307
0
5
0
7
-1.0336807923255176
57
58
-0.30843708516699159
0
28
1
-1
0
0
0
0.1686029426454575
0
4
0
7
-0.6477130399550558
59
66
-0.38794375646906637
0
24
0
7
-0.90284153616655038
60
63
-0.52208018820181834
0
14
0
6
-0.27136485462866217
61
62
-0.65497090314260065
0
6
1
-1
0
0
0
-0.57503117149653626
0
3
1
-1
0
0
0
-0.73491063478866503
0
3
0
6
-0.66238096326392459
64
65
-0.42241215199623172
0
8
1
-1
0
0
0
-0.37916385897647897
0
5
1
-1
0
0
0
-0.49449264036248647
0
3
0
3
-0.41303655048834209
67
70
-0.20015275204321353
0
10
0
1
-0.83067311811335709
68
69
-0.30574248747105681
0
7
1
-1
0
0
0
-0.1073687713798602
0
4
1
-1
0
0
0
-0.57024077559265229
0
3
1
-1
0
0
0
0.046223297288420749
0
3
1
-1
0
0
0
-0.98640641974257548
0
3
1
-1
0
0
0
-1.0329630799334479
0
4
0
0
0.68677786435817145
74
79
-0.14720825344341168
0
31
0
3
-0.028200420911683267
75
76
0.37267789087469777
0
11
1
-1
0
0
0
1.0114880719210479
0
3
0
7
-0.39636959403457761
77
78
0.13312407298231652
0
8
1
-1
0
0
0
-0.16557208161205089
0
5
1
-1
0
0
0
0.63095099730626225
0
3
0
1
-1.1207791390949955
80
83
-0.43314563281837187
0
20
0
4
1.6255530060997128
81
82
-0.22054187460911981
0
6
1
-1
0
0
0
-0.23491306232077189
0
3
1
-1
0
0
0
-0.20617068689746784
0
3
0
0
0.92045984666881231
84
87
-0.52426152919376556
0
14
0
2
-0.32456679098821389
85
86
-0.3867087325250963
0
9
1
-1
0
0
0
-0.26140993966413029
0
4
1
-1
0
0
0
-0.4869477668138692
0
5
1
-1
0
0
0
-0.77185656319737039
0
5
0
4
-0.16304907275282565
89
132
0.50371246071615461
0
147
0
4
-0.24526995445890507
90
127
0.34046236274390401
0
80
0
7
1.364081456212668
91
122
0.45078531941737676
0
70
0
0
-1.334186092548149
92
93
0.28103613585165321
0
61
1
-1
0
0
0
1.1833435249728868
0
5
0
3
-0.21723890495868789
94
117
0.20047297610868572
0
56
0
1
1.0458063033155103
95
114
0.10659790653356754
0
46
0
0
0.78949521921999344
96
109
0.25744577073281977
0
37
0
2
0.38465351101941614
97
102
0.42454481379766007
0
25
0
1
-0.70173710878818285
98
99
0.16918677214624334
0
10
1
-1
0
0
0
0.40101199391982995
0
3
0
7
0.36187530327075468
100
101
0.069833105671849069
0
7
1
-1
0
0
0
-0.095243081748153796
0
4
1
-1
0
0
0
0.28993468889851959
0
3
0
4
-0.61824293958938115
103
106
0.59478350823193793
0
15
0
2
1.1726760688056717
104
105
0.92091964936324089
0
6
1
-1
0
0
0
0.86987199301247697
0
3
1
-1
0
0
0
0.97196730571400491
0
3
0
1
0.74879299612002126
107
108
0.37735941414440272
0
9
1
-1
0
0
0
0.49547261314954261
0
6
1
-1
0
0
0
0.14113301613412266
0
3
0
3
-0.66138122560891677
110
111
-0.090677235652264362
0
12
1
-1
0
0
0
-0.71515025168514346
0
3
0
7
0.14891924682654309
112
113
0.11748043635869536
0
9
1
-1
0
0
0
-0.2998828067671987
0
3
1
-1
0
0
0
0.32616205792164238
0
6
0
7
0.23425736650839707
115
116
-0.51355442406335816
0
9
1
-1
0
0
0
-0.69874314571434071
0
5
1
-1
0
0
0
-0.28206852199963006
0
4
0
3
-0.18889403422499632
118
119
0.63229829615422961
0
10
1
-1
0
0
0
1.2019063091004372
0
3
0
7
0.68065170189359758
120
121
0.38818057632014064
0
7
1
-1
0
0
0
0.19352797133285393
0
3
1
-1
0
0
0
0.53417003006060571
0
4
0
3
-0.44377983336103832
123
124
1.6013075635850595
0
9
1
-1
0
0
0
2.3836430866347027
0
3
0
4
-0.44069349938349955
125
126
1.2101398020602379
0
6
1
-1
0
0
0
1.1614873436614159
0
3
1
-1
0
0
0
1.2587922604590598
0
3
0
2
-1.388397243999659
128
129
-0.43179833397040446
0
10
1
-1
0
0
0
-0.89014940204890625
0
4
0
7
0.13450384252671416
130
131
-0.12623095525140346
0
6
1
-1
0
0
0
-0.26814643390396714
0
3
1
-1
0
0
0
0.015684523401160218
0
3
0
2
-0.32456679098821389
133
154
0.69863795083227465
0
67
0
6
-0.0011610320501420184
134
137
0.38685598350244738
0
46
0
5
-0.091123211284219588
135
136
1.0873645213272107
0
7
1
-1
0
0
0
1.232145683243705
0
3
1
-1
0
0
0
0.97877864988983998
0
4
0
4
1.0976711134070585
138
145
0.26112368184159257
0
39
0
7
0.70196609856783221
139
144
-0.1529127559660515
0
17
0
4
0.58766332543311661
140
143
-0.40930189782177995
0
13
0
1
-0.906653266465691
141
142
-0.34159917109685523
0
9
1
-1
0
0
0
-0.47069036071506276
0
4
1
-1
0
0
0
-0.23832621940228921
0
5
1
-1
0
0
0
-0.5616330329528606
0
4
1
-1
0
0
0
0.68035195506506607
0
4
0
6
1.3641477060749767
146
147
0.58106092923840846
0
22
1
-1
0
0
0
1.3177770040230719
0
6
0
4
1.6219781851559705
148
149
0.30479240119415985
0
16
1
-1
0
0
0
-0.37593034174135731
0
3
0
0
-1.1184796473383249
150
151
0.46188226494850998
0
13
1
-1
0
0
0
0.69382494354473978
0
5
0
2
-1.388397243999659
152
153
0.31691809082586619
0
8
1
-1
0
0
0
0.6704717635133054
0
3
1
-1
0
0
0
0.10478588721340272
0
5
0
1
-0.8629071204446489
155
156
1.3815889268880865
0
21
1
-1
0
0
0
2.2486078140990924
0
4
0
0
0.75097621114680924
157
162
1.1775844828384381
0
17
0
4
0.11221213991535314
158
159
1.3420040035930449
0
14
1
-1
0
0
0
1.7903765059181882
0
6
0
2
0.227048999462165
160
161
1.0057246268491875
0
8
1
-1
0
0
0
1.2848400381864289
0
4
1
-1
0
0
0
0.72660921551194613
0
4
1
-1
0
0
0
0.41029338598360515
0
3
"DecisionTree"
0
0
12
3
0
2
1
165
0
0
-1.1415910521822354
1
40
-0.064552427984510941
0
320
0
3
0.017805484663769994
2
29
0.41320112597830155
0
79
0
7
-0.34050654683170312
3
14
-0.062458643447756527
0
54
0
3
-0.67402739870548678
4
7
-0.89481312883033148
0
26
0
5
-1.0618058490307534
5
6
-1.1595592716850494
0
9
1
-1
0
0
0
-1.2531715916401158
0
3
1
-1
0
0
0
-1.112753111707516
0
6
0
0
-1.3418898941627859
8
11
-0.75465340614253984
0
17
0
2
0.030043360015601095
9
10
-0.97446785495086452
0
8
1
-1
0
0
0
-1.0980825242518713
0
5
1
-1
0
0
0
-0.76844340611585293
0
3
0
3
-0.28504855725236544
12
13
-0.55926278497958481
0
9
1
-1
0
0
0
-0.48970224445860239
0
6
1
-1
0
0
0
-0.69838386602154945
0
3
0
5
-0.52604788847337092
15
18
0.71044195012177747
0
28
0
6
-0.73902531678379324
16
17
1.4773550715729142
0
9
1
-1
0
0
0
1.1078947894867137
0
5
1
-1
0
0
0
1.9391804241806652
0
4
0
5
-0.021448710759390362
19
28
0.34716731364492331
0
19
0
0
-1.4060882409514202
20
21
0.41145355999157723
0
16
1
-1
0
0
0
0.87615938763632484
0
3
0
0
-1.1929497296131428
22
27
0.30421375361201997
0
13
0
7
0.681806008010716
23
26
0.36957502080059118
0
10
0
2
1.1332749409163587
24
25
0.28514429299463556
0
7
1
-1
0
0
0
0.3659822238726782
0
4
1
-1
0
0
0
0.17736038515724542
0
3
1
-1
0
0
0
0.56658005234782094
0
3
1
-1
0
0
0
0.086342862983449301
0
3
1
-1
0
0
0
0.0043073331294356905
0
3
0
1
0.97673344117702343
30
39
1.4406262279385869
0
25
0
5
-0.088526646047269425
31
34
1.6395420585919527
0
20
0
5
-0.3209192347543085
32
33
2.6025072934908429
0
7
1
-1
0
0
0
2.6025072934908433
0
3
1
-1
0
0
0
2.6025072934908433
0
4
0
4
0.97493559433856292
35
38
1.1210223167233189
0
13
0
0
-1.2776915473741481
36
37
1.2194511340984124
0
10
1
-1
0
0
0
1.4044801758859324
0
5
1
-1
0
0
0
1.0344220923108927
0
5
1
-1
0
0
0
0.79292625880634027
0
3
1
-1
0
0
0
0.6449629053251229
0
5
0
0
0.44282414656134683
41
86
-0.22116043944949912
0
241
0
7
-0.37008899662390293
42
67
-0.74093605463651935
0
88
0
3
0.71683360445004085
43
66
-1.1055797382494041
0
49
0
1
0.79944642835491053
44
53
-1.1471364504892292
0
44
0
3
-0.45642600645760845
45
48
-1.2468711796360947
0
23
0
1
0.06266923221106073
46
47
-1.1661211160742238
0
8
1
-1
0
0
0
-1.2261657347319699
0
5
1
-1
0
0
0
-1.0660467516446468
0
3
0
7
-0.64693455443420844
49
52
-1.2899378802024257
0
15
0
7
-1.130615661835167
50
51
-1.3453322764727937
0
11
1
-1
0
0
0
-1.3690392925653103
0
6
1
-1
0
0
0
-1.3168838571617731
0
5
1
-1
0
0
0
-1.1376032904589142
0
4
0
6
-0.7481187146590319
54
59
-1.0379031757093284
0
21
0
2
1.1332749409163587
55
58
-1.1874034478763749
0
9
0
5
-0.9518845873331967
56
57
-1.1305673964750844
0
6
1
-1
0
0
0
-1.1399984884108563
0
3
1
-1
0
0
0
-1.121136304539313
0
3
1
-1
0
0
0
-1.301075550678956
0
3
0
0
-0.96953948278868207
60
61
-0.9257779715840434
0
12
1
-1
0
0
0
-1.1681420643461748
0
3
0
7
-0.6420757310109888
62
65
-0.84498994066333277
0
9
0
0
-0.73842543434958796
63
64
-0.94164615801565921
0
6
1
-1
0
0
0
-0.96754423587103222
0
3
1
-1
0
0
0
-0.91574808016028619
0
3
1
-1
0
0
0
-0.65167750595868046
0
3
1
-1
0
0
0
-0.73988067053894468
0
5
0
0
-0.35837122136085459
68
79
-0.28279399061007404
0
39
0
2
-0.28516566309890112
69
76
-0.48895973309350033
0
25
0
0
-0.92588460697241148
70
73
-0.31000251811415358
0
15
0
1
0.68202256271948514
71
72
0.0077290444893528586
0
7
1
-1
0
0
0
0.11763013623069171
0
4
1
-1
0
0
0
-0.13880574449909899
0
3
0
0
-0.81032758275286265
74
75
-0.58801763539222174
0
8
1
-1
0
0
0
-0.72299452497775341
0
5
1
-1
0
0
0
-0.36305615274966901
0
3
0
5
-0.17810814672204983
77
78
-0.75739555556252058
0
10
1
-1
0
0
0
-0.70976105629327391
0
6
1
-1
0
0
0
-0.82884730446639043
0
4
0
1
-0.10080320818335436
80
85
0.085359120967473098
0
14
0
0
0.080745470673430325
81
84
0.47933496694833344
0
10
0
7
0.49330513465243375
82
83
0.7192311503921246
0
7
1
-1
0
0
0
0.082450666311543561
0
3
1
-1
0
0
0
1.1968165134525603
0
4
1
-1
0
0
0
-0.080422794420512658
0
3
1
-1
0
0
0
-0.89958049398467765
0
4
0
5
-0.029238406470240834
87
130
0.077795469939113501
0
153
0
3
-0.45271936951551028
88
107
0.3462542400985959
0
84
0
6
-0.57144698451153797
89
102
-0.17720376166616919
0
36
0
2
1.4090828361415484
90
101
-0.32243758748131923
0
27
0
0
1.2363157128689115
91
100
-0.43400087469577736
0
23
0
2
-0.91558370932790556
92
93
-0.24978324960574513
0
18
1
-1
0
0
0
0.61059181471475521
0
3
0
5
-0.7233868464815828
94
97
-0.4218582624698452
0
15
0
3
-0.94221348333964572
95
96
-0.52697751258569991
0
6
1
-1
0
0
0
-0.56934257636067398
0
3
1
-1
0
0
0
-0.48461244881072568
0
3
0
1
-0.84909254801695289
98
99
-0.35177876239260875
0
9
1
-1
0
0
0
-0.12578185563541433
0
4
1
-1
0
0
0
-0.53257628779836419
0
5
1
-1
0
0
0
-1.0971843250198929
0
5
1
-1
0
0
0
0.31905131400181452
0
4
0
3
-0.53361126984012242
103
104
0.25849771577928077
0
9
1
-1
0
0
0
0.8558002050448178
0
3
0
0
0.69448166597280825
105
106
-0.040153528853487747
0
6
1
-1
0
0
0
-0.030123637429730604
0
3
1
-1
0
0
0
-0.050183420277244872
0
3
0
0
0.83571802890781077
108
121
0.7388477414221698
0
48
0
7
1.6374372513433131
109
120
1.0416812262288371
0
32
0
0
0.56094910465243886
110
111
0.79914712015374523
0
27
1
-1
0
0
0
0.19502497005281771
0
9
0
3
-0.23729835193945426
112
115
1.101208195204209
0
18
0
2
0.54225802257666722
113
114
0.93672367870685824
0
7
1
-1
0
0
0
1.0683740232796706
0
3
1
-1
0
0
0
0.83798592027724905
0
4
0
5
-0.21056521218392682
116
119
1.2058801602479774
0
11
0
4
-0.38945439918985592
117
118
1.4065460341194822
0
6
1
-1
0
0
0
1.452803294566362
0
3
1
-1
0
0
0
1.3602887736726021
0
3
1
-1
0
0
0
0.96508111160217158
0
5
1
-1
0
0
0
2.3513653990343322
0
5
0
0
1.2388836467404547
122
127
0.13318077180883517
0
16
0
7
0.82198709041985163
123
126
0.41843795721943999
0
10
0
1
-0.84909254801695289
124
125
-0.17614516971419486
0
7
1
-1
0
0
0
-0.18932945129787562
0
4
1
-1
0
0
0
-0.15856612760262051
0
3
1
-1
0
0
0
1.8057985867312547
0
3
0
5
-0.2828362779457062
128
129
-0.34224787054217282
0
6
1
-1
0
0
0
-0.1816199078900623
0
3
1
-1
0
0
0
-0.50287583319428342
0
3
0
7
0.63794237556021272
131
164
-0.24902390242895187
0
69
0
6
0.25475316529586023
132
143
-0.33483772687835234
0
64
0
1
-1.15071071268834
133
134
-0.64945153394899524
0
23
1
-1
0
0
0
-0.80347317616300484
0
3
0
5
0.38967411842438454
135
140
-0.62634828761689376
0
20
0
7
-0.27744921964306662
136
139
-0.69099099541988218
0
13
0
0
0.71502513694517189
137
138
-0.77293440227574428
0
8
1
-1
0
0
0
-0.83131735235433069
0
4
1
-1
0
0
0
-0.71455145219715799
0
4
1
-1
0
0
0
-0.55988154445050298
0
5
0
0
0.65596265789962405
141
142
-0.50629754455420062
0
7
1
-1
0
0
0
-0.66515049443835406
0
3
1
-1
0
0
0
-0.38715783214108546
0
4
0
2
0.10884561579422665
144
159
-0.15834705461921117
0
41
0
5
1.4880212136543012
145
156
-0.28815459610596544
0
29
0
3
0.51754735944547081
146
153
-0.19992606366561905
0
21
0
7
-0.64634397921149667
147
148
-0.30574248747105687
0
14
1
-1
0
0
0
-0.60339929723984942
0
4
0
6
0.74060042320146857
149
152
-0.18667976356353974
0
10
0
4
0.18251695180895725
150
151
-0.31960041847872123
0
7
1
-1
0
0
0
-0.43251689335598709
0
3
1
-1
0
0
0
-0.23491306232077186
0
4
1
-1
0
0
0
0.12346843123855032
0
3
0
6
1.3108863756628644
154
155
0.011706783945256514
0
7
1
-1
0
0
0
-0.23700886052872114
0
3
1
-1
0
0
0
0.19824351730073975
0
4
0
2
-1.4277983718889717
157
158
-0.51975449376187477
0
8
1
-1
0
0
0
-0.89389189884881548
0
3
1
-1
0
0
0
-0.2952720507097103
0
5
0
1
-0.78001968587846604
160
161
0.15535450397377831
0
12
1
-1
0
0
0
-0.66986604040623998
0
4
0
1
-0.71785410995382959
162
163
0.56796477616378738
0
8
1
-1
0
0
0
0.9902306900975627
0
3
1
-1
0
0
0
0.31460522780352218
0
5
1
-1
0
0
0
0.84939305052337288
0
5
0
1
0
