MLCPP_ARCHIVE_V1
"Popularity_V1"
3.5320279137592245
1677
0
50
15
11
28
13
3
51
22
31
10
29
27
15
16
37
5
17
0
8
6
11
29
20
23
32
7
11
34
11
2
20
9
14
1
0
2
0
16
14
8
7
21
4
8
6
4
17
13
11
64
8
6
20
8
22
48
4
19
8
6
5
16
14
36
11
21
13
17
31
25
30
13
18
0
0
7
13
3
39
10
11
22
9
2
9
8
11
26
27
12
9
17
11
15
33
34
28
45
15
56
8
9
1
2
10
12
3
12
20
6
31
3
0
6
1
12
53
42
0
6
45
18
18
18
25
12
35
14
19
3
5
26
10
21
31
4
15
3
3
8
9
4
25
27
9
2
23
12
1
18
39
8
26
19
9
21
18
11
19
11
29
9
9
17
5
2
6
33
13
9
10
35
35
46
23
29
13
16
20
25
68
18
34
15
28
21
12
18
11
6
24
12
15
21
34
25
21
8
10
28
15
31
13
41
12
7
5
17
20
26
17
9
6
17
17
30
16
23
13
11
3
39
13
4
13
15
19
25
18
20
20
9
19
32
36
5
42
24
18
24
11
7
15
7
16
17
1
14
12
27
5
17
3
7
16
1
39
44
14
11
9
9
4
12
13
3
9
12
4
0
0
0
28
19
28
26
10
6
1
4
12
22
15
21
8
33
4
39
24
9
7
7
18
43
8
0
4
28
6
35
11
9
5
8
0
2
0
0
0
0
0
0
0
0
0
0
7
26
9
4
14
17
21
11
12
13
16
22
3
3
5
1
17
0
2
0
0
0
0
0
0
0
0
0
0
0
0
0
0
0
0
0
0
0
0
10
29
16
0
0
0
0
8
7
8
5
28
2
6
5
7
5
6
4
6
4
2
8
10
13
6
11
5
16
23
8
3
6
3
2
11
9
18
2
7
11
3
5
13
2
9
13
20
11
31
8
5
20
4
19
15
15
5
4
6
5
11
20
17
11
14
1
28
5
10
8
15
14
9
7
10
25
17
5
14
11
1
1
1
2
5
0
14
6
4
1
12
9
15
7
16
5
4
1
20
8
3
13
1
4
11
12
7
1
7
5
5
3
7
15
24
15
15
20
32
14
13
7
12
15
4
8
21
8
10
6
1
4
3
3
6
4
3
1
6
20
3
13
3
1
13
2
1
11
0
8
6
23
7
8
10
3
3
12
19
3
7
11
5
10
9
3
11
1
4
7
14
10
5
5
14
3
0
1
5
0
0
0
0
8
4
4
0
9
1
29
6
1
6
10
5
4
7
13
1
0
0
12
12
4
8
4
5
7
3
16
6
17
7
0
4
4
5
4
5
14
7
9
1
4
8
17
3
9
4
2
1
16
4
2
22
2
0
0
7
13
20
0
0
0
0
3
19
7
1
5
5
2
3
4
3
2
0
3
2
4
1
0
4
2
0
4
4
4
8
0
9
21
4
3
9
3
5
1
3
12
1
1
1
4
6
14
0
1
2
5
6
6
3
5
10
7
4
15
23
5
11
10
12
14
6
9
10
3
12
0
1
1
4
4
5
10
8
3
3
7
0
16
5
4
3
1
0
17
18
3
8
6
0
2
0
17
7
2
1
8
8
0
10
2
0
2
1
2
8
2
4
4
9
11
0
5
8
0
12
5
13
3
3
6
8
5
3
10
2
1
7
7
6
3
8
20
1
4
13
2
6
3
14
6
8
33
6
2
1
17
10
26
0
0
0
0
3
0
13
18
0
3
3
6
10
12
18
4
2
0
1
5
6
6
7
13
3
4
1
2
0
4
2
11
9
0
6
0
5
1
2
0
9
7
0
6
1
7
3
7
1
1
1
8
3
6
2
1
2
4
2
0
3
4
0
1
8
0
12
4
1
3
9
6
2
0
10
10
14
12
4
4
2
0
12
2
7
6
0
2
1
0
2
9
6
4
3
6
12
4
3
0
1
0
0
0
2
4
3
2
0
1
1
4
1
2
0
9
0
9
0
0
2
0
4
2
6
2
6
5
5
6
9
0
5
0
0
0
0
0
0
0
0
0
0
0
0
0
0
0
0
0
0
0
0
0
0
0
0
0
0
0
0
0
0
0
0
0
0
0
0
0
17
0
2
3
2
12
4
16
0
13
5
12
4
3
3
6
0
2
2
0
6
10
8
1
7
5
2
10
1
5
8
3
6
8
3
0
5
0
0
1
5
3
4
0
2
0
2
0
1
0
6
0
2
2
0
6
7
5
11
1
6
2
3
3
3
2
2
2
3
12
3
5
4
1
13
1
1
2
1
5
0
1
1
1
1
1
1
4
7
3
8
5
10
17
2
11
0
17
8
2
4
3
0
0
4
0
2
0
0
14
3
1
2
1
1
5
10
3
5
0
3
2
8
3
2
0
1
8
16
6
3
1
3
1
2
1
1
1
2
1
4
6
0
0
3
0
2
1
10
0
0
5
2
0
14
8
0
1
2
1
6
0
0
0
1
2
1
2
1
1
2
8
6
0
3
3
3
0
0
3
1
0
3
1
1
0
0
0
0
0
4
5
0
0
0
1
2
0
0
5
8
0
1
0
0
0
0
2
0
2
2
0
1
3
2
4
4
2
2
1
4
1
1
3
0
0
2
0
0
0
2
0
1
3
1
1
0
0
6
1
1
1
0
1
2
1
0
1
1
1
0
3
0
2
0
0
0
0
0
4
0
0
2
1
2
0
1
0
3
6
0
0
0
0
0
3
1
0
7
0
3
0
0
1
1
1
1
1
2
6
4
5
1
2
4
2
4
0
7
3
3
3
4
3
0
1
1
0
0
7
3
0
5
3
0
0
0
0
0
0
3
3
0
0
0
4
5
1
1
4
2
1
1
1
2
1
0
0
0
2
1
1
1
0
2
0
0
1
4
1
1
1
1
1
4
3
0
1
4
1
1
0
0
1
3
3
1
1
2
0
1
1
2
1
0
0
0
1
1
0
0
1
0
1
3
0
2
0
0
0
0
0
1
0
0
3
2
0
0
0
0
0
0
0
0
1
0
0
0
0
0
0
0
0
0
0
1
1
3
0
0
0
0
0
0
0
0
0
0
0
0
0
0
0
1
0
0
0
0
0
0
0
0
0
0
0
1
0
0
1
0
0
0
0
0
0
0
2
0
0
0
0
2
0
1
0
0
2
0
0
0
0
0
0
0
0
0
0
0
0
0
0
1
0
1
0
0
0
4
0
0
0
1
0
3
1
1
1
0
0
0
0
1
0
0
0
1
1
1
2
0
0
0
0
0
0
2
0
1
0
0
0
1
0
0
2
0
1
0
0
0
1
0
0
0
0
1
0
0
0
1
0
0
0
0
0
0
0
1
0
3
0
1
0
1
0
0
0
1
1
0
2
1
1
0
1
0
1
1
1
2
1
0
0
0
0
0
2
0
0
0
1
0
1
2
0
1
0
0
0
1
0
0
0
0
0
0
0
1
0
0
0
0
1
0
1
0
0
0
1
0
0
0
0
0
2
0
0
0
0
1
2
0
0
0
1
0
0
0
0
0
0
0
0
0
0
1
0
0
1
0
0
0
0
0
0
0
0
0
0
0
0
0
0
0
0
0
0
0
0
0
0
0
0
0
0
0
0
0
0
0
0
0
0
0
0
0
0
1
0
0
1
0
0
0
0
0
0
0
0
0
0
0
0
0
1
0
0
0
0
1
0
0
0
0
0
0
0
0
1
0
0
0
0
0
0
0
0
0
0
0
0
0
0
0
0
0
0
0
0
0
0
0
1
0
0
0
0
0
0
0
0
0
0
0
1
0
0
0
0
0
0
0
0
0
0
0
1
1677
0
4.0553379856265375
3.53281116550369
3.0628704351234406
3.5347441878313752
3.4921860494605328
3.6400214721224802
3.8577094940588892
3.8850087230497579
3.7395190033559085
3.6160139568796126
4.1107763881433907
4.1437913280430339
3.53281116550369
3.781549197599702
3.8578782795232396
3.4213519425061496
3.5303807087997132
3.5320279137592245
3.7955710631995694
3.3325174460995153
3.2057275779805834
4.0082122855792885
3.9106759712530752
3.7066751253815835
3.5076256937521966
3.195310537505426
3.4438228160758215
3.7800063440361877
3.2533466255996308
3.6100232614660204
3.6773426379197418
3.7010673230311713
3.6383449640663437
3.4836617397811129
3.5320279137592245
3.4433565947993539
3.5320279137592245
3.1661645822150866
3.5550116307330106
3.2400155076440136
3.5482517139760144
3.7522670689545889
3.2371627955423032
3.4622377298662359
3.8950174460995153
3.5228770812565888
3.6044547828737872
3.8834903972866197
3.6342990065520118
4.1529767451025981
3.4622377298662359
3.5200174460995153
3.1773426379197418
3.5177932854217913
4.0100087230497579
4.3503496403033148
3.6657342241137316
3.6662165219859397
3.6289043965329029
3.7075174460995153
3.6213519425061498
3.2430876591381637
3.1800116307330106
4.246093024730266
3.2533466255996308
3.6554928754062015
3.2747947451127066
3.6785288569478611
3.8370799789656647
3.5234365467883499
3.7580069784398065
3.3182730059822716
3.5114385406282946
3.5320279137592245
3.5320279137592245
3.6070752433877793
3.3182730059822716
3.3323291644301727
4.0269444721957601
3.2660139568796125
3.6342990065520118
3.8850087230497579
3.7536989019785394
3.5266899281326869
3.3326462703995916
3.6289043965329029
3.7295371017901071
3.1755633093775626
3.9816291658808716
3.5145581426178296
3.4379094282943292
3.56741774583675
3.9676323398853452
3.01281116550369
3.8911692822695874
4.0981881622180056
3.7452705036208487
4.151277802501677
3.49281116550369
4.0654587748120035
3.5177932854217913
3.2273831125048549
3.3018435579629313
3.1100232614660204
3.1660139568796124
3.060012688072375
3.1784830105840189
3.560012688072375
3.6440093045864086
3.1450174460995153
3.5200068082339575
3.2554060875070956
3.5320279137592245
4.0200174460995157
3.4836617397811129
3.6963763244360113
3.8146076053586073
3.1792361372613893
3.5320279137592245
2.8950174460995153
3.3876414388653138
2.8328671120568663
3.4042956834854374
3.8685813977711518
3.8377222610740644
3.560012688072375
4.029339536390939
3.5550116307330106
3.8731130737100776
3.2554060875070956
3.6880186091728162
3.9255633093775626
3.8160139568796128
3.978073520567492
3.8126897350632256
3.2371627955423032
3.49281116550369
3.3323291644301727
3.4861753182763264
3.6289043965329029
3.5431725861890659
3.3085913669708744
3.7520079753597786
3.9546021388538448
2.7010673230311708
3.3600232614660204
3.5551599738664317
3.2418308698905567
3.665479921599295
3.7971528263425802
3.6800056966855563
3.5177932854217913
3.8144521982664514
3.5972510047445603
3.2800146914522235
3.945815456051363
3.475724254914009
3.0628704351234406
3.4248372116411123
3.3962037684567741
3.4953917727587758
3.4379094282943292
3.4379094282943292
3.6785288569478611
3.7546852758394831
3.6100232614660204
3.1450174460995153
3.8911692822695874
4.2313164842431412
3.806330480925908
3.8160139568796128
4.1626728697242719
4.1626728697242719
4.2735764131712903
3.9490993678058257
3.9056481830151859
3.709577353808359
4.0123184283689328
3.9440093045864084
4.1520079753597789
3.9528240915075932
4.1542956834854374
3.8481881622180056
3.53281116550369
4.0084283983576912
3.5587186818578145
3.6963763244360113
3.6900099691997235
4.0152513875043931
3.8950174460995153
3.980008209929184
3.8781945062541934
3.7728111655036902
3.784525133470718
3.916369980399824
3.7520079753597786
3.816783197986847
3.740015507644014
3.8160139568796128
3.7979020825682173
3.57281116550369
3.6663482716485913
3.7530556146779239
3.8298093948547502
4.0145581426178296
3.6070752433877793
3.8880186091728164
3.7896399680589723
3.9773426379197416
3.9255633093775626
3.6414918199108239
3.5958041651364341
3.6450174460995153
3.6414918199108239
3.5303807087997132
3.9080069784398064
3.2430876591381637
3.6763720950785532
3.2747947451127066
3.3485847208377262
3.4092522413532498
3.4351077375018826
4.0139251798953151
3.6657342241137316
3.1443599625040108
3.4128111655036899
3.2524234185376639
3.7805794039312071
3.1542956834854374
3.3106759712530751
3.210675971253075
3.3326462703995916
3.3213889357790434
3.555244741371244
3.3330495464693968
3.7546852758394831
3.7369284449536972
3.6858905628703602
3.6900099691997235
3.3329493863997719
3.3485847208377262
3.4306046551524849
2.8928111655036899
3.3717811257407204
3.1661645822150866
3.8266770050960095
3.3018435579629313
3.6800116307330106
3.560012688072375
3.5491967334484391
3.7546852758394831
3.0859362643552686
3.7169445490455573
3.195310537505426
3.6661645822150866
3.5745708306902042
3.7820465130120868
3.820745909955412
3.2216782973996771
3.1581085303615359
2.8589620598732761
3.3326462703995916
2.8085913669708744
3.060012688072375
3.8834903972866197
3.4861753182763264
3.4905410072416974
3.6963763244360113
3.5228770812565888
3.5320279137592245
3.5320279137592245
3.5320279137592245
3.6136915562524279
3.5627682461238708
4.0873757667787434
3.4533410871553403
3.5160139568796125
3.5200174460995153
3.3927526488720221
3.3085913669708744
3.3781945062541934
3.7600087230497579
3.7728111655036902
3.139363843148137
3.7955710631995694
3.8446576543626105
3.5228770812565888
3.639189370154944
3.2741258569880074
3.4905410072416974
3.6070752433877793
3.3129575963289555
3.8328671120568663
3.6475524365583443
3.5177932854217913
3.5320279137592245
3.6657342241137316
3.9294810299366381
3.3325174460995153
3.8071173141687167
3.8247751970282025
3.6484357440838027
3.6880186091728162
3.5733488409773475
3.5320279137592245
3.4433565947993539
3.5320279137592245
3.5320279137592245
3.5320279137592245
3.5320279137592245
3.5320279137592245
3.5320279137592245
3.5320279137592245
3.5320279137592245
3.5320279137592245
3.5320279137592245
3.7835458316230737
4.2588966427108961
3.2273831125048549
3.7371627955423032
3.2216782973996771
3.1970473754663797
3.3329122302449115
3.3485847208377262
3.560012688072375
3.3182730059822716
3.4738568899073945
3.5100087230497579
3.5630983951994035
3.4861753182763264
3.5546852758394829
3.5745708306902042
3.7526029310219351
3.5320279137592245
3.4433565947993539
3.5320279137592245
3.5320279137592245
3.5320279137592245
3.5320279137592245
3.5320279137592245
3.5320279137592245
3.5320279137592245
3.5320279137592245
3.5320279137592245
3.5320279137592245
3.5320279137592245
3.5320279137592245
3.5320279137592245
3.5320279137592245
3.5320279137592245
3.5320279137592245
3.5320279137592245
3.5320279137592245
3.5320279137592245
3.5320279137592245
3.4160139568796124
4.1620584394254427
3.1277030437535482
3.5320279137592245
3.5320279137592245
3.5320279137592245
3.5320279137592245
3.2955710631995689
3.195310537505426
3.2400155076440136
3.4880186091728165
3.4557968194103226
3.2766899281326869
3.1450174460995153
2.9546852758394828
3.195310537505426
3.4213519425061496
3.3950174460995153
3.3085913669708744
3.1450174460995153
3.3085913669708744
3.3600232614660204
3.2955710631995689
3.2160139568796127
3.4487077885909674
3.3950174460995153
3.777156149409155
3.0880186091728161
3.0892415052920095
3.8278872465937046
3.1844599520884582
3.4092522413532498
2.8950174460995153
3.4092522413532498
3.6100232614660204
3.0628704351234406
3.6484357440838027
3.1542956834854374
3.6100232614660204
3.254134066917191
3.3962037684567741
3.1015599336609418
3.3546852758394832
3.4487077885909674
3.4433565947993539
3.4379094282943292
3.2747947451127066
3.4106759712530752
3.5390609113139169
3.4224458326242013
2.9066821743106801
3.2213519425061494
4.2440093045864087
3.380019938399446
3.6317337633652502
3.2128111655036902
2.97281116550369
3.4880186091728165
3.3085913669708744
3.2075174460995153
3.154685275839483
3.491441863694869
3.5440093045864085
3.56741774583675
3.3962037684567741
3.6800116307330106
3.5745708306902042
3.7452705036208487
2.7546852758394831
3.5660139568796128
3.4622377298662359
4.05281116550369
3.6800116307330106
3.6484357440838027
3.5482517139760144
3.6660139568796124
3.7520079753597786
3.7155658939848983
3.7546852758394831
3.7216782973996771
3.6342990065520118
3.3018435579629313
3.3018435579629313
3.3018435579629313
3.2766899281326869
3.0213519425061497
3.5320279137592245
3.5133449640663437
3.2700174460995153
3.4514485098280177
3.5745708306902042
3.5145581426178296
3.4905410072416974
3.1328111655036901
2.7835458316230732
3.2046261206766249
3.154685275839483
2.880019938399446
3.3018435579629313
3.5440093045864085
3.0733488409773471
2.9477137798147881
3.2747947451127066
3.665479921599295
3.3085913669708744
3.5866799589329643
3.6054672335269204
3.5482517139760144
3.5745708306902042
3.7247223022113083
3.4880186091728165
3.4880186091728165
3.5630983951994035
3.6658987727995438
3.49281116550369
3.5976552687527135
3.2928111655036902
3.2928111655036902
4.0106759712530753
3.9123875985141012
3.0550116307330106
3.5356643103300978
3.7247223022113083
3.8781945062541934
3.9328111655036899
3.6657342241137316
3.9622377298662363
4.0748477141158794
3.6844599520884582
3.4160139568796124
3.7075174460995153
3.665479921599295
3.6657342241137316
3.6400214721224802
3.5630983951994035
3.7700174460995153
3.6657342241137316
3.5630983951994035
3.4836617397811129
3.7075174460995153
4.0106759712530753
3.6400214721224802
3.8834903972866197
3.7169445490455573
3.4836617397811129
3.4487077885909674
3.6100232614660204
3.5745708306902042
3.4438228160758215
3.5320279137592245
3.3511266187551247
3.7075174460995153
3.7369781556846138
3.4894281845642499
3.6289043965329029
3.9160139568796124
3.4861753182763264
3.7169445490455573
3.6963763244360113
3.9765613495721466
3.7169445490455573
3.3129575963289555
3.6819180541710597
3.6880186091728162
3.7660139568796125
3.8589620598732766
3.5630983951994035
3.8247751970282025
3.665479921599295
3.5943056526851604
3.6658987727995438
3.8883449640663437
3.5660139568796128
3.4213519425061496
3.7546852758394831
3.6800116307330106
3.4092522413532498
3.5320279137592245
3.665479921599295
3.3546852758394832
3.5320279137592245
3.5320279137592245
3.5320279137592245
3.5320279137592245
2.9066821743106801
3.4514485098280177
3.380019938399446
3.5320279137592245
3.2800146914522235
3.3927526488720221
3.2646225419895449
3.5200174460995153
3.3018435579629313
3.5200174460995153
3.4160139568796124
3.3546852758394832
3.380019938399446
3.6658987727995438
3.0139251798953155
3.3018435579629313
3.5320279137592245
3.5320279137592245
3.832739960799648
3.332739960799648
3.380019938399446
3.4066821743106801
3.5943056526851604
3.2213519425061494
3.1364870080936615
3.3323291644301727
3.7430876591381637
3.5200174460995153
3.6414918199108239
3.254134066917191
3.5320279137592245
3.2371627955423032
3.4514485098280177
3.2880186091728163
2.880019938399446
3.0213519425061497
2.8883449640663437
2.9011928904466027
3.2273831125048549
3.3018435579629313
3.5943056526851604
3.4066821743106801
3.493343671762676
3.4092522413532498
3.5431725861890659
3.380019938399446
3.3600232614660204
3.4836617397811129
3.6277030437535482
3.5943056526851604
3.1933565947993539
3.5725087230497579
3.4433565947993539
3.5320279137592245
3.5320279137592245
3.3129575963289555
3.2747947451127066
3.210675971253075
3.5320279137592245
3.5320279137592245
3.5320279137592245
3.5320279137592245
3.6400214721224802
4.080009625434216
3.7835458316230737
3.5745708306902042
3.6880186091728162
3.5546852758394829
3.6100232614660204
3.7169445490455573
3.5943056526851604
3.6400214721224802
3.5266899281326869
3.5320279137592245
3.4092522413532498
3.5266899281326869
3.380019938399446
3.5745708306902042
3.5320279137592245
3.4514485098280177
3.4433565947993539
3.5320279137592245
3.4514485098280177
3.3085913669708744
3.4514485098280177
3.5177932854217913
3.5320279137592245
3.4379094282943292
3.5587186818578145
3.4514485098280177
3.5630983951994035
3.6484357440838027
3.7938676259686344
3.6213519425061498
3.5745708306902042
3.4861753182763264
3.3781945062541934
3.5745708306902042
3.5745708306902042
3.4836617397811129
3.4514485098280177
3.7700174460995153
3.3050116307330106
3.5320279137592245
3.3018435579629313
3.5266899281326869
3.6880186091728162
3.6450174460995153
3.6450174460995153
3.3323291644301727
3.4880186091728165
3.6660139568796124
3.7247223022113083
3.6657342241137316
3.7728111655036902
3.9187963375027954
3.8213519425061495
3.9200132922662978
3.7660139568796125
3.7872854153451025
3.5550116307330106
3.5825174460995153
3.5431725861890659
3.6160139568796126
3.4092522413532498
3.1963763244360113
3.5320279137592245
3.3018435579629313
3.3018435579629313
2.8085913669708744
3.4514485098280177
3.4880186091728165
3.3160139568796128
3.740015507644014
3.3323291644301727
3.7938676259686344
3.3717811257407204
3.5320279137592245
2.9353953514458557
3.2880186091728163
3.1657342241137316
3.4092522413532498
3.5745708306902042
3.5320279137592245
3.6785288569478611
3.475724254914009
3.6400214721224802
2.9066821743106801
3.0825174460995153
3.5320279137592245
3.6100232614660204
3.5320279137592245
3.7896399680589723
3.7835458316230737
3.5266899281326869
3.5745708306902042
3.1844599520884582
3.2400155076440136
3.5320279137592245
3.5660139568796128
3.2766899281326869
3.5320279137592245
3.5266899281326869
3.5745708306902042
3.4433565947993539
3.6844599520884582
3.3600232614660204
3.6657342241137316
3.4514485098280177
3.5431725861890659
3.6342990065520118
3.5320279137592245
3.4213519425061496
3.4066821743106801
3.5320279137592245
3.2418308698905567
3.5546852758394829
3.2313164842431412
3.6400214721224802
3.1784830105840189
3.4575174460995153
3.8511266187551252
3.5546852758394829
3.4092522413532498
3.3660139568796126
3.5266899281326869
3.3018435579629313
3.254134066917191
3.3129575963289555
3.7700174460995153
3.4861753182763264
3.6289043965329029
3.5106759712530748
3.5745708306902042
3.380019938399446
3.6660990929387935
3.6933565947993539
3.3950174460995153
3.4092522413532498
3.3883449640663437
3.2700174460995153
3.6289043965329029
3.6353553287812153
2.9575174460995153
3.5266899281326869
3.5745708306902042
3.8637140421330463
3.5660139568796128
3.5922299760442291
3.5320279137592245
3.5320279137592245
3.5320279137592245
3.5320279137592245
3.2554060875070956
3.5320279137592245
3.2747947451127066
3.3328671120568663
3.5320279137592245
2.9477137798147881
3.3323291644301727
3.2700174460995153
3.1660139568796124
3.332739960799648
3.4042956834854374
3.0943056526851604
3.1933565947993539
3.5320279137592245
3.3018435579629313
3.6880186091728162
3.0200174460995153
3.4575174460995153
3.0776634786818966
3.1878382233735763
3.4092522413532498
3.5943056526851604
3.4836617397811129
3.6933565947993539
3.5320279137592245
3.5228770812565888
3.2766899281326869
3.3962037684567741
3.3852778493469606
3.5320279137592245
3.0200174460995153
3.5320279137592245
3.5546852758394829
3.4836617397811129
3.4433565947993539
3.5320279137592245
3.6484357440838027
3.6070752433877793
3.5320279137592245
3.2075174460995153
3.665479921599295
3.6070752433877793
3.1784830105840189
3.3717811257407204
3.5745708306902042
3.5745708306902042
3.3018435579629313
3.0733488409773471
3.4092522413532498
3.3950174460995153
3.2766899281326869
3.5745708306902042
3.6100232614660204
3.5943056526851604
3.4433565947993539
3.5320279137592245
3.3323291644301727
3.4514485098280177
3.5320279137592245
3.5745708306902042
3.9066821743106805
3.5320279137592245
3.3781945062541934
3.1657342241137316
3.4836617397811129
3.5630983951994035
3.0168567967153814
3.2700174460995153
3.6100232614660204
3.5320279137592245
3.2160139568796127
3.4160139568796124
3.5550116307330106
3.1509217789814659
3.4514485098280177
3.3085913669708744
3.5266899281326869
3.5320279137592245
3.1054672335269204
3.5266899281326869
3.6070752433877793
3.0200174460995153
3.5320279137592245
3.6100232614660204
3.5745708306902042
3.5320279137592245
3.3600232614660204
3.1747515335574867
3.1450174460995153
3.0943056526851604
3.5630983951994035
3.7075174460995153
3.7872854153451025
3.2371627955423032
3.6400214721224802
3.5320279137592245
3.4836617397811129
3.5320279137592245
3.5320279137592245
3.5320279137592245
3.7766899281326869
3.5228770812565888
3.7169445490455573
3.6100232614660204
3.5320279137592245
3.3018435579629313
3.3927526488720221
2.9514485098280177
3.4836617397811129
3.6100232614660204
3.5320279137592245
3.2800146914522235
3.5320279137592245
3.2800146914522235
3.5320279137592245
3.5320279137592245
3.5266899281326869
3.5320279137592245
3.380019938399446
3.5266899281326869
3.2075174460995153
3.5266899281326869
3.1450174460995153
3.4880186091728165
3.0880186091728161
3.0825174460995153
3.7010673230311713
3.5320279137592245
3.6213519425061498
3.5320279137592245
3.5320279137592245
3.5320279137592245
3.5320279137592245
3.5320279137592245
3.5320279137592245
3.5320279137592245
3.5320279137592245
3.5320279137592245
3.5320279137592245
3.5320279137592245
3.5320279137592245
3.5320279137592245
3.5320279137592245
3.5320279137592245
3.5320279137592245
3.5320279137592245
3.5320279137592245
3.5320279137592245
3.5320279137592245
3.5320279137592245
3.5320279137592245
3.5320279137592245
3.5320279137592245
3.5320279137592245
3.5320279137592245
3.5320279137592245
3.5320279137592245
3.5320279137592245
3.5320279137592245
3.5320279137592245
3.5320279137592245
3.5320279137592245
3.5320279137592245
3.5320279137592245
3.5320279137592245
3.5320279137592245
3.56741774583675
3.5320279137592245
3.6100232614660204
3.4092522413532498
3.6100232614660204
3.6054672335269204
3.380019938399446
3.1277030437535482
3.5320279137592245
3.1878382233735763
3.4880186091728165
3.2872854153451025
3.0943056526851604
3.4092522413532498
3.4092522413532498
2.9575174460995153
3.5320279137592245
3.6100232614660204
3.6100232614660204
3.5320279137592245
3.6450174460995153
3.016013956879612
3.4066821743106801
3.3927526488720221
3.4894281845642499
3.5546852758394829
3.5266899281326869
3.3160139568796128
3.5745708306902042
3.3546852758394832
3.2955710631995689
3.3323291644301727
3.0825174460995153
3.1844599520884582
3.3323291644301727
3.5320279137592245
3.4880186091728165
3.5320279137592245
3.5320279137592245
3.665479921599295
3.2880186091728163
3.6400214721224802
3.380019938399446
3.5320279137592245
3.7766899281326869
3.5320279137592245
3.6100232614660204
3.5320279137592245
3.3927526488720221
3.5320279137592245
3.5825174460995153
3.5320279137592245
3.6100232614660204
3.4433565947993539
3.5320279137592245
2.9575174460995153
3.3129575963289555
3.0213519425061497
3.110489482742488
3.3018435579629313
3.3950174460995153
3.3600232614660204
3.0246368567378648
3.3323291644301727
3.1784830105840189
3.2766899281326869
3.3600232614660204
3.2766899281326869
3.2554060875070956
2.6509217789814659
3.1784830105840189
3.154685275839483
3.0943056526851604
3.3927526488720221
3.3182730059822716
3.3927526488720221
3.3927526488720221
3.5266899281326869
3.3018435579629313
3.154685275839483
3.5320279137592245
3.5745708306902042
3.5745708306902042
3.3018435579629313
3.4836617397811129
3.4836617397811129
3.4836617397811129
3.2371627955423032
3.8423693610348382
3.4861753182763264
3.2400155076440136
3.3546852758394832
3.2160139568796127
3.6044547828737872
3.4433565947993539
3.2057275779805834
3.5320279137592245
3.3451955236145277
3.5733488409773475
3.5266899281326869
3.7371627955423032
3.5630983951994035
3.5320279137592245
3.5320279137592245
3.380019938399446
3.5320279137592245
3.4433565947993539
3.5320279137592245
3.5320279137592245
3.3883449640663437
3.2554060875070956
3.5745708306902042
3.2766899281326869
3.4836617397811129
3.3018435579629313
3.2213519425061494
3.3660139568796126
3.4861753182763264
3.2880186091728163
3.5320279137592245
3.5630983951994035
3.5266899281326869
3.3511266187551247
3.3323291644301727
3.4433565947993539
3.5320279137592245
3.3927526488720221
3.4622377298662359
3.0507799668304711
3.2700174460995153
3.2554060875070956
3.4836617397811129
3.4092522413532498
3.4836617397811129
3.6100232614660204
3.3018435579629313
3.5745708306902042
3.5745708306902042
3.1933565947993539
3.5745708306902042
3.5228770812565888
3.4575174460995153
3.5320279137592245
3.5320279137592245
3.5630983951994035
3.5320279137592245
3.6100232614660204
3.3927526488720221
3.4160139568796124
3.5320279137592245
3.5320279137592245
3.5546852758394829
3.5266899281326869
3.5320279137592245
3.7633449640663437
3.2955710631995689
3.5320279137592245
3.4836617397811129
3.5266899281326869
3.5745708306902042
3.1450174460995153
3.5320279137592245
3.5320279137592245
3.5320279137592245
3.4836617397811129
3.5266899281326869
3.665479921599295
3.6100232614660204
3.3018435579629313
3.3018435579629313
3.4433565947993539
3.1844599520884582
3.1450174460995153
3.5320279137592245
3.4861753182763264
3.4092522413532498
3.4092522413532498
3.5320279137592245
3.5320279137592245
3.5630983951994035
3.5745708306902042
3.5320279137592245
3.7938676259686344
3.5745708306902042
3.4836617397811129
3.5320279137592245
3.5320279137592245
3.5320279137592245
3.5320279137592245
3.5320279137592245
3.380019938399446
3.3546852758394832
3.5320279137592245
3.5320279137592245
3.5320279137592245
3.4836617397811129
3.6100232614660204
3.5320279137592245
3.5320279137592245
3.4213519425061496
3.740015507644014
3.5320279137592245
3.5745708306902042
3.5320279137592245
3.5320279137592245
3.5320279137592245
3.5320279137592245
3.6933565947993539
3.5320279137592245
3.6933565947993539
3.6933565947993539
3.5320279137592245
3.4836617397811129
3.3323291644301727
3.5266899281326869
3.4514485098280177
3.5943056526851604
3.3600232614660204
3.6933565947993539
3.3927526488720221
3.4514485098280177
3.3927526488720221
3.4836617397811129
3.6400214721224802
3.5320279137592245
3.5320279137592245
3.2766899281326869
3.5320279137592245
3.5320279137592245
3.5320279137592245
3.6933565947993539
3.5320279137592245
3.3927526488720221
3.4861753182763264
3.665479921599295
3.5745708306902042
3.5320279137592245
3.5320279137592245
3.0825174460995153
3.5745708306902042
3.665479921599295
3.4836617397811129
3.5320279137592245
3.4836617397811129
3.3600232614660204
3.4836617397811129
3.5320279137592245
3.3018435579629313
3.3018435579629313
3.3927526488720221
3.5320279137592245
3.3323291644301727
3.5320279137592245
3.6100232614660204
3.5320279137592245
3.5320279137592245
3.5320279137592245
3.5320279137592245
3.5320279137592245
3.4514485098280177
3.5320279137592245
3.5320279137592245
3.3600232614660204
3.4836617397811129
3.2766899281326869
3.5320279137592245
3.4836617397811129
3.5320279137592245
3.5630983951994035
3.1450174460995153
3.5320279137592245
3.5320279137592245
3.5320279137592245
3.5320279137592245
3.5320279137592245
3.5630983951994035
3.3018435579629313
3.5320279137592245
3.4894281845642499
3.5320279137592245
3.2554060875070956
3.5320279137592245
3.5320279137592245
3.5745708306902042
3.5745708306902042
3.5745708306902042
3.4836617397811129
3.4836617397811129
3.3600232614660204
3.4575174460995153
3.0943056526851604
3.2880186091728163
3.4836617397811129
3.3600232614660204
3.0943056526851604
3.4433565947993539
3.1657342241137316
3.5320279137592245
3.254134066917191
3.4861753182763264
3.4092522413532498
3.7938676259686344
3.5943056526851604
3.3323291644301727
3.5320279137592245
3.3927526488720221
3.4836617397811129
3.5320279137592245
3.5320279137592245
3.0188399492701321
3.3323291644301727
3.5320279137592245
3.4213519425061496
3.1784830105840189
3.5320279137592245
3.5320279137592245
3.5320279137592245
3.5320279137592245
3.5320279137592245
3.5320279137592245
3.2554060875070956
3.4861753182763264
3.5320279137592245
3.5320279137592245
3.5320279137592245
3.4514485098280177
3.5546852758394829
3.3018435579629313
3.3927526488720221
3.5228770812565888
3.4433565947993539
3.3927526488720221
3.665479921599295
3.5745708306902042
3.2766899281326869
3.3018435579629313
3.5320279137592245
3.5320279137592245
3.5320279137592245
3.5266899281326869
3.4836617397811129
3.665479921599295
3.5745708306902042
3.5320279137592245
3.4433565947993539
3.5320279137592245
3.5320279137592245
3.3018435579629313
3.5228770812565888
3.665479921599295
3.665479921599295
3.4836617397811129
3.5745708306902042
3.3018435579629313
3.3085913669708744
3.1784830105840189
3.5320279137592245
3.3927526488720221
3.3085913669708744
3.5745708306902042
3.3018435579629313
3.5320279137592245
3.5320279137592245
3.4836617397811129
3.3323291644301727
3.4092522413532498
3.4836617397811129
3.3927526488720221
3.1100232614660204
3.5320279137592245
3.3018435579629313
3.3018435579629313
3.4433565947993539
3.3018435579629313
3.5320279137592245
3.5320279137592245
3.5320279137592245
3.5745708306902042
3.4836617397811129
3.5320279137592245
3.5320279137592245
3.3018435579629313
3.5320279137592245
3.665479921599295
3.1015599336609418
3.5320279137592245
3.5266899281326869
3.5320279137592245
3.5320279137592245
3.5320279137592245
3.5320279137592245
3.5320279137592245
3.3018435579629313
3.5320279137592245
3.5320279137592245
3.3323291644301727
3.1933565947993539
3.5320279137592245
3.5320279137592245
3.5320279137592245
3.5320279137592245
3.5320279137592245
3.5320279137592245
3.5320279137592245
3.5320279137592245
3.3927526488720221
3.5320279137592245
3.5320279137592245
3.5320279137592245
3.5320279137592245
3.5320279137592245
3.5320279137592245
3.5320279137592245
3.5320279137592245
3.5320279137592245
3.5320279137592245
3.3927526488720221
3.3018435579629313
3.4092522413532498
3.5320279137592245
3.5320279137592245
3.5320279137592245
3.5320279137592245
3.5320279137592245
3.5320279137592245
3.5320279137592245
3.5320279137592245
3.5320279137592245
3.5320279137592245
3.5320279137592245
3.5320279137592245
3.5320279137592245
3.5320279137592245
3.5320279137592245
3.4836617397811129
3.5320279137592245
3.5320279137592245
3.5320279137592245
3.5320279137592245
3.5320279137592245
3.5320279137592245
3.5320279137592245
3.5320279137592245
3.5320279137592245
3.5320279137592245
3.5320279137592245
3.3927526488720221
3.5320279137592245
3.5320279137592245
3.665479921599295
3.5320279137592245
3.5320279137592245
3.5320279137592245
3.5320279137592245
3.5320279137592245
3.5320279137592245
3.5320279137592245
3.3600232614660204
3.5320279137592245
3.5320279137592245
3.5320279137592245
3.5320279137592245
3.4433565947993539
3.5320279137592245
3.3018435579629313
3.5320279137592245
3.5320279137592245
3.6100232614660204
3.5320279137592245
3.5320279137592245
3.5320279137592245
3.5320279137592245
3.5320279137592245
3.5320279137592245
3.5320279137592245
3.5320279137592245
3.5320279137592245
3.5320279137592245
3.5320279137592245
3.5320279137592245
3.5320279137592245
3.5320279137592245
3.4836617397811129
3.5320279137592245
3.3018435579629313
3.5320279137592245
3.5320279137592245
3.5320279137592245
3.0943056526851604
3.5320279137592245
3.5320279137592245
3.5320279137592245
3.3018435579629313
3.5320279137592245
3.3323291644301727
3.3927526488720221
3.3018435579629313
3.4836617397811129
3.5320279137592245
3.5320279137592245
3.5320279137592245
3.5320279137592245
3.3927526488720221
3.5320279137592245
3.5320279137592245
3.5320279137592245
3.5745708306902042
3.4836617397811129
3.4836617397811129
3.5266899281326869
3.5320279137592245
3.5320279137592245
3.5320279137592245
3.5320279137592245
3.5320279137592245
3.5320279137592245
3.3600232614660204
3.5320279137592245
3.4836617397811129
3.5320279137592245
3.5320279137592245
3.5320279137592245
3.4836617397811129
3.5320279137592245
3.5320279137592245
3.2766899281326869
3.5320279137592245
3.5745708306902042
3.5320279137592245
3.5320279137592245
3.5320279137592245
3.665479921599295
3.5320279137592245
3.5320279137592245
3.5320279137592245
3.5320279137592245
3.4836617397811129
3.5320279137592245
3.5320279137592245
3.5320279137592245
3.5745708306902042
3.5320279137592245
3.5320279137592245
3.5320279137592245
3.5320279137592245
3.5320279137592245
3.5320279137592245
3.5320279137592245
3.665479921599295
3.5320279137592245
3.5630983951994035
3.5320279137592245
3.4836617397811129
3.5320279137592245
3.4836617397811129
3.5320279137592245
3.5320279137592245
3.5320279137592245
3.3927526488720221
3.3927526488720221
3.5320279137592245
3.5266899281326869
3.5745708306902042
3.5745708306902042
3.5320279137592245
3.4836617397811129
3.5320279137592245
3.3018435579629313
3.3018435579629313
3.5745708306902042
3.1933565947993539
3.5745708306902042
3.5320279137592245
3.5320279137592245
3.5320279137592245
3.5320279137592245
3.5320279137592245
3.3600232614660204
3.5320279137592245
3.5320279137592245
3.5320279137592245
3.665479921599295
3.5320279137592245
3.3018435579629313
3.5266899281326869
3.5320279137592245
3.5745708306902042
3.5320279137592245
3.5320279137592245
3.5320279137592245
3.4836617397811129
3.5320279137592245
3.5320279137592245
3.5320279137592245
3.5320279137592245
3.5320279137592245
3.5320279137592245
3.5320279137592245
3.5745708306902042
3.5320279137592245
3.5320279137592245
3.5320279137592245
3.5320279137592245
3.4836617397811129
3.5320279137592245
3.5745708306902042
3.5320279137592245
3.5320279137592245
3.5320279137592245
3.4836617397811129
3.5320279137592245
3.5320279137592245
3.5320279137592245
3.5320279137592245
3.5320279137592245
3.3600232614660204
3.5320279137592245
3.5320279137592245
3.5320279137592245
3.5320279137592245
3.3927526488720221
3.4433565947993539
3.5320279137592245
3.5320279137592245
3.5320279137592245
3.4836617397811129
3.5320279137592245
3.5320279137592245
3.5320279137592245
3.5320279137592245
3.5320279137592245
3.5320279137592245
3.5320279137592245
3.5320279137592245
3.5320279137592245
3.5320279137592245
3.4836617397811129
3.5320279137592245
3.5320279137592245
3.3018435579629313
3.5320279137592245
3.5320279137592245
3.5320279137592245
3.5320279137592245
3.5320279137592245
3.5320279137592245
3.5320279137592245
3.5320279137592245
3.5320279137592245
3.5320279137592245
3.5320279137592245
3.5320279137592245
3.5320279137592245
3.5320279137592245
3.5320279137592245
3.5320279137592245
3.5320279137592245
3.5320279137592245
3.5320279137592245
3.5320279137592245
3.5320279137592245
3.5320279137592245
3.5320279137592245
3.5320279137592245
3.5320279137592245
3.5320279137592245
3.5320279137592245
3.5320279137592245
3.5320279137592245
3.5320279137592245
3.5320279137592245
3.5320279137592245
3.5320279137592245
3.5320279137592245
3.5320279137592245
3.5320279137592245
3.5320279137592245
3.5320279137592245
3.665479921599295
3.5320279137592245
3.5320279137592245
3.5745708306902042
3.5320279137592245
3.5320279137592245
3.5320279137592245
3.5320279137592245
3.5320279137592245
3.5320279137592245
3.5320279137592245
3.5320279137592245
3.5320279137592245
3.5320279137592245
3.5320279137592245
3.5320279137592245
3.5320279137592245
3.4836617397811129
3.5320279137592245
3.5320279137592245
3.5320279137592245
3.5320279137592245
3.4836617397811129
3.5320279137592245
3.5320279137592245
3.5320279137592245
3.5320279137592245
3.5320279137592245
3.5320279137592245
3.5320279137592245
3.5320279137592245
3.4836617397811129
3.5320279137592245
3.5320279137592245
3.5320279137592245
3.5320279137592245
3.5320279137592245
3.5320279137592245
3.5320279137592245
3.5320279137592245
3.5320279137592245
3.5320279137592245
3.5320279137592245
3.5320279137592245
3.5320279137592245
3.5320279137592245
3.5320279137592245
3.5320279137592245
3.5320279137592245
3.5320279137592245
3.5320279137592245
3.5320279137592245
3.5320279137592245
3.5320279137592245
3.5320279137592245
3.3018435579629313
3.5320279137592245
3.5320279137592245
3.5320279137592245
3.5320279137592245
3.5320279137592245
3.5320279137592245
3.5320279137592245
3.5320279137592245
3.5320279137592245
3.5320279137592245
3.5320279137592245
3.3018435579629313
3.5320279137592245
3.5320279137592245
3.5320279137592245
3.5320279137592245
3.5320279137592245
3.5320279137592245
3.5320279137592245
3.5320279137592245
3.5320279137592245
3.5320279137592245
3.5320279137592245
3.3927526488720221
944
3.5320279137592245
3.7404580152671754
3.5320279137592245
3.5320279137592245
3.5320279137592245
2.9863013698630136
3.5320279137592245
3.5320279137592245
3.5320279137592245
3.5320279137592245
3.5320279137592245
3.5320279137592245
3.5320279137592245
3.5320279137592245
3.5320279137592245
3.5320279137592245
3.5320279137592245
3.5320279137592245
3.5320279137592245
3.5320279137592245
3.5320279137592245
2.6703910614525141
3.5320279137592245
3.6343283582089554
4.3235294117647056
3.5320279137592245
3.5320279137592245
3.5320279137592245
3.5320279137592245
3.5320279137592245
3.4545454545454546
3.5320279137592245
3.5320279137592245
3.5320279137592245
3.5320279137592245
3
3.5320279137592245
3.5320279137592245
3.5320279137592245
3.5320279137592245
3.5320279137592245
3.5320279137592245
3.5320279137592245
4.0519480519480515
3.5320279137592245
3.5320279137592245
3.5320279137592245
3.5320279137592245
3.5320279137592245
3.5320279137592245
3.5320279137592245
3.5320279137592245
3.5320279137592245
3.5320279137592245
3.5320279137592245
3.5320279137592245
3.5320279137592245
3.5320279137592245
3.5320279137592245
3.5320279137592245
3.5320279137592245
3.5320279137592245
3.5320279137592245
3.118279569892473
3.5320279137592245
3.5320279137592245
3.5320279137592245
3.7666666666666666
3.5320279137592245
3.5320279137592245
3.5320279137592245
3.5320279137592245
3.5320279137592245
3.5320279137592245
3.5320279137592245
3.5320279137592245
4.1842105263157894
3.5320279137592245
3.5320279137592245
3.5320279137592245
3.5320279137592245
3.5320279137592245
3.5320279137592245
3.5320279137592245
3.5320279137592245
3.5320279137592245
3.5320279137592245
3.5320279137592245
3.5320279137592245
3.5320279137592245
3.5320279137592245
3.5320279137592245
3.3184713375796178
3.5320279137592245
3.5320279137592245
3.5320279137592245
3.5320279137592245
3.5320279137592245
3.5320279137592245
3.5320279137592245
3.5320279137592245
3.5320279137592245
3.5
3.5320279137592245
3.5320279137592245
3.5320279137592245
3.5320279137592245
3.5320279137592245
3.5320279137592245
3.5320279137592245
3.5320279137592245
3.5320279137592245
3.5320279137592245
3.7254901960784315
3.5320279137592245
3.5320279137592245
3.5320279137592245
3.5320279137592245
4.6619718309859151
4.1214953271028039
3.5320279137592245
3.5320279137592245
3.5320279137592245
3.5320279137592245
3.5320279137592245
3.5320279137592245
3.5320279137592245
3.5320279137592245
3.5320279137592245
3.5320279137592245
4.1693989071038251
3.5320279137592245
3.5320279137592245
3.5320279137592245
3.5320279137592245
3.5320279137592245
3.5320279137592245
3.5320279137592245
3.5320279137592245
3.5320279137592245
3.5320279137592245
3.5320279137592245
3.5320279137592245
3.5320279137592245
3.5320279137592245
3.5316455696202533
3.5320279137592245
3.5320279137592245
3.5320279137592245
3.5320279137592245
3.5320279137592245
3.5320279137592245
5
3.5320279137592245
3.5320279137592245
3.5320279137592245
3.5320279137592245
5
3.5320279137592245
3.5320279137592245
3.5320279137592245
3.5320279137592245
3.5320279137592245
3.5320279137592245
3.5320279137592245
3.5320279137592245
3.5320279137592245
3.5320279137592245
3.5320279137592245
3.5320279137592245
3.5320279137592245
3.5320279137592245
3.1851851851851851
3.5320279137592245
3.5320279137592245
3.5320279137592245
3.5320279137592245
3.5320279137592245
3.5320279137592245
3.5320279137592245
3.5320279137592245
3.5320279137592245
3.5320279137592245
3.5320279137592245
3.5320279137592245
3.5320279137592245
3.5320279137592245
3.5320279137592245
3.7678571428571428
3.5320279137592245
3.5320279137592245
3.5320279137592245
3.5320279137592245
3.5320279137592245
3.5320279137592245
3.5714285714285716
3.5320279137592245
3.5320279137592245
3.5320279137592245
3.5320279137592245
3.9729729729729728
3.5320279137592245
3.5320279137592245
3.5320279137592245
3.5320279137592245
3.5320279137592245
3.5320279137592245
3.1486486486486487
3.5320279137592245
3.5320279137592245
3.5320279137592245
3.5320279137592245
3.5320279137592245
3.5320279137592245
3.5320279137592245
3.5320279137592245
3.5320279137592245
3.5320279137592245
3.5320279137592245
3.5320279137592245
3.5320279137592245
3.5899280575539567
3.5320279137592245
3.5320279137592245
3.5320279137592245
3.5320279137592245
3.5320279137592245
3.5320279137592245
3.5320279137592245
3.5320279137592245
3.5320279137592245
3.5320279137592245
3.5320279137592245
4.1538461538461542
3.5320279137592245
3.5320279137592245
3.5320279137592245
3.5320279137592245
3.5320279137592245
3.5320279137592245
3.5320279137592245
3.5320279137592245
3.5320279137592245
3.5320279137592245
3.5320279137592245
3.5320279137592245
3.5320279137592245
3.5320279137592245
3.5320279137592245
3.5320279137592245
3.5320279137592245
3.5320279137592245
3.5320279137592245
3.5320279137592245
3.5320279137592245
3.5320279137592245
3.5320279137592245
3.5320279137592245
3.5320279137592245
4
3.5320279137592245
3.5320279137592245
3.5320279137592245
3.5320279137592245
3.5320279137592245
3.5652173913043477
3.5320279137592245
3.5320279137592245
2.9265734265734267
3.5320279137592245
3.5320279137592245
3.5320279137592245
3.5320279137592245
3.5320279137592245
3.5320279137592245
3.0638297872340425
3.4501278772378519
3.5320279137592245
3.5320279137592245
3.4628099173553717
3.5320279137592245
3.5320279137592245
3.5320279137592245
3.5320279137592245
3.5320279137592245
3.5320279137592245
3.6538461538461537
4.0943396226415096
3.5320279137592245
3.5320279137592245
3.5320279137592245
3.685810810810811
3.5320279137592245
3.5320279137592245
3.5320279137592245
3.5320279137592245
3.5320279137592245
3.4375
3.5320279137592245
3.5320279137592245
3.75
3.5320279137592245
3.5320279137592245
3.5320279137592245
3.5320279137592245
3.5320279137592245
3.5320279137592245
4.4444444444444446
3.5320279137592245
3.5320279137592245
3.5320279137592245
3.5320279137592245
3.5320279137592245
3.5320279137592245
3.5320279137592245
3.5320279137592245
3.5320279137592245
3.5320279137592245
3.5320279137592245
3.75
3.5320279137592245
3.5320279137592245
3.5320279137592245
3.5320279137592245
3.5320279137592245
3.5320279137592245
3.5320279137592245
3.5320279137592245
3.5320279137592245
3.5320279137592245
3.5320279137592245
3.5320279137592245
3.5320279137592245
3.5320279137592245
3.5320279137592245
3.5320279137592245
3.5320279137592245
3.9411764705882355
3.5320279137592245
3.5320279137592245
3.5320279137592245
3.5320279137592245
3.4378109452736316
3.5320279137592245
3.5320279137592245
3.5320279137592245
3.2857142857142856
3.5320279137592245
3.5320279137592245
3.5320279137592245
3.5320279137592245
3.5320279137592245
3.5320279137592245
3.5320279137592245
3.5320279137592245
3.5320279137592245
3.5320279137592245
3.5320279137592245
3.5320279137592245
3.5320279137592245
3.5320279137592245
3.5320279137592245
3.5320279137592245
3.5320279137592245
3.4500000000000002
3.5320279137592245
3.5320279137592245
3.5320279137592245
3.5320279137592245
3.5320279137592245
3.5320279137592245
3.5320279137592245
3.5320279137592245
3.5320279137592245
3.5320279137592245
3.5320279137592245
3.5320279137592245
3.5320279137592245
3.5320279137592245
3.5320279137592245
3.5320279137592245
3.5320279137592245
3.4509803921568629
3.5320279137592245
3.5320279137592245
3.5320279137592245
3.5320279137592245
3.5320279137592245
3.5320279137592245
3.5320279137592245
3.5320279137592245
3.5320279137592245
3.5320279137592245
3.5320279137592245
3.5320279137592245
3.5320279137592245
3.5320279137592245
1.1666666666666667
3.7093023255813953
3.5320279137592245
3.5320279137592245
3.5320279137592245
3.5320279137592245
3.5320279137592245
3.5320279137592245
3.5320279137592245
3.5320279137592245
3.7818181818181817
3.5320279137592245
3.5320279137592245
3.5320279137592245
3.5320279137592245
3.5320279137592245
3.5320279137592245
3.5320279137592245
3.5320279137592245
3.5320279137592245
3.5320279137592245
3.5320279137592245
3.5320279137592245
3.5320279137592245
3.5320279137592245
3.5555555555555554
3.5320279137592245
3.5320279137592245
3.5320279137592245
3.5320279137592245
3.5320279137592245
3.5320279137592245
3.5320279137592245
3.5320279137592245
3.5320279137592245
3.5320279137592245
3.5320279137592245
3.5320279137592245
3.5320279137592245
3.5320279137592245
3.5320279137592245
3.5320279137592245
3.5320279137592245
3.5320279137592245
3.5320279137592245
3.5320279137592245
3.5320279137592245
3.5320279137592245
3.5320279137592245
3.5320279137592245
3.5320279137592245
3.5320279137592245
3.5320279137592245
3.5320279137592245
3.5320279137592245
3.3577981651376145
4
3.5320279137592245
3.5320279137592245
3.5320279137592245
3.5320279137592245
3.5320279137592245
3.5320279137592245
3.5320279137592245
3.5320279137592245
3.5320279137592245
3.5320279137592245
3.5320279137592245
3.5320279137592245
3.5320279137592245
3.5320279137592245
3.9930069930069929
3.5320279137592245
3.5320279137592245
3.5320279137592245
4.0777202072538863
3.5320279137592245
3.5320279137592245
3.5320279137592245
3.5320279137592245
4.4571428571428573
3.5320279137592245
3.5320279137592245
3.5320279137592245
3.5320279137592245
3.5320279137592245
3.5320279137592245
3.5320279137592245
3.5320279137592245
3.5320279137592245
3.5320279137592245
3.5320279137592245
3.5320279137592245
2.7894736842105261
3.5320279137592245
3.5320279137592245
3.5320279137592245
3.5320279137592245
3.5320279137592245
3.0310077519379846
3.5320279137592245
3.5320279137592245
3.5320279137592245
3.5320279137592245
3.5320279137592245
3.5320279137592245
3.5320279137592245
3.5320279137592245
3.5320279137592245
3.7777777777777777
3.5320279137592245
3.5320279137592245
3.5320279137592245
3.5320279137592245
3.5320279137592245
3.5320279137592245
3.5320279137592245
4.0196078431372548
3.5320279137592245
3.5320279137592245
3
3.5320279137592245
3.5320279137592245
3.5320279137592245
3.5320279137592245
3.5320279137592245
3.5320279137592245
3.5320279137592245
3.5320279137592245
3.5320279137592245
3.5320279137592245
3.5320279137592245
3.5320279137592245
3.5320279137592245
3.5320279137592245
3.1860465116279069
3.5320279137592245
3.5320279137592245
3.5320279137592245
3.5320279137592245
3.5320279137592245
3.5320279137592245
3.5320279137592245
3.5320279137592245
3.5320279137592245
3.5320279137592245
3.693548387096774
3.5320279137592245
3.5320279137592245
3.5320279137592245
3.5320279137592245
3.5320279137592245
3.5320279137592245
3.5320279137592245
3.5320279137592245
3.5320279137592245
3.5320279137592245
3.5320279137592245
3.5320279137592245
3.5320279137592245
3.5320279137592245
3.5320279137592245
3.5320279137592245
3.5320279137592245
3.5320279137592245
3.5320279137592245
3.5320279137592245
3.5320279137592245
3.5320279137592245
3.5320279137592245
3.5320279137592245
3.5320279137592245
3.5320279137592245
3.5320279137592245
3.5320279137592245
3.5320279137592245
3.5320279137592245
3.5320279137592245
3.5320279137592245
3.5320279137592245
3.5320279137592245
3.5320279137592245
3.5320279137592245
3.5320279137592245
3.5320279137592245
3.5320279137592245
3.5320279137592245
3.5320279137592245
3.5320279137592245
3.5320279137592245
3.5320279137592245
3.5320279137592245
3.5320279137592245
3.5320279137592245
3.5320279137592245
3.5320279137592245
3.6194690265486726
3.4347826086956523
3.5320279137592245
3.5320279137592245
3.6341463414634148
3.5320279137592245
3.5320279137592245
3.5320279137592245
3.5320279137592245
3.5320279137592245
3.5320279137592245
3.5320279137592245
3.5320279137592245
3.5320279137592245
3.5320279137592245
3.5320279137592245
3.5320279137592245
3.5320279137592245
3.5320279137592245
3.3703703703703702
3.5320279137592245
3.5320279137592245
3.5320279137592245
3.5320279137592245
3.5320279137592245
3.5320279137592245
3.5320279137592245
3.5320279137592245
3.4712643678160919
3.5320279137592245
3.5320279137592245
3.5320279137592245
3.5320279137592245
3.5320279137592245
3.5320279137592245
3.5320279137592245
3.5320279137592245
3.5320279137592245
3.5320279137592245
3.5320279137592245
3.263157894736842
3.1733333333333333
3.5320279137592245
3.5320279137592245
3.5320279137592245
3.5320279137592245
3.5320279137592245
4.375
3.5320279137592245
3.5320279137592245
3.5320279137592245
3.5320279137592245
3.5320279137592245
3.5320279137592245
3.5320279137592245
3.5320279137592245
3.5320279137592245
3.5320279137592245
3.5320279137592245
3.5320279137592245
3.5320279137592245
3.5320279137592245
3.5320279137592245
3.5320279137592245
3.5320279137592245
3.732394366197183
3.5320279137592245
3.5320279137592245
4.058139534883721
3.5320279137592245
3.5320279137592245
3.5320279137592245
3.5320279137592245
3.5320279137592245
3.5320279137592245
3.5320279137592245
3.5320279137592245
3.5320279137592245
4
3.5320279137592245
3.5320279137592245
3.5320279137592245
3.5320279137592245
3.5320279137592245
3.5320279137592245
3.5320279137592245
3.5320279137592245
3.5320279137592245
3.5320279137592245
3.5320279137592245
3.5320279137592245
3.8888888888888888
3.5320279137592245
3.5320279137592245
3.5320279137592245
3.5320279137592245
3.5320279137592245
3.5320279137592245
4.21875
3.5320279137592245
3.1428571428571428
4.1528662420382165
3.5320279137592245
3.5320279137592245
3.5320279137592245
3.5320279137592245
3.5320279137592245
3.5320279137592245
3.5320279137592245
3.5320279137592245
3.5319148936170213
3.5320279137592245
3.5320279137592245
3.5320279137592245
3.5320279137592245
3.5320279137592245
3.5320279137592245
3.5320279137592245
3.6000000000000001
3.7770700636942673
3.5320279137592245
3.5320279137592245
3.3832335329341316
3.5320279137592245
3.5320279137592245
3.5320279137592245
3.5320279137592245
3.5320279137592245
3.5320279137592245
3.5320279137592245
3.5320279137592245
3.5320279137592245
3.7999999999999998
3.5320279137592245
3.5320279137592245
3.5320279137592245
3.5320279137592245
3.5320279137592245
3.5320279137592245
3.5320279137592245
3.5320279137592245
3.5320279137592245
3.5320279137592245
3.5320279137592245
3.5320279137592245
3.4642857142857144
3.5320279137592245
3.5320279137592245
3.5320279137592245
3.5320279137592245
3.5320279137592245
3.5320279137592245
3.5320279137592245
3.5320279137592245
3.5320279137592245
3.5320279137592245
3.5320279137592245
3.5320279137592245
3.5320279137592245
3.5320279137592245
3.5320279137592245
3.5320279137592245
3.5320279137592245
3.1926605504587156
3.5320279137592245
3.5320279137592245
4.125
3.25
2.8484848484848486
3.5320279137592245
3.5320279137592245
3.5320279137592245
3.5320279137592245
3.5320279137592245
3.5320279137592245
3.5320279137592245
3.5320279137592245
4.2950819672131146
3.5320279137592245
3.5320279137592245
3.5320279137592245
3.5320279137592245
3.5320279137592245
3.5320279137592245
4.0555555555555554
3.5320279137592245
3.9428571428571431
3.5320279137592245
3.5320279137592245
3.5320279137592245
3.5320279137592245
3.5320279137592245
3.5320279137592245
3.5320279137592245
3.5320279137592245
3.5320279137592245
3.5320279137592245
3.5320279137592245
3.5320279137592245
3.5320279137592245
3.5090909090909093
3.5320279137592245
3.5320279137592245
3.5320279137592245
3.5320279137592245
3.3276595744680852
3.5320279137592245
3.5320279137592245
3.5320279137592245
3.4933333333333332
3.5320279137592245
3.5320279137592245
3.5320279137592245
3.5320279137592245
3.5320279137592245
3.5320279137592245
3.5320279137592245
3.5320279137592245
3.5320279137592245
3.5320279137592245
3.5320279137592245
3.5320279137592245
3.5320279137592245
3.5320279137592245
3.3611111111111112
3.5320279137592245
3.5320279137592245
3.5320279137592245
4.338709677419355
3.5320279137592245
3.5320279137592245
3.5320279137592245
3.5320279137592245
3.5320279137592245
3.5320279137592245
3.5320279137592245
3.5320279137592245
3.5320279137592245
3.5320279137592245
3.5320279137592245
3.1111111111111112
3.5320279137592245
3.5320279137592245
3.5320279137592245
3.0434782608695654
3.5320279137592245
3.192982456140351
3.5320279137592245
3.5320279137592245
3.5320279137592245
3.5320279137592245
3.5320279137592245
3.5320279137592245
3.5320279137592245
3.5320279137592245
3.5320279137592245
3.5320279137592245
3.5320279137592245
3.436619718309859
3.5320279137592245
3.5320279137592245
3.5320279137592245
3.5320279137592245
3.5320279137592245
3.5320279137592245
3.5320279137592245
3.5320279137592245
3.6666666666666665
3.5320279137592245
3.5320279137592245
3.5320279137592245
3.5320279137592245
3.5320279137592245
3.5320279137592245
3.5320279137592245
3.5320279137592245
3.5320279137592245
3.961904761904762
3.5320279137592245
3.5320279137592245
3.5320279137592245
3.5320279137592245
3.5320279137592245
3.5320279137592245
3.5320279137592245
3.5320279137592245
3.5320279137592245
3.5320279137592245
3.5320279137592245
3.5320279137592245
3.5320279137592245
3.5320279137592245
3.5320279137592245
3.3624999999999998
3.5320279137592245
3.5320279137592245
3.5320279137592245
3.5320279137592245
3.5320279137592245
3.5320279137592245
3.4237288135593222
3.5320279137592245
3.5320279137592245
3.5320279137592245
3.5320279137592245
3.5320279137592245
3.5320279137592245
3.5320279137592245
3.5320279137592245
3.5320279137592245
3.5320279137592245
3.5320279137592245
3.5320279137592245
3.5320279137592245
3.5320279137592245
3.5320279137592245
3.5320279137592245
3.5320279137592245
3.5320279137592245
3.8113207547169812
4
3.5320279137592245
3.5320279137592245
3.5320279137592245
3.5320279137592245
3.5320279137592245
3.4761904761904763
3.5320279137592245
3.5320279137592245
3.5320279137592245
3.5320279137592245
3.5320279137592245
3.5320279137592245
3.5320279137592245
3.5320279137592245
3.5320279137592245
3.5320279137592245
3.5320279137592245
3.5320279137592245
3.5320279137592245
2.6467391304347827
3.5320279137592245
3.5320279137592245
3.5320279137592245
3.5320279137592245
3.5320279137592245
3.5320279137592245
3.5320279137592245
4.0454545454545459
3.5320279137592245
3.5
944
0
131
168
5
172
5
165
5
156
4
196
5
166
5
187
4
14
5
250
4
127
5
117
3
181
5
109
5
1
5
246
5
248
4
257
4
50
5
253
5
249
4
262
3
224
5
93
5
124
5
19
5
137
5
123
4
146
4
7
4
235
5
15
5
260
1
264
2
24
3
245
2
126
2
237
2
25
4
13
5
121
4
251
4
236
4
240
3
118
3
130
3
47
4
65
4
190
5
31
3
114
5
39
4
28
4
52
4
238
4
183
5
69
3
199
4
11
2
161
4
95
4
60
5
179
3
83
3
64
5
98
4
22
4
135
4
202
5
163
4
26
3
89
5
8
1
214
4
182
4
48
5
160
4
175
5
99
3
192
4
128
4
180
3
185
4
143
1
68
4
55
5
204
5
56
4
96
5
81
5
151
4
79
4
70
3
212
4
23
4
84
4
184
4
197
5
191
5
94
2
134
4
145
2
207
5
186
4
97
3
188
3
159
3
85
3
36
2
144
4
17
3
174
5
252
2
105
2
148
2
108
5
147
3
243
1
220
3
106
4
122
3
104
1
107
4
247
1
120
1
45
5
268
5
267
4
259
1
261
1
263
1
10
3
0
0
0
146
267
4
222
4
455
4
121
4
363
3
405
3
257
5
250
3
25
3
21
3
100
5
109
5
369
1
235
4
412
3
407
3
411
1
105
3
368
1
225
2
151
3
1
4
181
5
50
4
424
1
413
3
406
1
79
3
397
2
373
3
231
2
229
2
399
3
176
3
226
3
450
1
183
4
89
5
435
4
2
3
230
3
228
5
227
4
449
2
431
3
210
3
172
5
174
5
144
3
403
3
391
4
398
2
385
4
17
4
372
3
386
2
393
2
396
5
167
2
367
3
90
3
401
5
390
5
42
5
153
5
186
5
456
1
384
3
70
4
110
1
80
2
381
1
364
1
209
5
451
1
382
5
428
5
383
3
211
4
430
5
433
5
239
4
173
4
208
4
204
4
154
3
168
3
414
3
422
4
423
4
432
4
143
3
419
3
417
3
415
1
374
3
29
4
434
5
365
1
366
3
380
3
392
2
387
3
429
3
425
2
214
3
135
4
62
4
375
3
98
3
234
2
185
3
448
2
436
5
200
2
445
3
219
3
443
4
447
3
444
2
370
1
379
3
441
1
145
1
446
4
402
1
241
1
371
1
216
1
421
1
66
1
427
3
378
1
95
4
420
3
102
3
416
1
418
3
99
3
404
2
139
3
389
1
454
1
69
1
162
1
233
4
0
0
0
0
0
0
0
0
0
0
0
0
0
0
0
179
324
4
292
3
326
5
319
2
258
4
872
2
300
3
748
1
286
3
299
1
325
4
262
4
288
3
995
2
327
3
873
2
876
2
688
1
680
1
289
3
260
2
264
3
321
3
877
2
323
2
678
2
687
2
875
4
328
3
322
3
874
2
988
1
259
2
245
1
261
1
878
2
989
3
243
2
990
2
991
2
263
1
984
1
330
4
948
1
457
1
301
4
994
2
50
3
15
4
127
5
408
5
9
5
1
5
103
1
473
3
240
4
993
4
844
4
100
5
547
2
7
5
370
1
424
1
834
1
413
2
406
1
760
1
758
1
767
1
295
3
985
2
244
4
992
2
980
2
273
4
222
2
129
4
298
5
591
3
118
1
696
2
741
3
123
4
981
2
974
3
121
1
977
2
979
2
281
2
983
2
619
2
291
3
931
2
106
2
925
2
975
3
982
1
930
1
148
1
986
1
717
1
976
1
978
1
928
3
820
3
294
3
358
3
628
3
987
3
596
3
742
3
595
3
242
3
98
5
234
5
671
5
854
5
445
3
56
5
320
3
201
5
185
5
853
5
558
5
447
5
164
5
706
2
17
4
200
5
637
4
817
3
218
4
670
3
217
3
860
2
448
4
452
4
800
1
635
4
672
3
441
3
668
1
669
1
559
1
443
4
145
1
561
1
5
2
839
1
184
4
219
5
773
3
453
2
564
3
656
5
440
1
396
2
439
1
569
3
379
3
53
4
665
3
567
2
436
4
438
1
437
1
858
1
859
2
444
3
674
2
675
5
590
1
774
2
565
3
816
1
551
3
563
2
573
2
769
1
0
134
323
2
713
4
181
4
250
4
7
4
50
4
14
4
124
5
919
5
109
3
19
4
116
5
13
4
408
5
100
5
283
4
1
5
405
4
224
5
546
3
151
3
235
1
472
2
597
3
202
3
961
5
518
5
357
3
433
5
56
4
170
4
522
4
603
4
275
5
8
4
705
4
238
5
175
5
414
3
59
4
96
4
154
3
228
4
89
5
504
4
55
4
234
2
174
4
213
3
214
3
183
3
479
5
132
4
185
4
1006
3
32
3
230
4
171
5
463
4
209
5
512
5
642
3
176
3
172
4
710
4
83
4
527
4
652
4
144
3
79
4
102
3
367
4
189
5
98
5
194
4
418
4
143
3
99
4
629
4
134
4
387
3
204
3
133
4
95
4
145
3
153
4
385
4
423
3
211
4
70
2
203
4
511
5
421
5
28
3
62
3
747
3
196
2
162
3
528
4
195
4
73
3
161
2
155
3
449
2
215
2
526
3
217
2
229
3
419
3
216
4
451
2
856
4
516
4
655
3
381
4
90
2
88
3
82
3
173
5
1005
3
227
3
380
5
404
4
739
2
662
3
219
1
549
3
1004
3
780
1
679
3
386
4
427
5
530
4
71
3
68
258
4
300
4
289
3
288
3
358
3
294
3
129
3
919
3
475
4
117
4
249
4
25
4
727
3
223
5
64
5
1007
5
79
4
180
5
109
3
151
5
763
5
324
5
486
3
276
5
427
5
8
5
237
4
191
5
69
5
699
3
11
5
357
5
97
4
56
4
367
2
92
5
238
5
132
3
55
5
402
4
153
4
582
4
98
5
662
5
200
5
318
5
173
5
729
5
275
5
518
4
372
4
477
5
41
5
176
5
100
5
178
5
7
4
12
5
421
5
216
4
9
5
58
3
286
5
508
4
71
5
127
5
742
4
655
5
0
0
0
0
0
22
259
4
255
4
82
4
181
4
164
4
780
4
319
4
1013
3
172
4
161
4
231
2
2
3
873
1
50
3
403
2
29
3
294
4
7
4
252
3
321
4
304
4
301
4
0
0
0
0
25
258
2
266
3
876
2
748
4
300
5
321
3
259
4
322
3
678
3
333
4
327
3
326
3
243
2
261
3
328
3
358
1
879
4
877
2
680
4
264
2
881
2
242
2
1025
3
332
4
937
4
0
0
0
0
0
0
0
77
286
4
258
5
328
4
321
3
294
5
289
4
323
3
300
5
301
5
298
4
993
3
50
4
181
4
248
4
257
4
1023
3
254
3
252
4
250
2
847
5
285
4
408
5
235
3
7
4
123
1
15
5
275
4
225
2
1
5
237
4
628
3
151
4
926
2
546
4
137
4
25
5
9
4
100
4
591
5
95
4
56
5
174
4
318
5
8
4
216
5
169
5
553
4
969
5
168
4
173
5
196
4
731
4
202
5
98
5
189
5
64
5
191
5
498
5
735
4
175
2
127
4
79
4
186
3
11
5
479
4
724
4
5
4
432
3
482
4
69
4
4
4
516
5
28
4
133
4
102
4
66
4
879
4
0
0
0
0
0
0
0
0
0
0
0
0
0
0
0
0
0
0
0
93
268
3
258
3
302
3
286
4
333
4
321
3
262
4
948
3
288
3
306
3
269
3
289
2
328
2
323
1
322
2
301
5
748
4
678
2
325
2
259
3
294
2
242
3
408
4
813
5
276
4
50
4
150
4
25
4
100
5
116
5
475
4
237
3
257
3
1007
5
1
3
137
4
277
4
14
4
283
4
6
3
13
4
225
2
15
3
676
3
596
2
285
3
1067
3
246
3
251
4
126
3
1137
5
255
4
713
3
181
3
591
3
284
3
222
3
224
4
473
2
993
2
282
1
762
3
109
4
1011
1
1009
4
508
4
250
5
546
2
1138
2
1010
3
287
3
1012
3
741
3
111
3
952
3
841
1
828
1
929
3
20
3
1008
3
10
4
979
3
3
2
412
3
405
4
106
2
121
1
924
3
108
2
1028
3
480
3
79
3
300
4
0
0
0
30
64
5
1095
4
546
3
273
4
827
3
123
4
147
3
1093
5
1052
3
25
4
1
3
743
4
276
4
412
1
240
5
122
3
756
3
871
3
151
4
235
3
125
4
121
4
105
4
472
4
24
4
1047
3
405
5
7
5
833
4
117
5
0
0
0
0
0
0
0
0
38
258
3
286
5
324
4
327
3
264
3
23
5
192
5
89
4
203
4
276
5
56
5
1006
3
919
3
59
4
70
4
531
4
60
4
1129
5
61
4
960
3
6
5
1158
4
100
5
98
5
197
5
216
4
421
3
135
5
175
4
150
5
96
5
1007
4
7
4
772
3
474
5
64
5
137
5
518
3
0
0
0
0
0
0
0
0
0
0
0
0
0
0
0
314
934
2
628
4
25
3
475
5
9
4
50
5
15
3
240
2
411
4
273
4
925
3
117
4
123
2
276
5
116
3
257
2
591
4
100
5
237
4
235
3
471
4
24
3
619
4
825
4
546
2
118
2
926
3
147
2
1016
2
410
3
106
3
412
2
121
5
294
3
685
3
225
3
515
4
111
3
289
3
678
2
582
5
120
2
405
2
243
1
931
1
1047
1
820
1
220
1
370
1
758
1
922
1
98
5
209
5
12
5
176
5
135
4
963
5
89
5
195
5
171
4
180
5
198
5
191
4
28
3
504
3
179
5
531
4
22
3
169
5
707
4
855
5
79
4
69
5
727
4
789
5
172
4
56
5
1073
5
651
4
48
4
318
2
32
3
11
4
189
4
64
4
474
4
428
4
210
4
175
4
527
3
640
5
518
5
153
4
42
4
949
3
95
3
501
2
385
4
203
4
2
3
68
3
168
4
223
5
731
4
1018
4
418
3
692
4
202
3
182
4
58
4
216
3
46
4
228
4
204
4
663
4
183
4
143
3
186
4
65
4
157
4
115
3
660
4
161
2
160
4
737
4
239
4
238
5
201
3
8
5
627
3
581
4
403
4
174
5
196
4
4
4
193
4
55
3
234
4
31
4
658
3
5
4
708
4
1194
4
655
4
367
3
421
4
436
4
709
2
568
3
77
3
433
5
214
4
231
3
47
4
233
3
396
3
794
3
82
2
92
4
218
4
823
4
227
1
219
4
71
5
155
2
81
3
947
4
145
2
642
3
241
3
423
3
96
4
702
3
755
3
230
3
156
4
212
4
735
3
747
4
40
3
229
3
164
4
715
4
208
4
382
4
88
3
673
4
712
3
53
3
215
4
39
3
73
3
684
3
173
3
167
3
134
4
463
4
101
2
29
3
54
3
729
4
217
3
265
4
38
3
528
4
154
4
566
4
631
4
72
3
955
4
672
3
451
3
431
4
91
3
785
3
559
3
587
3
1209
1
62
3
679
4
393
3
780
3
1
4
159
4
144
4
961
4
778
4
466
4
199
3
200
3
636
3
704
3
132
3
66
3
51
4
281
3
85
3
561
3
1157
2
449
3
1208
4
1046
3
732
3
94
3
425
4
720
3
402
3
576
2
356
3
540
2
620
3
43
3
102
2
521
4
226
3
558
3
800
3
452
2
665
3
674
4
453
1
834
1
551
2
44
3
552
3
1213
2
1090
3
1042
3
802
2
450
2
583
3
761
2
1207
3
1210
1
554
2
771
1
376
3
49
3
67
3
80
2
63
3
122
3
1074
3
401
3
728
3
783
3
722
3
790
3
781
3
577
3
998
2
1041
3
364
3
1037
2
386
3
725
3
575
2
190
4
1214
2
125
4
432
3
181
4
87
3
78
3
383
1
1211
3
739
2
1212
3
274
4
278
3
1040
3
408
4
284
2
7
4
0
0
0
0
0
0
0
0
0
4
258
4
300
3
319
4
298
3
0
0
0
0
0
0
0
0
0
0
51
321
3
319
2
242
2
289
2
288
3
258
5
300
3
262
2
322
3
678
2
328
5
292
3
324
2
116
3
237
3
124
3
9
3
424
1
277
3
50
5
126
5
7
3
742
3
246
5
222
3
299
5
327
5
508
4
286
4
323
4
1251
5
245
3
303
5
294
4
329
3
948
3
874
5
326
5
268
4
273
4
255
5
257
5
333
4
100
4
1252
4
127
4
325
4
595
5
976
5
979
5
975
5
0
0
0
0
71
324
4
528
4
474
5
135
5
179
5
200
5
188
5
513
5
172
5
100
5
427
5
475
5
433
5
176
5
193
5
132
4
171
5
210
5
511
5
79
5
175
5
317
5
134
5
603
4
156
5
421
4
185
5
23
5
32
5
98
5
654
5
174
5
184
5
508
4
55
5
655
5
22
5
180
5
960
5
774
5
7
5
56
5
201
5
547
5
853
5
558
5
844
5
5
2
17
3
217
3
672
4
436
5
53
5
800
4
559
4
551
5
413
4
816
3
396
5
564
1
218
5
164
5
288
5
675
5
919
5
223
5
320
5
641
5
258
5
234
5
1079
4
107
300
5
286
5
322
4
323
4
275
5
866
3
100
5
458
5
50
5
455
4
741
4
718
5
235
5
813
4
277
4
237
5
298
4
1086
4
282
5
412
4
628
4
7
5
276
2
1016
5
125
5
93
4
222
5
121
4
472
4
742
5
829
5
982
4
823
3
181
4
597
4
762
4
287
4
117
5
924
4
274
4
109
5
826
4
475
4
257
4
473
3
1202
4
250
2
405
4
827
3
105
2
546
4
255
3
930
3
717
3
831
2
1034
3
252
3
825
3
977
3
1259
3
254
2
1244
3
595
3
986
3
1153
5
1261
4
56
4
11
5
492
5
213
5
96
5
194
5
174
4
182
4
168
5
89
4
82
2
511
5
210
5
64
4
486
4
1260
5
655
5
22
4
382
5
188
4
1101
5
31
5
87
5
70
3
193
4
12
3
568
4
385
5
199
5
124
4
154
5
28
5
697
5
86
4
23
3
658
5
716
5
449
5
172
4
132
5
879
5
0
0
0
0
0
0
0
0
0
0
183
286
5
326
5
300
5
876
4
288
5
289
5
321
5
294
5
329
4
330
4
322
4
261
4
328
4
245
1
748
4
678
4
358
4
243
2
299
3
258
4
508
4
7
5
150
5
100
3
864
2
475
3
1
5
1142
4
237
5
181
5
993
5
50
5
257
4
93
5
1016
4
295
3
246
4
284
2
534
5
235
4
763
5
455
4
222
4
298
5
248
3
293
5
109
3
255
4
596
4
111
5
819
3
815
3
597
4
756
4
412
4
24
5
1017
3
685
3
118
4
117
5
717
3
471
2
123
4
174
5
56
5
68
5
12
4
228
4
1039
4
89
4
55
5
202
5
98
5
216
4
11
5
496
5
173
3
477
4
531
5
589
4
144
5
204
5
69
5
433
3
99
5
168
3
65
4
96
5
389
3
588
4
95
5
234
5
642
4
357
5
423
5
427
5
185
5
806
3
470
2
17
5
28
4
22
5
1267
4
179
4
88
2
200
5
374
4
940
3
79
5
268
4
267
5
333
5
881
4
335
3
681
3
331
3
183
5
367
4
218
5
231
3
692
5
42
4
527
5
156
3
47
3
195
5
39
4
627
5
172
5
1019
4
64
5
436
3
465
5
418
5
379
4
44
4
41
3
206
3
71
5
184
4
196
5
501
5
203
4
625
5
134
5
240
4
282
5
233
4
1217
4
542
3
4
2
31
4
946
4
824
3
227
3
158
5
1047
5
426
4
90
4
672
5
217
3
125
5
405
4
132
5
215
5
161
4
94
5
385
5
82
5
410
5
27
4
564
4
404
5
794
5
622
3
229
4
66
5
658
5
1208
4
159
4
49
4
684
5
800
4
0
0
0
0
0
0
0
0
0
0
0
0
0
0
158
286
3
258
4
242
5
300
3
299
4
327
5
688
4
260
4
680
3
259
3
294
4
328
5
933
1
293
4
273
5
111
3
1012
4
515
5
934
1
9
2
7
5
100
5
13
5
181
5
235
4
121
2
924
2
237
5
282
5
993
3
713
4
410
4
742
4
15
2
25
2
150
5
117
5
106
4
406
3
1047
3
1009
2
118
3
240
5
274
3
249
4
109
4
1283
1
1033
1
1279
1
257
5
628
2
405
3
763
4
546
3
925
4
926
3
472
3
685
4
460
1
1057
1
826
2
544
4
1292
1
1087
1
1245
5
823
3
105
2
696
3
825
4
597
4
411
2
1132
3
3
3
1001
4
363
4
1028
5
620
3
1289
1
185
4
39
4
79
5
176
5
56
5
156
5
23
4
31
5
98
5
203
5
164
4
234
5
183
5
1073
5
603
5
55
3
566
5
642
3
939
4
636
4
943
3
265
5
44
5
431
5
789
4
17
3
1248
3
1212
2
1208
4
5
3
1273
5
226
1
1077
3
770
1
554
3
53
2
281
4
159
4
470
5
673
4
379
3
356
4
77
3
1217
2
635
4
800
2
173
5
949
4
727
2
97
5
216
5
202
4
1290
1
553
3
51
3
212
2
549
5
66
4
740
2
737
2
796
3
732
4
88
5
731
3
821
3
278
4
155
2
762
3
869
4
49
3
739
2
738
3
1041
5
728
2
22
5
650
4
11
5
393
5
684
5
358
4
0
0
0
0
0
0
1
286
5
0
0
0
0
7
286
5
515
5
150
5
1
5
1302
5
293
5
235
5
0
0
0
0
0
0
0
0
0
0
0
0
0
0
27
697
3
425
1
1134
2
772
1
124
4
220
4
463
4
462
3
23
3
430
3
514
3
612
3
606
3
428
4
177
4
488
3
603
3
657
3
478
3
178
3
580
4
485
3
483
3
642
4
183
5
582
4
1172
3
0
0
0
0
0
0
0
0
0
0
0
0
0
0
0
112
288
4
300
4
294
2
326
3
877
2
678
3
259
3
144
3
265
5
11
5
632
5
56
4
199
4
205
3
185
4
553
4
510
3
210
4
1263
3
97
5
64
5
98
5
69
4
483
5
485
3
764
4
181
3
864
2
511
2
187
3
77
4
1041
3
484
5
79
5
22
5
318
5
692
5
568
4
143
5
474
4
164
4
157
3
591
5
174
5
50
4
127
4
240
1
419
5
176
4
28
3
118
3
162
4
519
4
234
4
161
3
76
4
96
5
191
3
195
3
209
2
629
4
462
4
468
4
177
4
180
5
194
3
13
4
392
5
651
4
7
5
684
3
204
4
357
4
121
4
470
5
237
3
202
2
38
3
732
3
498
5
742
5
151
3
100
4
673
4
628
5
566
5
356
4
233
3
226
3
5
4
443
4
717
4
159
3
504
3
54
4
218
5
148
4
635
2
769
2
930
4
281
3
1213
2
928
3
554
2
792
2
211
4
153
5
173
5
66
3
88
4
216
5
455
4
0
0
0
0
0
0
21
753
3
67
2
779
2
771
2
1407
2
384
2
1414
2
386
2
1415
1
373
3
507
4
651
5
181
5
100
5
135
5
132
5
127
5
143
5
451
5
134
5
234
5
0
0
0
0
37
304
5
258
4
325
5
243
3
276
5
125
5
742
4
151
3
410
3
25
4
121
5
117
5
225
4
118
4
222
5
1060
3
148
4
1
5
455
3
924
5
7
4
147
5
685
4
473
4
717
4
756
3
840
4
841
3
826
4
596
4
363
3
760
4
930
3
597
4
411
3
1049
3
929
4
0
0
0
0
0
0
74
100
2
475
2
56
4
194
4
294
3
286
2
117
3
276
2
121
3
14
4
127
5
317
4
1023
3
70
3
204
3
202
3
435
4
1170
2
13
3
997
1
716
3
1225
3
367
3
298
3
188
3
22
3
684
3
195
3
92
2
385
3
568
4
55
3
144
3
566
4
161
4
562
2
38
3
526
4
471
3
1046
4
183
2
185
4
98
4
79
4
23
4
875
2
197
4
423
4
483
5
133
4
58
3
642
3
134
4
205
4
458
3
281
3
685
3
597
3
827
3
841
3
546
3
742
4
591
3
628
3
291
3
414
2
239
3
792
2
787
3
866
3
73
3
238
2
25
4
1012
3
0
0
0
0
0
0
0
0
0
0
0
0
0
139
327
4
259
4
847
4
181
4
100
5
50
4
508
4
273
5
475
4
7
4
358
3
222
3
763
4
288
3
1017
4
1134
4
129
5
298
4
24
5
240
4
109
2
1067
3
246
5
257
4
1012
4
544
4
150
5
282
4
762
4
250
5
405
3
117
4
476
2
824
3
1016
3
685
3
1011
4
121
2
108
3
3
4
118
1
1059
4
407
2
931
3
423
2
32
4
485
2
1098
4
12
5
55
4
64
5
651
4
403
4
470
3
17
4
173
4
144
4
48
5
4
3
23
4
469
3
59
2
215
4
174
4
156
5
461
4
184
4
56
5
623
3
69
4
186
4
96
5
318
5
79
4
789
4
29
3
210
5
695
4
39
4
42
5
1073
4
70
3
172
5
154
3
467
4
385
4
1437
3
92
4
178
4
204
4
151
1
1035
3
496
3
161
3
550
4
588
3
128
3
265
3
218
4
566
3
732
4
231
4
568
4
1267
3
399
3
633
3
940
4
230
3
38
2
780
3
33
4
1010
3
76
4
386
3
1185
3
1218
3
943
4
1090
3
468
3
576
3
94
3
1210
3
384
3
721
5
578
4
258
1
1217
4
684
4
227
3
53
4
1208
3
27
4
391
3
809
3
1314
3
1407
3
1250
2
737
4
402
2
0
0
0
0
0
0
0
0
0
0
0
13
515
5
828
4
223
4
89
3
958
5
192
5
640
2
511
5
483
5
187
4
50
3
14
4
9
5
0
0
0
0
0
0
0
0
0
0
0
0
0
0
0
0
0
0
0
0
0
0
0
0
0
21
255
4
286
4
298
4
185
4
173
4
772
4
108
4
288
3
928
4
117
4
200
4
405
3
1074
3
176
4
210
4
357
5
317
5
181
4
98
4
12
5
97
4
0
0
0
0
0
46
258
4
300
5
288
4
327
3
294
4
328
4
688
2
323
3
245
4
748
5
181
2
1
5
471
4
117
5
477
3
111
2
107
1
50
2
591
5
815
3
279
2
409
3
257
4
237
5
1016
3
676
2
125
4
628
4
472
3
742
5
1197
2
15
3
934
3
756
4
100
5
975
4
410
4
298
5
240
3
151
2
293
4
7
2
284
4
118
4
282
5
273
5
0
0
286
288
4
286
5
475
4
16
3
10
4
116
4
718
4
206
3
198
4
652
4
179
4
382
3
59
5
70
3
61
4
558
3
1073
4
52
3
580
3
83
4
582
5
381
3
60
5
404
4
527
4
480
5
234
4
208
4
200
4
181
4
71
3
655
4
11
4
135
4
183
4
211
4
98
4
474
5
654
5
710
3
195
4
180
3
50
5
201
3
79
3
185
3
169
5
4
4
205
5
483
5
423
2
188
4
435
4
357
4
182
4
174
5
525
4
403
4
39
3
228
4
95
4
127
4
55
4
56
4
176
5
97
4
173
4
172
5
134
5
727
2
12
4
143
2
432
3
622
3
385
3
31
4
209
4
91
3
204
3
186
3
238
3
194
4
42
4
168
4
233
3
747
3
946
3
941
2
479
4
239
3
184
4
658
3
550
2
425
4
466
3
210
3
265
3
715
1
241
3
627
3
506
4
47
1
33
3
729
3
1118
3
380
2
436
3
470
3
232
3
665
2
92
4
588
3
82
3
229
2
226
4
191
4
62
3
1065
4
227
4
230
3
1035
2
540
1
568
3
101
2
630
4
267
3
222
4
244
4
246
5
100
3
408
5
1
3
240
2
713
4
477
3
284
3
129
2
249
4
151
3
273
3
1016
3
124
4
455
3
250
4
248
3
235
3
25
3
117
4
298
3
13
3
1477
2
123
3
21
3
405
2
257
4
290
3
825
3
1079
3
930
2
823
2
108
3
926
2
456
2
826
1
544
3
546
4
121
2
3
1
252
3
762
2
1002
1
120
2
981
1
1059
3
122
2
597
2
472
1
743
1
153
5
1098
3
1178
1
154
4
73
3
721
3
17
3
67
3
94
2
163
2
399
3
158
2
40
3
1041
1
1188
3
88
2
63
1
1249
2
72
3
384
3
940
2
949
2
80
3
998
1
780
3
781
3
386
2
364
3
765
2
388
1
395
2
369
1
579
1
738
2
719
1
1074
3
1054
1
728
2
144
4
231
4
761
1
27
4
2
2
68
4
53
3
1222
2
636
3
161
3
128
3
38
1
1231
2
1303
1
363
1
1314
2
576
1
684
3
566
3
397
2
29
1
541
3
1228
1
831
3
562
4
449
2
840
2
810
2
554
3
802
3
578
2
1413
2
218
2
145
1
217
2
672
2
800
1
860
1
219
3
164
2
559
2
569
3
379
1
453
1
699
3
99
3
139
2
141
3
374
2
768
3
1091
2
114
5
189
4
955
3
51
3
402
1
1037
2
159
2
156
3
1208
2
1157
1
77
2
1273
2
1046
3
1090
2
928
1
450
1
370
2
574
2
223
3
0
0
0
0
0
0
47
300
4
258
3
1
4
408
3
1091
2
588
3
95
3
101
4
946
3
71
3
420
2
432
4
169
3
625
2
418
3
501
3
102
3
627
3
99
3
173
3
89
3
154
2
98
4
202
3
174
4
304
3
294
4
515
3
117
3
181
4
405
2
257
3
597
3
118
3
121
3
930
3
826
2
825
2
252
2
472
3
222
4
50
4
450
3
229
3
230
3
228
4
227
3
391
258
5
300
4
294
4
328
4
322
3
288
4
323
3
324
4
325
3
358
3
678
3
260
3
408
5
298
5
508
5
919
4
181
5
273
4
7
5
628
4
117
4
127
5
151
5
546
3
1
5
276
4
547
4
100
5
284
4
249
4
591
3
696
2
471
4
123
4
257
4
246
4
147
4
410
4
25
4
109
4
293
4
240
4
455
4
1016
3
235
4
742
4
475
5
237
5
250
4
685
4
1010
3
845
4
823
3
411
4
406
2
473
4
290
4
458
4
225
3
125
4
1129
4
121
4
840
3
108
3
3
3
148
3
150
4
974
2
118
3
825
3
252
3
1028
3
405
3
281
3
993
3
977
2
1245
3
472
3
597
3
1013
3
122
3
930
2
120
2
595
2
21
3
763
3
456
2
1079
2
180
5
214
5
1006
3
192
5
175
5
47
4
27
3
582
3
12
5
64
5
135
5
160
4
28
4
469
4
806
4
65
4
23
5
318
5
22
5
523
4
11
5
57
3
357
5
558
4
461
4
387
3
197
5
97
3
182
5
157
5
223
5
1141
3
531
4
70
4
772
4
939
3
470
3
1194
3
693
4
732
4
647
4
423
5
193
4
429
5
39
3
69
4
392
3
54
3
51
3
1220
4
81
4
86
3
356
3
425
4
1267
4
179
5
187
5
526
4
46
3
215
4
291
3
58
4
569
4
549
3
715
3
239
4
658
4
735
4
382
4
317
4
655
4
697
2
375
1
365
3
43
1
380
3
1482
4
402
3
1213
1
583
3
720
2
803
2
1232
3
76
4
1135
4
789
3
56
5
4
4
168
5
8
4
42
4
209
4
204
5
153
4
367
3
786
3
959
4
154
4
564
3
73
3
746
4
854
4
1118
4
428
4
40
3
85
3
721
3
202
4
17
4
1140
2
796
1
158
3
692
4
88
3
433
4
274
3
72
4
66
3
67
3
173
5
186
5
709
4
33
4
1218
4
401
3
232
3
210
4
388
2
393
4
571
2
396
4
780
3
783
1
63
3
384
3
451
3
80
3
41
3
728
2
409
3
575
2
407
2
24
4
174
5
55
4
89
5
176
5
144
5
241
4
183
5
82
4
96
5
172
5
2
4
684
4
79
4
128
4
233
3
229
3
265
4
68
4
195
5
636
4
161
3
540
1
226
4
449
2
665
3
679
3
541
3
188
4
686
3
576
3
184
4
385
4
38
3
550
4
62
2
566
4
397
1
1416
3
450
1
743
1
831
3
802
3
399
2
164
4
559
4
98
5
218
4
185
4
447
4
200
5
448
4
672
3
145
3
5
3
219
4
443
4
217
4
436
4
561
2
379
3
800
3
669
1
551
3
816
2
773
3
567
3
969
4
463
4
432
5
95
5
141
4
418
4
404
4
755
3
71
4
143
5
417
4
419
5
588
4
99
4
627
3
142
3
420
4
951
3
624
2
843
4
1091
3
1035
3
1031
2
501
4
415
3
820
3
426
3
768
3
794
2
747
4
421
4
739
2
807
2
1073
3
603
5
159
3
44
3
156
5
31
4
1253
1
653
5
77
3
1157
2
1046
3
771
2
552
3
1090
1
1042
1
572
3
554
2
1273
2
462
4
634
4
171
4
198
5
207
4
206
5
1131
3
1056
4
231
3
29
3
254
2
1314
3
631
3
759
1
1244
3
871
2
928
3
975
3
104
1
931
2
1011
3
479
5
949
3
1145
2
809
2
563
3
769
1
590
2
1228
1
391
2
1110
3
431
3
1239
1
586
3
779
2
1274
1
1407
1
373
2
1413
1
169
5
101
4
189
4
1240
4
0
0
242
288
3
321
5
294
2
990
1
13
3
408
5
275
3
250
3
248
4
151
4
100
4
24
5
25
5
257
5
1
3
547
1
10
4
515
3
222
1
411
3
1028
4
671
2
154
5
432
3
22
1
47
4
168
5
491
5
79
3
175
5
4
4
173
5
128
5
28
2
509
3
283
3
952
3
926
4
274
3
16
4
236
5
864
5
741
5
1017
3
290
4
546
3
456
3
762
3
147
4
117
5
146
1
977
4
105
4
591
2
1034
4
871
4
833
4
122
1
824
4
597
5
21
3
823
3
826
4
407
4
760
3
763
3
1291
4
412
3
121
4
982
3
1011
3
1093
4
1336
1
1496
3
1012
5
181
3
532
1
1244
3
32
3
425
4
12
2
56
4
654
5
61
4
17
4
644
1
789
4
156
4
1500
5
87
1
854
1
482
4
174
4
65
1
461
3
89
4
214
3
40
4
169
5
429
4
558
4
514
4
1110
3
428
1
68
4
190
3
193
2
753
2
1484
3
202
4
719
4
33
4
64
1
132
3
180
2
969
3
501
3
42
4
792
3
59
4
1266
1
529
3
209
5
70
1
480
3
385
4
186
5
211
4
31
3
702
4
1070
3
367
3
462
3
1035
3
95
3
464
4
73
4
486
4
1121
4
372
4
465
5
709
4
746
5
165
4
60
4
502
5
431
4
62
3
207
5
663
3
239
4
67
4
96
4
176
3
1118
3
662
2
195
4
208
5
203
2
401
5
398
4
712
5
1195
1
449
3
167
3
638
4
576
3
170
3
721
5
649
3
233
5
384
4
382
4
1490
4
27
5
946
3
163
5
2
4
63
3
158
3
630
4
1444
3
636
5
566
4
1305
4
660
4
44
1
1231
4
802
4
759
4
41
2
862
5
80
4
399
4
391
5
998
5
1481
4
1181
4
781
3
1274
3
1487
1
1486
1
393
1
725
4
780
4
396
3
554
1
971
4
90
3
728
4
415
3
1000
4
843
4
1162
3
1209
4
1182
3
1480
3
379
3
1413
5
234
2
265
5
395
4
444
3
1030
4
373
4
388
3
1247
2
1488
4
1271
4
81
4
418
3
191
3
624
4
740
3
219
2
831
5
1219
3
804
4
797
4
1151
2
390
3
1178
4
0
0
0
0
0
0
26
288
5
289
5
988
3
237
2
628
4
151
5
248
5
408
4
257
3
50
4
596
3
116
5
535
5
473
3
7
4
277
4
25
3
14
4
235
4
298
4
107
1
952
2
993
2
181
3
275
4
475
4
53
294
5
301
3
748
4
327
5
181
3
246
4
248
5
298
4
952
4
1067
2
250
3
1
5
9
5
111
3
276
4
237
5
742
3
257
4
222
5
815
3
235
4
50
5
546
4
591
5
926
4
476
1
252
1
117
5
249
5
1016
5
240
2
121
4
108
4
845
5
56
5
98
4
710
4
92
4
208
4
201
5
28
5
652
4
11
5
168
5
200
4
218
5
941
3
39
5
461
5
4
4
426
3
64
5
156
5
0
0
0
296
324
1
288
5
245
2
325
4
237
4
475
5
129
5
147
4
181
5
9
5
844
5
235
2
50
5
1012
4
1067
4
508
5
249
4
250
4
619
3
244
2
93
4
742
3
455
5
106
4
546
3
121
2
985
3
405
4
123
4
262
4
15
5
151
5
293
5
284
4
273
3
240
4
471
4
285
4
282
4
1016
4
763
4
597
3
118
2
756
3
1017
4
823
3
933
4
3
3
824
4
924
4
974
1
825
4
290
4
1277
4
125
4
760
2
413
4
291
5
977
2
236
4
975
2
456
3
1047
2
1215
1
411
4
833
3
460
5
685
5
122
3
829
2
1376
3
1244
4
1059
4
834
3
369
3
717
3
21
2
928
2
7
5
741
5
410
5
294
5
24
5
1
5
124
5
117
5
100
5
246
5
56
5
1073
5
12
5
98
5
55
4
234
4
943
4
466
5
1109
4
470
3
156
5
31
4
939
4
77
4
770
4
218
4
5
5
79
5
566
4
636
4
53
5
379
3
581
5
773
3
17
4
33
4
1217
3
1046
4
356
4
164
4
1083
3
226
5
592
3
1471
3
761
3
38
3
1042
4
572
3
1253
3
1157
3
800
2
573
4
54
4
552
3
1077
4
231
3
11
4
27
3
4
4
174
5
128
4
22
5
172
5
96
4
144
5
92
4
89
3
82
4
385
4
540
3
568
4
686
5
1188
4
403
4
195
4
188
3
232
4
184
4
576
4
550
4
578
4
391
1
562
4
1239
2
1303
3
200
4
672
3
448
5
558
4
396
4
706
3
219
4
670
5
567
5
551
2
563
3
816
3
565
2
774
3
469
5
223
5
175
2
64
5
48
5
1229
2
735
4
212
4
46
4
732
4
70
4
214
4
69
5
772
4
423
4
366
3
179
5
941
4
427
4
715
5
84
3
215
4
1220
5
569
3
555
1
655
4
1505
4
375
1
729
4
631
5
402
4
1206
3
365
3
1478
2
1213
3
798
4
1139
3
238
5
202
4
204
4
153
4
428
5
8
4
168
5
367
4
90
5
173
5
85
2
72
4
49
4
154
4
66
4
158
2
393
3
67
4
1209
1
785
4
1098
4
80
4
1178
4
94
2
722
4
210
5
376
3
395
3
1028
3
384
4
571
2
940
3
1079
2
41
4
780
5
412
3
577
1
790
4
383
2
364
3
575
2
998
1
401
4
1305
3
801
3
1489
2
99
4
140
4
946
4
71
4
418
4
1078
4
28
4
588
4
143
3
95
4
755
2
417
4
404
4
627
4
420
4
501
4
416
4
820
4
101
4
1219
4
97
4
747
4
794
4
739
3
421
4
155
3
783
2
159
4
1273
2
1248
4
1090
2
574
1
1210
4
769
1
582
4
496
5
0
0
0
0
0
176
286
5
300
3
326
2
258
5
294
3
245
3
748
2
678
3
100
5
275
5
116
4
24
4
919
1
515
5
129
4
124
4
283
4
137
5
1
3
475
5
25
4
628
4
117
4
284
4
50
5
864
3
7
4
235
2
471
3
455
4
20
4
273
4
257
3
1007
4
546
3
298
5
109
4
535
3
248
3
293
3
282
3
1014
3
222
4
250
1
108
4
111
3
596
3
1016
3
288
3
147
3
508
4
13
3
249
3
277
3
168
5
208
4
588
4
98
5
135
4
202
3
223
5
1073
3
705
2
435
3
430
1
529
3
144
3
95
3
230
2
582
4
157
2
160
1
42
3
86
5
175
4
724
3
55
4
357
4
1109
3
198
3
480
4
191
3
22
4
183
4
201
4
228
2
465
3
234
3
692
3
498
3
367
2
527
5
574
1
200
3
946
2
89
4
182
3
79
3
474
4
32
4
196
4
652
3
128
4
92
3
57
5
514
3
237
4
716
3
56
5
204
3
194
3
265
3
118
3
209
4
27
1
114
5
746
3
12
5
70
5
148
3
432
4
699
4
154
5
73
2
197
3
447
4
8
5
143
5
185
5
97
5
231
3
28
4
233
2
53
3
603
5
90
4
736
4
151
3
11
4
479
5
419
3
195
1
1136
3
153
5
133
4
47
2
211
4
156
4
1217
1
443
2
215
2
448
3
69
3
213
3
17
3
4
1
173
4
423
3
625
3
102
1
485
3
302
4
1296
4
687
2
267
3
216
4
238
5
218
3
629
3
174
5
210
4
34
3
181
4
269
4
742
3
83
4
0
0
20
288
4
300
4
294
3
948
4
322
4
261
3
687
2
243
4
328
3
872
5
876
5
881
5
264
1
257
4
100
3
456
4
1094
5
409
4
833
4
1012
4
0
0
0
0
0
0
9
82
4
257
5
408
5
515
4
483
5
746
4
153
5
1028
4
24
4
0
0
0
0
0
0
0
0
0
0
0
4
267
4
301
4
333
4
269
3
0
0
0
0
0
0
0
0
0
0
0
0
0
0
0
0
0
34
515
5
742
5
181
2
50
5
106
2
127
3
235
3
1016
4
257
3
25
3
250
3
230
5
229
3
450
2
222
5
449
4
380
4
228
5
227
5
125
4
15
5
151
5
121
5
471
5
371
4
1133
4
520
5
636
4
831
1
135
5
392
5
67
4
879
3
631
4
0
0
0
0
201
286
4
326
1
319
4
324
1
327
4
262
2
301
5
875
1
294
3
289
2
873
3
156
4
196
3
23
5
179
5
531
3
175
5
657
5
32
5
100
5
133
4
486
5
9
5
475
5
357
3
204
4
98
3
153
4
56
5
487
5
461
3
11
5
12
5
558
5
152
4
514
5
160
3
4
4
1103
3
135
3
433
5
584
4
47
5
208
4
220
1
248
3
137
2
813
5
13
3
246
4
1007
4
1368
5
1014
1
276
3
150
3
108
4
255
4
1010
1
1009
1
1016
1
952
3
287
3
298
3
293
4
1012
4
410
3
249
3
14
5
129
5
93
4
535
3
1160
3
833
3
149
5
974
2
844
3
508
3
237
4
123
5
1047
2
763
3
1094
3
274
2
756
3
762
2
15
3
1163
3
7
4
408
5
288
5
257
2
297
3
111
3
124
4
251
5
25
2
547
5
282
1
950
2
1011
3
818
4
476
4
975
2
928
3
1048
1
1128
5
236
3
1300
1
125
2
866
1
1528
3
544
1
3
2
591
3
240
3
815
4
412
3
1008
3
846
2
1315
1
764
1
122
4
1057
2
320
5
518
3
194
3
792
3
606
5
223
4
169
5
165
3
143
5
134
4
482
5
188
3
114
5
607
3
197
4
238
4
692
1
89
3
132
5
656
5
182
5
965
4
427
4
507
4
496
4
655
4
28
2
789
3
1070
3
421
3
423
4
57
3
1071
4
488
5
209
5
772
1
8
4
378
4
723
3
1170
3
42
3
174
2
483
4
1166
1
654
4
732
3
131
5
699
4
523
4
1167
1
58
5
144
5
499
5
189
5
367
5
478
3
191
5
68
3
212
5
716
2
581
3
26
2
727
3
192
4
216
5
574
1
1073
1
193
5
746
4
92
4
95
4
724
1
517
5
663
4
381
5
428
5
382
3
88
1
0
0
0
175
748
4
300
5
50
5
366
2
172
5
1011
1
134
5
175
4
210
4
176
4
127
5
727
1
7
2
640
3
180
5
187
3
182
5
22
5
4
4
318
5
520
5
79
5
156
4
203
4
213
3
98
2
11
4
64
4
168
4
153
3
188
4
96
5
186
3
215
3
1039
2
143
3
181
5
183
4
967
2
100
3
173
3
211
4
177
4
133
5
742
4
89
4
470
3
842
1
174
5
55
5
121
4
195
5
204
4
273
4
164
3
518
4
455
3
233
4
616
1
369
3
515
5
684
4
241
4
240
1
97
4
732
3
660
2
216
3
159
4
658
3
423
4
237
4
394
4
746
3
56
5
54
4
151
4
88
4
83
4
642
3
276
1
91
1
117
4
76
4
561
3
147
4
128
2
12
5
234
2
739
3
31
4
685
3
403
3
161
3
951
2
184
1
578
2
1018
3
431
5
141
4
196
3
566
5
265
4
636
3
17
1
77
4
472
4
693
4
157
3
549
4
1135
4
38
3
809
3
365
1
363
3
68
3
541
3
72
3
944
3
708
3
673
3
582
3
293
3
291
5
1258
4
597
3
831
3
58
3
496
5
959
2
657
4
132
4
33
5
785
3
546
4
2
5
53
1
218
3
62
3
219
2
94
3
232
3
1222
4
977
3
29
4
167
2
571
3
1232
1
120
3
1188
1
932
2
395
1
780
2
158
2
576
3
1110
1
712
3
67
3
1090
2
1231
3
802
4
743
2
1210
3
3
3
415
2
720
2
669
1
1228
4
392
3
569
3
110
2
375
1
572
5
391
2
245
4
0
0
0
0
0
0
0
0
0
0
0
0
0
0
0
0
0
20
690
4
269
4
319
3
286
5
302
4
268
3
289
3
288
4
294
5
262
3
261
2
325
4
321
2
990
4
678
4
988
2
948
4
687
1
1048
5
875
3
0
0
0
0
0
0
0
0
0
0
0
0
0
0
0
0
0
51
258
2
286
2
1142
3
50
1
1381
3
127
3
100
4
7
2
25
2
276
3
508
3
137
2
150
2
14
3
475
3
756
3
546
2
252
2
717
3
122
3
98
3
171
3
183
3
168
4
511
4
514
3
507
4
531
4
290
4
1534
4
9
4
56
5
180
5
197
4
1017
4
151
4
235
5
639
3
504
3
482
5
496
3
23
5
177
4
59
5
481
5
135
3
134
3
357
4
474
5
1229
5
1268
5
0
0
0
0
0
0
0
0
0
0
0
0
0
0
12
322
1
243
1
327
2
688
1
680
1
991
1
988
1
261
1
878
1
457
1
989
1
65
2
172
991
2
127
4
15
5
181
4
13
3
111
3
126
4
276
4
476
3
283
3
100
3
591
3
50
5
1
5
993
3
117
4
237
3
756
3
284
2
25
4
274
3
403
4
589
3
498
5
427
4
182
4
482
5
135
3
485
5
478
5
357
4
228
5
474
4
144
5
510
4
514
4
480
5
604
5
12
3
501
3
134
3
705
5
31
3
168
3
447
2
655
4
953
3
69
5
234
4
430
4
95
5
735
4
423
5
484
4
481
3
588
4
969
4
183
4
582
2
1020
3
56
4
197
5
28
5
602
4
64
4
495
4
174
5
205
5
79
4
204
4
87
4
235
2
96
4
8
3
132
5
429
4
710
2
479
4
159
3
692
4
367
3
520
5
58
4
435
5
70
4
497
3
211
4
194
5
185
5
1450
5
502
3
124
5
523
4
521
5
154
2
2
3
178
5
837
4
432
3
85
4
491
5
173
4
732
4
417
3
661
3
72
3
125
3
607
3
483
5
496
5
414
3
191
4
82
5
97
4
199
4
603
4
152
4
399
4
504
3
1126
4
662
2
385
3
208
5
493
5
216
5
4
2
519
4
73
3
176
4
202
3
172
5
86
3
654
4
133
3
633
4
94
2
393
5
63
2
796
3
153
4
648
5
186
4
88
4
1041
3
663
2
167
3
49
3
700
2
715
2
66
4
712
2
158
3
163
3
659
3
47
3
71
5
65
3
231
2
229
3
610
4
196
4
708
3
239
3
737
2
162
5
1119
4
494
3
525
3
203
4
684
4
227
2
230
3
0
0
0
0
0
0
0
0
110
234
3
189
4
238
5
484
4
209
5
474
3
168
5
496
5
8
5
519
4
214
4
56
5
69
4
357
4
96
3
153
4
134
5
478
4
483
4
169
5
174
5
514
4
28
4
290
3
656
4
175
4
100
5
132
4
188
3
152
4
173
5
89
4
504
3
655
4
172
4
603
4
210
4
91
4
211
4
217
4
650
2
184
4
98
5
235
4
185
5
180
4
127
3
181
3
227
2
95
3
201
4
479
4
50
4
684
3
68
4
205
4
230
4
642
2
403
4
385
4
215
3
200
4
949
3
436
3
746
4
179
3
525
4
176
4
498
4
710
4
71
3
157
2
510
4
183
4
193
3
228
4
289
3
194
4
705
4
97
4
371
2
204
3
154
5
433
4
143
4
737
4
135
3
195
4
1012
3
869
3
659
5
117
3
491
4
45
4
131
3
216
4
408
4
493
3
648
3
432
4
588
4
616
3
428
3
559
3
448
4
755
3
2
4
239
4
657
4
197
4
0
0
0
0
0
0
0
0
0
0
0
0
0
0
54
258
4
324
5
286
5
326
3
299
1
327
3
358
2
288
3
260
3
323
3
325
2
294
3
273
5
276
5
100
4
181
4
127
4
124
3
257
4
1007
4
129
4
475
4
15
3
515
4
93
4
137
5
7
3
126
4
50
4
1199
3
117
2
275
5
919
5
477
4
293
3
1017
4
1
3
295
3
926
2
250
5
248
3
222
4
1187
4
922
4
235
2
458
3
151
4
717
3
109
2
742
2
410
5
237
4
333
4
267
4
0
0
0
0
0
0
0
0
0
0
0
0
0
0
0
0
0
0
0
0
0
0
0
0
0
0
0
0
0
109
491
4
520
3
207
4
170
4
480
5
528
4
173
4
490
4
615
3
514
3
496
5
58
3
661
4
515
4
156
4
474
3
237
2
483
5
531
4
98
5
89
5
174
4
492
4
185
5
234
3
432
2
275
4
462
4
50
5
152
2
498
4
427
4
195
4
187
3
213
4
842
2
179
5
134
3
45
4
8
4
136
4
458
1
211
2
641
3
659
4
64
4
607
5
79
4
164
4
648
4
71
3
654
2
504
2
1109
2
461
4
86
4
203
3
69
5
96
2
418
4
15
4
196
4
204
3
969
2
506
3
153
4
485
2
162
3
171
4
73
3
815
2
384
2
88
2
25
2
971
4
624
2
660
4
102
2
1204
4
132
2
188
4
180
4
495
4
135
3
509
4
385
4
513
4
210
4
404
4
530
3
625
3
614
3
554
3
609
4
99
3
76
4
805
4
510
4
420
3
371
3
526
4
517
2
290
2
77
3
576
2
62
2
1403
1
186
1
201
1
2
258
4
515
4
0
0
0
0
0
0
0
0
0
0
0
0
0
0
143
258
4
321
3
286
4
294
3
222
4
100
5
471
3
475
4
181
3
9
5
13
4
285
4
137
4
19
4
127
4
275
4
116
4
251
4
237
4
25
5
126
3
7
3
150
5
742
3
249
3
952
3
926
2
283
4
124
5
246
5
50
5
248
4
293
5
1
5
544
3
257
4
118
3
405
2
1012
4
297
4
24
3
273
2
117
2
15
4
111
4
1014
3
508
4
121
4
1016
3
1134
5
1008
4
826
3
1051
2
411
3
238
3
963
5
56
5
64
5
23
4
582
3
70
3
31
3
724
4
55
5
22
5
191
4
699
3
529
3
5
3
153
5
943
3
144
5
95
4
432
5
204
5
135
5
98
5
8
4
462
4
143
5
377
2
97
5
955
4
214
5
58
4
216
5
584
4
642
3
428
4
192
4
461
4
69
4
662
4
498
5
427
5
89
4
772
4
195
5
180
5
12
4
435
4
692
4
132
5
200
4
182
5
159
3
82
5
51
3
172
4
318
5
647
5
655
5
612
4
357
5
42
4
174
5
65
3
157
4
218
4
173
5
71
5
160
3
96
5
531
4
507
5
39
3
209
5
469
4
603
5
161
3
178
5
4
5
423
4
367
4
170
4
47
5
91
5
372
2
1070
5
1168
2
856
4
226
2
44
4
0
0
0
193
288
5
748
5
294
4
260
4
264
3
50
5
181
5
250
5
257
4
254
4
1014
4
252
4
477
5
100
5
121
5
405
5
866
5
21
3
109
4
150
3
685
3
117
3
151
3
473
4
756
4
763
4
924
2
235
5
546
4
125
5
118
4
1047
4
411
4
122
3
472
5
1011
4
240
4
977
3
930
5
123
4
370
4
758
1
1034
3
105
3
825
5
831
5
928
4
1215
4
368
3
834
3
202
5
588
3
56
5
132
5
228
5
175
5
432
5
214
4
426
4
234
4
185
5
1058
4
218
4
418
3
95
3
27
4
191
5
183
5
603
5
584
1
485
3
4
3
231
5
204
5
496
4
140
3
143
4
96
5
946
2
66
5
200
4
80
3
216
4
71
2
97
3
73
4
208
5
38
4
177
4
633
4
1110
5
227
5
392
4
609
5
581
4
99
3
174
5
796
4
101
5
210
5
176
5
559
5
51
5
233
4
378
4
1035
4
193
5
755
4
64
5
33
5
651
4
230
5
62
5
625
4
790
3
215
4
195
5
196
4
561
5
747
5
135
4
384
3
720
5
660
5
465
3
443
4
161
5
420
3
141
4
403
5
421
5
540
3
1469
4
417
4
419
4
1053
4
655
5
239
5
380
5
41
4
63
4
395
3
940
4
229
5
43
4
88
2
49
5
431
5
715
4
173
5
577
3
375
5
401
4
566
4
768
5
672
4
554
5
1091
4
217
5
548
1
29
5
226
5
416
3
501
3
374
2
567
4
404
3
780
4
810
5
449
5
739
5
78
1
1119
5
746
5
665
4
562
5
550
5
365
4
393
3
373
4
391
2
658
5
1139
5
356
3
1228
4
232
4
1090
5
1029
4
951
1
1248
4
771
4
1210
3
1036
4
0
0
0
0
35
237
4
294
4
25
5
756
4
369
4
280
4
88
5
724
4
732
4
794
4
553
5
49
5
781
4
778
4
739
4
36
4
1041
5
731
4
90
4
815
5
709
5
255
5
1051
5
722
5
275
5
111
5
274
5
451
5
66
5
289
5
15
4
20
4
282
4
546
4
846
4
0
0
0
0
0
0
0
0
0
0
0
0
57
333
3
258
2
286
2
289
1
222
3
1
3
515
3
596
1
298
3
952
2
124
4
273
1
475
4
741
4
100
3
993
1
15
1
7
3
137
3
126
2
246
2
181
4
847
3
117
1
284
3
764
1
237
1
93
4
293
2
455
4
151
1
926
2
292
3
1067
2
255
1
1386
4
1012
3
473
2
1383
1
458
3
277
3
257
3
123
2
410
4
224
2
987
3
118
2
9
4
1128
4
150
5
50
5
302
4
919
4
127
5
24
4
547
4
109
5
0
0
0
0
0
129
268
4
288
2
333
3
181
5
7
4
246
4
150
2
222
3
147
3
109
3
10
5
825
3
252
2
743
2
183
2
483
4
22
4
480
3
168
3
173
5
1286
2
484
3
705
2
485
3
1401
3
172
5
186
4
228
1
651
2
17
3
318
4
652
5
195
4
633
3
659
3
607
3
132
3
96
4
156
3
528
4
469
3
56
5
135
2
64
3
164
3
28
2
421
3
495
3
443
2
196
3
154
2
136
1
774
5
496
1
1444
1
417
1
1063
3
174
4
77
2
204
3
133
5
99
3
746
3
432
4
42
5
378
1
227
1
97
1
418
3
419
2
433
4
661
3
11
4
33
4
660
3
143
3
68
4
721
5
506
3
509
3
625
4
88
1
1459
4
151
3
141
3
526
3
142
2
416
1
1074
2
559
5
699
3
842
2
380
2
1091
1
561
5
38
2
206
4
1041
1
420
3
158
2
393
1
229
2
53
3
961
2
1614
3
356
2
155
1
1157
1
1133
3
94
1
554
2
1229
1
1060
1
426
3
1473
3
191
5
190
5
727
5
921
5
39
5
532
5
89
5
50
5
277
5
98
4
217
5
87
5
771
2
1139
2
0
0
0
0
0
0
0
0
0
171
475
1
274
4
363
3
10
2
878
3
137
2
510
5
478
4
1020
4
367
3
71
5
234
5
432
4
200
4
523
5
463
3
660
3
174
5
135
5
48
2
641
5
603
5
211
4
518
4
95
5
1073
4
772
1
42
3
31
4
194
5
12
5
55
4
514
5
175
5
140
3
761
2
69
5
97
4
56
4
731
4
195
4
8
5
202
5
470
4
96
4
208
4
582
3
604
4
209
4
490
3
684
5
521
5
692
4
479
4
228
5
529
3
496
5
218
3
132
4
191
4
33
3
73
4
198
2
497
5
430
4
435
5
82
5
657
5
196
4
542
3
216
4
85
3
230
4
447
4
231
3
176
5
655
4
712
3
385
4
88
4
193
4
68
4
461
2
63
4
81
1
642
4
399
5
79
5
70
4
608
4
418
4
168
5
204
5
732
4
233
4
199
4
89
5
530
5
770
3
710
5
203
4
239
3
28
4
661
5
183
5
173
4
1046
4
417
4
503
4
560
3
403
4
611
5
516
4
739
4
380
4
425
4
517
2
945
4
747
2
465
4
356
3
66
4
181
5
1219
2
972
3
443
4
205
5
72
3
46
3
393
3
855
4
77
3
581
2
241
2
423
5
44
4
2
4
607
4
67
3
62
3
29
2
229
4
646
4
663
4
5
4
53
4
58
4
227
4
951
3
796
3
746
5
186
4
836
4
580
3
654
4
47
4
715
2
755
4
525
4
86
3
92
3
792
2
94
3
90
2
434
4
54
4
489
4
693
4
676
1
323
3
455
3
0
0
0
0
0
0
0
153
258
4
531
3
169
5
178
4
168
4
283
4
746
5
1
5
69
4
15
4
216
5
95
4
157
4
202
4
713
3
7
5
98
5
174
5
197
4
462
4
432
4
96
5
28
5
135
4
429
4
408
5
156
4
185
3
11
4
558
4
48
4
137
3
214
5
152
4
1039
5
100
4
87
5
367
5
582
4
191
5
190
5
12
5
189
5
425
5
318
4
204
5
42
5
14
3
89
4
710
5
196
5
175
4
116
4
527
4
50
5
114
5
473
3
144
3
79
4
83
5
423
5
655
4
792
4
237
4
222
4
47
4
64
4
183
3
58
4
215
4
154
4
474
5
568
4
172
4
170
3
735
4
97
5
483
4
433
5
609
4
70
5
173
5
1115
4
136
4
200
2
10
4
732
5
357
4
651
4
470
3
430
4
380
4
658
4
275
5
186
4
25
4
188
5
647
3
19
4
176
4
24
3
111
5
228
5
403
3
22
4
402
4
659
3
747
4
421
4
392
4
199
3
405
2
631
4
153
4
81
4
118
2
4
4
179
4
419
4
88
4
132
4
181
4
208
4
229
3
194
4
435
3
68
4
1035
3
431
4
26
3
134
3
682
4
748
2
1600
4
45
4
209
3
234
3
13
3
195
5
1047
3
796
4
109
3
211
3
73
4
709
3
274
4
210
5
239
5
778
4
715
4
393
3
384
3
1074
4
0
0
1
335
3
0
0
0
0
0
0
0
0
0
0
0
0
0
0
43
761
4
227
4
143
4
1221
5
1199
3
38
3
451
4
795
2
105
3
1228
3
1207
2
1046
4
831
2
554
4
1337
3
1188
4
771
3
1428
4
1426
3
721
4
734
3
929
3
592
3
545
2
364
3
411
3
369
3
139
5
1240
2
1407
2
407
2
1496
2
412
2
834
4
1502
1
450
2
301
4
302
5
268
4
333
4
267
3
266
4
990
3
0
0
0
0
0
0
0
0
0
0
124
24
3
111
4
742
3
117
3
508
4
129
4
118
3
179
4
694
4
134
5
432
4
513
4
423
3
153
3
191
4
1555
3
70
4
102
4
195
4
735
4
170
4
1073
3
144
4
664
4
98
4
64
4
165
4
1441
3
69
4
157
3
919
2
318
3
582
3
202
4
509
3
770
4
160
3
357
4
642
3
1099
4
192
4
183
4
463
3
218
3
466
4
175
3
647
3
462
4
23
4
97
3
114
4
730
3
60
5
531
4
214
3
216
4
174
4
528
4
518
3
684
4
204
4
443
4
194
3
71
4
163
4
200
4
176
4
110
2
1619
3
521
4
95
3
44
3
700
2
11
3
197
4
529
4
180
4
479
4
663
4
238
3
1524
4
737
3
187
4
56
5
709
3
66
3
1014
4
16
3
471
3
4
4
8
4
61
4
660
3
1194
4
212
4
461
3
59
4
185
4
519
4
704
3
199
4
469
4
168
3
169
4
226
4
403
4
28
4
855
4
62
3
303
4
207
5
190
5
371
5
96
4
474
5
656
4
12
5
1159
5
603
5
135
5
210
3
367
4
761
2
748
3
0
0
0
0
0
0
0
0
0
0
0
0
0
0
0
0
0
0
0
0
0
0
0
0
0
0
0
0
0
0
0
0
0
0
0
0
0
0
0
0
0
0
0
0
0
0
0
0
0
113
322
2
181
4
100
5
275
3
56
5
70
5
255
5
371
3
276
1
1
3
284
4
9
3
117
4
282
5
111
5
15
4
283
4
278
3
125
4
1014
1
126
5
815
3
471
3
25
3
546
3
762
4
274
3
1028
3
476
2
405
3
535
3
50
4
286
5
118
4
121
4
685
3
763
3
280
3
977
3
866
5
220
3
846
2
597
2
106
2
122
1
974
2
69
5
11
4
174
4
144
4
478
5
1119
5
234
2
732
3
26
4
204
4
357
5
71
4
200
5
98
5
724
3
183
4
196
5
845
3
470
2
633
5
153
5
211
4
496
5
140
4
366
4
216
5
159
4
781
3
699
4
660
5
318
5
1035
3
659
5
161
5
423
4
5
4
233
2
584
3
155
5
58
4
417
5
77
4
79
4
65
3
157
3
40
1
66
5
162
5
73
2
164
4
723
4
158
3
49
3
761
2
1221
3
51
3
553
2
241
5
88
4
949
2
775
3
402
4
739
5
451
3
807
4
8
3
210
2
23
319
3
292
3
245
3
988
2
19
3
100
4
515
5
181
3
127
4
14
4
126
3
221
4
50
3
222
4
15
4
744
3
276
3
237
3
357
4
520
4
483
3
286
3
242
4
0
0
41
300
5
242
4
289
5
286
3
678
1
323
3
990
2
748
5
326
1
294
4
328
4
688
4
264
4
988
1
298
5
1
3
1152
4
50
5
275
4
477
5
713
2
283
5
235
4
127
4
181
4
295
3
763
4
293
5
250
4
742
4
15
5
1534
1
24
3
151
4
111
3
1016
4
824
3
225
4
936
3
118
3
825
5
0
0
0
0
0
0
0
0
0
0
0
0
0
0
27
300
4
322
3
259
3
243
2
878
2
15
4
237
3
117
4
924
5
275
5
1060
4
864
4
926
2
100
4
9
3
1
4
7
3
477
2
25
3
118
3
476
3
147
4
1063
5
127
2
480
4
202
2
604
4
0
0
0
0
0
0
0
0
87
692
4
393
3
88
2
73
5
33
4
208
4
1118
3
780
4
72
2
367
3
4
4
585
4
451
1
746
4
94
2
790
4
384
3
944
5
80
4
721
4
386
3
383
2
940
3
401
1
1029
2
41
4
783
3
40
3
795
1
63
1
364
3
577
3
1036
1
183
4
55
5
79
5
96
5
385
5
176
3
568
5
184
3
82
5
231
4
233
3
161
3
38
3
53
4
62
4
241
4
578
5
541
4
576
2
398
2
554
4
391
3
810
3
540
3
200
4
559
5
561
4
567
3
769
3
542
2
624
5
419
4
432
4
584
5
71
3
143
2
588
3
420
4
418
3
755
3
417
3
501
3
625
4
142
3
91
3
172
5
174
3
173
4
50
5
8
5
181
5
87
5
28
4
404
3
0
0
0
0
0
0
0
0
0
0
0
38
288
2
289
3
300
4
328
4
317
3
654
3
98
4
1019
4
921
3
318
4
237
4
498
2
96
4
195
4
159
4
79
5
121
3
128
3
252
3
82
4
385
4
176
3
183
4
665
3
177
3
405
4
1132
2
147
4
71
3
410
2
322
3
148
1
117
3
56
2
50
4
276
3
871
3
333
3
75
331
4
14
3
283
2
1084
2
408
3
150
3
275
3
100
4
137
3
741
3
1
3
285
4
124
3
1199
1
922
4
222
3
273
3
7
4
116
3
1067
4
221
1
596
3
129
4
126
3
118
4
1197
4
458
4
845
3
288
3
748
3
322
3
323
4
245
3
988
1
991
3
15
4
1028
3
471
4
544
3
591
4
117
4
546
4
696
4
685
4
473
2
676
4
1011
4
476
3
1048
3
21
2
1047
3
866
3
225
3
284
4
979
3
460
3
125
4
282
4
756
3
740
2
147
2
742
4
840
2
1284
3
717
4
1009
2
111
4
235
3
763
3
294
4
292
3
274
3
628
4
819
2
477
3
0
0
0
0
0
72
790
4
11
4
12
5
496
4
382
4
56
5
180
5
170
5
474
4
134
5
770
4
64
5
47
4
81
5
175
5
55
5
461
4
169
5
182
5
318
5
204
5
91
4
4
4
85
5
70
4
941
5
580
5
209
5
189
5
693
5
663
5
201
4
96
5
53
4
239
5
357
5
214
5
1073
5
428
5
66
4
42
5
202
5
231
5
68
4
233
4
22
4
540
3
161
4
195
4
79
5
92
4
684
4
2
4
385
5
566
4
568
4
226
5
38
4
720
3
578
3
62
3
761
5
33
3
550
4
391
3
373
3
802
3
591
4
304
4
210
5
174
5
1067
4
0
0
0
0
0
0
0
0
0
0
0
0
0
0
0
0
0
71
515
5
100
4
24
3
276
4
137
3
1079
2
9
4
235
2
1
4
181
3
408
5
127
5
257
4
718
3
844
3
475
4
129
3
50
4
477
3
919
2
628
3
117
4
7
4
471
4
458
3
952
2
182
5
467
4
171
4
22
4
772
3
98
4
510
3
45
5
527
5
429
4
32
3
8
5
96
4
518
4
86
4
42
4
201
3
960
4
511
4
169
5
192
4
433
4
603
4
1101
4
730
3
69
4
530
4
724
3
654
4
212
3
195
3
923
3
55
4
31
3
56
5
168
3
735
3
198
5
178
5
70
3
943
3
318
4
488
4
273
4
151
5
0
0
86
258
4
222
3
647
4
514
3
135
5
174
5
185
5
178
4
69
4
209
4
531
4
140
3
161
4
657
4
615
4
189
4
318
5
50
5
28
5
165
5
197
4
64
4
179
4
357
4
173
4
408
5
71
4
210
5
496
5
181
5
96
4
215
3
566
4
480
5
238
4
427
4
8
5
433
5
1
5
228
5
180
5
144
5
972
3
194
5
428
4
423
4
603
3
48
4
199
5
707
5
52
4
70
4
168
5
515
5
169
5
31
3
1035
3
498
5
204
5
216
5
183
4
527
4
86
4
200
3
443
4
218
3
219
2
164
4
145
1
665
3
436
4
573
3
95
5
501
4
418
4
172
5
294
4
300
3
118
4
255
3
756
3
762
2
471
4
274
4
237
4
121
2
0
0
0
0
0
0
0
0
0
14
748
3
258
5
327
1
50
5
181
5
7
5
257
5
841
2
250
5
298
4
117
3
121
4
118
5
273
4
0
0
0
0
0
0
0
0
0
0
0
0
27
121
3
100
4
151
3
408
5
742
4
50
4
1
4
1028
4
181
4
117
4
934
3
237
5
282
4
225
3
756
4
411
3
1283
3
217
2
520
4
710
5
48
4
215
5
252
4
82
5
204
4
172
5
596
3
0
0
0
0
0
0
32
294
4
748
4
304
3
243
1
322
3
56
4
631
4
604
5
79
5
496
5
500
3
227
4
524
5
672
1
692
5
603
5
50
4
64
5
1172
5
182
5
735
5
98
4
478
4
318
5
185
5
178
5
650
5
772
5
1
5
8
2
170
5
205
5
0
140
258
4
333
3
300
2
273
3
9
3
127
4
12
4
318
4
193
4
521
5
423
3
64
3
191
2
23
4
357
5
11
4
197
3
527
3
48
5
28
2
178
5
180
3
69
3
187
3
650
3
39
3
942
2
508
2
523
4
192
2
582
2
58
3
222
2
135
4
196
2
651
3
697
4
655
3
97
5
662
4
282
4
632
5
471
3
1135
3
664
2
382
4
581
3
157
4
591
3
631
3
693
3
215
4
77
2
162
3
729
4
735
4
1311
1
660
3
628
4
403
2
1145
2
708
3
673
4
1232
2
130
1
649
2
546
1
98
4
56
4
176
2
183
2
185
5
504
5
79
4
234
2
939
4
230
2
654
3
742
3
449
2
684
3
229
2
218
4
566
2
636
1
159
4
121
2
1090
4
53
4
118
2
1248
3
281
3
977
3
1522
3
443
2
188
2
144
4
195
4
181
3
174
4
96
4
50
3
568
4
7
4
685
4
228
2
172
3
117
4
210
3
472
3
161
3
572
2
576
2
483
3
611
4
514
4
480
4
604
3
419
2
499
4
488
4
492
3
134
4
132
4
606
4
143
4
216
4
528
1
428
3
99
3
211
2
507
4
484
3
177
3
186
2
427
4
432
4
506
2
131
3
520
2
157
300
4
9
5
641
4
520
5
498
5
357
5
484
4
195
4
530
5
1050
3
48
4
22
5
480
4
429
4
1269
5
121
5
98
5
614
4
177
5
673
4
510
5
200
4
205
5
423
5
88
4
161
4
135
5
495
4
434
5
174
5
1455
3
183
5
654
4
178
4
318
5
645
4
230
4
194
5
470
4
606
4
202
4
133
5
211
5
196
5
474
4
427
4
506
4
449
4
228
4
238
3
97
5
632
4
604
4
141
5
172
5
483
5
527
5
1126
5
603
4
432
4
143
4
605
4
1205
3
492
4
187
4
275
4
132
5
489
4
496
4
100
4
965
4
180
4
131
5
69
5
188
5
191
5
481
4
836
4
584
4
523
4
490
4
241
3
197
5
517
4
23
3
663
4
661
5
511
5
705
5
617
4
659
4
215
3
89
4
210
4
519
4
82
5
31
4
1035
4
1020
4
499
4
193
4
199
5
482
5
153
4
237
4
1028
3
699
4
648
5
435
4
204
4
692
4
665
4
229
4
203
4
582
4
528
3
1221
3
15
4
504
3
630
3
144
4
393
3
485
4
657
4
671
3
451
4
72
4
1263
3
176
5
468
4
660
3
226
3
28
4
526
5
448
3
1203
4
239
4
185
4
356
4
157
4
52
4
216
4
419
4
163
4
610
4
118
4
521
3
138
3
385
4
684
4
378
3
50
5
181
5
127
5
71
4
179
4
491
3
0
0
0
0
0
0
0
0
47
258
4
288
4
300
4
294
2
748
3
323
2
328
3
259
1
322
3
7
4
275
4
127
5
100
4
25
3
222
4
628
4
1197
3
181
5
237
5
993
4
123
4
50
5
117
4
9
2
15
5
1
4
118
5
742
3
1012
4
471
4
235
1
764
2
926
4
864
2
596
3
819
2
458
3
276
3
293
4
257
5
1047
3
410
4
845
4
508
3
147
3
591
4
121
5
0
0
0
0
0
0
0
20
286
4
258
4
111
2
181
4
50
4
475
5
257
3
121
1
763
1
283
4
676
5
1115
4
476
4
250
2
275
5
744
4
222
3
25
4
151
4
10
5
157
220
5
1040
4
510
2
731
5
417
4
50
4
385
5
623
4
97
5
66
5
79
4
969
4
553
5
96
5
181
5
173
5
172
5
498
3
402
4
739
4
421
4
234
2
42
1
423
3
692
5
99
4
174
5
392
5
812
4
1220
5
82
5
215
3
202
4
61
3
432
4
746
4
69
3
462
3
195
3
776
4
177
2
88
4
1055
4
4
4
785
5
1469
4
238
3
660
4
585
4
365
3
419
3
1503
4
72
4
560
3
71
5
228
3
622
4
73
5
210
5
662
5
393
3
141
3
584
4
732
5
949
4
378
4
716
5
196
4
191
3
83
4
59
2
136
1
404
3
655
5
230
3
1053
4
568
5
729
5
941
5
60
1
506
3
495
4
486
4
946
4
747
3
431
3
95
4
38
4
418
3
243
4
762
4
168
2
178
2
728
4
627
4
588
4
625
3
542
4
1091
3
102
4
768
5
699
5
1221
4
366
5
1043
3
204
4
781
4
738
4
367
4
399
5
49
3
451
5
232
3
433
3
376
3
63
4
996
4
790
4
110
5
386
3
40
5
783
3
1037
4
944
4
1036
5
94
4
395
4
734
4
401
3
90
3
575
3
26
2
388
3
1178
4
722
3
67
3
1074
3
465
4
416
3
755
4
420
3
140
4
843
3
501
3
842
3
415
4
1480
4
398
4
400
3
78
4
794
4
796
4
724
3
1119
4
955
2
51
3
143
5
0
0
167
268
4
181
4
117
3
100
2
1
5
150
4
249
4
273
5
50
5
252
1
475
4
1016
4
298
4
546
4
284
4
455
3
591
4
7
3
235
2
106
2
111
3
685
3
926
4
288
4
713
4
471
4
410
4
222
3
756
2
248
4
237
4
108
4
976
1
405
3
24
3
118
2
257
4
282
3
276
3
1088
1
125
3
1047
3
1011
4
121
4
826
2
595
3
122
4
977
2
1215
1
254
1
412
2
250
2
743
2
202
5
175
3
144
5
87
4
157
4
433
2
42
5
81
4
64
5
28
5
234
4
231
3
174
4
11
4
789
4
588
4
71
3
480
5
56
5
399
2
216
4
217
2
447
3
172
4
228
3
68
4
89
3
470
4
96
4
697
2
955
4
179
4
95
4
12
4
168
4
195
4
145
2
69
4
31
4
658
4
944
2
83
4
176
5
98
5
22
4
208
3
692
3
239
4
318
5
92
3
274
3
629
2
53
1
143
3
462
4
173
5
1217
2
204
4
82
4
746
5
27
3
941
2
426
5
70
3
265
5
17
3
58
4
196
4
101
3
732
3
655
4
135
2
735
4
227
3
367
3
39
3
128
3
4
4
564
2
85
3
159
3
97
3
90
5
73
4
205
5
156
4
206
4
233
3
576
2
183
3
549
3
376
2
939
4
79
5
155
4
627
3
88
3
425
4
739
2
40
1
755
2
33
3
1188
2
232
4
161
5
2
3
761
3
158
2
182
5
1222
2
380
3
193
5
1045
2
778
2
0
0
0
0
0
0
0
0
0
25
321
2
288
3
294
3
358
3
748
4
322
4
245
4
873
4
264
1
15
4
181
4
111
3
1197
3
9
4
276
4
258
4
300
4
100
5
286
5
333
5
19
5
301
4
881
5
879
4
328
4
0
0
0
0
0
0
0
0
0
0
0
0
112
258
4
260
2
298
3
181
4
257
3
1016
3
250
4
252
4
254
2
7
4
511
4
408
5
178
4
195
4
22
3
474
4
919
4
234
4
172
4
238
4
175
4
405
2
174
5
100
2
42
2
173
5
204
4
196
4
191
4
200
3
95
4
97
4
214
4
153
4
206
3
423
4
152
4
732
3
228
5
71
3
240
3
56
4
208
4
662
4
188
3
926
3
655
3
209
4
568
3
98
4
470
4
455
4
39
3
161
4
235
2
147
3
659
4
222
4
28
4
117
3
755
3
393
3
636
3
231
3
79
3
81
4
64
4
226
3
202
4
367
3
496
4
189
4
118
3
449
3
91
4
4
4
380
3
230
4
2
3
747
4
550
3
403
3
650
3
88
3
186
4
225
3
434
4
1047
3
54
3
128
4
665
2
63
3
229
3
951
2
930
3
216
3
528
4
151
4
141
3
418
3
154
3
227
4
47
3
233
3
109
4
121
4
429
3
357
4
697
2
179
3
168
3
197
4
0
0
0
0
0
0
0
0
0
0
0
0
0
0
0
0
0
109
258
3
300
4
173
3
1
4
1149
5
171
4
275
3
1009
4
30
4
256
4
367
4
235
3
8
4
135
2
731
3
92
3
289
4
1652
1
527
3
1274
2
1119
4
71
3
9
2
50
4
22
3
96
4
228
3
89
4
117
4
176
4
147
4
403
2
210
4
568
3
399
2
118
2
195
3
222
2
230
3
550
2
554
1
121
3
3
1
99
3
95
3
432
4
588
4
473
3
501
3
418
3
1240
4
420
4
197
2
97
3
421
4
274
3
155
4
111
4
66
4
739
4
88
1
642
2
234
3
591
4
159
4
79
4
742
3
860
1
226
3
566
4
983
2
930
3
123
2
53
3
419
3
151
4
755
3
423
3
82
3
622
3
1031
2
138
2
225
1
63
3
404
3
91
3
409
2
398
3
383
3
161
3
122
1
141
3
603
5
178
5
100
5
181
4
402
4
183
4
1074
4
1060
4
143
5
919
5
245
3
323
3
325
3
753
2
435
3
251
4
55
5
0
0
16
300
5
258
4
748
4
294
5
323
4
678
2
1
5
742
5
127
2
181
5
298
4
275
4
220
5
24
3
756
4
118
5
40
258
5
288
4
300
1
748
4
873
4
819
1
845
5
237
3
278
4
125
4
928
1
111
4
181
3
50
3
25
2
255
3
841
3
65
2
776
5
172
3
183
2
216
2
185
2
98
3
202
3
71
4
204
4
604
4
631
3
162
3
195
4
365
5
1037
5
451
5
739
4
66
2
1135
4
723
2
120
1
375
4
66
258
4
288
4
748
4
294
3
678
2
358
3
326
1
988
1
245
5
243
3
1157
5
50
5
148
5
402
3
289
2
261
1
688
2
877
2
457
1
263
1
1197
3
222
4
127
3
181
5
1287
1
1
1
295
4
293
4
275
4
1272
1
123
3
283
4
235
3
7
4
508
1
9
2
477
1
1014
1
15
5
117
5
471
3
864
4
278
4
147
4
742
2
151
2
237
5
1012
1
455
2
546
5
476
2
214
1
426
1
205
4
1558
1
201
2
458
1
1152
2
628
4
924
4
1277
1
1163
2
282
4
840
4
291
3
125
4
0
0
0
0
0
0
0
0
61
303
4
258
5
302
2
268
5
875
4
300
5
288
4
333
5
323
5
289
5
678
2
358
3
748
5
294
3
301
4
325
4
331
3
988
3
328
3
246
5
813
5
15
5
298
4
250
5
936
5
924
5
253
5
50
3
100
5
93
5
929
4
117
5
919
5
14
5
111
5
257
4
255
4
297
5
123
3
7
5
1
5
181
3
275
5
477
4
295
4
508
5
129
5
475
5
25
5
240
2
473
5
546
4
1012
5
282
5
742
4
596
4
244
4
410
4
118
4
151
5
222
4
0
0
0
0
0
0
36
286
2
690
4
288
4
245
5
100
1
117
5
9
5
1
4
1079
2
273
4
357
5
157
3
521
5
523
4
205
4
527
4
15
4
223
4
180
5
196
5
212
5
127
1
135
3
509
4
168
5
153
1
238
4
216
4
818
5
202
5
522
5
56
5
42
5
204
5
692
5
652
5
0
35
258
5
304
3
300
3
879
3
328
4
294
5
243
4
1
4
181
5
15
4
109
3
235
4
222
4
121
3
117
4
50
5
926
4
275
4
471
4
7
3
255
4
257
4
596
4
111
4
118
5
284
3
125
4
21
5
1028
4
411
3
195
5
509
2
447
4
71
4
95
5
0
0
0
0
0
0
0
0
0
0
0
0
0
55
294
5
288
4
117
4
127
5
1014
3
181
4
9
3
844
4
150
4
237
3
1067
4
248
4
815
3
257
4
273
3
628
3
50
5
276
3
298
4
222
3
824
3
250
4
100
4
7
3
129
4
1142
5
235
3
293
4
1
4
109
4
118
2
151
5
1187
2
121
3
406
2
458
3
696
3
282
4
106
3
405
3
148
4
252
4
122
3
597
3
240
4
3
4
508
4
979
3
823
3
742
3
1365
2
685
3
456
3
591
4
928
3
0
0
0
0
235
321
3
289
3
258
4
988
3
323
4
748
5
878
4
687
4
259
5
243
4
1089
3
222
3
1
4
1283
4
815
5
826
5
274
5
1023
3
181
5
220
3
50
5
15
4
257
4
118
4
275
4
819
3
14
2
121
5
845
5
756
3
473
2
111
1
405
5
740
2
924
3
125
3
1282
3
112
3
281
4
164
4
197
2
1063
3
699
3
961
1
707
2
133
3
71
3
83
4
694
3
480
3
586
2
731
3
280
2
993
3
116
3
151
3
1337
3
21
5
105
3
306
3
225
4
827
4
930
5
1102
4
1164
3
1284
3
832
4
476
2
254
5
932
4
283
5
828
4
929
3
1049
3
825
3
472
3
926
4
563
2
28
4
705
4
588
4
97
1
493
3
1034
2
451
2
79
4
755
3
839
4
380
3
399
5
996
3
1035
4
732
2
231
2
1224
2
72
3
482
3
554
2
1544
3
560
3
208
3
736
5
377
3
781
2
143
5
734
3
202
2
444
2
671
2
132
4
1032
3
418
4
161
3
356
3
602
3
415
3
953
2
576
3
66
3
577
2
1003
3
785
3
155
3
98
1
498
3
365
3
1411
1
172
4
87
3
951
3
485
5
1435
2
423
3
486
4
946
2
173
5
568
4
204
4
196
3
403
4
692
4
174
4
719
1
491
4
603
3
610
3
194
4
210
4
367
3
191
4
945
3
1540
4
1517
4
88
4
168
4
2
4
805
4
378
4
585
3
49
4
163
3
239
4
746
4
73
4
949
3
659
4
110
4
571
3
728
4
394
4
862
3
722
3
944
4
158
2
1249
4
648
3
709
5
90
3
940
1
1446
4
94
3
63
5
393
3
1509
3
1270
3
1183
1
384
2
1043
3
395
3
998
3
1425
4
801
3
228
3
265
5
38
4
810
3
62
4
391
3
82
4
29
4
720
5
1239
4
662
3
402
3
1119
3
821
5
1297
3
142
3
1066
2
1469
3
463
3
95
5
140
4
420
3
419
4
623
3
768
4
417
3
1076
3
584
3
1503
3
465
4
138
3
795
3
400
3
432
4
941
3
52
3
81
3
1285
3
162
3
703
4
660
3
1139
3
1539
2
0
0
0
75
286
2
258
5
302
4
294
4
1025
3
326
5
288
3
323
5
687
3
358
3
678
4
748
4
327
2
260
4
879
5
259
2
266
3
330
2
263
1
261
3
304
3
484
3
657
4
196
3
135
4
134
3
197
3
665
4
183
5
176
5
56
3
234
5
185
3
98
4
201
4
447
2
445
3
443
4
448
3
200
4
436
4
440
3
672
3
218
3
217
3
219
5
674
2
444
4
441
3
559
2
396
2
53
4
573
4
669
1
569
3
452
4
567
4
563
3
379
4
769
5
565
3
300
4
299
4
681
4
331
4
184
4
264
4
194
4
646
4
670
4
333
4
7
5
760
3
424
2
413
4
0
0
0
0
0
0
0
0
0
0
0
0
0
0
36
258
3
876
4
300
3
327
4
294
4
288
4
748
4
329
4
358
4
328
4
324
2
245
2
289
2
1
4
928
3
222
4
121
3
15
3
129
4
9
3
124
4
7
4
273
5
118
3
147
3
546
4
24
4
455
3
924
3
117
5
405
3
281
4
840
2
363
3
597
2
831
1
0
0
0
62
294
4
1084
5
100
2
275
5
14
4
476
4
117
3
763
3
237
5
181
4
284
3
126
5
993
4
845
5
148
3
459
5
121
3
471
4
274
5
1
5
473
3
15
5
125
4
1197
5
151
4
405
4
1060
5
597
3
111
4
742
4
106
2
118
3
281
3
318
5
22
5
28
5
389
5
180
5
357
5
79
5
483
5
234
5
509
5
495
5
64
5
427
5
705
5
174
5
435
4
560
3
213
5
56
5
98
5
97
5
707
5
504
4
132
5
161
4
484
5
95
5
70
4
71
5
0
0
0
0
0
0
0
0
0
0
0
234
289
1
324
3
288
2
328
2
262
2
240
4
127
5
515
3
1386
4
129
3
50
2
475
3
980
3
1187
5
325
4
293
4
1353
3
933
4
7
3
508
5
273
3
1017
4
93
4
628
4
108
2
591
2
13
2
100
4
24
4
150
3
181
2
546
2
298
5
151
4
1012
4
235
4
742
3
250
3
460
2
696
3
405
3
1335
2
118
2
854
4
195
5
192
5
174
2
642
3
467
2
641
4
504
4
206
4
357
4
153
3
511
4
156
4
154
5
168
5
589
5
55
3
176
2
11
5
434
3
730
4
223
4
134
5
1070
5
522
2
1019
5
184
3
518
3
479
2
1154
4
923
5
1006
1
385
3
558
4
671
5
64
3
79
3
182
5
204
1
208
3
69
2
185
5
645
3
12
5
653
4
654
5
806
4
474
5
483
4
22
3
56
4
205
4
163
3
234
3
183
5
684
3
32
5
177
5
445
4
47
5
367
3
98
3
647
4
23
5
197
3
646
5
1428
3
429
3
128
3
656
4
198
4
135
4
1149
4
180
5
4
3
657
4
640
3
616
5
433
3
179
5
238
2
664
3
203
5
187
5
919
2
443
3
943
4
76
2
670
1
211
3
218
4
188
4
89
5
521
4
448
3
58
2
160
5
175
4
209
5
860
2
320
4
378
3
614
2
655
2
200
4
1427
3
506
2
191
4
432
4
96
5
157
2
1231
4
544
1
121
1
1016
1
597
1
403
1
186
1
249
1
819
1
1181
1
715
2
517
2
26
1
194
3
430
4
523
3
1118
3
202
4
451
1
381
4
396
3
152
2
745
4
111
2
428
2
1071
3
201
4
33
2
663
3
940
2
384
3
72
2
824
1
67
3
1029
1
122
2
401
2
577
1
28
3
92
2
233
2
431
2
581
1
449
2
230
1
552
3
573
1
673
4
53
1
379
2
452
1
649
3
675
4
436
2
217
2
665
3
861
3
447
5
219
4
441
1
444
3
667
1
172
2
679
3
161
1
68
4
526
4
576
3
578
1
540
1
1214
4
1597
5
1628
3
512
4
30
4
455
3
840
2
831
1
826
2
267
1
0
0
0
46
286
4
258
4
294
4
289
5
328
4
151
5
1009
5
237
3
222
3
16
2
13
4
276
1
15
3
181
3
9
3
20
4
19
4
596
3
274
4
275
4
220
4
125
5
111
4
283
5
250
2
284
1
763
1
740
5
472
3
25
3
277
2
950
2
285
4
476
3
628
3
535
1
278
3
1047
1
1049
1
762
2
280
2
225
3
926
1
845
4
717
1
934
2
0
57
319
1
286
4
258
4
333
4
321
1
326
4
292
3
264
3
323
4
260
2
127
5
1
4
713
2
276
3
475
5
129
4
458
5
257
3
50
5
244
3
864
3
100
3
181
3
7
2
93
4
277
2
813
4
455
4
285
5
255
3
117
5
742
3
111
4
121
3
845
4
825
4
410
1
237
3
118
2
106
2
950
4
1245
4
235
4
281
3
1381
3
696
2
508
3
123
3
532
3
1009
3
866
2
1085
5
1664
1
1048
1
220
3
130
3
846
2
0
0
0
0
0
0
0
0
0
0
0
142
687
2
696
3
284
3
295
5
544
4
473
4
290
4
147
4
121
4
717
3
111
3
845
3
1014
3
742
5
405
5
824
4
815
3
748
3
1047
3
1009
2
924
4
984
3
881
3
879
4
676
3
10
3
291
4
979
3
1051
2
818
2
472
3
930
3
109
4
123
4
455
3
129
4
250
5
298
5
9
4
248
4
410
4
760
4
1277
2
1089
3
252
3
932
3
1094
1
828
2
823
3
977
3
1059
3
825
4
987
1
1276
2
1023
3
240
4
363
4
619
4
112
1
1028
3
597
4
826
4
456
2
1337
3
1132
3
841
3
1245
4
981
1
125
4
866
3
1376
2
1254
1
820
3
974
2
1291
2
595
3
983
2
411
3
685
4
925
3
1034
1
122
2
412
2
975
2
840
3
833
3
1287
1
831
5
1095
3
531
3
234
4
160
5
435
4
553
4
95
4
238
5
22
5
128
4
806
4
132
4
12
4
182
5
480
5
11
5
192
4
48
4
56
5
4
5
161
3
588
4
1540
2
172
5
71
4
204
4
223
4
157
4
180
5
406
2
367
2
1676
2
64
5
475
4
68
3
79
4
193
4
228
4
8
4
174
5
693
5
176
4
153
3
483
4
23
4
27
4
92
5
144
5
564
3
159
3
772
3
231
4
31
4
17
5
0
0
0
0
0
0
0
0
6
300
4
286
4
262
4
303
3
302
4
333
3
0
0
0
0
0
0
0
0
0
105
286
4
289
2
873
2
288
4
327
4
328
3
988
2
641
4
646
4
520
5
95
4
178
4
474
4
497
4
653
4
195
4
127
5
48
4
69
4
697
4
514
5
170
5
185
4
188
5
428
4
134
4
171
4
174
5
603
5
58
5
317
4
197
5
657
5
1073
5
12
4
523
5
528
4
479
5
654
4
56
5
489
4
177
4
238
4
131
4
23
4
50
3
318
5
655
4
244
3
7
4
284
2
273
3
475
5
813
4
527
5
606
4
357
5
673
5
735
3
772
4
367
4
521
3
194
3
45
5
462
4
180
3
198
4
92
4
724
4
469
4
47
3
770
4
658
4
11
4
659
4
135
3
481
4
959
4
31
4
172
4
608
4
203
4
461
4
181
4
480
5
179
4
22
4
186
4
710
3
642
4
28
4
793
5
6
4
204
4
168
4
66
4
216
4
209
4
382
3
517
2
384
3
239
3
715
3
396
3
90
4
0
0
0
0
0
0
0
0
0
0
0
0
0
0
0
240
268
5
288
4
328
3
54
3
12
5
153
3
318
5
187
4
191
5
184
4
7
5
589
3
188
4
56
4
23
4
194
3
196
3
11
5
96
3
180
5
181
5
156
4
28
4
1
4
238
3
435
3
410
4
1170
3
92
3
475
5
50
5
48
4
512
1
172
5
175
4
160
1
546
1
128
4
200
3
168
4
64
5
4
3
357
4
518
4
228
4
710
4
47
4
367
4
55
4
483
4
789
3
150
4
558
3
657
5
157
4
1019
4
201
3
159
2
216
5
628
3
240
3
474
4
89
4
20
2
208
3
939
4
591
3
403
4
1073
4
27
2
218
3
178
5
237
4
544
4
209
4
919
4
15
3
65
3
212
2
173
5
182
4
234
3
69
2
204
3
496
4
772
1
24
4
177
4
584
4
813
4
732
3
582
1
425
4
10
3
195
4
171
4
941
2
1267
3
214
3
1010
5
101
4
581
4
233
3
176
4
433
2
100
4
49
4
692
3
231
2
42
5
943
3
273
2
71
4
9
5
1324
2
506
4
381
2
3
3
227
3
58
4
98
4
419
3
22
4
685
2
282
3
132
3
68
3
423
3
53
1
66
3
127
4
636
3
746
3
709
3
87
4
959
3
229
3
202
3
1067
5
144
4
241
4
81
4
95
5
1119
4
265
4
466
1
467
4
17
4
1208
3
222
4
239
3
1093
1
118
1
179
2
235
3
174
5
396
2
733
4
217
2
663
4
1048
4
79
5
5
3
549
3
826
1
380
3
26
4
232
3
799
1
568
3
655
4
129
5
803
2
63
3
164
4
623
1
33
4
183
5
230
2
43
2
393
3
108
5
94
4
147
5
67
4
762
5
686
4
62
3
559
2
385
3
781
4
726
1
697
1
761
4
2
4
824
4
715
1
405
3
371
1
186
4
721
5
833
5
566
3
161
5
29
1
1217
4
117
2
1074
2
631
4
1065
4
659
4
472
3
1046
2
783
1
449
3
1231
3
388
1
819
4
76
4
1095
2
693
4
451
3
1303
1
1467
5
364
3
1209
2
399
3
651
5
384
3
1489
1
790
4
1435
3
1421
2
801
3
578
4
80
3
550
4
1228
2
940
2
1014
5
0
0
0
0
0
0
59
258
3
288
3
323
2
298
4
1
5
294
3
69
5
259
3
237
4
1012
3
264
3
260
2
358
2
286
4
147
3
781
3
410
4
24
4
117
4
845
3
476
3
1245
2
405
5
240
4
118
4
125
3
471
4
976
1
235
3
411
3
928
3
820
3
290
3
220
3
597
4
122
2
412
3
148
3
1215
3
819
3
151
4
77
4
56
5
426
4
11
4
172
5
50
5
246
3
144
4
161
5
759
3
724
3
531
4
121
4
96
4
1218
3
849
3
815
3
771
3
0
0
0
0
0
0
0
0
0
0
0
0
0
0
0
0
0
0
53
268
2
611
3
523
4
498
5
427
5
483
5
474
3
653
3
507
3
496
4
482
5
132
5
602
5
661
2
172
3
154
4
654
3
56
2
443
4
64
4
610
4
185
3
616
3
168
5
479
4
204
2
186
3
659
5
194
4
173
4
238
4
152
4
655
5
192
4
318
4
197
5
646
3
357
5
520
2
517
4
1041
4
648
3
143
5
423
5
418
4
28
4
174
3
419
4
501
4
97
4
14
5
15
4
246
2
1
4
4
0
0
0
0
0
189
321
2
289
3
300
4
301
3
319
3
288
4
258
4
322
3
748
1
245
2
678
2
292
3
358
3
327
4
326
3
328
2
294
3
877
3
259
4
687
1
323
4
988
3
260
4
875
1
264
3
243
3
325
4
989
2
878
2
100
5
275
5
124
3
246
3
50
3
508
5
1152
4
276
5
1197
4
19
4
236
5
813
4
93
5
111
4
293
4
253
3
285
5
283
4
116
3
250
3
9
5
137
2
297
4
819
3
741
3
717
3
919
2
237
4
277
5
257
4
7
3
864
2
475
3
221
4
628
3
117
4
14
4
298
3
222
3
477
4
244
2
129
5
151
4
676
4
412
2
1048
3
25
4
740
3
125
4
282
4
1137
4
756
3
126
4
295
3
255
4
458
2
15
5
181
4
284
3
1
4
1086
4
147
4
1060
3
1134
2
21
2
1014
4
112
3
148
3
406
3
976
2
1258
3
742
4
20
1
16
4
815
2
1284
3
1315
2
1012
4
240
3
287
4
471
3
591
3
1047
3
832
3
1278
4
1277
4
183
3
462
3
223
4
318
5
447
4
85
2
174
4
558
5
238
3
168
1
23
3
582
5
382
5
12
3
200
4
31
3
527
4
946
4
1073
4
1101
5
98
5
193
2
140
5
732
3
794
4
202
3
11
4
118
4
57
5
88
2
217
4
531
3
564
2
1109
3
432
4
191
5
1119
3
28
4
144
4
755
3
418
4
99
4
82
5
660
4
4
1
58
5
218
4
423
5
5
4
709
3
64
5
1136
2
419
5
22
5
268
3
304
4
303
4
302
4
331
4
333
4
681
2
937
4
879
3
1114
3
201
4
372
3
953
3
367
4
69
3
95
4
787
3
204
4
715
5
70
4
0
0
0
0
0
0
0
0
0
0
0
0
0
184
64
5
475
2
318
4
132
3
22
5
357
4
42
1
214
3
95
3
56
5
98
5
474
5
210
3
160
3
317
4
153
3
238
2
79
3
183
4
735
3
168
3
127
5
11
4
508
3
100
5
193
4
523
4
789
4
89
4
234
3
28
4
151
4
69
4
215
3
1070
2
166
3
515
3
651
3
181
2
39
3
156
4
179
5
194
4
12
4
52
3
97
2
367
4
7
4
159
3
219
1
583
3
228
4
433
1
211
4
435
4
125
4
187
4
1
3
284
2
176
3
230
3
654
4
21
1
4
3
50
4
410
3
9
3
652
3
483
4
135
4
175
4
164
2
467
3
195
4
25
2
470
4
471
3
73
4
732
3
392
3
447
2
209
2
218
3
88
3
265
4
87
4
204
3
180
5
202
2
174
4
746
4
200
4
222
1
823
2
182
4
627
2
226
2
196
4
157
4
144
4
1017
3
476
2
62
1
177
4
173
3
70
2
96
2
241
2
273
3
53
1
282
3
58
3
121
3
216
3
710
2
163
2
232
1
393
2
154
2
934
1
239
3
67
1
959
1
1188
1
105
2
384
1
94
1
167
2
451
1
72
3
63
2
186
4
1183
3
1028
2
388
1
575
1
866
2
1037
1
734
2
765
1
763
3
110
1
940
1
80
2
411
2
577
1
1246
1
1110
3
585
1
559
2
561
3
452
1
453
1
424
1
441
2
569
1
184
1
665
1
834
1
233
2
231
1
172
2
229
1
227
1
679
1
546
2
403
3
161
2
636
2
82
3
399
3
405
3
117
2
550
1
38
2
576
1
385
3
449
1
568
2
840
3
578
1
597
1
391
1
1228
1
0
0
0
0
0
0
0
22
258
4
300
4
294
4
358
2
117
5
408
5
181
5
298
5
919
5
7
4
257
4
124
5
993
4
763
3
475
4
455
4
222
2
273
3
147
4
1007
4
15
4
1
5
0
38
64
5
181
4
28
4
174
4
100
5
1067
2
127
5
508
5
763
4
50
4
412
2
475
5
117
4
9
3
124
3
685
4
471
5
405
4
928
5
24
4
274
3
121
3
1028
2
717
4
756
2
1047
2
111
4
284
2
546
4
282
5
831
2
825
3
281
4
824
4
1011
2
122
1
595
2
406
3
