MLCPP_ARCHIVE_V1
"MultinomialNB_V1"
0.5
2
-0.13491394503609128
-2.0698168283056262
2
3000
-3.118070314600772
-3.7424774625349584
-3.5088105510676306
-4.1794628955796727
-4.069663503580002
-4.3992272498574039
-4.2202580260722025
-4.3324322403610998
-4.557267680414264
-4.4759955384871528
-4.4725323315625349
-4.8888600274717549
-4.5686206878792603
-5.0851715181232908
-4.8655429089165256
-4.9707611669455467
-4.7292943404813563
-4.8941162813605814
-5.754676935626196
-5.3461014051036386
-5.1375566532105816
-5.0568677419604393
-5.032364218904525
-5.0445409294797807
-5.3296739309616914
-5.0662136043786763
-5.032364218904525
-5.1077531228200002
-5.0693484031840486
-5.1375566532105816
-5.6540002692807958
-5.2071499450097773
-5.4190951710139572
-5.3712599647397941
-5.1999685856011126
-5.1999685856011126
-5.2897484685525074
-5.2936700422056884
-5.4146507192535331
-5.542181778069021
-5.562538715137765
-5.3883910046699777
-5.8391427024163916
-5.384080653168855
-5.9927285700286914
-5.6767932788093525
-5.5574104987708459
-5.5124029027134096
-5.4740288898317946
-5.6153214147156847
-5.5991920327858011
-5.5676933657264298
-5.799270311169014
-5.6262207051737203
-5.4507720276675276
-5.6099159961487768
-5.4646611398281948
-5.6262207051737203
-5.6372401004233303
-5.6767932788093525
-5.7239996833791489
-6.9935185656029555
-5.6942355814726948
-5.7609269559713674
-5.8123852532468421
-6.1933992654908421
-5.7799148682160579
-5.7361578878589583
-5.8459454497391441
-6.0006651196244274
-6.3276210274903857
-5.7001179513757609
-5.9388694003559621
-5.8190077940073355
-6.2031080796178033
-6.8721577085986878
-6.1279553572384584
-6.0006651196244274
-6.0330566154156626
-6.0413211252655561
-6.0086651622915044
-6.0837003482344176
-6.222813150697136
-6.222813150697136
-6.1554800306285484
-6.0248598482114843
-6.2129120797144246
-7.2086299452199007
-6.0330566154156626
-8.1588222287697381
-6.2738446307095819
-6.253118500192465
-6.2031080796178033
-6.8913890705265759
-6.6978043214539102
-7.3214254393652451
-6.4201725848556306
-6.9514070802528289
-6.253118500192465
-6.3057622336778865
-6.2328132340317195
-6.222813150697136
-6.7139337033837938
-7.5558261452040894
-6.3276210274903857
-6.1648258930467863
-6.2031080796178033
-6.2843710436965692
-6.3166319059147904
-6.3276210274903857
-6.3499683261823821
-6.2950094419016249
-6.3728264642584325
-6.6819309722976206
-6.8721577085986878
-8.3906238428270612
-6.4572138565359802
-6.1837838067914008
-6.4447136937717486
-6.5493843163356376
-6.0837003482344176
-6.8913890705265759
-6.3728264642584325
-6.3728264642584325
-6.3962193438331383
-6.4081242463394563
-6.6663056543945398
-6.5221717528107526
-6.7469945656446821
-7.1316689040837726
-6.4572138565359802
-6.4956801373637765
-6.5916441256255194
-11.526118058756211
-6.5773581683780433
-6.7139337033837938
-6.5088382219412875
-6.6819309722976206
-6.3276210274903857
-6.6208432803177821
-6.5088382219412875
-6.5088382219412875
-6.9109975419149521
-6.6061371329280867
-6.6978043214539102
-6.930998208621622
-6.6208432803177821
-6.635768930534458
-6.635768930534458
-6.635768930534458
-6.7811859303929616
-8.0921308542710655
-7.1566702062891903
-6.4201725848556306
-7.1566702062891903
-6.7469945656446821
-6.6208432803177821
-6.6509207355550597
-10.427505770088102
-7.1823126369025276
-6.6819309722976206
-6.7639441239584555
-6.4572138565359802
-6.9109975419149521
-6.8721577085986878
-6.7303275131594704
-6.8532892242943051
-6.7987302400438709
-6.7303275131594704
-6.6663056543945398
-6.6978043214539102
-6.7303275131594704
-6.7139337033837938
-6.9109975419149521
-6.6819309722976206
-6.7303275131594704
-11.526118058756211
-6.7469945656446821
-6.7987302400438709
-6.8721577085986878
-6.7987302400438709
-6.9109975419149521
-7.0374816890240721
-11.526118058756211
-6.8721577085986878
-6.7303275131594704
-6.8913890705265759
-6.9935185656029555
-6.9109975419149521
-6.972241167155671
-9.5802079097008974
-7.0152585522393611
-9.3288934814199926
-6.9514070802528289
-6.972241167155671
-6.972241167155671
-6.8532892242943051
-7.2086299452199007
-6.972241167155671
-7.0152585522393611
-10.427505770088102
-6.8532892242943051
-6.9514070802528289
-8.4815956210327883
-8.5816790795897706
-7.0374816890240721
-6.9935185656029555
-6.9935185656029555
-7.0152585522393611
-7.0374816890240721
-8.6929047146999956
-7.0374816890240721
-7.4830667909216615
-6.9514070802528289
-6.9935185656029555
-7.7649179430626489
-7.1566702062891903
-7.0374816890240721
-6.9935185656029555
-7.1072774509596135
-7.0374816890240721
-7.1072774509596135
-7.0834668022658951
-9.1282227859578402
-7.0602099401016281
-7.1072774509596135
-6.9935185656029555
-8.6929047146999956
-7.1823126369025276
-7.0602099401016281
-7.0152585522393611
-7.1072774509596135
-7.1072774509596135
-7.1316689040837726
-7.1566702062891903
-7.0834668022658951
-7.1316689040837726
-7.4485806148504921
-7.1316689040837726
-7.1316689040837726
-7.5187848735237406
-7.1316689040837726
-7.1566702062891903
-6.9514070802528289
-8.9611687012946746
-7.1316689040837726
-7.0834668022658951
-7.3517307888605741
-7.1316689040837726
-7.3829833323646792
-7.2356586176078208
-9.9166801463221113
-10.427505770088102
-7.2086299452199007
-7.1823126369025276
-9.9166801463221113
-7.1823126369025276
-7.2086299452199007
-11.526118058756211
-7.5942924260318856
-7.4485806148504921
-7.3517307888605741
-7.2356586176078208
-7.2634381817148963
-7.2634381817148963
-7.3829833323646792
-7.2634381817148963
-7.2086299452199007
-7.1316689040837726
-7.1316689040837726
-7.2920115541589521
-7.3517307888605741
-7.2356586176078208
-7.2634381817148963
-7.2086299452199007
-7.2086299452199007
-7.2920115541589521
-7.3517307888605741
-8.6929047146999956
-8.3072422338880116
-7.4485806148504921
-7.2920115541589521
-8.3072422338880116
-11.526118058756211
-7.5187848735237406
-7.6342977606455849
-7.2920115541589521
-7.3517307888605741
-7.3517307888605741
-8.9611687012946746
-8.6929047146999956
-7.5942924260318856
-7.3517307888605741
-7.4485806148504921
-7.3214254393652451
-7.6759704570461533
-7.6342977606455849
-7.3829833323646792
-8.5816790795897706
-10.427505770088102
-7.3829833323646792
-7.5558261452040894
-7.8125459920519038
-7.3829833323646792
-7.3829833323646792
-7.5558261452040894
-9.1282227859578402
-7.4152441945829004
-7.5187848735237406
-8.5816790795897706
-7.4152441945829004
-7.4830667909216615
-7.4485806148504921
-7.7649179430626489
-7.4152441945829004
-11.526118058756211
-8.0296104972897311
-7.4485806148504921
-7.6342977606455849
-7.4830667909216615
-7.4485806148504921
-7.5942924260318856
-7.5558261452040894
-7.9707699972667978
-7.4485806148504921
-7.6759704570461533
-7.4830667909216615
-7.4152441945829004
-9.1282227859578402
-7.3829833323646792
-11.526118058756211
-7.5187848735237406
-7.3517307888605741
-8.0921308542710655
-7.4485806148504921
-7.5942924260318856
-7.5558261452040894
-7.8125459920519038
-9.3288934814199926
-7.5942924260318856
-7.5942924260318856
-7.5558261452040894
-10.427505770088102
-7.5558261452040894
-7.5558261452040894
-7.5558261452040894
-8.9611687012946746
-7.5558261452040894
-7.5558261452040894
-7.5558261452040894
-7.7649179430626489
-7.5558261452040894
-7.8125459920519038
-8.8180678576540021
-7.9707699972667978
-11.526118058756211
-7.5942924260318856
-7.5942924260318856
-8.6929047146999956
-10.427505770088102
-7.6342977606455849
-7.5558261452040894
-8.2302811927518817
-7.5942924260318856
-7.5187848735237406
-7.5942924260318856
-7.6342977606455849
-7.5558261452040894
-8.6929047146999956
-10.427505770088102
-11.526118058756211
-7.6342977606455849
-7.6759704570461533
-7.5187848735237406
-7.4830667909216615
-7.5558261452040894
-7.7649179430626489
-7.6759704570461533
-7.915200146111987
-7.5558261452040894
-7.6342977606455849
-7.8125459920519038
-7.5942924260318856
-7.6759704570461533
-11.526118058756211
-8.2302811927518817
-7.6759704570461533
-7.6342977606455849
-8.2302811927518817
-7.6759704570461533
-7.6342977606455849
-7.6759704570461533
-8.6929047146999956
-7.6342977606455849
-7.5942924260318856
-9.9166801463221113
-9.5802079097008974
-9.3288934814199926
-9.5802079097008974
-9.1282227859578402
-7.7194555689858921
-8.6929047146999956
-7.6342977606455849
-7.6759704570461533
-7.7194555689858921
-11.526118058756211
-7.6342977606455849
-7.5942924260318856
-8.9611687012946746
-10.427505770088102
-7.6342977606455849
-7.7649179430626489
-9.5802079097008974
-9.3288934814199926
-11.526118058756211
-7.7194555689858921
-7.7649179430626489
-7.7194555689858921
-7.7649179430626489
-7.7194555689858921
-7.9707699972667978
-7.7194555689858921
-7.7649179430626489
-7.6759704570461533
-7.7649179430626489
-7.7649179430626489
-7.8125459920519038
-7.915200146111987
-7.7649179430626489
-7.6759704570461533
-7.9707699972667978
-7.7194555689858921
-7.7194555689858921
-7.6759704570461533
-7.7194555689858921
-7.915200146111987
-11.526118058756211
-8.0921308542710655
-7.8625564126265655
-7.5187848735237406
-7.7194555689858921
-7.7194555689858921
-7.9707699972667978
-8.1588222287697381
-7.7649179430626489
-7.915200146111987
-7.7649179430626489
-7.7194555689858921
-7.7649179430626489
-7.7194555689858921
-7.915200146111987
-7.7194555689858921
-7.7649179430626489
-8.8180678576540021
-7.7649179430626489
-8.0921308542710655
-7.8125459920519038
-8.3906238428270612
-7.8125459920519038
-7.9707699972667978
-8.8180678576540021
-11.526118058756211
-7.5187848735237406
-7.8125459920519038
-7.915200146111987
-11.526118058756211
-7.8625564126265655
-8.0296104972897311
-7.8625564126265655
-8.0296104972897311
-7.915200146111987
-7.8625564126265655
-7.915200146111987
-7.8625564126265655
-7.8625564126265655
-7.8625564126265655
-7.8625564126265655
-7.8625564126265655
-11.526118058756211
-7.8625564126265655
-7.8625564126265655
-7.8625564126265655
-7.8625564126265655
-7.8625564126265655
-8.1588222287697381
-9.9166801463221113
-7.915200146111987
-7.9707699972667978
-8.8180678576540021
-7.915200146111987
-7.8625564126265655
-7.915200146111987
-8.4815956210327883
-7.9707699972667978
-8.0296104972897311
-7.7194555689858921
-9.3288934814199926
-7.915200146111987
-9.5802079097008974
-7.915200146111987
-8.6929047146999956
-7.915200146111987
-7.8625564126265655
-7.9707699972667978
-7.915200146111987
-7.9707699972667978
-7.8625564126265655
-11.526118058756211
-7.9707699972667978
-8.3906238428270612
-9.9166801463221113
-11.526118058756211
-8.8180678576540021
-8.0296104972897311
-8.0296104972897311
-8.0296104972897311
-8.9611687012946746
-9.1282227859578402
-8.0921308542710655
-7.8125459920519038
-7.915200146111987
-8.0296104972897311
-11.526118058756211
-11.526118058756211
-8.0921308542710655
-8.0296104972897311
-10.427505770088102
-8.0921308542710655
-8.1588222287697381
-8.0296104972897311
-10.427505770088102
-8.0296104972897311
-8.1588222287697381
-7.9707699972667978
-7.915200146111987
-8.0296104972897311
-8.0921308542710655
-8.0296104972897311
-8.0296104972897311
-10.427505770088102
-7.9707699972667978
-11.526118058756211
-8.0296104972897311
-11.526118058756211
-8.9611687012946746
-11.526118058756211
-11.526118058756211
-8.3072422338880116
-11.526118058756211
-10.427505770088102
-8.0921308542710655
-8.4815956210327883
-8.0921308542710655
-8.2302811927518817
-8.4815956210327883
-8.0921308542710655
-8.0921308542710655
-8.4815956210327883
-8.1588222287697381
-7.9707699972667978
-8.0921308542710655
-8.1588222287697381
-8.0296104972897311
-8.0921308542710655
-8.4815956210327883
-8.2302811927518817
-8.1588222287697381
-8.8180678576540021
-8.6929047146999956
-8.9611687012946746
-8.0296104972897311
-9.3288934814199926
-8.3906238428270612
-11.526118058756211
-8.0921308542710655
-8.0296104972897311
-8.0921308542710655
-10.427505770088102
-8.0921308542710655
-8.0921308542710655
-8.0921308542710655
-8.1588222287697381
-11.526118058756211
-8.0296104972897311
-8.3072422338880116
-11.526118058756211
-11.526118058756211
-8.1588222287697381
-9.5802079097008974
-7.915200146111987
-8.1588222287697381
-9.1282227859578402
-10.427505770088102
-8.1588222287697381
-8.9611687012946746
-8.0296104972897311
-8.5816790795897706
-11.526118058756211
-11.526118058756211
-8.1588222287697381
-8.2302811927518817
-8.1588222287697381
-8.8180678576540021
-8.1588222287697381
-8.1588222287697381
-8.8180678576540021
-11.526118058756211
-8.1588222287697381
-8.1588222287697381
-8.1588222287697381
-7.915200146111987
-8.0921308542710655
-8.1588222287697381
-8.8180678576540021
-8.0921308542710655
-8.3072422338880116
-8.0296104972897311
-8.0921308542710655
-8.1588222287697381
-8.2302811927518817
-8.4815956210327883
-8.1588222287697381
-9.9166801463221113
-8.1588222287697381
-8.3072422338880116
-9.3288934814199926
-8.1588222287697381
-11.526118058756211
-8.2302811927518817
-11.526118058756211
-8.3906238428270612
-8.5816790795897706
-8.0921308542710655
-8.4815956210327883
-8.5816790795897706
-9.1282227859578402
-8.2302811927518817
-11.526118058756211
-8.2302811927518817
-8.3072422338880116
-9.1282227859578402
-8.2302811927518817
-8.2302811927518817
-8.3906238428270612
-8.0296104972897311
-8.2302811927518817
-8.1588222287697381
-8.8180678576540021
-8.4815956210327883
-8.2302811927518817
-8.3072422338880116
-8.2302811927518817
-8.9611687012946746
-10.427505770088102
-8.2302811927518817
-8.3072422338880116
-8.4815956210327883
-8.2302811927518817
-8.2302811927518817
-8.4815956210327883
-8.2302811927518817
-8.1588222287697381
-8.2302811927518817
-8.2302811927518817
-8.3906238428270612
-9.1282227859578402
-8.0921308542710655
-8.1588222287697381
-11.526118058756211
-11.526118058756211
-8.1588222287697381
-8.3906238428270612
-8.3906238428270612
-8.9611687012946746
-8.3072422338880116
-8.8180678576540021
-8.3906238428270612
-8.3072422338880116
-11.526118058756211
-8.3072422338880116
-8.5816790795897706
-8.4815956210327883
-8.6929047146999956
-8.3072422338880116
-8.3072422338880116
-11.526118058756211
-8.3072422338880116
-8.3072422338880116
-8.3072422338880116
-8.3072422338880116
-8.3072422338880116
-11.526118058756211
-8.3072422338880116
-9.1282227859578402
-8.3072422338880116
-8.4815956210327883
-8.8180678576540021
-10.427505770088102
-8.0921308542710655
-8.3072422338880116
-8.3072422338880116
-8.3072422338880116
-8.3072422338880116
-8.3072422338880116
-10.427505770088102
-11.526118058756211
-10.427505770088102
-8.3906238428270612
-8.3072422338880116
-8.5816790795897706
-9.5802079097008974
-11.526118058756211
-9.3288934814199926
-11.526118058756211
-8.9611687012946746
-8.5816790795897706
-8.9611687012946746
-8.3906238428270612
-9.9166801463221113
-11.526118058756211
-10.427505770088102
-8.3072422338880116
-8.3906238428270612
-10.427505770088102
-8.2302811927518817
-9.1282227859578402
-8.5816790795897706
-8.3906238428270612
-8.3906238428270612
-8.3906238428270612
-8.3906238428270612
-8.3906238428270612
-8.3906238428270612
-8.5816790795897706
-8.3906238428270612
-8.3906238428270612
-8.3906238428270612
-8.4815956210327883
-8.3906238428270612
-8.5816790795897706
-9.1282227859578402
-8.3906238428270612
-9.1282227859578402
-8.3906238428270612
-8.3072422338880116
-8.2302811927518817
-11.526118058756211
-8.3906238428270612
-8.3906238428270612
-8.4815956210327883
-9.5802079097008974
-11.526118058756211
-8.3906238428270612
-11.526118058756211
-8.3906238428270612
-8.4815956210327883
-8.2302811927518817
-8.4815956210327883
-8.3906238428270612
-8.3906238428270612
-8.8180678576540021
-8.3072422338880116
-8.3072422338880116
-11.526118058756211
-11.526118058756211
-11.526118058756211
-8.9611687012946746
-8.4815956210327883
-11.526118058756211
-9.3288934814199926
-8.4815956210327883
-8.4815956210327883
-9.5802079097008974
-8.5816790795897706
-10.427505770088102
-11.526118058756211
-8.4815956210327883
-8.4815956210327883
-8.5816790795897706
-9.1282227859578402
-8.5816790795897706
-8.5816790795897706
-8.8180678576540021
-8.4815956210327883
-8.4815956210327883
-8.5816790795897706
-8.6929047146999956
-8.4815956210327883
-10.427505770088102
-8.6929047146999956
-8.4815956210327883
-8.4815956210327883
-9.9166801463221113
-9.9166801463221113
-8.3072422338880116
-8.6929047146999956
-8.3906238428270612
-8.4815956210327883
-9.9166801463221113
-8.5816790795897706
-11.526118058756211
-8.4815956210327883
-11.526118058756211
-8.3072422338880116
-8.4815956210327883
-9.5802079097008974
-8.3072422338880116
-11.526118058756211
-8.4815956210327883
-11.526118058756211
-11.526118058756211
-8.4815956210327883
-8.4815956210327883
-9.3288934814199926
-8.4815956210327883
-11.526118058756211
-11.526118058756211
-8.4815956210327883
-8.4815956210327883
-9.3288934814199926
-8.3906238428270612
-8.6929047146999956
-11.526118058756211
-8.5816790795897706
-11.526118058756211
-9.1282227859578402
-11.526118058756211
-8.5816790795897706
-9.5802079097008974
-8.5816790795897706
-11.526118058756211
-8.5816790795897706
-10.427505770088102
-9.1282227859578402
-9.9166801463221113
-8.5816790795897706
-8.5816790795897706
-8.6929047146999956
-8.5816790795897706
-9.1282227859578402
-9.9166801463221113
-8.6929047146999956
-9.9166801463221113
-8.8180678576540021
-8.6929047146999956
-8.5816790795897706
-8.6929047146999956
-8.4815956210327883
-8.5816790795897706
-8.5816790795897706
-8.5816790795897706
-8.6929047146999956
-8.5816790795897706
-8.4815956210327883
-8.6929047146999956
-8.4815956210327883
-9.1282227859578402
-8.5816790795897706
-8.5816790795897706
-8.5816790795897706
-8.6929047146999956
-8.5816790795897706
-10.427505770088102
-8.5816790795897706
-8.5816790795897706
-8.8180678576540021
-8.4815956210327883
-9.1282227859578402
-8.5816790795897706
-8.5816790795897706
-8.9611687012946746
-8.5816790795897706
-8.8180678576540021
-8.6929047146999956
-8.3906238428270612
-8.8180678576540021
-8.6929047146999956
-8.5816790795897706
-8.5816790795897706
-8.5816790795897706
-8.8180678576540021
-8.5816790795897706
-9.3288934814199926
-8.5816790795897706
-8.5816790795897706
-9.5802079097008974
-8.5816790795897706
-8.8180678576540021
-8.4815956210327883
-8.5816790795897706
-11.526118058756211
-8.5816790795897706
-8.5816790795897706
-9.5802079097008974
-8.5816790795897706
-8.5816790795897706
-8.5816790795897706
-8.3906238428270612
-8.4815956210327883
-9.1282227859578402
-8.5816790795897706
-9.5802079097008974
-8.5816790795897706
-8.5816790795897706
-9.9166801463221113
-9.5802079097008974
-8.6929047146999956
-9.5802079097008974
-8.6929047146999956
-10.427505770088102
-11.526118058756211
-8.6929047146999956
-8.6929047146999956
-8.8180678576540021
-8.8180678576540021
-8.6929047146999956
-8.6929047146999956
-8.6929047146999956
-8.6929047146999956
-8.6929047146999956
-8.6929047146999956
-8.6929047146999956
-11.526118058756211
-8.6929047146999956
-8.5816790795897706
-8.6929047146999956
-9.5802079097008974
-8.6929047146999956
-8.8180678576540021
-8.6929047146999956
-8.6929047146999956
-10.427505770088102
-8.6929047146999956
-8.6929047146999956
-8.3072422338880116
-8.6929047146999956
-8.6929047146999956
-8.6929047146999956
-8.6929047146999956
-8.6929047146999956
-9.5802079097008974
-9.1282227859578402
-8.6929047146999956
-8.6929047146999956
-8.8180678576540021
-8.6929047146999956
-8.6929047146999956
-8.6929047146999956
-8.8180678576540021
-8.4815956210327883
-11.526118058756211
-8.9611687012946746
-8.6929047146999956
-8.6929047146999956
-11.526118058756211
-8.6929047146999956
-10.427505770088102
-8.5816790795897706
-8.6929047146999956
-8.6929047146999956
-8.9611687012946746
-8.5816790795897706
-8.8180678576540021
-10.427505770088102
-8.6929047146999956
-8.6929047146999956
-8.6929047146999956
-10.427505770088102
-8.6929047146999956
-8.6929047146999956
-9.1282227859578402
-9.3288934814199926
-8.6929047146999956
-8.6929047146999956
-8.8180678576540021
-8.8180678576540021
-8.6929047146999956
-9.5802079097008974
-8.6929047146999956
-8.8180678576540021
-10.427505770088102
-8.4815956210327883
-8.8180678576540021
-9.9166801463221113
-8.6929047146999956
-8.6929047146999956
-8.6929047146999956
-8.5816790795897706
-10.427505770088102
-11.526118058756211
-9.1282227859578402
-8.6929047146999956
-8.5816790795897706
-8.6929047146999956
-8.6929047146999956
-8.6929047146999956
-8.6929047146999956
-8.6929047146999956
-11.526118058756211
-11.526118058756211
-11.526118058756211
-11.526118058756211
-11.526118058756211
-11.526118058756211
-11.526118058756211
-11.526118058756211
-9.9166801463221113
-8.8180678576540021
-11.526118058756211
-8.8180678576540021
-8.8180678576540021
-10.427505770088102
-9.1282227859578402
-8.8180678576540021
-8.6929047146999956
-8.8180678576540021
-8.8180678576540021
-8.8180678576540021
-8.8180678576540021
-11.526118058756211
-9.1282227859578402
-8.8180678576540021
-10.427505770088102
-8.9611687012946746
-9.3288934814199926
-11.526118058756211
-8.5816790795897706
-8.9611687012946746
-8.8180678576540021
-8.8180678576540021
-8.8180678576540021
-8.8180678576540021
-8.8180678576540021
-8.8180678576540021
-10.427505770088102
-9.9166801463221113
-9.9166801463221113
-8.8180678576540021
-8.8180678576540021
-8.8180678576540021
-10.427505770088102
-8.5816790795897706
-8.8180678576540021
-8.8180678576540021
-8.8180678576540021
-8.6929047146999956
-11.526118058756211
-11.526118058756211
-8.6929047146999956
-8.8180678576540021
-8.8180678576540021
-8.5816790795897706
-8.8180678576540021
-8.8180678576540021
-8.8180678576540021
-8.8180678576540021
-8.9611687012946746
-8.9611687012946746
-8.8180678576540021
-8.8180678576540021
-8.8180678576540021
-8.8180678576540021
-9.3288934814199926
-8.8180678576540021
-8.9611687012946746
-8.8180678576540021
-8.8180678576540021
-11.526118058756211
-8.8180678576540021
-9.1282227859578402
-9.3288934814199926
-8.8180678576540021
-8.8180678576540021
-8.8180678576540021
-8.6929047146999956
-9.5802079097008974
-9.9166801463221113
-8.8180678576540021
-10.427505770088102
-8.8180678576540021
-8.8180678576540021
-8.8180678576540021
-8.9611687012946746
-9.3288934814199926
-8.8180678576540021
-8.8180678576540021
-9.9166801463221113
-8.8180678576540021
-8.6929047146999956
-9.1282227859578402
-8.8180678576540021
-8.9611687012946746
-11.526118058756211
-8.6929047146999956
-8.8180678576540021
-11.526118058756211
-8.8180678576540021
-8.8180678576540021
-10.427505770088102
-11.526118058756211
-9.1282227859578402
-8.6929047146999956
-8.6929047146999956
-11.526118058756211
-11.526118058756211
-9.9166801463221113
-9.9166801463221113
-9.3288934814199926
-8.9611687012946746
-11.526118058756211
-8.9611687012946746
-8.9611687012946746
-10.427505770088102
-9.9166801463221113
-8.9611687012946746
-8.9611687012946746
-8.9611687012946746
-8.9611687012946746
-8.9611687012946746
-11.526118058756211
-9.9166801463221113
-8.9611687012946746
-8.9611687012946746
-8.9611687012946746
-8.9611687012946746
-8.9611687012946746
-8.9611687012946746
-8.9611687012946746
-9.1282227859578402
-8.9611687012946746
-8.9611687012946746
-11.526118058756211
-10.427505770088102
-8.9611687012946746
-10.427505770088102
-8.9611687012946746
-8.9611687012946746
-10.427505770088102
-8.8180678576540021
-11.526118058756211
-9.1282227859578402
-8.9611687012946746
-8.9611687012946746
-9.1282227859578402
-9.9166801463221113
-8.9611687012946746
-8.9611687012946746
-9.1282227859578402
-11.526118058756211
-9.1282227859578402
-8.8180678576540021
-9.1282227859578402
-8.9611687012946746
-8.6929047146999956
-8.8180678576540021
-8.9611687012946746
-8.8180678576540021
-8.9611687012946746
-8.9611687012946746
-9.5802079097008974
-11.526118058756211
-8.8180678576540021
-8.9611687012946746
-9.5802079097008974
-8.9611687012946746
-9.3288934814199926
-9.9166801463221113
-9.1282227859578402
-9.1282227859578402
-8.9611687012946746
-8.9611687012946746
-8.9611687012946746
-8.6929047146999956
-11.526118058756211
-11.526118058756211
-11.526118058756211
-8.9611687012946746
-10.427505770088102
-9.9166801463221113
-9.9166801463221113
-8.9611687012946746
-9.3288934814199926
-8.9611687012946746
-10.427505770088102
-8.9611687012946746
-8.9611687012946746
-9.3288934814199926
-8.9611687012946746
-11.526118058756211
-9.3288934814199926
-9.9166801463221113
-11.526118058756211
-11.526118058756211
-8.9611687012946746
-8.9611687012946746
-8.9611687012946746
-8.4815956210327883
-9.1282227859578402
-8.9611687012946746
-8.9611687012946746
-8.9611687012946746
-8.9611687012946746
-9.3288934814199926
-8.9611687012946746
-8.8180678576540021
-8.9611687012946746
-8.8180678576540021
-8.9611687012946746
-10.427505770088102
-11.526118058756211
-9.1282227859578402
-11.526118058756211
-8.9611687012946746
-11.526118058756211
-9.3288934814199926
-9.1282227859578402
-10.427505770088102
-8.9611687012946746
-8.9611687012946746
-8.9611687012946746
-8.9611687012946746
-8.9611687012946746
-8.9611687012946746
-8.9611687012946746
-8.9611687012946746
-8.9611687012946746
-8.8180678576540021
-11.526118058756211
-8.9611687012946746
-9.3288934814199926
-8.9611687012946746
-9.3288934814199926
-8.8180678576540021
-8.9611687012946746
-8.9611687012946746
-8.9611687012946746
-8.9611687012946746
-11.526118058756211
-11.526118058756211
-11.526118058756211
-11.526118058756211
-9.9166801463221113
-11.526118058756211
-10.427505770088102
-11.526118058756211
-11.526118058756211
-11.526118058756211
-11.526118058756211
-9.1282227859578402
-9.1282227859578402
-10.427505770088102
-9.5802079097008974
-9.1282227859578402
-9.1282227859578402
-9.1282227859578402
-9.1282227859578402
-9.1282227859578402
-9.1282227859578402
-9.3288934814199926
-9.1282227859578402
-9.1282227859578402
-9.1282227859578402
-8.9611687012946746
-9.1282227859578402
-9.1282227859578402
-9.1282227859578402
-9.1282227859578402
-9.1282227859578402
-9.1282227859578402
-8.8180678576540021
-9.1282227859578402
-9.3288934814199926
-9.3288934814199926
-9.3288934814199926
-11.526118058756211
-9.1282227859578402
-9.1282227859578402
-9.3288934814199926
-8.6929047146999956
-9.1282227859578402
-9.1282227859578402
-8.9611687012946746
-9.3288934814199926
-9.1282227859578402
-9.9166801463221113
-11.526118058756211
-9.1282227859578402
-9.1282227859578402
-9.5802079097008974
-9.1282227859578402
-9.5802079097008974
-8.9611687012946746
-9.9166801463221113
-9.3288934814199926
-9.1282227859578402
-9.5802079097008974
-9.1282227859578402
-9.1282227859578402
-9.1282227859578402
-11.526118058756211
-9.1282227859578402
-9.1282227859578402
-9.1282227859578402
-9.1282227859578402
-9.1282227859578402
-9.1282227859578402
-9.3288934814199926
-9.1282227859578402
-11.526118058756211
-10.427505770088102
-9.1282227859578402
-9.1282227859578402
-8.9611687012946746
-9.3288934814199926
-9.1282227859578402
-8.9611687012946746
-9.1282227859578402
-8.8180678576540021
-8.9611687012946746
-9.1282227859578402
-9.9166801463221113
-9.1282227859578402
-9.5802079097008974
-9.1282227859578402
-9.5802079097008974
-9.9166801463221113
-9.1282227859578402
-9.5802079097008974
-9.5802079097008974
-9.1282227859578402
-8.5816790795897706
-8.9611687012946746
-8.8180678576540021
-9.1282227859578402
-11.526118058756211
-9.1282227859578402
-9.1282227859578402
-9.1282227859578402
-9.1282227859578402
-9.3288934814199926
-9.3288934814199926
-9.1282227859578402
-9.3288934814199926
-9.1282227859578402
-9.3288934814199926
-8.9611687012946746
-11.526118058756211
-9.3288934814199926
-9.1282227859578402
-9.3288934814199926
-9.1282227859578402
-9.1282227859578402
-9.5802079097008974
-9.1282227859578402
-9.1282227859578402
-8.8180678576540021
-9.3288934814199926
-9.3288934814199926
-9.1282227859578402
-10.427505770088102
-9.1282227859578402
-9.3288934814199926
-9.1282227859578402
-9.1282227859578402
-9.1282227859578402
-9.3288934814199926
-10.427505770088102
-11.526118058756211
-10.427505770088102
-9.5802079097008974
-9.3288934814199926
-9.1282227859578402
-11.526118058756211
-9.1282227859578402
-11.526118058756211
-8.9611687012946746
-9.1282227859578402
-9.1282227859578402
-9.1282227859578402
-9.1282227859578402
-8.9611687012946746
-9.1282227859578402
-11.526118058756211
-11.526118058756211
-8.9611687012946746
-9.1282227859578402
-9.1282227859578402
-9.1282227859578402
-9.1282227859578402
-9.3288934814199926
-9.1282227859578402
-9.5802079097008974
-9.5802079097008974
-9.1282227859578402
-9.1282227859578402
-9.1282227859578402
-9.1282227859578402
-9.1282227859578402
-9.1282227859578402
-9.1282227859578402
-9.1282227859578402
-9.1282227859578402
-9.1282227859578402
-11.526118058756211
-9.1282227859578402
-9.1282227859578402
-9.1282227859578402
-9.3288934814199926
-11.526118058756211
-9.3288934814199926
-9.3288934814199926
-9.9166801463221113
-11.526118058756211
-9.9166801463221113
-9.1282227859578402
-9.9166801463221113
-11.526118058756211
-9.1282227859578402
-9.1282227859578402
-9.1282227859578402
-9.1282227859578402
-9.1282227859578402
-9.1282227859578402
-8.6929047146999956
-9.1282227859578402
-9.1282227859578402
-9.1282227859578402
-9.1282227859578402
-9.1282227859578402
-10.427505770088102
-9.9166801463221113
-11.526118058756211
-10.427505770088102
-9.9166801463221113
-9.1282227859578402
-9.5802079097008974
-9.1282227859578402
-9.1282227859578402
-9.5802079097008974
-9.3288934814199926
-9.3288934814199926
-9.1282227859578402
-9.1282227859578402
-9.1282227859578402
-9.1282227859578402
-9.1282227859578402
-9.1282227859578402
-9.3288934814199926
-8.9611687012946746
-9.1282227859578402
-11.526118058756211
-9.1282227859578402
-8.9611687012946746
-11.526118058756211
-9.1282227859578402
-9.1282227859578402
-9.3288934814199926
-9.3288934814199926
-9.5802079097008974
-9.1282227859578402
-9.1282227859578402
-9.1282227859578402
-9.1282227859578402
-9.1282227859578402
-11.526118058756211
-9.1282227859578402
-9.1282227859578402
-8.9611687012946746
-11.526118058756211
-10.427505770088102
-11.526118058756211
-10.427505770088102
-10.427505770088102
-11.526118058756211
-11.526118058756211
-11.526118058756211
-11.526118058756211
-11.526118058756211
-9.3288934814199926
-11.526118058756211
-9.3288934814199926
-11.526118058756211
-11.526118058756211
-11.526118058756211
-11.526118058756211
-9.3288934814199926
-11.526118058756211
-9.3288934814199926
-9.3288934814199926
-9.3288934814199926
-11.526118058756211
-9.3288934814199926
-9.3288934814199926
-9.3288934814199926
-9.3288934814199926
-9.3288934814199926
-9.3288934814199926
-9.3288934814199926
-9.3288934814199926
-9.3288934814199926
-9.5802079097008974
-9.3288934814199926
-9.3288934814199926
-9.3288934814199926
-9.5802079097008974
-9.3288934814199926
-9.3288934814199926
-9.1282227859578402
-9.3288934814199926
-9.3288934814199926
-9.3288934814199926
-9.3288934814199926
-9.9166801463221113
-9.3288934814199926
-8.9611687012946746
-11.526118058756211
-9.3288934814199926
-10.427505770088102
-9.9166801463221113
-9.3288934814199926
-9.3288934814199926
-9.5802079097008974
-10.427505770088102
-11.526118058756211
-10.427505770088102
-9.3288934814199926
-11.526118058756211
-9.9166801463221113
-11.526118058756211
-9.3288934814199926
-9.9166801463221113
-9.3288934814199926
-9.3288934814199926
-9.5802079097008974
-9.9166801463221113
-9.5802079097008974
-9.3288934814199926
-9.3288934814199926
-9.3288934814199926
-9.5802079097008974
-9.3288934814199926
-11.526118058756211
-9.3288934814199926
-9.9166801463221113
-9.3288934814199926
-9.3288934814199926
-9.3288934814199926
-9.3288934814199926
-9.3288934814199926
-9.9166801463221113
-9.3288934814199926
-9.3288934814199926
-9.3288934814199926
-8.9611687012946746
-11.526118058756211
-9.5802079097008974
-9.3288934814199926
-9.1282227859578402
-9.3288934814199926
-9.3288934814199926
-9.1282227859578402
-9.3288934814199926
-10.427505770088102
-9.3288934814199926
-9.3288934814199926
-9.3288934814199926
-9.1282227859578402
-9.3288934814199926
-9.1282227859578402
-10.427505770088102
-11.526118058756211
-9.1282227859578402
-9.3288934814199926
-9.3288934814199926
-9.3288934814199926
-9.3288934814199926
-11.526118058756211
-9.3288934814199926
-9.5802079097008974
-9.3288934814199926
-9.3288934814199926
-9.3288934814199926
-9.3288934814199926
-11.526118058756211
-9.3288934814199926
-9.3288934814199926
-9.3288934814199926
-9.3288934814199926
-9.3288934814199926
-9.1282227859578402
-9.5802079097008974
-9.1282227859578402
-9.5802079097008974
-9.3288934814199926
-9.5802079097008974
-9.3288934814199926
-9.3288934814199926
-11.526118058756211
-9.3288934814199926
-9.3288934814199926
-9.3288934814199926
-9.3288934814199926
-10.427505770088102
-9.3288934814199926
-9.3288934814199926
-9.3288934814199926
-9.3288934814199926
-9.1282227859578402
-9.3288934814199926
-9.3288934814199926
-9.3288934814199926
-9.5802079097008974
-9.3288934814199926
-9.9166801463221113
-9.3288934814199926
-10.427505770088102
-10.427505770088102
-9.3288934814199926
-8.9611687012946746
-9.3288934814199926
-9.3288934814199926
-9.3288934814199926
-9.3288934814199926
-9.5802079097008974
-9.5802079097008974
-9.3288934814199926
-9.9166801463221113
-9.3288934814199926
-9.5802079097008974
-9.1282227859578402
-9.3288934814199926
-9.9166801463221113
-9.3288934814199926
-9.1282227859578402
-11.526118058756211
-9.3288934814199926
-9.1282227859578402
-11.526118058756211
-9.3288934814199926
-9.5802079097008974
-9.3288934814199926
-9.3288934814199926
-9.3288934814199926
-9.1282227859578402
-9.9166801463221113
-9.5802079097008974
-9.3288934814199926
-9.3288934814199926
-9.3288934814199926
-9.3288934814199926
-9.3288934814199926
-9.1282227859578402
-9.9166801463221113
-9.3288934814199926
-9.3288934814199926
-9.3288934814199926
-9.3288934814199926
-10.427505770088102
-9.3288934814199926
-9.3288934814199926
-9.3288934814199926
-9.3288934814199926
-9.3288934814199926
-9.3288934814199926
-9.3288934814199926
-9.5802079097008974
-11.526118058756211
-9.3288934814199926
-11.526118058756211
-9.3288934814199926
-11.526118058756211
-11.526118058756211
-9.3288934814199926
-9.3288934814199926
-11.526118058756211
-9.3288934814199926
-9.3288934814199926
-9.3288934814199926
-9.3288934814199926
-9.3288934814199926
-9.3288934814199926
-9.3288934814199926
-9.3288934814199926
-9.3288934814199926
-9.3288934814199926
-9.3288934814199926
-9.3288934814199926
-9.5802079097008974
-9.3288934814199926
-9.5802079097008974
-9.9166801463221113
-9.1282227859578402
-9.3288934814199926
-11.526118058756211
-9.5802079097008974
-9.1282227859578402
-9.3288934814199926
-9.9166801463221113
-9.3288934814199926
-11.526118058756211
-9.3288934814199926
-11.526118058756211
-9.5802079097008974
-11.526118058756211
-9.3288934814199926
-9.5802079097008974
-9.1282227859578402
-9.3288934814199926
-9.3288934814199926
-9.3288934814199926
-9.3288934814199926
-9.3288934814199926
-9.3288934814199926
-9.5802079097008974
-9.5802079097008974
-9.3288934814199926
-9.3288934814199926
-9.5802079097008974
-9.3288934814199926
-9.3288934814199926
-9.3288934814199926
-11.526118058756211
-11.526118058756211
-11.526118058756211
-11.526118058756211
-11.526118058756211
-11.526118058756211
-11.526118058756211
-11.526118058756211
-11.526118058756211
-11.526118058756211
-11.526118058756211
-11.526118058756211
-11.526118058756211
-11.526118058756211
-9.5802079097008974
-11.526118058756211
-11.526118058756211
-11.526118058756211
-11.526118058756211
-9.9166801463221113
-11.526118058756211
-11.526118058756211
-11.526118058756211
-11.526118058756211
-11.526118058756211
-9.5802079097008974
-11.526118058756211
-11.526118058756211
-11.526118058756211
-11.526118058756211
-11.526118058756211
-11.526118058756211
-11.526118058756211
-11.526118058756211
-11.526118058756211
-11.526118058756211
-11.526118058756211
-11.526118058756211
-11.526118058756211
-11.526118058756211
-11.526118058756211
-9.5802079097008974
-9.5802079097008974
-9.5802079097008974
-9.5802079097008974
-11.526118058756211
-9.5802079097008974
-9.5802079097008974
-9.5802079097008974
-11.526118058756211
-9.5802079097008974
-9.9166801463221113
-9.5802079097008974
-9.5802079097008974
-9.5802079097008974
-9.9166801463221113
-10.427505770088102
-9.5802079097008974
-9.5802079097008974
-9.5802079097008974
-9.5802079097008974
-9.5802079097008974
-9.5802079097008974
-9.5802079097008974
-9.5802079097008974
-9.5802079097008974
-9.5802079097008974
-9.5802079097008974
-9.5802079097008974
-9.5802079097008974
-9.5802079097008974
-9.9166801463221113
-9.5802079097008974
-9.5802079097008974
-9.5802079097008974
-9.9166801463221113
-9.5802079097008974
-9.5802079097008974
-9.5802079097008974
-9.9166801463221113
-11.526118058756211
-9.5802079097008974
-9.3288934814199926
-9.5802079097008974
-9.3288934814199926
-9.5802079097008974
-9.5802079097008974
-9.9166801463221113
-9.5802079097008974
-9.3288934814199926
-9.1282227859578402
-9.5802079097008974
-9.5802079097008974
-9.5802079097008974
-9.9166801463221113
-9.5802079097008974
-9.5802079097008974
-9.5802079097008974
-9.5802079097008974
-9.5802079097008974
-9.9166801463221113
-9.5802079097008974
-9.9166801463221113
-10.427505770088102
-9.5802079097008974
-9.5802079097008974
-9.5802079097008974
-9.5802079097008974
-9.5802079097008974
-9.5802079097008974
-9.9166801463221113
-9.5802079097008974
-9.9166801463221113
-9.9166801463221113
-10.427505770088102
-9.9166801463221113
-9.5802079097008974
-9.9166801463221113
-9.5802079097008974
-9.3288934814199926
-9.5802079097008974
-9.9166801463221113
-9.3288934814199926
-9.3288934814199926
-9.5802079097008974
-10.427505770088102
-11.526118058756211
-9.3288934814199926
-9.5802079097008974
-9.9166801463221113
-9.5802079097008974
-9.5802079097008974
-9.5802079097008974
-10.427505770088102
-10.427505770088102
-11.526118058756211
-9.9166801463221113
-11.526118058756211
-9.5802079097008974
-9.5802079097008974
-10.427505770088102
-9.5802079097008974
-11.526118058756211
-9.5802079097008974
-9.5802079097008974
-9.3288934814199926
-9.5802079097008974
-9.5802079097008974
-9.5802079097008974
-11.526118058756211
-9.5802079097008974
-9.5802079097008974
-9.5802079097008974
-9.5802079097008974
-9.5802079097008974
-9.5802079097008974
-9.5802079097008974
-9.5802079097008974
-9.5802079097008974
-9.5802079097008974
-9.3288934814199926
-8.9611687012946746
-9.5802079097008974
-11.526118058756211
-9.5802079097008974
-9.5802079097008974
-9.5802079097008974
-9.5802079097008974
-9.5802079097008974
-9.5802079097008974
-11.526118058756211
-11.526118058756211
-9.5802079097008974
-9.5802079097008974
-9.5802079097008974
-9.5802079097008974
-9.5802079097008974
-9.9166801463221113
-9.5802079097008974
-9.5802079097008974
-9.5802079097008974
-9.5802079097008974
-9.5802079097008974
-9.5802079097008974
-9.5802079097008974
-9.5802079097008974
-10.427505770088102
-10.427505770088102
-9.5802079097008974
-9.9166801463221113
-9.5802079097008974
-11.526118058756211
-11.526118058756211
-9.5802079097008974
-9.5802079097008974
-10.427505770088102
-9.5802079097008974
-9.5802079097008974
-9.5802079097008974
-11.526118058756211
-11.526118058756211
-9.5802079097008974
-9.5802079097008974
-9.5802079097008974
-9.5802079097008974
-9.5802079097008974
-9.5802079097008974
-9.9166801463221113
-9.5802079097008974
-9.5802079097008974
-9.5802079097008974
-9.5802079097008974
-11.526118058756211
-10.427505770088102
-9.9166801463221113
-9.5802079097008974
-9.5802079097008974
-9.5802079097008974
-9.5802079097008974
-11.526118058756211
-9.5802079097008974
-9.9166801463221113
-9.5802079097008974
-9.1282227859578402
-9.5802079097008974
-9.3288934814199926
-9.5802079097008974
-9.9166801463221113
-9.5802079097008974
-10.427505770088102
-9.5802079097008974
-11.526118058756211
-9.5802079097008974
-9.5802079097008974
-10.427505770088102
-9.5802079097008974
-11.526118058756211
-9.5802079097008974
-9.5802079097008974
-10.427505770088102
-9.5802079097008974
-9.5802079097008974
-9.5802079097008974
-9.9166801463221113
-11.526118058756211
-9.5802079097008974
-11.526118058756211
-9.5802079097008974
-9.5802079097008974
-9.5802079097008974
-9.5802079097008974
-9.5802079097008974
-10.427505770088102
-9.5802079097008974
-9.5802079097008974
-9.5802079097008974
-9.9166801463221113
-9.5802079097008974
-9.9166801463221113
-9.5802079097008974
-9.5802079097008974
-9.5802079097008974
-9.3288934814199926
-11.526118058756211
-9.5802079097008974
-9.5802079097008974
-9.5802079097008974
-9.5802079097008974
-10.427505770088102
-9.5802079097008974
-9.5802079097008974
-9.5802079097008974
-9.5802079097008974
-10.427505770088102
-9.9166801463221113
-11.526118058756211
-9.5802079097008974
-9.5802079097008974
-9.9166801463221113
-9.5802079097008974
-9.5802079097008974
-9.9166801463221113
-10.427505770088102
-11.526118058756211
-9.5802079097008974
-9.5802079097008974
-9.5802079097008974
-9.5802079097008974
-9.5802079097008974
-9.5802079097008974
-9.5802079097008974
-9.3288934814199926
-10.427505770088102
-11.526118058756211
-9.5802079097008974
-10.427505770088102
-9.5802079097008974
-9.5802079097008974
-9.9166801463221113
-11.526118058756211
-9.5802079097008974
-9.5802079097008974
-11.526118058756211
-9.5802079097008974
-9.5802079097008974
-9.5802079097008974
-9.5802079097008974
-9.5802079097008974
-11.526118058756211
-9.9166801463221113
-11.526118058756211
-9.3288934814199926
-9.5802079097008974
-9.5802079097008974
-9.5802079097008974
-9.5802079097008974
-9.9166801463221113
-9.9166801463221113
-9.5802079097008974
-9.9166801463221113
-11.526118058756211
-10.427505770088102
-11.526118058756211
-9.5802079097008974
-9.5802079097008974
-10.427505770088102
-9.5802079097008974
-9.5802079097008974
-11.526118058756211
-10.427505770088102
-10.427505770088102
-9.3288934814199926
-9.5802079097008974
-9.5802079097008974
-11.526118058756211
-9.9166801463221113
-9.5802079097008974
-10.427505770088102
-9.5802079097008974
-9.5802079097008974
-9.5802079097008974
-9.9166801463221113
-9.5802079097008974
-9.9166801463221113
-11.526118058756211
-9.3288934814199926
-11.526118058756211
-9.5802079097008974
-11.526118058756211
-9.5802079097008974
-9.5802079097008974
-9.5802079097008974
-9.5802079097008974
-9.5802079097008974
-9.5802079097008974
-9.5802079097008974
-11.526118058756211
-10.427505770088102
-10.427505770088102
-9.5802079097008974
-9.5802079097008974
-9.5802079097008974
-9.9166801463221113
-9.5802079097008974
-9.5802079097008974
-10.427505770088102
-9.5802079097008974
-11.526118058756211
-11.526118058756211
-9.9166801463221113
-11.526118058756211
-11.526118058756211
-9.5802079097008974
-9.5802079097008974
-9.5802079097008974
-9.5802079097008974
-10.427505770088102
-11.526118058756211
-9.5802079097008974
-9.9166801463221113
-9.5802079097008974
-9.5802079097008974
-9.9166801463221113
-9.5802079097008974
-9.5802079097008974
-11.526118058756211
-9.5802079097008974
-9.5802079097008974
-9.5802079097008974
-9.5802079097008974
-10.427505770088102
-9.5802079097008974
-9.5802079097008974
-9.5802079097008974
-9.9166801463221113
-9.5802079097008974
-9.9166801463221113
-9.5802079097008974
-9.5802079097008974
-9.5802079097008974
-9.5802079097008974
-9.5802079097008974
-10.427505770088102
-9.5802079097008974
-9.5802079097008974
-9.5802079097008974
-9.5802079097008974
-9.5802079097008974
-10.427505770088102
-9.5802079097008974
-9.3288934814199926
-9.5802079097008974
-9.1282227859578402
-9.5802079097008974
-9.9166801463221113
-9.9166801463221113
-11.526118058756211
-9.5802079097008974
-11.526118058756211
-11.526118058756211
-9.5802079097008974
-9.5802079097008974
-9.9166801463221113
-9.5802079097008974
-9.5802079097008974
-9.5802079097008974
-9.5802079097008974
-9.5802079097008974
-10.427505770088102
-9.9166801463221113
-9.5802079097008974
-9.5802079097008974
-9.5802079097008974
-9.5802079097008974
-11.526118058756211
-9.5802079097008974
-9.5802079097008974
-9.5802079097008974
-9.3288934814199926
-11.526118058756211
-9.5802079097008974
-9.9166801463221113
-10.427505770088102
-9.5802079097008974
-9.5802079097008974
-11.526118058756211
-11.526118058756211
-10.427505770088102
-9.5802079097008974
-9.5802079097008974
-9.5802079097008974
-10.427505770088102
-9.5802079097008974
-9.5802079097008974
-9.5802079097008974
-11.526118058756211
-9.5802079097008974
-9.5802079097008974
-9.9166801463221113
-11.526118058756211
-11.526118058756211
-10.427505770088102
-9.5802079097008974
-9.5802079097008974
-9.5802079097008974
-11.526118058756211
-11.526118058756211
-9.5802079097008974
-9.9166801463221113
-9.5802079097008974
-10.427505770088102
-11.526118058756211
-9.3288934814199926
-11.526118058756211
-9.9166801463221113
-9.5802079097008974
-9.5802079097008974
-9.5802079097008974
-9.5802079097008974
-11.526118058756211
-9.5802079097008974
-9.5802079097008974
-11.526118058756211
-11.526118058756211
-9.3288934814199926
-9.9166801463221113
-9.5802079097008974
-9.5802079097008974
-9.5802079097008974
-9.9166801463221113
-9.5802079097008974
-9.3288934814199926
-11.526118058756211
-11.526118058756211
-9.5802079097008974
-9.9166801463221113
-9.5802079097008974
-11.526118058756211
-9.5802079097008974
-11.526118058756211
-11.526118058756211
-9.5802079097008974
-9.5802079097008974
-9.9166801463221113
-11.526118058756211
-9.5802079097008974
-11.526118058756211
-9.9166801463221113
-10.427505770088102
-9.9166801463221113
-9.5802079097008974
-9.5802079097008974
-9.9166801463221113
-9.5802079097008974
-11.526118058756211
-9.5802079097008974
-9.5802079097008974
-9.5802079097008974
-9.5802079097008974
-9.5802079097008974
-10.427505770088102
-9.5802079097008974
-11.526118058756211
-11.526118058756211
-11.526118058756211
-11.526118058756211
-11.526118058756211
-11.526118058756211
-11.526118058756211
-11.526118058756211
-11.526118058756211
-11.526118058756211
-11.526118058756211
-11.526118058756211
-11.526118058756211
-11.526118058756211
-11.526118058756211
-11.526118058756211
-11.526118058756211
-11.526118058756211
-11.526118058756211
-11.526118058756211
-11.526118058756211
-11.526118058756211
-11.526118058756211
-11.526118058756211
-11.526118058756211
-11.526118058756211
-11.526118058756211
-11.526118058756211
-11.526118058756211
-11.526118058756211
-11.526118058756211
-11.526118058756211
-11.526118058756211
-11.526118058756211
-11.526118058756211
-11.526118058756211
-11.526118058756211
-11.526118058756211
-9.9166801463221113
-11.526118058756211
-11.526118058756211
-11.526118058756211
-11.526118058756211
-11.526118058756211
-11.526118058756211
-11.526118058756211
-9.9166801463221113
-11.526118058756211
-11.526118058756211
-11.526118058756211
-11.526118058756211
-10.427505770088102
-11.526118058756211
-11.526118058756211
-9.9166801463221113
-9.9166801463221113
-9.9166801463221113
-9.9166801463221113
-10.427505770088102
-10.427505770088102
-9.9166801463221113
-9.9166801463221113
-11.526118058756211
-11.526118058756211
-11.526118058756211
-11.526118058756211
-11.526118058756211
-11.526118058756211
-11.526118058756211
-11.526118058756211
-10.427505770088102
-11.526118058756211
-11.526118058756211
-11.526118058756211
-11.526118058756211
-9.9166801463221113
-11.526118058756211
-11.526118058756211
-11.526118058756211
-9.9166801463221113
-9.9166801463221113
-11.526118058756211
-11.526118058756211
-11.526118058756211
-11.526118058756211
-11.526118058756211
-11.526118058756211
-9.9166801463221113
-11.526118058756211
-11.526118058756211
-11.526118058756211
-9.9166801463221113
-9.9166801463221113
-11.526118058756211
-11.526118058756211
-11.526118058756211
-9.5802079097008974
-10.427505770088102
-9.9166801463221113
-11.526118058756211
-9.9166801463221113
-11.526118058756211
-11.526118058756211
-11.526118058756211
-11.526118058756211
-11.526118058756211
-11.526118058756211
-11.526118058756211
-11.526118058756211
-11.526118058756211
-11.526118058756211
-11.526118058756211
-11.526118058756211
-11.526118058756211
-11.526118058756211
-11.526118058756211
-11.526118058756211
-9.9166801463221113
-10.427505770088102
-9.9166801463221113
-10.427505770088102
-9.9166801463221113
-9.9166801463221113
-9.9166801463221113
-9.9166801463221113
-9.9166801463221113
-10.427505770088102
-9.9166801463221113
-9.9166801463221113
-9.9166801463221113
-9.9166801463221113
-9.9166801463221113
-9.9166801463221113
-9.9166801463221113
-11.526118058756211
-9.9166801463221113
-9.9166801463221113
-11.526118058756211
-9.9166801463221113
-9.9166801463221113
-9.9166801463221113
-9.9166801463221113
-9.9166801463221113
-9.9166801463221113
-11.526118058756211
-11.526118058756211
-10.427505770088102
-9.9166801463221113
-9.9166801463221113
-9.9166801463221113
-11.526118058756211
-9.9166801463221113
-10.427505770088102
-10.427505770088102
-9.9166801463221113
-9.9166801463221113
-9.9166801463221113
-9.9166801463221113
-11.526118058756211
-9.9166801463221113
-9.9166801463221113
-9.9166801463221113
-9.9166801463221113
-9.9166801463221113
-9.9166801463221113
-10.427505770088102
-11.526118058756211
-9.9166801463221113
-9.9166801463221113
-11.526118058756211
-9.9166801463221113
-9.9166801463221113
-9.9166801463221113
-9.9166801463221113
-11.526118058756211
-9.9166801463221113
-9.9166801463221113
-9.9166801463221113
-9.9166801463221113
-9.9166801463221113
-9.9166801463221113
-9.9166801463221113
-9.9166801463221113
-9.9166801463221113
-9.9166801463221113
-9.9166801463221113
-9.9166801463221113
-9.9166801463221113
-9.9166801463221113
-9.9166801463221113
-9.9166801463221113
-9.9166801463221113
-11.526118058756211
-9.9166801463221113
-9.9166801463221113
-9.9166801463221113
-9.9166801463221113
-10.427505770088102
-9.9166801463221113
-9.9166801463221113
-10.427505770088102
-11.526118058756211
-9.9166801463221113
-10.427505770088102
-9.9166801463221113
-9.9166801463221113
-9.5802079097008974
-9.9166801463221113
-9.9166801463221113
-9.9166801463221113
-9.3288934814199926
-9.9166801463221113
-9.9166801463221113
-9.9166801463221113
-9.9166801463221113
-9.9166801463221113
-9.5802079097008974
-10.427505770088102
-9.9166801463221113
-9.5802079097008974
-11.526118058756211
-11.526118058756211
-11.526118058756211
-11.526118058756211
-9.9166801463221113
-10.427505770088102
-9.9166801463221113
-9.5802079097008974
-9.9166801463221113
-9.9166801463221113
-9.9166801463221113
-9.9166801463221113
-9.9166801463221113
-9.9166801463221113
-9.9166801463221113
-9.9166801463221113
-9.9166801463221113
-10.427505770088102
-9.9166801463221113
-9.9166801463221113
-9.9166801463221113
-9.9166801463221113
-9.9166801463221113
-9.9166801463221113
-9.9166801463221113
-11.526118058756211
-11.526118058756211
-11.526118058756211
-9.9166801463221113
-9.3288934814199926
-9.9166801463221113
-9.9166801463221113
-9.9166801463221113
-11.526118058756211
-9.9166801463221113
-9.9166801463221113
-9.9166801463221113
-10.427505770088102
-9.5802079097008974
-9.9166801463221113
-9.9166801463221113
-9.9166801463221113
-9.9166801463221113
-9.9166801463221113
-11.526118058756211
-9.9166801463221113
-9.9166801463221113
-9.9166801463221113
-11.526118058756211
-11.526118058756211
-9.9166801463221113
-9.9166801463221113
-10.427505770088102
-9.9166801463221113
-11.526118058756211
-11.526118058756211
-10.427505770088102
-9.9166801463221113
-9.9166801463221113
-9.9166801463221113
-9.9166801463221113
-9.9166801463221113
-9.9166801463221113
-9.9166801463221113
-9.9166801463221113
-9.9166801463221113
-9.9166801463221113
-11.526118058756211
-9.9166801463221113
-10.427505770088102
-9.9166801463221113
-9.9166801463221113
-9.9166801463221113
-9.5802079097008974
-9.9166801463221113
-9.9166801463221113
-9.9166801463221113
-9.9166801463221113
-9.9166801463221113
-9.9166801463221113
-10.427505770088102
-11.526118058756211
-9.9166801463221113
-9.9166801463221113
-10.427505770088102
-9.9166801463221113
-9.9166801463221113
-10.427505770088102
-10.427505770088102
-9.9166801463221113
-9.9166801463221113
-9.9166801463221113
-9.9166801463221113
-9.9166801463221113
-9.9166801463221113
-9.9166801463221113
-9.9166801463221113
-9.9166801463221113
-9.9166801463221113
-9.9166801463221113
-9.9166801463221113
-11.526118058756211
-9.9166801463221113
-9.9166801463221113
-9.9166801463221113
-9.9166801463221113
-9.9166801463221113
-9.9166801463221113
-9.9166801463221113
-9.5802079097008974
-11.526118058756211
-9.9166801463221113
-9.9166801463221113
-11.526118058756211
-9.9166801463221113
-11.526118058756211
-9.9166801463221113
-9.9166801463221113
-11.526118058756211
-9.9166801463221113
-9.9166801463221113
-9.9166801463221113
-9.9166801463221113
-9.9166801463221113
-9.9166801463221113
-9.9166801463221113
-9.9166801463221113
-11.526118058756211
-11.526118058756211
-9.9166801463221113
-9.9166801463221113
-9.9166801463221113
-9.9166801463221113
-9.9166801463221113
-9.9166801463221113
-9.9166801463221113
-10.427505770088102
-9.9166801463221113
-9.9166801463221113
-9.9166801463221113
-10.427505770088102
-9.5802079097008974
-9.9166801463221113
-9.9166801463221113
-9.9166801463221113
-9.9166801463221113
-10.427505770088102
-11.526118058756211
-9.9166801463221113
-9.9166801463221113
-9.9166801463221113
-9.9166801463221113
-9.9166801463221113
-9.9166801463221113
-9.9166801463221113
-9.9166801463221113
-9.9166801463221113
-10.427505770088102
-9.9166801463221113
-10.427505770088102
-9.9166801463221113
-10.427505770088102
-9.9166801463221113
-9.9166801463221113
-9.9166801463221113
-11.526118058756211
-9.9166801463221113
-9.9166801463221113
-9.9166801463221113
-10.427505770088102
-9.9166801463221113
-9.9166801463221113
-9.9166801463221113
-9.9166801463221113
-9.9166801463221113
-9.9166801463221113
-9.9166801463221113
-9.9166801463221113
-9.9166801463221113
-10.427505770088102
-9.9166801463221113
-9.9166801463221113
-10.427505770088102
-9.9166801463221113
-11.526118058756211
-11.526118058756211
-10.427505770088102
-9.9166801463221113
-9.9166801463221113
-9.9166801463221113
-9.9166801463221113
-9.9166801463221113
-9.9166801463221113
-9.9166801463221113
-9.9166801463221113
-9.9166801463221113
-10.427505770088102
-11.526118058756211
-9.9166801463221113
-9.9166801463221113
-11.526118058756211
-10.427505770088102
-9.9166801463221113
-9.9166801463221113
-10.427505770088102
-9.9166801463221113
-9.9166801463221113
-9.9166801463221113
-11.526118058756211
-10.427505770088102
-11.526118058756211
-9.9166801463221113
-10.427505770088102
-9.9166801463221113
-9.9166801463221113
-9.9166801463221113
-9.5802079097008974
-9.9166801463221113
-9.9166801463221113
-9.9166801463221113
-9.9166801463221113
-9.9166801463221113
-9.9166801463221113
-11.526118058756211
-9.9166801463221113
-9.9166801463221113
-9.9166801463221113
-10.427505770088102
-9.9166801463221113
-9.9166801463221113
-9.9166801463221113
-9.9166801463221113
-9.9166801463221113
-10.427505770088102
-9.9166801463221113
-9.9166801463221113
-9.9166801463221113
-10.427505770088102
-9.9166801463221113
-9.9166801463221113
-9.9166801463221113
-9.9166801463221113
-9.9166801463221113
-11.526118058756211
-11.526118058756211
-9.5802079097008974
-9.9166801463221113
-9.9166801463221113
-9.9166801463221113
-9.5802079097008974
-9.9166801463221113
-9.9166801463221113
-11.526118058756211
-9.9166801463221113
-9.9166801463221113
-9.9166801463221113
-9.5802079097008974
-9.9166801463221113
-9.9166801463221113
-9.9166801463221113
-11.526118058756211
-9.9166801463221113
-9.9166801463221113
-11.526118058756211
-9.9166801463221113
-9.9166801463221113
-9.9166801463221113
-9.9166801463221113
-9.9166801463221113
-9.9166801463221113
-9.9166801463221113
-9.9166801463221113
-11.526118058756211
-9.9166801463221113
-9.9166801463221113
-11.526118058756211
-9.9166801463221113
-9.9166801463221113
-9.9166801463221113
-9.9166801463221113
-9.9166801463221113
-9.9166801463221113
-9.9166801463221113
-9.9166801463221113
-9.9166801463221113
-11.526118058756211
-9.9166801463221113
-9.9166801463221113
-9.9166801463221113
-9.5802079097008974
-11.526118058756211
-9.9166801463221113
-9.9166801463221113
-10.427505770088102
-9.5802079097008974
-9.9166801463221113
-9.9166801463221113
-9.3288934814199926
-10.427505770088102
-10.427505770088102
-9.9166801463221113
-11.526118058756211
-9.9166801463221113
-9.9166801463221113
-11.526118058756211
-9.9166801463221113
-9.9166801463221113
-9.9166801463221113
-9.9166801463221113
-9.9166801463221113
-9.5802079097008974
-11.526118058756211
-9.9166801463221113
-9.9166801463221113
-9.9166801463221113
-9.9166801463221113
-9.9166801463221113
-9.9166801463221113
-11.526118058756211
-10.427505770088102
-9.9166801463221113
-9.9166801463221113
-9.9166801463221113
-9.9166801463221113
-9.9166801463221113
-9.9166801463221113
-9.9166801463221113
-9.9166801463221113
-10.427505770088102
-9.9166801463221113
-9.3288934814199926
-9.9166801463221113
-9.9166801463221113
-10.427505770088102
-10.427505770088102
-9.9166801463221113
-9.9166801463221113
-9.9166801463221113
-9.9166801463221113
-9.9166801463221113
-9.9166801463221113
-9.9166801463221113
-9.9166801463221113
-9.9166801463221113
-9.9166801463221113
-9.9166801463221113
-9.9166801463221113
-9.9166801463221113
-9.9166801463221113
-9.9166801463221113
-9.9166801463221113
-10.427505770088102
-9.9166801463221113
-9.9166801463221113
-9.9166801463221113
-9.9166801463221113
-9.9166801463221113
-9.9166801463221113
-9.9166801463221113
-9.9166801463221113
-9.9166801463221113
-9.9166801463221113
-9.9166801463221113
-9.9166801463221113
-9.9166801463221113
-9.9166801463221113
-9.9166801463221113
-9.9166801463221113
-9.9166801463221113
-9.9166801463221113
-11.526118058756211
-10.427505770088102
-9.9166801463221113
-9.9166801463221113
-9.9166801463221113
-9.9166801463221113
-11.526118058756211
-9.9166801463221113
-10.427505770088102
-9.9166801463221113
-11.526118058756211
-9.9166801463221113
-9.9166801463221113
-9.9166801463221113
-9.9166801463221113
-9.9166801463221113
-9.9166801463221113
-9.9166801463221113
-9.9166801463221113
-9.9166801463221113
-9.9166801463221113
-9.9166801463221113
-9.9166801463221113
-9.9166801463221113
-11.526118058756211
-11.526118058756211
-9.9166801463221113
-9.9166801463221113
-11.526118058756211
-9.9166801463221113
-11.526118058756211
-11.526118058756211
-9.9166801463221113
-9.9166801463221113
-9.9166801463221113
-9.9166801463221113
-9.9166801463221113
-9.9166801463221113
-9.9166801463221113
-9.9166801463221113
-11.526118058756211
-9.9166801463221113
-9.9166801463221113
-9.9166801463221113
-11.526118058756211
-9.9166801463221113
-11.526118058756211
-9.9166801463221113
-9.9166801463221113
-9.9166801463221113
-9.9166801463221113
-9.9166801463221113
-9.9166801463221113
-9.9166801463221113
-9.9166801463221113
-11.526118058756211
-9.9166801463221113
-9.5802079097008974
-9.9166801463221113
-9.9166801463221113
-9.9166801463221113
-9.9166801463221113
-9.5802079097008974
-9.9166801463221113
-11.526118058756211
-11.526118058756211
-9.9166801463221113
-10.427505770088102
-11.526118058756211
-11.526118058756211
-9.9166801463221113
-9.9166801463221113
-9.9166801463221113
-9.9166801463221113
-11.526118058756211
-10.427505770088102
-9.9166801463221113
-9.9166801463221113
-9.9166801463221113
-9.9166801463221113
-9.9166801463221113
-11.526118058756211
-9.9166801463221113
-9.9166801463221113
-9.9166801463221113
-11.526118058756211
-9.9166801463221113
-10.427505770088102
-9.9166801463221113
-9.9166801463221113
-9.9166801463221113
-11.526118058756211
-11.526118058756211
-9.9166801463221113
-9.9166801463221113
-9.9166801463221113
-9.9166801463221113
-9.9166801463221113
-9.9166801463221113
-9.9166801463221113
-11.526118058756211
-11.526118058756211
-9.9166801463221113
-11.526118058756211
-11.526118058756211
-9.9166801463221113
-9.9166801463221113
-9.9166801463221113
-9.9166801463221113
-9.9166801463221113
-9.9166801463221113
-9.9166801463221113
-9.9166801463221113
-9.9166801463221113
-9.9166801463221113
-9.9166801463221113
-9.9166801463221113
-9.9166801463221113
-10.427505770088102
-11.526118058756211
-11.526118058756211
-9.9166801463221113
-9.9166801463221113
-9.9166801463221113
-10.427505770088102
-10.427505770088102
-9.3288934814199926
-9.9166801463221113
-9.9166801463221113
-9.9166801463221113
-9.9166801463221113
-9.9166801463221113
-9.9166801463221113
-9.9166801463221113
-9.9166801463221113
-9.9166801463221113
-9.9166801463221113
-9.9166801463221113
-9.9166801463221113
-9.9166801463221113
-9.9166801463221113
-9.9166801463221113
-9.9166801463221113
-9.9166801463221113
-9.5802079097008974
-11.526118058756211
-9.9166801463221113
-11.526118058756211
-9.9166801463221113
-9.9166801463221113
-9.9166801463221113
-9.9166801463221113
-9.9166801463221113
-9.9166801463221113
-9.5802079097008974
-9.9166801463221113
-9.9166801463221113
-11.526118058756211
-11.526118058756211
-11.526118058756211
-9.9166801463221113
-11.526118058756211
-11.526118058756211
-9.9166801463221113
-9.9166801463221113
-10.427505770088102
-9.9166801463221113
3000
-5.6885014774973479
-3.3804369187386767
-4.1567281503318165
-3.9474571008483093
-4.4725132364270008
-5.5454006338566746
-4.731300842879067
-5.0345750100906841
-4.7228974320826875
-6.7653737795290514
-7.1548385462907751
-4.4595680718349637
-6.3075406859035716
-4.1954739169076589
-5.3395485796525257
-4.9682523671596117
-6.6440129225247846
-5.371047246711897
-4.011096860931608
-4.5610063146804523
-4.9060561592897054
-5.5454006338566746
-6.392698494243878
-6.7653737795290514
-4.5056288452114988
-5.2793800581860735
-7.8014657112158279
-6.392698494243878
-6.4857889173098906
-6.5884430713699738
-4.6819080875494903
-5.8818728704778875
-5.4035704384174572
-5.4898307827018638
-5.9366811069728822
-6.4381608683206357
-5.8555555621605144
-6.392698494243878
-5.6667614908609423
-5.2940862055757689
-5.2365163537542907
-6.6440129225247846
-4.9263614254504509
-7.6344116265526614
-4.9060561592897054
-4.9682523671596117
-6.1563097161796483
-6.9804851591459975
-7.063866768085048
-6.3492133823041392
-6.7028534225477179
-8.0021364066779785
-5.733452865359614
-7.063866768085048
-10.199360984014199
-8.0021364066779785
-10.199360984014199
-8.2534508349588851
-7.3661476399579815
-7.6344116265526614
-6.7028534225477179
-4.4467883451885646
-9.1007486953460877
-7.1548385462907751
-6.7653737795290514
-5.5080131017850542
-7.6344116265526614
-7.491310782911988
-6.832065154027724
-6.3075406859035716
-5.6454840924136569
-10.199360984014199
-8.5899230715800972
-8.0021364066779785
-6.0562262576226651
-5.0576974275115383
-6.9035241180098685
-7.491310782911988
-8.5899230715800972
-7.491310782911988
-7.491310782911988
-8.0021364066779785
-6.7028534225477179
-7.063866768085048
-6.3075406859035716
-7.6344116265526614
-6.9035241180098685
-5.1689230626217624
-10.199360984014199
-4.8960560759551219
-6.5357993378845514
-7.2549220048477574
-8.0021364066779785
-5.4719731653018577
-5.7567097275238819
-5.1689230626217624
-6.5357993378845514
-5.5080131017850542
-7.3661476399579815
-7.8014657112158279
-8.2534508349588851
-8.5899230715800972
-5.9089015428658067
-5.0694622690911242
-8.0021364066779785
-7.6344116265526614
-10.199360984014199
-6.9804851591459975
-9.1007486953460877
-8.5899230715800972
-8.2534508349588851
-7.1548385462907751
-8.2534508349588851
-6.1920277987817274
-5.7567097275238819
-5.0694622690911242
-7.063866768085048
-9.1007486953460877
-7.6344116265526614
-6.7028534225477179
-10.199360984014199
-5.7567097275238819
-10.199360984014199
-9.1007486953460877
-8.0021364066779785
-9.1007486953460877
-6.4857889173098906
-7.491310782911988
-6.3492133823041392
-5.8049118293417594
-9.1007486953460877
-9.1007486953460877
-7.3661476399579815
-5.1559358670949518
-7.491310782911988
-6.9035241180098685
-10.199360984014199
-7.063866768085048
-7.3661476399579815
-7.1548385462907751
-10.199360984014199
-10.199360984014199
-6.392698494243878
-7.1548385462907751
-7.491310782911988
-5.9946683646232319
-8.2534508349588851
-9.1007486953460877
-10.199360984014199
-7.6344116265526614
-7.1548385462907751
-5.5646319957845618
-6.0884871198408872
-8.0021364066779785
-6.1563097161796483
-7.8014657112158279
-7.491310782911988
-10.199360984014199
-5.371047246711897
-6.3075406859035716
-7.6344116265526614
-8.0021364066779785
-10.199360984014199
-6.832065154027724
-7.063866768085048
-8.5899230715800972
-7.2549220048477574
-7.8014657112158279
-8.2534508349588851
-10.199360984014199
-10.199360984014199
-10.199360984014199
-10.199360984014199
-7.3661476399579815
-9.1007486953460877
-10.199360984014199
-5.3395485796525257
-10.199360984014199
-10.199360984014199
-8.5899230715800972
-10.199360984014199
-8.2534508349588851
-7.2549220048477574
-5.5646319957845618
-8.2534508349588851
-8.2534508349588851
-10.199360984014199
-7.491310782911988
-7.8014657112158279
-7.8014657112158279
-5.5454006338566746
-7.491310782911988
-5.6667614908609423
-9.1007486953460877
-8.0021364066779785
-9.1007486953460877
-8.5899230715800972
-6.9804851591459975
-9.1007486953460877
-8.5899230715800972
-5.6667614908609423
-9.1007486953460877
-8.2534508349588851
-5.8818728704778875
-5.8818728704778875
-7.6344116265526614
-10.199360984014199
-9.1007486953460877
-8.5899230715800972
-7.491310782911988
-5.7805203762176003
-8.0021364066779785
-6.3492133823041392
-10.199360984014199
-10.199360984014199
-6.1563097161796483
-7.1548385462907751
-10.199360984014199
-8.5899230715800972
-7.6344116265526614
-8.5899230715800972
-7.8014657112158279
-8.5899230715800972
-5.8049118293417594
-10.199360984014199
-8.5899230715800972
-10.199360984014199
-5.9366811069728822
-8.0021364066779785
-9.1007486953460877
-10.199360984014199
-8.5899230715800972
-10.199360984014199
-9.1007486953460877
-8.2534508349588851
-10.199360984014199
-9.1007486953460877
-6.9035241180098685
-9.1007486953460877
-8.5899230715800972
-6.9035241180098685
-8.2534508349588851
-9.1007486953460877
-10.199360984014199
-5.9946683646232319
-10.199360984014199
-10.199360984014199
-7.491310782911988
-10.199360984014199
-7.3661476399579815
-8.2534508349588851
-5.8818728704778875
-5.9089015428658067
-10.199360984014199
-10.199360984014199
-5.6246500055108148
-10.199360984014199
-10.199360984014199
-5.9089015428658067
-6.9035241180098685
-7.491310782911988
-7.8014657112158279
-8.5899230715800972
-10.199360984014199
-10.199360984014199
-7.6344116265526614
-9.1007486953460877
-8.0021364066779785
-7.6344116265526614
-10.199360984014199
-9.1007486953460877
-8.2534508349588851
-8.5899230715800972
-9.1007486953460877
-9.1007486953460877
-10.199360984014199
-8.5899230715800972
-9.1007486953460877
-6.2675353512898724
-6.3492133823041392
-8.0021364066779785
-10.199360984014199
-6.4381608683206357
-6.0249737141185609
-7.6344116265526614
-7.3661476399579815
-10.199360984014199
-9.1007486953460877
-10.199360984014199
-6.2290690704620761
-6.3075406859035716
-7.2549220048477574
-9.1007486953460877
-8.0021364066779785
-10.199360984014199
-7.2549220048477574
-7.3661476399579815
-8.5899230715800972
-6.1563097161796483
-6.0884871198408872
-10.199360984014199
-7.8014657112158279
-7.063866768085048
-10.199360984014199
-10.199360984014199
-7.6344116265526614
-6.2675353512898724
-10.199360984014199
-8.2534508349588851
-6.4381608683206357
-10.199360984014199
-8.5899230715800972
-9.1007486953460877
-6.9804851591459975
-8.5899230715800972
-5.8049118293417594
-6.6440129225247846
-10.199360984014199
-7.8014657112158279
-9.1007486953460877
-10.199360984014199
-7.491310782911988
-8.2534508349588851
-6.9804851591459975
-10.199360984014199
-7.491310782911988
-10.199360984014199
-10.199360984014199
-6.3492133823041392
-10.199360984014199
-6.1563097161796483
-9.1007486953460877
-10.199360984014199
-6.9035241180098685
-10.199360984014199
-8.5899230715800972
-8.2534508349588851
-7.063866768085048
-6.3492133823041392
-9.1007486953460877
-8.5899230715800972
-10.199360984014199
-6.2675353512898724
-10.199360984014199
-9.1007486953460877
-10.199360984014199
-6.4381608683206357
-10.199360984014199
-10.199360984014199
-8.5899230715800972
-7.8014657112158279
-10.199360984014199
-7.6344116265526614
-6.3075406859035716
-7.2549220048477574
-6.2675353512898724
-10.199360984014199
-10.199360984014199
-6.6440129225247846
-6.3075406859035716
-9.1007486953460877
-10.199360984014199
-6.7653737795290514
-10.199360984014199
-10.199360984014199
-10.199360984014199
-8.0021364066779785
-10.199360984014199
-6.6440129225247846
-6.3492133823041392
-6.3075406859035716
-10.199360984014199
-8.5899230715800972
-9.1007486953460877
-10.199360984014199
-10.199360984014199
-8.2534508349588851
-8.5899230715800972
-7.6344116265526614
-9.1007486953460877
-10.199360984014199
-8.0021364066779785
-10.199360984014199
-9.1007486953460877
-6.3492133823041392
-7.063866768085048
-10.199360984014199
-10.199360984014199
-7.1548385462907751
-10.199360984014199
-9.1007486953460877
-10.199360984014199
-6.7653737795290514
-10.199360984014199
-10.199360984014199
-6.392698494243878
-6.4857889173098906
-6.4381608683206357
-6.4857889173098906
-6.5357993378845514
-9.1007486953460877
-6.7653737795290514
-10.199360984014199
-10.199360984014199
-9.1007486953460877
-6.2290690704620761
-9.1007486953460877
-10.199360984014199
-6.6440129225247846
-6.4381608683206357
-10.199360984014199
-9.1007486953460877
-6.4381608683206357
-6.5884430713699738
-6.392698494243878
-10.199360984014199
-8.5899230715800972
-10.199360984014199
-9.1007486953460877
-8.5899230715800972
-7.6344116265526614
-9.1007486953460877
-8.0021364066779785
-10.199360984014199
-9.1007486953460877
-9.1007486953460877
-8.5899230715800972
-8.0021364066779785
-9.1007486953460877
-10.199360984014199
-7.8014657112158279
-10.199360984014199
-10.199360984014199
-10.199360984014199
-10.199360984014199
-8.2534508349588851
-6.4381608683206357
-7.6344116265526614
-8.5899230715800972
-10.199360984014199
-10.199360984014199
-10.199360984014199
-8.0021364066779785
-7.3661476399579815
-10.199360984014199
-8.2534508349588851
-10.199360984014199
-10.199360984014199
-10.199360984014199
-9.1007486953460877
-8.2534508349588851
-10.199360984014199
-9.1007486953460877
-6.7653737795290514
-10.199360984014199
-7.3661476399579815
-10.199360984014199
-7.2549220048477574
-10.199360984014199
-8.2534508349588851
-6.9035241180098685
-6.392698494243878
-10.199360984014199
-10.199360984014199
-8.5899230715800972
-6.4381608683206357
-10.199360984014199
-8.2534508349588851
-10.199360984014199
-8.2534508349588851
-9.1007486953460877
-10.199360984014199
-9.1007486953460877
-10.199360984014199
-10.199360984014199
-10.199360984014199
-10.199360984014199
-10.199360984014199
-6.5357993378845514
-8.5899230715800972
-10.199360984014199
-10.199360984014199
-10.199360984014199
-10.199360984014199
-7.8014657112158279
-6.7028534225477179
-10.199360984014199
-8.5899230715800972
-6.9804851591459975
-8.5899230715800972
-10.199360984014199
-9.1007486953460877
-7.3661476399579815
-8.5899230715800972
-8.5899230715800972
-10.199360984014199
-6.832065154027724
-10.199360984014199
-6.7653737795290514
-10.199360984014199
-7.1548385462907751
-10.199360984014199
-10.199360984014199
-10.199360984014199
-9.1007486953460877
-10.199360984014199
-10.199360984014199
-6.6440129225247846
-10.199360984014199
-7.491310782911988
-6.7653737795290514
-6.6440129225247846
-7.063866768085048
-9.1007486953460877
-9.1007486953460877
-9.1007486953460877
-7.063866768085048
-6.9804851591459975
-8.2534508349588851
-10.199360984014199
-10.199360984014199
-9.1007486953460877
-6.6440129225247846
-6.7028534225477179
-9.1007486953460877
-10.199360984014199
-6.7653737795290514
-9.1007486953460877
-8.2534508349588851
-10.199360984014199
-6.7653737795290514
-10.199360984014199
-8.5899230715800972
-10.199360984014199
-10.199360984014199
-10.199360984014199
-9.1007486953460877
-10.199360984014199
-10.199360984014199
-6.7653737795290514
-10.199360984014199
-6.4381608683206357
-10.199360984014199
-6.7028534225477179
-6.9035241180098685
-6.7653737795290514
-6.7653737795290514
-8.2534508349588851
-6.7653737795290514
-6.4857889173098906
-10.199360984014199
-7.8014657112158279
-10.199360984014199
-8.5899230715800972
-7.8014657112158279
-10.199360984014199
-10.199360984014199
-7.491310782911988
-8.5899230715800972
-10.199360984014199
-10.199360984014199
-8.5899230715800972
-10.199360984014199
-10.199360984014199
-7.6344116265526614
-8.5899230715800972
-9.1007486953460877
-7.3661476399579815
-7.491310782911988
-7.1548385462907751
-10.199360984014199
-6.9804851591459975
-8.0021364066779785
-6.7653737795290514
-10.199360984014199
-10.199360984014199
-10.199360984014199
-6.832065154027724
-10.199360984014199
-10.199360984014199
-10.199360984014199
-9.1007486953460877
-6.7653737795290514
-9.1007486953460877
-8.0021364066779785
-6.832065154027724
-6.832065154027724
-9.1007486953460877
-7.063866768085048
-10.199360984014199
-10.199360984014199
-7.2549220048477574
-6.832065154027724
-10.199360984014199
-7.1548385462907751
-10.199360984014199
-7.8014657112158279
-6.7028534225477179
-6.832065154027724
-10.199360984014199
-9.1007486953460877
-10.199360984014199
-7.491310782911988
-10.199360984014199
-10.199360984014199
-7.491310782911988
-6.832065154027724
-10.199360984014199
-10.199360984014199
-10.199360984014199
-9.1007486953460877
-10.199360984014199
-9.1007486953460877
-7.491310782911988
-10.199360984014199
-8.5899230715800972
-10.199360984014199
-10.199360984014199
-10.199360984014199
-9.1007486953460877
-8.0021364066779785
-10.199360984014199
-6.9804851591459975
-10.199360984014199
-8.2534508349588851
-6.9804851591459975
-10.199360984014199
-6.9035241180098685
-9.1007486953460877
-6.9035241180098685
-8.2534508349588851
-8.0021364066779785
-10.199360984014199
-8.2534508349588851
-7.8014657112158279
-7.3661476399579815
-10.199360984014199
-6.9035241180098685
-10.199360984014199
-9.1007486953460877
-7.3661476399579815
-10.199360984014199
-10.199360984014199
-8.5899230715800972
-10.199360984014199
-10.199360984014199
-10.199360984014199
-7.6344116265526614
-8.2534508349588851
-10.199360984014199
-9.1007486953460877
-10.199360984014199
-7.3661476399579815
-6.9804851591459975
-10.199360984014199
-9.1007486953460877
-8.2534508349588851
-10.199360984014199
-10.199360984014199
-8.2534508349588851
-10.199360984014199
-10.199360984014199
-10.199360984014199
-10.199360984014199
-8.5899230715800972
-7.3661476399579815
-10.199360984014199
-10.199360984014199
-6.9804851591459975
-6.9804851591459975
-10.199360984014199
-8.5899230715800972
-9.1007486953460877
-7.6344116265526614
-10.199360984014199
-7.6344116265526614
-9.1007486953460877
-10.199360984014199
-6.9804851591459975
-10.199360984014199
-8.2534508349588851
-8.5899230715800972
-8.0021364066779785
-10.199360984014199
-10.199360984014199
-6.9804851591459975
-10.199360984014199
-10.199360984014199
-10.199360984014199
-10.199360984014199
-10.199360984014199
-6.9804851591459975
-10.199360984014199
-7.1548385462907751
-10.199360984014199
-8.2534508349588851
-7.8014657112158279
-7.063866768085048
-10.199360984014199
-10.199360984014199
-10.199360984014199
-8.5899230715800972
-10.199360984014199
-10.199360984014199
-7.063866768085048
-6.9804851591459975
-6.9804851591459975
-9.1007486953460877
-10.199360984014199
-8.2534508349588851
-7.2549220048477574
-7.063866768085048
-7.491310782911988
-6.7653737795290514
-7.6344116265526614
-8.5899230715800972
-7.8014657112158279
-10.199360984014199
-7.1548385462907751
-7.063866768085048
-7.063866768085048
-10.199360984014199
-10.199360984014199
-7.1548385462907751
-10.199360984014199
-7.6344116265526614
-8.5899230715800972
-10.199360984014199
-10.199360984014199
-10.199360984014199
-10.199360984014199
-10.199360984014199
-10.199360984014199
-8.5899230715800972
-10.199360984014199
-10.199360984014199
-10.199360984014199
-8.5899230715800972
-10.199360984014199
-8.5899230715800972
-7.6344116265526614
-10.199360984014199
-7.6344116265526614
-10.199360984014199
-10.199360984014199
-10.199360984014199
-7.063866768085048
-10.199360984014199
-10.199360984014199
-9.1007486953460877
-7.3661476399579815
-6.9035241180098685
-10.199360984014199
-7.063866768085048
-10.199360984014199
-9.1007486953460877
-10.199360984014199
-9.1007486953460877
-10.199360984014199
-10.199360984014199
-8.0021364066779785
-9.1007486953460877
-10.199360984014199
-7.1548385462907751
-7.1548385462907751
-7.1548385462907751
-8.0021364066779785
-9.1007486953460877
-7.1548385462907751
-7.491310782911988
-10.199360984014199
-10.199360984014199
-7.491310782911988
-8.5899230715800972
-7.2549220048477574
-7.1548385462907751
-10.199360984014199
-10.199360984014199
-9.1007486953460877
-7.8014657112158279
-9.1007486953460877
-9.1007486953460877
-8.2534508349588851
-10.199360984014199
-10.199360984014199
-9.1007486953460877
-8.5899230715800972
-10.199360984014199
-7.2549220048477574
-8.2534508349588851
-10.199360984014199
-10.199360984014199
-7.3661476399579815
-7.3661476399579815
-10.199360984014199
-8.5899230715800972
-10.199360984014199
-10.199360984014199
-7.3661476399579815
-9.1007486953460877
-7.1548385462907751
-10.199360984014199
-7.063866768085048
-9.1007486953460877
-10.199360984014199
-7.491310782911988
-10.199360984014199
-7.1548385462907751
-10.199360984014199
-7.1548385462907751
-7.1548385462907751
-10.199360984014199
-10.199360984014199
-7.6344116265526614
-10.199360984014199
-7.1548385462907751
-7.1548385462907751
-10.199360984014199
-10.199360984014199
-7.6344116265526614
-10.199360984014199
-8.2534508349588851
-7.1548385462907751
-9.1007486953460877
-7.2549220048477574
-8.0021364066779785
-7.2549220048477574
-10.199360984014199
-7.491310782911988
-10.199360984014199
-7.1548385462907751
-10.199360984014199
-7.3661476399579815
-8.0021364066779785
-7.491310782911988
-10.199360984014199
-8.5899230715800972
-8.5899230715800972
-10.199360984014199
-8.0021364066779785
-7.3661476399579815
-9.1007486953460877
-7.491310782911988
-8.2534508349588851
-8.5899230715800972
-10.199360984014199
-8.5899230715800972
-10.199360984014199
-10.199360984014199
-10.199360984014199
-10.199360984014199
-9.1007486953460877
-10.199360984014199
-10.199360984014199
-9.1007486953460877
-10.199360984014199
-7.8014657112158279
-10.199360984014199
-10.199360984014199
-10.199360984014199
-9.1007486953460877
-10.199360984014199
-7.2549220048477574
-10.199360984014199
-10.199360984014199
-8.2534508349588851
-10.199360984014199
-8.0021364066779785
-10.199360984014199
-10.199360984014199
-8.2534508349588851
-10.199360984014199
-8.5899230715800972
-9.1007486953460877
-10.199360984014199
-8.5899230715800972
-9.1007486953460877
-10.199360984014199
-10.199360984014199
-10.199360984014199
-8.5899230715800972
-10.199360984014199
-7.8014657112158279
-10.199360984014199
-9.1007486953460877
-7.6344116265526614
-10.199360984014199
-8.5899230715800972
-10.199360984014199
-10.199360984014199
-7.2549220048477574
-10.199360984014199
-10.199360984014199
-7.491310782911988
-10.199360984014199
-10.199360984014199
-10.199360984014199
-10.199360984014199
-10.199360984014199
-8.0021364066779785
-10.199360984014199
-7.6344116265526614
-10.199360984014199
-10.199360984014199
-7.6344116265526614
-7.8014657112158279
-10.199360984014199
-7.8014657112158279
-10.199360984014199
-6.9804851591459975
-7.3661476399579815
-10.199360984014199
-10.199360984014199
-8.5899230715800972
-9.1007486953460877
-10.199360984014199
-9.1007486953460877
-10.199360984014199
-10.199360984014199
-10.199360984014199
-10.199360984014199
-10.199360984014199
-7.063866768085048
-10.199360984014199
-10.199360984014199
-10.199360984014199
-7.8014657112158279
-10.199360984014199
-9.1007486953460877
-10.199360984014199
-10.199360984014199
-7.2549220048477574
-10.199360984014199
-10.199360984014199
-10.199360984014199
-10.199360984014199
-10.199360984014199
-10.199360984014199
-10.199360984014199
-10.199360984014199
-7.8014657112158279
-8.2534508349588851
-10.199360984014199
-10.199360984014199
-9.1007486953460877
-10.199360984014199
-10.199360984014199
-10.199360984014199
-9.1007486953460877
-9.1007486953460877
-7.3661476399579815
-8.5899230715800972
-10.199360984014199
-10.199360984014199
-7.3661476399579815
-10.199360984014199
-7.491310782911988
-10.199360984014199
-10.199360984014199
-10.199360984014199
-8.5899230715800972
-10.199360984014199
-9.1007486953460877
-7.491310782911988
-10.199360984014199
-10.199360984014199
-10.199360984014199
-7.491310782911988
-10.199360984014199
-10.199360984014199
-8.2534508349588851
-8.0021364066779785
-10.199360984014199
-10.199360984014199
-8.5899230715800972
-9.1007486953460877
-10.199360984014199
-7.8014657112158279
-10.199360984014199
-8.5899230715800972
-7.491310782911988
-10.199360984014199
-9.1007486953460877
-7.6344116265526614
-10.199360984014199
-10.199360984014199
-10.199360984014199
-10.199360984014199
-7.491310782911988
-7.3661476399579815
-8.2534508349588851
-10.199360984014199
-10.199360984014199
-10.199360984014199
-10.199360984014199
-10.199360984014199
-10.199360984014199
-10.199360984014199
-7.491310782911988
-7.491310782911988
-7.491310782911988
-7.491310782911988
-7.491310782911988
-7.2549220048477574
-7.491310782911988
-7.3661476399579815
-7.491310782911988
-10.199360984014199
-7.491310782911988
-10.199360984014199
-10.199360984014199
-7.6344116265526614
-8.5899230715800972
-10.199360984014199
-10.199360984014199
-10.199360984014199
-10.199360984014199
-10.199360984014199
-10.199360984014199
-7.491310782911988
-8.5899230715800972
-10.199360984014199
-7.6344116265526614
-9.1007486953460877
-8.2534508349588851
-7.491310782911988
-10.199360984014199
-9.1007486953460877
-10.199360984014199
-10.199360984014199
-10.199360984014199
-10.199360984014199
-10.199360984014199
-10.199360984014199
-7.6344116265526614
-7.8014657112158279
-7.8014657112158279
-10.199360984014199
-10.199360984014199
-10.199360984014199
-7.491310782911988
-10.199360984014199
-10.199360984014199
-10.199360984014199
-10.199360984014199
-10.199360984014199
-7.491310782911988
-7.491310782911988
-10.199360984014199
-10.199360984014199
-10.199360984014199
-10.199360984014199
-10.199360984014199
-10.199360984014199
-10.199360984014199
-10.199360984014199
-9.1007486953460877
-9.1007486953460877
-10.199360984014199
-10.199360984014199
-10.199360984014199
-10.199360984014199
-8.2534508349588851
-10.199360984014199
-9.1007486953460877
-10.199360984014199
-10.199360984014199
-7.491310782911988
-10.199360984014199
-8.5899230715800972
-8.2534508349588851
-10.199360984014199
-10.199360984014199
-10.199360984014199
-10.199360984014199
-8.0021364066779785
-7.8014657112158279
-9.1007486953460877
-7.6344116265526614
-10.199360984014199
-10.199360984014199
-10.199360984014199
-9.1007486953460877
-8.2534508349588851
-10.199360984014199
-10.199360984014199
-7.8014657112158279
-10.199360984014199
-10.199360984014199
-8.5899230715800972
-10.199360984014199
-9.1007486953460877
-7.491310782911988
-10.199360984014199
-10.199360984014199
-7.491310782911988
-10.199360984014199
-10.199360984014199
-7.6344116265526614
-7.491310782911988
-8.5899230715800972
-10.199360984014199
-10.199360984014199
-7.6344116265526614
-7.6344116265526614
-8.0021364066779785
-8.0021364066779785
-8.5899230715800972
-10.199360984014199
-7.6344116265526614
-10.199360984014199
-10.199360984014199
-7.6344116265526614
-8.0021364066779785
-10.199360984014199
-10.199360984014199
-10.199360984014199
-10.199360984014199
-10.199360984014199
-7.6344116265526614
-8.0021364066779785
-10.199360984014199
-10.199360984014199
-10.199360984014199
-9.1007486953460877
-10.199360984014199
-10.199360984014199
-10.199360984014199
-9.1007486953460877
-10.199360984014199
-10.199360984014199
-7.6344116265526614
-7.8014657112158279
-10.199360984014199
-7.8014657112158279
-10.199360984014199
-10.199360984014199
-7.8014657112158279
-10.199360984014199
-7.6344116265526614
-8.5899230715800972
-10.199360984014199
-10.199360984014199
-9.1007486953460877
-8.0021364066779785
-10.199360984014199
-10.199360984014199
-9.1007486953460877
-7.6344116265526614
-9.1007486953460877
-10.199360984014199
-9.1007486953460877
-10.199360984014199
-10.199360984014199
-10.199360984014199
-10.199360984014199
-10.199360984014199
-10.199360984014199
-10.199360984014199
-8.2534508349588851
-7.6344116265526614
-10.199360984014199
-10.199360984014199
-8.2534508349588851
-10.199360984014199
-8.5899230715800972
-8.0021364066779785
-9.1007486953460877
-9.1007486953460877
-10.199360984014199
-10.199360984014199
-10.199360984014199
-10.199360984014199
-7.6344116265526614
-7.6344116265526614
-7.6344116265526614
-10.199360984014199
-7.8014657112158279
-8.0021364066779785
-8.0021364066779785
-10.199360984014199
-8.5899230715800972
-10.199360984014199
-7.8014657112158279
-10.199360984014199
-10.199360984014199
-8.5899230715800972
-10.199360984014199
-7.6344116265526614
-8.5899230715800972
-8.0021364066779785
-7.491310782911988
-7.3661476399579815
-10.199360984014199
-10.199360984014199
-10.199360984014199
-10.199360984014199
-9.1007486953460877
-10.199360984014199
-10.199360984014199
-10.199360984014199
-10.199360984014199
-8.5899230715800972
-10.199360984014199
-10.199360984014199
-10.199360984014199
-10.199360984014199
-10.199360984014199
-7.8014657112158279
-7.6344116265526614
-9.1007486953460877
-7.6344116265526614
-10.199360984014199
-7.6344116265526614
-8.5899230715800972
-9.1007486953460877
-7.8014657112158279
-10.199360984014199
-10.199360984014199
-10.199360984014199
-10.199360984014199
-10.199360984014199
-10.199360984014199
-10.199360984014199
-10.199360984014199
-10.199360984014199
-10.199360984014199
-7.6344116265526614
-10.199360984014199
-8.5899230715800972
-10.199360984014199
-8.5899230715800972
-10.199360984014199
-10.199360984014199
-10.199360984014199
-10.199360984014199
-10.199360984014199
-7.8014657112158279
-7.8014657112158279
-7.8014657112158279
-7.8014657112158279
-8.2534508349588851
-7.8014657112158279
-8.0021364066779785
-7.8014657112158279
-7.8014657112158279
-7.8014657112158279
-7.8014657112158279
-10.199360984014199
-10.199360984014199
-8.0021364066779785
-8.5899230715800972
-10.199360984014199
-10.199360984014199
-10.199360984014199
-10.199360984014199
-10.199360984014199
-10.199360984014199
-9.1007486953460877
-10.199360984014199
-10.199360984014199
-10.199360984014199
-10.199360984014199
-10.199360984014199
-10.199360984014199
-10.199360984014199
-10.199360984014199
-10.199360984014199
-10.199360984014199
-10.199360984014199
-10.199360984014199
-9.1007486953460877
-9.1007486953460877
-9.1007486953460877
-7.8014657112158279
-10.199360984014199
-10.199360984014199
-9.1007486953460877
-9.1007486953460877
-10.199360984014199
-10.199360984014199
-10.199360984014199
-9.1007486953460877
-10.199360984014199
-8.2534508349588851
-7.8014657112158279
-10.199360984014199
-10.199360984014199
-8.5899230715800972
-10.199360984014199
-8.5899230715800972
-10.199360984014199
-8.0021364066779785
-9.1007486953460877
-10.199360984014199
-8.5899230715800972
-10.199360984014199
-10.199360984014199
-10.199360984014199
-7.8014657112158279
-10.199360984014199
-10.199360984014199
-10.199360984014199
-10.199360984014199
-10.199360984014199
-10.199360984014199
-9.1007486953460877
-10.199360984014199
-7.8014657112158279
-7.8014657112158279
-10.199360984014199
-10.199360984014199
-10.199360984014199
-9.1007486953460877
-10.199360984014199
-10.199360984014199
-10.199360984014199
-10.199360984014199
-10.199360984014199
-10.199360984014199
-8.2534508349588851
-10.199360984014199
-8.5899230715800972
-10.199360984014199
-8.0021364066779785
-8.2534508349588851
-10.199360984014199
-8.5899230715800972
-8.2534508349588851
-10.199360984014199
-10.199360984014199
-10.199360984014199
-10.199360984014199
-10.199360984014199
-7.8014657112158279
-10.199360984014199
-10.199360984014199
-10.199360984014199
-10.199360984014199
-9.1007486953460877
-9.1007486953460877
-10.199360984014199
-9.1007486953460877
-10.199360984014199
-9.1007486953460877
-10.199360984014199
-7.8014657112158279
-9.1007486953460877
-10.199360984014199
-9.1007486953460877
-10.199360984014199
-10.199360984014199
-8.5899230715800972
-10.199360984014199
-10.199360984014199
-10.199360984014199
-8.2534508349588851
-9.1007486953460877
-10.199360984014199
-8.0021364066779785
-10.199360984014199
-9.1007486953460877
-10.199360984014199
-10.199360984014199
-10.199360984014199
-9.1007486953460877
-8.0021364066779785
-7.8014657112158279
-8.0021364066779785
-8.5899230715800972
-9.1007486953460877
-10.199360984014199
-7.8014657112158279
-10.199360984014199
-7.8014657112158279
-10.199360984014199
-10.199360984014199
-10.199360984014199
-10.199360984014199
-10.199360984014199
-10.199360984014199
-10.199360984014199
-7.8014657112158279
-7.8014657112158279
-10.199360984014199
-10.199360984014199
-10.199360984014199
-10.199360984014199
-10.199360984014199
-9.1007486953460877
-10.199360984014199
-8.5899230715800972
-8.5899230715800972
-10.199360984014199
-10.199360984014199
-10.199360984014199
-10.199360984014199
-10.199360984014199
-10.199360984014199
-10.199360984014199
-10.199360984014199
-10.199360984014199
-10.199360984014199
-7.8014657112158279
-10.199360984014199
-10.199360984014199
-10.199360984014199
-9.1007486953460877
-7.8014657112158279
-9.1007486953460877
-9.1007486953460877
-8.2534508349588851
-7.6344116265526614
-8.2534508349588851
-10.199360984014199
-8.2534508349588851
-7.2549220048477574
-10.199360984014199
-10.199360984014199
-10.199360984014199
-10.199360984014199
-10.199360984014199
-10.199360984014199
-9.1007486953460877
-9.1007486953460877
-10.199360984014199
-10.199360984014199
-10.199360984014199
-10.199360984014199
-8.0021364066779785
-8.2534508349588851
-7.8014657112158279
-7.8014657112158279
-8.2534508349588851
-10.199360984014199
-8.2534508349588851
-10.199360984014199
-10.199360984014199
-8.5899230715800972
-9.1007486953460877
-9.1007486953460877
-10.199360984014199
-10.199360984014199
-10.199360984014199
-10.199360984014199
-10.199360984014199
-10.199360984014199
-9.1007486953460877
-10.199360984014199
-10.199360984014199
-7.8014657112158279
-10.199360984014199
-10.199360984014199
-7.3661476399579815
-10.199360984014199
-10.199360984014199
-9.1007486953460877
-9.1007486953460877
-8.5899230715800972
-10.199360984014199
-10.199360984014199
-10.199360984014199
-10.199360984014199
-10.199360984014199
-7.8014657112158279
-10.199360984014199
-10.199360984014199
-10.199360984014199
-7.8014657112158279
-8.2534508349588851
-8.0021364066779785
-8.2534508349588851
-8.2534508349588851
-8.0021364066779785
-8.0021364066779785
-8.0021364066779785
-8.0021364066779785
-8.0021364066779785
-10.199360984014199
-7.6344116265526614
-10.199360984014199
-8.0021364066779785
-8.0021364066779785
-8.0021364066779785
-8.0021364066779785
-10.199360984014199
-8.0021364066779785
-10.199360984014199
-10.199360984014199
-10.199360984014199
-8.0021364066779785
-10.199360984014199
-10.199360984014199
-10.199360984014199
-10.199360984014199
-10.199360984014199
-10.199360984014199
-10.199360984014199
-10.199360984014199
-10.199360984014199
-9.1007486953460877
-10.199360984014199
-10.199360984014199
-10.199360984014199
-9.1007486953460877
-10.199360984014199
-10.199360984014199
-10.199360984014199
-10.199360984014199
-10.199360984014199
-10.199360984014199
-9.1007486953460877
-8.5899230715800972
-10.199360984014199
-10.199360984014199
-8.0021364066779785
-10.199360984014199
-8.2534508349588851
-8.5899230715800972
-10.199360984014199
-10.199360984014199
-9.1007486953460877
-8.2534508349588851
-8.0021364066779785
-8.2534508349588851
-10.199360984014199
-8.0021364066779785
-8.5899230715800972
-8.0021364066779785
-10.199360984014199
-8.5899230715800972
-10.199360984014199
-10.199360984014199
-9.1007486953460877
-8.5899230715800972
-9.1007486953460877
-10.199360984014199
-10.199360984014199
-10.199360984014199
-9.1007486953460877
-10.199360984014199
-8.0021364066779785
-10.199360984014199
-8.5899230715800972
-10.199360984014199
-10.199360984014199
-10.199360984014199
-10.199360984014199
-10.199360984014199
-8.5899230715800972
-10.199360984014199
-10.199360984014199
-10.199360984014199
-10.199360984014199
-8.0021364066779785
-9.1007486953460877
-10.199360984014199
-10.199360984014199
-10.199360984014199
-10.199360984014199
-10.199360984014199
-10.199360984014199
-8.2534508349588851
-10.199360984014199
-10.199360984014199
-10.199360984014199
-10.199360984014199
-10.199360984014199
-10.199360984014199
-8.2534508349588851
-8.0021364066779785
-10.199360984014199
-10.199360984014199
-10.199360984014199
-10.199360984014199
-10.199360984014199
-8.0021364066779785
-10.199360984014199
-9.1007486953460877
-10.199360984014199
-10.199360984014199
-10.199360984014199
-10.199360984014199
-8.0021364066779785
-10.199360984014199
-10.199360984014199
-10.199360984014199
-10.199360984014199
-10.199360984014199
-10.199360984014199
-9.1007486953460877
-10.199360984014199
-9.1007486953460877
-10.199360984014199
-9.1007486953460877
-10.199360984014199
-10.199360984014199
-8.0021364066779785
-10.199360984014199
-10.199360984014199
-10.199360984014199
-10.199360984014199
-8.2534508349588851
-10.199360984014199
-10.199360984014199
-10.199360984014199
-10.199360984014199
-10.199360984014199
-10.199360984014199
-10.199360984014199
-10.199360984014199
-9.1007486953460877
-10.199360984014199
-8.5899230715800972
-10.199360984014199
-8.2534508349588851
-8.2534508349588851
-10.199360984014199
-10.199360984014199
-10.199360984014199
-10.199360984014199
-10.199360984014199
-10.199360984014199
-9.1007486953460877
-9.1007486953460877
-10.199360984014199
-8.5899230715800972
-10.199360984014199
-9.1007486953460877
-10.199360984014199
-10.199360984014199
-8.5899230715800972
-10.199360984014199
-10.199360984014199
-8.0021364066779785
-10.199360984014199
-10.199360984014199
-8.0021364066779785
-10.199360984014199
-9.1007486953460877
-10.199360984014199
-10.199360984014199
-10.199360984014199
-10.199360984014199
-8.5899230715800972
-9.1007486953460877
-10.199360984014199
-10.199360984014199
-10.199360984014199
-10.199360984014199
-10.199360984014199
-9.1007486953460877
-8.5899230715800972
-10.199360984014199
-10.199360984014199
-10.199360984014199
-10.199360984014199
-8.2534508349588851
-10.199360984014199
-10.199360984014199
-10.199360984014199
-10.199360984014199
-10.199360984014199
-10.199360984014199
-10.199360984014199
-9.1007486953460877
-8.0021364066779785
-10.199360984014199
-8.0021364066779785
-10.199360984014199
-8.0021364066779785
-8.0021364066779785
-10.199360984014199
-10.199360984014199
-8.0021364066779785
-10.199360984014199
-10.199360984014199
-10.199360984014199
-10.199360984014199
-10.199360984014199
-10.199360984014199
-10.199360984014199
-10.199360984014199
-10.199360984014199
-10.199360984014199
-10.199360984014199
-10.199360984014199
-9.1007486953460877
-10.199360984014199
-9.1007486953460877
-8.5899230715800972
-10.199360984014199
-10.199360984014199
-8.0021364066779785
-9.1007486953460877
-10.199360984014199
-10.199360984014199
-8.5899230715800972
-10.199360984014199
-8.0021364066779785
-10.199360984014199
-8.0021364066779785
-9.1007486953460877
-8.0021364066779785
-10.199360984014199
-9.1007486953460877
-10.199360984014199
-10.199360984014199
-10.199360984014199
-10.199360984014199
-10.199360984014199
-10.199360984014199
-10.199360984014199
-9.1007486953460877
-9.1007486953460877
-10.199360984014199
-10.199360984014199
-9.1007486953460877
-10.199360984014199
-10.199360984014199
-10.199360984014199
-8.2534508349588851
-8.0021364066779785
-8.2534508349588851
-8.2534508349588851
-8.2534508349588851
-8.2534508349588851
-8.2534508349588851
-8.2534508349588851
-8.2534508349588851
-8.2534508349588851
-8.2534508349588851
-8.2534508349588851
-8.2534508349588851
-8.2534508349588851
-10.199360984014199
-8.2534508349588851
-8.2534508349588851
-8.2534508349588851
-8.2534508349588851
-9.1007486953460877
-8.2534508349588851
-8.2534508349588851
-8.2534508349588851
-8.2534508349588851
-8.2534508349588851
-10.199360984014199
-8.2534508349588851
-8.2534508349588851
-8.2534508349588851
-8.2534508349588851
-8.2534508349588851
-8.2534508349588851
-8.2534508349588851
-8.0021364066779785
-8.2534508349588851
-8.0021364066779785
-8.2534508349588851
-8.2534508349588851
-8.2534508349588851
-8.2534508349588851
-8.2534508349588851
-10.199360984014199
-10.199360984014199
-10.199360984014199
-10.199360984014199
-8.2534508349588851
-10.199360984014199
-10.199360984014199
-10.199360984014199
-8.2534508349588851
-10.199360984014199
-9.1007486953460877
-10.199360984014199
-10.199360984014199
-10.199360984014199
-9.1007486953460877
-8.5899230715800972
-10.199360984014199
-10.199360984014199
-10.199360984014199
-10.199360984014199
-10.199360984014199
-10.199360984014199
-10.199360984014199
-10.199360984014199
-10.199360984014199
-10.199360984014199
-10.199360984014199
-10.199360984014199
-10.199360984014199
-10.199360984014199
-9.1007486953460877
-10.199360984014199
-10.199360984014199
-10.199360984014199
-9.1007486953460877
-10.199360984014199
-10.199360984014199
-10.199360984014199
-9.1007486953460877
-8.2534508349588851
-10.199360984014199
-10.199360984014199
-10.199360984014199
-10.199360984014199
-10.199360984014199
-10.199360984014199
-9.1007486953460877
-10.199360984014199
-10.199360984014199
-10.199360984014199
-10.199360984014199
-10.199360984014199
-10.199360984014199
-9.1007486953460877
-10.199360984014199
-10.199360984014199
-10.199360984014199
-10.199360984014199
-10.199360984014199
-9.1007486953460877
-10.199360984014199
-9.1007486953460877
-8.5899230715800972
-10.199360984014199
-10.199360984014199
-10.199360984014199
-10.199360984014199
-10.199360984014199
-10.199360984014199
-9.1007486953460877
-10.199360984014199
-8.5899230715800972
-9.1007486953460877
-8.5899230715800972
-9.1007486953460877
-10.199360984014199
-9.1007486953460877
-10.199360984014199
-10.199360984014199
-10.199360984014199
-9.1007486953460877
-10.199360984014199
-10.199360984014199
-10.199360984014199
-8.5899230715800972
-7.6344116265526614
-10.199360984014199
-10.199360984014199
-9.1007486953460877
-10.199360984014199
-10.199360984014199
-10.199360984014199
-8.5899230715800972
-8.5899230715800972
-8.2534508349588851
-9.1007486953460877
-8.2534508349588851
-10.199360984014199
-10.199360984014199
-8.5899230715800972
-10.199360984014199
-8.2534508349588851
-10.199360984014199
-10.199360984014199
-10.199360984014199
-10.199360984014199
-10.199360984014199
-10.199360984014199
-8.2534508349588851
-10.199360984014199
-10.199360984014199
-10.199360984014199
-10.199360984014199
-10.199360984014199
-10.199360984014199
-10.199360984014199
-10.199360984014199
-10.199360984014199
-10.199360984014199
-10.199360984014199
-10.199360984014199
-10.199360984014199
-8.2534508349588851
-10.199360984014199
-10.199360984014199
-10.199360984014199
-10.199360984014199
-10.199360984014199
-10.199360984014199
-8.2534508349588851
-8.2534508349588851
-10.199360984014199
-10.199360984014199
-10.199360984014199
-10.199360984014199
-10.199360984014199
-9.1007486953460877
-10.199360984014199
-10.199360984014199
-10.199360984014199
-10.199360984014199
-10.199360984014199
-10.199360984014199
-10.199360984014199
-10.199360984014199
-8.5899230715800972
-8.2534508349588851
-10.199360984014199
-9.1007486953460877
-10.199360984014199
-8.2534508349588851
-8.2534508349588851
-10.199360984014199
-10.199360984014199
-8.5899230715800972
-10.199360984014199
-10.199360984014199
-10.199360984014199
-8.2534508349588851
-8.2534508349588851
-10.199360984014199
-10.199360984014199
-10.199360984014199
-10.199360984014199
-10.199360984014199
-10.199360984014199
-9.1007486953460877
-10.199360984014199
-10.199360984014199
-10.199360984014199
-10.199360984014199
-8.2534508349588851
-8.5899230715800972
-9.1007486953460877
-10.199360984014199
-10.199360984014199
-10.199360984014199
-10.199360984014199
-8.2534508349588851
-10.199360984014199
-9.1007486953460877
-10.199360984014199
-10.199360984014199
-10.199360984014199
-10.199360984014199
-10.199360984014199
-9.1007486953460877
-10.199360984014199
-8.5899230715800972
-10.199360984014199
-8.2534508349588851
-10.199360984014199
-10.199360984014199
-8.5899230715800972
-10.199360984014199
-8.2534508349588851
-10.199360984014199
-10.199360984014199
-8.5899230715800972
-10.199360984014199
-10.199360984014199
-10.199360984014199
-9.1007486953460877
-8.0021364066779785
-10.199360984014199
-8.2534508349588851
-10.199360984014199
-10.199360984014199
-10.199360984014199
-10.199360984014199
-10.199360984014199
-8.5899230715800972
-10.199360984014199
-10.199360984014199
-10.199360984014199
-9.1007486953460877
-10.199360984014199
-9.1007486953460877
-10.199360984014199
-10.199360984014199
-10.199360984014199
-10.199360984014199
-8.2534508349588851
-10.199360984014199
-10.199360984014199
-10.199360984014199
-10.199360984014199
-8.5899230715800972
-10.199360984014199
-10.199360984014199
-10.199360984014199
-10.199360984014199
-8.5899230715800972
-9.1007486953460877
-7.8014657112158279
-10.199360984014199
-10.199360984014199
-9.1007486953460877
-10.199360984014199
-10.199360984014199
-9.1007486953460877
-8.5899230715800972
-8.2534508349588851
-10.199360984014199
-10.199360984014199
-10.199360984014199
-10.199360984014199
-10.199360984014199
-10.199360984014199
-10.199360984014199
-10.199360984014199
-8.5899230715800972
-8.2534508349588851
-10.199360984014199
-8.5899230715800972
-10.199360984014199
-10.199360984014199
-9.1007486953460877
-8.2534508349588851
-10.199360984014199
-10.199360984014199
-8.2534508349588851
-10.199360984014199
-10.199360984014199
-10.199360984014199
-10.199360984014199
-10.199360984014199
-8.2534508349588851
-9.1007486953460877
-8.2534508349588851
-10.199360984014199
-10.199360984014199
-10.199360984014199
-10.199360984014199
-10.199360984014199
-9.1007486953460877
-9.1007486953460877
-10.199360984014199
-9.1007486953460877
-8.2534508349588851
-8.5899230715800972
-8.2534508349588851
-10.199360984014199
-10.199360984014199
-8.5899230715800972
-10.199360984014199
-10.199360984014199
-8.2534508349588851
-8.5899230715800972
-8.5899230715800972
-10.199360984014199
-10.199360984014199
-10.199360984014199
-8.2534508349588851
-9.1007486953460877
-10.199360984014199
-8.5899230715800972
-10.199360984014199
-10.199360984014199
-10.199360984014199
-9.1007486953460877
-10.199360984014199
-9.1007486953460877
-8.2534508349588851
-9.1007486953460877
-8.2534508349588851
-10.199360984014199
-8.0021364066779785
-10.199360984014199
-10.199360984014199
-10.199360984014199
-10.199360984014199
-10.199360984014199
-10.199360984014199
-10.199360984014199
-8.2534508349588851
-8.5899230715800972
-8.5899230715800972
-10.199360984014199
-10.199360984014199
-10.199360984014199
-9.1007486953460877
-10.199360984014199
-10.199360984014199
-8.5899230715800972
-10.199360984014199
-8.2534508349588851
-8.2534508349588851
-9.1007486953460877
-8.2534508349588851
-8.2534508349588851
-10.199360984014199
-10.199360984014199
-10.199360984014199
-10.199360984014199
-8.5899230715800972
-8.2534508349588851
-10.199360984014199
-9.1007486953460877
-10.199360984014199
-10.199360984014199
-9.1007486953460877
-9.1007486953460877
-10.199360984014199
-8.2534508349588851
-10.199360984014199
-10.199360984014199
-10.199360984014199
-10.199360984014199
-8.5899230715800972
-10.199360984014199
-10.199360984014199
-10.199360984014199
-9.1007486953460877
-10.199360984014199
-9.1007486953460877
-10.199360984014199
-10.199360984014199
-10.199360984014199
-9.1007486953460877
-10.199360984014199
-8.5899230715800972
-10.199360984014199
-10.199360984014199
-10.199360984014199
-10.199360984014199
-10.199360984014199
-8.5899230715800972
-10.199360984014199
-10.199360984014199
-10.199360984014199
-10.199360984014199
-10.199360984014199
-9.1007486953460877
-8.5899230715800972
-8.2534508349588851
-10.199360984014199
-8.2534508349588851
-8.2534508349588851
-10.199360984014199
-10.199360984014199
-9.1007486953460877
-10.199360984014199
-10.199360984014199
-10.199360984014199
-10.199360984014199
-10.199360984014199
-8.5899230715800972
-9.1007486953460877
-10.199360984014199
-10.199360984014199
-10.199360984014199
-10.199360984014199
-7.8014657112158279
-10.199360984014199
-10.199360984014199
-10.199360984014199
-10.199360984014199
-8.2534508349588851
-10.199360984014199
-9.1007486953460877
-8.5899230715800972
-10.199360984014199
-10.199360984014199
-8.2534508349588851
-8.2534508349588851
-8.5899230715800972
-10.199360984014199
-10.199360984014199
-10.199360984014199
-8.5899230715800972
-10.199360984014199
-10.199360984014199
-10.199360984014199
-8.2534508349588851
-10.199360984014199
-10.199360984014199
-9.1007486953460877
-8.2534508349588851
-8.2534508349588851
-8.5899230715800972
-10.199360984014199
-10.199360984014199
-10.199360984014199
-8.2534508349588851
-8.2534508349588851
-10.199360984014199
-9.1007486953460877
-10.199360984014199
-8.5899230715800972
-8.2534508349588851
-10.199360984014199
-8.2534508349588851
-9.1007486953460877
-10.199360984014199
-10.199360984014199
-10.199360984014199
-10.199360984014199
-8.2534508349588851
-10.199360984014199
-10.199360984014199
-8.2534508349588851
-8.2534508349588851
-10.199360984014199
-9.1007486953460877
-10.199360984014199
-10.199360984014199
-10.199360984014199
-9.1007486953460877
-10.199360984014199
-10.199360984014199
-8.2534508349588851
-8.2534508349588851
-10.199360984014199
-8.5899230715800972
-10.199360984014199
-8.2534508349588851
-10.199360984014199
-8.2534508349588851
-8.2534508349588851
-10.199360984014199
-10.199360984014199
-9.1007486953460877
-8.2534508349588851
-10.199360984014199
-8.2534508349588851
-9.1007486953460877
-8.5899230715800972
-9.1007486953460877
-10.199360984014199
-10.199360984014199
-9.1007486953460877
-10.199360984014199
-8.2534508349588851
-10.199360984014199
-10.199360984014199
-10.199360984014199
-10.199360984014199
-10.199360984014199
-8.5899230715800972
-10.199360984014199
-8.5899230715800972
-8.5899230715800972
-8.5899230715800972
-8.5899230715800972
-8.5899230715800972
-8.5899230715800972
-8.5899230715800972
-8.5899230715800972
-8.5899230715800972
-8.5899230715800972
-8.5899230715800972
-8.5899230715800972
-8.5899230715800972
-8.5899230715800972
-8.5899230715800972
-8.5899230715800972
-8.5899230715800972
-8.5899230715800972
-8.5899230715800972
-8.5899230715800972
-8.5899230715800972
-8.5899230715800972
-8.5899230715800972
-8.5899230715800972
-8.5899230715800972
-8.5899230715800972
-8.5899230715800972
-8.5899230715800972
-8.5899230715800972
-8.5899230715800972
-8.5899230715800972
-8.5899230715800972
-8.5899230715800972
-8.5899230715800972
-8.5899230715800972
-8.2534508349588851
-8.5899230715800972
-8.5899230715800972
-10.199360984014199
-8.5899230715800972
-8.5899230715800972
-8.5899230715800972
-8.5899230715800972
-8.5899230715800972
-8.5899230715800972
-8.5899230715800972
-10.199360984014199
-8.5899230715800972
-8.5899230715800972
-8.5899230715800972
-8.5899230715800972
-9.1007486953460877
-8.5899230715800972
-8.5899230715800972
-10.199360984014199
-10.199360984014199
-10.199360984014199
-10.199360984014199
-9.1007486953460877
-9.1007486953460877
-10.199360984014199
-10.199360984014199
-8.5899230715800972
-8.5899230715800972
-8.5899230715800972
-8.5899230715800972
-8.5899230715800972
-8.5899230715800972
-8.5899230715800972
-8.5899230715800972
-9.1007486953460877
-8.5899230715800972
-8.5899230715800972
-8.5899230715800972
-8.5899230715800972
-10.199360984014199
-8.5899230715800972
-8.5899230715800972
-8.5899230715800972
-10.199360984014199
-10.199360984014199
-8.5899230715800972
-8.5899230715800972
-8.5899230715800972
-8.5899230715800972
-8.5899230715800972
-8.5899230715800972
-10.199360984014199
-8.5899230715800972
-8.5899230715800972
-8.5899230715800972
-10.199360984014199
-10.199360984014199
-8.5899230715800972
-8.5899230715800972
-8.5899230715800972
-10.199360984014199
-9.1007486953460877
-10.199360984014199
-8.5899230715800972
-10.199360984014199
-8.5899230715800972
-8.5899230715800972
-8.5899230715800972
-8.5899230715800972
-8.5899230715800972
-8.5899230715800972
-8.0021364066779785
-8.5899230715800972
-8.5899230715800972
-8.2534508349588851
-8.5899230715800972
-8.5899230715800972
-8.5899230715800972
-8.2534508349588851
-8.5899230715800972
-8.5899230715800972
-10.199360984014199
-9.1007486953460877
-10.199360984014199
-9.1007486953460877
-10.199360984014199
-10.199360984014199
-10.199360984014199
-10.199360984014199
-10.199360984014199
-9.1007486953460877
-10.199360984014199
-10.199360984014199
-10.199360984014199
-10.199360984014199
-10.199360984014199
-10.199360984014199
-10.199360984014199
-8.5899230715800972
-10.199360984014199
-10.199360984014199
-8.5899230715800972
-10.199360984014199
-10.199360984014199
-10.199360984014199
-10.199360984014199
-10.199360984014199
-10.199360984014199
-8.5899230715800972
-8.5899230715800972
-9.1007486953460877
-10.199360984014199
-10.199360984014199
-10.199360984014199
-8.5899230715800972
-10.199360984014199
-9.1007486953460877
-9.1007486953460877
-10.199360984014199
-10.199360984014199
-10.199360984014199
-10.199360984014199
-8.5899230715800972
-10.199360984014199
-10.199360984014199
-10.199360984014199
-10.199360984014199
-10.199360984014199
-10.199360984014199
-9.1007486953460877
-8.0021364066779785
-10.199360984014199
-10.199360984014199
-8.2534508349588851
-10.199360984014199
-10.199360984014199
-10.199360984014199
-10.199360984014199
-8.5899230715800972
-10.199360984014199
-10.199360984014199
-10.199360984014199
-10.199360984014199
-10.199360984014199
-10.199360984014199
-10.199360984014199
-10.199360984014199
-10.199360984014199
-10.199360984014199
-10.199360984014199
-10.199360984014199
-10.199360984014199
-10.199360984014199
-10.199360984014199
-10.199360984014199
-10.199360984014199
-8.5899230715800972
-10.199360984014199
-10.199360984014199
-10.199360984014199
-10.199360984014199
-9.1007486953460877
-10.199360984014199
-10.199360984014199
-9.1007486953460877
-8.2534508349588851
-10.199360984014199
-9.1007486953460877
-10.199360984014199
-10.199360984014199
-10.199360984014199
-10.199360984014199
-10.199360984014199
-10.199360984014199
-10.199360984014199
-10.199360984014199
-10.199360984014199
-10.199360984014199
-10.199360984014199
-10.199360984014199
-10.199360984014199
-9.1007486953460877
-10.199360984014199
-10.199360984014199
-8.5899230715800972
-8.5899230715800972
-8.5899230715800972
-8.5899230715800972
-10.199360984014199
-9.1007486953460877
-10.199360984014199
-10.199360984014199
-10.199360984014199
-10.199360984014199
-10.199360984014199
-10.199360984014199
-10.199360984014199
-10.199360984014199
-10.199360984014199
-10.199360984014199
-10.199360984014199
-9.1007486953460877
-10.199360984014199
-10.199360984014199
-10.199360984014199
-10.199360984014199
-10.199360984014199
-10.199360984014199
-10.199360984014199
-8.5899230715800972
-8.5899230715800972
-8.5899230715800972
-10.199360984014199
-10.199360984014199
-10.199360984014199
-10.199360984014199
-10.199360984014199
-8.5899230715800972
-10.199360984014199
-10.199360984014199
-10.199360984014199
-9.1007486953460877
-10.199360984014199
-10.199360984014199
-10.199360984014199
-10.199360984014199
-10.199360984014199
-10.199360984014199
-8.5899230715800972
-10.199360984014199
-10.199360984014199
-10.199360984014199
-8.5899230715800972
-8.5899230715800972
-10.199360984014199
-10.199360984014199
-9.1007486953460877
-10.199360984014199
-7.6344116265526614
-8.5899230715800972
-9.1007486953460877
-10.199360984014199
-10.199360984014199
-10.199360984014199
-10.199360984014199
-10.199360984014199
-10.199360984014199
-10.199360984014199
-10.199360984014199
-10.199360984014199
-10.199360984014199
-8.5899230715800972
-10.199360984014199
-8.5899230715800972
-10.199360984014199
-10.199360984014199
-10.199360984014199
-10.199360984014199
-10.199360984014199
-10.199360984014199
-10.199360984014199
-10.199360984014199
-10.199360984014199
-10.199360984014199
-9.1007486953460877
-8.5899230715800972
-10.199360984014199
-10.199360984014199
-9.1007486953460877
-10.199360984014199
-10.199360984014199
-9.1007486953460877
-9.1007486953460877
-10.199360984014199
-10.199360984014199
-10.199360984014199
-10.199360984014199
-10.199360984014199
-10.199360984014199
-10.199360984014199
-10.199360984014199
-10.199360984014199
-10.199360984014199
-10.199360984014199
-10.199360984014199
-8.5899230715800972
-10.199360984014199
-10.199360984014199
-10.199360984014199
-10.199360984014199
-9.1007486953460877
-10.199360984014199
-10.199360984014199
-10.199360984014199
-8.5899230715800972
-10.199360984014199
-10.199360984014199
-8.5899230715800972
-10.199360984014199
-8.5899230715800972
-10.199360984014199
-10.199360984014199
-8.5899230715800972
-10.199360984014199
-10.199360984014199
-10.199360984014199
-10.199360984014199
-10.199360984014199
-10.199360984014199
-10.199360984014199
-10.199360984014199
-8.5899230715800972
-8.5899230715800972
-10.199360984014199
-10.199360984014199
-10.199360984014199
-10.199360984014199
-10.199360984014199
-10.199360984014199
-10.199360984014199
-9.1007486953460877
-10.199360984014199
-10.199360984014199
-10.199360984014199
-9.1007486953460877
-10.199360984014199
-10.199360984014199
-10.199360984014199
-10.199360984014199
-10.199360984014199
-9.1007486953460877
-8.5899230715800972
-10.199360984014199
-10.199360984014199
-10.199360984014199
-10.199360984014199
-10.199360984014199
-10.199360984014199
-10.199360984014199
-10.199360984014199
-10.199360984014199
-9.1007486953460877
-10.199360984014199
-9.1007486953460877
-10.199360984014199
-9.1007486953460877
-10.199360984014199
-10.199360984014199
-10.199360984014199
-8.5899230715800972
-10.199360984014199
-10.199360984014199
-10.199360984014199
-9.1007486953460877
-10.199360984014199
-10.199360984014199
-10.199360984014199
-10.199360984014199
-10.199360984014199
-10.199360984014199
-10.199360984014199
-10.199360984014199
-10.199360984014199
-9.1007486953460877
-10.199360984014199
-10.199360984014199
-9.1007486953460877
-10.199360984014199
-8.5899230715800972
-8.5899230715800972
-9.1007486953460877
-10.199360984014199
-10.199360984014199
-10.199360984014199
-10.199360984014199
-10.199360984014199
-10.199360984014199
-10.199360984014199
-10.199360984014199
-10.199360984014199
-9.1007486953460877
-8.5899230715800972
-10.199360984014199
-10.199360984014199
-8.5899230715800972
-9.1007486953460877
-10.199360984014199
-10.199360984014199
-9.1007486953460877
-10.199360984014199
-10.199360984014199
-10.199360984014199
-8.5899230715800972
-9.1007486953460877
-8.5899230715800972
-10.199360984014199
-9.1007486953460877
-10.199360984014199
-10.199360984014199
-10.199360984014199
-10.199360984014199
-10.199360984014199
-10.199360984014199
-10.199360984014199
-10.199360984014199
-10.199360984014199
-10.199360984014199
-8.2534508349588851
-10.199360984014199
-10.199360984014199
-10.199360984014199
-9.1007486953460877
-10.199360984014199
-10.199360984014199
-10.199360984014199
-10.199360984014199
-10.199360984014199
-9.1007486953460877
-10.199360984014199
-10.199360984014199
-10.199360984014199
-9.1007486953460877
-10.199360984014199
-10.199360984014199
-10.199360984014199
-10.199360984014199
-10.199360984014199
-8.5899230715800972
-8.5899230715800972
-10.199360984014199
-10.199360984014199
-10.199360984014199
-10.199360984014199
-10.199360984014199
-10.199360984014199
-10.199360984014199
-8.5899230715800972
-10.199360984014199
-10.199360984014199
-10.199360984014199
-10.199360984014199
-10.199360984014199
-10.199360984014199
-10.199360984014199
-8.5899230715800972
-10.199360984014199
-10.199360984014199
-8.5899230715800972
-10.199360984014199
-10.199360984014199
-10.199360984014199
-10.199360984014199
-10.199360984014199
-10.199360984014199
-10.199360984014199
-10.199360984014199
-8.5899230715800972
-10.199360984014199
-10.199360984014199
-8.5899230715800972
-10.199360984014199
-10.199360984014199
-10.199360984014199
-10.199360984014199
-10.199360984014199
-10.199360984014199
-10.199360984014199
-10.199360984014199
-10.199360984014199
-8.0021364066779785
-10.199360984014199
-10.199360984014199
-10.199360984014199
-10.199360984014199
-8.5899230715800972
-10.199360984014199
-10.199360984014199
-9.1007486953460877
-10.199360984014199
-10.199360984014199
-10.199360984014199
-10.199360984014199
-9.1007486953460877
-9.1007486953460877
-10.199360984014199
-8.5899230715800972
-10.199360984014199
-10.199360984014199
-8.5899230715800972
-10.199360984014199
-10.199360984014199
-10.199360984014199
-10.199360984014199
-10.199360984014199
-10.199360984014199
-8.5899230715800972
-10.199360984014199
-10.199360984014199
-10.199360984014199
-10.199360984014199
-10.199360984014199
-10.199360984014199
-8.5899230715800972
-9.1007486953460877
-10.199360984014199
-10.199360984014199
-10.199360984014199
-10.199360984014199
-10.199360984014199
-10.199360984014199
-10.199360984014199
-10.199360984014199
-9.1007486953460877
-10.199360984014199
-10.199360984014199
-10.199360984014199
-10.199360984014199
-9.1007486953460877
-9.1007486953460877
-10.199360984014199
-10.199360984014199
-10.199360984014199
-10.199360984014199
-10.199360984014199
-10.199360984014199
-10.199360984014199
-10.199360984014199
-10.199360984014199
-10.199360984014199
-10.199360984014199
-10.199360984014199
-10.199360984014199
-10.199360984014199
-10.199360984014199
-10.199360984014199
-9.1007486953460877
-10.199360984014199
-10.199360984014199
-10.199360984014199
-10.199360984014199
-10.199360984014199
-10.199360984014199
-10.199360984014199
-10.199360984014199
-10.199360984014199
-10.199360984014199
-10.199360984014199
-10.199360984014199
-10.199360984014199
-10.199360984014199
-10.199360984014199
-10.199360984014199
-10.199360984014199
-10.199360984014199
-8.5899230715800972
-9.1007486953460877
-10.199360984014199
-10.199360984014199
-10.199360984014199
-10.199360984014199
-8.5899230715800972
-10.199360984014199
-9.1007486953460877
-10.199360984014199
-8.5899230715800972
-10.199360984014199
-10.199360984014199
-10.199360984014199
-10.199360984014199
-10.199360984014199
-10.199360984014199
-10.199360984014199
-10.199360984014199
-10.199360984014199
-10.199360984014199
-10.199360984014199
-10.199360984014199
-10.199360984014199
-8.5899230715800972
-8.5899230715800972
-10.199360984014199
-10.199360984014199
-8.5899230715800972
-10.199360984014199
-8.5899230715800972
-8.5899230715800972
-10.199360984014199
-10.199360984014199
-10.199360984014199
-10.199360984014199
-10.199360984014199
-10.199360984014199
-10.199360984014199
-10.199360984014199
-8.5899230715800972
-10.199360984014199
-10.199360984014199
-10.199360984014199
-8.5899230715800972
-10.199360984014199
-8.5899230715800972
-10.199360984014199
-10.199360984014199
-10.199360984014199
-10.199360984014199
-10.199360984014199
-10.199360984014199
-10.199360984014199
-10.199360984014199
-8.5899230715800972
-10.199360984014199
-10.199360984014199
-10.199360984014199
-10.199360984014199
-10.199360984014199
-10.199360984014199
-10.199360984014199
-10.199360984014199
-8.5899230715800972
-8.5899230715800972
-10.199360984014199
-9.1007486953460877
-8.5899230715800972
-8.5899230715800972
-10.199360984014199
-10.199360984014199
-10.199360984014199
-10.199360984014199
-8.5899230715800972
-9.1007486953460877
-10.199360984014199
-10.199360984014199
-10.199360984014199
-10.199360984014199
-10.199360984014199
-8.5899230715800972
-10.199360984014199
-10.199360984014199
-10.199360984014199
-8.5899230715800972
-10.199360984014199
-9.1007486953460877
-10.199360984014199
-10.199360984014199
-10.199360984014199
-8.5899230715800972
-8.5899230715800972
-10.199360984014199
-10.199360984014199
-10.199360984014199
-10.199360984014199
-10.199360984014199
-10.199360984014199
-10.199360984014199
-8.5899230715800972
-8.5899230715800972
-10.199360984014199
-8.5899230715800972
-8.5899230715800972
-10.199360984014199
-10.199360984014199
-10.199360984014199
-10.199360984014199
-10.199360984014199
-10.199360984014199
-10.199360984014199
-10.199360984014199
-10.199360984014199
-10.199360984014199
-10.199360984014199
-10.199360984014199
-10.199360984014199
-9.1007486953460877
-8.5899230715800972
-8.5899230715800972
-10.199360984014199
-10.199360984014199
-10.199360984014199
-9.1007486953460877
-9.1007486953460877
-10.199360984014199
-10.199360984014199
-10.199360984014199
-10.199360984014199
-10.199360984014199
-10.199360984014199
-10.199360984014199
-10.199360984014199
-10.199360984014199
-10.199360984014199
-10.199360984014199
-10.199360984014199
-10.199360984014199
-10.199360984014199
-10.199360984014199
-10.199360984014199
-10.199360984014199
-10.199360984014199
-9.1007486953460877
-8.5899230715800972
-10.199360984014199
-8.5899230715800972
-10.199360984014199
-10.199360984014199
-10.199360984014199
-10.199360984014199
-10.199360984014199
-10.199360984014199
-10.199360984014199
-10.199360984014199
-10.199360984014199
-8.5899230715800972
-8.5899230715800972
-8.5899230715800972
-10.199360984014199
-8.5899230715800972
-8.5899230715800972
-10.199360984014199
-10.199360984014199
-9.1007486953460877
-10.199360984014199
