MLCPP_ARCHIVE_V1
"RandomForest"
100
0
8
2
100
"DecisionTree"
1
0
8
2
0
3
3
13
0
9
-0.66491921955105071
1
2
0
3
0.37588652482269502
0.37588652482269502
0.24822695035460993
141
1
-1
0
0
0
1
3
0
1
0
39
0
11
-0.42711353368469107
3
6
0
3
0.51960784313725494
0.13725490196078433
0.34313725490196079
102
0
6
-0.53664655003281914
4
5
2
3
0
0.054054054054054057
0.94594594594594594
37
1
-1
0
0
0
2
3
0
0
1
35
1
-1
0
0
0
1
3
0
1
0
2
0
1
-0.93237117185828078
7
8
0
3
0.81538461538461537
0.18461538461538463
0
65
1
-1
0
0
0
1
3
0
1
0
5
0
4
-0.80998657955569497
9
10
0
3
0.8833333333333333
0.11666666666666667
0
60
1
-1
0
0
0
1
3
0
1
0
5
0
0
-0.94134201692171471
11
12
0
3
0.96363636363636362
0.036363636363636362
0
55
1
-1
0
0
0
1
3
0
1
0
2
1
-1
0
0
0
0
3
1
0
0
53
"DecisionTree"
1
0
8
2
0
3
3
17
0
0
-0.28296897537098847
1
8
1
3
0.39007092198581561
0.3971631205673759
0.21276595744680851
141
0
12
-0.77239103226651751
2
3
1
3
0
0.8771929824561403
0.12280701754385964
57
1
-1
0
0
0
1
3
0
1
0
32
0
11
-0.66083801589507229
4
7
1
3
0
0.71999999999999997
0.28000000000000003
25
0
0
-0.77065270985300827
5
6
2
3
0
0.125
0.875
8
1
-1
0
0
0
1
3
0
0.5
0.5
2
1
-1
0
0
0
2
3
0
0
1
6
1
-1
0
0
0
1
3
0
1
0
17
0
6
-0.035539506624689757
9
14
0
3
0.65476190476190477
0.071428571428571425
0.27380952380952384
84
0
3
-0.22947134714680673
10
11
2
3
0
0.14814814814814814
0.85185185185185186
27
1
-1
0
0
0
1
3
0
1
0
3
0
8
0.021900634708424259
12
13
2
3
0
0.041666666666666664
0.95833333333333337
24
1
-1
0
0
0
2
3
0
0
1
21
1
-1
0
0
0
2
3
0
0.33333333333333331
0.66666666666666663
3
0
9
-0.67610700122219736
15
16
0
3
0.96491228070175439
0.035087719298245612
0
57
1
-1
0
0
0
1
3
0
1
0
2
1
-1
0
0
0
0
3
1
0
0
55
"DecisionTree"
1
0
8
2
0
3
3
17
0
4
-0.77597582681080124
1
6
1
3
0.31914893617021278
0.41134751773049644
0.26950354609929078
141
0
8
-0.56026131905734222
2
5
1
3
0
0.93181818181818177
0.068181818181818177
44
0
9
0.3017051168360253
3
4
1
3
0
0.66666666666666663
0.33333333333333331
9
1
-1
0
0
0
1
3
0
1
0
6
1
-1
0
0
0
2
3
0
0
1
3
1
-1
0
0
0
1
3
0
1
0
35
0
9
-0.66491921955105071
7
8
0
3
0.46391752577319589
0.17525773195876287
0.36082474226804123
97
1
-1
0
0
0
1
3
0
1
0
16
0
10
-0.67039328383086616
9
10
0
3
0.55555555555555558
0.012345679012345678
0.43209876543209874
81
1
-1
0
0
0
2
3
0
0
1
30
0
7
0.98644028926338412
11
14
0
3
0.88235294117647056
0.019607843137254902
0.098039215686274508
51
0
5
-0.035036676525112012
12
13
0
3
0.97777777777777775
0.022222222222222223
0
45
1
-1
0
0
0
0
3
0.5
0.5
0
2
1
-1
0
0
0
0
3
1
0
0
43
0
5
-0.95983676074075275
15
16
2
3
0.16666666666666666
0
0.83333333333333337
6
1
-1
0
0
0
2
3
0
0
1
3
1
-1
0
0
0
2
3
0.33333333333333331
0
0.66666666666666663
3
"DecisionTree"
1
0
8
2
0
3
3
21
0
6
0.57080001589914686
1
16
1
3
0.31205673758865249
0.44680851063829785
0.24113475177304963
141
0
1
0.15357853464350932
2
11
1
3
0.033333333333333333
0.58888888888888891
0.37777777777777777
90
0
10
-0.8042757063134951
3
4
1
3
0.054545454545454543
0.8545454545454545
0.090909090909090912
55
1
-1
0
0
0
2
3
0
0
1
5
0
6
0.48060074808568343
5
10
1
3
0.059999999999999998
0.93999999999999995
0
50
0
10
0.69074467807586371
6
7
1
3
0.020833333333333332
0.97916666666666663
0
48
1
-1
0
0
0
1
3
0
1
0
33
0
12
-0.10752862240161545
8
9
1
3
0.066666666666666666
0.93333333333333335
0
15
1
-1
0
0
0
1
3
0
1
0
13
1
-1
0
0
0
0
3
0.5
0.5
0
2
1
-1
0
0
0
0
3
1
0
0
2
0
9
-0.68281967022488543
12
13
2
3
0
0.17142857142857143
0.82857142857142863
35
1
-1
0
0
0
1
3
0
1
0
5
0
6
-0.54666869090098169
14
15
2
3
0
0.033333333333333333
0.96666666666666667
30
1
-1
0
0
0
2
3
0
0
1
27
1
-1
0
0
0
2
3
0
0.33333333333333331
0.66666666666666663
3
0
12
-0.087482519591618402
17
18
0
3
0.80392156862745101
0.19607843137254902
0
51
1
-1
0
0
0
1
3
0
1
0
9
0
9
-0.61121786752954643
19
20
0
3
0.97619047619047616
0.023809523809523808
0
42
1
-1
0
0
0
0
3
0.66666666666666663
0.33333333333333331
0
3
1
-1
0
0
0
0
3
1
0
0
39
"DecisionTree"
1
0
8
2
0
3
3
19
0
0
-0.28296897537098847
1
6
1
3
0.31205673758865249
0.3971631205673759
0.29078014184397161
141
0
1
0.13057112560745451
2
3
1
3
0
0.82758620689655171
0.17241379310344829
58
1
-1
0
0
0
1
3
0
1
0
38
0
9
-0.71638301523832559
4
5
1
3
0
0.5
0.5
20
1
-1
0
0
0
1
3
0
1
0
10
1
-1
0
0
0
2
3
0
0
1
10
0
10
-0.64807954675042789
7
8
0
3
0.53012048192771088
0.096385542168674704
0.37349397590361444
83
1
-1
0
0
0
2
3
0
0
1
26
0
5
-0.2326435321267446
9
12
0
3
0.77192982456140347
0.14035087719298245
0.08771929824561403
57
0
6
-0.83229970564361544
10
11
1
3
0
0.54545454545454541
0.45454545454545453
11
1
-1
0
0
0
2
3
0
0
1
5
1
-1
0
0
0
1
3
0
1
0
6
0
1
-0.78972523583474064
13
14
0
3
0.95652173913043481
0.043478260869565216
0
46
1
-1
0
0
0
0
3
0.5
0.5
0
2
0
11
1.2372880820559025
15
16
0
3
0.97727272727272729
0.022727272727272728
0
44
1
-1
0
0
0
0
3
1
0
0
35
0
10
0.71305841515630197
17
18
0
3
0.88888888888888884
0.1111111111111111
0
9
1
-1
0
0
0
0
3
1
0
0
7
1
-1
0
0
0
0
3
0.5
0.5
0
2
"DecisionTree"
1
0
8
2
0
3
3
13
0
9
-0.67834455755642686
1
2
1
3
0.34042553191489361
0.45390070921985815
0.20567375886524822
141
1
-1
0
0
0
1
3
0
1
0
44
0
11
-0.15797625113940372
3
10
0
3
0.49484536082474229
0.20618556701030927
0.29896907216494845
97
0
2
-1.0864757706718082
4
5
2
3
0
0.29268292682926828
0.70731707317073167
41
1
-1
0
0
0
1
3
0
1
0
8
0
12
-0.76403848942901864
6
9
2
3
0
0.12121212121212122
0.87878787878787878
33
0
12
-0.8308588321290088
7
8
1
3
0
0.5
0.5
8
1
-1
0
0
0
2
3
0
0
1
4
1
-1
0
0
0
1
3
0
1
0
4
1
-1
0
0
0
2
3
0
0
1
25
0
12
-0.12089269094161348
11
12
0
3
0.8571428571428571
0.14285714285714285
0
56
1
-1
0
0
0
1
3
0
1
0
8
1
-1
0
0
0
0
3
1
0
0
48
"DecisionTree"
1
0
8
2
0
3
3
17
0
6
-0.76214471956647734
1
8
1
3
0.28368794326241137
0.3971631205673759
0.31914893617021278
141
0
7
-1.4668914344181263
2
3
2
3
0
0.083333333333333329
0.91666666666666663
48
1
-1
0
0
0
1
3
0
1
0
2
0
1
-0.93697265366549165
4
5
2
3
0
0.043478260869565216
0.95652173913043481
46
1
-1
0
0
0
1
3
0
0.5
0.5
2
0
4
-1.1500941070046318
6
7
2
3
0
0.022727272727272728
0.97727272727272729
44
1
-1
0
0
0
2
3
0
0.33333333333333331
0.66666666666666663
3
1
-1
0
0
0
2
3
0
0
1
41
0
0
-0.26468083532791314
9
10
1
3
0.43010752688172044
0.55913978494623651
0.010752688172043012
93
1
-1
0
0
0
1
3
0
1
0
46
0
9
-0.6895323392275734
11
12
0
3
0.85106382978723405
0.1276595744680851
0.021276595744680851
47
1
-1
0
0
0
1
3
0
1
0
2
0
5
-0.2326435321267446
13
16
0
3
0.88888888888888884
0.088888888888888892
0.022222222222222223
45
0
6
-0.33620373266956732
14
15
1
3
0
0.80000000000000004
0.20000000000000001
5
1
-1
0
0
0
1
3
0
0.5
0.5
2
1
-1
0
0
0
1
3
0
1
0
3
1
-1
0
0
0
0
3
1
0
0
40
"DecisionTree"
1
0
8
2
0
3
3
17
0
12
0.029453080133364368
1
12
1
3
0.32624113475177308
0.41843971631205673
0.25531914893617019
141
0
9
-0.056303896640669433
2
9
1
3
0
0.60869565217391308
0.39130434782608697
92
0
6
-0.76214471956647734
3
8
1
3
0
0.94545454545454544
0.054545454545454543
55
0
5
-1.1732521647905159
4
5
1
3
0
0.625
0.375
8
1
-1
0
0
0
2
3
0
0
1
2
0
4
-0.23180378289250242
6
7
1
3
0
0.83333333333333337
0.16666666666666666
6
1
-1
0
0
0
1
3
0
0.5
0.5
2
1
-1
0
0
0
1
3
0
1
0
4
1
-1
0
0
0
1
3
0
1
0
47
0
8
-1.5980282801180561
10
11
2
3
0
0.10810810810810811
0.89189189189189189
37
1
-1
0
0
0
1
3
0
1
0
4
1
-1
0
0
0
2
3
0
0
1
33
0
7
-1.0711927693082053
13
16
0
3
0.93877551020408168
0.061224489795918366
0
49
0
4
2.28499192022963
14
15
0
3
0.72727272727272729
0.27272727272727271
0
11
1
-1
0
0
0
0
3
1
0
0
8
1
-1
0
0
0
1
3
0
1
0
3
1
-1
0
0
0
0
3
1
0
0
38
"DecisionTree"
1
0
8
2
0
3
3
19
0
6
-0.62684581784628257
1
8
1
3
0.31914893617021278
0.3971631205673759
0.28368794326241137
141
0
3
-0.69480829920361442
2
3
2
3
0
0.11363636363636363
0.88636363636363635
44
1
-1
0
0
0
1
3
0
1
0
3
0
2
-0.57513774879672219
4
7
2
3
0
0.04878048780487805
0.95121951219512191
41
0
1
-0.25595334619826743
5
6
2
3
0
0.33333333333333331
0.66666666666666663
6
1
-1
0
0
0
1
3
0
1
0
2
1
-1
0
0
0
2
3
0
0
1
4
1
-1
0
0
0
2
3
0
0
1
35
0
1
-0.76211634499147474
9
10
1
3
0.46391752577319589
0.52577319587628868
0.010309278350515464
97
1
-1
0
0
0
1
3
0
1
0
27
0
0
0.052313592085400332
11
16
0
3
0.6428571428571429
0.34285714285714286
0.014285714285714285
70
0
1
1.1981149048804007
12
15
1
3
0.076923076923076927
0.92307692307692313
0
26
0
9
-0.59779252952417039
13
14
1
3
0.043478260869565216
0.95652173913043481
0
23
1
-1
0
0
0
1
3
0
1
0
20
1
-1
0
0
0
1
3
0.33333333333333331
0.66666666666666663
0
3
1
-1
0
0
0
1
3
0.33333333333333331
0.66666666666666663
0
3
0
6
0.44552325504711443
17
18
0
3
0.97727272727272729
0
0.022727272727272728
44
1
-1
0
0
0
0
3
0.66666666666666663
0
0.33333333333333331
3
1
-1
0
0
0
0
3
1
0
0
41
"DecisionTree"
1
0
8
2
0
3
3
23
0
5
0.4471240511428714
1
20
1
3
0.30496453900709219
0.41134751773049644
0.28368794326241137
141
0
6
-0.72706722652790834
2
11
1
3
0.054945054945054944
0.50549450549450547
0.43956043956043955
91
0
10
-0.11254985681991146
3
8
2
3
0
0.11904761904761904
0.88095238095238093
42
0
0
-0.79503689657710985
4
5
2
3
0
0.052631578947368418
0.94736842105263153
38
1
-1
0
0
0
1
3
0
0.5
0.5
2
0
11
-0.68208569609601599
6
7
2
3
0
0.027777777777777776
0.97222222222222221
36
1
-1
0
0
0
2
3
0
0
1
34
1
-1
0
0
0
1
3
0
0.5
0.5
2
0
11
-1.2061951410526284
9
10
1
3
0
0.75
0.25
4
1
-1
0
0
0
1
3
0
1
0
2
1
-1
0
0
0
1
3
0
0.5
0.5
2
0
9
-0.033928333298376086
12
17
1
3
0.10204081632653061
0.83673469387755106
0.061224489795918366
49
0
9
-0.41431291011736426
13
14
1
3
0.046511627906976744
0.95348837209302328
0
43
1
-1
0
0
0
1
3
0
1
0
37
0
5
-0.10617514454169998
15
16
1
3
0.33333333333333331
0.66666666666666663
0
6
1
-1
0
0
0
1
3
0
1
0
4
1
-1
0
0
0
0
3
1
0
0
2
0
0
1.0154889676873875
18
19
0
3
0.5
0
0.5
6
1
-1
0
0
0
2
3
0
0
1
3
1
-1
0
0
0
0
3
1
0
0
3
0
0
0.052313592085400332
21
22
0
3
0.76000000000000001
0.23999999999999999
0
50
1
-1
0
0
0
1
3
0
1
0
12
1
-1
0
0
0
0
3
1
0
0
38
"DecisionTree"
1
0
8
2
0
3
3
15
0
0
-0.34392944218124177
1
4
1
3
0.33333333333333331
0.34042553191489361
0.32624113475177308
141
0
6
-1.0728310864795176
2
3
1
3
0
0.83018867924528306
0.16981132075471697
53
1
-1
0
0
0
2
3
0
0
1
9
1
-1
0
0
0
1
3
0
1
0
44
0
5
0.059814614163671363
5
12
0
3
0.53409090909090906
0.045454545454545456
0.42045454545454547
88
0
4
-0.84399733230058871
6
9
2
3
0
0.076923076923076927
0.92307692307692313
39
0
6
-1.077842156913599
7
8
2
3
0
0.40000000000000002
0.59999999999999998
5
1
-1
0
0
0
2
3
0
0
1
3
1
-1
0
0
0
1
3
0
1
0
2
0
11
-0.69625081622997853
10
11
2
3
0
0.029411764705882353
0.97058823529411764
34
1
-1
0
0
0
2
3
0
0
1
32
1
-1
0
0
0
1
3
0
0.5
0.5
2
0
12
0.029453080133364368
13
14
0
3
0.95918367346938771
0.020408163265306121
0.020408163265306121
49
1
-1
0
0
0
1
3
0
0.5
0.5
2
1
-1
0
0
0
0
3
1
0
0
47
"DecisionTree"
1
0
8
2
0
3
3
15
0
11
-0.58292985515827866
1
4
1
3
0.36879432624113473
0.38297872340425532
0.24822695035460993
141
0
6
-0.62684581784628257
2
3
2
3
0
0.078947368421052627
0.92105263157894735
38
1
-1
0
0
0
2
3
0
0
1
35
1
-1
0
0
0
1
3
0
1
0
3
0
6
0.29519114202467572
5
8
0
3
0.50485436893203883
0.49514563106796117
0
103
0
9
-0.49262738181539134
6
7
1
3
0.04878048780487805
0.95121951219512191
0
41
1
-1
0
0
0
1
3
0
1
0
38
1
-1
0
0
0
0
3
0.66666666666666663
0.33333333333333331
0
3
0
7
0.63031149066445524
9
14
0
3
0.80645161290322576
0.19354838709677419
0
62
0
12
-0.030685228296626767
10
11
0
3
0.84745762711864403
0.15254237288135594
0
59
1
-1
0
0
0
1
3
0
1
0
8
0
4
1.8428521345460123
12
13
0
3
0.98039215686274506
0.019607843137254902
0
51
1
-1
0
0
0
0
3
1
0
0
49
1
-1
0
0
0
0
3
0.5
0.5
0
2
1
-1
0
0
0
1
3
0
1
0
3
"DecisionTree"
1
0
8
2
0
3
3
19
0
11
-0.95122297864130345
1
6
1
3
0.28368794326241137
0.50354609929078009
0.21276595744680851
141
0
8
-1.5980282801180561
2
3
2
3
0
0.09375
0.90625
32
1
-1
0
0
0
1
3
0
1
0
2
0
12
0.19650393688333975
4
5
2
3
0
0.033333333333333333
0.96666666666666667
30
1
-1
0
0
0
2
3
0
0
1
28
1
-1
0
0
0
1
3
0
0.5
0.5
2
0
9
-0.22412062170787014
7
14
1
3
0.3669724770642202
0.62385321100917435
0.0091743119266055051
109
0
11
1.5064253646011898
8
13
1
3
0.057142857142857141
0.94285714285714284
0
70
0
9
-0.51724050149191414
9
10
1
3
0.029411764705882353
0.97058823529411764
0
68
1
-1
0
0
0
1
3
0
1
0
61
0
12
0.35353174222831663
11
12
1
3
0.2857142857142857
0.7142857142857143
0
7
1
-1
0
0
0
1
3
0
1
0
5
1
-1
0
0
0
0
3
1
0
0
2
1
-1
0
0
0
0
3
1
0
0
2
0
2
-1.8818904713663867
15
16
0
3
0.92307692307692313
0.05128205128205128
0.02564102564102564
39
1
-1
0
0
0
1
3
0
1
0
2
0
11
0.17490407200871511
17
18
0
3
0.97297297297297303
0
0.027027027027027029
37
1
-1
0
0
0
0
3
0.66666666666666663
0
0.33333333333333331
3
1
-1
0
0
0
0
3
1
0
0
34
"DecisionTree"
1
0
8
2
0
3
3
21
0
10
-0.75964823215261879
1
4
1
3
0.24822695035460993
0.46099290780141844
0.29078014184397161
141
0
9
-0.57094185351341831
2
3
2
3
0
0.054054054054054057
0.94594594594594594
37
1
-1
0
0
0
1
3
0
1
0
2
1
-1
0
0
0
2
3
0
0
1
35
0
9
-0.47025181847309788
5
14
1
3
0.33653846153846156
0.60576923076923073
0.057692307692307696
104
0
10
0.66843094099542544
6
7
1
3
0.048387096774193547
0.95161290322580649
0
62
1
-1
0
0
0
1
3
0
1
0
40
0
1
-0.45381706390833931
8
11
1
3
0.13636363636363635
0.86363636363636365
0
22
0
0
0.064505685447450556
9
10
1
3
0.058823529411764705
0.94117647058823528
0
17
1
-1
0
0
0
1
3
0
1
0
15
1
-1
0
0
0
0
3
0.5
0.5
0
2
0
6
0.45053432548119565
12
13
1
3
0.40000000000000002
0.59999999999999998
0
5
1
-1
0
0
0
1
3
0
1
0
3
1
-1
0
0
0
0
3
1
0
0
2
0
7
0.5907416241534631
15
18
0
3
0.76190476190476186
0.095238095238095233
0.14285714285714285
42
0
12
-0.10418760526661594
16
17
0
3
0.94117647058823528
0.058823529411764705
0
34
1
-1
0
0
0
1
3
0
1
0
2
1
-1
0
0
0
0
3
1
0
0
32
0
12
-0.84756391780400642
19
20
2
3
0
0.25
0.75
8
1
-1
0
0
0
1
3
0
1
0
2
1
-1
0
0
0
2
3
0
0
1
6
"DecisionTree"
1
0
8
2
0
3
3
15
0
9
-0.67834455755642686
1
2
1
3
0.34042553191489361
0.46099290780141844
0.19858156028368795
141
1
-1
0
0
0
1
3
0
1
0
49
0
5
0.059814614163671363
3
10
0
3
0.52173913043478259
0.17391304347826086
0.30434782608695654
92
0
10
-0.090236119739473264
4
7
2
3
0.025000000000000001
0.32500000000000001
0.65000000000000002
40
0
6
-0.60179046567587591
5
6
2
3
0
0.037037037037037035
0.96296296296296291
27
1
-1
0
0
0
2
3
0
0
1
25
1
-1
0
0
0
1
3
0
0.5
0.5
2
0
4
-0.36784679387207714
8
9
1
3
0.076923076923076927
0.92307692307692313
0
13
1
-1
0
0
0
1
3
0
1
0
10
1
-1
0
0
0
1
3
0.33333333333333331
0.66666666666666663
0
3
0
7
1.1842896218183447
11
14
0
3
0.90384615384615385
0.057692307692307696
0.038461538461538464
52
0
12
-0.12089269094161348
12
13
0
3
0.93999999999999995
0.059999999999999998
0
50
1
-1
0
0
0
1
3
0
1
0
3
1
-1
0
0
0
0
3
1
0
0
47
1
-1
0
0
0
2
3
0
0
1
2
"DecisionTree"
1
0
8
2
0
3
3
15
0
12
0.029453080133364368
1
10
1
3
0.3546099290780142
0.38297872340425532
0.26241134751773049
141
0
6
-0.80223328303912766
2
5
1
3
0
0.59523809523809523
0.40476190476190477
84
0
4
0.61846503572983968
3
4
2
3
0
0.03125
0.96875
32
1
-1
0
0
0
2
3
0
0
1
30
1
-1
0
0
0
1
3
0
0.5
0.5
2
0
2
0.73161497377294205
6
7
1
3
0
0.94230769230769229
0.057692307692307696
52
1
-1
0
0
0
1
3
0
1
0
41
0
4
0.61846503572983968
8
9
1
3
0
0.72727272727272729
0.27272727272727271
11
1
-1
0
0
0
1
3
0
1
0
8
1
-1
0
0
0
2
3
0
0
1
3
0
5
-0.54881450108935703
11
12
0
3
0.8771929824561403
0.070175438596491224
0.052631578947368418
57
1
-1
0
0
0
2
3
0
0.25
0.75
4
0
4
2.4210349312092045
13
14
0
3
0.94339622641509435
0.056603773584905662
0
53
1
-1
0
0
0
0
3
1
0
0
50
1
-1
0
0
0
1
3
0
1
0
3
"DecisionTree"
1
0
8
2
0
3
3
15
0
12
0.062863251483359445
1
10
1
3
0.32624113475177308
0.3475177304964539
0.32624113475177308
141
0
9
-0.51500294515768474
2
3
1
3
0
0.52272727272727271
0.47727272727272729
88
1
-1
0
0
0
1
3
0
1
0
41
0
11
-0.42711353368469107
4
9
2
3
0
0.10638297872340426
0.8936170212765957
47
0
10
-0.58113833550911331
5
6
2
3
0
0.023255813953488372
0.97674418604651159
43
1
-1
0
0
0
2
3
0
0
1
39
0
12
-0.70557068956652724
7
8
2
3
0
0.25
0.75
4
1
-1
0
0
0
1
3
0
0.5
0.5
2
1
-1
0
0
0
2
3
0
0
1
2
1
-1
0
0
0
1
3
0
1
0
4
0
0
-0.38660176894841752
11
14
0
3
0.86792452830188682
0.056603773584905662
0.075471698113207544
53
0
1
0.006331116812758053
12
13
2
3
0
0.42857142857142855
0.5714285714285714
7
1
-1
0
0
0
1
3
0
1
0
3
1
-1
0
0
0
2
3
0
0
1
4
1
-1
0
0
0
0
3
1
0
0
46
"DecisionTree"
1
0
8
2
0
3
3
15
0
0
-0.22810455524176138
1
8
1
3
0.30496453900709219
0.43971631205673761
0.25531914893617019
141
0
6
-0.80223328303912766
2
7
1
3
0
0.84057971014492749
0.15942028985507245
69
0
5
-1.773977005819479
3
4
2
3
0
0.21428571428571427
0.7857142857142857
14
1
-1
0
0
0
1
3
0
1
0
2
0
7
-1.0316229027972132
5
6
2
3
0
0.083333333333333329
0.91666666666666663
12
1
-1
0
0
0
2
3
0
0.25
0.75
4
1
-1
0
0
0
2
3
0
0
1
8
1
-1
0
0
0
1
3
0
1
0
55
0
6
-0.010484154454283259
9
12
0
3
0.59722222222222221
0.055555555555555552
0.34722222222222221
72
0
6
-0.75212257869831478
10
11
2
3
0
0.07407407407407407
0.92592592592592593
27
1
-1
0
0
0
2
3
0
0
1
24
1
-1
0
0
0
1
3
0
0.66666666666666663
0.33333333333333331
3
0
10
1.4494117388107619
13
14
0
3
0.9555555555555556
0.044444444444444446
0
45
1
-1
0
0
0
0
3
1
0
0
43
1
-1
0
0
0
1
3
0
1
0
2
"DecisionTree"
1
0
8
2
0
3
3
21
0
10
-0.75964823215261879
1
6
0
3
0.37588652482269502
0.36170212765957449
0.26241134751773049
141
0
9
-0.42773824812274042
2
5
2
3
0
0.11428571428571428
0.88571428571428568
35
0
5
-0.17731361255828759
3
4
1
3
0
0.80000000000000004
0.20000000000000001
5
1
-1
0
0
0
1
3
0
0.5
0.5
2
1
-1
0
0
0
1
3
0
1
0
3
1
-1
0
0
0
2
3
0
0
1
30
0
0
0.07669777880950078
7
12
0
3
0.5
0.44339622641509435
0.056603773584905662
106
0
7
1.1447197553073527
8
9
1
3
0
0.9555555555555556
0.044444444444444446
45
1
-1
0
0
0
1
3
0
1
0
40
0
8
-1.4545970741177949
10
11
1
3
0
0.59999999999999998
0.40000000000000002
5
1
-1
0
0
0
1
3
0
1
0
3
1
-1
0
0
0
2
3
0
0
1
2
0
8
-0.73744104411648848
13
18
0
3
0.86885245901639341
0.065573770491803282
0.065573770491803282
61
0
7
0.27418269206552626
14
15
2
3
0
0.42857142857142855
0.5714285714285714
7
1
-1
0
0
0
1
3
0
1
0
2
0
11
-1.0220485793111158
16
17
2
3
0
0.20000000000000001
0.80000000000000004
5
1
-1
0
0
0
2
3
0
0
1
3
1
-1
0
0
0
1
3
0
0.5
0.5
2
0
5
-0.035036676525112012
19
20
0
3
0.98148148148148151
0.018518518518518517
0
54
1
-1
0
0
0
0
3
0.66666666666666663
0.33333333333333331
0
3
1
-1
0
0
0
0
3
1
0
0
51
"DecisionTree"
1
0
8
2
0
3
3
19
0
5
0.059814614163671363
1
10
1
3
0.32624113475177308
0.36170212765957449
0.31205673758865249
141
0
0
-0.66092386959455407
2
7
2
3
0
0.44444444444444442
0.55555555555555558
72
0
5
-1.2760077297033647
3
4
1
3
0
0.80645161290322576
0.19354838709677419
31
1
-1
0
0
0
2
3
0
0
1
3
0
5
-0.058749499197308118
5
6
1
3
0
0.8928571428571429
0.10714285714285714
28
1
-1
0
0
0
1
3
0
1
0
25
1
-1
0
0
0
2
3
0
0
1
3
0
6
-0.44644728221935576
8
9
2
3
0
0.17073170731707318
0.82926829268292679
41
1
-1
0
0
0
2
3
0
0
1
34
1
-1
0
0
0
1
3
0
1
0
7
0
0
-0.38660176894841752
11
12
0
3
0.66666666666666663
0.27536231884057971
0.057971014492753624
69
1
-1
0
0
0
1
3
0
1
0
17
0
7
1.1842896218183447
13
16
0
3
0.88461538461538458
0.038461538461538464
0.076923076923076927
52
0
3
1.2247066280307175
14
15
0
3
0.97872340425531912
0.021276595744680851
0
47
1
-1
0
0
0
0
3
1
0
0
45
1
-1
0
0
0
0
3
0.5
0.5
0
2
0
11
-1.0503788195790409
17
18
2
3
0
0.20000000000000001
0.80000000000000004
5
1
-1
0
0
0
2
3
0
0
1
3
1
-1
0
0
0
1
3
0
0.5
0.5
2
"DecisionTree"
1
0
8
2
0
3
3
17
0
6
-0.71203401522566434
1
6
1
3
0.34042553191489361
0.36879432624113473
0.29078014184397161
141
0
0
-0.77065270985300827
2
5
2
3
0
0.071428571428571425
0.9285714285714286
42
0
9
-0.63359343087183984
3
4
1
3
0
0.59999999999999998
0.40000000000000002
5
1
-1
0
0
0
1
3
0
1
0
3
1
-1
0
0
0
2
3
0
0
1
2
1
-1
0
0
0
2
3
0
0
1
37
0
11
0.35196807368324634
7
14
1
3
0.48484848484848486
0.49494949494949497
0.020202020202020204
99
0
5
0.99251897260337729
8
13
1
3
0.13513513513513514
0.81081081081081086
0.054054054054054057
37
0
7
-1.0316229027972132
9
10
1
3
0.030303030303030304
0.90909090909090906
0.060606060606060608
33
1
-1
0
0
0
2
3
0
0
1
2
0
12
0.32513309658082079
11
12
1
3
0.032258064516129031
0.967741935483871
0
31
1
-1
0
0
0
1
3
0
1
0
28
1
-1
0
0
0
1
3
0.33333333333333331
0.66666666666666663
0
3
1
-1
0
0
0
0
3
1
0
0
4
0
12
-0.030685228296626767
15
16
0
3
0.69354838709677424
0.30645161290322581
0
62
1
-1
0
0
0
1
3
0
1
0
19
1
-1
0
0
0
0
3
1
0
0
43
"DecisionTree"
1
0
8
2
0
3
3
19
0
0
0.10108196553360232
1
14
1
3
0.28368794326241137
0.48226950354609927
0.23404255319148937
141
0
10
-1.2282367108418208
2
3
1
3
0.03896103896103896
0.8571428571428571
0.1038961038961039
77
1
-1
0
0
0
2
3
0
0
1
6
0
12
0.8480022782082437
4
13
1
3
0.042253521126760563
0.92957746478873238
0.028169014084507043
71
0
9
-0.051828783972210843
5
10
1
3
0.014492753623188406
0.95652173913043481
0.028985507246376812
69
0
12
0.08625037142835601
6
7
1
3
0.015625
0.984375
0
64
1
-1
0
0
0
1
3
0
1
0
54
0
12
0.4403981877383038
8
9
1
3
0.10000000000000001
0.90000000000000002
0
10
1
-1
0
0
0
1
3
0.25
0.75
0
4
1
-1
0
0
0
1
3
0
1
0
6
0
6
-0.71203401522566445
11
12
1
3
0
0.59999999999999998
0.40000000000000002
5
1
-1
0
0
0
2
3
0
0
1
2
1
-1
0
0
0
1
3
0
1
0
3
1
-1
0
0
0
0
3
1
0
0
2
0
6
-0.010484154454283259
15
18
0
3
0.578125
0.03125
0.390625
64
0
9
-0.49486493814962063
16
17
2
3
0
0.07407407407407407
0.92592592592592593
27
1
-1
0
0
0
1
3
0
1
0
2
1
-1
0
0
0
2
3
0
0
1
25
1
-1
0
0
0
0
3
1
0
0
37
"DecisionTree"
1
0
8
2
0
3
3
15
0
10
-0.75964823215261879
1
4
1
3
0.28368794326241137
0.42553191489361702
0.29078014184397161
141
0
8
0.14845758117924296
2
3
2
3
0
0.027027027027027029
0.97297297297297303
37
1
-1
0
0
0
2
3
0
0
1
34
1
-1
0
0
0
2
3
0
0.33333333333333331
0.66666666666666663
3
0
0
-0.24029664860381161
5
6
1
3
0.38461538461538464
0.56730769230769229
0.04807692307692308
104
1
-1
0
0
0
1
3
0
1
0
52
0
8
-0.65306974646927596
7
10
0
3
0.76923076923076927
0.13461538461538461
0.096153846153846159
52
0
10
0.065960039823593941
8
9
1
3
0
0.5
0.5
10
1
-1
0
0
0
2
3
0
0
1
5
1
-1
0
0
0
1
3
0
1
0
5
0
3
0.57032653920083165
11
12
0
3
0.95238095238095233
0.047619047619047616
0
42
1
-1
0
0
0
0
3
1
0
0
37
0
12
1.2990395914331772
13
14
0
3
0.59999999999999998
0.40000000000000002
0
5
1
-1
0
0
0
1
3
0.33333333333333331
0.66666666666666663
0
3
1
-1
0
0
0
0
3
1
0
0
2
"DecisionTree"
1
0
8
2
0
3
3
15
0
11
-0.66792057596205345
1
6
1
3
0.36879432624113473
0.38297872340425532
0.24822695035460993
141
0
8
-1.5642797610591712
2
3
2
3
0
0.054054054054054057
0.94594594594594594
37
1
-1
0
0
0
1
3
0
0.5
0.5
2
0
8
0.021900634708424259
4
5
2
3
0
0.028571428571428571
0.97142857142857142
35
1
-1
0
0
0
2
3
0
0
1
33
1
-1
0
0
0
1
3
0
0.5
0.5
2
0
9
-0.6895323392275734
7
8
0
3
0.5
0.5
0
104
1
-1
0
0
0
1
3
0
1
0
42
0
1
-0.87255190836453811
9
10
0
3
0.83870967741935487
0.16129032258064516
0
62
1
-1
0
0
0
1
3
0
1
0
5
0
3
0.42490874168307924
11
14
0
3
0.91228070175438591
0.08771929824561403
0
57
0
12
0.062863251483359445
12
13
0
3
0.98113207547169812
0.018867924528301886
0
53
1
-1
0
0
0
0
3
0.5
0.5
0
2
1
-1
0
0
0
0
3
1
0
0
51
1
-1
0
0
0
1
3
0
1
0
4
"DecisionTree"
1
0
8
2
0
3
3
33
0
5
0.044006065715540742
1
24
1
3
0.32624113475177308
0.40425531914893614
0.26950354609929078
141
0
5
-0.84917692160383851
2
11
2
3
0.027027027027027029
0.47297297297297297
0.5
74
0
1
-0.16392371005404796
3
6
2
3
0
0.23529411764705882
0.76470588235294112
34
0
11
-1.4753324235979157
4
5
1
3
0
0.7142857142857143
0.2857142857142857
7
1
-1
0
0
0
2
3
0
0
1
2
1
-1
0
0
0
1
3
0
1
0
5
0
9
-0.056303896640669433
7
10
2
3
0
0.1111111111111111
0.88888888888888884
27
0
7
1.6591280199502501
8
9
1
3
0
0.5
0.5
6
1
-1
0
0
0
2
3
0
0
1
3
1
-1
0
0
0
1
3
0
1
0
3
1
-1
0
0
0
2
3
0
0
1
21
0
1
0.24560817078772867
12
19
1
3
0.050000000000000003
0.67500000000000004
0.27500000000000002
40
0
0
1.0093929210063626
13
18
1
3
0.071428571428571425
0.8214285714285714
0.10714285714285714
28
0
6
-1.1930967768974685
14
15
1
3
0
0.88461538461538458
0.11538461538461539
26
1
-1
0
0
0
2
3
0
0
1
2
0
11
-0.89456249810545363
16
17
1
3
0
0.95833333333333337
0.041666666666666664
24
1
-1
0
0
0
1
3
0
0.5
0.5
2
1
-1
0
0
0
1
3
0
1
0
22
1
-1
0
0
0
0
3
1
0
0
2
0
10
-1.0050993400374386
20
21
2
3
0
0.33333333333333331
0.66666666666666663
12
1
-1
0
0
0
2
3
0
0
1
6
0
0
0.052313592085399208
22
23
1
3
0
0.66666666666666663
0.33333333333333331
6
1
-1
0
0
0
1
3
0
1
0
4
1
-1
0
0
0
2
3
0
0
1
2
0
12
0.046158165808361906
25
28
0
3
0.65671641791044777
0.32835820895522388
0.014925373134328358
67
0
9
0.12270061009767794
26
27
1
3
0
0.94999999999999996
0.050000000000000003
20
1
-1
0
0
0
1
3
0
1
0
18
1
-1
0
0
0
1
3
0
0.5
0.5
2
0
0
-0.38660176894841752
29
30
0
3
0.93617021276595747
0.063829787234042548
0
47
1
-1
0
0
0
1
3
0
1
0
2
0
4
1.9788951455255868
31
32
0
3
0.97777777777777775
0.022222222222222223
0
45
1
-1
0
0
0
0
3
1
0
0
43
1
-1
0
0
0
0
3
0.5
0.5
0
2
"DecisionTree"
1
0
8
2
0
3
3
15
0
6
-0.80223328303912766
1
2
1
3
0.28368794326241137
0.36170212765957449
0.3546099290780142
141
1
-1
0
0
0
2
3
0
0
1
44
0
12
0.029453080133364368
3
8
1
3
0.41237113402061853
0.52577319587628868
0.061855670103092786
97
0
9
0.43595849688978583
4
7
1
3
0
0.8867924528301887
0.11320754716981132
53
0
11
-0.88747993803847236
5
6
1
3
0
0.97916666666666663
0.020833333333333332
48
1
-1
0
0
0
1
3
0
0.5
0.5
2
1
-1
0
0
0
1
3
0
1
0
46
1
-1
0
0
0
2
3
0
0
1
5
0
5
1.5616267167360789
9
12
0
3
0.90909090909090906
0.090909090909090912
0
44
0
0
0.01573731199924857
10
11
0
3
0.97435897435897434
0.02564102564102564
0
39
1
-1
0
0
0
0
3
0.5
0.5
0
2
1
-1
0
0
0
0
3
1
0
0
37
0
9
0.10032504675538451
13
14
1
3
0.40000000000000002
0.59999999999999998
0
5
1
-1
0
0
0
1
3
0
1
0
3
1
-1
0
0
0
0
3
1
0
0
2
"DecisionTree"
1
0
8
2
0
3
3
13
0
9
-0.51724050149191414
1
6
1
3
0.3475177304964539
0.39007092198581561
0.26241134751773049
141
0
9
-0.67834455755642686
2
3
1
3
0.040816326530612242
0.95918367346938771
0
49
1
-1
0
0
0
1
3
0
1
0
41
0
12
-0.029014719729127031
4
5
1
3
0.25
0.75
0
8
1
-1
0
0
0
1
3
0
1
0
6
1
-1
0
0
0
0
3
1
0
0
2
0
6
-0.44644728221935576
7
8
0
3
0.51086956521739135
0.086956521739130432
0.40217391304347827
92
1
-1
0
0
0
2
3
0
0
1
37
0
1
-0.96918302631596853
9
10
0
3
0.8545454545454545
0.14545454545454545
0
55
1
-1
0
0
0
1
3
0
1
0
6
0
3
0.42490874168307924
11
12
0
3
0.95918367346938771
0.040816326530612242
0
49
1
-1
0
0
0
0
3
1
0
0
46
1
-1
0
0
0
1
3
0.33333333333333331
0.66666666666666663
0
3
"DecisionTree"
1
0
8
2
0
3
3
15
0
12
0.029453080133364368
1
8
1
3
0.34042553191489361
0.40425531914893614
0.25531914893617019
141
0
11
-0.70333337629695958
2
7
1
3
0
0.61363636363636365
0.38636363636363635
88
0
3
-0.59301584094118787
3
4
2
3
0
0.12820512820512819
0.87179487179487181
39
1
-1
0
0
0
1
3
0
1
0
4
0
9
-0.33599843841933746
5
6
2
3
0
0.028571428571428571
0.97142857142857142
35
1
-1
0
0
0
2
3
0
0.33333333333333331
0.66666666666666663
3
1
-1
0
0
0
2
3
0
0
1
32
1
-1
0
0
0
1
3
0
1
0
49
0
9
-0.6895323392275734
9
10
0
3
0.90566037735849059
0.056603773584905662
0.037735849056603772
53
1
-1
0
0
0
1
3
0
1
0
3
0
2
-0.51832241303282334
11
14
0
3
0.95999999999999996
0
0.040000000000000001
50
0
8
0.14845758117924279
12
13
0
3
0.7142857142857143
0
0.2857142857142857
7
1
-1
0
0
0
2
3
0
0
1
2
1
-1
0
0
0
0
3
1
0
0
5
1
-1
0
0
0
0
3
1
0
0
43
"DecisionTree"
1
0
8
2
0
3
3
15
0
6
-0.73708936739607078
1
4
1
3
0.28368794326241137
0.40425531914893614
0.31205673758865249
141
0
9
-0.57094185351341831
2
3
2
3
0
0.12244897959183673
0.87755102040816324
49
1
-1
0
0
0
1
3
0
1
0
6
1
-1
0
0
0
2
3
0
0
1
43
0
12
0.029453080133364368
5
8
1
3
0.43478260869565216
0.55434782608695654
0.010869565217391304
92
0
10
-1.0497268141983154
6
7
1
3
0
0.97959183673469385
0.020408163265306121
49
1
-1
0
0
0
1
3
0
0.5
0.5
2
1
-1
0
0
0
1
3
0
1
0
47
0
7
-1.0711927693082053
9
14
0
3
0.93023255813953487
0.069767441860465115
0
43
0
4
2.28499192022963
10
13
0
3
0.66666666666666663
0.33333333333333331
0
9
0
6
1.0117742140983006
11
12
0
3
0.8571428571428571
0.14285714285714285
0
7
1
-1
0
0
0
0
3
0.5
0.5
0
2
1
-1
0
0
0
0
3
1
0
0
5
1
-1
0
0
0
1
3
0
1
0
2
1
-1
0
0
0
0
3
1
0
0
34
"DecisionTree"
1
0
8
2
0
3
3
21
0
2
-0.25318417946796445
1
8
1
3
0.31205673758865249
0.45390070921985815
0.23404255319148937
141
0
6
0.58583322720139086
2
5
1
3
0.14999999999999999
0.76666666666666672
0.083333333333333329
60
0
6
-1.1780635655952247
3
4
1
3
0
0.8936170212765957
0.10638297872340426
47
1
-1
0
0
0
2
3
0
0
1
5
1
-1
0
0
0
1
3
0
1
0
42
0
3
-0.59301584094118787
6
7
0
3
0.69230769230769229
0.30769230769230771
0
13
1
-1
0
0
0
0
3
1
0
0
9
1
-1
0
0
0
1
3
0
1
0
4
0
6
-0.44644728221935576
9
16
0
3
0.43209876543209874
0.22222222222222221
0.34567901234567899
81
0
4
-0.77597582681080124
10
11
2
3
0
0.066666666666666666
0.93333333333333335
30
1
-1
0
0
0
1
3
0
0.5
0.5
2
0
10
-0.53651086134823689
12
13
2
3
0
0.035714285714285712
0.9642857142857143
28
1
-1
0
0
0
2
3
0
0
1
24
0
7
1.223859488329337
14
15
2
3
0
0.25
0.75
4
1
-1
0
0
0
1
3
0
0.5
0.5
2
1
-1
0
0
0
2
3
0
0
1
2
0
0
-0.4170820023535442
17
18
0
3
0.68627450980392157
0.31372549019607843
0
51
1
-1
0
0
0
1
3
0
1
0
15
0
10
-0.3133734905438551
19
20
0
3
0.97222222222222221
0.027777777777777776
0
36
1
-1
0
0
0
0
3
0.5
0.5
0
2
1
-1
0
0
0
0
3
1
0
0
34
"DecisionTree"
1
0
8
2
0
3
3
15
0
0
-0.22810455524176138
1
6
1
3
0.2978723404255319
0.42553191489361702
0.27659574468085107
141
0
6
-0.80223328303912766
2
5
1
3
0
0.83823529411764708
0.16176470588235295
68
0
9
-0.68281967022488543
3
4
2
3
0
0.21428571428571427
0.7857142857142857
14
1
-1
0
0
0
1
3
0
1
0
3
1
-1
0
0
0
2
3
0
0
1
11
1
-1
0
0
0
1
3
0
1
0
54
0
3
-0.025886430621953522
7
10
0
3
0.57534246575342463
0.041095890410958902
0.38356164383561642
73
0
11
-0.14381113100544118
8
9
0
3
0.94736842105263153
0.052631578947368418
0
38
1
-1
0
0
0
1
3
0
1
0
2
1
-1
0
0
0
0
3
1
0
0
36
0
10
0.065960039823593941
11
12
2
3
0.17142857142857143
0.028571428571428571
0.80000000000000004
35
1
-1
0
0
0
2
3
0
0
1
28
0
6
0.62091072023995975
13
14
0
3
0.8571428571428571
0.14285714285714285
0
7
1
-1
0
0
0
0
3
0.5
0.5
0
2
1
-1
0
0
0
0
3
1
0
0
5
"DecisionTree"
1
0
8
2
0
3
3
15
0
6
-0.73708936739607078
1
4
1
3
0.21276595744680851
0.53191489361702127
0.25531914893617019
141
0
9
-0.68281967022488543
2
3
2
3
0
0.076923076923076927
0.92307692307692313
39
1
-1
0
0
0
1
3
0
1
0
3
1
-1
0
0
0
2
3
0
0
1
36
0
0
0.07669777880950078
5
10
1
3
0.29411764705882354
0.70588235294117652
0
102
0
11
1.2939485625917524
6
7
1
3
0.014925373134328358
0.9850746268656716
0
67
1
-1
0
0
0
1
3
0
1
0
62
0
6
2.0340325826508847
8
9
1
3
0.20000000000000001
0.80000000000000004
0
5
1
-1
0
0
0
1
3
0.33333333333333331
0.66666666666666663
0
3
1
-1
0
0
0
1
3
0
1
0
2
0
4
-0.80998657955569497
11
12
0
3
0.82857142857142863
0.17142857142857143
0
35
1
-1
0
0
0
1
3
0
1
0
4
0
7
1.3029992213513211
13
14
0
3
0.93548387096774188
0.064516129032258063
0
31
1
-1
0
0
0
0
3
1
0
0
29
1
-1
0
0
0
1
3
0
1
0
2
"DecisionTree"
1
0
8
2
0
3
3
19
0
0
-0.2037203685176609
1
6
1
3
0.3475177304964539
0.3971631205673759
0.25531914893617019
141
0
11
-0.80248921723469713
2
5
1
3
0
0.8392857142857143
0.16071428571428573
56
0
10
-0.4026284388656079
3
4
2
3
0
0.18181818181818182
0.81818181818181823
11
1
-1
0
0
0
2
3
0
0
1
9
1
-1
0
0
0
1
3
0
1
0
2
1
-1
0
0
0
1
3
0
1
0
45
0
6
0.084726183793261189
7
14
0
3
0.57647058823529407
0.10588235294117647
0.31764705882352939
85
0
11
-1.0220485793111158
8
9
2
3
0
0.22857142857142856
0.77142857142857146
35
1
-1
0
0
0
2
3
0
0
1
22
0
6
-0.57673511350546947
10
13
1
3
0
0.61538461538461542
0.38461538461538464
13
0
10
0.043646302743155979
11
12
2
3
0
0.2857142857142857
0.7142857142857143
7
1
-1
0
0
0
2
3
0
0
1
5
1
-1
0
0
0
1
3
0
1
0
2
1
-1
0
0
0
1
3
0
1
0
6
0
5
1.5616267167360789
15
16
0
3
0.97999999999999998
0.02
0
50
1
-1
0
0
0
0
3
1
0
0
46
0
10
0.40066609603016679
17
18
0
3
0.75
0.25
0
4
1
-1
0
0
0
0
3
1
0
0
2
1
-1
0
0
0
0
3
0.5
0.5
0
2
"DecisionTree"
1
0
8
2
0
3
3
15
0
11
-0.58292985515827866
1
8
1
3
0.2978723404255319
0.43971631205673761
0.26241134751773049
141
0
9
-0.63359343087183984
2
3
2
3
0
0.19565217391304349
0.80434782608695654
46
1
-1
0
0
0
1
3
0
1
0
6
0
6
-0.62684581784628257
4
5
2
3
0
0.074999999999999997
0.92500000000000004
40
1
-1
0
0
0
2
3
0
0
1
35
0
5
-1.2206778101349078
6
7
1
3
0
0.59999999999999998
0.40000000000000002
5
1
-1
0
0
0
2
3
0
0
1
2
1
-1
0
0
0
1
3
0
1
0
3
0
12
0.029453080133364368
9
10
1
3
0.44210526315789472
0.55789473684210522
0
95
1
-1
0
0
0
1
3
0
1
0
52
0
10
1.2709018421672562
11
12
0
3
0.97674418604651159
0.023255813953488372
0
43
1
-1
0
0
0
0
3
1
0
0
38
0
2
0.46647674020808316
13
14
0
3
0.80000000000000004
0.20000000000000001
0
5
1
-1
0
0
0
0
3
1
0
0
3
1
-1
0
0
0
0
3
0.5
0.5
0
2
"DecisionTree"
1
0
8
2
0
3
3
23
0
12
0.029453080133364368
1
16
1
3
0.3475177304964539
0.37588652482269502
0.27659574468085107
141
0
9
-0.056303896640669433
2
11
1
3
0
0.57831325301204817
0.42168674698795183
83
0
0
-0.22810455524176138
3
6
1
3
0
0.90000000000000002
0.10000000000000001
50
0
11
-0.44127865381865361
4
5
1
3
0
0.97619047619047616
0.023809523809523808
42
1
-1
0
0
0
1
3
0
0.5
0.5
2
1
-1
0
0
0
1
3
0
1
0
40
0
0
-0.039127108129979618
7
8
1
3
0
0.5
0.5
8
1
-1
0
0
0
2
3
0
0
1
3
0
7
0.39289229159850259
9
10
1
3
0
0.80000000000000004
0.20000000000000001
5
1
-1
0
0
0
1
3
0
1
0
3
1
-1
0
0
0
1
3
0
0.5
0.5
2
0
8
-1.5642797610591712
12
13
2
3
0
0.090909090909090912
0.90909090909090906
33
1
-1
0
0
0
1
3
0
1
0
2
0
0
-0.84990131670633695
14
15
2
3
0
0.032258064516129031
0.967741935483871
31
1
-1
0
0
0
1
3
0
0.5
0.5
2
1
-1
0
0
0
2
3
0
0
1
29
0
10
-0.82658944339393337
17
18
0
3
0.84482758620689657
0.086206896551724144
0.068965517241379309
58
1
-1
0
0
0
2
3
0
0
1
4
0
6
0.31523542376100094
19
20
0
3
0.90740740740740744
0.092592592592592587
0
54
1
-1
0
0
0
1
3
0
1
0
3
0
4
2.28499192022963
21
22
0
3
0.96078431372549022
0.039215686274509803
0
51
1
-1
0
0
0
0
3
1
0
0
49
1
-1
0
0
0
1
3
0
1
0
2
"DecisionTree"
1
0
8
2
0
3
3
17
0
12
0.029453080133364368
1
10
1
3
0.3546099290780142
0.36879432624113473
0.27659574468085107
141
0
9
-0.056303896640669433
2
7
1
3
0
0.5662650602409639
0.43373493975903615
83
0
1
1.8929386577692577
3
6
1
3
0
0.93877551020408168
0.061224489795918366
49
0
10
-0.8042757063134951
4
5
1
3
0
0.95744680851063835
0.042553191489361701
47
1
-1
0
0
0
2
3
0
0.33333333333333331
0.66666666666666663
3
1
-1
0
0
0
1
3
0
1
0
44
1
-1
0
0
0
1
3
0
0.5
0.5
2
0
10
-0.51419712426779873
8
9
2
3
0
0.029411764705882353
0.97058823529411764
34
1
-1
0
0
0
2
3
0
0
1
31
1
-1
0
0
0
2
3
0
0.33333333333333331
0.66666666666666663
3
0
11
-0.67500313602903494
11
12
0
3
0.86206896551724133
0.086206896551724144
0.051724137931034482
58
1
-1
0
0
0
2
3
0
0
1
3
0
6
0.31523542376100094
13
14
0
3
0.90909090909090906
0.090909090909090912
0
55
1
-1
0
0
0
1
3
0
1
0
2
0
9
-0.6895323392275734
15
16
0
3
0.94339622641509435
0.056603773584905662
0
53
1
-1
0
0
0
1
3
0
1
0
3
1
-1
0
0
0
0
3
1
0
0
50
"DecisionTree"
1
0
8
2
0
3
3
15
0
6
0.15488116987039935
1
10
0
3
0.41843971631205673
0.37588652482269502
0.20567375886524822
141
0
1
-0.090300001138672273
2
7
1
3
0
0.56716417910447758
0.43283582089552236
67
0
0
-0.62434758950840241
3
4
1
3
0
0.88571428571428568
0.11428571428571428
35
1
-1
0
0
0
1
3
0
1
0
23
0
6
-0.75212257869831478
5
6
1
3
0
0.66666666666666663
0.33333333333333331
12
1
-1
0
0
0
2
3
0
0
1
4
1
-1
0
0
0
1
3
0
1
0
8
0
9
-0.57094185351341831
8
9
2
3
0
0.21875
0.78125
32
1
-1
0
0
0
1
3
0
1
0
7
1
-1
0
0
0
2
3
0
0
1
25
0
12
-0.030685228296626767
11
12
0
3
0.79729729729729726
0.20270270270270271
0
74
1
-1
0
0
0
1
3
0
1
0
13
0
4
2.28499192022963
13
14
0
3
0.96721311475409832
0.032786885245901641
0
61
1
-1
0
0
0
0
3
1
0
0
59
1
-1
0
0
0
1
3
0
1
0
2
"DecisionTree"
1
0
8
2
0
3
3
15
0
12
0.012747994458366829
1
10
1
3
0.3546099290780142
0.40425531914893614
0.24113475177304963
141
0
11
-0.68208569609601599
2
7
1
3
0
0.61627906976744184
0.38372093023255816
86
0
6
-0.62684581784628257
3
4
2
3
0
0.1111111111111111
0.88888888888888884
36
1
-1
0
0
0
2
3
0
0
1
31
0
8
-1.0833633644700598
5
6
1
3
0
0.80000000000000004
0.20000000000000001
5
1
-1
0
0
0
1
3
0
1
0
3
1
-1
0
0
0
1
3
0
0.5
0.5
2
0
9
-0.078679459982962982
8
9
1
3
0
0.97999999999999998
0.02
50
1
-1
0
0
0
1
3
0
1
0
48
1
-1
0
0
0
1
3
0
0.5
0.5
2
0
4
2.4210349312092045
11
14
0
3
0.90909090909090906
0.072727272727272724
0.018181818181818181
55
0
6
0.13984795856815557
12
13
0
3
0.96153846153846156
0.019230769230769232
0.019230769230769232
52
1
-1
0
0
0
1
3
0
0.5
0.5
2
1
-1
0
0
0
0
3
1
0
0
50
1
-1
0
0
0
1
3
0
1
0
3
"DecisionTree"
1
0
8
2
0
3
3
19
0
12
0.029453080133364368
1
14
1
3
0.31205673758865249
0.43262411347517732
0.25531914893617019
141
0
9
-0.051828783972210843
2
11
1
3
0
0.63043478260869568
0.36956521739130432
92
0
5
-1.1337307936701895
3
6
1
3
0
0.94999999999999996
0.050000000000000003
60
0
6
-0.72205615609382701
4
5
1
3
0
0.5
0.5
4
1
-1
0
0
0
2
3
0
0
1
2
1
-1
0
0
0
1
3
0
1
0
2
0
8
-0.93149502870507728
7
10
1
3
0
0.9821428571428571
0.017857142857142856
56
0
8
-1.1592975323525512
8
9
1
3
0
0.80000000000000004
0.20000000000000001
5
1
-1
0
0
0
1
3
0
1
0
3
1
-1
0
0
0
1
3
0
0.5
0.5
2
1
-1
0
0
0
1
3
0
1
0
51
0
2
1.6406603459953173
12
13
2
3
0
0.03125
0.96875
32
1
-1
0
0
0
2
3
0
0
1
30
1
-1
0
0
0
1
3
0
0.5
0.5
2
0
9
-0.6895323392275734
15
16
0
3
0.89795918367346939
0.061224489795918366
0.040816326530612242
49
1
-1
0
0
0
1
3
0
1
0
3
0
5
-0.58833587220968342
17
18
0
3
0.95652173913043481
0
0.043478260869565216
46
1
-1
0
0
0
2
3
0
0
1
2
1
-1
0
0
0
0
3
1
0
0
44
"DecisionTree"
1
0
8
2
0
3
3
13
0
0
-0.24029664860381161
1
6
1
3
0.32624113475177308
0.40425531914893614
0.26950354609929078
141
0
6
-0.78720007173688389
2
5
1
3
0
0.8771929824561403
0.12280701754385964
57
0
6
-1.0577978751772736
3
4
2
3
0
0.125
0.875
8
1
-1
0
0
0
2
3
0
0
1
5
1
-1
0
0
0
2
3
0
0.33333333333333331
0.66666666666666663
3
1
-1
0
0
0
1
3
0
1
0
49
0
6
0.084726183793261189
7
12
0
3
0.54761904761904767
0.083333333333333329
0.36904761904761907
84
0
1
-0.59646299993187968
8
9
2
3
0
0.18421052631578946
0.81578947368421051
38
1
-1
0
0
0
1
3
0
1
0
6
0
6
-0.99766502996829809
10
11
2
3
0
0.03125
0.96875
32
1
-1
0
0
0
2
3
0
0
1
30
1
-1
0
0
0
1
3
0
0.5
0.5
2
1
-1
0
0
0
0
3
1
0
0
46
"DecisionTree"
1
0
8
2
0
3
3
17
0
0
-0.28296897537098847
1
8
1
3
0.3475177304964539
0.3971631205673759
0.25531914893617019
141
0
0
-0.50852270256892307
2
5
1
3
0
0.90740740740740744
0.092592592592592587
54
0
6
-1.0227203821387048
3
4
1
3
0
0.93999999999999995
0.059999999999999998
50
1
-1
0
0
0
2
3
0
0
1
3
1
-1
0
0
0
1
3
0
1
0
47
0
12
-0.67550153535153179
6
7
1
3
0
0.5
0.5
4
1
-1
0
0
0
1
3
0
1
0
2
1
-1
0
0
0
2
3
0
0
1
2
0
6
0.17492545160672457
9
14
0
3
0.56321839080459768
0.080459770114942528
0.35632183908045978
87
0
6
-0.75212257869831478
10
11
2
3
0
0.16216216216216217
0.83783783783783783
37
1
-1
0
0
0
2
3
0
0
1
30
0
11
-0.86623225783752855
12
13
1
3
0
0.8571428571428571
0.14285714285714285
7
1
-1
0
0
0
1
3
0
0.5
0.5
2
1
-1
0
0
0
1
3
0
1
0
5
0
4
2.0469166510153745
15
16
0
3
0.97999999999999998
0.02
0
50
1
-1
0
0
0
0
3
1
0
0
46
1
-1
0
0
0
0
3
0.75
0.25
0
4
"DecisionTree"
1
0
8
2
0
3
3
21
0
6
0.29018007159059434
1
14
0
3
0.43971631205673761
0.36170212765957449
0.19858156028368795
141
0
12
-0.76403848942901864
2
5
1
3
0.014925373134328358
0.56716417910447758
0.41791044776119401
67
0
10
-1.339805396244012
3
4
1
3
0
0.93333333333333335
0.066666666666666666
30
1
-1
0
0
0
2
3
0
0
1
2
1
-1
0
0
0
1
3
0
1
0
28
0
11
-0.51918681455544724
6
11
2
3
0.027027027027027029
0.27027027027027029
0.70270270270270274
37
0
2
-0.51832241303282411
7
10
2
3
0
0.071428571428571425
0.9285714285714286
28
0
6
-1.1279528612544119
8
9
2
3
0
0.33333333333333331
0.66666666666666663
6
1
-1
0
0
0
2
3
0
0
1
4
1
-1
0
0
0
1
3
0
1
0
2
1
-1
0
0
0
2
3
0
0
1
22
0
12
0.23993715963833334
12
13
1
3
0.1111111111111111
0.88888888888888884
0
9
1
-1
0
0
0
1
3
0
1
0
7
1
-1
0
0
0
0
3
0.5
0.5
0
2
0
0
-0.41098595567251905
15
16
0
3
0.82432432432432434
0.17567567567567569
0
74
1
-1
0
0
0
1
3
0
1
0
12
0
5
1.5616267167360789
17
18
0
3
0.9838709677419355
0.016129032258064516
0
62
1
-1
0
0
0
0
3
1
0
0
56
0
5
2.1228301866447157
19
20
0
3
0.83333333333333337
0.16666666666666666
0
6
1
-1
0
0
0
0
3
0.66666666666666663
0.33333333333333331
0
3
1
-1
0
0
0
0
3
1
0
0
3
"DecisionTree"
1
0
8
2
0
3
3
13
0
6
-0.44644728221935576
1
4
0
3
0.3475177304964539
0.32624113475177308
0.32624113475177308
141
0
9
-0.60450519852685847
2
3
2
3
0
0.080000000000000002
0.92000000000000004
50
1
-1
0
0
0
1
3
0
1
0
4
1
-1
0
0
0
2
3
0
0
1
46
0
0
0.052313592085400332
5
10
0
3
0.53846153846153844
0.46153846153846156
0
91
0
12
-0.013980142621629228
6
7
1
3
0.025000000000000001
0.97499999999999998
0
40
1
-1
0
0
0
1
3
0
1
0
36
0
6
0.62592179067404119
8
9
1
3
0.25
0.75
0
4
1
-1
0
0
0
0
3
0.5
0.5
0
2
1
-1
0
0
0
1
3
0
1
0
2
0
6
0.1097815359636679
11
12
0
3
0.94117647058823528
0.058823529411764705
0
51
1
-1
0
0
0
1
3
0
1
0
3
1
-1
0
0
0
0
3
1
0
0
48
"DecisionTree"
1
0
8
2
0
3
3
17
0
12
0.029453080133364368
1
10
0
3
0.36879432624113473
0.31914893617021278
0.31205673758865249
141
0
9
-0.42773824812274042
2
5
1
3
0
0.51807228915662651
0.48192771084337349
83
0
1
2.0217801483711648
3
4
1
3
0
0.94736842105263153
0.052631578947368418
38
1
-1
0
0
0
1
3
0
1
0
36
1
-1
0
0
0
2
3
0
0
1
2
0
6
-0.62684581784628257
6
7
2
3
0
0.15555555555555556
0.84444444444444444
45
1
-1
0
0
0
2
3
0
0
1
37
0
3
1.0792888305129651
8
9
1
3
0
0.875
0.125
8
1
-1
0
0
0
1
3
0
1
0
6
1
-1
0
0
0
1
3
0
0.5
0.5
2
0
0
-0.39879386231046882
11
12
0
3
0.89655172413793105
0.034482758620689655
0.068965517241379309
58
1
-1
0
0
0
2
3
0
0
1
2
0
10
-0.98278560295700079
13
14
0
3
0.9285714285714286
0.035714285714285712
0.035714285714285712
56
1
-1
0
0
0
2
3
0
0
1
2
0
9
-0.67610700122219736
15
16
0
3
0.96296296296296291
0.037037037037037035
0
54
1
-1
0
0
0
1
3
0
1
0
2
1
-1
0
0
0
0
3
1
0
0
52
"DecisionTree"
1
0
8
2
0
3
3
19
0
9
-0.46130159313618047
1
8
1
3
0.27659574468085107
0.48226950354609927
0.24113475177304963
141
0
12
0.88141244955823872
2
7
1
3
0.061538461538461542
0.92307692307692313
0.015384615384615385
65
0
2
0.58010741173587932
3
4
1
3
0.031746031746031744
0.95238095238095233
0.015873015873015872
63
1
-1
0
0
0
1
3
0
1
0
54
0
9
-0.6895323392275734
5
6
1
3
0.22222222222222221
0.66666666666666663
0.1111111111111111
9
1
-1
0
0
0
1
3
0
1
0
6
1
-1
0
0
0
0
3
0.66666666666666663
0
0.33333333333333331
3
1
-1
0
0
0
0
3
1
0
0
2
0
10
-0.35800096470473147
9
10
0
3
0.46052631578947367
0.10526315789473684
0.43421052631578949
76
1
-1
0
0
0
2
3
0
0
1
29
0
1
-0.82193560848521741
11
14
0
3
0.74468085106382975
0.1702127659574468
0.085106382978723402
47
0
11
0.8194170381040089
12
13
1
3
0.125
0.875
0
8
1
-1
0
0
0
1
3
0
1
0
6
1
-1
0
0
0
0
3
0.5
0.5
0
2
0
12
-0.23782829066659625
15
18
0
3
0.87179487179487181
0.02564102564102564
0.10256410256410256
39
0
0
0.24738708587820718
16
17
2
3
0
0.20000000000000001
0.80000000000000004
5
1
-1
0
0
0
1
3
0
0.5
0.5
2
1
-1
0
0
0
2
3
0
0
1
3
1
-1
0
0
0
0
3
1
0
0
34
"DecisionTree"
1
0
8
2
0
3
3
25
0
6
-0.79221114217096511
1
8
1
3
0.25531914893617019
0.47517730496453903
0.26950354609929078
141
0
8
-1.851142173059694
2
3
2
3
0
0.16216216216216217
0.83783783783783783
37
1
-1
0
0
0
1
3
0
1
0
3
0
12
0.38861242214581143
4
7
2
3
0
0.088235294117647065
0.91176470588235292
34
0
2
1.356583667175826
5
6
2
3
0
0.03125
0.96875
32
1
-1
0
0
0
2
3
0
0
1
30
1
-1
0
0
0
1
3
0
0.5
0.5
2
1
-1
0
0
0
1
3
0
1
0
2
0
4
-0.77597582681080124
9
10
1
3
0.34615384615384615
0.58653846153846156
0.067307692307692304
104
1
-1
0
0
0
1
3
0
1
0
42
0
10
-0.8042757063134951
11
14
0
3
0.58064516129032262
0.30645161290322581
0.11290322580645161
62
0
11
-0.74582873669884719
12
13
2
3
0
0.22222222222222221
0.77777777777777779
9
1
-1
0
0
0
2
3
0
0
1
7
1
-1
0
0
0
1
3
0
1
0
2
0
11
0.08991335120494004
15
18
0
3
0.67924528301886788
0.32075471698113206
0
53
0
0
-0.16104804175048296
16
17
1
3
0.21428571428571427
0.7857142857142857
0
14
1
-1
0
0
0
1
3
0
1
0
11
1
-1
0
0
0
0
3
1
0
0
3
0
1
-0.95998006270154668
19
20
0
3
0.84615384615384615
0.15384615384615385
0
39
1
-1
0
0
0
1
3
0
1
0
4
0
0
0.052313592085400332
21
24
0
3
0.94285714285714284
0.057142857142857141
0
35
0
9
-0.59779252952417039
22
23
0
3
0.59999999999999998
0.40000000000000002
0
5
1
-1
0
0
0
1
3
0
1
0
2
1
-1
0
0
0
0
3
1
0
0
3
1
-1
0
0
0
0
3
1
0
0
30
"DecisionTree"
1
0
8
2
0
3
3
19
0
8
0.123146191885079
1
14
1
3
0.36879432624113473
0.40425531914893614
0.22695035460992907
141
0
11
-0.93705785850734091
2
7
1
3
0.089743589743589744
0.5
0.41025641025641024
78
0
2
-0.30999951523186342
3
6
2
3
0
0.14285714285714285
0.8571428571428571
35
0
6
-1.1880857064633874
4
5
1
3
0
0.5
0.5
10
1
-1
0
0
0
2
3
0
0
1
5
1
-1
0
0
0
1
3
0
1
0
5
1
-1
0
0
0
2
3
0
0
1
25
0
9
-0.051828783972210843
8
11
1
3
0.16279069767441862
0.79069767441860461
0.046511627906976744
43
0
0
0.22909894583513185
9
10
1
3
0.028571428571428571
0.97142857142857142
0
35
1
-1
0
0
0
1
3
0
1
0
32
1
-1
0
0
0
1
3
0.33333333333333331
0.66666666666666663
0
3
0
0
0.39978825290383829
12
13
0
3
0.75
0
0.25
8
1
-1
0
0
0
2
3
0
0
1
2
1
-1
0
0
0
0
3
1
0
0
6
0
12
0.029453080133364368
15
16
0
3
0.7142857142857143
0.2857142857142857
0
63
1
-1
0
0
0
1
3
0
1
0
16
0
10
1.4494117388107619
17
18
0
3
0.95744680851063835
0.042553191489361701
0
47
1
-1
0
0
0
0
3
1
0
0
45
1
-1
0
0
0
1
3
0
1
0
2
"DecisionTree"
1
0
8
2
0
3
3
23
0
8
-0.50120141070429347
1
8
1
3
0.30496453900709219
0.42553191489361702
0.26950354609929078
141
0
2
-0.70770686557915163
2
3
2
3
0
0.27272727272727271
0.72727272727272729
44
1
-1
0
0
0
1
3
0
1
0
6
0
10
-0.15717733098078762
4
5
2
3
0
0.15789473684210525
0.84210526315789469
38
1
-1
0
0
0
2
3
0
0
1
31
0
5
-0.69899571134659777
6
7
1
3
0
0.8571428571428571
0.14285714285714285
7
1
-1
0
0
0
1
3
0
0.5
0.5
2
1
-1
0
0
0
1
3
0
1
0
5
0
3
-0.4766816029269858
9
14
1
3
0.44329896907216493
0.49484536082474229
0.061855670103092786
97
0
6
0.084726183793261189
10
11
0
3
0.86842105263157898
0.13157894736842105
0
38
1
-1
0
0
0
1
3
0
1
0
4
0
11
0.22448199247758405
12
13
0
3
0.97058823529411764
0.029411764705882353
0
34
1
-1
0
0
0
0
3
0.66666666666666663
0.33333333333333331
0
3
1
-1
0
0
0
0
3
1
0
0
31
0
9
0.055573920070797707
15
20
1
3
0.16949152542372881
0.72881355932203384
0.10169491525423729
59
0
9
-0.6895323392275734
16
17
1
3
0.085106382978723402
0.91489361702127658
0
47
1
-1
0
0
0
1
3
0
1
0
37
0
0
0.36321197281768758
18
19
1
3
0.40000000000000002
0.59999999999999998
0
10
1
-1
0
0
0
1
3
0
1
0
6
1
-1
0
0
0
0
3
1
0
0
4
0
12
0.63083616443327573
21
22
0
3
0.5
0
0.5
12
1
-1
0
0
0
2
3
0
0
1
6
1
-1
0
0
0
0
3
1
0
0
6
"DecisionTree"
1
0
8
2
0
3
3
13
0
10
-0.75964823215261879
1
6
1
3
0.36170212765957449
0.36879432624113473
0.26950354609929078
141
0
2
-1.4652446757644646
2
3
2
3
0
0.1111111111111111
0.88888888888888884
36
1
-1
0
0
0
1
3
0
1
0
2
0
6
0.335279705497326
4
5
2
3
0
0.058823529411764705
0.94117647058823528
34
1
-1
0
0
0
2
3
0
0
1
32
1
-1
0
0
0
1
3
0
1
0
2
0
9
-0.67834455755642686
7
8
0
3
0.48571428571428571
0.45714285714285713
0.057142857142857141
105
1
-1
0
0
0
1
3
0
1
0
41
0
12
-0.087482519591618402
9
12
0
3
0.796875
0.109375
0.09375
64
0
6
-1.0227203821387048
10
11
1
3
0
0.53846153846153844
0.46153846153846156
13
1
-1
0
0
0
2
3
0
0
1
6
1
-1
0
0
0
1
3
0
1
0
7
1
-1
0
0
0
0
3
1
0
0
51
"DecisionTree"
1
0
8
2
0
3
3
15
0
10
-0.75964823215261879
1
6
0
3
0.38297872340425532
0.3546099290780142
0.26241134751773049
141
0
4
-0.87800808504548233
2
5
2
3
0
0.055555555555555552
0.94444444444444442
36
0
8
-0.1130934415271159
3
4
2
3
0
0.33333333333333331
0.66666666666666663
6
1
-1
0
0
0
2
3
0
0
1
4
1
-1
0
0
0
1
3
0
1
0
2
1
-1
0
0
0
2
3
0
0
1
30
0
12
-0.024003194026627754
7
12
0
3
0.51428571428571423
0.45714285714285713
0.028571428571428571
105
0
8
-1.1171118835289449
8
11
1
3
0
0.93617021276595747
0.063829787234042548
47
0
1
0.82999636030352253
9
10
2
3
0
0.25
0.75
4
1
-1
0
0
0
1
3
0
0.5
0.5
2
1
-1
0
0
0
2
3
0
0
1
2
1
-1
0
0
0
1
3
0
1
0
43
0
0
-0.69750014968070484
13
14
0
3
0.93103448275862066
0.068965517241379309
0
58
1
-1
0
0
0
1
3
0
1
0
4
1
-1
0
0
0
0
3
1
0
0
54
"DecisionTree"
1
0
8
2
0
3
3
17
0
0
-0.28296897537098847
1
6
1
3
0.32624113475177308
0.3971631205673759
0.27659574468085107
141
0
8
-1.0664891049406173
2
5
1
3
0
0.94444444444444442
0.055555555555555552
54
0
5
-0.69109143712253251
3
4
2
3
0
0.40000000000000002
0.59999999999999998
5
1
-1
0
0
0
2
3
0
0
1
3
1
-1
0
0
0
1
3
0
1
0
2
1
-1
0
0
0
1
3
0
1
0
49
0
6
-0.59176832480771324
7
8
0
3
0.52873563218390807
0.057471264367816091
0.41379310344827586
87
1
-1
0
0
0
2
3
0
0
1
36
0
12
-0.17100794796660609
9
10
0
3
0.90196078431372551
0.098039215686274508
0
51
1
-1
0
0
0
1
3
0
1
0
4
0
11
1.2372880820559025
11
12
0
3
0.97872340425531912
0.021276595744680851
0
47
1
-1
0
0
0
0
3
1
0
0
31
0
1
-0.52744077282371493
13
16
0
3
0.9375
0.0625
0
16
0
12
0.45543276484580153
14
15
0
3
0.75
0.25
0
4
1
-1
0
0
0
0
3
1
0
0
2
1
-1
0
0
0
0
3
0.5
0.5
0
2
1
-1
0
0
0
0
3
1
0
0
12
"DecisionTree"
1
0
8
2
0
3
3
19
0
9
-0.51724050149191414
1
6
0
3
0.37588652482269502
0.33333333333333331
0.29078014184397161
141
0
11
1.2018752817209961
2
5
1
3
0.045454545454545456
0.95454545454545459
0
44
0
6
0.54574466372874042
3
4
1
3
0.023809523809523808
0.97619047619047616
0
42
1
-1
0
0
0
1
3
0
1
0
39
1
-1
0
0
0
1
3
0.33333333333333331
0.66666666666666663
0
3
1
-1
0
0
0
0
3
0.5
0.5
0
2
0
5
0.059814614163671363
7
12
0
3
0.52577319587628868
0.051546391752577317
0.42268041237113402
97
0
10
0.065960039823593941
8
9
2
3
0.046511627906976744
0.046511627906976744
0.90697674418604646
43
1
-1
0
0
0
2
3
0
0
1
39
0
2
-0.42363018675965958
10
11
0
3
0.5
0.5
0
4
1
-1
0
0
0
1
3
0
1
0
2
1
-1
0
0
0
0
3
1
0
0
2
0
7
1.1842896218183447
13
18
0
3
0.90740740740740744
0.055555555555555552
0.037037037037037035
54
0
2
2.5118288277084266
14
17
0
3
0.94230769230769229
0.057692307692307696
0
52
0
0
-0.10618362162125694
15
16
0
3
0.97999999999999998
0.02
0
50
1
-1
0
0
0
0
3
0.66666666666666663
0.33333333333333331
0
3
1
-1
0
0
0
0
3
1
0
0
47
1
-1
0
0
0
1
3
0
1
0
2
1
-1
0
0
0
2
3
0
0
1
2
"DecisionTree"
1
0
8
2
0
3
3
15
0
9
-0.67834455755642686
1
2
0
3
0.36879432624113473
0.33333333333333331
0.2978723404255319
141
1
-1
0
0
0
1
3
0
1
0
35
0
6
0.19496973334304976
3
12
0
3
0.49056603773584906
0.11320754716981132
0.39622641509433965
106
0
1
-0.16392371005404796
4
7
2
3
0
0.19230769230769232
0.80769230769230771
52
0
2
-0.89709131812548004
5
6
1
3
0
0.5714285714285714
0.42857142857142855
14
1
-1
0
0
0
1
3
0
1
0
8
1
-1
0
0
0
2
3
0
0
1
6
0
12
-0.76403848942901864
8
11
2
3
0
0.052631578947368418
0.94736842105263153
38
0
6
-0.44644728221935576
9
10
2
3
0
0.25
0.75
8
1
-1
0
0
0
2
3
0
0
1
6
1
-1
0
0
0
1
3
0
1
0
2
1
-1
0
0
0
2
3
0
0
1
30
0
0
-0.89257364347351276
13
14
0
3
0.96296296296296291
0.037037037037037035
0
54
1
-1
0
0
0
1
3
0
1
0
2
1
-1
0
0
0
0
3
1
0
0
52
"DecisionTree"
1
0
8
2
0
3
3
21
0
5
0.4471240511428714
1
14
1
3
0.28368794326241137
0.46808510638297873
0.24822695035460993
141
0
9
0.073474370744632464
2
11
1
3
0.088235294117647065
0.57843137254901966
0.33333333333333331
102
0
12
0.17144630837084343
3
8
1
3
0.12857142857142856
0.82857142857142863
0.042857142857142858
70
0
6
-1.2732739038427692
4
5
1
3
0
0.94999999999999996
0.050000000000000003
60
1
-1
0
0
0
2
3
0
0
1
2
0
11
-1.1282869803158346
6
7
1
3
0
0.98275862068965514
0.017241379310344827
58
1
-1
0
0
0
1
3
0
0.5
0.5
2
1
-1
0
0
0
1
3
0
1
0
56
0
11
0.08991335120494004
9
10
0
3
0.90000000000000002
0.10000000000000001
0
10
1
-1
0
0
0
0
3
0.5
0.5
0
2
1
-1
0
0
0
0
3
1
0
0
8
0
3
-0.44759804342343534
12
13
2
3
0
0.03125
0.96875
32
1
-1
0
0
0
1
3
0
0.5
0.5
2
1
-1
0
0
0
2
3
0
0
1
30
0
9
-0.22412062170787014
15
18
0
3
0.79487179487179482
0.17948717948717949
0.02564102564102564
39
0
8
-0.12996770105655842
16
17
1
3
0.125
0.875
0
8
1
-1
0
0
0
0
3
0.5
0.5
0
2
1
-1
0
0
0
1
3
0
1
0
6
0
10
-0.35800096470473147
19
20
0
3
0.967741935483871
0
0.032258064516129031
31
1
-1
0
0
0
0
3
0.5
0
0.5
2
1
-1
0
0
0
0
3
1
0
0
29
"DecisionTree"
1
0
8
2
0
3
3
11
0
0
-0.20981641519868605
1
6
0
3
0.3475177304964539
0.3475177304964539
0.30496453900709219
141
0
6
-1.0728310864795176
2
3
1
3
0
0.7931034482758621
0.20689655172413793
58
1
-1
0
0
0
2
3
0
0
1
11
0
11
-1.0503788195790407
4
5
1
3
0
0.97872340425531912
0.021276595744680851
47
1
-1
0
0
0
1
3
0
0.66666666666666663
0.33333333333333331
3
1
-1
0
0
0
1
3
0
1
0
44
0
6
-0.44644728221935576
7
8
0
3
0.59036144578313254
0.03614457831325301
0.37349397590361444
83
1
-1
0
0
0
2
3
0
0
1
31
0
3
0.49761764044195544
9
10
0
3
0.94230769230769229
0.057692307692307696
0
52
1
-1
0
0
0
0
3
1
0
0
49
1
-1
0
0
0
1
3
0
1
0
3
"DecisionTree"
1
0
8
2
0
3
3
11
0
9
-0.61569298019800522
1
2
0
3
0.3971631205673759
0.36170212765957449
0.24113475177304963
141
1
-1
0
0
0
1
3
0
1
0
43
0
8
-0.42526724282180206
3
6
0
3
0.5714285714285714
0.081632653061224483
0.34693877551020408
98
0
11
-0.41294841355072859
4
5
2
3
0.03125
0.03125
0.9375
32
1
-1
0
0
0
2
3
0
0
1
30
1
-1
0
0
0
0
3
0.5
0.5
0
2
0
12
0.00439545162086806
7
10
0
3
0.83333333333333337
0.10606060606060606
0.060606060606060608
66
0
9
0.88346976373565456
8
9
1
3
0
0.63636363636363635
0.36363636363636365
11
1
-1
0
0
0
1
3
0
1
0
7
1
-1
0
0
0
2
3
0
0
1
4
1
-1
0
0
0
0
3
1
0
0
55
"DecisionTree"
1
0
8
2
0
3
3
13
0
12
0.046158165808361906
1
6
0
3
0.40425531914893614
0.37588652482269502
0.21985815602836881
141
0
6
-1.062808945611355
2
3
1
3
0
0.6216216216216216
0.3783783783783784
74
1
-1
0
0
0
2
3
0
0
1
25
0
10
-1.4513740816462029
4
5
1
3
0
0.93877551020408168
0.061224489795918366
49
1
-1
0
0
0
2
3
0
0
1
3
1
-1
0
0
0
1
3
0
1
0
46
0
0
0.052313592085400332
7
12
0
3
0.85074626865671643
0.1044776119402985
0.044776119402985072
67
0
11
1.2939485625917524
8
11
1
3
0.23076923076923078
0.53846153846153844
0.23076923076923078
13
0
9
0.20101508179570493
9
10
1
3
0
0.69999999999999996
0.29999999999999999
10
1
-1
0
0
0
1
3
0
1
0
7
1
-1
0
0
0
2
3
0
0
1
3
1
-1
0
0
0
0
3
1
0
0
3
1
-1
0
0
0
0
3
1
0
0
54
"DecisionTree"
1
0
8
2
0
3
3
17
0
0
-0.19152827515561069
1
8
1
3
0.26241134751773049
0.50354609929078009
0.23404255319148937
141
0
8
-0.50120141070429347
2
7
1
3
0
0.89473684210526316
0.10526315789473684
76
0
12
-0.77239103226651751
3
6
1
3
0
0.59999999999999998
0.40000000000000002
20
0
10
-1.2282367108418208
4
5
1
3
0
0.8571428571428571
0.14285714285714285
14
1
-1
0
0
0
2
3
0
0
1
2
1
-1
0
0
0
1
3
0
1
0
12
1
-1
0
0
0
2
3
0
0
1
6
1
-1
0
0
0
1
3
0
1
0
56
0
3
-0.0840535496290543
9
14
0
3
0.56923076923076921
0.046153846153846156
0.38461538461538464
65
0
11
-0.15797625113940372
10
13
0
3
0.88235294117647056
0.088235294117647065
0.029411764705882353
34
0
2
-0.89709131812548004
11
12
1
3
0
0.75
0.25
4
1
-1
0
0
0
1
3
0
1
0
2
1
-1
0
0
0
1
3
0
0.5
0.5
2
1
-1
0
0
0
0
3
1
0
0
30
0
11
-0.40586585348374749
15
16
2
3
0.22580645161290322
0
0.77419354838709675
31
1
-1
0
0
0
2
3
0
0
1
24
1
-1
0
0
0
0
3
1
0
0
7
"DecisionTree"
1
0
8
2
0
3
3
13
0
11
-0.68208569609601599
1
8
1
3
0.30496453900709219
0.41134751773049644
0.28368794326241137
141
0
9
-0.63359343087183984
2
3
2
3
0
0.13043478260869565
0.86956521739130432
46
1
-1
0
0
0
1
3
0
1
0
5
0
10
-0.58113833550911331
4
5
2
3
0
0.024390243902439025
0.97560975609756095
41
1
-1
0
0
0
2
3
0
0
1
36
0
0
-0.033031061448953417
6
7
2
3
0
0.20000000000000001
0.80000000000000004
5
1
-1
0
0
0
2
3
0
0
1
2
1
-1
0
0
0
2
3
0
0.33333333333333331
0.66666666666666663
3
0
6
0.30521328289283833
9
10
1
3
0.45263157894736844
0.54736842105263162
0
95
1
-1
0
0
0
1
3
0
1
0
39
0
0
-0.23420060192278647
11
12
0
3
0.7678571428571429
0.23214285714285715
0
56
1
-1
0
0
0
1
3
0
1
0
13
1
-1
0
0
0
0
3
1
0
0
43
"DecisionTree"
1
0
8
2
0
3
3
15
0
6
-0.44644728221935576
1
8
1
3
0.34042553191489361
0.36170212765957449
0.2978723404255319
141
0
11
-0.5545996148903537
2
7
2
3
0
0.125
0.875
48
0
12
-0.22947574782909747
3
4
2
3
0
0.086956521739130432
0.91304347826086951
46
1
-1
0
0
0
2
3
0
0
1
39
0
6
-1.0978864386499241
5
6
1
3
0
0.5714285714285714
0.42857142857142855
7
1
-1
0
0
0
2
3
0
0
1
3
1
-1
0
0
0
1
3
0
1
0
4
1
-1
0
0
0
1
3
0
1
0
2
0
1
-0.82653709029242828
9
12
0
3
0.5161290322580645
0.4838709677419355
0
93
0
11
1.0956368807162773
10
11
1
3
0.052631578947368418
0.94736842105263153
0
19
1
-1
0
0
0
1
3
0
1
0
17
1
-1
0
0
0
0
3
0.5
0.5
0
2
0
12
-0.030685228296626767
13
14
0
3
0.63513513513513509
0.36486486486486486
0
74
1
-1
0
0
0
1
3
0
1
0
27
1
-1
0
0
0
0
3
1
0
0
47
"DecisionTree"
1
0
8
2
0
3
3
9
0
9
-0.67834455755642686
1
2
1
3
0.2978723404255319
0.46808510638297873
0.23404255319148937
141
1
-1
0
0
0
1
3
0
1
0
53
0
6
-0.66693438131893279
3
4
0
3
0.47727272727272729
0.14772727272727273
0.375
88
1
-1
0
0
0
2
3
0
0
1
32
0
12
-0.030685228296626767
5
8
0
3
0.75
0.23214285714285715
0.017857142857142856
56
0
11
-1.1282869803158346
6
7
1
3
0
0.9285714285714286
0.071428571428571425
14
1
-1
0
0
0
1
3
0
0.5
0.5
2
1
-1
0
0
0
1
3
0
1
0
12
1
-1
0
0
0
0
3
1
0
0
42
"DecisionTree"
1
0
8
2
0
3
3
23
0
12
0.029453080133364368
1
14
1
3
0.33333333333333331
0.38297872340425532
0.28368794326241137
141
0
11
-0.71749849643092212
2
11
1
3
0
0.57471264367816088
0.42528735632183906
87
0
3
-0.66572473970006407
3
4
2
3
0
0.16666666666666666
0.83333333333333337
42
1
-1
0
0
0
1
3
0
1
0
4
0
1
-0.65168078161841136
5
6
2
3
0
0.078947368421052627
0.92105263157894735
38
1
-1
0
0
0
2
3
0
0.33333333333333331
0.66666666666666663
3
0
8
0.021900634708424259
7
8
2
3
0
0.057142857142857141
0.94285714285714284
35
1
-1
0
0
0
2
3
0
0
1
30
0
7
1.6591280199502501
9
10
2
3
0
0.40000000000000002
0.59999999999999998
5
1
-1
0
0
0
2
3
0
0
1
3
1
-1
0
0
0
1
3
0
1
0
2
0
7
1.3029992213513211
12
13
1
3
0
0.9555555555555556
0.044444444444444446
45
1
-1
0
0
0
1
3
0
1
0
42
1
-1
0
0
0
2
3
0
0.33333333333333331
0.66666666666666663
3
0
3
0.35219984292420303
15
20
0
3
0.87037037037037035
0.07407407407407407
0.055555555555555552
54
0
6
0.31523542376100094
16
19
0
3
0.95918367346938771
0.020408163265306121
0.020408163265306121
49
0
0
-0.11227966830228095
17
18
0
3
0.5
0.25
0.25
4
1
-1
0
0
0
1
3
0
0.5
0.5
2
1
-1
0
0
0
0
3
1
0
0
2
1
-1
0
0
0
0
3
1
0
0
45
0
12
0.45710327341330137
21
22
1
3
0
0.59999999999999998
0.40000000000000002
5
1
-1
0
0
0
2
3
0
0
1
2
1
-1
0
0
0
1
3
0
1
0
3
"DecisionTree"
1
0
8
2
0
3
3
11
0
10
-0.8042757063134951
1
4
0
3
0.3546099290780142
0.33333333333333331
0.31205673758865249
141
0
11
-0.90164505817243468
2
3
2
3
0
0.030303030303030304
0.96969696969696972
33
1
-1
0
0
0
2
3
0
0
1
29
1
-1
0
0
0
2
3
0
0.25
0.75
4
0
9
-0.67834455755642686
5
6
0
3
0.46296296296296297
0.42592592592592593
0.1111111111111111
108
1
-1
0
0
0
1
3
0
1
0
41
0
6
0.15989224030448079
7
10
0
3
0.74626865671641796
0.074626865671641784
0.17910447761194029
67
0
6
-0.84232184651177799
8
9
2
3
0
0.29411764705882354
0.70588235294117652
17
1
-1
0
0
0
2
3
0
0
1
12
1
-1
0
0
0
1
3
0
1
0
5
1
-1
0
0
0
0
3
1
0
0
50
"DecisionTree"
1
0
8
2
0
3
3
15
0
6
-0.80223328303912766
1
4
1
3
0.30496453900709219
0.41843971631205673
0.27659574468085107
141
0
2
1.2618914409026614
2
3
2
3
0
0.029411764705882353
0.97058823529411764
34
1
-1
0
0
0
2
3
0
0
1
32
1
-1
0
0
0
1
3
0
0.5
0.5
2
0
12
0.087920879995855752
5
10
1
3
0.40186915887850466
0.54205607476635509
0.056074766355140186
107
0
2
-0.12061506268553507
6
7
1
3
0
0.89830508474576276
0.10169491525423729
59
1
-1
0
0
0
1
3
0
1
0
44
0
9
0.089137265084237749
8
9
1
3
0
0.59999999999999998
0.40000000000000002
15
1
-1
0
0
0
1
3
0
1
0
9
1
-1
0
0
0
2
3
0
0
1
6
0
0
0.052313592085400332
11
14
0
3
0.89583333333333337
0.10416666666666667
0
48
0
9
-0.89538752197667293
12
13
1
3
0.16666666666666666
0.83333333333333337
0
6
1
-1
0
0
0
1
3
0
1
0
3
1
-1
0
0
0
1
3
0.33333333333333331
0.66666666666666663
0
3
1
-1
0
0
0
0
3
1
0
0
42
"DecisionTree"
1
0
8
2
0
3
3
25
0
3
-0.53484872193408706
1
4
1
3
0.3475177304964539
0.3971631205673759
0.25531914893617019
141
0
6
-0.0054730840202019543
2
3
0
3
0.88095238095238093
0.11904761904761904
0
42
1
-1
0
0
0
1
3
0
1
0
5
1
-1
0
0
0
0
3
1
0
0
37
0
0
-0.28296897537098847
5
10
1
3
0.12121212121212122
0.51515151515151514
0.36363636363636365
99
0
11
-1.2699381816554594
6
7
1
3
0
0.9375
0.0625
48
1
-1
0
0
0
2
3
0
0
1
2
0
10
-1.0497268141983154
8
9
1
3
0
0.97826086956521741
0.021739130434782608
46
1
-1
0
0
0
1
3
0
0.5
0.5
2
1
-1
0
0
0
1
3
0
1
0
44
0
7
-0.081946106533402618
11
18
2
3
0.23529411764705882
0.11764705882352941
0.6470588235294118
51
0
11
-0.54043449475639116
12
13
0
3
0.47368421052631576
0.15789473684210525
0.36842105263157893
19
1
-1
0
0
0
2
3
0
0
1
7
0
9
-0.43892602979388706
14
17
0
3
0.75
0.25
0
12
0
6
0.72614319935566696
15
16
1
3
0.25
0.75
0
4
1
-1
0
0
0
0
3
0.5
0.5
0
2
1
-1
0
0
0
1
3
0
1
0
2
1
-1
0
0
0
0
3
1
0
0
8
0
10
0.40066609603016656
19
24
2
3
0.09375
0.09375
0.8125
32
0
8
0.021900634708424259
20
21
2
3
0
0.10344827586206896
0.89655172413793105
29
1
-1
0
0
0
2
3
0
0
1
23
0
4
-0.87800808504548233
22
23
1
3
0
0.5
0.5
6
1
-1
0
0
0
1
3
0
1
0
3
1
-1
0
0
0
2
3
0
0
1
3
1
-1
0
0
0
0
3
1
0
0
3
"DecisionTree"
1
0
8
2
0
3
3
13
0
11
-0.83790201756960347
1
4
1
3
0.29078014184397161
0.38297872340425532
0.32624113475177308
141
0
2
-0.74558375608841732
2
3
2
3
0
0.022222222222222223
0.97777777777777775
45
1
-1
0
0
0
2
3
0
0.33333333333333331
0.66666666666666663
3
1
-1
0
0
0
2
3
0
0
1
42
0
0
-0.23420060192278647
5
6
1
3
0.42708333333333331
0.55208333333333337
0.020833333333333332
96
1
-1
0
0
0
1
3
0
1
0
49
0
7
0.70945122368643931
7
10
0
3
0.87234042553191493
0.085106382978723402
0.042553191489361701
47
0
4
1.8428521345460123
8
9
0
3
0.97619047619047616
0.023809523809523808
0
42
1
-1
0
0
0
0
3
1
0
0
40
1
-1
0
0
0
0
3
0.5
0.5
0
2
0
4
-0.77597582681080124
11
12
1
3
0
0.59999999999999998
0.40000000000000002
5
1
-1
0
0
0
1
3
0
1
0
3
1
-1
0
0
0
2
3
0
0
1
2
"DecisionTree"
1
0
8
2
0
3
3
21
0
11
-0.72458105649790339
1
6
1
3
0.3475177304964539
0.36879432624113473
0.28368794326241137
141
0
8
-1.5980282801180561
2
3
2
3
0
0.090909090909090912
0.90909090909090906
44
1
-1
0
0
0
1
3
0
1
0
3
0
9
-0.47025181847309788
4
5
2
3
0
0.024390243902439025
0.97560975609756095
41
1
-1
0
0
0
1
3
0
0.5
0.5
2
1
-1
0
0
0
2
3
0
0
1
39
0
5
0.43921977691880593
7
12
0
3
0.50515463917525771
0.49484536082474229
0
97
0
4
-0.5038898048516518
8
9
1
3
0.1875
0.8125
0
48
1
-1
0
0
0
1
3
0
1
0
29
0
9
-0.58660474785302374
10
11
1
3
0.47368421052631576
0.52631578947368418
0
19
1
-1
0
0
0
1
3
0
1
0
10
1
-1
0
0
0
0
3
1
0
0
9
0
2
-0.53726085828745651
13
16
0
3
0.81632653061224492
0.18367346938775511
0
49
0
12
0.25497173674583107
14
15
1
3
0.44444444444444442
0.55555555555555558
0
9
1
-1
0
0
0
1
3
0
1
0
5
1
-1
0
0
0
0
3
1
0
0
4
0
1
-0.8495444993284833
17
18
0
3
0.90000000000000002
0.10000000000000001
0
40
1
-1
0
0
0
1
3
0
1
0
2
0
9
-0.79917259960481135
19
20
0
3
0.94736842105263153
0.052631578947368418
0
38
1
-1
0
0
0
1
3
0
1
0
2
1
-1
0
0
0
0
3
1
0
0
36
"DecisionTree"
1
0
8
2
0
3
3
15
0
0
0.07669777880950078
1
10
1
3
0.38297872340425532
0.45390070921985815
0.16312056737588654
141
0
8
-0.50120141070429347
2
5
1
3
0.013698630136986301
0.83561643835616439
0.15068493150684931
73
0
11
-0.47669145415355968
3
4
2
3
0
0.3125
0.6875
16
1
-1
0
0
0
2
3
0
0
1
11
1
-1
0
0
0
1
3
0
1
0
5
0
9
-0.47472693114155656
6
7
1
3
0.017543859649122806
0.98245614035087714
0
57
1
-1
0
0
0
1
3
0
1
0
45
0
9
-0.34942377642471334
8
9
1
3
0.083333333333333329
0.91666666666666663
0
12
1
-1
0
0
0
1
3
0.33333333333333331
0.66666666666666663
0
3
1
-1
0
0
0
1
3
0
1
0
9
0
12
0.062863251483359445
11
14
0
3
0.77941176470588236
0.044117647058823532
0.17647058823529413
68
0
1
-0.59646299993187968
12
13
2
3
0
0.20000000000000001
0.80000000000000004
15
1
-1
0
0
0
1
3
0
1
0
3
1
-1
0
0
0
2
3
0
0
1
12
1
-1
0
0
0
0
3
1
0
0
53
"DecisionTree"
1
0
8
2
0
3
3
19
0
11
-0.5545996148903537
1
10
1
3
0.26950354609929078
0.43262411347517732
0.2978723404255319
141
0
8
-1.5220941122355649
2
3
2
3
0
0.19230769230769232
0.80769230769230771
52
1
-1
0
0
0
1
3
0
1
0
7
0
0
-0.79503689657710985
4
7
2
3
0
0.066666666666666666
0.93333333333333335
45
0
10
-0.76857372698479409
5
6
1
3
0
0.5
0.5
4
1
-1
0
0
0
2
3
0
0
1
2
1
-1
0
0
0
1
3
0
1
0
2
0
1
-0.19153260089731383
8
9
2
3
0
0.024390243902439025
0.97560975609756095
41
1
-1
0
0
0
2
3
0
0.33333333333333331
0.66666666666666663
3
1
-1
0
0
0
2
3
0
0
1
38
0
0
0.07669777880950078
11
18
1
3
0.42696629213483145
0.5730337078651685
0
89
0
9
-0.47472693114155656
12
13
1
3
0.055555555555555552
0.94444444444444442
0
54
1
-1
0
0
0
1
3
0
1
0
44
0
4
-0.57191131034143927
14
15
1
3
0.29999999999999999
0.69999999999999996
0
10
1
-1
0
0
0
1
3
0
1
0
6
0
11
1.3860218434625087
16
17
0
3
0.75
0.25
0
4
1
-1
0
0
0
0
3
1
0
0
2
1
-1
0
0
0
0
3
0.5
0.5
0
2
1
-1
0
0
0
0
3
1
0
0
35
"DecisionTree"
1
0
8
2
0
3
3
15
0
11
-0.66792057596205345
1
8
1
3
0.30496453900709219
0.39007092198581561
0.30496453900709219
141
0
1
-1.0013933989664454
2
3
2
3
0
0.12244897959183673
0.87755102040816324
49
1
-1
0
0
0
1
3
0
1
0
4
0
1
-0.65628226342562224
4
7
2
3
0
0.044444444444444446
0.9555555555555556
45
0
0
-0.24639269528483779
5
6
2
3
0
0.40000000000000002
0.59999999999999998
5
1
-1
0
0
0
1
3
0
1
0
2
1
-1
0
0
0
2
3
0
0
1
3
1
-1
0
0
0
2
3
0
0
1
40
0
12
0.029453080133364368
9
10
1
3
0.46739130434782611
0.53260869565217395
0
92
1
-1
0
0
0
1
3
0
1
0
46
0
0
0.052313592085400332
11
14
0
3
0.93478260869565222
0.065217391304347824
0
46
0
6
0.31523542376100094
12
13
1
3
0.25
0.75
0
4
1
-1
0
0
0
1
3
0
1
0
2
1
-1
0
0
0
0
3
0.5
0.5
0
2
1
-1
0
0
0
0
3
1
0
0
42
"DecisionTree"
1
0
8
2
0
3
3
9
0
9
-0.67834455755642686
1
2
1
3
0.3475177304964539
0.3971631205673759
0.25531914893617019
141
1
-1
0
0
0
1
3
0
1
0
48
0
12
0.029453080133364368
3
6
0
3
0.5268817204301075
0.086021505376344093
0.38709677419354838
93
0
6
-0.62684581784628257
4
5
2
3
0
0.1951219512195122
0.80487804878048785
41
1
-1
0
0
0
2
3
0
0
1
33
1
-1
0
0
0
1
3
0
1
0
8
0
0
-0.39879386231046882
7
8
0
3
0.94230769230769229
0
0.057692307692307696
52
1
-1
0
0
0
2
3
0
0
1
3
1
-1
0
0
0
0
3
1
0
0
49
"DecisionTree"
1
0
8
2
0
3
3
13
0
0
-0.22810455524176138
1
4
1
3
0.31914893617021278
0.46099290780141844
0.21985815602836881
141
0
10
-1.2728641850026972
2
3
1
3
0
0.95081967213114749
0.049180327868852458
61
1
-1
0
0
0
2
3
0
0
1
3
1
-1
0
0
0
1
3
0
1
0
58
0
10
-0.64807954675042789
5
6
0
3
0.5625
0.087499999999999994
0.34999999999999998
80
1
-1
0
0
0
2
3
0
0
1
26
0
5
-0.2326435321267446
7
10
0
3
0.83333333333333337
0.12962962962962962
0.037037037037037035
54
0
8
-0.93149502870507728
8
9
1
3
0
0.75
0.25
8
1
-1
0
0
0
2
3
0
0.33333333333333331
0.66666666666666663
3
1
-1
0
0
0
1
3
0
1
0
5
0
5
1.5616267167360789
11
12
0
3
0.97826086956521741
0.021739130434782608
0
46
1
-1
0
0
0
0
3
1
0
0
43
1
-1
0
0
0
0
3
0.66666666666666663
0.33333333333333331
0
3
"DecisionTree"
1
0
8
2
0
3
3
19
0
6
-0.71203401522566434
1
6
1
3
0.31914893617021278
0.41843971631205673
0.26241134751773049
141
0
0
-0.71578828972378128
2
5
2
3
0
0.14634146341463414
0.85365853658536583
41
0
1
0.63213264259345081
3
4
1
3
0
0.75
0.25
8
1
-1
0
0
0
1
3
0
1
0
6
1
-1
0
0
0
2
3
0
0
1
2
1
-1
0
0
0
2
3
0
0
1
33
0
4
-0.36784679387207714
7
12
1
3
0.45000000000000001
0.53000000000000003
0.02
100
0
7
-0.63592423768729212
8
11
1
3
0.027027027027027029
0.97297297297297303
0
37
0
8
-0.028722143879903295
9
10
1
3
0.125
0.875
0
8
1
-1
0
0
0
1
3
0.33333333333333331
0.66666666666666663
0
3
1
-1
0
0
0
1
3
0
1
0
5
1
-1
0
0
0
1
3
0
1
0
29
0
9
-0.49710249448385002
13
16
0
3
0.69841269841269837
0.26984126984126983
0.031746031746031744
63
0
11
1.5064253646011898
14
15
1
3
0.10526315789473684
0.89473684210526316
0
19
1
-1
0
0
0
1
3
0
1
0
17
1
-1
0
0
0
0
3
1
0
0
2
0
10
-0.98278560295700079
17
18
0
3
0.95454545454545459
0
0.045454545454545456
44
1
-1
0
0
0
2
3
0
0
1
2
1
-1
0
0
0
0
3
1
0
0
42
"DecisionTree"
1
0
8
2
0
3
3
17
0
6
-0.62684581784628257
1
6
1
3
0.32624113475177308
0.36879432624113473
0.30496453900709219
141
0
1
-0.89095783559338193
2
3
2
3
0
0.10638297872340426
0.8936170212765957
47
1
-1
0
0
0
1
3
0
1
0
3
0
9
-0.60450519852685847
4
5
2
3
0
0.045454545454545456
0.95454545454545459
44
1
-1
0
0
0
1
3
0
1
0
2
1
-1
0
0
0
2
3
0
0
1
42
0
7
-0.12151597304439474
7
14
1
3
0.48936170212765956
0.5
0.010638297872340425
94
0
0
-0.26468083532791314
8
9
0
3
0.68333333333333335
0.29999999999999999
0.016666666666666666
60
1
-1
0
0
0
1
3
0
1
0
15
0
12
-0.17100794796660609
10
11
0
3
0.91111111111111109
0.066666666666666666
0.022222222222222223
45
1
-1
0
0
0
1
3
0
0.5
0.5
2
0
9
-0.64925632521144516
12
13
0
3
0.95348837209302328
0.046511627906976744
0
43
1
-1
0
0
0
1
3
0
1
0
2
1
-1
0
0
0
0
3
1
0
0
41
0
12
0.14638867985834714
15
16
1
3
0.14705882352941177
0.8529411764705882
0
34
1
-1
0
0
0
1
3
0
1
0
29
1
-1
0
0
0
0
3
1
0
0
5
"DecisionTree"
1
0
8
2
0
3
3
17
0
12
0.046158165808361906
1
10
1
3
0.31914893617021278
0.3971631205673759
0.28368794326241137
141
0
10
-0.17949106806122583
2
7
1
3
0
0.54651162790697672
0.45348837209302323
86
0
6
-0.79221114217096511
3
4
2
3
0
0.19565217391304349
0.80434782608695654
46
1
-1
0
0
0
2
3
0
0
1
36
0
8
-0.66994400599871873
5
6
1
3
0
0.90000000000000002
0.10000000000000001
10
1
-1
0
0
0
1
3
0
0.5
0.5
2
1
-1
0
0
0
1
3
0
1
0
8
0
6
-1.2532296221064443
8
9
1
3
0
0.94999999999999996
0.050000000000000003
40
1
-1
0
0
0
2
3
0
0
1
2
1
-1
0
0
0
1
3
0
1
0
38
0
9
-0.6895323392275734
11
12
0
3
0.81818181818181823
0.16363636363636364
0.018181818181818181
55
1
-1
0
0
0
1
3
0
1
0
9
0
1
0.50789263379875438
13
14
0
3
0.97826086956521741
0
0.021739130434782608
46
1
-1
0
0
0
0
3
1
0
0
41
0
2
-0.044861281667003761
15
16
0
3
0.80000000000000004
0
0.20000000000000001
5
1
-1
0
0
0
0
3
0.5
0
0.5
2
1
-1
0
0
0
0
3
1
0
0
3
"DecisionTree"
1
0
8
2
0
3
3
11
0
11
-0.68208569609601599
1
4
1
3
0.36170212765957449
0.38297872340425532
0.25531914893617019
141
0
12
-0.95614697469149035
2
3
2
3
0
0.057142857142857141
0.94285714285714284
35
1
-1
0
0
0
1
3
0
0.66666666666666663
0.33333333333333331
3
1
-1
0
0
0
2
3
0
0
1
32
0
0
-0.20981641519868605
5
6
1
3
0.48113207547169812
0.49056603773584906
0.028301886792452831
106
1
-1
0
0
0
1
3
0
1
0
49
0
3
1.0792888305129651
7
10
0
3
0.89473684210526316
0.052631578947368418
0.052631578947368418
57
0
12
-0.15430286229160856
8
9
0
3
0.96226415094339623
0.037735849056603772
0
53
1
-1
0
0
0
1
3
0
1
0
2
1
-1
0
0
0
0
3
1
0
0
51
1
-1
0
0
0
2
3
0
0.25
0.75
4
"DecisionTree"
1
0
8
2
0
3
3
25
0
0
-0.25858478864688694
1
8
1
3
0.31914893617021278
0.39007092198581561
0.29078014184397161
141
0
11
-0.80248921723469713
2
7
1
3
0
0.80952380952380953
0.19047619047619047
63
0
5
-0.4539632104005733
3
4
2
3
0
0.20000000000000001
0.80000000000000004
15
1
-1
0
0
0
2
3
0
0
1
10
0
4
-0.40185754661697082
5
6
1
3
0
0.59999999999999998
0.40000000000000002
5
1
-1
0
0
0
2
3
0
0
1
2
1
-1
0
0
0
1
3
0
1
0
3
1
-1
0
0
0
1
3
0
1
0
48
0
1
0.22720224355888477
9
20
0
3
0.57692307692307687
0.05128205128205128
0.37179487179487181
78
0
5
-0.035036676525112012
10
15
0
3
0.80392156862745101
0.078431372549019607
0.11764705882352941
51
0
6
-0.49154691612608747
11
12
2
3
0.1111111111111111
0.33333333333333331
0.55555555555555558
9
1
-1
0
0
0
2
3
0
0
1
5
0
6
-0.090661281399584029
13
14
1
3
0.25
0.75
0
4
1
-1
0
0
0
1
3
0
1
0
2
1
-1
0
0
0
0
3
0.5
0.5
0
2
0
11
0.0049226304011649874
16
17
0
3
0.95238095238095233
0.023809523809523808
0.023809523809523808
42
1
-1
0
0
0
0
3
0.66666666666666663
0
0.33333333333333331
3
0
10
1.3824705275694471
18
19
0
3
0.97435897435897434
0.02564102564102564
0
39
1
-1
0
0
0
0
3
1
0
0
37
1
-1
0
0
0
0
3
0.5
0.5
0
2
0
7
-0.20065570606637881
21
24
2
3
0.14814814814814814
0
0.85185185185185186
27
0
8
-0.20590186893904974
22
23
0
3
0.5
0
0.5
8
1
-1
0
0
0
2
3
0
0
1
4
1
-1
0
0
0
0
3
1
0
0
4
1
-1
0
0
0
2
3
0
0
1
19
"DecisionTree"
1
0
8
2
0
3
3
15
0
10
-0.51419712426779873
1
4
0
3
0.41134751773049644
0.30496453900709219
0.28368794326241137
141
0
9
-0.42773824812274042
2
3
2
3
0
0.10256410256410256
0.89743589743589747
39
1
-1
0
0
0
1
3
0
1
0
4
1
-1
0
0
0
2
3
0
0
1
35
0
0
0.07669777880950078
5
10
0
3
0.56862745098039214
0.38235294117647056
0.049019607843137254
102
0
8
-0.97368067752868359
6
7
1
3
0.025000000000000001
0.94999999999999996
0.025000000000000001
40
1
-1
0
0
0
1
3
0
0.66666666666666663
0.33333333333333331
3
0
11
1.1735450414530713
8
9
1
3
0.027027027027027029
0.97297297297297303
0
37
1
-1
0
0
0
1
3
0
1
0
35
1
-1
0
0
0
0
3
0.5
0.5
0
2
0
6
-0.010484154454283259
11
14
0
3
0.91935483870967738
0.016129032258064516
0.064516129032258063
62
0
4
-0.36784679387207714
12
13
2
3
0
0.20000000000000001
0.80000000000000004
5
1
-1
0
0
0
1
3
0
0.5
0.5
2
1
-1
0
0
0
2
3
0
0
1
3
1
-1
0
0
0
0
3
1
0
0
57
"DecisionTree"
1
0
8
2
0
3
3
17
0
6
-0.62684581784628257
1
8
1
3
0.31914893617021278
0.39007092198581561
0.29078014184397161
141
0
3
-0.66572473970006407
2
3
2
3
0
0.14583333333333334
0.85416666666666663
48
1
-1
0
0
0
1
3
0
1
0
4
0
0
-0.79503689657710985
4
7
2
3
0
0.068181818181818177
0.93181818181818177
44
0
1
0.2410066889805178
5
6
1
3
0
0.5
0.5
6
1
-1
0
0
0
1
3
0
1
0
3
1
-1
0
0
0
2
3
0
0
1
3
1
-1
0
0
0
2
3
0
0
1
38
0
12
-0.030685228296626767
9
10
1
3
0.4838709677419355
0.5161290322580645
0
93
1
-1
0
0
0
1
3
0
1
0
42
0
5
1.5616267167360789
11
14
0
3
0.88235294117647056
0.11764705882352941
0
51
0
11
0.08991335120494004
12
13
0
3
0.97619047619047616
0.023809523809523808
0
42
1
-1
0
0
0
0
3
0.5
0.5
0
2
1
-1
0
0
0
0
3
1
0
0
40
0
0
0.46074871971409154
15
16
1
3
0.44444444444444442
0.55555555555555558
0
9
1
-1
0
0
0
1
3
0
1
0
5
1
-1
0
0
0
0
3
1
0
0
4
"DecisionTree"
1
0
8
2
0
3
3
19
0
12
0.029453080133364368
1
12
1
3
0.32624113475177308
0.44680851063829785
0.22695035460992907
141
0
10
-0.84890318047437152
2
7
1
3
0
0.67777777777777781
0.32222222222222224
90
0
6
-0.79221114217096511
3
4
2
3
0
0.076923076923076927
0.92307692307692313
26
1
-1
0
0
0
2
3
0
0
1
21
0
12
-1.1616195284939601
5
6
2
3
0
0.40000000000000002
0.59999999999999998
5
1
-1
0
0
0
1
3
0
1
0
2
1
-1
0
0
0
2
3
0
0
1
3
0
9
-0.3695617834327774
8
9
1
3
0
0.921875
0.078125
64
1
-1
0
0
0
1
3
0
1
0
57
0
12
-0.71392323240402611
10
11
2
3
0
0.2857142857142857
0.7142857142857143
7
1
-1
0
0
0
1
3
0
1
0
2
1
-1
0
0
0
2
3
0
0
1
5
0
6
0.13984795856815557
13
16
0
3
0.90196078431372551
0.039215686274509803
0.058823529411764705
51
0
4
-0.061750019168034007
14
15
2
3
0
0.25
0.75
4
1
-1
0
0
0
2
3
0
0
1
2
1
-1
0
0
0
1
3
0
0.5
0.5
2
0
5
1.5458181682879484
17
18
0
3
0.97872340425531912
0.021276595744680851
0
47
1
-1
0
0
0
0
3
1
0
0
45
1
-1
0
0
0
0
3
0.5
0.5
0
2
"DecisionTree"
1
0
8
2
0
3
3
19
0
5
0.059814614163671363
1
10
1
3
0.39007092198581561
0.3971631205673759
0.21276595744680851
141
0
8
-0.4758900214101297
2
7
1
3
0
0.56923076923076921
0.43076923076923079
65
0
10
-0.045608645578596847
3
6
2
3
0
0.28947368421052633
0.71052631578947367
38
0
12
-0.87262154631650268
4
5
2
3
0
0.035714285714285712
0.9642857142857143
28
1
-1
0
0
0
1
3
0
0.5
0.5
2
1
-1
0
0
0
2
3
0
0
1
26
1
-1
0
0
0
1
3
0
1
0
10
0
9
-0.39193734677507097
8
9
1
3
0
0.96296296296296291
0.037037037037037035
27
1
-1
0
0
0
1
3
0
1
0
25
1
-1
0
0
0
1
3
0
0.5
0.5
2
0
1
-0.98758895354481246
11
12
0
3
0.72368421052631582
0.25
0.026315789473684209
76
1
-1
0
0
0
1
3
0
1
0
6
0
10
1.5163529500520765
13
18
0
3
0.7857142857142857
0.18571428571428572
0.028571428571428571
70
0
12
-0.070777433916620863
14
17
0
3
0.83333333333333337
0.13636363636363635
0.030303030303030304
66
0
6
-0.65691224045077024
15
16
1
3
0
0.81818181818181823
0.18181818181818182
11
1
-1
0
0
0
2
3
0
0
1
2
1
-1
0
0
0
1
3
0
1
0
9
1
-1
0
0
0
0
3
1
0
0
55
1
-1
0
0
0
1
3
0
1
0
4
"DecisionTree"
1
0
8
2
0
3
3
15
0
0
-0.28296897537098847
1
8
1
3
0.36170212765957449
0.37588652482269502
0.26241134751773049
141
0
9
-0.060779009309128218
2
5
1
3
0
0.92307692307692313
0.076923076923076927
52
0
8
-1.1846089216467148
3
4
1
3
0
0.97872340425531912
0.021276595744680851
47
1
-1
0
0
0
1
3
0
0.5
0.5
2
1
-1
0
0
0
1
3
0
1
0
45
0
4
1.0606048214134574
6
7
2
3
0
0.40000000000000002
0.59999999999999998
5
1
-1
0
0
0
2
3
0
0
1
3
1
-1
0
0
0
1
3
0
1
0
2
0
6
0.084726183793261189
9
12
0
3
0.5730337078651685
0.056179775280898875
0.3707865168539326
89
0
10
0.065960039823593941
10
11
2
3
0
0.10810810810810811
0.89189189189189189
37
1
-1
0
0
0
2
3
0
0
1
33
1
-1
0
0
0
1
3
0
1
0
4
0
9
-0.59779252952417039
13
14
0
3
0.98076923076923073
0.019230769230769232
0
52
1
-1
0
0
0
0
3
0.5
0.5
0
2
1
-1
0
0
0
0
3
1
0
0
50
"DecisionTree"
1
0
8
2
0
3
3
17
0
12
0.046158165808361906
1
12
1
3
0.2978723404255319
0.51063829787234039
0.19148936170212766
141
0
11
-0.99371833904319073
2
7
1
3
0
0.73404255319148937
0.26595744680851063
94
0
0
-0.37440967558636729
3
6
2
3
0
0.083333333333333329
0.91666666666666663
24
0
10
-0.4026284388656079
4
5
2
3
0
0.33333333333333331
0.66666666666666663
6
1
-1
0
0
0
2
3
0
0
1
4
1
-1
0
0
0
1
3
0
1
0
2
1
-1
0
0
0
2
3
0
0
1
18
0
9
-0.37179933976700685
8
9
1
3
0
0.95714285714285718
0.042857142857142858
70
1
-1
0
0
0
1
3
0
1
0
56
0
12
-0.76403848942901864
10
11
1
3
0
0.7857142857142857
0.21428571428571427
14
1
-1
0
0
0
1
3
0
1
0
11
1
-1
0
0
0
2
3
0
0
1
3
0
6
0.29519114202467572
13
14
0
3
0.8936170212765957
0.063829787234042548
0.042553191489361701
47
1
-1
0
0
0
2
3
0
0.33333333333333331
0.66666666666666663
3
0
4
2.2169704147398428
15
16
0
3
0.95454545454545459
0.045454545454545456
0
44
1
-1
0
0
0
0
3
1
0
0
42
1
-1
0
0
0
1
3
0
1
0
2
"DecisionTree"
1
0
8
2
0
3
3
15
0
11
-0.767076416899791
1
2
1
3
0.24822695035460993
0.49645390070921985
0.25531914893617019
141
1
-1
0
0
0
2
3
0
0
1
32
0
0
0.07669777880950078
3
10
1
3
0.32110091743119268
0.64220183486238536
0.03669724770642202
109
0
6
-1.233185340370119
4
5
1
3
0.027777777777777776
0.94444444444444442
0.027777777777777776
72
1
-1
0
0
0
2
3
0
0
1
2
0
9
-0.49710249448385002
6
7
1
3
0.028571428571428571
0.97142857142857142
0
70
1
-1
0
0
0
1
3
0
1
0
61
0
1
-0.68849263607609901
8
9
1
3
0.22222222222222221
0.77777777777777779
0
9
1
-1
0
0
0
1
3
0
1
0
7
1
-1
0
0
0
0
3
1
0
0
2
0
12
-0.17100794796660609
11
14
0
3
0.89189189189189189
0.054054054054054057
0.054054054054054057
37
0
6
-0.87238826911626577
12
13
1
3
0
0.5
0.5
4
1
-1
0
0
0
2
3
0
0
1
2
1
-1
0
0
0
1
3
0
1
0
2
1
-1
0
0
0
0
3
1
0
0
33
"DecisionTree"
1
0
8
2
0
3
3
19
0
0
-0.2524887419658618
1
8
1
3
0.31205673758865249
0.40425531914893614
0.28368794326241137
141
0
11
-1.3761765826601784
2
3
1
3
0
0.87931034482758619
0.1206896551724138
58
1
-1
0
0
0
2
3
0
0
1
5
0
5
-1.3945718430643446
4
7
1
3
0
0.96226415094339623
0.037735849056603772
53
0
9
0.34869379985484167
5
6
1
3
0
0.7142857142857143
0.2857142857142857
7
1
-1
0
0
0
1
3
0
1
0
5
1
-1
0
0
0
2
3
0
0
1
2
1
-1
0
0
0
1
3
0
1
0
46
0
12
-0.0039570912166307093
9
12
0
3
0.53012048192771088
0.072289156626506021
0.39759036144578314
83
0
6
-0.53664655003281914
10
11
2
3
0
0.057142857142857141
0.94285714285714284
35
1
-1
0
0
0
2
3
0
0
1
33
1
-1
0
0
0
1
3
0
1
0
2
0
4
2.28499192022963
13
18
0
3
0.91666666666666663
0.083333333333333329
0
48
0
5
0.4234112284706753
14
17
0
3
0.97777777777777775
0.022222222222222223
0
45
0
1
-0.75751486318426375
15
16
0
3
0.91666666666666663
0.083333333333333329
0
12
1
-1
0
0
0
0
3
0.5
0.5
0
2
1
-1
0
0
0
0
3
1
0
0
10
1
-1
0
0
0
0
3
1
0
0
33
1
-1
0
0
0
1
3
0
1
0
3
"DecisionTree"
1
0
8
2
0
3
3
19
0
12
0.046158165808361906
1
10
1
3
0.26950354609929078
0.43971631205673761
0.29078014184397161
141
0
11
-0.54751705482337232
2
9
1
3
0
0.62637362637362637
0.37362637362637363
91
0
1
-1.0520096988457661
3
4
2
3
0
0.17073170731707318
0.82926829268292679
41
1
-1
0
0
0
1
3
0
1
0
3
0
10
-0.090236119739473264
5
8
2
3
0
0.10526315789473684
0.89473684210526316
38
0
7
1.8174074859942182
6
7
2
3
0
0.028571428571428571
0.97142857142857142
35
1
-1
0
0
0
2
3
0
0
1
31
1
-1
0
0
0
2
3
0
0.25
0.75
4
1
-1
0
0
0
1
3
0
1
0
3
1
-1
0
0
0
1
3
0
1
0
50
0
6
0.31523542376100094
11
16
0
3
0.76000000000000001
0.10000000000000001
0.14000000000000001
50
0
11
-0.39878329341676605
12
15
2
3
0
0.36363636363636365
0.63636363636363635
11
0
11
-1.1636997806507408
13
14
2
3
0
0.125
0.875
8
1
-1
0
0
0
2
3
0
0
1
5
1
-1
0
0
0
2
3
0
0.33333333333333331
0.66666666666666663
3
1
-1
0
0
0
1
3
0
1
0
3
0
10
1.3824705275694471
17
18
0
3
0.97435897435897434
0.02564102564102564
0
39
1
-1
0
0
0
0
3
1
0
0
36
1
-1
0
0
0
0
3
0.66666666666666663
0.33333333333333331
0
3
"DecisionTree"
1
0
8
2
0
3
3
19
0
12
0.046158165808361906
1
12
0
3
0.38297872340425532
0.38297872340425532
0.23404255319148937
141
0
11
-0.99371833904319073
2
5
1
3
0
0.63749999999999996
0.36249999999999999
80
0
0
-0.37440967558636729
3
4
2
3
0
0.038461538461538464
0.96153846153846156
26
1
-1
0
0
0
2
3
0
0.33333333333333331
0.66666666666666663
3
1
-1
0
0
0
2
3
0
0
1
23
0
1
1.8929386577692577
6
11
1
3
0
0.92592592592592593
0.07407407407407407
54
0
6
-1.1028975090840052
7
8
1
3
0
0.94117647058823528
0.058823529411764705
51
1
-1
0
0
0
2
3
0
0
1
2
0
9
0.18982730012455817
9
10
1
3
0
0.97959183673469385
0.020408163265306121
49
1
-1
0
0
0
1
3
0
1
0
47
1
-1
0
0
0
1
3
0
0.5
0.5
2
1
-1
0
0
0
1
3
0
0.66666666666666663
0.33333333333333331
3
0
5
-0.27216490324707132
13
16
0
3
0.88524590163934425
0.049180327868852458
0.065573770491803282
61
0
3
-0.025886430621953532
14
15
2
3
0
0.20000000000000001
0.80000000000000004
5
1
-1
0
0
0
2
3
0
0
1
2
1
-1
0
0
0
2
3
0
0.33333333333333331
0.66666666666666663
3
0
4
2.2169704147398428
17
18
0
3
0.9642857142857143
0.035714285714285712
0
56
1
-1
0
0
0
0
3
1
0
0
54
1
-1
0
0
0
1
3
0
1
0
2
"DecisionTree"
1
0
8
2
0
3
3
21
0
6
0.32525756462916355
1
16
1
3
0.3475177304964539
0.43971631205673761
0.21276595744680851
141
0
2
-0.30999951523186342
2
11
1
3
0.03614457831325301
0.60240963855421692
0.36144578313253012
83
0
9
-0.083154572651421566
3
8
1
3
0.074999999999999997
0.77500000000000002
0.14999999999999999
40
0
7
-0.59635437117629997
4
7
1
3
0.090909090909090912
0.90909090909090906
0
33
0
11
0.25281223274550874
5
6
1
3
0.27272727272727271
0.72727272727272729
0
11
1
-1
0
0
0
0
3
0.75
0.25
0
4
1
-1
0
0
0
1
3
0
1
0
7
1
-1
0
0
0
1
3
0
1
0
22
0
6
-1.4586835099037772
9
10
2
3
0
0.14285714285714285
0.8571428571428571
7
1
-1
0
0
0
2
3
0
0
1
5
1
-1
0
0
0
1
3
0
0.5
0.5
2
0
12
-0.73898086091652238
12
13
2
3
0
0.44186046511627908
0.55813953488372092
43
1
-1
0
0
0
1
3
0
1
0
11
0
9
-0.64701876887721599
14
15
2
3
0
0.25
0.75
32
1
-1
0
0
0
1
3
0
1
0
8
1
-1
0
0
0
2
3
0
0
1
24
0
12
-0.030685228296626767
17
18
0
3
0.7931034482758621
0.20689655172413793
0
58
1
-1
0
0
0
1
3
0
1
0
11
0
0
0.052313592085400332
19
20
0
3
0.97872340425531912
0.021276595744680851
0
47
1
-1
0
0
0
0
3
0.66666666666666663
0.33333333333333331
0
3
1
-1
0
0
0
0
3
1
0
0
44
"DecisionTree"
1
0
8
2
0
3
3
9
0
9
-0.67834455755642686
1
2
1
3
0.3475177304964539
0.43262411347517732
0.21985815602836881
141
1
-1
0
0
0
1
3
0
1
0
47
0
11
-0.14381113100544118
3
6
0
3
0.52127659574468088
0.14893617021276595
0.32978723404255317
94
0
6
-0.62684581784628257
4
5
2
3
0
0.20512820512820512
0.79487179487179482
39
1
-1
0
0
0
2
3
0
0
1
31
1
-1
0
0
0
1
3
0
1
0
8
0
12
-0.12089269094161348
7
8
0
3
0.89090909090909087
0.10909090909090909
0
55
1
-1
0
0
0
1
3
0
1
0
6
1
-1
0
0
0
0
3
1
0
0
49
"DecisionTree"
1
0
8
2
0
3
3
13
0
0
-0.22200850856073626
1
6
1
3
0.3546099290780142
0.36170212765957449
0.28368794326241137
141
0
6
-1.0728310864795176
2
3
1
3
0
0.77049180327868849
0.22950819672131148
61
1
-1
0
0
0
2
3
0
0
1
13
0
11
-1.3690940225931971
4
5
1
3
0
0.97916666666666663
0.020833333333333332
48
1
-1
0
0
0
1
3
0
0.66666666666666663
0.33333333333333331
3
1
-1
0
0
0
1
3
0
1
0
45
0
6
0.19496973334304976
7
10
0
3
0.625
0.050000000000000003
0.32500000000000001
80
0
6
-0.60680153610995724
8
9
2
3
0
0.10344827586206896
0.89655172413793105
29
1
-1
0
0
0
2
3
0
0
1
26
1
-1
0
0
0
1
3
0
1
0
3
0
10
1.3824705275694471
11
12
0
3
0.98039215686274506
0.019607843137254902
0
51
1
-1
0
0
0
0
3
1
0
0
47
1
-1
0
0
0
0
3
0.75
0.25
0
4
"DecisionTree"
1
0
8
2
0
3
3
21
0
12
0.029453080133364368
1
14
1
3
0.33333333333333331
0.3971631205673759
0.26950354609929078
141
0
0
-0.34392944218124177
2
7
1
3
0
0.59999999999999998
0.40000000000000002
90
0
11
-1.4328370631960281
3
4
1
3
0
0.92000000000000004
0.080000000000000002
50
1
-1
0
0
0
2
3
0
0
1
3
0
6
-0.82227756477545277
5
6
1
3
0
0.97872340425531912
0.021276595744680851
47
1
-1
0
0
0
1
3
0
0.66666666666666663
0.33333333333333331
3
1
-1
0
0
0
1
3
0
1
0
44
0
2
-0.46150707726892526
8
9
2
3
0
0.20000000000000001
0.80000000000000004
40
1
-1
0
0
0
1
3
0
1
0
3
0
8
-1.7667708754124813
10
11
2
3
0
0.13513513513513514
0.86486486486486491
37
1
-1
0
0
0
1
3
0
1
0
4
0
8
0.030337764473145332
12
13
2
3
0
0.030303030303030304
0.96969696969696972
33
1
-1
0
0
0
2
3
0
0
1
31
1
-1
0
0
0
1
3
0
0.5
0.5
2
0
12
0.80623956402074981
15
20
0
3
0.92156862745098034
0.039215686274509803
0.039215686274509803
51
0
6
0.3853904098381391
16
17
0
3
0.66666666666666663
0.16666666666666666
0.16666666666666666
12
1
-1
0
0
0
2
3
0
0.33333333333333331
0.66666666666666663
3
0
3
-0.37488914466455914
18
19
0
3
0.88888888888888884
0.1111111111111111
0
9
1
-1
0
0
0
0
3
1
0
0
7
1
-1
0
0
0
0
3
0.5
0.5
0
2
1
-1
0
0
0
0
3
1
0
0
39
"DecisionTree"
1
0
8
2
0
3
3
17
0
10
-0.75964823215261879
1
8
1
3
0.31914893617021278
0.3546099290780142
0.32624113475177308
141
0
5
0.58940098717604694
2
5
2
3
0
0.125
0.875
48
0
9
-0.41431291011736437
3
4
2
3
0
0.023809523809523808
0.97619047619047616
42
1
-1
0
0
0
2
3
0
0.33333333333333331
0.66666666666666663
3
1
-1
0
0
0
2
3
0
0
1
39
0
5
0.74748647165735282
6
7
1
3
0
0.83333333333333337
0.16666666666666666
6
1
-1
0
0
0
1
3
0
1
0
3
1
-1
0
0
0
1
3
0
0.66666666666666663
0.33333333333333331
3
0
12
0.029453080133364368
9
12
0
3
0.4838709677419355
0.4731182795698925
0.043010752688172046
93
0
0
0.85699175398073146
10
11
1
3
0
0.91304347826086951
0.086956521739130432
46
1
-1
0
0
0
1
3
0
1
0
42
1
-1
0
0
0
2
3
0
0
1
4
0
0
0.052313592085400332
13
16
0
3
0.95744680851063835
0.042553191489361701
0
47
0
1
-0.65168078161841125
14
15
0
3
0.5
0.5
0
4
1
-1
0
0
0
0
3
1
0
0
2
1
-1
0
0
0
1
3
0
1
0
2
1
-1
0
0
0
0
3
1
0
0
43
"DecisionTree"
1
0
8
2
0
3
3
19
0
0
-0.28296897537098847
1
6
1
3
0.36170212765957449
0.45390070921985815
0.18439716312056736
141
0
6
-0.78720007173688389
2
5
1
3
0
0.93548387096774188
0.064516129032258063
62
0
11
-1.3761765826601784
3
4
2
3
0
0.33333333333333331
0.66666666666666663
6
1
-1
0
0
0
2
3
0
0
1
3
1
-1
0
0
0
1
3
0
0.66666666666666663
0.33333333333333331
3
1
-1
0
0
0
1
3
0
1
0
56
0
12
0.029453080133364368
7
12
0
3
0.64556962025316456
0.075949367088607597
0.27848101265822783
79
0
1
-0.78052227222031867
8
9
2
3
0
0.19230769230769232
0.80769230769230771
26
1
-1
0
0
0
1
3
0
1
0
4
0
7
1.9361170855271945
10
11
2
3
0
0.045454545454545456
0.95454545454545459
22
1
-1
0
0
0
2
3
0
0
1
20
1
-1
0
0
0
1
3
0
0.5
0.5
2
0
7
0.5116018911314788
13
18
0
3
0.96226415094339623
0.018867924528301886
0.018867924528301886
53
0
2
0.78843030953684101
14
15
0
3
0.98039215686274506
0.019607843137254902
0
51
1
-1
0
0
0
0
3
1
0
0
38
0
9
-0.4322133607911991
16
17
0
3
0.92307692307692313
0.076923076923076927
0
13
1
-1
0
0
0
0
3
0.5
0.5
0
2
1
-1
0
0
0
0
3
1
0
0
11
1
-1
0
0
0
0
3
0.5
0
0.5
2
"DecisionTree"
1
0
8
2
0
3
3
17
0
9
-0.67834455755642686
1
2
1
3
0.36170212765957449
0.38297872340425532
0.25531914893617019
141
1
-1
0
0
0
1
3
0
1
0
45
0
1
0.056947416692078853
3
12
0
3
0.53125
0.09375
0.375
96
0
6
0.20499187421121234
4
7
0
3
0.75
0.13333333333333333
0.11666666666666667
60
0
6
-0.66693438131893279
5
6
2
3
0
0.41666666666666669
0.58333333333333337
12
1
-1
0
0
0
2
3
0
0
1
7
1
-1
0
0
0
1
3
0
1
0
5
0
10
-0.7596482321526189
8
9
0
3
0.9375
0.0625
0
48
1
-1
0
0
0
1
3
0
1
0
2
0
12
0.30508699377082371
10
11
0
3
0.97826086956521741
0.021739130434782608
0
46
1
-1
0
0
0
0
3
0.5
0.5
0
2
1
-1
0
0
0
0
3
1
0
0
44
0
11
0.20323431227664013
13
16
2
3
0.16666666666666666
0.027777777777777776
0.80555555555555558
36
0
8
-0.037159273644624555
14
15
2
3
0
0.033333333333333333
0.96666666666666667
30
1
-1
0
0
0
2
3
0
0
1
27
1
-1
0
0
0
2
3
0
0.33333333333333331
0.66666666666666663
3
1
-1
0
0
0
0
3
1
0
0
6
"DecisionTree"
1
0
8
2
0
3
3
23
0
12
0.029453080133364368
1
14
1
3
0.31914893617021278
0.37588652482269502
0.30496453900709219
141
0
0
-0.28296897537098847
2
9
1
3
0
0.56321839080459768
0.43678160919540232
87
0
9
0.039911025731192248
3
6
1
3
0
0.89795918367346939
0.10204081632653061
49
0
5
-1.2760077297033647
4
5
1
3
0
0.97727272727272729
0.022727272727272728
44
1
-1
0
0
0
1
3
0
0.66666666666666663
0.33333333333333331
3
1
-1
0
0
0
1
3
0
1
0
41
0
8
-1.252105959764485
7
8
2
3
0
0.20000000000000001
0.80000000000000004
5
1
-1
0
0
0
1
3
0
0.5
0.5
2
1
-1
0
0
0
2
3
0
0
1
3
0
1
-0.78052227222031867
10
11
2
3
0
0.13157894736842105
0.86842105263157898
38
1
-1
0
0
0
1
3
0
1
0
4
0
4
-0.98004034328016343
12
13
2
3
0
0.029411764705882353
0.97058823529411764
34
1
-1
0
0
0
1
3
0
0.5
0.5
2
1
-1
0
0
0
2
3
0
0
1
32
0
11
-0.44127865381865361
15
18
0
3
0.83333333333333337
0.07407407407407407
0.092592592592592587
54
0
3
0.33765806317242752
16
17
2
3
0
0.2857142857142857
0.7142857142857143
7
1
-1
0
0
0
1
3
0
0.66666666666666663
0.33333333333333331
3
1
-1
0
0
0
2
3
0
0
1
4
0
0
0.052313592085400332
19
22
0
3
0.95744680851063835
0.042553191489361701
0
47
0
5
0.30484711510969581
20
21
0
3
0.5
0.5
0
4
1
-1
0
0
0
0
3
1
0
0
2
1
-1
0
0
0
1
3
0
1
0
2
1
-1
0
0
0
0
3
1
0
0
43
"DecisionTree"
1
0
8
2
0
3
3
19
0
9
-0.49262738181539134
1
6
1
3
0.31914893617021278
0.3971631205673759
0.28368794326241137
141
0
9
-0.67834455755642686
2
3
1
3
0.022222222222222223
0.97777777777777775
0
45
1
-1
0
0
0
1
3
0
1
0
41
0
9
-0.53961606483420743
4
5
1
3
0.25
0.75
0
4
1
-1
0
0
0
0
3
0.5
0.5
0
2
1
-1
0
0
0
1
3
0
1
0
2
0
6
0.084726183793261189
7
14
0
3
0.45833333333333331
0.125
0.41666666666666669
96
0
3
-0.69480829920361442
8
9
2
3
0
0.18367346938775511
0.81632653061224492
49
1
-1
0
0
0
1
3
0
1
0
5
0
11
-0.83790201756960347
10
11
2
3
0
0.090909090909090912
0.90909090909090906
44
1
-1
0
0
0
2
3
0
0
1
38
0
4
-0.77597582681080124
12
13
1
3
0
0.66666666666666663
0.33333333333333331
6
1
-1
0
0
0
1
3
0
1
0
4
1
-1
0
0
0
2
3
0
0
1
2
0
1
-0.95077709908712471
15
16
0
3
0.93617021276595747
0.063829787234042548
0
47
1
-1
0
0
0
1
3
0
1
0
2
0
2
1.6974756817592154
17
18
0
3
0.97777777777777775
0.022222222222222223
0
45
1
-1
0
0
0
0
3
1
0
0
43
1
-1
0
0
0
0
3
0.5
0.5
0
2
"DecisionTree"
1
0
8
2
0
3
3
29
0
2
-0.21530728895869883
1
12
1
3
0.32624113475177308
0.42553191489361702
0.24822695035460993
141
0
0
-0.28296897537098847
2
5
1
3
0.12280701754385964
0.77192982456140347
0.10526315789473684
57
0
10
-0.96047186587656252
3
4
1
3
0
0.97674418604651159
0.023255813953488372
43
1
-1
0
0
0
1
3
0
0.5
0.5
2
1
-1
0
0
0
1
3
0
1
0
41
0
10
-0.46956965010692231
6
7
0
3
0.5
0.14285714285714285
0.35714285714285715
14
1
-1
0
0
0
2
3
0
0
1
5
0
1
-0.59646299993187968
8
11
0
3
0.77777777777777779
0.22222222222222221
0
9
0
9
-0.11224280499640299
9
10
0
3
0.5
0.5
0
4
1
-1
0
0
0
1
3
0
1
0
2
1
-1
0
0
0
0
3
1
0
0
2
1
-1
0
0
0
0
3
1
0
0
5
0
5
0.044006065715540742
13
20
0
3
0.4642857142857143
0.19047619047619047
0.34523809523809523
84
0
10
-0.75964823215261879
14
15
2
3
0.055555555555555552
0.19444444444444445
0.75
36
1
-1
0
0
0
2
3
0
0
1
25
0
8
-0.66150687623399718
16
17
1
3
0.18181818181818182
0.63636363636363635
0.18181818181818182
11
1
-1
0
0
0
2
3
0
0
1
2
0
5
-0.20893070945454884
18
19
1
3
0.22222222222222221
0.77777777777777779
0
9
1
-1
0
0
0
1
3
0
1
0
6
1
-1
0
0
0
0
3
0.66666666666666663
0.33333333333333331
0
3
0
0
0.052313592085400332
21
26
0
3
0.77083333333333337
0.1875
0.041666666666666664
48
0
0
-0.46585037580174615
22
23
1
3
0.18181818181818182
0.81818181818181823
0
11
1
-1
0
0
0
1
3
0
1
0
7
0
6
0.60587750893771597
24
25
0
3
0.5
0.5
0
4
1
-1
0
0
0
0
3
1
0
0
2
1
-1
0
0
0
1
3
0
1
0
2
0
6
-0.26103767615834783
27
28
0
3
0.94594594594594594
0
0.054054054054054057
37
1
-1
0
0
0
2
3
0
0
1
2
1
-1
0
0
0
0
3
1
0
0
35
"DecisionTree"
1
0
8
2
0
3
3
11
0
6
0.33527970549732611
1
8
0
3
0.42553191489361702
0.32624113475177308
0.24822695035460993
141
0
9
-0.033928333298376086
2
7
1
3
0
0.51388888888888884
0.4861111111111111
72
0
9
-0.45906403680195129
3
4
1
3
0
0.90243902439024393
0.097560975609756101
41
1
-1
0
0
0
1
3
0
1
0
32
0
12
-0.76403848942901864
5
6
1
3
0
0.55555555555555558
0.44444444444444442
9
1
-1
0
0
0
1
3
0
1
0
5
1
-1
0
0
0
2
3
0
0
1
4
1
-1
0
0
0
2
3
0
0
1
31
0
12
-0.030685228296626767
9
10
0
3
0.86956521739130432
0.13043478260869565
0
69
1
-1
0
0
0
1
3
0
1
0
9
1
-1
0
0
0
0
3
1
0
0
60
"DecisionTree"
1
0
8
2
0
3
3
13
0
0
-0.22810455524176138
1
6
1
3
0.32624113475177308
0.43971631205673761
0.23404255319148937
141
0
10
-0.73733449507218052
2
5
1
3
0
0.89230769230769236
0.1076923076923077
65
0
12
-1.0062622317164829
3
4
1
3
0
0.53333333333333333
0.46666666666666667
15
1
-1
0
0
0
1
3
0
1
0
8
1
-1
0
0
0
2
3
0
0
1
7
1
-1
0
0
0
1
3
0
1
0
50
0
10
-0.51419712426779873
7
8
0
3
0.60526315789473684
0.052631578947368418
0.34210526315789475
76
1
-1
0
0
0
2
3
0
0
1
22
0
12
0.029453080133364368
9
12
0
3
0.85185185185185186
0.07407407407407407
0.07407407407407407
54
0
12
-0.45499440444156425
10
11
1
3
0
0.5
0.5
8
1
-1
0
0
0
2
3
0
0
1
4
1
-1
0
0
0
1
3
0
1
0
4
1
-1
0
0
0
0
3
1
0
0
46
"DecisionTree"
1
0
8
2
0
3
3
17
0
12
0.046158165808361906
1
10
1
3
0.37588652482269502
0.39007092198581561
0.23404255319148937
141
0
11
-0.767076416899791
2
5
1
3
0
0.61445783132530118
0.38554216867469882
83
0
1
-1.0013933989664454
3
4
2
3
0
0.09375
0.90625
32
1
-1
0
0
0
1
3
0
1
0
3
1
-1
0
0
0
2
3
0
0
1
29
0
8
-1.2774173490586487
6
9
1
3
0
0.94117647058823528
0.058823529411764705
51
0
0
0.24738708587820718
7
8
2
3
0
0.25
0.75
4
1
-1
0
0
0
2
3
0
0
1
2
1
-1
0
0
0
1
3
0
0.5
0.5
2
1
-1
0
0
0
1
3
0
1
0
47
0
3
0.35219984292420303
11
16
0
3
0.91379310344827591
0.068965517241379309
0.017241379310344827
58
0
8
2.2071172437712283
12
15
0
3
0.96363636363636362
0.036363636363636362
0
55
0
5
0.0044846945952143613
13
14
0
3
0.98113207547169812
0.018867924528301886
0
53
1
-1
0
0
0
0
3
0.66666666666666663
0.33333333333333331
0
3
1
-1
0
0
0
0
3
1
0
0
50
1
-1
0
0
0
0
3
0.5
0.5
0
2
1
-1
0
0
0
1
3
0
0.66666666666666663
0.33333333333333331
3
1
3
1
