MLCPP_ARCHIVE_V1
"KNNClassifier"
7
2
319
30
-0.38835598317206127
-1.4498506957037245
-0.39951225372472426
-0.43485889371602088
-0.62040327453517641
-0.48101923880243547
-0.61786248929559495
-0.60615538375993694
-0.79850746849474485
-0.21830391438900631
-0.31556255857474003
-1.0613834963834867
-0.28102987257523887
-0.39981323042930522
-0.13950888283348672
0.12512946219036641
-0.033234441789671894
-0.1604304156269252
-0.38280078920355032
0.29872710170670241
-0.44118987455878678
-1.6100037898809174
-0.46135312904987741
-0.47299415635495418
-0.58332423056283877
-0.22420043885848315
-0.47459101392344022
-0.47444979665327486
-0.56290279588050507
-0.106205194197032
30
-0.26095859985318431
-0.85105511812703638
-0.3248218961246912
-0.33693862523402018
-0.82688187545981617
-0.99521349597192033
-1.1126573932252355
-1.1867466398731004
-0.68564958552046285
-0.5813834425614961
-0.86870636397056422
-1.2266234761930441
-0.9121045911484561
-0.66097222325029314
-1.0902758114975337
-1.0144654913272126
-1.0965458989445298
-1.5309946056775194
-0.83252101799001987
-0.52221746050173024
-0.39562123558726497
-0.91442749503755194
-0.46254273855861977
-0.44100015258531544
-0.88128333955306681
-0.76837547358254987
-1.2632044017787221
-1.3959919940767878
-0.4249604964591121
-0.035041190549015742
30
0.13860592055602147
-1.3789728518273001
0.10401824694965951
0.021414164541976987
0.13692813097640025
-0.29608470804440784
-0.089611702182099573
-0.13554696202187155
-0.29610786041568626
-0.95627043506479814
0.04995096921985729
-1.1300571550470628
-0.16221983361443185
-0.077950959318314986
-0.65143475183114441
-0.42457172130163895
-0.069097734108234124
-0.49745980821884639
-0.60591780193482214
-0.66032877589263417
0.09113468069944429
-1.4657361139134046
0.02817118379754395
-0.043107873660140544
-0.45240280388531456
-0.40096263111224034
-0.13049476804572824
-0.35362502876235596
-0.4645990882468688
-0.7558462881050656
30
-0.066967129799439598
0.34164790986244797
-0.085644908304358808
-0.19684185556850689
-0.048391885401191742
-0.055479163903551225
-0.66397358917792404
-0.65292879158398665
-0.72933650796212035
0.5905073922716596
-0.53690130596146846
-0.31578377375037286
-0.43023317731671756
-0.45539045410815182
-0.20462080387407136
-0.21757127563519346
-0.2167701142434898
-0.42929470579942253
-0.66285912289228199
-0.061543533507070099
-0.2630579222155654
-0.17591439187052188
-0.24930523411657768
-0.34961396502231429
-0.26730699375502143
-0.33215163484202775
-0.66115495359710985
-0.71859377925608681
-1.0623490524062396
0.022644782105058662
30
0.10096578457544392
0.22433285792905597
0.11241042196089876
-0.02607126686043883
0.16611238552405236
0.30295064828726509
0.36364520819969559
0.29063978748106256
0.47205385918345383
0.26285025709160836
-0.79194852313369879
-1.0777343674938618
-0.77837422171350124
-0.55521362285171116
-0.95340789584079466
-0.54819698746354384
-0.43300467087011418
-0.71945027493585612
-0.6256729541037368
-0.79889440482100837
0.41632905881439386
0.74636825092179238
0.30772941835196466
0.27859978855390577
1.0328782091114257
0.94243003001631442
1.0474280653530781
1.0797464757397208
2.9078523010554691
0.905725372828178
30
-0.47521783543493173
1.1579651462323002
-0.32901798363031087
-0.51803213381217839
1.6165698365423702
2.5717350977929643
1.7482449931278741
0.96036182241424506
0.76330000879450233
2.8855832715733714
-0.43293301361100534
0.74606103247635291
-0.45067955611462385
-0.43326748157579537
0.078084526766426299
2.6833099698848559
1.5862393270269657
0.4386962714977925
-0.31540085827431186
2.8828625028365114
-0.25477271512983435
2.560019034513382
-0.29451039544878171
-0.30931212601967562
2.391752327385039
5.0609891095288573
3.9425006292177005
1.6597053616161321
2.2942469001809953
6.6311929390549933
30
1.6471067548545435
1.4219240130824324
1.6192254452289927
1.5940372716083284
0.36894295463023602
1.0331560635483434
2.0928114537870366
1.7304245758079586
1.3894792304582559
-0.25815410650549997
0.36997836911112719
-0.023391725658955365
-0.049488447809758973
0.62944457702117906
-0.62485845752886493
0.3614549709928917
0.53565582263614653
-0.20334307090307574
-0.56059715872378257
-0.23191111005834986
1.3069888205304998
1.3406136781213089
1.2237287400834698
1.241955150678385
-0.21764714225665061
0.81932778898244774
1.3834335281326975
0.91448937385020568
0.6119850647086027
0.0080885086316010608
30
-0.55628889754694477
0.29765476538742608
-0.61225389025965171
-0.56876191145947996
-1.1902258445780869
-1.2264769864971652
-0.82928948298682359
-0.8094498602242427
-0.29610786041568626
-0.90166091253478919
-0.86017771498869033
0.69219933940688128
-0.92370929262834889
-0.68309519578264954
-0.60924488462627568
-1.1158382095799748
-0.76034511350326439
-0.80296490405021059
-0.7128280372018897
-1.0006096154577233
-0.6172505251305751
1.2135207254832627
-0.68321530243030071
-0.59849549710878536
-0.90385599932505378
-1.0586442450049698
-0.77157034646519995
-0.62723466443792086
-0.35678211858417108
-0.84749689886387558
30
2.1740686585826263
0.72780995580986352
2.2066776960157739
2.2281594921995991
1.477944627441022
1.982613757543165
2.4285103952380589
2.80960990716732
1.2438561556527317
0.46948088288082962
0.89347496614138933
-0.55835375575252866
0.72029008368979597
1.1058978635107086
-0.56439738799117922
0.67598064815829662
0.52264658914804063
0.20102618073757414
-0.017911507965949466
0.13335697406759381
2.0526574582463093
0.50935706897516375
1.9166762789258105
2.1116264133669058
0.80715161139155622
1.9910086062073524
2.0402147443308198
1.9902195653951622
1.4412244049084717
0.87337809844271563
30
-0.31597110628633562
0.71314557431818903
-0.41126129874045991
-0.36908714711515894
-2.4757922574021705
-1.6268507128805239
-1.1109598966911058
-1.2235643670373941
-1.5484663037431934
-1.5554992498535407
-0.93856006039353168
-0.13303874369323712
-0.96902288888316834
-0.69226813561313882
-1.1613673987561313
-1.3369836857002939
-1.0801261366771098
-1.619130597667767
-0.51992478661131114
-1.2567061565296067
-0.48054460821600997
0.55744629429766823
-0.57615044664350112
-0.49067040153155012
-2.3056181711654422
-1.401436639268506
-1.2785435746758709
-1.6413987903827174
-0.98941404351676698
-1.4054873820130986
30
-0.62867377443267047
-2.0510903368623579
-0.65757163532034624
-0.61595240229417914
-0.56349397816725522
-0.99692938337070613
-0.80104010036660556
-0.80265595741181084
-0.79850746849474485
-1.1023878061586043
-0.61731428207628003
-0.31963103754104938
-0.66619544074120418
-0.56789386320562285
-0.24548185636382594
-0.77417247398274702
-0.65240363564249404
-0.96223687459438489
-1.1207138261012461
-0.85295771577994772
-0.52197064364466583
-0.9676691373588957
-0.59221017501152118
-0.5247855547223802
0.22929152122869037
-0.62380925206072702
-0.59595276039483236
-0.71376078854045
-0.72779933771757321
-0.64047434279691673
30
0.045953278142292567
0.085021233758152986
0.25255974464860237
-0.063823659528198406
-1.3186365645877578
2.2609688244573096
2.6730005676910675
0.76569037644264082
-0.42352805087052003
2.18599100997272
-0.16813876903091907
0.53638515588448143
0.30086301591652792
-0.29000774481138986
-0.53682448265256444
2.814985253378234
3.9092665069165711
1.8581148690935425
0.58752580262255372
4.2003717614997402
-0.21127537792974529
-0.35109656983107312
-0.016439172780289116
-0.31355442486205859
-1.9336207381230976
1.0289172455119027
1.9117140715964045
0.56058973112454613
-0.82610304535120949
1.277719028260994
30
-0.81108366418469879
-0.27181204920591345
-0.75030516919454493
-0.77315572488727102
-0.038177396309513355
0.52982909323783511
0.82982336085620945
-0.52619637373670092
0.85067385367781634
2.0383977058375615
-0.6554901394237157
0.82877720397589849
-0.26831996143059433
-0.63696070428224771
-0.083366461119921437
1.9340833568199156
1.986009556107408
0.24393883601372468
-0.076014896698051546
2.2445519826910507
-0.7746694597594681
0.37539422700533082
-0.60648548911642797
-0.730890573481489
0.10739915845996056
1.442414516676942
2.2224953282466755
0.11314833261236876
0.61674169572313298
2.4368296937400578
30
-0.49548560096293498
-0.44534056352405588
-0.46874769756745227
-0.55637440761537149
0.56593667282688842
0.47644592972005406
-0.38477341296733797
-0.51940247092426917
-0.15048478561016201
0.44291408813650118
-0.5823874338647963
-0.65049572353923191
-0.40757637918930789
-0.56114905450673369
-0.0660918698234398
0.66390562216108717
0.53635902444631434
-0.19013917697195246
-0.25845953731685178
1.4308764370821392
-0.44326117633021955
-0.4541449098078682
-0.36648177072768578
-0.50534168502812471
0.46856171481175185
0.65014111925385165
0.20931812207416983
-0.25727702030224237
-0.15858915964538756
1.4718026745737669
30
-1.4915015069105202
-0.86571949961871042
-1.3876908612982026
-1.1984600235349976
-0.13302622358938396
0.37349268579290434
0.042260976327528434
-0.66886833279776903
-1.876118222055623
1.2915755869136618
-0.36957733545994181
-0.44678310582290898
0.23510304086380202
-0.62212212514469156
3.7990979327643273
2.4205344041360624
2.120672702754558
1.8845226569557891
0.3760294676377024
0.84799216850802783
-1.430443600595094
-1.4949331435734963
-1.3148979515724168
-1.0895415881146209
-0.65104220987879968
-0.43189601475664774
-0.58167490786878617
-1.1861466552623658
-2.0089186242978685
-0.39247857250837331
30
1.7658179529471336
1.8398588855951405
1.7576963329144475
1.717912310049414
0.19018939552586528
1.1856793878848606
0.94763468747864377
2.0335371628241474
0.19901059392309581
-0.39541587935119715
2.3226328598182655
1.3096851778104663
2.3615264358460615
1.7158983622382433
0.50662727239068239
1.2210818217466031
0.93964526257759606
2.2608336339928021
1.9169313368130485
0.25056986673487397
1.6301118968740176
1.3801155417790809
1.5597934263031459
1.3869003611264719
-0.20410354639345868
0.53840216200772661
0.44585454558900095
1.5692816643558316
0.55807657987725334
-0.44099948408656653
30
0.48605332960750436
-0.34513395666428359
0.49467399372286841
0.3818315382919924
0.047916154606060898
0.46691322194902168
0.12979605879645534
0.45421606288807459
0.078871557208538487
-0.3039080307873987
0.41262161402049696
-0.43524131445087938
0.39204281325854268
0.382044993945925
-0.37969214259033707
0.86860606287568343
-0.15488835494871595
0.19112326028923152
-0.060908015627704828
0.18605734441412286
0.84923112904385056
0.25860610836496334
0.86089783991709457
0.72934404055710256
0.32861122422543326
1.9228289034809032
0.57054779098313724
1.036093656372679
1.3841448327341022
1.0944178067433745
30
-1.5123483514536089
-0.93170921633124326
-1.4716126114105998
-1.2108475273791062
-0.98593606274452117
-0.52868277765759697
-0.53311434143494063
-0.64979314413209499
0.39924232178069169
0.491619878501105
0.54380035788455805
-0.021468093763617305
0.78605005874252165
-0.26491705645152225
1.3341466362279086
0.20045462436343403
-0.006161172098208355
0.56083229036068283
0.9024461695505468
0.19968675053822507
-1.3130007901548539
-1.3867323865978618
-1.2574992927756052
-1.0329776035495137
-1.3914254503999712
-0.830242240871365
-0.86718436554795564
-1.043339574761615
-0.76902347317683994
-0.54936285327786494
30
-1.262186216936541
-0.88771607185622137
-1.2718788461430943
-1.0666215897655567
-0.44310892815818864
-1.1023611313183239
-0.99143840564995889
-0.90430319564396378
0.94896942917154536
0.035556568723464715
-0.55152184707325236
0.38057097236208154
-0.61038235267124374
-0.63696070428224771
2.2875711943221835
-0.85294764358358877
-0.84272520556443198
-0.36145970072827682
-0.30494224830253353
0.23921202829812208
-1.1537176839316712
-0.84057618472084894
-1.1736318224092788
-0.93893997921002326
0.64914299298764755
-1.0265745329817881
-1.1240905253332791
-0.98144611301620233
-0.12370719887216111
-0.14825665089813309
30
-0.86030538046699212
-0.65553003157138301
-0.89548979688899255
-0.79763579200777102
-1.089540166388687
-1.265370434202977
-0.95774183265902624
-0.91397144195396285
-1.1261593868071733
-0.20649645005819411
-1.0668959212636351
-0.46948196218790067
-1.0425193315891561
-0.81734386812533921
-0.34248533056714581
-1.1063506891535959
-0.80577195044010974
-0.90331449792674734
-0.059745947853062836
-0.61671467629550658
-0.96108661918842053
-0.94190705236469718
-0.98745793429112239
-0.822453523496256
-1.3237074710840109
-1.2254951286216413
-1.0985331693116565
-1.1552778758528146
-0.84988620042386342
-0.73697704471354575
30
-0.77923431835497958
-2.0730869090998687
-0.77506208547770228
-0.73215898597462592
-0.1979611899579104
-0.72181543709871243
-0.68626906604410509
-0.58655758718561435
-0.55822939506563019
-0.25815410650549997
-1.0697388042575926
-1.4436091539872011
-0.96791767921841665
-0.79586839722807612
-0.29032935299892243
-0.58729707164498368
-0.60388271074091004
-0.85858630723506746
-0.83252101799001987
-0.6944022912028901
-0.7249582172450808
-1.6838551001976201
-0.70819710211388731
-0.66442789161748816
1.0148200812938357
-0.10930501389354101
-0.31610685088432811
-0.38917089596123261
0.15376294364213497
0.039357540537547739
30
-0.20305069834460346
0.29765476538742608
-0.13306069711786309
-0.27972015509694709
1.0328847455893251
0.80437107704356681
0.69934414965071778
0.86341805535992944
1.0763896196263791
1.5306767396126175
-0.055235701556587892
-0.53969452636774751
0.13176593720951874
-0.17075952701502964
-0.49828885591425898
-0.164096160504695
0.077519843311769893
0.27694857084153263
-0.41301455134424331
0.1229077627057818
0.01863911869929585
0.66736452360624943
0.17092432484660969
-0.074218065170949463
1.1321979121081687
0.81617132126363068
1.1135821153904255
1.4118197087818596
1.055937292731477
1.4232817629955736
30
0.28916646447833066
0.66426430267927583
0.22864204586656944
0.18068207110908685
-0.42924640724805413
-0.64631639155213638
-0.46572119545307505
-0.40077047566103663
-0.74389881544267322
-0.89132938124532801
-0.38054274129377963
-0.72570973064695832
-0.41862847583682483
-0.2722014498463225
-0.7437873745315654
-0.8742226893881957
-0.57259023018843924
-0.40272186926303705
-1.1218758938758882
-0.95654120232312556
0.36868911807144
1.0160114071944057
0.30178137080825351
0.25385304530667141
0.29700950054465125
-0.31952576396675936
-0.025790516188056598
0.59956546270226196
-0.3869074483428655
-0.31107126530496015
30
1.5776172730442475
2.3140072204925999
1.7535002454088278
1.638278356765859
-0.28040670905502751
1.93685676024221
1.1287854370163652
1.7173593780917435
0.26454097758558154
-0.08251807458466115
1.7804544602562793
-0.023391725658955365
2.3781045808173364
1.7914402196658021
-0.1853529905049188
1.2734069344011767
0.22202781530126997
0.58228861799875808
-0.14457689540193197
0.6894367439309701
1.8082438492172386
1.80261373568394
2.1129618478682759
1.8376446131296686
-0.19055995053026678
1.7460667112271464
0.70666331839811025
1.24032648983991
-0.16017470331689765
0.86259567364756196
30
-1.3620773470388425
0.58116614089312324
-1.3453103774914421
-1.1288540495538162
-1.2223285245805051
-0.84230886332456145
-0.65801968342388706
-1.1379611916007533
-1.9889761050299037
0.64364098176031637
-1.1598988077802603
-0.056093467879706219
-0.92868273611973151
-0.89563760750204446
-0.46473628435763137
0.071079345821905629
0.17702289945052549
-1.0784311411882697
-0.12714587878230127
0.38550098736348759
-1.3163148729891465
0.38054664400417015
-1.2176473742327409
-1.0347452280671734
-1.0708936816377568
-0.42684566640654042
-0.42747410058748797
-1.3860142067928924
-0.8609850061244354
0.40757734729205969
30
-0.19436451311831657
0.08013310659426176
-0.25055114727521921
-0.25406032570557963
-0.43508325815758436
-0.79750513680070922
-0.38908049372557751
-0.37359486441130935
-0.80942919910515887
-0.9105165107828983
0.2660100767606639
-0.12342058421654556
0.15884357399593521
0.091748427545736019
-0.30262088911372687
-0.85524764853543822
-0.37991293420243888
-0.36624611227830894
-0.62799708965302081
-0.84796026686777681
0.34383349681424613
0.70343144259812784
0.26906710931784233
0.1895115128638622
0.35118388399742018
-0.64211676482986624
-0.058153648580427715
0.022724635352068076
-0.055528820997220105
-0.5817101276633273
30
1.3112409261047766
1.4194799495004864
1.38424454491428
1.2872990811827836
0.72645007283897556
1.6013054467018712
1.8065172622099381
1.9786633324160441
1.3203082699256314
-0.13417573103196698
1.7321254493589935
0.49021799039636288
1.502778526333995
1.7536692909520228
-0.22123098781299591
0.4735802123955497
0.69071182177816492
-0.013537095643178928
-0.062070083402346828
0.37505177600167555
1.4146965126450055
1.4144649884380118
1.5746635451624236
1.3851327366088122
0.7574917598931854
1.0693200323127616
1.602360600198738
1.0953367683708071
0.83237563504852929
0.71811118139249719
30
-0.093025685478300785
-0.85838730887287362
-0.14439013338303655
-0.19359750932362124
-0.60362232817027672
-0.71552384996983109
-0.99751899024982649
-1.0123001199661972
-1.5120605350418124
-0.64927636246366915
-0.19453696826052891
-1.4001350731525561
-0.342369008968958
-0.28757961367978979
-0.16010551091775313
-0.8017725334049397
-0.86403222041251904
-0.99112039256871709
-0.96848294762313869
-0.53175804478860189
-0.21748928324404393
-1.4210818332567932
-0.28707533601914287
-0.31779672370444156
-1.1340971289993202
-0.94198119811749004
-1.1491243600956134
-1.2693988179123668
-1.6807110842952433
-0.88415714316739946
30
-0.33334347673890991
-0.80217384648812318
-0.36384550992695563
-0.40654459921520125
0.29598231826110527
-0.48197250957953858
-0.3514568765138969
-0.39136353330536178
-0.32887305224692964
0.26875398925701444
-0.79113627084971072
-0.86094105288923883
-0.89718426067430823
-0.60242728374393528
0.60163752452133135
-0.31474648485083045
-0.31521836766699363
-0.056449750919329481
0.65608780132643407
0.45046782322170881
-0.53439845427326282
-1.003736056350774
-0.55741409688081134
-0.53203281524478463
0.72137550425800534
-0.31258153498536162
-0.24995280084698099
-0.13941440801122981
0.73090084007187284
0.61136517592047135
30
-1.703154886924382
0.34164790986244797
-1.6172168478556093
-1.3202704780020651
-0.17461378631978852
0.49169826215370571
0.54226238082080558
-0.705450886403171
1.462290767861018
2.9121500663176998
-0.85571032742675623
1.4443394104841454
-0.89055300268579807
-0.80369237531878757
1.832452154395648
1.647732740314666
1.5897553360778052
-0.23800329247227431
0.28887438453954928
3.6551955165356458
-1.49713951763523
0.67766935760392877
-1.4713316019720182
-1.1252476033713448
1.3850117015544221
1.1027785901322227
1.2444624302125151
-0.55739015345065424
0.63893930712427693
3.4557688368821182
30
-1.173008048613327
-0.43312024561432738
-1.1497726997295565
-1.0049790111127308
0.3105744455349308
-0.59960612347407771
-0.81307459072051003
-0.80814334045262126
0.25361924697516741
0.063599296509146197
-0.5779200463028622
1.5462919009370739
-0.59490941736471992
-0.62455025627629168
0.29534573268756076
-0.63329717068197167
-0.54200095144613636
-0.59731425607296595
0.04600221963936299
-0.43453494777000495
-1.0687943113029263
0.18303732571531353
-1.0579422976840984
-0.88803239310142701
0.35569841595181712
-0.73302303513179856
-0.8144039040433384
-0.77253619175964539
-0.039673384282117426
-0.42374760441431997
30
-0.99638894901215658
-1.0148073781173959
-1.0205332045564648
-0.89054207083858516
-0.62186248726255944
-1.1761442894661143
-1.1311651726010825
-1.2719578593782546
0.39196116804041525
-0.46183286621201819
-0.29769300832700407
1.3731650303566294
-0.38657739555902576
-0.48614678177508636
0.59765108037598946
-0.88169770548170623
-1.1362064810379986
-1.9248007421732702
1.39981117709734
-1.2413957903168651
-0.99008484398847996
-1.1291115366558746
-1.0216592076674609
-0.84507911732229879
-1.1160390011817307
-1.1893851379183737
-1.3165083845426275
-1.7857493098539459
-0.33141341984000611
-1.2324294640508759
30
-0.38546058809663231
0.5151764241805904
-0.41084168998989834
-0.42512585498136429
-0.65323556090128565
-0.73783038615404684
-0.73694060437633491
-0.52358333419345793
-0.4599338195719011
-0.0013417573103248724
1.3276238119329724
1.0326821848817553
1.250790722770609
0.3682855842001912
-0.77833655712452865
-0.43722174853681073
-0.37112291157534033
0.97510446244967475
1.5253144967586809
0.97247407777482942
-0.53232715250183005
-0.39059843348884454
-0.55057384220554351
-0.54246179989897614
-1.7354327853250522
-1.0513212398973142
-1.0696919072090432
-1.0416246425721956
-1.173337109411958
-0.85127074754217957
30
-1.4686278858146307
-0.48200151725324142
-1.3855928175453929
-1.1828281734460036
0.74104220011280209
0.69760475000800459
2.833882701895897
-0.12875305920943986
1.0581867352756886
2.5948244624271095
-0.311907423296794
-0.033009885135646941
-0.5357807003005044
-0.60242728374393528
0.87537335583480969
3.4819866894145584
9.5454290154121662
3.558116212725662
2.4828583430637221
2.6461651498146002
-1.2448549618747144
-0.53658358178930421
-1.2506590381003373
-0.99285252699864091
0.71686097230360846
1.1374997350392106
4.6421154029939613
0.94255190058616101
2.0754418735125788
1.779101781235658
30
-0.35071584719148369
-0.88038388111038457
-0.32440228737412902
-0.39799132275141208
-1.3324990854978922
-0.16987165715593952
0.28130395840982236
-0.38613745421887585
-1.4137649595480841
-0.52087018786608119
-0.45851896055662705
0.34209833445531607
-0.28047726774286308
-0.45080398419290724
-0.16475636242065209
0.8111059390794485
1.6509338935624107
1.0031627370533116
-0.21197682633117002
-0.017475120372472508
-0.50125762593033796
-1.0449553923414918
-0.45897391003239302
-0.51400304516465667
-1.4925509661784728
-0.15538944258827056
0.27499624369398196
-0.20021654927246649
-1.4587349702838062
-0.71325571016420697
30
-0.37677440287034492
-0.45022869068794713
-0.36762198868201368
-0.42247138987191235
-1.167608047303657
-0.30046975361908262
-0.19500850191313759
-0.20505381387213559
-0.89680304398847288
-0.79391780051612348
-0.16367138146898513
0.10356797943337022
-0.10309111655021612
-0.25439515488125514
-0.4959634301628098
0.5328053399056718
0.46181963256851849
0.35947290791105307
-0.22243543630294876
0.15107520202892688
-0.53439845427326282
-0.80966168272781058
-0.50061024283837074
-0.52213411794589082
-1.6695206187908507
-0.47419268218879684
-0.41176846280883728
-0.49237863317902414
-1.4761759506704191
-0.75315068190627732
30
0.47157635423035954
-1.9606599843303685
0.46110529367790964
0.28214162640369045
0.5732327364638018
0.48025901282846656
0.37757988124105885
0.35100100092997599
-0.13228190125947148
-0.042667882468167495
-0.97957880073492543
-1.5851884614840979
-0.94581348592338277
-0.70494837596705051
-0.29232257507159332
-0.41997171139794015
0.036734138322032553
-0.16373138910970586
-1.0289104719045248
-0.67168661432938614
0.14291722498526438
-1.987847703129165
0.14713213467176545
-0.056718582446119506
0.98321835761305376
0.26252688338311259
0.589108999266997
0.47796118017978861
-0.57400160158107749
-0.14502192345958737
30
-1.1411587027836079
0.070356852266479308
-1.1363452197115727
-1.002324546003279
0.28139019098727869
-0.56566968380920268
-1.0675090525712188
-0.98034264635233515
-0.10679786316850454
0.063599296509146197
-0.65021049957779364
1.6905642930874438
-0.66674804557358014
-0.62589921801606951
1.9919099202093247
-0.188821213737076
-0.98944826325596102
-0.75592603192058405
0.59449820927040598
-0.66169171650504444
-1.1744307016459992
-0.49708171813153273
-1.1798772723301756
-0.9529042128995342
-0.26279246180062454
-0.860544330972009
-1.268677578580373
-1.4377739783280989
-1.0417369846766058
-0.92081738747092334
30
-0.31886650136176459
1.4243680766643776
-0.38608477370674099
-0.3873734623136047
-0.93048597910398212
-1.0291499356367955
-0.97839048452940969
-0.81154029185883714
-0.55822939506563019
-1.2381736459629507
-0.57710779401887424
0.040088126887207427
-0.66177460208219741
-0.50746037726357607
-0.28567850149602347
-0.95046785354200325
-0.93646200685981107
-0.87905234282830846
-0.98242776091884321
-1.0087872591321849
-0.41012034798729463
1.0486433815203904
-0.49049856201406178
-0.45584819853365599
-0.47497546365730153
-0.92809274015469478
-1.104149124638568
-0.86264808316732444
-0.97197306313015419
-1.1639610666016478
30
1.6528975450054015
0.69603712924456929
1.6024410952065129
1.7945968576558002
0.13619852461270823
-0.038320289915693036
0.74241495723311324
1.2099070987939518
-0.86767842902736825
-1.317874030195936
1.4376839964133457
-0.37349273061052102
1.6635865325553665
1.9533156284391417
-0.13950888283348672
-0.37799662102668879
0.056072188101649434
0.58558959148153877
-0.81857620469431558
-0.78935382053413661
2.2784293513324849
0.87689614822573214
2.3568317971604302
2.6719633854649976
0.85229693093553016
0.37047807936665716
1.2401790744547012
1.9372125704494689
-0.23945188689241106
-0.45016454516244769
30
-1.2584222033384831
2.1746955963216967
-1.2643258886329787
-1.063672184088388
-1.2113844291251357
-1.1143723431098247
-0.93595307117616744
-0.99941783501800918
-0.72569593109198272
-0.49577932616310372
-0.91825375329383185
0.91534063926612097
-0.89055300268579807
-0.77482459408754201
-0.10828173702830826
-0.73622239227723207
-0.62638516866628247
-0.91734363522856588
-0.56524542982235049
-0.66623485187974518
-1.1702880981031336
1.9142494373254677
-1.1754162366723921
-0.94830838915361926
-0.96254491473221959
-0.91799204345448016
-0.97431585233505502
-1.0271256704252851
-0.94818990805750014
-0.66796952602456017
30
-0.70684944146925399
-0.54554717038382816
-0.75995617045747077
-0.67995450548873992
-1.5200079209665585
-1.3042638819087891
-1.0259457232542075
-0.96832266445341753
-0.54366708758507731
-0.82196052830180399
-0.20631462637835488
-1.0363762817440891
-0.34789505729271636
-0.37688088085308208
-0.10994275542220065
-1.0644905990299369
-0.92703910260356137
-0.88565428979386995
0.18080208149783947
-0.48450943689171377
-0.62967833575917198
-1.0363680306767593
-0.7120633330172994
-0.60786390705238114
-1.4781044639244012
-1.2092708845469216
-1.1715405885615058
-1.1212910379170467
-0.29811700273829062
-0.87607032457103329
30
-0.68079088579039282
0.21455660360127352
-0.65925007032259442
-0.68349379230134233
0.90885166376180238
0.17902544726384442
-0.26430183058246165
-0.29520367811401932
0.62859866459939218
0.24366312755403907
0.39637656834073703
0.92688243063815057
0.59208576257859935
-0.044766500519780254
0.83683772909650456
-0.083595987189966275
0.32891449044678844
-0.023440016091521253
1.5532041233500897
0.60266285827418542
-0.62139312867344054
0.074836568739679102
-0.55444007310895604
-0.60538923272765777
0.15705900995833263
-0.42368919868772331
-0.38559239984441929
-0.55271306566132838
0.39476558171169629
-0.24961144397258178
30
-0.54181192216979945
0.063024661520642025
-0.55686553518546922
-0.56197827840199188
-0.042555034491661523
-0.45451831119896546
-0.60076084510846739
-0.19878251896835225
0.57763058841745829
-0.40574741064065728
-0.20631462637835488
0.22090952504900507
-0.30202885620552117
-0.34423600675045868
0.19933886952057622
-0.44354676215439648
-0.64361361301539555
-0.04324585698820619
-0.64775224182193547
-0.18011936678676088
-0.3894073302729667
0.44409312032319381
-0.45808170290083633
-0.43834871580882606
0.47759077872054689
-0.32899516712321064
-0.66115495359710985
-0.10199770569662264
-0.39800625404343787
-0.14879577213789133
30
0.63661387352981402
-0.88038388111038457
0.54083095628468725
0.49626847856613782
-0.15856244631857891
-0.71666777490235511
-0.43113787054132829
-0.079627915796471355
-0.39804401277955309
-0.93117957336182067
-0.8021016766835487
-1.4245651982233523
-0.94415567142625534
-0.52148957935726548
0.15947442806715723
-0.7747474752207093
-0.2677522454806614
0.43704578475640216
-0.83252101799001987
-0.52948647710125141
0.20712757989968106
-1.3764275526001819
0.066833492831665856
0.073908869408924729
0.13900088214074255
-0.75890607042609859
-0.38987575560223309
0.3298534001844684
-0.98148632515921563
-0.65772622246916335
30
-0.47521783543493173
-1.5818301291287902
-0.54469688141917194
-0.51390296586414208
-1.6579035237042157
-1.2255237157200618
-1.0402984364868115
-0.97171961585963329
-0.75482054605308735
-0.40574741064065728
-0.31109517101280609
0.5286906283031283
-0.4125498226806904
-0.41546118661072801
1.1547566496875223
-0.88974772281317915
-0.91061934033614134
-0.62174145984554408
0.93963233833909221
0.49362760928136612
-0.64832005170206719
-1.6168736792127036
-0.723067220973165
-0.6228887154524877
-1.7124086723576255
-1.2092077551925451
-1.2368379674472902
-1.3679294673408322
-1.013197198589421
-0.76662871290021994
30
-0.34782045211605472
-0.82661448230757983
-0.33866898489323671
-0.41096870773095429
-0.70576721908705964
-0.1834081021908055
-0.51119890110625132
-0.46505124842481455
-0.15412536248029973
-0.078090275460606068
-0.77123608989200498
-0.84632145048466789
-0.6440912474461703
-0.63021589558335855
-0.52818718700432354
-0.5677470295542637
-0.60528911436124577
-0.67307159750278567
0.050650490737930966
-0.83932830965584526
-0.38112212318723526
-0.67913378542387015
-0.30878570955368845
-0.42880354341346427
-0.050609459943946881
-0.0095606339789206466
-0.32181799189474658
-0.20801169558800967
0.99885772055710742
-0.17898656156432227
30
-0.44047309452978367
-0.22048671398505515
-0.50273600636297322
-0.47939491944126827
-0.91297542637539042
-1.1925405468322898
-1.1076029072765956
-1.1955525831338292
-0.44901208896148698
-0.63894483117420808
-0.53730743210346266
0.26707669053712363
-0.6264078928101432
-0.47346654142117478
-0.17638349117789945
-1.006012973129166
-1.0708087126923853
-1.4421984189907153
0.59333614149576408
-0.78117617685967522
-0.58410969678765012
-0.46273227147260126
-0.65406986946611634
-0.56968321747093387
-1.2875912154488314
-1.199927740099223
-1.2899563381283572
-1.6489912628940564
-0.65644987249961106
-1.0884840930355686
30
-0.85161919524070528
0.5151764241805904
-0.87534857686201706
-0.79999531654950606
0.39083114554097487
-0.85660792498110994
-1.0177242661598029
-0.99079480452530733
-0.74753939231281086
-0.21240018222360021
-0.47801301537233903
0.8980279522080763
-0.4899144992133091
-0.56681469381380067
-0.0019765598191904938
-0.92355779560536533
-0.89107033001347413
-0.9082659581509186
0.73627047777673482
-0.76073206767352153
-0.82023809873098996
0.54027157096820277
-0.84143336709301519
-0.75722817879461701
-0.18604541857586862
-0.9186233369982435
-1.1460308253816367
-1.1144313091593685
0.090341196781724226
-0.71541219512323773
30
-0.11618884608173301
-0.40623554621292524
-0.16998626716731771
-0.2372487133457179
0.22302168189197452
-0.47930335140364949
-0.55502978176363005
-0.44623736371346484
-0.32159189850665326
-0.29505243253928953
-0.65427176099773365
-0.5096858688004704
-0.71316685149315118
-0.52229895640113222
-1.2188386351848106
-0.99577795109343636
-0.53918814420546479
-0.40090633384750751
-0.90108301669390034
-1.004244123757484
-0.28169963815846061
-0.38544601649000459
-0.35012463998248045
-0.35332597650939951
-0.56075157079085181
-0.76837547358254987
-0.48744108119688179
-0.37061844773023994
-0.6358378047699772
-0.80328895720374383
30
-0.14224740176059419
1.3168292790587688
-0.16998626716731771
-0.23282460482996484
-0.2818659217824106
-0.49741549616861108
-0.46166747238649664
-0.46583516028778749
-0.21601516927264774
-0.23306324480252255
-0.70341302417900731
-0.39657631335458032
-0.60927714300649194
-0.54415213658553307
-0.93879093397454105
-0.79142251112161743
-0.50473125550723841
-0.78926586409667032
-0.85692444125750278
-1.0310486224682185
0.11806160372807054
1.6944129787083051
0.16795030107475431
-0.06661727974501308
0.66720112080523764
0.20255399672558774
0.49011588841974391
0.28620058081742672
0.87359977050779603
-0.29651499183150182
30
1.8758429658134363
0.69359306566262413
1.7996572079706461
1.8830790279708611
-0.40443979088255022
0.57367954898458384
0.94636789902033813
1.2263692479163828
-0.20145286179209593
-1.8654451885373726
1.8515265351052286
0.5171488369310987
2.3068185574408524
1.9344301640822521
0.4019831135754568
0.6098555057926266
0.79373088696776006
2.6387950977712054
1.2963871451541982
-0.62216643874514765
1.4333382285879006
0.35478455900997163
1.509235022181602
1.3603859933615781
-0.65555674183319723
0.22528056430107077
0.52105123555951049
1.2075868753146288
-0.015890229209463397
-1.3936267147384294
30
0.5584382064932305
-0.92682108916735206
0.58698791884650559
0.41781428755345068
-0.11186763904233615
0.61753000473133268
0.39404813119903348
0.56788328301914548
-0.13956305499974792
-0.46035693317066617
-0.27251318752337633
-0.89171916321465106
-0.12464270501287422
-0.18155122093325224
-0.35710229243339975
0.39940505269840676
0.16999088134884668
0.48325941351533369
-0.6895866817090488
-0.27870540441776787
0.50539503498600513
-0.6516542280967248
0.49806693975071881
0.32455802601305522
0.50467797044693075
1.2088359054844768
1.0421928527601945
1.3026876603642552
0.15851957465666611
0.36336940563192788
30
-0.76475734297783426
-0.27914423995175075
-0.76457186671365263
-0.7327488671100596
-0.57735649907738973
-0.52944539427927984
-0.70755111214364164
-0.87947931998315532
-1.4902170738209841
-0.066282811129793895
-0.31028291872881819
-0.29270019100631356
-0.20974384919875461
-0.4605165087193076
-0.087020701586484769
0.058429318586733878
-0.35530087084656298
-0.63626574316977957
-0.19338374193689772
-0.14695447855144506
-0.75395644204514012
-0.71520070441574846
-0.7394243517183704
-0.70101771913304178
-0.80905082828270836
-0.4887124336953555
-0.73302014464487542
-0.92688008880740014
-1.1273563429381603
-0.43776475664802011
30
-1.048506060369879
0.13634656897901215
-1.0528430783497376
-0.92563999839689282
0.77022645466045414
-0.85794250406905448
-0.51917966839357743
-0.46975471960265197
-0.3033890141559627
0.22447599801646775
-0.13118129010946533
2.694700142454022
-0.18653444623896914
-0.45269253062859621
3.0317074347860076
-0.66952224867359955
-0.48047079305644641
-0.054799264177939143
1.6450074775468106
-0.079261761468403358
-1.0025126546170764
0.63301507694731796
-1.0073838935625541
-0.85480105216942659
0.86584052679872203
-0.97038940758684389
-0.75443692343394464
-0.7355871982239709
-0.057114364668730197
-0.37846142027467322
30
-1.0398198751435921
0.21700066718321956
-0.97227819824183603
-0.93596291826698319
1.1496217637799335
0.48788517904529266
-0.31079296700228254
-0.47027732751130064
0.370117706819587
2.2051781395102914
-0.28672760249316626
1.2481289571596419
-0.44957434644987226
-0.5419937978018885
1.6497401310674769
0.68805567415550606
0.47799327420237991
0.62355078653351825
0.26330889349742459
1.3890795916348919
-1.0687943113029263
-0.51940885845983809
-1.0389085455442229
-0.90500158847095913
-0.10478384339671583
-0.32457611231686667
-0.70018108383496924
-0.82912895401048892
-0.84988620042386342
0.3105355241356732
30
-1.5722830295149899
-1.1858918288535927
-1.5689618415409807
-1.2515493257240342
-0.36941868542536688
-1.1811012975070512
-1.1311651726010825
-1.2719578593782546
-0.35799766720803433
0.64364098176031637
-0.74646239523037106
-0.8153509769697217
-0.78445287486963544
-0.77266625530389754
0.75013256893531766
-1.0060704732529624
-1.1362064810379986
-1.9248007421732702
0.75602562994564959
-0.15240624100108593
-1.4619273875208725
-1.500085560572336
-1.4630043354108226
-1.1086319329053445
-0.72778925310355558
-1.1725927296542669
-1.3165083845426275
-1.7857493098539459
-0.51850757307821815
-0.32454929629890278
30
0.79296520760298117
0.038584025701185902
0.69608619399262239
0.67441258146712768
-1.6046422591547496
-0.61924350148240437
-0.47876911657362425
-0.54788460194561794
0.086152710948814909
-1.5053175264475869
0.30337368182411156
1.6328553362272962
0.34507140250659574
0.17835177123947274
-1.153062306786669
0.063604329728395206
-0.061714115101471269
-0.092760459229918393
-0.62799708965302081
-1.0065156914448343
0.3935447393286331
0.39428642266774311
0.37910598887649732
0.25738829434199062
-2.0126250473250522
-0.53858462365266546
-0.42081110274199973
-0.4705522234955033
-0.62156791172638559
-1.335940742084355
30
1.2012159132384739
0.16567533196236039
1.1660479946220468
1.1457276086786858
-0.13229661722569191
0.081791827999314573
0.2965054199094912
0.66169140262156934
-0.095876132558090424
-0.80572526484693674
0.17260106410204445
-0.84247418669399132
0.17984255762621754
0.37530018524703584
-0.8637129025706014
-0.6718222536254489
-0.34369804097879286
-0.2099450178686374
-0.80346932362396883
-0.70666875671458229
1.3587713648163198
0.32387005701693322
1.357559809816969
1.2720047674785981
0.5362796941277127
0.0081155852464548772
0.48440474740932554
1.2262952264719325
0.22828349620311811
-0.044206251624896151
30
-0.61130140398009614
1.3657105506976821
-0.59588914898773426
-0.62008157024221533
0.47838390918393114
-0.23888846141821371
-0.44190557243692707
-0.15514475859619412
-0.0012211339345000573
0.82960854497061742
-0.5762955417348864
-0.013773566182264215
-0.54683279694802134
-0.55602299989557791
0.4670950346160414
-0.30209645761565868
-0.31556996857207753
0.82325968224175772
0.039029812991510628
-0.027470018196814189
-0.69181738890215583
0.78758758691251007
-0.68618932620215611
-0.65841796825744558
-0.055123991898345027
-0.46787974675116267
-0.55073956072901964
0.088203864402630575
-0.50740876737764573
-0.10728343667654774
30
-0.88057314599499548
-1.0612445861743633
-0.85268970433167013
-0.81887151288338589
0.50027210009467094
-0.26195761422411207
-0.44747944165347237
-0.39894134798076647
-0.16140651622057614
0.91373672832765773
-0.99135645885275137
-0.74763913425381456
-0.8286612614597032
-0.78777462678940913
0.16678290900028389
-0.38719664083408639
-0.16649118481648603
-0.25780913336895922
0.33419502775058901
-0.37138536606166406
-0.91137537667403323
-1.008888473349614
-0.8265632482337375
-0.78904542011248968
0.42793092722217613
-0.22293785177095626
-0.22234895262995846
-0.10979285201216581
0.60564289002256144
0.33964807108258915
30
0.47736714438121747
0.23166504867489324
0.4527131186666698
0.32372824645176884
0.44190359099936577
0.29913756517885204
0.3218411890756061
0.4165882934653754
0.4174452061313822
0.022273171351301531
-0.23108832103998869
-0.55835375575252866
-0.33739556547757515
-0.21068879451245351
-0.71355683976272255
-0.10142102556679895
-0.29798992331788043
-0.49927534363437565
-0.33515601044322657
-0.27416226904306706
0.6710991767006288
0.7755652805818839
0.54565132010040773
0.35637526733092795
1.0328782091114257
1.210098492572004
0.57578300357602075
0.52005497028372183
1.7028391107076659
1.1806772051046066
30
-0.1914691180428876
0.55672550507366625
-0.23628444975611151
-0.26113889933078444
-1.0815144963880827
-0.8465032547438156
-0.73719396206799603
-0.74124952814560019
-0.13228190125947148
-1.0344948862564314
-0.67295356352945768
-0.73994460667246142
-0.7087460128341444
-0.52526667222864343
-1.2072115064275633
-0.83282260025490662
-0.64748122297131894
-0.78910081542253119
-0.79068657810290643
-1.1123707456753629
-0.080783366329478828
0.76869539125009778
-0.15027024251378832
-0.17408885041871658
-1.0347774260025779
-0.32836387357944713
-0.32419763398242091
-0.052108769277146486
0.11888098286890941
-0.70301240660881081
30
-0.52154415664179621
-0.068954771904423673
-0.5845597127225608
-0.55195029909961846
-0.97134393547069564
-1.1952097050081789
-1.032913059774889
-1.0489349343624641
-1.0242232344433067
-0.5061108574525649
-0.894292310916186
0.61717769548868884
-0.91486761531033534
-0.72194529388825102
0.3212576196322835
-0.98163292063956231
-0.88994520711720548
-0.84835328943844679
-0.14109069207800559
-0.68713327460336882
-0.61517922335914232
0.46126784365265988
-0.68470231431622841
-0.60468218292059395
-0.45691733583971211
-1.0466496676734649
-1.1442698902367576
-1.1647879543577773
-0.57875823259560777
-0.67012601098359093
30
1.8468890150591466
0.52739674209031895
1.7073432828470096
1.9302695188055603
-0.94070046819566044
-0.40475757663417661
0.014264951398971437
0.3016145535626833
-1.2863447690932506
-1.6396274332105809
1.1501466878815958
-0.32732556512240246
1.2651584484123808
1.1736157428475558
0.34716950657700596
0.33500491404662353
0.36055857190434315
0.83316260269009979
-0.836007221313946
0.090197188007936108
1.6363258021883156
0.067966679407892916
1.6103518304246898
1.5265426980215799
-0.42983014411332765
-0.15917720385085102
0.18647355803249613
0.46704797533802811
-1.0797900327928525
-0.71325571016420697
30
-0.6663139104132475
-0.49910996232686028
-0.69449720536980086
-0.64780598360760122
-0.40662860997362327
-0.80818176950426557
-0.76975042544645367
-0.84394198219505046
0.097074441559229022
-0.39689181239254817
-0.24530273600977859
-0.13688600748391369
-0.34789505729271636
-0.40305073860477203
-0.48201087565411299
-0.33717153313136189
-0.40522819936848281
-1.0338679991707287
-0.67796600396262852
-0.30142108129127188
-0.59446620564481434
-0.22056867252713327
-0.64098416486995202
-0.57339522895801909
-0.35759763284296986
-0.52848392695245083
-0.626888107534599
-0.95073323653296216
-0.22201090650579827
-0.17736919784504904
30
-0.77633892327955067
0.26343787524018664
-0.5971479752394202
-0.78288876362192761
3.3603290457645931
3.4163330063064308
1.9268621657489839
1.4769597401133872
2.8275070941628058
5.1009587666420959
0.37119674753710907
-0.10610789715850132
0.32628283820581677
-0.34450579909841417
0.72953594085105122
2.8218852682337818
0.85420624264219813
1.1566580040026195
4.535070033081567
2.4867010981626021
-0.29205614701562477
0.12464326639512981
-0.25822730543214423
-0.56331976920735927
3.4978126562123983
3.8507993861343834
1.9526439155044033
2.2287510426507833
5.8966021218523208
4.7712246618909147
30
0.25152632849775364
0.11190593315955603
0.15479090576765961
0.11402550280507447
-0.89254644819203466
-0.97595742627443505
-0.88452145976895413
-0.76528949194343587
-1.1115970793266217
-1.5082693925302899
-0.894292310916186
-0.28115839963428391
-0.86679099489363665
-0.63021589558335855
-1.0896114041399767
-1.0074504762240719
-0.84550285271459524
-0.86320767011096045
-0.15852170869763629
-1.0060613779073642
-0.070426857472314669
0.0078551477547623375
-0.15621829005749949
-0.18434107262114216
-1.2559894917680501
-0.98711868649657453
-0.94766386095310229
-0.88868387186123854
-0.43288821481666345
-1.2750200419917344
30
-0.65473233011153165
-0.088507280559988577
-0.6840069866057511
-0.65930866574855906
-0.56422358453094623
-0.68082479368327331
-0.79305933307927934
-0.90796145100450409
-1.0460666956641358
-0.34080635682118826
-0.73915212467447911
-0.66550005232287046
-0.77947943137825293
-0.61726586288149143
-0.4640718770000743
-0.47344682652843861
-0.41718263014133683
-0.81121733775716265
-0.51643858328738479
-0.36911379837431357
-0.6255357322163061
-0.13469505587980421
-0.66418155029042525
-0.60114693388527485
-0.19507448248466366
-0.43126472121288439
-0.61641768234883187
-0.70799238026694811
-0.60888356235430308
-0.24637671653403531
30
-0.79950208388298294
-0.16916137876419599
-0.79939939301029739
-0.76784679466836725
0.61700911828527938
-0.37596879916565895
-0.58619277783795132
-0.59413540186101899
0.38832059117027756
-0.11351266845304465
-0.65467788713972774
-0.38695815387788873
-0.75350700425658801
-0.58839808165024587
0.55247138006211427
-0.52289693299320061
-0.39819618126680389
-0.097711919454089691
0.43413285636980448
-1.1437183797607982
-0.79745377924522887
-0.47131963313733366
-0.84470479324205627
-0.72081511373082929
0.72137550425800534
-0.62444054560449036
-0.5436006344659966
-0.45402651330655192
0.22352686518858694
-0.89871341664085713
30
-0.72132641684639931
-0.80217384648812318
-0.68610503035856152
-0.71770689815649935
0.90155560012488911
0.23050206922741925
-0.23212540374149576
-0.096873976781875024
0.23905693949461457
0.047364033054278942
-0.64411860744788374
-0.91807292018078546
-0.65624855375843894
-0.65045032168002603
-0.3421531268883673
-0.31359648237490578
-0.21114449976214669
0.22743396859982043
-0.24683885957043142
-0.79616852359618784
-0.76224164913087122
-1.0483903370073848
-0.76202693238447228
-0.72594122483204215
0.41438733135898292
-0.24818959352149303
-0.22092116737735387
-0.063021974118906796
-0.20932655713371578
-0.5515193382368957
30
-0.7184310217709704
-0.2742561127878595
-0.64750102530685871
-0.71593725475019809
1.5363131365363261
0.831062658802457
0.16095905487077652
0.18193734248215362
0.49753789727442077
1.4273614267180079
0.023958896132241628
1.0172931297190493
0.09529401827271293
-0.32777867352516904
2.5500121005571934
0.3769800044178751
0.60808560908343856
1.113745348726469
-0.29448363833075519
0.6735357701195176
-0.61310792158770955
-0.064278690228994365
-0.57734005615224349
-0.63331770010667932
2.0621914947140296
0.19876623546300731
0.19979955372347238
0.42183612670787796
-0.4106906034155195
0.44208110663655281
30
0.598973737549237
-0.78995352857839474
0.60796835637460489
0.40395208087075762
0.17194923643358259
0.74526828886316632
-0.28862416898193199
0.13829958210999532
0.61767693398897805
0.41929915947487684
-0.93287429440561576
-1.3891703713491281
-0.83197689045395828
-0.67688997177967158
-0.7986009815300168
-0.42457172130163895
-0.45023311521922738
0.049181400529656562
-0.14690103095121596
-0.017475120372472508
0.13463201789953261
-1.1394163706535538
0.16497627730289852
-0.04399168591897034
-0.39822842043254625
-0.0082980468913939481
-0.31039570987390958
0.16459629829495337
0.37098242663904224
0.27495352231166431
30
-0.18278293281660021
-1.2812103085494733
-0.18844905219204561
-0.31039397413950187
0.77752251829736752
0.20571702902273523
-0.39820137062537886
0.10406876409351197
-0.15048478561016201
0.51818667324543344
-0.99663609869867331
-1.2270082025721116
-0.9684702840507925
-0.73273698780647367
-0.81853320225672643
-0.6315721669680846
-0.66717087365601979
-0.47385784781696344
-0.42114902576673768
-0.43044612593277426
-0.3086265611870872
-1.2802491019551736
-0.37510643966606705
-0.39981450132384677
0.31506762836224134
-0.04049401762332825
-0.43699266893818545
0.29555475639607881
0.4883126583308014
0.47227189606298375
30
-1.8560317469070344
1.5001340477046938
-1.8240839618826685
-1.4190755681872165
-0.71233367636028189
0.28960485740781994
0.040867509023392125
-0.91553926567990873
0.78878404688546833
2.1594242152283916
-0.74971140436632311
0.51522520503576064
-0.77892682654587697
-0.76268393842954152
2.8423513378822669
2.2463090290334713
2.1168050927986344
0.3264631730832448
0.051812558512572958
1.7339035665746818
-1.582891410972548
1.0503608538533371
-1.5780990553816319
-1.171559365734026
1.2315176151049103
0.31618683460300318
0.29831673615319071
-1.0062346782996294
-0.20456992611918462
1.1914596298997611
30
-0.17988753774117125
0.37097667284579622
-0.14313130713135055
-0.27234664090402538
0.37623901826714828
0.39637118444338215
0.21543095857792369
0.14927434819161603
-0.36527882094831071
0.19348140414808424
-0.77651572973792693
-1.192190465266489
-0.72366634330829238
-0.57949493416771225
-0.51390242881684822
-0.17904619269171607
-0.064175321437058883
0.15811352546142329
-0.79417278142683267
-0.24872071094474263
-0.16363543718679108
0.042204594413693841
-0.0075171014647225894
-0.25805101500754735
1.2947210624664742
1.0491186389123319
1.077411555657775
1.7345387662453466
-0.17761568370351041
1.2184156918876463
30
0.84218692388527516
0.23410911225683928
0.75063533156568052
0.74549325828689306
-0.63645461453638497
-0.60380051489333209
-0.2507471940785902
0.13647045442972536
0.74873770131394946
-1.571734513308408
0.73752252761569448
-0.68435164489718536
0.69155463240625159
0.76784805152238433
-0.6231974391349725
-0.60224710383200475
-0.45199111974464706
-0.071304131591843109
0.27144336791991858
-0.52403471465161056
0.72081041921501654
-0.12439022188212434
0.66758629474648457
0.57202545848539854
-0.95803038277782204
-0.67999437745567126
-0.39701468186525612
-0.07705323748688446
0.5644187545632946
-1.0679974859247763
30
-0.60840600890466712
2.182027787067534
-0.63113628403494126
-0.61654228342961293
-0.88087274637297319
-0.76661916362256455
-0.61748245275810321
-0.7637216682174901
-0.74753939231281086
-0.27143750387766419
-0.86505122869261819
0.94996601338220987
-0.73969188344719183
-0.70521816831500594
0.13954220734044759
0.022204240595105982
-0.10214821918612468
-0.41196459501482313
-0.36653184035856157
0.25783888333439542
-0.66903306941639518
2.0791267812883394
-0.6686425859482088
-0.64109524798438144
-0.52012078320127542
-0.4464157662632065
-0.45460202038697556
-0.67634408622584286
-0.74841140544720652
-0.13801334734273693
30
0.18493224176288592
1.4952459205408026
0.12122220572270082
0.050318340178230461
-0.99906897729096467
-0.62095938888119029
-0.61114851046657448
-0.48099078963859698
0.071590403468262079
-0.89723311341073408
-0.4105960758013355
0.33440380687396298
-0.37442008924675702
-0.33964953683521398
-0.7105670066537163
-0.79257251359754222
-0.4516395188395631
0.16966693265115623
-0.22127336852830637
-0.50359060546545709
0.039352136413624186
1.1190597471712
-0.0045430776928667973
-0.10603530648882217
-1.1882715124520891
-0.74943666726964731
-0.54978770389394993
-0.078612266749993137
-0.31238689578188322
-0.80544544216277458
30
0.47736714438121747
-0.020073500265510549
0.64153705641956371
0.31576485112341357
2.0324454638464147
2.5107257680583577
2.560256394901856
1.9734372533295583
2.0192990289921471
1.9409861251083582
0.47191603075162031
0.21706226125832853
0.34396619284184393
0.30272604364698869
0.80228854650354131
2.3049591553056303
2.3632773272624781
1.8432604884210291
4.0470015677319084
1.6335002747937941
0.21541278698541208
-0.27552778718142329
0.35233977492979773
0.051106513131115791
1.0238491452026308
1.5674106383420989
1.9540717007570083
1.5427781668829847
2.1023961159282529
1.1052002315385283
30
-0.87478235584413755
-0.11539197996139162
-0.77674052047995046
-0.85514920271256079
1.8354517456497625
2.1103520416749988
1.0084405334773194
0.39176441780456706
1.3676357692374266
2.4531348904573571
-0.78301374800983081
-0.35425641165713828
-0.62751310247489489
-0.70171086779158354
0.16312866853372057
1.1492066670013097
0.47693847148712804
0.2852010045484849
-0.37466631478105594
0.31826258381791567
-0.63796354284490298
1.2100857808173691
-0.46968039561107294
-0.66867019045987119
3.8860624042905747
4.3028055634689908
2.6822421795853608
2.1492405502322431
1.9581116418208189
3.0082982078832239
30
-0.14803819191145212
-0.35735427457401209
-0.23376679725274008
-0.23370942653311563
-1.2376502582180227
-1.2238078283212761
-0.87818751747742541
-0.94846356392477049
-0.90044362085861163
-1.1333824000269879
-0.59375896584062815
-0.08687157820511858
-0.64740687644042538
-0.4796717654241528
-1.054065610510678
-1.1632183115880721
-0.76175151712360012
-1.092295229815949
-0.83252101799001987
-1.1850609116705753
-0.16984934250108935
0.055944373077266803
-0.2570376959234022
-0.26034892688050476
-1.233416831996063
-1.1369246444316337
-0.81202426195566402
-0.97739263693211964
-0.9259922966563563
-1.1790564613148629
30
1.3662534325379283
0.65204398476954739
1.3380875823524616
1.3521860060804951
0.39083114554097487
0.65184775270704898
0.88809562993827362
1.0128839172334294
0.44656982109248683
-0.23011137871981951
1.6850148168876902
1.3847068217286591
0.90541270253570461
1.7239921326769105
0.38537292963653225
0.88413109630066677
0.73466193491365772
1.1021919415367361
0.37486739986306039
0.35460766681552208
1.3132027258447985
0.8854835098904652
1.1226119318403822
1.2667018939256194
0.30152403249904941
0.56807295856460716
0.54532358485378896
0.87707267153559876
0.13949305059854325
-0.073318798571812102
30
-0.50996257634008035
0.71314557431818903
-0.50189678886184952
-0.55165535853190151
0.34705476371949617
-0.061198788566170538
-0.45089977049089786
-0.53455810027507855
-0.98053631200165015
0.69825050429032631
-0.44389841944484321
0.85570805051063425
-0.49709836203419505
-0.4977478527371757
1.4703501445270906
0.35915496604104241
-0.037453652650679278
-0.051498290695158176
-0.21081475855652801
0.73305084352809802
-0.56753928261618769
0.49905223497748447
-0.60053744157271671
-0.58930384961695548
0.58142501367168664
-0.14213227816923865
-0.51314121574376481
-0.50828073166273224
-1.0322237226475444
0.34072631356210414
30
-0.80818826910926977
-0.064066644740532447
-0.83968183306424848
-0.75929351820457791
-1.0982954427529825
-1.1000732814532761
-0.66131333341548204
-0.68925004123506439
-1.1079565024564828
-0.91642024294830549
-0.5340584229675106
-0.51603385405508684
-0.56562136124880014
-0.58947725104206816
0.78667497360095207
-0.93655282358331426
-0.41085381384982589
-0.44513937851677027
0.14245384493465207
-0.72166110345109491
-0.82645200404528818
-0.33220437416866078
-0.8789060666183951
-0.74184984549097854
-0.14992916294068975
-1.040589249653336
-0.62926774962227339
-0.70050903980402657
-0.8229319580081893
-0.97526863268645125
30
-1.2836121404947161
-0.2938086214434244
-1.2903416311678217
-1.077239450203364
-0.97280314819807767
-0.96146771046246571
-0.94380715961766293
-1.1212116081285657
-0.51090189575383393
0.18314987285862308
-0.25423751113364645
0.19397867851426925
-0.32026481567392412
-0.51312601657064294
1.3507568201668332
-0.74369740837074261
-0.77370594789645419
-1.2754992581102842
0.73510841000209282
-0.3432179267385192
-1.070865613074359
-0.19824153219882729
-1.0838163044992417
-0.89474936626853352
0.29249496859025437
-0.82582318606502103
-1.0114858617445286
-1.3959919940767878
0.21877023417405667
-0.30999302282544439
30
1.1143540609756029
0.17300752270819766
0.93945926931857449
0.97466207940290128
-0.90640896910216917
-0.71476123334814856
-0.2072963499587033
0.19029906902053126
1.1237171189381743
-1.8639692554960205
0.59456612563380751
0.0054627527711185141
0.27765361295674246
0.37880748577045831
-0.9600519694163645
-0.98220792187752493
-0.33068880749068708
-0.29692566913991181
3.4322677149462693
-0.83251360659379414
0.88237195738677476
0.3530670866770248
0.64379410457163988
0.6621743088860379
-1.1340971289993202
-0.8592817438844822
-0.24614537350670204
0.061700366929783708
3.1123874346802936
-1.2610028897580343
30
-1.138263307708179
-1.0807970948299288
-1.1438981772216887
-1.0017346648678453
1.2371745274228909
-0.4594753192399022
-0.99384530372073976
-0.93487575829990688
3.3590313172029691
0.99196117951928997
0.45323422821989667
0.44212719301290626
0.25278639549982912
-0.14512925395925097
0.19933886952057622
-0.83454760396879368
-0.86670438729115695
-0.57255695495210968
2.4665893942187336
1.0079105336974956
-1.0977925361029857
-1.4296691949215263
-1.1209916016474359
-0.91525381067338474
-0.21764714225665061
-0.99526237321112254
-1.2133271036210675
-1.3836756628982294
1.0115420699291899
-0.23182044306057772
30
0.1704552663857406
-1.3007628172050387
0.26892448592051987
0.013450769213621696
0.48567997282084441
1.5040718274373415
0.70567809194224651
0.37425705286483879
0.96717231352223587
1.6502273159620964
0.57669657538607177
0.57678142568658497
1.0722993619132102
0.25497279805885359
1.0172243266732264
1.548832527385142
0.71954309599504829
0.6829683092235731
0.68862569901641146
0.77666494312522549
0.028995627556460016
-1.2768141572892804
0.1947165150214539
-0.13643844819256709
-0.050609459943946881
0.67665544809191513
0.21550519150212327
-0.058344886329580979
-0.14590481027330504
0.40865558977157468
30
-0.38835598317206127
-0.11294791637944558
-0.41713582124832776
-0.4569794362947861
0.023109538240555953
-0.48025662218075288
-0.79065243500849847
-0.80657551672667538
-0.22329632301292415
-0.15483879361088829
-0.74280725995242514
0.14204061734013568
-0.72919239163205085
-0.61348877001011348
-0.43384134223123144
-0.52002192680338899
-0.59860869716465104
-0.27480914680528024
-0.17595272531726702
-0.72756717943820592
-0.53232715250183005
0.0370521774148539
-0.58685693222218149
-0.54210827499544412
-0.11381290730551086
-0.45714775650718453
-0.71921822053636408
-0.48988418635805042
-0.27750493500865769
-0.65341325255110183
30
1.0130152333355875
0.98443663191415764
1.1408714695883277
0.97023797088714825
-0.25924812450797974
1.824370808544028
1.5746949743399874
1.3463077629512368
-0.45265266583162467
1.5956177934320885
2.1309413207970986
0.48829435850102482
1.6282198232833123
1.7509713674724672
-0.049149482205736429
2.5729097321960857
1.1811950843702641
1.8894741171799603
-0.45020072013278872
3.4371250185500073
1.0874308327586228
0.53168420930346971
1.0720535277188374
0.97327622399412661
-0.52463531515567297
1.4026430234198464
1.1416618920249826
1.3260730993108847
-0.97990078148770554
2.043271188716933
30
-0.014850018441716701
1.9180689202174017
-0.018087899463879009
-0.15083112700467508
0.20769994825445692
0.15042732395074759
-0.56592416250505939
-0.14730563996646506
-1.031504388183583
-0.17254999010710759
-0.1612346246170212
0.54023241967515789
0.018481946572470074
-0.27408999628201147
0.11363032039572515
0.073379350773755125
-0.40804100660915432
0.75889069932753161
0.022760864146521915
0.71306104787941427
-0.21127537792974529
1.2701973124704997
-0.21867278926646561
-0.31761996125267561
-0.37114122870616179
-0.18884800040773175
-0.6854273028913882
-0.15188664211609879
-1.0607635087347291
-0.069544949893508137
30
0.62503229322809817
0.63004741253203644
0.6583214064420434
0.51691431830631873
1.4633525001671963
0.44975434796116326
1.1477872638909514
0.81350900008398819
0.17716713270226758
0.36026183782081395
0.67579135403260693
0.47290530333831859
0.058822099335906874
0.47809106981810656
1.2112312750798662
0.69323068529716714
0.91679120374713974
0.032676533115752589
2.2794964825013651
1.1142199014654939
0.29205095252842606
-0.096910664554979015
0.182820419934032
0.15698722173892571
0.46404718285735497
-0.28227944488471757
0.27499624369398196
-0.15344567137920748
-0.29018928438073927
-0.26794156612434333
30
-0.4259961191526383
0.35631229135412257
-0.40538677623259212
-0.50475980826491917
0.21061837370922204
0.30867027294988436
0.21796453549453507
0.30135324960835891
-0.31067016789623914
1.1543138140679645
-0.25098850199769462
1.1384819391253602
-0.079329108758054864
-0.52661563396842126
1.9919099202093247
0.85768103935439866
0.65730973579519048
1.8630663293177141
0.097133201723612714
0.97974309437435092
-0.61932182690200777
-0.052256383898368244
-0.55176345171428587
-0.63455503726904106
-0.16347275880388168
-0.1976861100204195
-0.26185101128535276
-0.063021974118906796
-1.0988165568509758
0.019410054666512945
30
-1.3015635899623759
-0.60176063276857861
-1.2660043236352265
-1.0943460031309424
-0.84877006637055596
-0.23698191986400718
-0.064275933015984665
-0.67304919606695779
0.78514347001533058
1.2354901313423008
-0.89266780634820997
-0.51603385405508684
-0.78776850386389052
-0.75351099859905224
-0.31889886937387285
0.52935533247789746
0.63164286972406258
-0.52023652525003383
-0.3607215014853512
0.13471991468000383
-1.1537176839316712
-0.46444974380554749
-1.0796526712186438
-0.94176817843827865
-0.40725748434134068
0.53840216200772661
0.7494968759762487
-0.51981754820973625
0.099854458810786542
0.74129339470207845
30
-0.74159418237440256
-2.0975275449193256
-0.75869734420578483
-0.71505243304704746
-0.76413572818236375
-0.85832381237989575
-0.95799519035068725
-1.0392144272616002
0.046106365377295129
-0.27734123604307026
-1.1087269138890166
-1.6369341594686972
-0.96570725988891326
-0.82452034458095724
-0.92683160153851518
-0.69597230561986756
-0.78355077323880451
-1.1545185799663673
-0.033018389036295781
-0.80979792972029019
-0.8243807022738554
-2.2162715234110606
-0.78284509878746111
-0.73990545852155287
-1.0438064899113724
-0.59161328132879276
-0.92034556978660076
-1.0506670122982256
0.74675627678697554
-0.5477454895585917
30
-0.28701715553204549
0.79135560894045032
-0.2010373147089051
-0.36023893008365288
0.27409412735036542
0.831062658802457
-0.028425819645932118
0.061214915584326797
0.10799617216964315
1.5085377439923442
-0.85733483199473226
-0.55566067109905515
-0.75350700425658801
-0.67203370951647134
-0.55243805555515368
0.28210480015408762
-0.2480625947959606
-0.5542365521226762
0.52709827834116763
0.21059027543750725
-0.36662301078720561
0.58149090695892036
-0.24008576042382543
-0.43675785374293247
0.11642822236875559
1.1608575961584571
0.18837727170263541
-0.030282359593625435
1.916887506361552
1.2453717538755316
30
-0.24069083432518104
-1.1101258578132769
-0.29670810983703805
-0.29446718348279061
-1.6703068318869669
-1.0325817104343671
-0.71806545634757935
-0.58002498832750682
-1.5812314955744367
-1.4315208743800076
0.0060893458845056913
-0.11187879284451592
-0.084855157081813209
-0.09845517776293794
-0.80823488821459322
-0.8696226794844969
-0.65873245193400498
-0.13897408798884991
-1.1520896560165812
-1.044678028592321
0.0082826098421316819
-0.58810775177770114
-0.090789767076677561
-0.098611283514651787
-1.4320562379895481
-0.83655517630899912
-0.67400502087055125
-0.22516101748220468
-1.4143397474815189
-1.2097863719810524
30
-1.6012369802692801
-1.5158404124162574
-1.5643461452847989
-1.2689508192193295
0.52216029100540984
-0.54126595191535987
-0.80623393304565916
-0.87738888834856077
-0.51818304949411043
1.236966064383654
-1.1270025902787462
-1.023103221666255
-0.98670624351919545
-0.88344299337445298
0.32657287849273892
-0.45332178319975641
-0.50297325098181866
-0.71664444747549239
-0.54432820987879382
0.086562679708175383
-1.4182229201436403
-1.2579219616268682
-1.3160875610811593
-1.0796428908157272
1.4346715530527929
-0.20715551317687078
-0.48172994018646331
-0.45870360109587771
0.10144000248229663
1.0998090191409511
30
1.108563270824745
1.2655039438379097
0.9814201443747731
1.0245070353470522
-0.5758972863500067
-0.65661171594485124
-0.40922243021263888
-0.032331900063772796
-1.0278638113134453
-1.148141730440503
0.069038897893575313
0.42673813785020004
-0.049488447809758973
0.15676838340302754
-0.48832274555090432
-0.79429751731142917
-0.5659098129918444
-0.51825594116036544
-0.74536593489186698
-0.44680141328169715
0.95279621761549083
1.5312531070783795
0.81926150711111678
0.76646415542795399
-0.037065864080754955
-0.4779804434513773
-0.32657727607009529
-0.014692066962539097
-0.65803541617112116
-0.27063717232313234
30
-0.072757919950297525
-1.0074751873715591
-0.1183743908481938
-0.18917340080786818
-0.093627479950053466
-0.53058931921180352
-0.56377062212593965
-0.3022588848807754
1.0545461584055498
-0.64189669725691112
-0.63477770618202178
-0.56104684040600228
-0.56617396608117587
-0.55548341519966682
-0.88995699319410237
-0.58039705678943554
-0.6239239623306948
-0.20334307090307574
-0.61870054745588443
-0.97289648967204856
-0.27755703461559506
-0.69287356408744305
-0.27309742429142192
-0.3824917810507828
-0.62395501815241583
-0.52974651403997775
-0.62355660861185491
-0.22781136722948919
0.057044779680008768
-0.82916677671211325
30
-0.2580632047777548
2.1404787061744575
-0.2908335873291702
-0.33369427898913456
-0.71014485726920773
-0.68520983925794832
-0.75277546010515672
-0.41618740896617035
-0.70021189300101572
-0.74816387623422476
-0.68676185235725351
0.74221376868567634
-0.72698197230254746
-0.59757102148073504
-0.64479067825557457
-0.67757226600507248
-0.60950832522225318
-0.42005198004763616
-0.39093526362604464
-1.0864748740395682
-0.40390644267299636
1.9571862456491322
-0.44826742445371309
-0.45390381156423043
-1.1340971289993202
-0.74628019955083025
-0.8110724051205942
-0.545073822272096
-0.70718726998793979
-1.0820146381584765
30
1.5718264828933894
-0.098283534887771903
1.5814606576784136
1.667772413537546
1.3539115456135002
1.1342027659212863
1.6519690702966374
1.5030901355458173
-0.10315728629836685
0.38978049864784436
2.8704970253681674
-0.09648973768180974
2.4217603625750286
2.5090878652276074
-0.28501409413846668
0.37525500070398832
0.84611942182526734
0.93549278065630537
-0.20500441968331806
0.47818094900738339
1.9905184051033251
0.079988985738518426
1.8899100649791105
2.0621329268724371
0.77554988771077427
0.98030764264211956
1.5966494591883196
1.3011286311011467
0.077656847409642613
0.7973620036368797
30
-0.22042306879717777
-0.84127886379925387
-0.22327657848869042
-0.38796334344903854
0.82859496375575936
0.93020281962119367
0.34971053515833256
0.55377286948563331
0.44292924422234914
0.90635706312089859
-0.48004364608230904
-0.37541636250585908
-0.72919239163205085
-0.72949947963100692
-0.039847779199938829
0.58915546122598172
0.26316512119609137
0.35782242116966273
0.085512523977192376
0.39458725811288919
-0.16363543718679108
-0.44384007581018831
-0.32395323079015181
-0.47988789197382653
0.96064569784106679
1.4064307846824271
0.99555186784177729
0.87707267153559876
0.96397575978388184
0.9218990100209089
30
0.85666389926241948
0.41496981732081811
0.83875316918369747
0.78766975947040574
1.1277335728691946
0.01696941515629459
0.77915182252397963
1.3238356228793469
-0.33979478285734377
-0.32014329424226595
1.6728310326278701
1.7655859370056366
1.78018615218667
1.2726295345472485
-0.15246482630584793
-0.43319673987107421
0.446700793649909
0.95364813481159971
-0.26891814728863012
-0.00066551948607952249
0.96729533001551971
1.266762367804606
1.0601574326314152
0.84070438516965695
0.56788141780849477
-0.32205093814181296
0.54913101219406801
1.0625971538455259
-0.46935571926139996
-0.45879048499857061
30
1.5891988533459633
-0.28158830353369679
1.6318137077458517
1.6589241965060399
1.1350296365061079
1.1799597632222412
2.0459402808297242
2.0884109932322503
0.7523782781840872
-0.3039080307873987
1.3491484974586545
-0.31386014185503436
1.0706415474160826
1.5397239590232588
-0.94908924801667427
-0.15719614564914691
0.28039356554520445
0.22578348185843009
-0.43509383906244203
-0.18920563753616226
2.1562225468179497
0.10575107073271751
2.0029229683096212
2.3785377155335046
0.51822156631012395
0.80985838582599645
1.9245641388698462
1.7173894443511517
1.1478988256790728
0.41674240836794085
30
0.46578556407950161
-1.3129831351147672
0.42753659363295082
0.32490800872263659
-0.13302622358938396
-0.1923688474955759
-0.22731160759993405
0.2783585016278205
-0.015783441415051877
-0.83376799263261614
-0.37566922758985177
-0.76110455752118245
-0.48770407988380571
-0.32535054239356898
-0.5637329806336222
-0.59534708897645661
-0.54622016230714365
0.16801644590976589
-0.45484899123135669
-0.63806741255660038
0.24441101178547145
-1.1205241749911414
0.20066456256516504
0.06436369701356276
-0.45240280388531456
-0.3877054666932086
-0.50314671897553254
0.35635689765731526
-0.31080135211037313
-0.74344649959063869
30
0.21967698266803401
-0.57731999694912162
0.12919477198337848
0.065360309131790903
-0.52555444725530676
-0.64765097064008093
-0.70729775445198051
-0.52018638278724194
-0.90044362085861163
-0.86328665345964861
-0.41181445422731733
-1.044263172514976
-0.68664181953911052
-0.43380706627170651
-0.38467519777201459
-0.50909690328210422
-0.62251755871035908
-0.55803267162787418
-0.59197298863911751
-0.7116662056267532
-0.0020738990150324858
-0.89897024404103265
-0.15621829005749949
-0.19247214540237634
-0.47497546365730153
-0.63959159065481253
-0.73587571515008454
-0.54304708423005477
-0.62473899906940578
-0.87499208209151835
30
0.57001978679494636
0.085021233758152986
0.51565443125096777
0.49007472664408386
-0.34753049451462803
-0.39026786082220749
0.10636047231779902
0.46257778942645222
-0.081313825077538607
-1.323777762361342
1.3938223730779937
-0.37541636250585908
1.2016088926891584
1.0589539949664402
1.2976042315622742
-0.19974623725836058
0.094396686755799153
1.0609297730019758
-0.59313505641375952
-0.81161518387017051
0.71459651390071788
-0.20854636619650715
0.63189800948421848
0.59500457721497324
0.79812254748276124
-0.32710128649192044
0.02989310866352329
0.58397517007117561
-0.42654604013062219
-1.112205427584908
30
2.1595916832054809
0.75469465521126566
2.1059715958808969
2.4405167009557456
1.0620690001369772
0.21334319523956108
1.9585318772066276
2.3575540661862799
-0.34343535972748146
-0.9813612967677745
3.1344790176642654
0.086255292375325976
2.6626960694908979
3.2024541994734119
1.1248583185974579
0.19585461445973543
0.69141502358833284
2.1254937211987888
-1.0997966061576891
0.2292171304737802
1.8910959200745505
0.10746854306566375
1.7412088763863336
2.0161746894132877
0.39181467158699596
-0.28417332551600794
0.63812962627308889
1.6690595371947838
-1.36201680632168
-0.71972516504129913
30
-1.5934194135656214
0.41008169015692691
-1.5588912315274934
-1.2674761163807451
2.0324454638464147
-0.28750527105047863
-0.75112863510935923
-1.0300165280693847
0.027903481026604594
0.69234677212492024
-0.1868205715626429
1.6463207594946643
-0.19979696221598947
-0.58300223469113455
1.6663503150064014
0.35167994994753199
-0.081403765786172089
-0.39661506831989246
1.5067214123644084
-0.31187029265308369
-1.3991669438464587
0.21738677237424503
-1.3529654558521678
-1.0826478524957484
1.4256424891439978
-0.54616014617782649
-0.8881252159194899
-1.3526509805623677
0.083999022095683856
-0.39786978490595049
30
-0.29570334075833238
-0.87793981752843853
-0.25936293103702124
-0.38796334344903854
0.80670677284501957
0.42496930775647923
-0.55249620484701856
-0.45930256142968001
0.53394366597580178
0.77204715635790544
-0.88941879721225803
-0.89152680002511719
-0.81318832615317949
-0.68336498813060509
-0.93580110086553447
-0.375121614836877
-0.53918814420546479
-0.85363484701089609
-0.44439038125957836
-0.59490762649694284
-0.37697951964436976
-0.90755760570576571
-0.34090516628972817
-0.45231294949833684
-0.050609459943946881
0.13437429399913869
-0.41700367540172079
-0.65030829753192865
0.42013428045586038
-0.14394368098007163
30
-1.3507853062446693
-0.24003922264062005
-1.3423731162375081
-1.0999498739175628
0.32516657280875738
-0.86080231640036409
-0.78786550040022585
-0.904564499598288
-1.1443622711578638
0.99048524647793901
0.42115026300237085
0.068942605317281733
0.22791917804291606
-0.2568232860128552
-0.025895224691241999
-0.95000785255163323
-0.31064755590090232
-0.84125619645046812
-0.13760448875407963
-0.46406532770556008
-0.89066235895970525
-0.12954263888096429
-0.94463199197640224
-0.7897524699195535
0.044195711098397837
-0.95586965608028529
-0.77204627488273481
-0.9981277261314645
-0.73731259974663454
-0.16928237924868361
30
1.9742863983780241
1.4145918223365952
2.1479324709370955
2.0511951515694773
0.98181230013093324
2.2666884491199291
2.8896213940613498
2.5796624273619355
1.1965286563409365
0.87241060316981311
2.2661813260810999
-0.35618004355247634
3.2622723126186912
2.1259827311307036
-0.17106823231744342
1.0117813711283081
1.6221026193455279
2.4060764672351578
-0.0039666946702447388
1.1260320534397159
1.6508249145883451
0.62442771528258489
2.1278319667275536
1.6485087897400919
0.37827107572380403
1.024498190705559
1.8241432427699884
2.1773030769681978
0.015820644220741968
0.76717121421044798
30
-1.2233879229257925
-0.49666589874491507
-1.2122944035632923
-1.0503998585411289
0.90885166376180238
-0.61752761408361867
-0.90871711932259369
-0.76189254053722
0.41380462926124351
-0.0042936233930268922
-0.77367284674396886
0.25168763537441746
-0.7391392786148161
-0.74649639755220765
0.93184798122715351
-0.74829741827444141
-0.8558047592335547
-0.682479371928711
0.17382967484998749
-0.57355489023584927
-1.2220706423889538
-0.43868765881134902
-1.2036694625050199
-0.98065591782678974
0.41438733135898292
-0.83087353441512835
-1.020814058728212
-0.9145637576288419
0.11095326451135806
-0.5768580365055076
30
0.39340068719377597
-1.8115721058316827
0.44851703116105013
0.25176274792885261
2.1345903547631986
0.96833365070532307
1.4429489746761897
1.5945465195593225
0.53030308910566315
1.1528378810266136
0.067820519467593224
-1.0634994914683586
-0.027384254514725079
0.12520267869222626
-0.50526513316860744
-0.13189609117880338
0.37673221353820457
0.25384175646206703
-0.31191465495038589
0.19696086931340465
0.51160894030030302
-1.500085560572336
0.51888510615370764
0.38112201057816225
0.93807303806908104
0.64382818381621743
1.4581542896856721
1.0625971538455259
0.4708716779441886
0.8895517356354472
30
1.7455501874191304
2.1869159142314252
1.652794145273951
1.7975462633329689
0.098988600064451815
-0.024974499036247627
0.69301020735918906
1.2864691574109719
-0.2487803611038911
-1.1141952704894176
1.4673312047789073
2.4080789900486193
1.297762133522556
1.5928730515705056
-0.38035654994789414
-0.073245964906643812
0.25261709404357302
0.84471600987983275
-0.18873547083832934
-0.56174273826162713
1.5265468083023774
2.1426732576073628
1.411092237710369
1.4929578321860475
-0.70973112528596616
-0.40475039237482074
0.21360147783198372
0.75235033048690803
-0.55021844650842344
-0.97742511764548201
30
-0.70395404639382497
0.17545158629014285
-0.69659524912261117
-0.69411165273914976
0.37623901826714828
-0.19408473489436157
-0.5991140201126699
-0.70832522990073843
0.14076136400088651
0.25547059188485122
-0.8021016766835487
-0.64761027569622442
-0.80766227782942102
-0.66528890081758218
-0.55243805555515368
-0.47344682652843861
-0.48926081568354496
-1.0503728665846328
-0.71050390165260568
-0.48314649627930334
-0.61517922335914232
0.52137937530578982
-0.61124392715139664
-0.5935461484593384
1.0238491452026308
0.2530574802266613
-0.0038978089814525507
-0.51981754820973625
0.45501624122908596
0.26956230991408714
30
3.7983852958983095
0.62760334895009118
3.7886026856344621
4.7145084780528137
0.94533198194636781
1.6527820686654455
2.5057844911947091
3.6353304028321096
-0.074032671337262185
-0.76439913968909201
1.7540562610266692
0.51907246882643721
1.6387193150984536
2.3930771556067141
-0.75840433639781923
-0.0076958237789361327
-0.043079267132022363
0.12345330389222473
-0.56408336204770848
-0.44861866743157747
3.4797843787635108
1.215238197816209
3.3679998795913133
4.1178802409105471
0.67171565275963452
0.92854157205351906
1.2249493650935854
2.4049213493820583
-0.09992404379950709
-0.19839492619559956
30
-1.1353679126327498
-0.43312024561432738
-1.1199804784396552
-0.99819537805524272
0.70456188192823666
-0.37539683669939694
-0.90719697317262693
-0.77156078684721907
0.32643078437792955
0.91521266136900881
-0.63965121988594975
0.011233648457133547
-0.67061627940021096
-0.67311287890829363
0.32723728585029599
-0.66147223134212663
-0.83615026863936226
-0.66646965053722407
0.67003261462213881
0.012055259563082602
-1.0667230095314935
-0.50395160746331891
-1.0591319071928407
-0.90288043904976756
0.37375654376940715
-0.70903388046878868
-1.0037282285387101
-0.91659049567088313
0.21559914683103559
0.18707676023115896
30
2.2030226093369172
-0.50155402590880627
2.0598146333190783
2.6381268813260488
-0.18993551995730509
-0.36395758737415806
0.34844374670002676
0.93998011397694958
-0.37620055155872484
-1.8211671972968249
3.2603781216824053
-0.30808924616901973
2.6958523594334483
4.9668961551028143
-0.44712948938237118
-0.82707258787528315
-0.39925098398205577
0.050831887271046899
-0.92664850773602514
-0.877490646803332
2.9888858589339367
0.11433843239745053
2.7345328161860833
3.9888436511213961
0.17963166973031958
-0.59035069424126585
0.045122818024639341
1.0516839490037655
-0.64852215414205971
-1.0545194549308337
30
-0.62867377443267047
0.5445051871639387
-0.64120689404842868
-0.62804496557057077
0.090233323700156493
-0.49989400018907931
-0.70957797367693087
-0.74725951909505917
-0.4817772807927293
-0.13860353015602103
-0.37526310144785757
-0.55489121834091992
-0.47223114457728194
-0.41033513199957233
0.29534573268756076
-0.024945860917806692
-0.49101882020896459
-0.65211041588712748
-0.9092174911163946
0.055215045622740114
-0.54889756667329248
0.064531734741999219
-0.59518419878337658
-0.53627511408716755
0.79812254748276124
-0.10362337199967016
-0.60118797298771609
-0.65592080287911969
-0.76268129849079913
0.049061722853186392
30
2.9384529584958892
0.21944473076516474
3.1214247722409034
3.272249101917319
3.5208424457766809
3.469716169824212
4.2754879674478339
3.9854777016266723
3.0386605526308168
0.86945873708710897
4.4868790705042763
3.6719051452858635
3.8419547817809554
5.2070113447832682
5.4534722530812223
4.1719881749693766
3.357253085934782
1.0823861006400515
2.8895820641884362
2.7897282276551452
2.0091601210462202
-0.30644228917446231
2.1813643946209536
2.097485417225629
1.6829708105446495
1.061113216243837
1.4453042224122308
1.7189484736142602
0.48038493997325005
-0.23775077669791239
30
0.87982705986585219
-0.70929943037418819
1.0149888444197319
0.77026826597511044
1.6165698365423702
2.3429501112881881
1.6925063009624211
2.3889105407051963
4.4402826476339863
1.6605588472515576
2.6065150330720694
-0.45236163831939002
2.4433119510376868
1.9263363936435851
0.37042376409150007
0.71795573852954819
0.17596809673527358
2.0314159769395359
0.28771231676490727
1.6852920180653832
1.2282793532160534
-0.75126762340762687
1.3337676196421251
1.0156992124179569
1.0012764854306437
0.87488162083362842
0.51724380821923144
2.1897753110730673
1.8185837987279159
1.1537211431167216
30
-0.82266524448641509
0.16078720479846917
-0.75911695295634696
-0.75929351820457791
-1.1851186000322487
0.25528710943210331
0.043654443631664736
0.18820863738593677
2.8202259404225307
-0.081042141543309118
0.33464539475764926
1.3346923924498639
0.012403293416335691
-0.14351049987151751
2.9320463311524603
3.2841862635555104
1.7114092492368493
3.8304465250550788
1.5776075466175727
1.2641433688306203
-0.92380318730263011
-0.59154269644359481
-0.87087620243438524
-0.79328771895487271
-1.3327365349928053
-0.45462258233213093
-0.58072305103371658
-0.3336694541945654
0.057044779680008768
-0.7768720164556161
30
-0.40572835362463555
-1.7431383255372042
-0.4586770875539648
-0.46169848537825608
-0.62696973180839866
-0.89168828957850899
-0.83220309644092694
-0.64430576109128479
-0.8640378521572305
-0.019052953806543139
-0.72656221427266521
-1.0877372533496208
-0.73361323029105763
-0.61052105418260227
-0.26009881823007958
-0.74024740094296848
-0.81712865967432102
-0.56628510533482623
-0.40371800914710698
0.30872199953104429
-0.55304017021615803
-1.5206952285676947
-0.5779348609066145
-0.56473386882148713
-0.041580396035153101
-0.60360785866029765
-0.86984956468615093
-0.5036036438734065
-0.22835308119183864
0.54667062714954728
30
1.4183705438956509
-0.09583947130582586
1.3254993198356022
1.4347693650412185
-1.0413861463850602
-0.46576690636878354
0.043274407094172983
0.19839949160458453
0.45749155170290096
-1.8359265277103411
1.1590814630054636
0.25168763537441746
1.304945996343442
1.1123728798616423
-0.8258416831898534
0.10385441638575957
0.28426117550112773
0.32151171285907382
-0.035342524585580175
-0.47633179321725222
1.242778465616083
-0.0076021032417568678
1.2088586212241921
1.1518063002777457
-1.3643382586735873
-0.18884800040773175
0.20979405049170463
0.11314833261236876
-0.12370719887216111
-1.0291807566622218
30
1.5718264828933894
3.2183107458124955
1.5185193450941157
1.6854688476005582
-0.89327605455572567
0.15805349016757345
0.31930761215899472
0.462316485472128
-1.428327267028636
-1.4389005395867658
1.3605200294344861
0.21129136557231351
1.0319592091497736
1.8858675414502502
-0.4567633960669476
0.053829308683035273
-0.19954166989437661
-0.14557603495441154
-0.84646583128572439
-0.67168661432938614
2.3985648540755875
3.3723834479971142
2.1605462282179642
2.8116057223601056
0.38278560767820219
0.96831306531061456
0.58482564350918342
0.74767324269758217
-0.32665678882547583
-0.47550324343105971
30
0.054639463368579458
-0.60664875993246981
-0.063405644524573479
-0.055860264199842774
-2.3459223246651177
-1.486338600335507
-1.0393230093739159
-1.1086428879255668
-1.1370811174175885
-1.3459167579816154
-1.1127881753089566
-0.94519612990505508
-1.1110975912869985
-0.78858400383327587
-1.1367843265265227
-1.2531485052053835
-0.9665238842444881
-1.3293051258796114
-0.60940400525874805
-1.0692109596157051
-0.29205614701562477
-0.88007804837862036
-0.38997655852534474
-0.35668446309295265
-2.1060758587810779
-1.3001771548488537
-1.1325144583236464
-1.2661248564598386
-0.73097042506059384
-1.2561507986002149
30
-0.28701715553204549
-0.91460077125762362
-0.19306474844822744
-0.35787940554191766
3.1633353275679417
1.3687073770886817
1.4923537245501139
1.2368214060893548
0.38103943743000113
2.0723441657886492
-0.054423449272599983
-0.55277522325604778
-0.24566316330318463
-0.14405008456742874
0.082403174590546704
0.20792964045694465
0.78810527248641693
0.36607485487661467
-0.59662125973768576
1.528099534100736
-0.0020738990150324858
-0.57952039011296874
-0.034283315411422176
-0.10462120687469437
2.4323831149746158
0.96957565239814125
1.7180112056597117
1.3104828066797984
0.36146916460997991
3.0190806326783783
30
1.8729475707380079
-0.37446271964763184
1.7241276328694892
1.9892576323489344
-0.85387731091639518
-0.49703418785776965
-0.030326002333390702
0.56161198811536217
-0.030345748895604707
-0.91642024294830549
0.56573116955223368
-0.91807292018078546
0.30031041108415213
0.9194713510734126
-0.56107535120339447
-0.71437234523466275
-0.48222879758186615
0.28685149128987525
-0.78022796813112816
-0.091982540517565492
1.7958160385886415
-0.40605568448536372
1.5241051410408797
1.8906733486594565
-0.38468482456935432
-0.44010283082557233
-0.16666532777837845
1.1140451195281107
-0.26799167297959536
0.24368449040571763
30
-0.6460461448852447
0.54694925074588385
-0.62861863153156927
-0.64751104303988427
-2.2116747537459176
0.03222174758994626
-0.019304942746130781
-0.64848662436047355
-1.7159328397695468
0.47833648112893978
-0.60188148868050806
0.65949759718613088
-0.49709836203419505
-0.53309065031935488
-0.019915558473229195
2.0197585412763059
1.2065103495363079
0.63840516720603191
0.34116743439844099
2.3581303670585703
-0.73117212255937947
0.4131786183301554
-0.71503735678915481
-0.67026105252576496
-1.7042825148397103
0.5276701717637482
0.21502926308458817
-0.42159870463389237
-0.97355860680166428
0.8097617921513065
30
-0.1335612165343068
-0.90482451692984112
-0.18593139968867359
-0.22486120950160954
-0.16148087177334502
-0.73230141564684814
-0.53514120296822987
-0.29703280579428926
-0.37620055155872484
-0.92675177423776667
-0.32490345984060204
-1.0579209589718777
-0.47444156390678532
-0.3455849684902364
-0.14748177112417046
-0.74887241951240369
-0.49980884283606319
-0.10431386641965135
-0.18873547083832934
-0.88157946864056269
-0.3044839576442217
-1.154873621650073
-0.39979083697246798
-0.35880561251414428
-0.20410354639345868
-0.80309661848953795
-0.5869101204616699
-0.34801252341516492
-0.61681128071185443
-1.04589351509471
30
1.5776172730442475
0.95510786893081034
1.5562841326446948
1.5409479694192918
0.33246263644567065
0.5164833023583898
1.2199942060143787
1.3959555142728539
0.6140363571188393
-0.59614277297501128
0.83864793697219997
3.1255936870097942
1.3972310033502082
0.81209399658709713
1.4371297766492412
0.88930610744232785
1.4899006790339657
3.7545241349511209
0.82226349310024605
1.1382985189514081
0.93208319990116251
0.80132736557608297
1.0244691473691492
0.75409078380433681
-0.32599590916218851
-0.094153968843218874
0.50582152619839471
1.0594790953193085
-0.54387627182238218
-0.45717312127929738
30
-0.23779543924975208
0.23899723942073051
-0.18844905219204561
-0.31363832038438716
0.55864060918997516
0.74145520575475332
0.11624142229258387
0.33715189135078816
0.55942770406676778
0.72924509815870986
-0.13727318223937529
-0.74302241770500277
-0.23626888115279529
-0.23389093643663217
-0.61190251405650375
-0.23194630658425219
-0.36795850342958486
-0.34693541740404105
-0.39674560249925461
-0.18965995107363243
0.21955539052827761
0.38226411633711699
0.16497627730289852
0.036788754538073232
0.93355850611468294
0.73284057348685949
0.42729333730514091
0.54032235070413392
1.3001110181440585
0.98120234639425652
30
-0.4781132305103612
-0.88038388111038457
-0.38776320870898917
-0.51449284699957576
2.2878076911383727
1.2447821760652615
0.86782701460538181
0.84172982715101252
0.97081289039237362
1.9557454555218743
-0.28307246721522022
-0.61740925493941368
-0.35231589595172313
-0.3455849684902364
0.19801005480546235
0.45690517649464168
0.15487204243023719
-0.048197317212377494
0.12153662499109538
0.61220344256105674
-0.17606324781538762
-0.34766162516518001
-0.12350402856708831
-0.25592986558635578
2.1118513462124016
1.6955632277260728
1.2320882913566082
0.92852063721818356
1.6901547613355843
2.151095436668474
30
-0.066967129799439598
-0.75573663843115524
-0.13809600212460713
-0.17059214504170517
-0.65761319908343374
-0.94926584451554441
-0.94089354616355969
-0.72635520274911514
-1.4428895745091888
-0.59761870601636335
-0.60878563309440592
0.29208390517652094
-0.61756621549212964
-0.51960103292157656
-0.42387523186787673
-1.0099804816711062
-0.95147536550689527
-0.92757665302518644
-0.60010746306161167
-0.74846560216182956
-0.25063011158696885
-0.033364188235955952
-0.32157401177266742
-0.33936174281988873
-0.76842004069313197
-0.98175269137458543
-1.064980215875448
-0.91955265127078956
-0.88318261752557936
-0.72080340752081495
30
-0.51864876156636719
-0.67997066739084
-0.52959096639894043
-0.53277916219802191
-0.34461206905986297
-0.69436123871813926
-0.70400410446038553
-0.67827527515344377
-0.36527882094831071
-0.55186478173446463
-0.62421842649017789
-0.35810367544781485
-0.61590840099500221
-0.54819902180486657
-0.68432291603021533
-0.42054671263590249
-0.49418322835472023
-0.61018805265581111
-0.78371417145505418
-0.64987956453082241
-0.45776028873024921
-0.44040513114429525
-0.5306478829341118
-0.48660486514093293
-0.66458580574199222
-0.45462258233213093
-0.50600228948074166
-0.43562996800187004
-0.47728343761895131
-0.45339927260099344
30
1.1925297280121865
-0.14716480652668504
1.195420607161386
1.1250817689385051
1.3393194183396737
0.83487574191087011
1.1135839755166963
1.4978640564593311
0.98901577474306412
0.032604702640762699
1.7443092336188135
0.73451924110432332
1.1176129581680296
1.5866678275675274
-1.0015774292636761
0.23610470111709977
-0.14574673141653344
-0.40272186926303705
0.71302912228389415
0.63219323820974049
0.88651456092964098
-0.28239767651321007
0.81926150711111678
0.76823177994561365
-0.19507448248466366
-0.16801531346353896
-0.068148145348660233
0.27996446376499246
0.16169066199968629
-0.24961144397258178
30
1.5457679272145284
-0.11783604354333681
1.5227154325997354
1.520302129679111
0.90885166376180238
0.76433370440523107
1.7267095893366766
1.8480113552538939
0.0097005966759140597
-0.25520224042279588
0.65670342535888893
0.37864734046674303
0.42906733702772426
0.7484230024695836
-0.54014651944034919
0.16250454265791914
0.36020697099925936
0.016171665701848335
-0.39906973804853862
-0.23781718604546087
1.582471956131063
0.79274000391135002
1.3783779762199582
1.508866452844984
0.86132599484432515
0.73347186703062284
1.5086027019443686
1.4258509721498371
0.55014886151970199
0.30137046305979204
30
0.10675657472630236
1.3901511865171381
0.16779877703508128
0.014335590916772173
-0.5890302008964502
0.34870764558822032
0.14702438182941346
-0.25548547705672564
0.18808886331268168
0.078358626922660393
-0.60919175923640012
-0.25422755309954809
-0.13237917266613597
-0.45566024645610742
0.074430286299862966
1.209006795749394
0.21007338452841592
-0.006935148677617283
0.0088160508508175906
1.0796920726177681
-0.020715614957927692
1.0228812965261918
0.17687237239032083
-0.13696873554786509
0.075797434779179829
1.0345988874057737
0.60624242229825265
0.092880952191956384
0.42489091147039065
0.9596374968039485
30
0.76401125684869053
0.55916956865561229
0.76741968158815965
0.64285394072142243
-0.025044481763069861
0.55080105033410609
0.57646566919506081
0.30056933774538597
0.27546270819599566
-0.93265550640317274
0.23270773311715617
-0.56066211402693467
0.084794526457571767
0.14004125782978233
-0.37803112419644469
-0.029545870821505494
0.16295886324716766
0.047530913788266224
0.84666691636772906
-0.48587237750412399
0.76430775641510562
0.55744629429766823
0.77167712676142841
0.60561032432093087
1.0825380606097965
0.80291415684459888
1.2577884259034915
1.0407707441620049
3.0822621049215986
0.098660876910895381
30
0.35865594628862735
-1.2323290369105602
0.44851703116105013
0.15590706342086982
0.79211464557119404
2.0741277521450758
1.4999544552999482
1.2773235190096213
2.5508232520323104
1.0982283584966037
0.14051709888451883
-0.96481717523750543
0.29257394343089016
0.13248707208702643
-0.041508797593831227
1.5971326313739793
1.1302129531330929
1.7920953994379261
1.8727727613766512
0.29963572878164269
0.36247521275714134
-1.1497212046512337
0.52185912992556305
0.16706268148958528
0.30152403249904941
2.1406251760792832
1.6842202880147359
1.9450077167650122
2.7714955453055858
0.80652706471276081
30
-1.2685560861024847
-0.26447985846007704
-1.3041887199363675
-1.0719305199844602
-1.9657974091819461
-1.549445125779741
-1.1311651726010825
-1.2719578593782546
-0.60919747124756307
0.23480752930592891
-0.2042839956683849
7.0671154405579122
-0.34513203313083718
-0.49397075986579775
-1.7277746710734618
-1.0791531305979769
-1.1362064810379986
-1.9248007421732702
2.0203553687561904
-0.92973670361239091
-1.3156934824577164
-0.849163546385582
-1.3473148106856423
-1.0297958794177267
-2.7606829921686993
-1.4458165753950742
-1.3165083845426275
-1.7857493098539459
-1.6014339007197305
-1.019476574346583
30
-0.88057314599499548
-0.53332685247409972
-0.86276031434515765
-0.84069711489443422
1.6749383456376754
0.045567538469391662
-0.61646902199145859
-0.15671258232213986
0.48661616666400564
2.4915091495324977
-0.91906600557781981
-0.34848551597112326
-0.84910764025760954
-0.74730577459607428
1.8955708533635616
-0.11637105775382001
-0.50332485188690268
0.19607472051340283
0.18545035259640782
2.0800904821268813
-0.95901531741698776
-0.86462079738210118
-0.93600732303802148
-0.84012976867285194
1.5294767240951377
-0.33593939610460821
-0.71874229211882923
-0.30248886893239274
-0.22042536283428732
1.7413632944526192
30
1.8439936199837172
0.33431571911661156
1.7996572079706461
1.9096236790653796
-0.35628577087892338
0.50695059458735736
0.79815364939856581
1.380277277013396
1.2584184631332833
-1.2824516372034973
1.7439031074768196
1.0095986021376961
1.2784209643894013
1.6295648108924625
-0.65641780701282193
0.30970485957628041
0.30289602347057676
0.87937623144903154
0.87804274628306411
-0.4613394464807396
1.4312669268164682
0.23627896803665735
1.3218715245547028
1.3409421236673225
-1.0212338301393855
-0.018398743591608584
0.15506228247519441
0.72896489154027855
0.47721385263022986
-1.1127445488246657
30
0.65109084890695945
0.97466037758637525
0.72126271902634131
0.5570262355158131
0.071263558244182776
0.85775424056134786
1.1629887253906204
1.020461731908834
1.2911836549645268
-0.10318113716358349
0.10965151209297506
-0.36387457113382943
0.064900752492041261
0.14840482061640492
-0.42487184290421209
0.78580588460910539
0.9987142146316984
0.80840530156924351
1.3207905684216812
0.15925284570338821
0.63381574481483838
0.90265823321993122
0.64676812834349617
0.49248235519071676
0.41438733135898292
1.3268877981682363
2.0563963105270053
1.7189484736142602
3.0204259017326978
0.62753881311320292
30
-0.10171187070458768
1.0919754295197672
-0.1372567846234827
-0.1815049460472295
-1.168337653667348
-0.69855563013739352
-0.53615463373487449
-0.65946139044209418
-0.17232824683099027
-1.2676923067899821
0.12386592706276475
-0.29654745479699013
-0.01412173853770474
-0.001869517194845356
-0.85142136645579725
0.067054337156169153
0.049040169999970393
-0.26276059359313025
0.62471197141109902
-0.29415206469175065
-0.27134312930129678
0.09716370906798448
-0.28410131224728752
-0.3188572984150374
-1.7444618492338471
-0.70777129338126177
-0.66972166511273745
-0.83380604179981466
-0.40593397240098922
-1.1477874294089163
30
0.40208687242006286
0.16323126838041432
0.44432094365543051
0.27476811221076869
1.4268721819826311
0.9816794415847685
1.2643318020550798
1.1093050763790964
0.39560174491055294
0.67315964258734895
0.98607172651602093
0.23052768452569622
1.0059867820281085
0.72603023758927165
0.11794896821984556
0.21712966026434224
0.61195321903936195
0.78034702696560665
-0.24219058847186345
0.22603693571148961
1.0107926672156089
0.62442771528258489
1.0274431711410044
0.83540151161667819
1.6152528312286885
0.85215505325814533
1.326322118028513
1.520951757199464
0.42489091147039065
0.93807264721364048
30
-0.88636393614585385
-1.0685767769202006
-0.88709762187775276
-0.82241079969598829
-1.2091956100340615
-0.64669769986297754
-0.6819619852858656
-0.73001345810965534
0.6650044333007733
-0.061855012005738813
-0.97470528703099746
-0.3465618840757852
-0.86955401905551599
-0.76403290016931935
-0.53748889001012123
-0.37224660864706538
-0.53039812157836619
-0.77606197016554701
-0.20965269078188603
-0.81479537863246099
-0.87616324655967559
-0.849163546385582
-0.82745545536529419
-0.77649528603710649
-1.0302628940481804
-0.36687277974901578
-0.57739155211097248
-0.73278094555037532
0.4486740665430447
-0.6269963118029741
30
-0.31886650136176459
0.36120041851801377
-0.34831998615616194
-0.38973298685533986
1.2444705910598042
-0.54946408059844765
-0.73390031207640116
-0.5808089001904797
2.6199942125649347
-0.29652836558064055
0.064977636473635331
0.21321499746765199
0.010192874086832547
-0.14081257639196182
0.034233641167665155
-0.80982255073641274
-0.45093631702939524
-0.021789529350130912
1.0349218958597397
-1.0001553019202531
-0.44740377987308505
-0.28583262117910319
-0.49763621906651534
-0.47670616784203912
-0.11832743925990775
-0.92051721762953387
-0.93043525223834
-0.80418448580075064
0.43916080451398326
-1.0863276080765378
30
0.89719943031842597
1.275280198165692
0.93945926931857449
0.81952334078382749
0.77752251829736752
1.4926325781121024
1.0122408988522367
0.80384075377398878
0.38832059117027756
0.29384485095999185
0.75742270857340044
-0.32732556512240246
0.46996009462353711
0.79509707866589663
-0.36341416233019108
1.7627329879071358
0.35880056737892363
-0.064702184626281467
-0.61986261523052644
1.1651030176621429
1.4499086427593635
1.3818330141120272
1.3099754294672805
1.4045766063030678
1.1818577636065395
3.0496878790986051
1.8084376049913373
1.1748472607893476
0.62466941408068433
2.6632606144382924
30
0.96089812197786517
1.529462810688041
0.95204753183543389
0.87438228637916549
0.30327838189801753
0.18855815503487677
0.99957301426917911
0.45186432729915604
-1.8651964914452088
-0.62270956771934083
0.50927963581506797
0.8768680013593555
0.50422159423083956
0.49994425000250747
8.0446609475534689
3.4526616262784788
3.91981453406909
4.5566606912668579
0.13315730273751572
4.0095600757623071
0.36247521275714134
0.39428642266774311
0.38208001264835312
0.23794442464773508
-0.36211216479736741
-0.4861872595203019
0.017518969807616677
-0.072376149697558637
-2.0866102642018718
-0.87984417324933728
30
-0.3622974274932001
0.505400169852808
-0.38524555620561718
-0.40418507467346643
-1.5273039846034717
-0.41085850960763731
-0.35513056304298357
-0.78410337665478558
-0.87495958276764463
-0.25667817346414795
0.38622341479088712
1.1288637796486691
-0.16719327710581441
0.033473280387333854
-0.29996325968349885
1.1095315815819076
0.68332820277140205
0.28850197803126559
0.70721878341068378
1.8156800033192959
-0.3976925373586977
0.21223435537540572
-0.47354662651448542
-0.42526829437814506
-1.7291124405888958
-0.39591228276213303
-0.44175195311353416
-0.91253701958680078
-0.68340411491528574
-0.16119556065231819
30
-0.83424682478813095
3.5458152657932156
-0.88206231687100867
-0.78082417964790951
-1.3602241273181623
-1.3149405146123452
-1.0682437898770363
-1.1038348951659995
0.089793287818952613
-0.67879502329070063
-0.73224798026058124
0.83839536345259003
-0.7546122139213397
-0.66205139264211543
-0.84876373702556929
-1.0747256210656668
-1.022885509329444
-1.3604993252918902
-0.16781825089477265
-0.54538745091270435
-0.82023809873098996
2.748940991137506
-0.86582036202223078
-0.73442582251680821
-1.4618521488885707
-1.1834509786069976
-1.2061881773580445
-1.3177287250687342
-0.012719141866442333
-0.61621388700782054
30
0.3383881807606241
-1.5622776204732249
0.26682644216771007
0.21813952320912947
-1.0669223691142562
-0.80856307781510683
-0.38477341296733797
-0.44702127557643784
-1.6795270710681658
-1.1245268017788788
-0.77489122516995079
-1.6319327165408177
-0.73471843995580932
-0.53956566667028838
-0.87135358718250688
-0.75577243436795194
-0.48890921477846105
-0.70789686774612315
-1.2858436568778799
-0.94427473681143359
0.21955539052827761
-1.692442461862353
0.182820419934032
0.081863179738392911
-0.45691733583971211
-0.2380888968212784
0.09319158819566134
-0.17215402253651116
-0.94977545172901023
-0.52618063996828368
30
2.6373318706512707
1.8740757757423798
2.5885216590271813
3.0038531852949677
-0.098734724495892656
1.2104644280895447
1.3390723210951188
1.9603720556133433
0.32279020750779081
0.031128769599409637
2.6552501701113496
-0.47640703701111831
2.4272864108987871
3.1242144185662983
-0.16143432563286728
0.17975457979678952
0.44494278912448948
0.90743450605266851
-0.54665234542807783
-0.30959872496573321
3.04273970499119
1.5003386050853409
2.9278443613566933
3.6370863721071367
0.71234644034921146
0.98662057807975378
1.4533950055103233
2.2568135693867379
0.29170524306352885
0.12238221146023413
30
-0.32176189643719355
-1.239661227656397
-0.32440228737412902
-0.40477495580890033
-0.13302622358938396
-0.096469807318990311
-0.65763964688639531
-0.72374216320587215
-0.61283804811770071
1.4022705650150304
-0.90485159060802989
-1.0963935968786431
-1.0679944143616826
-0.69037958917744979
-0.55908212913072319
-0.14109611098620101
-0.041672863511686531
-0.7174696908461875
-0.48971102447061809
0.89342352225503585
-0.53854105781612838
-1.5224127009006414
-0.59994263681834581
-0.54864848571078473
-0.81807989219150345
-0.37129183455535958
-0.62641217911706426
-0.87371719093539568
-0.77219456051986057
0.88416052323786998
30
-0.23779543924975208
-1.3643084703356259
-0.25264919102802902
-0.32366629968676103
-0.93486361728613021
-0.36147908335368956
-0.48801667231925611
-0.52358333419345793
-0.74025823857253448
-1.0241633549669711
-0.89713519391014407
-1.3087625581239881
-0.69769391618662746
-0.66744723960122676
-0.87799766075807684
-0.27449639819346605
-0.1418791214606101
-0.52716856956387359
-0.69655908835690117
-0.5094966814525681
-0.43083336570162262
-1.4434089735850986
-0.32603504743045048
-0.46433279621842199
-0.70973112528596616
0.076926581516667633
0.047502460112313703
-0.35565176680439703
-0.29018928438073927
-0.60920531089097008
30
-0.41441453885092244
-0.48933370799907783
-0.44315156378317111
-0.47674045433181655
0.46379178191010562
-0.53516501894189916
-0.72667961786405832
-0.72139042761695349
-0.41260632026010591
-0.44854946883985397
-0.78869951399774685
-0.5014142516505159
-0.71206164182839948
-0.60404603783166877
-0.03486472401826135
-0.91941778669203622
-0.66892887818143942
-0.8562756257971208
-0.0039666946702447388
-0.88612260401526344
-0.54061235958756104
-0.8027917933960238
-0.56068552302985242
-0.55147668493904012
0.27443684077266428
-0.85296880844684797
-0.83106139865705897
-0.91238111666048982
-0.36629538061323252
-0.84210568646629846
30
-0.15672437713773901
-1.320315325860604
-0.13515874087067289
-0.26615288898197137
0.63160124555910591
0.27625906652837451
-0.13546944437276751
-0.10889395868079291
0.51574078162511128
0.022273171351301531
-0.59822635340256203
-1.3716653211015497
-0.46615249142114756
-0.51177705483086511
-0.35311584828805759
-0.13592109984453987
-0.24173377850444966
-0.54499382637089011
-0.25381126621828382
-0.37093105252419395
-0.27755703461559506
-1.4846283095758168
-0.19190657531976602
-0.3531492140576335
0.23832058513748541
0.085133397585591866
-0.090040852555264284
-0.36859170968819888
0.23145458354613829
-0.1471784084186181
30
-0.45205467483150003
-0.72885193902975309
-0.44315156378317111
-0.51685237154131081
1.4122800547088044
0.072259120228282209
-0.38021297451743735
-0.41514219314887318
0.44656982109248683
0.47833648112893978
-0.5949773442666102
-0.22344944277413575
-0.71206164182839948
-0.58030431121157899
0.92620051868791919
-0.56544702460241447
-0.23083415044684752
-0.0085856354190076232
0.86061172966343336
-0.56992038193608852
-0.56961058438762047
-0.75126762340762687
-0.62105820559851987
-0.59107147413461503
1.1592851038345524
-0.51270158835836532
-0.41747960381925558
-0.47444979665327486
0.37415351398206242
-0.49167688062379056
30
1.4386383094236541
1.3461580420421162
1.5311076076109758
1.3344895720174828
-0.41100624815577147
2.1789875376264316
1.5379581090491206
1.3308908296461033
1.7826615324331712
0.081310493005364456
2.3429391669179651
0.87494436946401699
3.3020598605497531
1.7509713674724672
-0.12156988417944802
4.3180384894118138
2.2824091190931712
2.4291832816146237
3.802967335057081
1.7770633526343391
1.6093988791596894
1.2701973124704997
2.0772735626060097
1.35154787077328
-0.34405403697977732
3.0812525562867763
2.1301652152449102
2.1009106430758751
2.7762521763201171
1.0405056827676042
30
-0.74738497252526048
-1.0685767769202006
-0.75282282169791692
-0.72331076894311985
0.35435082735640949
-0.50771082056132599
-0.58289912784635645
-0.50659857716237833
0.22813520888420047
-0.17697778923116267
-0.6010692363965201
-0.33309646080841709
-0.64574906194329795
-0.57679701068815648
-0.083698664798699682
-0.76037244427165074
-0.3960865758363003
-0.26441108033452088
-0.44555244903422037
-0.43180906654518453
-0.76017034735943845
-0.78733454239950451
-0.7932541819889557
-0.69748247009772257
0.29700950054465125
-0.61939019725438305
-0.45793351930971971
-0.28783399385917163
-0.40434842872947824
-0.34557502464945256
30
0.58160136709666221
-0.3060289393531529
0.55761530630716638
0.4762125199613908
0.055941824606665198
0.17139928104701857
0.065569883960354056
0.28097154117106338
0.14804251774116192
-0.05890314592303577
1.2212187627305451
0.23245131642103473
0.9275168958307386
0.9194713510734126
-0.047820667490622568
-0.35212156531838296
-0.057846505145547941
0.0013172850293347029
-0.21546302965509639
-0.13650526718963321
0.74566604047221041
-0.086605830557299743
0.63784605702792918
0.61268082239156918
-0.041580396035153101
-0.20652421963310744
0.017043041390081858
0.1100302740861514
-0.20139883877616443
-0.15742171197401422
30
1.8932153362660111
-0.47711339008934928
1.8038532954762669
2.0158022834434526
-0.1446999254084444
0.05510024624042402
0.80322080323178902
1.0643607962353165
-0.90772477459888801
-1.1953715877637539
0.85083172123201989
-1.0650383969846293
0.6987384952271376
0.99879030137234892
-0.23352252392780004
-0.37684661855076396
-0.19356445450794957
0.10859892321971108
-0.91154162666567862
-0.91928749225057926
1.8745255059030885
-0.44727502047608142
1.7620270427893228
1.8729971034828605
1.0780235286553996
0.31050519270913235
0.66287790398490221
1.5069204938314862
-0.36470983694172243
-0.75207243942676161
30
0.028580907689718271
0.30009882896937212
0.025131801844005649
-0.097741824815638464
-0.52044720270946754
0.11610957597503095
-0.48979017616088416
-0.47289036705454363
-1.1443622711578638
-0.41165114280606441
-0.22905769033001869
-0.37156909871518257
-0.058330125127772532
-0.24252429157121019
-0.93247906407774939
0.42413010593078776
-0.14434032779619774
0.30335635870377919
-0.52341098993523716
-0.44998160804398774
0.02692432578502689
0.25517116369907022
0.13523603958434313
-0.10232329500173698
-0.76842004069313197
0.54660897807665076
-0.12097619969503094
0.30179087344851308
-0.61046910602581317
-0.31915808390132555
30
-0.72422181192182833
-0.2302629683128376
-0.75240321294735535
-0.70443457260924025
-0.82907069455089022
-0.88005838609784959
-0.7046374986895384
-0.8076207325439726
-1.1079565024564828
-0.6330410990088009
-0.90403933832404193
-0.85709378909856226
-0.85739671274324736
-0.73138802606669584
-0.068085091896110742
-0.48839685871545968
-0.40487659846339885
-0.68743083215288214
0.073891846230771635
-0.43907808314470576
-0.73531472610224491
-0.30128987217562236
-0.73972175409555574
-0.69164930918944589
0.084826498687974858
-0.47671785636385061
-0.43128152792776692
-0.49362585658951119
0.46135841591512716
-0.3164624777025366
30
-0.14224740176059419
1.3877071229351929
-0.15781761340102043
-0.20303560749056088
-0.11405645813340923
-0.37368094930061102
-0.038560127312378185
-0.098964408416469529
-0.76938285353364011
-0.61532990251258268
0.21240142601745629
0.15165877681682724
0.0035616160983223777
0.084733826498891357
-0.34613957103370946
-0.61087212240143995
-0.20551888528080361
-0.28735284603984756
-0.69191081725833303
-0.6267095741198484
0.13877462144239813
1.6308665023892821
0.031145207569399317
0.035551417375711436
-0.26279246180062454
-0.39149322795578906
0.19170877062537967
0.060141337666675246
-0.4249604964591121
-0.56769297542962727
30
-1.0398198751435921
0.92577910594746204
-1.0473881645924319
-0.93596291826698319
0.36894295463023602
-0.70046217169159997
-0.81510145225379926
-0.78201294502019114
-0.45629324270176236
0.39568423081325044
-0.47679463694635693
-0.13111511179789864
-0.31252834802066209
-0.52445729518477679
1.081671840356254
-0.63674717810974568
-0.48187719667678214
0.13830768456473863
1.6310626642511059
-0.80116597250835864
-1.1164342520458808
-0.26694042551669089
-1.1138539445949827
-0.92568279532757625
-0.81356536023710591
-1.0743003248903025
-1.118617348531628
-1.2985526651324981
-1.0972310131794651
-0.90194814407940349
30
-0.081444105176584417
1.2679480074198548
0.021774931839509827
-0.16410345255193423
1.4414643092564565
1.2085578865353384
0.5878667653198123
0.49419556789969266
1.6552413419783374
1.4007946319736795
0.28794088842833981
0.60948316790733581
0.06600596215679308
-0.025611243814935236
0.918892037754792
0.75073080909340173
0.085958265033784398
0.74238583191362761
0.43413285636980448
1.481305239741318
-0.064212952158016021
1.2306954488127277
-0.046179410498844498
-0.17391208796695057
2.1253949420755935
0.88561361107760672
0.2926055951427724
0.58553419933428452
1.1605831750511544
1.8222314804162749
30
-0.98191197363501126
0.26588193882213268
-0.93619184569350522
-0.90440427752127817
0.85777921830341153
0.46119359728640186
-0.06098228302438978
-0.52279942233048493
-0.55458881819549144
0.84731974146683564
-0.34277301008833799
0.53446152398914337
-0.34513203313083718
-0.51960103292157656
0.66043757566512462
1.2849069591604236
1.4441925613730529
0.95529862155299006
0.77578078211456425
1.7607080652854161
-0.95901531741698776
-0.096910664554979015
-0.92321902081904239
-0.84136710583521368
0.053224775007192866
-0.0082980468913939481
-0.1105057745092636
-0.44498414358052191
-0.49789550534858423
0.13532112121441925
30
3.0484779713621921
0.56161363223755834
3.0920521597015651
3.5082015560908149
0.47838390918393114
2.0188380470730882
1.7951161660851869
2.5718233087322067
0.6213175108591158
0.6657799773805918
2.3851762856853411
-0.59778820960696333
2.318423258920745
2.6952445853169484
-0.63947541939511854
0.38043001184564945
0.11936035101675889
0.71102658382721007
-0.21081475855652801
0.46591448349569159
2.8169678119050143
0.19849457671183274
2.9189222900411265
3.1032637677739388
0.084826498687974858
1.0257607777930857
0.90036618433480298
2.0728481163399199
0.37732460132508261
0.65826872377939205
30
-0.73290799714811516
-0.064066644740532447
-0.73897573292937146
-0.71328278964074632
-0.80134565273062119
-0.52410707792750166
-0.43633170322038173
-0.89881581260315346
0.76694058566464007
-0.030860418137355315
-0.47841914151433301
0.44020356111756775
-0.35839454910785751
-0.53147189623162139
0.12093880132885182
-0.28944643038048712
0.42736274387029238
-0.4725374584238512
-0.22359750407759074
-0.17966505324929075
-0.67317567295926062
0.20708193837656577
-0.62819586265097305
-0.64675164644089222
-0.33502497307098289
-0.39528098921836946
-0.098131635653356988
-0.74681220891835298
0.18388827340083022
-0.089492435764543687
30
-0.39993756347377712
-1.3496440888439523
-0.42091230000338581
-0.47025176184204526
0.016543080967334714
-0.39617813964024734
-0.9680028191713026
-0.76920905125830041
-0.6638061242996347
-0.27734123604307026
-0.90769447360198796
-0.99655710151058674
-0.83695033394534091
-0.71816820101687306
-0.28235646470823866
-0.78797250369384342
-0.90541564694089893
-0.60804241989200347
-0.79765898475075869
-1.0642135107035344
-0.58410969678765012
-1.4245167779226864
-0.5654439610648212
-0.58806651245459363
-0.11381290730551086
-0.6888324870683592
-1.0674550436466295
-0.79685704826414017
-0.87208381182500738
-0.82377556431453614
30
0.22257237774346297
-0.64330971366165446
0.28654805344412337
0.091315079090875328
1.4414643092564565
1.1475485568007311
1.0097073219356254
1.0596573250574792
1.2256532713020412
0.70858203557978749
0.090969709561250986
-0.50449206268305713
0.074295034642430605
0.031854526299600394
0.023603123446753409
0.0072542084080849242
-0.077536155830248629
0.1729679061339372
-0.53270753213237343
0.067935824671902234
0.51575154384316857
0.27406335936148252
0.58133960536267382
0.36874863895454513
2.5046156262449735
1.210098492572004
0.92225889154140694
1.3744030064672523
1.055937292731477
1.1860684175021838
30
-0.86030538046699212
0.76691497312099421
-0.85268970433167013
-0.80559918733612668
-0.057147161765488085
-0.43411831656895622
-0.52006642031439154
-0.68219483446830831
0.76330000879450233
0.38978049864784436
-0.5044112146019486
0.49214162229170133
-0.47554677357153702
-0.59757102148073504
-1.1357877154901874
0.28785481253371104
0.075058636976182272
-0.23470231898949334
0.98960125264869991
0.44910488260929843
-0.89066235895970525
0.42691839699372836
-0.88485411416210624
-0.79505534347253226
-1.0663791496833592
-0.49313148850169947
-0.57215633951808875
-0.78594384342237966
0.39635112538320638
-0.22535098818348478
30
-0.62288298428181255
-1.0612445861743633
-0.61183428150908947
-0.66314289312887842
1.4122800547088044
0.30295064828726509
-0.98282424413347991
-0.80500769300072961
2.3251074860837484
0.43258255684704006
-0.1754490395868111
-0.31001287806435779
-0.22079594584627155
-0.36015375527983706
-0.37005823590576092
-0.076695972334417967
-0.86139521362438931
-0.18848869023056211
0.78275318876241662
-0.28188559918005845
-0.72702951901651358
-1.3832974419319686
-0.72752825663094811
-0.68970492222002044
-0.13638556707749783
-0.42810825349406728
-1.1679235325882407
-1.0427159630563714
0.32500166016524429
-0.46364257615639032
30
-0.83424682478813095
0.13634656897901215
-0.83380731055638069
-0.7793494768093252
0.65348943646984481
-0.70389394648917158
-1.0677497423782969
-1.0738110708141375
0.43564809048207276
-0.38360841502038395
-0.43293301361100534
1.4520339380654985
-0.49488794270469166
-0.54981777589259995
1.9852658466337549
-0.83167259777898195
-1.0202836626318228
-1.1050039777246552
2.5363134606972562
-0.80480048080811939
-0.89894756604543624
0.00098525842297615966
-0.91132292573162055
-0.79593915573136209
0.45501811894855998
-1.0076988560232618
-1.2529719408017224
-1.4705135928533803
0.59137299697896883
-1.0394240602176179
30
-0.020640808592575145
0.47607140686945976
-0.084805690803234399
-0.14198290997316898
-0.41903191815637575
-0.67224535668934438
-0.94596069999678278
-0.77652556197938083
-1.1043159255863451
-0.66846349200123945
-0.59010383056268212
0.56139237052387869
-0.65624855375843894
-0.48371865064348624
0.15781340967326454
-0.67124725238748661
-0.87946750014570396
-0.26771205381730157
-0.92664850773602514
-0.36775085776190336
-0.20506147261544699
0.77384780824893773
-0.27607144806327766
-0.30206486549727124
-0.16347275880388168
-0.66294945177405906
-1.0199573875766492
-0.54429430764054154
-1.0988165568509758
-0.44908630268293198
30
0.89430403524299751
0.67648462058900438
0.83036099417245757
0.81627899453894193
0.059589856425121331
-0.28140433807701792
0.016671849469752299
0.43357305049645484
0.16988597896199115
-1.0448264175458926
0.065383762615629282
-0.90960893984129709
-0.019647786861463339
0.14624648183276046
-0.80424844406925133
-0.77302247150682235
-0.41612782742608495
-0.29494508505024331
-1.0649345729184281
-0.98107413334650995
1.0895021345300551
0.610687936619012
0.97985879079131599
0.97150859947646706
1.0599654008378097
0.0024339433525840358
0.53437723125048708
1.3073647481535811
0.4708716779441886
-0.47442500095154394
30
1.6152574090248244
0.58116614089312324
1.5982450077008934
1.5999360829626659
0.1113919082472043
0.55652067499672542
1.2288617252225189
1.6102247568187802
0.95261000604168311
-0.84557545696342928
0.88697694786948567
2.0637488807830682
1.2811839885512804
0.74626466368593913
-0.71687887655050764
0.47013020496777574
0.39149945155173027
1.0559783127778049
1.9703864544465826
-0.20283504366026467
1.3318444417876936
1.5261006900795395
1.4884168557786128
1.155341549313065
-0.47497546365730153
0.56491649084578999
0.93653674406745313
1.7298616784560208
1.7852873816262003
-0.28681080951586313
30
-0.71264023162011192
-0.23759515905867487
-0.6982736841248588
-0.70502445374467393
1.295543036518195
-0.057385705457757751
-0.23554573257892134
-0.36131357855806728
-0.070392094467123481
0.34255064132459362
-0.39881841768350951
0.85763168240597276
-0.38657739555902576
-0.52283854109704331
0.54017984394731033
-0.13822110479638938
-0.10074181556578884
0.38257972229051868
-0.57570403979412887
0.047946029023218872
-0.65867656055923096
0.59866563028838649
-0.65555688135204404
-0.64463049701970065
1.6468545549094706
0.061144242922582151
0.050833959035057698
0.11314833261236876
-0.17920122737502051
0.34881313215846954
30
-0.95585341795614998
0.65448804835149343
-0.965984066983406
-0.86016319236374761
-0.61529602998933719
-0.90141165150496194
-0.67334782376938651
-0.90508710750693677
0.71233193261256844
-0.45888100012931515
-0.39191427326961165
0.78838093417379496
-0.33960598480707854
-0.53416981971117716
-0.12323090257334042
-0.23137130534628986
-0.084568173931927559
-0.20004209742029505
-0.25148713066899941
-0.4745145390673719
-0.73738602787367769
1.0761229388475355
-0.70968411399981501
-0.7015480064883397
-0.091240247533523902
-0.5474227332653534
-0.39939432395293051
-0.61881590641713435
0.072900216395111447
-0.42482584689383573
30
-0.88636393614585385
-0.60420469635052465
-0.87660740311370311
-0.82093609685740387
0.8212989001188461
-0.50847343718300853
-0.74530140820115276
-0.62392405265398931
-0.38712228216913896
0.076882693881309389
-0.84271429088294836
0.3382510706646395
-0.83584512428058921
-0.71385152344958414
-0.58333299768155322
-0.92856030637563758
-0.76491592526935559
-0.68974151359082869
-0.39790767027389662
-0.69803679950265085
-0.80988158987382575
0.11433843239745053
-0.82150740782158294
-0.73354201025797838
0.20671886145670343
-0.68251955163072497
-0.80869276303291981
-0.62723466443792086
0.12522315755495067
-0.30675829538689792
30
0.17624605653659903
0.55916956865561229
0.15688894952046942
0.015810293755356523
1.2590627183336296
0.60609075540609403
0.50679230398824482
0.8506141615980386
0.7523782781840872
0.6938227051662712
0.074724663881491085
-0.11764968853053095
-0.066066592781034522
0.0024471603724438001
-1.0813063121705144
0.17515456989309069
-0.23188895316209931
0.17461839287532754
-0.28286296058433485
0.16970205706519984
0.32104917732848542
0.84598164623269378
0.24230089537114274
0.17519375427081946
0.20220432950230655
1.0901527192569542
0.3906468491549559
1.0735103586872865
1.2351037276121375
1.3424135770319181
30
-0.55628889754694477
-1.2763221813855821
-0.61099506400796566
-0.56079851613112452
-1.3937860200479615
-1.3839573188746197
-0.9889048287333474
-1.1399732320490505
-0.53638593384480093
-0.94298703769263392
-0.7834198741518249
-1.1764166837247152
-0.78279506037250801
-0.65233886811571506
-0.52187531710753221
-1.1348707505565283
-0.74135866462873146
-1.0911398890969757
-0.096932116641608237
-1.2649292315578153
-0.71874431193078248
-1.5979814835502912
-0.77184121083159585
-0.65983206787157322
-1.4546288977615351
-1.2814908659534565
-1.1206162478852746
-1.4970170903262272
-0.99258513085978761
-1.3008978615001043
30
-1.0600876406715953
-0.93904140707708017
-1.0570391658553571
-0.94953018438195913
0.64619337283293254
-0.52410707792750166
-1.047012415315832
-0.95421225091990514
-0.11771959377891968
0.23923532842998399
-0.86464510255062421
-0.5933638562476854
-0.90989417181895271
-0.75917663790611922
-0.13319701293669536
-1.0029654665679657
-1.037160506075852
-1.10417873435396
-0.64891430959657748
-0.41499946565879153
-0.9942274475313454
-1.0260631966790794
-1.0136293434834509
-0.8678814736001077
0.080311966733576712
-0.89021512752888965
-1.1909108751551749
-1.0897986468022522
-0.48204006863348159
-0.097579254360909098
30
-0.72422181192182833
1.2679480074198548
-0.73771690667768541
-0.69116224706198104
-1.5834836746077017
-0.91189763005309754
-0.88110113093152864
-0.92886576735044801
0.4174452061313822
-0.6049983712231215
-0.62137554349622004
1.1057801969046097
-0.49378273303993997
-0.58785849695433467
-0.2630886513390861
-0.12269607137140599
-0.5750514365240269
-0.76979012054826346
1.3173043650977556
-0.69213072351553984
-0.80366768455952753
1.0039891008637796
-0.77808666075249233
-0.7245271252179144
-1.6645546336410137
-0.75890607042609859
-0.97198380308913424
-1.0350767196671393
0.51526690074647652
-0.91920002375165011
30
0.84508231896070363
1.1433007647406264
0.88071404423989608
0.73074622990104954
1.6968265365484143
0.85584769900714164
1.9306625311239014
1.8715287111430809
1.5569457664846085
0.1388718816180764
0.79884757505678805
0.3594110215133603
0.63242591534203618
0.74950217186140611
0.44982044331955978
0.30567985091054395
0.6365652823952378
-0.089459485747137704
0.048326355188646974
0.054306418547799835
0.94451101052975905
1.0847103005122694
0.84900174482967217
0.80888714385178428
1.403069829372011
0.62867713876589526
1.3429796126422331
1.0937777391076986
0.96873239079841211
0.017253569707482215
30
-0.2783309703057581
0.35142416419023043
-0.24467662476735136
-0.3381183875048876
-0.70722643181444267
0.079885286445108047
0.24330030466064997
-0.35478097969995975
-0.94048996643013039
-0.39541587935119715
-0.36145481262006185
-0.81323498188484966
-0.29981843687601778
-0.33991932918316964
0.12658626386808638
0.3614549709928917
0.48643169592439445
0.14490963153030029
-0.58035231089269701
-0.2291852288335294
-0.31484046650138547
-0.053973856231314489
-0.19785462286347674
-0.34873015276348451
0.12545728627755062
0.62236420332826115
0.82707320803443296
0.055464249877349214
-0.56448833955201605
-0.14879577213789133
30
-0.65183693503610263
-0.45022869068794713
-0.68274816035406516
-0.64544645906586617
-0.92829716001290796
-0.92066772120244733
-0.79065243500849847
-0.67618484351884944
0.19901059392309581
-0.84557545696342928
-0.80088329825756677
0.051629918259237066
-0.89552644617718069
-0.70467858361909474
0.22624736750163427
-0.60397210754589181
-0.63974600305947216
-0.50901321540857902
-0.31191465495038589
-0.88612260401526344
-0.67524697473069339
-0.0041671585758637792
-0.69005555710556854
-0.65152423263857329
0.20671886145670343
-0.50828253355202135
-0.69018658706673697
-0.3607965633726557
0.28853415572050778
-0.77795025893513181
30
-1.0456106652944499
-0.16916137876419599
-1.0469685558418698
-0.93566797769926635
0.75563432738662861
-0.72315001618665697
-0.84018386372825304
-0.80683682068099971
-1.2317361160411788
0.46062528463272151
-1.0384670913240552
0.67681028424417511
-1.0054948078199744
-0.80719967584220997
0.651468076338105
-0.9281578055090639
-0.50051204464623111
-0.40651798876823475
-0.31307672272502785
-0.18965995107363243
-1.0895073290172543
-0.21198131086240024
-1.094225387700736
-0.90323396395329958
0.40535826745018916
-0.95902612379910235
-0.91563387845300548
-0.76801500689663038
-1.1194286245806091
-0.32778402373744847
30
-0.42889151422806782
1.1408567011586803
-0.43895547627755149
-0.45756931743022
-1.270482544584131
-0.56090332992368652
-0.44228560897441882
-0.73994300837397875
-1.1152376561967592
-0.39689181239254817
-0.6469614904418417
-0.27923476773894546
-0.77892682654587697
-0.57976472651566768
-0.57967875721498996
-0.14742112460378698
-0.075778151304828997
-0.49036271523086739
-0.80811759472253697
-0.1487717327013254
-0.439118572787354
0.95074745854243514
-0.50209725472429834
-0.46380250886312419
-0.43434467606772514
0.56239131667073627
0.5448476564362541
0.053905220614240537
-0.14749035394481513
0.61190429716022954
30
0.15597829100859578
-0.59931656918663256
0.1006613769451631
0.042649885417591772
-0.73203304817994663
-0.71933693307824409
-0.47344860504874009
-0.54265852285913185
-1.4974982275612605
-1.3769113518499987
-0.74646239523037106
-0.39465268145924182
-0.76455910090410495
-0.54010525136619958
-1.1224995683390475
-0.66549724000786314
-0.50332485188690268
-0.91074168826300417
-0.93710711770780353
-1.142809752685858
0.028995627556460016
-0.057408800897207575
-0.046179410498844498
-0.097904233707587995
-0.81807989219150345
-0.31131894789783493
-0.1566708310101462
-0.5653412026925082
-0.73572705607512445
-0.99952908847554756
30
0.11544275995258925
-2.0559784640262491
0.10359863819909731
-0.031970078214776231
0.99640442740475976
0.098950701987172762
-0.01107081776714347
0.23785638870755385
0.12983963339047139
0.16839054244510682
-0.45202094228472317
-0.68127383386464424
-0.51201869250834298
-0.42652267287690621
-1.028485927244734
-0.73277238484945795
-0.12289267258607728
0.055783347495218211
-0.17479065754262502
-0.42090554164590255
-0.12842330707243341
-1.6821376278646736
-0.14134817119822179
-0.24903612996748337
-0.046094927989549991
-0.48934372723911901
-0.098131635653356988
0.11782542040169457
-0.047601102639668762
-0.23936814041718488
30
0.043057883066863603
0.59094239522090575
0.076324069412567946
-0.054680501928975361
0.130361673703178
0.097044160432966237
0.53972880390419398
0.19082167692917984
0.23541636262447688
-0.24044291000928067
-0.48004364608230904
-0.3696454668198445
-0.10916976970635049
-0.40709762382410553
-0.34414634896103824
0.25565474320781967
0.55675187694118289
-0.0085856354190076232
-0.037666660134864159
0.13063109284277338
-0.089068573415209878
0.78758758691251007
0.25717101423042044
-0.15340764356209924
0.55433782194530279
1.0573254549812565
1.1516563887932147
0.47016603386424544
1.0654505547605384
0.91111658522575523
30
-1.2520523341725398
-0.56509967903939395
-1.2299179710868957
-1.0657367680624061
0.5294563546423231
-0.39408094393062026
-0.58213905477137295
-0.80735942858964826
-0.86039727528709176
1.1469341488612075
-0.0048760599493321514
0.40942545079215537
-0.059435334792524351
-0.46213526280704098
2.304181378261108
0.21942966521619156
-0.17914881739950794
-0.23635280573088396
1.4184042614916128
0.4104882319243417
-1.091578630788687
-0.7392453170770007
-1.0668643689996649
-0.91808200990164013
0.64914299298764755
-0.50386347874567761
-0.69780144174729486
-0.95416310091180123
-0.61205464969732326
0.009705872350874294
30
-0.35361124226691265
2.3506681742217852
-0.39070046996292279
-0.40477495580890033
-1.1099691445720439
-0.88596866491588955
-0.34638972268067397
-0.65972269439641851
-0.92592765894957851
-0.85590698825289047
-0.78220149572584274
0.28631300949050636
-0.74742835110045369
-0.62508984097220288
0.49765777306366282
-0.22849629915647804
0.23433384697920806
-0.66712984523378016
-0.42463522909066365
-0.42408573640819314
-0.50332892770177073
1.7115877020377712
-0.55652188974925465
-0.51382628271289066
-0.43434467606772514
-0.59540104259137316
-0.15571897417507641
-0.77347160931751069
-0.86732718081047666
-0.65125676759207118
30
1.4791738404796606
-0.17893763309197844
1.4136171574536192
1.4760610445215805
0.64619337283293254
0.4192496830938599
0.54479595773741718
1.0782099058145047
0.35191482246889649
-0.4824959287909395
1.3130032708211887
-0.034933517030985003
1.0955087648729958
1.6862212039631312
-0.15146821526951232
-0.14052110974823867
-0.10074181556578884
0.61364786608517574
-0.24219058847186345
-0.51176824913991836
2.0340157423034144
0.40630872899836923
1.8601698272605551
2.2247543824971201
1.357924509828037
0.59837504866525137
0.52961794707513832
1.474180879306205
0.97983119649898454
-0.084101223366966488
30
-1.1122047520293177
-1.1223461757230051
-1.0746627333789607
-0.97312542979930883
0.17340844916096565
-0.25013705658803176
-0.67752822568179549
-0.73968170441965453
-0.68200900865032521
1.058378166380112
-0.2688580522454303
2.4965660572341797
-0.25450484062119821
-0.55764175398331139
3.4702162907736191
1.2193568180327161
-0.2181765178638255
0.21423007466869715
1.8762589647005767
1.3736329313609092
-1.1267907609030448
-1.0810223113333701
-1.0903591567973239
-0.93558149262647006
0.16608807386712765
-0.58530034589115854
-0.97564845190415261
-1.150600788063489
-0.76902347317683994
0.020488297146027935
30
0.15597829100859578
-0.99281080587988491
0.16612034203283307
0.0010632653695130181
1.2225824001490644
0.55652067499672542
0.13131620494642218
0.57389327396860423
1.0763896196263791
0.085738292129419538
0.43577080411415448
-0.91172493492616913
0.53019402135250437
0.074481717276579776
-0.46706171010908082
1.0704314974004678
0.42349513391436877
0.75393923910336058
0.42599838194731016
0.50271388003076778
0.0041400062992661621
-1.2939888806187465
0.054937397744243957
-0.14633714549146085
-0.20861807834785559
0.33196917319708868
-0.077190785281822591
0.39221457070881377
0.36781133929602117
0.012401478549662517
30
-0.11329345100630353
-0.15205293369057626
-0.12928421836280507
-0.23754365391343482
0.19821506552646956
0.043660996915185143
-0.44899958780343918
-0.28344500016942564
-0.38712228216913896
0.81927701368115624
-0.3456158930822959
0.072789869107958274
-0.31529137218254155
-0.36554960223894839
-0.058118981532755777
-0.17214617783616795
-0.4027669930328952
0.30665733218656016
-0.22127336852830637
0.0056948700385014411
-0.25063011158696885
-0.024776826571222925
-0.24157277230975313
-0.32610455893744178
0.45953265090295686
0.0018026498088206868
-0.39558689661265156
0.2160442639775382
-0.1110228495000795
0.31323113033446143
30
1.2707053950487701
-0.43556430919627342
1.2373814822175846
1.2283109676394095
0.34705476371949617
0.51457676080418346
0.75761641873278229
1.1275963531817972
0.042465788507157425
0.60379078964382482
1.5761730108332987
-0.31963103754104938
1.1032452325262576
1.5046509537890351
0.35215256175868315
0.38158001432157407
0.42314353300928498
0.67141490203384013
-0.51527651551274278
0.69079968454338059
1.3318444417876936
-0.49708171813153273
1.155326193330793
1.2613990203726406
0.400843735495791
0.33196917319708868
0.36494671460807276
0.80691635469571021
-0.64852215414205971
0.53642732359415113
30
-0.12777042638344888
-0.042070072503021499
-0.09865277957178048
-0.22486120950160954
-0.42851680088436311
0.1904646965890833
0.092172441584774736
-0.014563231169720355
0.10071501842936673
-0.15779065969359235
-0.73021734955061124
-0.60817582184178987
-0.58054169172294789
-0.55683237693944465
-0.97466893128261811
0.14870451294682274
0.15381723971498529
0.17791936635810823
-0.55711095539985611
0.10064639936974813
-0.24441620627267019
-0.04710396689952831
-0.18298450400419905
-0.31390794976559061
-0.79550723241951649
0.38121006961063514
0.42538962363500138
0.40780486333990007
-0.27750493500865769
0.20971985230098197
30
-0.91531788690014404
-0.17404950592808721
-0.89884666689348847
-0.83037419502434373
0.28868625462419201
-0.5740584666477111
-0.5048649588147226
-0.50581466529940544
-1.2171738085606261
0.48276428025299489
-0.099909577175927619
1.0230640254050642
0.090320574781330112
-0.38362568955197124
0.86540724547145476
-0.23942132267776262
-0.43652067992095361
-0.018488555867350234
0.021598796371879923
-0.46951709015520116
-0.81195289164525852
-0.033364188235955952
-0.73734253507807135
-0.73177438574031883
0.17963166973031958
-0.58024999754105122
-0.64449745898338928
-0.55614293004016735
-1.0591779650632189
-0.38708736011079609
30
-0.6663139104132475
-0.66530628589916629
-0.53798314141018033
-0.64751104303988427
0.92344379103562901
1.2447821760652615
0.97043687972814707
0.66561096193643376
3.1223938206439921
1.5985696595147907
-0.34317913623033197
0.41327271458283193
-0.31694918667966887
-0.41222367843526131
-0.49397020809013858
0.62250553302779821
0.49838612669724847
1.1170463222092497
4.1457773285764823
0.40912529131193165
-0.53439845427326282
0.10403359839977067
-0.46462455519891843
-0.52089678078352897
0.27895137272706244
0.9651565975917975
0.82707320803443296
1.1218402658436539
4.5266923896674518
0.99737598358698731
30
2.2146041896386328
0.41252575373887207
2.3283642336787502
2.4759095690817698
-0.17753221177455364
1.7423895217131498
1.6494354933800264
1.5710291636701352
-0.36163824407817202
-0.13860353015602103
3.0979276648848062
0.2709239543278002
3.3225062393476597
3.151193653361855
-0.40759725160773047
1.3855321758038348
1.0890756472382714
0.65160906113715522
-0.15852170869763629
0.39958470702505994
2.4586326054471392
0.4131786183301554
2.6274679603992843
2.6472166422177632
-0.23119073811984253
1.3647654107940412
1.4472079360823702
1.0844235635290469
-0.13639154824424363
0.21996315585637888
30
1.7918765086259949
-1.2127765282549949
1.8164415579931259
1.9037248677110421
0.28139019098727869
0.53554871790045444
1.3770759748442911
1.4534423842242001
-0.041267479506018827
-0.59761870601636335
1.4336227349934056
-0.82689276834175141
1.4276242691308796
1.4687685715109449
1.5201806963438647
-0.051395917864074651
0.86369946707946454
1.1863667653476468
-0.35374909483749922
0.62719578929756936
1.2883471045876045
-1.5636320368913592
1.3278195720984136
1.2172084074311507
0.22929152122869037
-0.32394481877310333
0.58720528559685781
0.74767324269758217
-0.88001153018255873
-0.41619990705771204
30
-0.023536203668004109
-0.89016013543816697
-0.093197865814474257
-0.13283975237394594
-1.2245173436715793
-0.93229762468310684
-0.8667864213526737
-0.57897977251020971
-0.84219439093640125
-1.0359708192977835
-0.77164221603399885
-1.0700398399125088
-0.6899574485333656
-0.55980009276695586
-0.68997037856944954
-0.93528782085979723
-0.81227656718416263
-0.14887700843719223
-1.033558743003093
-0.74074227202483822
-0.29205614701562477
-1.1102193409934622
-0.32781946169356391
-0.34908367766701648
-1.3056493432664209
-0.97607104948071455
-1.0185771951657983
-0.50485086728389328
-1.2415154872868994
-0.93806926714316918
30
1.6760607056088341
0.23410911225683928
1.6234215327346122
1.6589241965060399
0.5294563546423231
0.50123096992473803
0.65627334206832266
1.1923997338542238
-0.066751517596985777
-0.1474591284041312
0.42115026300237085
-0.6491491812124951
0.44177724817236885
0.53150995471330875
-0.60625505151726944
-0.14224611346212584
-0.063120518721807101
0.019472639184629301
-1.1660344693122857
-0.15604074930084663
1.5348320153881085
-0.093475719889085929
1.5746635451624236
1.3427097481849819
0.42341639526777797
0.47085375282504088
0.67525204284080875
0.72896489154027855
-0.58668595095315912
0.3698388605090201
30
-0.53602113201894153
-0.3329136387545551
-0.56819497145064324
-0.56404286237600998
-0.72254816545195921
-0.72295936203123634
-0.63901785654930088
-0.66285834184831005
0.54486539658621591
-0.088421806750067236
-0.74808689979834708
-0.44024275737875895
-0.75737523808321894
-0.63372319610678096
-0.46373967332129573
-0.56832203079222621
-0.43511427630061789
-0.61695504829551173
-0.30378018052789152
-0.5681031277862082
-0.56546798084475491
-0.095193192222032777
-0.62314002223881904
-0.56950645501916786
-0.47948999561169908
-0.48934372723911901
-0.39177946927237262
-0.50563038191544751
0.3075606797786315
-0.17143886420771434
30
-0.69237246609210867
-0.51621840740047997
-0.71883451290239597
-0.68201908946275802
0.094610961882303654
-0.82553129764754452
-0.64864544883242459
-0.42559435132184514
-1.1079565024564828
-0.28472090124982841
-0.64614923815785374
-0.85728615228809613
-0.61480319133025052
-0.59730122913277961
-0.0029731708555261051
-0.9659928869669866
-0.44073989078196096
0.031026046374361967
-0.18989753861297134
-0.93746003374938247
-0.68560348358785761
-0.75298509574057304
-0.68797374046526949
-0.64498402192323268
-0.00094960844557607767
-0.96155129797415606
-0.59262126147208827
-0.072376149697558637
-0.55021844650842344
-0.72942934735693787
30
0.31522502015719189
-1.4889557130148547
0.24500678713848695
0.17773266543191815
-1.2267061627626523
-0.67434255239897145
-0.70134384869794342
-0.57767325273858816
-0.36163824407817202
-1.0979600070345494
-0.9174415010098439
-1.5363282113425059
-0.8380555436100926
-0.60107832200415756
-0.63183473478321339
-0.61259712611532702
-0.59087347725280426
-0.41378013043035267
-0.48041448227348177
-0.89384593415225477
-0.024858218500793214
-1.7250744361883381
-0.090789767076677561
-0.11893896546773713
-0.89031240346186113
-0.52153969797105326
-0.66829387986013289
-0.51077517848370602
-0.68498965858679584
-0.90787847771673824
30
-0.76186194790240536
-0.79972978290617713
-0.78848956549568616
-0.73392862938092718
-0.4146542799742286
-0.87414810727980941
-0.80344699843738643
-0.66521007743722882
-0.67836843178018746
0.12411255120456013
-0.94830708780138773
-0.86498067986944926
-0.97510154203930266
-0.74865473633585211
0.75644443883210899
-0.97496290627919924
-0.80570163025909292
-0.88251836498522818
-0.35491116261214123
-0.32958852061441679
-0.78916857215949776
-0.85603343571736812
-0.82923986962840757
-0.72576446238027614
0.93807303806908104
-0.91104781447308258
-0.84900389999812353
-0.76489694837041322
-0.10785176215705843
0.16874663807939666
30
0.16755987131031164
0.20233628569154502
0.12290064072494843
0.097213890445212739
0.16246435370559523
-0.62362854705707937
-0.19437510768398461
0.10223963641324185
-0.85311612154681637
-0.54005731740365148
0.27819386102048382
0.055477182049913608
0.18813163011185505
0.14570689713684923
-0.39729893756559725
-0.79832252597716569
-0.43370787268028205
-0.094410945971309015
-0.75582454486364525
-0.74937422923676966
0.56960538990042175
0.87689614822573214
0.47130072580401927
0.4447564932139077
0.63559939712445557
-0.43694636310675522
0.070347024153987386
0.72272877448784378
0.17437501137176881
-0.12615268006806754
30
-0.63735995965895731
-1.1370105572146791
-0.57490871145963485
-0.64515151849814922
1.3685036728873259
0.47453938816584729
-0.66118665456965142
-0.48726208454238007
0.63587981833966856
2.2893063228673318
-0.032492637604924074
-1.0721558349973808
0.091978389278457723
-0.40386011564863866
1.081671840356254
1.2596069046900806
-0.15559155675888378
-0.092760459229918393
1.2394458241967385
2.5843785087186699
-0.65660525878779818
-1.5911115942185046
-0.6332517030631275
-0.66601875368338181
0.45501811894855998
-0.029130733835586922
-0.86818381522477872
-0.84378382908370997
-0.30445917742433187
1.0297232579724498
30
-0.18857372296745864
-0.24492734980451128
-0.2186608822325086
-0.28443920418041713
0.42001540008862698
-0.43964728707615497
-0.62774343927037979
-0.54553286635669918
-0.6638061242996347
-0.85295512217018743
-0.44349229330284923
0.31132022412990368
-0.41752326617207297
-0.39873406103748299
-0.3421531268883673
-0.609147118687553
-0.4780095867208588
-0.37895486018701519
-0.20500441968331806
-0.87113025727875082
-0.25270141335840157
0.028464815750121483
-0.29629480971189515
-0.33052362023159076
0.071282902824781683
-0.51270158835836532
-0.65925123992697032
-0.55240125980870658
-0.38215081732833522
-0.99575523979724356
30
1.2591238147470543
0.63737960327787369
1.1912245196557663
1.2489568073795905
-0.15637362722750583
-0.14527727110667607
0.32944191982544058
0.51719031588023123
-0.46721497331217748
-0.82786426046721007
0.77854126795708822
-0.01762082997294076
0.50366898939846372
0.76488033569487313
-0.30328529647128361
-0.64882220410695501
-0.13238589702334369
-0.41493547114932594
-0.66053498734299798
-0.69485660474036026
1.2842045010447389
0.96448723720600804
1.1315340031559482
1.2437227751960447
0.64011392907885245
-0.18190377142633402
0.57054779098313724
0.36415204397285844
0.30121850509259024
-0.45286015136123592
30
1.102772480673887
0.41985794448470937
1.3674601948918008
1.0100549475289258
1.9375966365665453
2.9149125775501292
2.9086232209359357
1.8584635134268659
1.0654678890159639
1.2207308009287867
-0.0048760599493321514
-0.83958873885098384
0.14834408218079428
0.040757673782134032
0.081406563554211372
0.67138063825459759
1.0314130988045049
-0.19013917697195246
-0.54549027765343583
0.6199267726980483
0.92794059635829695
0.3444797250122924
1.2504949540301697
0.73818216314540053
2.4820429664729868
2.1172673149600363
2.9830289394673999
1.2761841628914083
0.51685244441798661
1.9030996663799304
30
1.4675922601779448
1.343713978460171
1.7031471953413899
1.3905282798836882
0.069804345516799718
2.6899406741537653
1.4847529938002793
1.6494203499674254
2.0993917201351855
2.2317449342546198
2.2389708745675021
4.5336922343974084
4.5398946850716504
2.0558367206622568
-1.2540522251353308
3.3043113068841929
1.9895255651582475
4.8256900301134946
2.8163717943859874
4.1367678662539298
0.96108142470122182
0.71545374892875391
1.3129494532391359
0.78767564963986914
-1.2921057474032289
0.84584211782051122
0.4153951268667691
0.96905539805900787
0.40744993108377792
0.9596374968039485
30
-0.39125137824749023
-0.63597752291581811
-0.39028086121236061
-0.46523777219085849
1.1715099546906733
0.13326844996288914
-0.63965125077845375
-0.48935251617697451
1.090951927106931
0.49457174458380704
-0.08447678378015562
-0.40042357714525684
-0.19869175255123767
-0.30700466273259047
0.19767785112668382
-0.56889703203018849
-0.44109149168704492
-0.40651798876823475
-0.29680777388003915
-0.047914127382967894
-0.38733602850153392
-0.69287356408744305
-0.41406615107737466
-0.46362574641135817
0.68525924862282639
-0.36876666038030603
-0.63926224639050566
-0.53151026768305099
0.24096784557519971
0.057687662689309298
30
-0.52154415664179621
-0.83150260947147103
-0.54469688141917194
-0.55401488307363644
-1.14134221821077
-0.61352387681978504
-0.64421168922835437
-0.83976111892586158
-0.55822939506563019
-1.201275319929161
-0.67417194195543961
-0.72263191961441697
-0.64519645711092199
-0.58489078112682347
-0.30494631486517632
-0.19457122611669944
-0.39186736497529295
-0.86304262143682142
-0.041152863458790136
-0.91292710272599809
-0.61517922335914232
-1.0621301156709577
-0.62165301035289089
-0.60043988407821081
-1.0257483620937828
-0.5764622362784706
-0.63926224639050566
-1.0350767196671393
-0.69291737694434719
-1.1558742480052817
30
-0.68079088579039282
-0.42578805486849097
-0.66806185408439589
-0.67435063470211953
0.79211464557119404
-0.14451465448499351
-0.46204750892398844
-0.11176830217836019
-0.80942919910515887
0.57427212881679235
0.1388925943165428
1.3385396562405405
0.1627118078225662
-0.25196702374965507
-0.1086139407070868
-0.422846717587752
-0.52547570890719097
0.24723980949650537
-0.26194574064077775
-0.64351917500624123
-0.58410969678765012
0.37882917167122387
-0.56603876581919266
-0.59054118677931722
0.11642822236875559
-0.44767835335073325
-0.66639016618999336
-0.2111297541142268
-0.69925955163038844
-0.37360932911685352
30
2.289884461599788
0.63493553969592764
2.3241681461731294
2.4493649179872516
0.71915400920206329
1.7290437308337046
1.9699329733313795
2.650214495029497
0.013341173546052774
-0.21830391438900631
2.4521870991143504
-0.98347640462228669
2.600804328264803
2.4335460078000488
-0.97533333864017524
0.15560452780237086
0.12111835554217865
0.50306525441201866
-0.63032122520230471
0.027956233374535309
2.3488536115612004
0.0044202030888692489
2.6007017464525841
2.3696995929452069
-0.13187103512310092
0.8344788340327699
0.94700716925322048
2.0058098580262484
-0.28226156602318797
0.066852723765190455
30
-0.13935200668516523
0.95999599609470154
-0.19390396594935125
-0.23105496142366355
-0.29062119814670589
-0.7099948794626324
-0.7544222851009541
-0.63359229896398839
-0.56915112567604431
-0.71864521540719328
-0.23636796088591075
0.24014584400238781
-0.43575922564047614
-0.23631906756823226
-0.34746838574882333
-0.25954636600644482
-0.42562105186335147
-0.42879955977700551
0.030895338569016273
-0.52312608757667045
-0.20091886907258147
0.5694686006282943
-0.29659221208908082
-0.27678783489473907
-0.48400452756609658
-0.66042427759900535
-0.81725947454854764
-0.66730171649981285
-0.43923038950270471
-0.80706280588204782
30
-1.836053520886574
1.2801683253295835
-1.8417075294062719
-1.3878118680092282
-3.1966433447291811
-1.1647050401408756
-1.1311651726010825
-1.2719578593782546
-0.84947554467667774
-0.59614277297501128
-0.075135882514293817
0.4171199783735085
-0.1694036964353178
-0.56249801624651163
0.091372673917566052
-1.1985233875989605
-1.1362064810379986
-1.9248007421732702
0.71535325783317816
-0.43226338008265464
-1.4217441331550762
0.78930505924545691
-1.4392121452359785
-1.0920162624393441
-1.91240243793743
-1.2112910238869643
-1.3165083845426275
-1.7857493098539459
-0.076140888726853068
-0.7606983792628853
30
-0.79950208388298294
0.4785154704514058
-0.81114843802603309
-0.7522149445793731
-0.64593949726437228
-0.74278739419498363
-0.480922656952744
-0.77574165011640794
-1.2135332316904883
0.35583403869675884
-0.68960473535121147
-0.43293295617647348
-0.69493089202474834
-0.63642111958633663
0.73053255188738653
-0.57119703698203794
-0.27724546991792781
-0.86271252408854338
-0.57221783647020286
-0.57128332254849867
-0.68560348358785761
0.57977343462597353
-0.70076204268424847
-0.65099394528327525
1.6965144064078412
-0.2317759613836442
0.16838827816617091
-0.49518488585261966
-0.14273372293028486
0.20594600362267801
30
-0.81976984941098618
-0.92926515274929766
-0.77338365047545465
-0.76548727012663231
-0.93340440455874718
0.12754882530026984
0.14449080491280192
-0.55154285730615804
-0.037626902635881122
1.4229336275939528
-0.29931751289498015
-0.27731113584360739
-0.15779899495542507
-0.45943733932748537
1.1514346128997375
2.368209291481489
2.1941572919171017
1.4537456174528927
-0.97777948982027507
3.9050679621441891
-0.88651975541683969
-1.1754832896454321
-0.82745545536529419
-0.77136917493589374
-0.99866117036739843
0.15520698094333132
0.12127136483021855
-0.49612030341048491
-1.208219070185184
1.0674617447554893
30
0.72347572579268504
2.1453668333383487
0.69189010648700222
0.60923071600169931
-0.8677398318265297
-0.045946456132518868
0.040740830177561423
0.11347570644918677
-0.83855381406626361
-0.94446297073398489
0.21199529987546212
-0.26192208068090123
0.31523074155829983
0.23069148674285248
-0.33584125699157596
0.67885565434810846
0.52686580000904792
0.64500711417159362
-0.86273478013071292
0.071570332971662959
0.55096367395752655
1.4333571841004242
0.56944351027525186
0.4200097499666734
-0.83162348805469533
0.33512564091590574
0.30307602032853947
0.42495418523409534
-1.1115009062230576
-0.33964469101211786
30
-0.64025535473438633
0.45651889821389485
-0.64708141655629658
-0.64220211282098061
0.093881355518612625
-0.44822672407008418
-0.80750072150396479
-0.70257654290560378
0.72325366322298257
0.0030860418137302059
-0.52593590012763058
-0.015697198077602274
-0.51091348284359128
-0.55224590702419996
0.99031582869216794
0.28900481500963593
-0.56309700575117283
-0.39380924085952879
0.22960892803280519
-0.66441759772986486
-0.67731827650212617
0.24658380203433722
-0.66804778119383734
-0.64250934759850931
0.46404718285735497
-0.23745760327751489
-0.76252770653203739
-0.49752342974728275
0.24731002026124096
-0.59249255245848098
30
-0.18567832789202918
2.1771396599036428
-0.24845310352240937
-0.26379336444023621
-1.5521106009689756
-1.0953069275677598
-0.97015635955042245
-0.98008134239801092
-1.4538113051196029
-0.77473067097855319
-0.95561735835727968
-0.11764968853053095
-0.8037940440027902
-0.67688997177967158
-0.65508899229770778
-0.7747474752207093
-0.87222452150097474
-1.0700136588071787
-0.71863837607509984
-0.93155395776227146
-0.33762478598714657
1.6926955063753588
-0.31057012381680182
-0.36375496116359107
-0.97157397864101458
-0.69830189022481048
-0.93890677807046075
-0.88447449285084534
-0.35678211858417108
-0.74883771198821514
30
-0.48390402066121913
-0.56265561545744791
-0.55434788268209778
-0.51390296586414208
-1.5229263464213234
-1.3378190132628229
-0.96116216149645162
-0.82800244098126796
-1.2681418847425598
-1.0728691453315728
-0.10721984773181943
1.9021638015746543
-0.20311259121024444
-0.23847740635187675
0.14718289195235279
-0.84604762872804073
-0.78604713966490047
-0.07625559181601442
1.5950385632372031
-0.35139557041298053
-0.70838780307361837
-0.95564683102826964
-0.76708277279662673
-0.65488271922212649
-2.1774054636605569
-1.3206310656667886
-1.2100431975400769
-1.344232222541581
-1.6141182500918125
-1.3575055916746634
30
0.10965196980173132
0.52739674209031895
0.1023398119474113
-0.0098495356360109743
-0.14615913813582745
-0.099901582116561957
0.39404813119903348
0.01836106707514144
0.92712596795071611
-0.96217416723020421
0.065789888757623233
1.9406364394814197
0.246707742343695
-0.030467506078135417
0.81557669365468111
0.24875472835227133
0.75224198016785482
0.98170640941523668
0.41553977197553177
-0.22055327162159774
-0.022786916729360084
0.59694815795543965
0.025197160025688579
-0.13696873554786509
-0.077696651670331976
-0.37066054101159623
0.27737588578165634
0.12406153745412907
0.1601051183281762
-0.8647487785361222
30
-0.35361124226691265
-0.26447985846007704
-0.30887676360333532
-0.46730235616487659
1.8500438729235891
1.1704270554512088
-0.51993974146856092
0.11373701040351115
-0.40532516651982947
1.4244095606353038
0.1559498922802906
-0.081100682519103545
0.17763213829671415
-0.15187406265814013
-0.54512957462202671
-0.12729608127510458
-0.64220720939505982
0.12840476411639604
-0.28402502835897681
-0.19783759474809393
-0.2630579222155654
-0.24117834052249182
-0.24514160083597991
-0.37418394581778264
0.59948314148927673
0.25116359959537088
-0.72350157629417799
-0.07705323748688446
-0.53436300979332074
0.23883239924789793
30
0.27468948910118585
-0.056734453994695178
0.22864204586656944
0.14853354922794806
-0.31323899542113676
-0.35728469193443535
-0.18284733271340242
-0.13920521738241182
-0.94413054330026902
-0.55038884869311255
-0.073917504088311728
-0.025315357554293851
-0.12409010018049844
-0.0407196153004468
-0.65176695550992303
-0.52922194661078659
-0.09300659565394219
-0.36954708576108958
-1.0556380307212916
-0.91610729748828867
0.26098142595693352
0.39256895033479622
0.18579444370588738
0.14249270069411693
-0.34856856893417482
-0.29174884804116885
0.047502460112313703
-0.039636535172277283
-1.0100261112464008
-0.80652368464228952
30
-0.35940203241777113
-1.4620710136134527
-0.37727298994493952
-0.43279430974200278
1.2371745274228909
-0.31209965709974208
-0.64978555844489971
-0.38352441467563275
-1.0096609269627548
0.2776095875051246
-0.743213386094419
-0.32540193322706401
-0.68553660987435883
-0.63210444201904759
-0.33351583124012646
-0.30727146875731981
-0.46746155956834057
-0.25615864662756893
-0.99753464198918973
-0.28506579394234904
-0.47225940113027892
-0.80622673806191747
-0.43875054838377558
-0.50710930954578426
1.0103055493394388
-0.20968068735192455
-0.46412058873767303
0.014929489036524905
-0.85147174409537396
0.055531177730278575
30
-0.99928434408758549
1.4463646489018884
-0.99871354952724101
-0.89821052559922387
0.0092470173304214347
-0.61714630577277729
-0.82979619837014607
-0.84995197314450932
0.27910328506613435
0.060647430426442127
-0.62746743562612983
0.5421560515704964
-0.75019137526233293
-0.63021589558335855
0.091372673917566052
-0.87134768319838396
-0.7561259026422571
-0.89407177217496114
0.11340215056860102
-0.50677080022774768
-0.84302241821675061
1.6171267237257085
-0.87950087137276611
-0.76129371518523403
0.79360801552836435
-0.73554820930685205
-0.78108891481589737
-0.82912895401048892
0.77688160654566984
-0.16335204561134892
30
1.2620192098224836
-0.19115795100170693
1.2289893072063447
1.2489568073795905
0.16757159825143442
0.01124979049367528
0.55999741923708612
1.0262104189039687
1.1346388495485884
-0.39246401326849306
1.2001002033468573
0.5075306774544075
1.0651154990923242
1.0953759619404415
-0.14714956744539193
-0.51829692308950182
-0.14961434137245677
0.41889043060110787
0.3597605187927137
0.0093293783382621606
1.369127873673484
0.32730500168282634
1.3278195720984136
1.2667018939256194
0.33764028813422825
-0.29932437056632993
0.18599762961496105
0.77417674017042903
1.2303470965976064
0.06954832996397943
30
-0.54760271232065738
-1.2738781178036365
-0.54679492517198169
-0.55902887272482327
-1.1209132400274133
-0.50485100823001638
-0.26480854596578396
-0.60981363912047704
-0.63468150933852996
-0.19764085181008501
-0.55883211762914431
-0.73148062633297317
-0.41862847583682483
-0.54064483606211067
-0.83348236780175855
0.2734797815846523
0.3911478506466462
-0.13072165428189791
-0.16200791202156228
0.40321921532482063
-0.66074786233066374
-1.1136542856593554
-0.5919127726343355
-0.63013597597489213
-1.3417655989016004
-0.08342197859924072
0.14744742779463649
-0.3607965633726557
-0.38373636099984532
0.20163303370461658
30
-1.2633443749667128
-1.7920195971761173
-1.2827886736577059
-1.0707507577135928
-0.28770277269194078
-1.2142751205502438
-1.1311651726010825
-1.2719578593782546
0.30094674628696261
0.19790920327213932
-0.83418564190107447
-1.37570494808176
-0.90436812349519424
-0.74838494398789657
-0.29032935299892243
-1.1412532642979105
-1.1362064810379986
-1.9248007421732702
0.25168821575100386
-0.23372836420823001
-1.1806446069602978
-2.0050224264586309
-1.2200265932502252
-0.96068176077723644
-0.4027429523869438
-1.1633127145609445
-1.3165083845426275
-1.7857493098539459
0.29487633040654904
-0.16119556065231819
30
-0.13066582145887784
-1.5011760309245834
-0.16495096216057428
-0.24373740583548917
0.0012213473298171317
-0.33555011821648156
-0.63863782001180913
-0.6022358244450724
-1.6758864941980272
0.082786426046715475
-0.78788726171375878
-1.4957395783508682
-0.80876748749417271
-0.60971167713873564
-0.9238417684295086
-0.49184686614323381
-0.55536178583932605
-0.82574162108139826
-0.80114518807468482
-0.45407042988121837
-0.20299017084401424
-1.6185911515456499
-0.23324550574855801
-0.31850377351150538
-0.055123991898345027
-0.056276356217413732
-0.47935029809878893
-0.52979533549363134
-0.85464283143839459
0.14448618229029966
30
-0.1335612165343068
-0.72396381186586189
-0.19306474844822744
-0.2351841293717
-1.4295367318688359
-0.84116493839203754
-0.89592255589370573
-0.82173114607748499
-1.701370532288994
-0.4943033931217527
-0.88129627437237812
-0.553544676014183
-0.77671640721637358
-0.68660249630607184
-0.80956370292970714
-0.78969750740773048
-0.75682910445242491
-0.61167349072306254
-0.85460030570821877
-0.53766412077571291
-0.34176738953001212
-0.44384007581018831
-0.3412025686669139
-0.40600118713565536
-1.057350085774565
-0.61939019725438305
-0.81678354613101278
-0.44716678454887376
-0.9085513162697435
-0.22912483686178875
30
0.97537509735500949
1.3143852154768227
1.0191849319253514
0.98233053416353999
0.61700911828527938
1.0598476453072336
1.6038311088810195
1.4534423842242001
-1.0278638113134453
0.11378101991509898
2.7770880127095485
0.38249460425741955
2.4770208458126133
2.220410052915152
-0.24581406004260448
0.62308053426576027
0.49662812217182895
0.6648129550682782
-1.0637725051437861
0.62946735698492007
1.4126252108735731
1.1259296365029863
1.4200143090259361
1.3674564914322163
0.23832058513748541
0.79975768912578182
1.0107815772028932
0.89734005195601085
-1.2034624391706532
0.45825474382928366
30
1.4965462109322343
1.7518725966450968
1.514323257588496
1.5055551012932675
-0.17753221177455364
1.2810064655951841
0.96790330281153547
0.71212306580615936
0.11891790278005726
-0.039716016385465472
0.61568468501749529
-1.1637207132154828
0.37214903929301218
0.76002407343167311
-0.63083812374687775
0.44138014306965828
0.093341884040547246
-0.33323637745050072
-0.6012695308362539
0.073387587121543321
1.6218266897882858
0.88033109289162526
1.6014297591091236
1.6379030426341343
0.83875333507233818
2.5421278699128171
1.5823716066622735
0.9971179247949632
1.1938795921528709
1.4987587365616521
30
-1.1122047520293177
-0.66530628589916629
-1.0893490396486305
-0.97548495434104376
-0.55984594634879803
-0.45852204846279909
-0.5790987624714391
-0.63489881873560994
-0.5509482413253538
0.62888165134680218
-1.1769561057440081
-0.36195093923849136
-1.0310804115589758
-0.88150048846917284
1.1148922082341031
0.30682985338646862
-0.21747331605365766
-0.11421678686799366
0.25168821575100386
0.97928878083688076
-1.1371472697602087
-0.64134939409904557
-1.0847085116307984
-0.93505120527117225
0.6220558012612637
-0.20021128419547327
-0.46792801607795209
-0.48661022490552225
-0.36153874959870136
0.55475744574591268
30
0.24573553834689518
-0.13005636145306532
0.25297935339916461
0.11196091883105624
-1.0990250491166744
0.22859552767321273
0.015278382165615991
-0.34119317407509614
-0.27790497606499576
0.30270044920810202
0.072287907029527157
1.3423869200312171
0.23012959737241945
-0.015359134592623657
-0.37338027269354573
1.3378070730529601
0.72833311862214678
0.5954925119298814
1.5055593445897659
2.5593912641578149
-0.014501709643629046
-0.052256383898368244
-0.013465149008433749
-0.13555463593373729
-1.4726870255791245
-0.026605559660533174
-0.12668734070544929
-0.47538521421114011
-0.10626621848554833
0.41404680216915185
30
-1.0224475046910178
-0.24003922264062005
-1.0486469908441178
-0.91620190022995296
-1.0961066236619084
-1.1456396245988107
-0.87869423286074766
-0.9816491661239567
2.008377298381733
-0.76735100577179505
-0.90322708604005397
2.5600459097803423
-0.87176443838501938
-0.72518280206371788
1.2643838636844251
-0.70114731676152875
-0.43546587720570185
-0.091109972488528049
-0.39906973804853862
0.34415845545371043
-1.1143629502744481
-0.42323040781482979
-1.1361591228838992
-0.91931934706400187
-1.5521427879765184
-1.2051043471580829
-1.1268033173132279
-1.4393330075912076
-0.34885440022661973
-0.92405211490946904
30
1.7831903233997084
0.91111472445578845
1.7031471953413899
1.8063944803644749
-0.41319506724684552
0.50695059458735736
0.72467991881683269
0.99694437601964714
0.99993750535347825
-0.94298703769263392
1.4352472395613818
0.5729341618959084
0.93912159731063127
1.2915149989041383
-0.29830224128960642
0.53568034609548321
0.35176854927724482
0.16966693265115623
0.69327397011497949
0.30735905891863391
1.6363258021883156
0.99883668386493962
1.4438064992007797
1.5265426980215799
-0.60138235838042886
0.61605126789062692
0.63384627051527509
0.66660372101593313
1.220833834568545
-0.044206251624896151
30
-0.35940203241777113
-0.31824925726288139
-0.36174746617414583
-0.42837020122624975
0.21134798007291306
-0.17635389844024141
-0.63851114116597851
-0.66703920511749892
-0.37255997468858615
-0.42936233930228268
-0.5632995051910783
-0.22344944277413575
-0.59490941736471992
-0.53012293449184356
-0.53848550104645676
-0.51139690823395367
-0.40804100660915432
-0.57486763639005634
-0.3630456370346356
-0.40273300014709956
-0.43083336570162262
-0.16389208553989579
-0.46611156708484658
-0.46716099544667739
-0.15444369489508789
-0.26649710629063206
-0.4926762937897653
-0.55006271591404365
-0.22201090650579827
-0.28681080951586313
30
1.7600271627962758
0.058136534356750806
1.7618924204200683
1.7651028008841132
1.2298784637859776
0.84250190812769621
1.5708946089650697
2.0178589255646897
-0.3507165134677579
-0.34671008898659439
0.11736790879086083
-0.40427084093593341
0.084794526457571767
0.33698967183734563
0.72189525623914574
0.094654396578361971
0.81377213855754482
1.2276289338824071
0.45388800853871919
0.1229077627057818
1.1827107142445319
-0.12095527721623124
1.1434300982433707
1.0475164537358297
1.5430203199583308
0.23916902226386622
1.2097196557324696
1.6020212788811126
0.17913164238629994
-0.20216877487390353
30
0.61924150307723924
-0.13005636145306532
0.71287054401510153
0.45291221511175817
0.74104220011280209
1.4392494145943211
1.3365387441785073
1.093365535165314
0.2026511707932335
0.58460366010625353
-0.47476400623638698
-0.56527883057574646
-0.21582250235488898
-0.32130365717423554
-0.78099418655475661
0.53510534485752115
0.22519222344702544
0.070637728167731839
-0.78139003590577016
0.15743559155350803
0.46189769778591605
-0.11752033255033816
0.57539155781896312
0.25562066982433101
0.18866073363911462
1.3527708334625366
1.0755078419876358
0.91448937385020568
-0.23628079954938999
1.1752859927070303
30
-0.072757919950297525
0.072800915848425352
-0.13138226211561488
-0.17383649128659082
-0.70065997454122042
-0.7894976622730423
-0.96116216149645162
-0.67278789211263357
-0.96597400452109727
-0.90756464470019527
-0.25301913270766457
0.8980279522080763
-0.28931894506087663
-0.2797556355890784
-0.35809890346973505
-0.83684760892064303
-0.93185603500321135
-0.76302312490856272
-0.053935608979852466
-0.6398846667064807
-0.14292241947246273
0.38398158867006382
-0.19785462286347674
-0.24267268170390879
-0.92642865909704064
-0.8977906500540509
-1.0902996076883031
-0.86748107388296114
-0.64376552312752855
-0.82970589795187077
30
1.7600271627962758
1.1408567011586803
2.1773050834764338
1.7503557724982697
2.3461762002336766
4.5888560621434094
3.6243586998786812
2.9193575679835257
3.9524453470354812
2.7365140343968619
2.1423128527729305
1.2962197545430985
3.2020383858897241
2.0612325676213681
1.1514346128997375
2.4636594969832384
2.6997593934278106
2.3549113782520554
6.7801849736899902
1.0233571939714783
1.4602651516165277
1.021163824193245
1.8661178748042666
1.3020543842788113
1.4256424891439978
2.2731968202696002
2.339097790542719
2.124296082022505
3.997120803383023
0.81623124702839944
30
0.48605332960750436
0.88178596147244015
0.58279183134088597
0.38655058737546238
1.3903918637980657
1.3439223368839976
1.5708946089650697
1.2049423236617902
1.0035780822236169
1.5395323378607277
0.60025189162172365
-0.2676929763669158
0.41083137755932136
0.50264217348206319
0.59300022887309056
0.8197309576488836
0.95581890421145721
0.36937582835939536
-0.65704878401907185
1.021994253359068
0.80159118830089604
0.81163219957376231
0.67650836606205156
0.68161817858029339
2.4007813912938341
1.4910241195467251
2.1844210548438858
1.3853162113090127
0.56283321089178451
2.194225135849091
30
1.15199419695618
0.62027115820425394
1.0737340694984103
1.0985371178439867
-1.6586331300679067
-0.34870525494050642
0.26610249691015331
0.23785638870755385
-0.18324997744140539
-1.3990503474702722
0.94221010318066911
0.18051325524690112
0.8053912278756763
0.98098400640728167
-0.45975322917595385
1.5787325917591841
1.0120750490248882
0.45850211239447747
0.092484930625044343
0.59130501983743311
0.71252521212928555
-0.18450175353525491
0.64082008079978459
0.60384269980327121
-1.9909552939439441
-0.37886735708052066
-0.11002984609172879
-0.3544045433939102
-0.87208381182500738
-1.0200156955863406
30
1.7976672987768527
1.8960723479798909
1.7241276328694892
1.8771802166165237
0.2595020000765399
0.077978744890901522
0.79308649556534305
1.1667919463304421
-0.023064595155328292
-1.0566338818767056
-0.026400745475014111
-0.34271462028510868
-0.14785210797265969
0.33294278661801219
-0.62153642074108018
-0.55912201098482872
-0.39186736497529295
-0.5738773443452222
-0.90456922001782647
-0.83705674196849489
1.6591101216740762
2.2989632399055009
1.6281959730558235
1.6926994026815818
0.8974422504795041
0.24106290289515625
0.48630846107946507
0.85992334964140349
0.36781133929602117
-0.24314198909548884
30
-0.24069083432518104
-0.55776748829355671
-0.30468067609771571
-0.31009903357178492
-0.87503589546344296
-1.0442116139150266
-0.68094855451922098
-0.63019534755777251
-1.1807680398592451
-0.9060887116588443
-0.45283319456871107
-0.61644743899174437
-0.44791653195274467
-0.41330284782708354
-0.29298698242915039
-0.83167259777898195
-0.34194003645337323
-0.42995490049597851
-0.67215566508941837
-0.56265136533656723
-0.24441620627267019
-0.37342371015937847
-0.25911951256370092
-0.31390794976559061
-0.21313261030225372
-0.79047074761426961
-0.46650023082534736
-0.27692078901741113
-0.65486432882810097
-0.44585157524438551
30
-0.046699364271436332
-1.4987319673426376
-0.062986035774011281
-0.16911744220312083
2.0689257820309801
-0.13650717995732628
0.14829117028771927
0.45656779847699347
0.56670885780704416
0.24956685971944514
0.5762904492440778
2.7389436760468016
0.68326555992061411
0.12790060217178195
1.0384853621150498
0.40055505517433143
0.53846862987681798
2.784037931013561
-0.40139387359782297
0.81482728027271201
-0.35212389838717628
-1.7851859678414683
-0.38759733950786035
-0.41201111049569811
0.31958216031663822
-0.75701218979480844
-0.57453598160576314
-0.20333460779868362
-1.2034624391706532
-0.64532643395473643
30
-1.3423886605259252
0.41741388090276416
-1.3302044624712106
-1.1270844061475151
0.58052880010071506
-0.51438371600104871
-0.85601871945707486
-0.87895671207450665
-0.37620055155872484
0.90192926399684359
-0.68676185235725351
1.538597373355721
-0.66011678758506998
-0.69604522848451678
1.1979431279287263
-0.45734679186549287
-0.53356252972412166
-0.38440146643360351
0.25401235130028826
0.22830850339884029
-1.2241419441603867
0.99368426686609967
-1.2051564743909475
-0.98224677989268339
1.0148200812938357
-0.56762412666578288
-0.86856455795880683
-0.76972993908604981
-0.065042083026281533
0.41027295349084791
30
-0.69526786116753814
-0.046958199666912726
-0.7335208191720658
-0.68673813854622801
-0.60581114726135077
-0.99483218766107906
-0.93063255965128322
-0.97198091981395751
0.42108578300151989
-0.23601511088522559
-0.99135645885275137
0.42096724216418502
-0.96460205022416157
-0.77482459408754201
-0.28235646470823866
-0.94264783670571528
-0.76983833794053091
-0.66415896909927741
0.33535709552523102
-0.94200316912408311
-0.76845555444516989
0.13323062805986283
-0.79206457248021334
-0.71286080340136104
-0.45240280388531456
-0.93188050141727519
-0.93981104206377697
-0.89071060990327977
0.90055401292347115
-0.80436719968325876
30
1.8787383608888657
0.47362734328751371
1.929735920644863
1.9715611982859222
0.87966740921415032
1.1380158490296988
1.6405679741718857
1.6572594685971547
0.10071501842936673
-0.0972774049981774
0.75620433014741861
0.0093100165617950592
0.74681511564383662
0.9467203782169249
-0.082369850083585813
0.1383544906635005
0.29199639541297467
0.51626914834314164
-1.0963104028337631
-0.0033914007109001609
1.5617589384167347
0.85628648023037368
1.6549621870025228
1.5442189431981759
0.63559939712445557
0.65266629342890536
1.148324889870471
1.5084795230945947
-0.69608846428736781
0.29597925066221487
30
-1.2839016800022589
-0.1984901417475442
-1.2722984548936562
-1.0689811143072916
-0.5095031072540982
-0.80322476146332888
-0.75771593509254909
-0.87634367253126366
1.5205399977832272
0.18462580589997613
-0.10803210001580757
0.26707669053712363
-0.15779899495542507
-0.46591235567841888
0.1950202216964558
-0.32279650218230316
-0.18196162464017948
-0.29362469565713112
-0.11668726881052294
0.081110917258534504
-1.0729369148457919
-0.026494298904169163
-1.0906565591745094
-0.88591124368023555
-0.4027429523869438
-0.64464193900491984
-0.70874779535059684
-0.76302611325468273
0.40427884374075773
0.039896661777305234
30
-0.11329345100630353
0.37342073642774137
-0.067601732030193096
-0.21719275474097086
1.63845802745311
1.1399223905839055
0.05530889744807746
0.29194630725268411
1.3676357692374266
1.7166443028229186
0.72818162634983274
0.31901475171125676
0.55340342431228995
0.29571144260014398
0.62821381882361094
0.27520478529853948
-0.26142342918915046
0.46510405936003907
-0.66750739399085013
0.76212690992618293
0.15327373384242782
0.40630872899836923
0.090625683006510069
0.018758984457945282
1.4933604684599586
0.70632624464879601
-0.041972082384242292
0.64010022354308627
0.43916080451398326
1.6497126836938092
30
-0.75317576267611841
-0.20826639607532665
-0.77757973798107427
-0.7200664226982344
-0.21839016814126616
-0.85412942096064159
-0.79698637730002719
-0.73131997788127678
0.04974694224743384
-0.52234612090743315
-0.046707052574713984
-0.70839704358891387
-0.094249439232202553
-0.35098081544934784
-0.17738010221423475
-0.85409764605951355
-0.69846335420849059
-0.4104791569475717
0.26911923237063456
-1.0328658766180989
-0.6938886906735886
-0.56921555611528885
-0.72663604949939142
-0.66725609084574367
-0.63298408206121026
-0.95586965608028529
-0.93076840213061429
-0.76552056007565661
-0.28384710969469806
-1.0582933036091378
30
-0.77923431835497958
-1.0710208405021462
-0.76708951921702462
-0.73599321335494527
-0.42705758815698003
-0.44155382863036147
-0.34816322652230203
-0.65501922321858108
-2.3785178301346814
-0.10465707020493449
-0.28347859335721443
-0.198442228134738
-0.526386418150115
-0.46483318628659664
0.14685068827357425
0.67713065063422129
0.94351287253351945
0.90083255908710658
0.12153662499109538
0.47681800839497335
-0.81816679695955719
-1.3867323865978618
-0.84559700037361296
-0.74096603323214871
-0.9128850632338481
-0.60171397802900739
-0.53217835244515965
-0.80418448580075064
-1.7568171805277362
-0.5515193382368957
30
-0.5620796876978027
-0.31091706651704415
-0.56735575394951887
-0.5787898907618535
-0.40662860997362327
-0.50199119589870644
-0.76176965815912745
-0.87294672112504779
-1.2972664997036647
-0.0057695564343799507
-0.75052365665031096
-0.040704412717000038
-0.65016990060230473
-0.64046800480567012
-0.66538730633984122
-0.50852190204414183
-0.64502001663573139
-1.0729845349416813
-0.70469356277939532
-0.85250340224247756
-0.6172505251305751
0.35993697600881158
-0.55681929212644043
-0.59920254691584918
-0.52012078320127542
-0.17937859725128047
-0.54550434813613602
-0.89866165914513385
-0.81341869597912742
-0.38870472383006932
30
-1.2233879229257925
0.023919644209511357
-1.1690747022554075
-1.0418465820773395
0.29598231826110527
-0.14756512097172375
-0.35158355535972752
-0.48046818172994826
0.45385097483276327
0.050315899136980966
-0.90931897816996399
0.020851807933824698
-0.73306062545868167
-0.76160476903771923
0.71226134955456955
-0.20377124592409704
-0.071207339538737688
-0.089459485747137704
-0.52457305770987916
-0.074718626093702556
-1.1516463821602385
0.1813198533823667
-1.0508046406316451
-0.92833423210406574
1.0644799327922079
-0.16485884574472184
-0.058153648580427715
-0.26585168124934
-0.47094126293291005
0.021566539625543672
30
-0.087234895327442344
-0.85838730887287362
-0.057950730767267249
-0.19890643954252477
0.3105744455349308
0.44403472329854393
-0.14446364242673831
0.052591885091624775
-0.57643227941632069
0.41044356122676667
-0.50969085444787066
-1.1362127771121453
-0.49599315236944336
-0.44918523010517375
-0.72983482002286881
-0.27909640809716468
-0.51774048899534419
-0.40536264804926148
-0.97661742204563284
-0.27461658258053723
0.051779947042220741
-0.84401112938674205
0.081703611690943548
-0.1307820497360565
0.39632920354139412
0.61794514852191729
0.006096687786779703
0.37038816102529315
-0.52326420409274843
0.99737598358698731
30
1.4733830503288026
-0.82172635514368852
1.4471858574985779
1.490808072907424
-0.69336391090430716
0.26291327564892913
0.38011345815767039
1.2540674670747589
-0.28882670667540988
-1.6411033662519321
2.4196970077548308
-1.111013199283214
2.2747674771630533
2.1394723485284821
0.82786822976948493
0.29015481748556055
0.3911478506466462
2.6866592132715268
1.2731457896613576
-0.1692158418874789
1.1827107142445319
-1.3678401909354494
1.1612742408745036
1.0757984460183831
-0.89934146737065623
-0.3454087992610595
-0.23900644724367898
0.98464569069009422
-0.75475358013324778
-1.1855259161919558
30
-0.072757919950297525
-0.51133028023658877
-0.14145287212910293
-0.18533917342754869
-0.62696973180839866
-0.82648456842464779
-0.95128121152166678
-0.97381004749422762
-0.7511799691829496
-0.58728717472690217
-0.75417879192825699
-0.68300510257044877
-0.75129658492708462
-0.59595226739300178
-0.76903485411873107
-0.93925532940173739
-0.81530033496788457
-1.1302564248679283
-0.9452415921302979
-0.92065043286298931
-0.1719206442725221
-0.3768586548252722
-0.21569876549461023
-0.28368157051361148
-0.75036191287554255
-0.76585029940749616
-0.93029247371307955
-0.99002077396329968
-0.88001153018255873
-0.68360404197753355
30
0.46289016900407209
0.24632943016656692
0.393967893587992
0.33936009654076316
-0.034529364491057223
-0.31877255253946479
-0.29597154204010528
0.08394835961054084
-0.73661766170239684
-1.0905803418277922
-0.1393038129493453
-0.11764968853053095
-0.24787358263268802
0.026458679340489
-0.76006535479171167
-0.16524616298061967
-0.44917831250397561
-0.31277034185725977
-0.59662125973768576
-0.59263605880959247
0.78502077412943316
1.2100857808173691
0.64676812834349617
0.67631530502731463
0.40987279940458604
0.62110161624073446
0.064635883143569037
0.61671478459645679
0.82127682934795776
0.097582634431379642
30
1.9192738919448724
2.8883621622498317
1.8416180830268447
2.2635523603256238
-0.12791897904354477
0.18283853037225747
0.60053464990286975
0.98727612970964773
-0.18689055431154308
-0.9060887116588443
3.1182339719845058
0.78068640659244182
2.7046940367514618
4.3086028260912324
-0.78498063070009849
-0.61662213478106354
-0.38272574144311045
-0.39314904616297253
-0.80579345917325296
-0.65215113221817289
3.3492923671632453
3.6729411062627659
3.1657662631051364
4.4996871367250195
0.35118388399742018
0.051043546222367515
0.32163722861239952
0.80068023764327545
-0.080897519741384219
-0.1250744375885518
30
-1.129577122481892
-0.44534056352405588
-1.1229177396935894
-0.97430519207017641
-1.1603119836667437
-0.87014437001597589
-0.39972151677534579
-0.99210132429692888
0.52302193536538666
0.039984367847519797
-0.19291246369255285
1.3673941346706144
-0.059435334792524351
-0.46429360159068556
-0.74212635613767297
0.3275298979531131
0.89393714491668352
-0.15712944214414423
0.58055339597470168
0.39913039348758977
-1.0025126546170764
-0.22400361719302636
-0.95623068468663885
-0.85321019010353305
-1.672680791158929
-0.73617950285061562
-0.40034618078800027
-1.2290199599978533
-0.080897519741384219
-0.34557502464945256
30
0.62792768830352663
0.34409197344439402
0.63314488140832448
0.47827710393540901
1.4925367547148485
0.51838984391259602
0.74114816877480727
0.94599010492640834
0.46477270544317739
-0.016101087723839069
0.13523745903859677
0.040088126887207427
0.22957699254004368
0.11899745468924813
-0.072071536041452611
-0.26874638581384241
0.0057932586746456795
0.37267680184217633
-0.60940400525874805
-0.42953749885783421
0.61310272710051084
0.79102253157840308
0.66163824720277387
0.41470687641369458
1.2044304233785263
0.2423254899826833
0.39540613333030461
0.68219401364701948
0.29170524306352885
-0.13477861990419046
30
-0.34492505704062576
-0.72640787544780794
-0.3894416437112368
-0.39858120388684598
-1.242757502763862
-0.97328826809854596
-0.64053800269926775
-0.65083835994939232
0.031544057896743305
-0.91642024294830549
-0.85286744443279827
-0.58201442806518955
-0.75240179459183631
-0.65422741455140399
-0.53682448265256444
-0.55394699984316753
-0.32014078033816873
-0.53509090592254749
-0.24102852069722105
-0.71893522222627448
-0.5054002294732034
-0.64821928343083168
-0.49793362144370062
-0.5051649225763587
-1.0212338301393855
-0.66736850658040292
-0.4769706560111146
-0.50188871168398674
0.16644729301421746
-0.80921929084107846
30
0.43683161332521092
0.01903151704562013
0.34361484352055355
0.31576485112341357
-1.3164477454966836
-0.92562472924338413
-0.59797391050019477
-0.52802550141697102
-0.99509861948220191
-1.2470292442110598
-0.70828653788293527
-0.40850283110567737
-0.72974499646442659
-0.48075093481597503
-1.3580319765929989
-0.94293533732469625
-0.67525769447295036
-1.0708389021778737
-1.2171654513965353
-1.0855662469646281
0.32933438441421647
1.0125764625285125
0.24824894291485392
0.18067339027556423
-1.0799227455465519
-0.47734914990761396
-0.24091016091381839
-0.44997303722246929
-0.37422309897078387
-0.87391383961200264
30
0.55554281141780104
0.9624400596766467
0.45690920617228997
0.4313815536684264
-1.0494118163856656
-0.72486590358544289
-0.71325166020601749
-0.4036448191586039
-1.0642695800148263
-0.87214225170775772
-0.10031570331792157
-0.046475308403014642
-0.21471729269013717
0.013778438986577428
-0.95839095102247218
-0.93350531702211392
-0.74909388454057824
-0.67191625678381239
-0.69772115613154317
-0.31459617387790417
0.59446101115761563
1.3921378481097071
0.48319682089144117
0.46596798742582285
-0.64201314597000525
-0.63896029711104918
-0.62212882335925035
-0.23061761990308471
0.045945973979437241
0.0010799325147506341
30
-0.11908424115716197
-0.78995352857839474
-0.16662939716282188
-0.21365346792836828
-0.97936960547129992
-0.78110887943453366
-0.80737404265813428
-0.74124952814560019
0.18808886331268168
-0.91346837686560245
-0.94911934008537557
-1.3553144499911745
-0.8192669793093138
-0.70144107544362799
-0.89161801158799481
-0.55394699984316753
-0.7251850229948702
-0.87921739150244738
-0.13644242097943762
-0.7075773837895224
-0.30655525941565442
-0.95564683102826964
-0.24960263649376338
-0.38143120634018701
-0.98511757450420656
-0.29490531575998596
-0.67590873454069078
-0.69645556371994422
0.64052485079578703
-0.40380011854328518
30
-1.1151001471047466
-0.76306882917699259
-1.0612352533609775
-0.96545697503867023
0.70456188192823666
0.12182920063765053
-0.2791232555446389
-0.23588768048240305
-0.28154555293513345
1.4627838197104446
-0.14823858807321313
0.49983614987305441
-0.69493089202474834
-0.46726131741819676
1.1879770175653714
0.98590631542000251
0.27160354291810584
0.62355078653351825
0.76532217214278586
1.7543476757608354
-1.0439386900457328
-0.88694793771040659
-1.0713254046574483
-0.87671959618840567
0.35569841595181712
-0.12824382020644359
-0.41319624806144184
-0.26663119588089423
-0.49313887433405396
0.67498148221188048
30
-0.26964478507947121
0.61293896745841669
-0.26817471479882271
-0.35404517816159853
0.050834580060826008
-0.00018945883156360247
-0.084924584886368379
0.10041050873297173
-0.27062382232471932
-0.16369439185899845
-0.8544919490007743
-1.1519865586539193
-0.84026596293959599
-0.68822125039380522
-1.1839572489130687
-0.67067225114952422
-0.62568196685611455
-0.7937221782984244
-1.1009586739323314
-0.91519867041334846
-0.018644313186494565
0.70686638726402096
-0.061049529358122183
-0.25752072765224937
0.81166614334595311
0.8464734113642749
0.45775275602737275
0.71961071596162685
1.2271760092545863
0.62969529807223368
30
-0.6778954907149638
0.56161363223755834
-0.71715607790014835
-0.65960360631627601
-0.73495147363471169
-1.0495499302668045
-0.92125832505982064
-0.98060395030665959
-1.1844086167293837
-0.59023904080960521
0.008119976594475678
-0.0022317748102345775
-0.12132707601861926
-0.31105154795192402
-0.35112262621538665
-0.90538775648575509
-0.7255366238999541
-0.69601336320811225
0.40159495867982747
-0.89293730707731478
-0.69181738890215583
-0.009319575574703717
-0.73079968277998919
-0.65382214451153065
-1.0754082135921543
-1.0742371955359262
-1.0536531195381182
-1.2065699386090887
-0.77060901684835048
-1.0173200893875523
30
-0.60840600890466712
-0.89260419902011268
-0.62358332652482518
-0.61418275888787788
0.05740103733404725
-0.63030144249680187
-0.60532128355836812
-0.78514859247208268
0.94168827543126898
-0.47216439750147937
-0.71925194371677326
0.084331660479987483
-0.78113724587538036
-0.64316592828522579
-0.31391581419219539
-0.42457172130163895
-0.43054346453452658
-0.76500370899823122
-0.1027424555148182
-0.51222256267738853
-0.54889756667329248
-0.15015230687632342
-0.58804654173092341
-0.56296624430382747
0.2428351170918823
-0.35361561532998387
-0.23757866199107425
-0.59589817624943742
0.72931529640036186
-0.28357608207731666
30
-0.040908574120577891
-0.55043529754771947
-0.015989855711068597
-0.14493231565033768
0.95992410922019433
0.44212818174433766
0.10889404923441058
0.09884268500702599
0.31914963063765311
-0.23306324480252255
0.084471691289347076
-0.77206925932461068
-0.16111462394968004
-0.11491251098822745
-0.18701400889881117
0.073954352011717461
-0.039563258081182967
0.29015246477265594
0.0018436442029652281
-0.47224297138002158
0.014496515156430329
-0.63619697710020562
0.016275088710121628
-0.10674235629588597
0.85229693093553016
0.44118295626815995
0.21074590732677453
0.35635689765731526
0.23621121456066943
-0.26578508116531263
30
2.6547042411038446
0.66915242984316714
2.5297764339485029
3.0510436761296664
-0.87941353364559016
0.18665161348067053
0.5460627461957227
1.2632131054761091
-0.070392094467123481
-1.0846766096623852
1.0559254229389883
-0.68300510257044877
0.96619923409704744
1.560767762163793
-0.66571951001861951
-0.0036708151131996558
-0.14398872689111381
0.75393923910336058
-0.12133553990909091
0.0025146752762108611
2.421349173561349
0.42004850766194157
2.2795071790921857
2.6808015080532956
-0.42983014411332765
0.64382818381621743
0.56245700788504427
1.8717333413989061
1.0622794674175182
0.39733404373666281
30
0.092279599349157027
0.1143499967415012
0.11199081321033716
-0.026661147995872703
0.07855962188109504
0.17902544726384442
0.058095832056350251
0.25379592992133615
0.21357290140364862
0.15067934594888857
-0.46582923111251912
1.2308162701015972
-0.26445172760396357
-0.35475790832072568
0.36245087580081636
0.19815461941158471
0.031460124745773511
0.42549237756666924
-0.69539702058225916
0.32598591395490722
0.002068704527833034
0.87346120355983914
0.057911421516099328
-0.10603530648882217
0.48661984262934194
0.29219767993999313
0.20360698106375147
0.65413148691106415
-0.31872907046792448
0.48682816953644215
30
-0.47232244035950277
-0.17160544234614117
-0.44986530379216277
-0.50033569974916614
0.23396577734734392
0.020782498264707638
-0.11710101172733429
-0.27351544990510224
0.38103943743000113
0.12558848424591115
-0.032898763746918025
-0.32155466943638744
-0.19758654288648608
-0.26194934062401104
0.012972605725841661
-0.36764659874336658
-0.18653243640627079
-0.21324599135141806
-0.32353533269680623
-0.06744960949418112
-0.27962833638702783
-0.1948065875329342
-0.34209477579847059
-0.36852754736127202
0.46404718285735497
-0.1168805364187019
-0.045303581306986286
-0.20333460779868362
0.15059185629911478
0.16173806196254623
30
0.06911643874572479
-1.4254100598842676
0.029327889349625869
-0.030495375376191881
0.19091900188955629
-0.54279118515872493
-0.40605545906687451
-0.069175757623499215
0.92712596795071611
-1.2396495790043016
0.47841404902352447
-0.76764490596533252
0.50201117490133618
0.22367688569600783
0.058152306039716661
-0.645372196679181
-0.30642834503989508
0.19772520725479317
0.23890547022994155
-1.0319572495431588
0.093205982470876678
-1.5241301732335883
0.084677635462799342
-0.023310479062353
-0.11832743925990775
-0.65537392924889804
-0.53979320712571754
-0.09108450085486211
0.22669795253160802
-1.2820286181085845
30
1.1259356412773187
-2.1806257067054782
1.3003227948018825
1.0307007872691065
1.6019777092685445
3.2962208883914235
2.6704669907744556
2.5718233087322067
2.1794844112782243
2.3365361801905826
2.8055168426491282
-0.58836241331980577
3.1688820959471742
3.0594642550569624
-0.17106823231744342
1.3533321064779433
0.75294518197802274
0.69452171641330551
1.0953494201411258
1.1169457826903144
1.8765968076745208
-1.4502788629168855
2.2914032741796082
2.0020336932720109
1.3488954459192433
2.5837932438012023
2.0716260198881211
2.3519143544363654
2.6668496629859084
1.8545787548017372
30
-0.33623887181433887
-0.76551289275893775
-0.36216707492470745
-0.42453597384593039
0.17121963006989155
-0.31171834878890092
-0.71363169674350913
-0.64744140854317633
-0.31067016789623914
-0.1297479319079119
-1.0494324971578928
-0.58893950288840713
-1.0262174890340685
-0.77266625530389754
-1.3377675521875112
-0.72759737370779676
-0.56907422113759987
-0.71862503156516078
-0.22127336852830637
-0.8007116589708887
-0.50954283301606929
-0.47303710547028049
-0.53124268768848282
-0.53998712557425277
-0.68264393355958164
-0.38202382479933777
-0.45507794880451052
-0.47803556395842484
0.59930071533652018
-0.33209699365550993
30
-0.93848104750357619
0.53228486925421015
-0.9777331119991417
-0.85839354895744635
-1.614856748246428
-1.1904433511226629
-1.1311651726010825
-1.2719578593782546
-0.58007285628645844
-0.50168305832851079
-0.35698742505812769
0.17858962335156306
-0.40868158885405942
-0.52148957935726548
0.88533946619816462
-0.83167259777898195
-1.1362064810379986
-1.9248007421732702
1.0965114879157678
-0.68440739337854839
-0.96522922273128609
-0.17247944720462879
-0.99548779847513225
-0.83800861925166048
-1.4546288977615351
-1.1542220875307514
-1.3165083845426275
-1.7857493098539459
-0.73097042506059384
-1.0016855734345782
30
-0.79371129373212501
-0.42334399128654493
-0.81072882927547152
-0.74248190584471641
-0.57370846725893254
-0.98339293833584029
-0.77861794465459389
-0.72321955529722348
-0.79850746849474485
-0.5533407147758157
-0.86342672412464228
0.66142122908146894
-0.82645084213019981
-0.71061401527411727
-0.50592954052616446
-0.89452023308826667
-0.72729462842537373
-0.95563492762882341
-0.836007221313946
-0.94291179619902332
-0.67731827650212617
1.8112010973486725
-0.6686425859482088
-0.6453375468267647
0.58593954562608486
-0.59413845550384636
-0.45460202038697556
-0.42970565680205713
0.085584565767193949
-0.38007878399394568
30
0.12412894517887614
-1.3007628172050387
0.0859750706754938
-0.02164715834468578
0.98181230013093324
-0.2343127616881181
-0.25771453059927191
0.4252113239580772
-0.6201192018579772
-0.24634664217468677
-0.39881841768350951
-0.94231068206204749
-0.39320865354753598
-0.38578402833561581
-0.2594344108725225
-0.74714741579851662
-0.56837101932743195
-0.049847803953767839
0.17034347152606111
-0.077898820855992951
-0.10771028935810507
-1.5189777562347484
-0.13242609988265525
-0.24125858208978118
0.10739915845996056
-0.6850447258057788
-0.66305866726724927
-0.11914702759081766
-0.49630996167707414
-0.34503590340969503
30
-0.79081589865669599
-0.10072759846971709
-0.82415630929345474
-0.75368964741795752
-0.67950138999417264
-1.0415424557391375
-0.82726262145353446
-0.70414436663154956
0.70141020200215431
-0.49135152703904966
-0.56289337904908432
1.4674229932282046
-0.49765096686657095
-0.60728354600713552
-0.12489192096723281
-0.66434723753193836
-0.65240363564249404
-0.28685770001743027
1.5752834110682887
-0.36638791714949315
-0.82023809873098996
0.062814262409052982
-0.8405411599614584
-0.75493026692165943
-0.92642865909704064
-1.0052368112025845
-0.95818187898062301
-0.81868345794766095
0.55173440519121209
-0.7849588350519815
30
-0.59971982367838028
-0.33535770233650114
-0.65966967907315599
-0.60621936355952244
-1.430995944596219
-1.2543124931885796
-1.1115806230356755
-1.1258366881201058
-1.5957938030549896
-0.32161922728361797
-0.69325987062915739
-0.5798984329803174
-0.76732212506598418
-0.62131274810082493
-0.72584837587752693
-1.0704706119047454
-1.0945769338760598
-1.2726934306499205
-0.69074874948369103
-0.89929769660189574
-0.67317567295926062
-0.60528247510716715
-0.7379373398324427
-0.64162553533967948
-1.4004545143087661
-1.1515706546469451
-1.2797095992988312
-1.3498447278887722
-1.1860214587840405
-0.76177662174240024
30
-0.71553562669554083
2.4410985267537741
-0.71086194664171831
-0.69735599898403522
-0.20963489177697084
-0.36166973750911041
-0.22414463645416968
-0.74490778350614051
-0.077673248207399889
-0.17992965531386571
-0.36835895703395971
2.3369046099211035
-0.38934041972090494
-0.45512066176019628
0.97902090361369942
-0.076120971096455645
0.36688738819585431
-0.40387720998201032
0.48177763513012822
-0.72983874712555619
-0.66281916410209685
2.2388517082523718
-0.63979455536120966
-0.63384798746197735
0.37375654376940715
-0.33593939610460821
0.074630379911801284
-0.7201528085191955
-0.055528820997220105
-0.66311743486674046
30
0.043057883066863603
0.69603712924456929
0.19339491081936244
-0.017223049828932725
0.61700911828527938
1.8319969747608542
1.5734281858816814
0.98910525738991784
0.46841328231331508
1.4819709492480158
1.2159391228846232
0.10933887511938525
1.39170495502645
0.56064752829250986
0.82820043344826377
2.5907347705729178
1.2894881631361184
1.125298755916202
-0.41882489021745328
1.0806006996927084
0.27962314189982951
0.64160243861205102
0.3434177036142308
0.12923551681166998
1.430157021098396
2.3255941844019645
1.9778681216337517
0.9971179247949632
-0.11895056785763083
1.5472796481398454
30
0.27758488417661481
0.12901437823317488
0.35620310603741301
0.15944635023347239
0.54404848191614963
0.96452056759691007
1.0223752065186829
1.0314364979904549
0.12619905652033367
-0.0057695564343799507
0.29484503284223768
-0.47467576830531383
0.4705126994559129
0.19265076568111777
0.77604445588004001
0.66965563454071086
0.5750351240055479
1.1302502161403729
-0.65356258069514561
-0.097434302967206371
0.39561604110006626
-0.26522295318374406
0.47427474957587462
0.24501492271837347
1.0283636771570277
1.035230180949537
1.1597471718913077
1.511597581620812
-0.13480600457273353
-0.11644849775242891
30
-0.24937701955146793
0.20233628569154502
-0.20733144596733452
-0.32042195344187541
-0.99250252001774342
0.33536185470877522
0.14829117028771927
-0.53168375677751123
-0.79850746849474485
0.21266853368565555
-0.5003499531820087
-0.76495182131185901
0.28428487094525262
-0.43677478209921783
-0.65940764012182818
2.3613092766259411
1.565143272721929
0.33306512004880645
-0.62102468300516855
1.9983140453822674
-0.18227715312968629
-0.04710396689952831
0.22148272896815391
-0.27024762417939852
-0.55172250688205748
1.9461867646001498
1.8036783208159886
0.3298534001844684
-0.11736502418612074
2.1780514986563593
30
-0.88057314599499548
-1.0930174127396572
-0.90220353689798427
-0.80618906847156036
-1.3886787755021224
-1.0872994530400928
-0.78761214270856472
-1.0826170140748663
-1.0387855419238594
-0.10908486932898957
-0.88820041878627609
-1.0061752609872781
-0.87950090603828124
-0.72895989493509572
-0.88198410490341872
-0.62179714592272461
-0.45410072517515071
-1.2368778683617487
-1.010317387510252
-0.089710972830214994
-0.75395644204514012
-0.9316022183670174
-0.79593080338362543
-0.68882110996119061
-0.91739959518824565
-0.43189601475664774
-0.32705320448763009
-0.91955265127078956
-0.52167866042123834
0.38169952778368943
30
0.40498226749549182
0.43452232597638302
0.46530138118352987
0.44701340375742071
1.1350296365061079
0.99883831557262648
0.79688686094026029
0.94416097724613823
0.96353173665209724
0.85027160754953979
3.9223637331326207
0.0035391208757804549
3.6303071309810058
3.6826845788343197
0.42656618580506567
0.76970584994615943
0.44353638550415353
1.6055903976608104
-0.049287337881284497
0.9452152655266246
1.4188391161878717
0.32215258468398639
1.4735467369193351
1.5230074489862606
0.87486959070751713
0.9083401786530898
0.68762618169671541
1.5412191376198763
0.13315087591250199
1.0944178067433745
30
0.12702434025430509
2.0133873999132827
0.20640278208678411
0.021414164541976987
1.2736548456074561
1.0445953128735819
0.94510111056203217
0.65228446026589448
1.7571774943422043
1.1646453453574257
-0.13889768680735134
-0.34271462028510868
0.013508503081087508
-0.20097626998605314
-0.43417354591000995
0.97153128447094383
0.53073340996497131
-0.12577019405772663
-0.23638024959865309
0.78665984094956731
0.23612580469974043
1.950316356317346
0.49211889220700766
0.10042323717381865
1.6017092353654967
2.5339210538438923
2.0273646770573781
0.88330878858803297
2.0595864367974763
2.6740430392334469
30
-0.72422181192182833
-1.5793860655468446
-0.73310121042150367
-0.70472951317695698
-0.48250767179752013
-0.56166594654536905
-0.59962073549599226
-0.39658961239184776
-0.72933650796212035
0.43405848988839307
-0.7013823934690373
-1.2927964133926806
-0.76234868157460156
-0.65422741455140399
-0.25279033729695288
-0.70172231799949114
-0.54094614873088442
-0.78860566940011401
-0.47576621117491341
-0.53766412077571291
-0.67524697473069339
-1.4794758925769769
-0.73139448753436054
-0.66089264258216907
0.48661984262934194
-0.44957223398202362
-0.40177396604060489
-0.46852548545346218
-0.23310971220636981
0.1649727894010927
30
0.23125856296975036
0.78891154535850516
0.43173268113857044
0.098688593283797088
0.22083286280090042
2.2457164920236581
2.3309676839485163
1.265564841065028
0.80334635436602109
0.90045333095549251
-0.61406527294032798
-0.6468408229380892
0.33788753968570978
-0.42652267287690621
0.016959049871183528
2.106008726970658
1.650582292657327
1.762386638092899
-0.65240051292050361
0.93113154586505231
0.0062113080706992898
0.30841280602041404
0.53078120124113004
-0.094899272027566595
0.43244545917657301
2.857774641794526
2.9758900132043768
2.0728481163399199
-0.084068607084404404
1.6712775332841179
30
0.58739215724752014
-0.34757802024622964
0.63734096891394409
0.45910596703381246
0.55134454555306189
0.97595981692214917
0.58406639994489506
0.75367039454372331
0.64680154895008268
0.33517097611783653
-0.28510309792519023
-1.0107919775360901
-0.37110446025250204
-0.13406776769307266
-0.90656717713302692
0.18262958598660134
-0.19954166989437661
-0.42830441375458816
-0.41533868689352732
0.037496817661407049
0.80573379184376148
0.25517116369907022
0.74788493658658373
0.6621743088860379
0.55433782194530279
2.0459311445147703
1.1935380895362837
1.1202812365805455
2.14203470771601
2.0917921002951272
30
-0.75607115775154743
-1.1516749387063532
-0.74778751669117349
-0.72743993689115616
0.59512092737454059
-0.42763607528465408
-0.45875385893239345
-0.7574503733137069
-0.15048478561016201
0.42225102555758093
-0.81550383936935056
-0.08687157820511858
-0.71150903699602375
-0.69226813561313882
-0.6501059371160306
-0.25092134743700972
0.32504688049086511
-0.59813949944366107
-0.25264919844364181
-0.054728830445019
-0.81195289164525852
-0.66539400676029781
-0.7587555062354312
-0.74025898342508478
0.12997181823194753
-0.3491965605236399
-0.080998212622101662
-0.62723466443792086
0.034847168278864839
0.3935601950583596
30
-0.95006262780529205
1.1995142271253769
-0.96178797947778638
-0.85514920271256079
-1.0596263054773429
-0.73763973199862631
-0.93506631925535322
-1.0587338326496254
0.56670885780704416
0.059171497385091122
0.46866702161566826
1.3596996070892613
0.39204281325854268
-0.1888356143280526
0.4481594249256674
-0.39122164949982269
-0.68721212524580444
-0.94820773729256635
0.47131902515834989
-0.34412655381345925
-0.68146088004499206
0.97479207120368738
-0.7034386640789182
-0.67308925175402023
-0.5381789110188655
-0.58719422652244879
-1.0217183227215283
-1.2768821583752881
0.22194132151707685
-0.444234211525113
30
-0.17120135251488436
-0.10072759846971709
-0.15571956964821063
-0.275590987148911
0.68996975465441013
0.1904646965890833
-0.044260675374753936
0.13411871884080648
-0.052189210116432946
-0.30833582991145375
-0.77407897288596283
0.23245131642103473
-0.74134969794431949
-0.55872092337513368
-0.4889871529084614
-0.34119654179709841
0.02548290935934637
0.33141463330741611
-0.86622098345463905
-0.5771893985356098
-0.31484046650138547
0.24486632970139036
-0.30402727151871967
-0.37330013355895281
0.47307624676615001
0.0043278239838744331
0.31973351494225999
0.47952020944289753
-0.40117734138645805
-0.41188693713965058
30
1.1259356412773187
0.33187165553466552
1.0905184195208895
1.0032713144714378
0.52216029100540984
0.48979172059949894
0.3902477658241163
1.0337882335793733
0.62495808772925343
-0.32309516032496899
0.20102989404162427
-0.64991863397063043
0.11408258257349162
0.26468532258525396
0.1053252284262626
0.1274294671422159
-0.25403981018238764
0.51791963508453231
-0.75117627376507712
-0.18102799386170096
0.98593704595841491
-0.062561217896047516
0.90848222026678294
0.81772526644008225
0.71686097230360846
0.73978480246825695
0.25453132173998266
1.2917744555224948
0.22352686518858694
0.02857511574239335
30
-0.058280944573152187
-0.015185373101619321
-0.12928421836280507
-0.14345761281175332
-1.2062771845792966
-0.98091443431537173
-0.75176202933851199
-0.73105867392695256
-0.87860015963778237
-1.0241633549669711
-0.29485012533304622
-0.54777378032816826
-0.4412852739642345
-0.3126703020396574
-1.0663571466254822
-0.84432262501415356
-0.59825709625956702
-0.88912031195078989
-1.1602241304390755
-0.68940484229071941
0.01863911869929585
0.11090348773155745
-0.093763790848532924
-0.098788045966417784
-1.1702133846344998
-0.72481621906287408
-0.52028014200678785
-0.51514046042041017
-0.8926958795546408
-0.45663400003953991
30
0.14729210578230836
-0.88282794469233017
0.036461238109179714
0.03940553917270613
-1.4784203582361537
-1.3261891097821634
-0.9478608826842414
-0.78149033711154259
-0.68564958552046285
-1.5245046559851572
-0.35820580348410974
-0.57643589556870845
-0.49765096686657095
-0.29945047698983474
-0.62552286488642206
-1.1202657191122849
-0.9489789990807993
-0.88103292691797697
-0.65821085179371386
-1.2900982015336577
0.028995627556460016
-0.69115609175449622
-0.11458195725152177
-0.080581513434524035
-1.4094835782175612
-1.1706988490229766
-1.0906327575805776
-0.87948559920889768
-0.61681128071185443
-1.4852773254972391
30
-0.23200464909889362
0.55428144149172109
-0.27572767230893874
-0.31098385527493538
-0.7750798236377342
-0.78129953358995452
-0.70755111214364164
-0.63855707409615015
-0.019424018285190591
-0.87361818474910979
-0.57710779401887424
0.63064311875605661
-0.45675820927075822
-0.51312601657064294
-0.47038374689686563
-0.29059643285641179
-0.50508285641232231
-0.86865427635754877
-0.26891814728863012
-0.80798067557040998
-0.439118572787354
0.58836079629070659
-0.43458691510317782
-0.46875185751257098
-0.82710895610029778
-0.56573024603449262
-0.73968314249036349
-0.91051028154475944
-0.447158107860256
-0.96610357161057014
30
-0.85451459031613419
-1.5207285395801486
-0.87870544686651286
-0.79527626746603619
0.080018834608478112
-1.0215237694199695
-0.88008770016488391
-0.80526899695505383
0.035184634766881009
-0.26996157083631211
-0.72737446655665328
-0.82650804196268379
-0.78776850386389052
-0.66151180794620423
0.69930540608220804
-0.94983535218024462
-0.71569179855760379
-0.56612005666068732
0.38067773873627037
-0.96108433769782653
-0.89687626427400358
-1.6271785132103829
-0.93095148262586702
-0.78763132049836193
0.080311966733576712
-1.0517631453779483
-0.97783772262481317
-0.92734779758633268
-0.095167412784976813
-0.90464375027819177
30
1.855575200285434
2.0793771166258157
1.7870689454537874
1.9686117926087534
-0.35409695178784928
0.051287163132010975
0.83742409160604414
0.90731711968641193
-1.355515729625874
-1.0271152210496741
0.48653657186340438
-0.042628044612338094
0.50422159423083956
0.80966586545549735
-0.62917710535298532
-0.28082141181105186
0.0792778478371894
-0.12411970731633627
-0.88597613562355382
-0.38501477218576646
1.6881083464741355
1.9932531646410105
1.6400920681432452
1.7421928891760505
-0.45240280388531456
0.12490489084268741
0.65669083455694899
0.65101342838484677
-0.76426684216230922
-0.065771101215204172
30
1.8816337559642953
2.4508747810815565
2.0262459332741192
1.8093438860416438
1.5582013274470661
3.284781639066185
3.3203294698853023
2.6998622463511137
2.0993917201351855
1.0746134298349792
1.3069113786912785
0.73836650489499989
1.6121942831444129
1.2469992614914698
-0.13020717982768884
2.0743836588827289
1.3661371604444177
0.82160919550036682
0.30630540115917998
1.113311274390554
1.9511636714461016
2.343617520562113
2.2914032741796082
1.6520440387754112
1.47530234064237
3.862162669922125
3.1510316708572095
2.3456782373839307
1.8518802158296312
2.129530587078166
30
-1.0224475046910178
0.22433285792905597
-0.90891727690697588
-0.92387035499059156
-0.41684309906530165
1.1685205138970027
1.7571125123360145
0.28044893326241482
1.3385111542763219
3.191101411133149
-1.188733763861834
0.038164494991869365
-0.27163559042484953
-0.88414445347913728
0.52655949311739181
2.9282604972568165
4.260867412000513
2.892970055945328
-0.51527651551274278
3.8460072022730789
-1.1330046662173432
-0.50738655212921202
-0.92321902081904239
-0.94477314011830005
-0.81356536023710591
0.6665547513917004
1.5533399731926463
0.49822856060020076
-0.5105798547206668
1.9138820911750842
30
-0.62577837935724145
-0.25959173129618585
-0.67561481159451187
-0.63099437124773949
-1.0092834663826431
-1.0905405736822438
-0.88135448862318977
-0.91945882499477316
0.17352655583212886
-0.26258190562955402
-0.7184396914327853
-1.1123597416099507
-0.73748146411768845
-0.60782313070304661
0.098348951171914473
-0.98462292707696675
-0.67525769447295036
-0.60441134906094462
-0.074852828923409553
-0.49950178362822617
-0.6669617676449624
-0.76328992973825294
-0.71027891875418603
-0.63490856217257285
-0.80905082828270836
-1.0558665534124108
-0.87851146188528551
-0.80418448580075064
-0.21249764447673597
-0.56176264179229252
30
0.73795270116982936
0.50784423343475316
0.76322359408254004
0.74637807999004391
1.1423257001430211
0.78149257839308894
0.80068722631517741
1.1241994017755814
0.63587981833966856
0.062123363467793138
1.6350613014224282
-0.59528748814302357
1.4370185512812692
1.6889191274426867
-0.28767172356869442
-0.3843216346442746
-0.17246840020291307
-0.059750724402110447
-0.68842461393440679
-0.42408573640819314
2.1002973989892642
0.99368426686609967
2.0653774675185872
2.3484880987332915
2.1750547935739641
0.64067171609740037
0.91797553578359314
1.4804169963586393
1.1003325155337649
0.60058275112531767
30
-2.0616047972624951
-1.4351863142120505
-2.0150059433883727
-1.4984145809030545
1.4998328183517617
-0.55346781786228127
-1.1311651726010825
-1.2719578593782546
0.39924232178069169
2.2583117289989483
-0.73143572797659318
0.57101053000057034
-0.71924550464928561
-0.81386354683671247
1.0883159139318235
-0.84317262253822889
-1.1362064810379986
-1.9248007421732702
0.6955981056642635
0.1660675487654395
-1.7378247834757221
-1.0707174773356909
-1.6994392252733381
-1.2394361472121544
1.1773432316521426
-0.8592817438844822
-1.3165083845426275
-1.7857493098539459
0.020577275235273126
0.50246268548941542
319
0
0
0
0
1
1
1
0
1
0
0
0
0
0
0
1
1
0
0
0
0
1
1
1
0
1
1
0
0
0
0
0
0
0
0
0
0
0
0
1
0
0
0
0
0
0
0
0
0
0
1
1
1
0
0
0
0
0
1
0
0
1
1
0
1
0
1
0
0
0
0
0
0
0
0
1
1
0
0
1
1
0
1
0
0
0
1
0
0
0
1
0
1
0
0
0
0
0
0
1
0
0
1
0
1
1
0
0
1
1
0
0
0
1
0
1
1
0
1
0
1
0
1
1
0
0
1
1
0
1
1
0
0
1
1
1
0
0
1
1
0
1
1
0
0
1
1
0
1
0
0
1
1
0
0
0
1
0
0
0
0
0
1
0
1
1
0
0
1
0
1
0
1
0
0
1
0
0
0
0
1
1
0
0
0
1
0
0
0
1
0
0
0
0
0
0
1
0
0
1
0
0
0
1
0
0
1
1
1
0
1
0
0
0
0
1
0
0
1
1
1
0
0
0
1
0
0
0
0
1
0
0
0
1
0
1
0
0
1
0
0
0
0
1
1
0
0
0
1
0
1
1
0
1
1
1
1
0
0
0
0
1
0
1
0
0
0
0
1
1
0
1
1
0
1
0
1
1
0
0
1
0
0
1
1
1
0
0
1
0
0
0
0
0
0
0
1
1
0
0
1
1
0
1
1
0
0
0
1
0
0
0
0
1
1
0
0
1
0
