MLCPP_ARCHIVE_V1
"GaussianProcess_V1"
10
1
0.10000000000000001
-578.98575669177535
240
10
-0.98272832963011159
-1.0083683467310343
-1.0123799128926421
-0.41704942762282071
0.04488340693513785
-0.28334363430999043
1.4835734515057186
-0.82294097129266375
-0.4552527704567006
0.39617122710240821
10
1.7790374679252374
0.99170110133052136
0.17739734431388238
-0.1017685066648715
2.2659179769213305
2.3885974464110471
-0.72821901732139682
2.0929996660085948
1.1968085430487019
0.13567507777479734
10
0.98996152576656626
0.99170110133052136
-0.14920817727222199
-0.70830201049390551
-0.093931253688999183
0.06243697613626157
-0.8920554964937758
0.81522792606759398
0.68185328552019309
0.56983532665414882
10
0.5165159604713635
0.99170110133052136
-0.4058268013755903
-0.78111515621167671
-0.23274591431313621
-0.26448287374019502
1.3197369723333399
-0.82294097129266375
-1.9436799013565005
-0.38531722088042442
10
-0.035837199039706238
-1.0083683467310343
1.5071483964858807
-0.12579684475173586
2.4602585017951224
2.6526480943881854
-0.56438253814901795
1.9783278431933768
1.0184018300689832
-0.037989021776943258
10
-0.11474479325557335
0.99170110133052136
-0.68577439130653695
-0.34423628190504946
0.21146099968410229
0.36420914525299042
0.33671809729906621
-0.0038565226125348638
-0.52854724808212561
-1.6009659177426085
10
-1.0616359238459787
-1.0083683467310343
-1.3623144003063257
-2.1645649248493295
-0.010642457314516962
-0.27076979393012701
1.4016552119195294
-0.99494870551549075
-0.63081861221062752
-1.1668056688632571
10
0.75323874311896488
0.99170110133052136
0.64397666086546046
-0.70830201049390551
-0.87129335318416656
-0.15760523051135333
-1.1378102152523442
-0.0038565226125348638
-1.1756977133174764
-0.47214927065629475
10
1.3844994968459017
-1.0083683467310343
-1.0590378445477999
2.2770369639347137
0.6834308458061682
0.42707834715230897
-0.40054605897663897
0.5776934359503566
1.2657470181279147
0.83033147598175971
10
-0.58819035855077606
-1.0083683467310343
-1.4089723319614833
-2.3830043620026431
-0.95458214955864884
-0.79258416969447076
0.0090451389543083419
-0.82294097129266375
-0.68422699125551156
-0.21165312132868386
10
0.43760836625549643
-1.0083683467310343
-0.70910335713411621
1.1608114400812815
1.4052670810516807
1.527289380390384
-0.15479134021807059
0.78246454812038879
0.57371078752505522
1.4381558244128518
10
-0.82491314119837733
-1.0083683467310343
-1.1523537078581152
-1.6548729048249311
-0.62142696406071996
-1.6979006770446576
3.1219382432295082
-1.6420254199727926
-0.33896644161429373
-0.12482107155281355
10
-0.11474479325557335
-1.0083683467310343
1.2505297723825124
-0.78111515621167671
-0.92681921743382145
-0.82401877064412998
-1.6293196527694809
0.89713637093560661
1.1149914517459014
1.1776596750852408
10
0.5165159604713635
-1.0083683467310343
2.4169780637614577
1.3304660696036883
0.32251272818341192
-0.62283732456631047
-0.56438253814901795
0.51216668005594623
2.1217962141664812
0.48300327687827854
10
0.3587007720396293
-1.0083683467310343
-0.96572198123748365
-0.12579684475173586
-1.4820778599303694
-1.1949470618501092
-0.31862781939044954
-0.82294097129266375
-1.0080863109957663
0.39617122710240821
10
1.5423146852776359
-1.0083683467310343
-0.079221279789485927
-0.12579684475173586
1.821711062924092
2.105686037864114
0.25479985771287672
0.81522792606759398
-0.12590109967991456
0.56983532665414882
10
1.7001298737093702
0.99170110133052136
-0.49914266468590557
-0.90271310956035478
0.1836980675592749
1.0997788074750172
-1.5474014131832914
1.8472743314045561
-0.71149935502311223
1.1776596750852408
10
-1.1405435180618457
-1.0083683467310343
-1.3156564686511674
-0.56267571905836311
-0.066168321564171781
-0.063301427662375523
0.66439105564382406
-0.82294097129266375
-0.57892536448616549
-1.5141338679667382
10
0.2008855836078951
0.99170110133052136
1.5304773623134582
1.2576529238859171
0.40580152455789414
-0.42794279867842333
-1.0558919756661547
0.81522792606759398
2.2060753938649689
1.5249878741887222
10
1.5423146852776359
0.99170110133052136
-0.63911645965137931
0.45670832099043374
-0.70471576043520212
-0.90574873311324389
0.74630929523001355
-0.82294097129266375
-0.25089943361475092
-0.037989021776943258
10
-0.19365238747144045
0.99170110133052136
0.060752515175987842
-0.052983699033964667
1.6551334701751275
1.4455594179212692
0.74630929523001355
-0.0038565226125348638
0.61499811600656096
1.6986519737404626
10
-1.29835870649358
0.99170110133052136
-0.98905094706506291
-0.48986257334059191
-1.3987890635558873
-1.1195040195709274
-0.15479134021807059
-0.82294097129266375
-1.2472876682074272
-1.1668056688632571
10
-1.4561738949253142
-1.0083683467310343
-1.1523537078581152
-0.56267571905836311
-1.4820778599303694
-1.6098837943856119
1.0739822535747714
-1.6420254199727926
-1.7440613498908701
-2.2087902661737009
10
0.5165159604713635
0.99170110133052136
-0.38249783554801103
1.0392134867326033
-1.2322114708069229
-1.1886601416601774
0.090963378540497811
-0.82294097129266375
-0.47930548016840319
-0.29848517110455414
10
1.5423146852776359
-1.0083683467310343
1.5304773623134582
0.79674571149242535
0.48909032093237637
0.068723896326193509
-0.81013725690758631
0.92170890439601061
1.672938560491392
2.2196442723956844
10
-0.58819035855077606
0.99170110133052136
-0.12587921144464356
-0.85392830192944791
-0.1772200500634814
-0.23933519298046771
1.3197369723333399
-0.82294097129266375
-1.6516383393451135
-0.55898132043216509
10
-1.1405435180618457
0.99170110133052136
-0.84907715209958912
-1.4364334676716175
-0.59366403193589257
-0.70456728703542482
0.82822753481620304
-0.82294097129266375
-0.65733341031801718
1.4381558244128518
10
-1.6139890833570485
-1.0083683467310343
-0.19586610892738046
-0.12579684475173586
-1.2877373350565777
-1.1069301791910635
-0.072873100631881127
-0.82294097129266375
-0.82456602980962102
-0.037989021776943258
10
1.9368526563569715
-1.0083683467310343
0.17739734431388238
0.52952146670820499
0.65566791368134081
0.21332306069462598
1.4016552119195294
-0.82294097129266375
0.25591199306649048
0.65666737643001916
10
1.7790374679252374
0.99170110133052136
0.060752515175987842
0.74796090386151859
2.5990731624192591
1.8667830706467035
0.41863633688525564
0.81522792606759398
1.8153609046110821
-0.64581337020803531
10
0.12197798939202799
0.99170110133052136
-0.0092343823067490439
0.16545573811934894
-0.038405389439344371
-0.2770567141200585
-0.072873100631881127
-0.0038565226125348638
0.85760851868917232
-0.29848517110455414
10
-0.19365238747144045
0.99170110133052136
-0.82574818627201074
-0.85392830192944791
-0.12169418581382659
0.36420914525299042
-1.4654831735971021
1.6343123747477228
0.42901574642473023
-1.4273018181908681
10
1.3844994968459017
0.99170110133052136
-0.52247163051348477
0.23826888383712014
1.349741216802026
1.0117619248159717
0.66439105564382406
-0.0038565226125348638
0.85760851868917232
0.39617122710240821
10
-0.11474479325557335
0.99170110133052136
-0.21919507475495886
0.23826888383712014
-0.39932350706210068
-0.27076979393012701
-0.48246429856282846
-0.0038565226125348638
0.28867670787062077
1.4381558244128518
10
-1.8507118660046498
0.99170110133052136
-0.84907715209958912
-0.70830201049390551
-1.5931295884296792
-1.3584069867883377
-0.15479134021807059
-0.82294097129266375
-1.1410390843628178
-0.9063095195356462
10
-1.6928966775729155
0.99170110133052136
1.7171090889340905
1.1120266324503745
1.6273705380503001
1.332394854502496
0.58247281605763457
-0.0038565226125348638
0.90495637245236804
-0.21165312132868386
10
0.43760836625549643
-1.0083683467310343
0.13073941265872471
0.96640034101483219
-0.31603471068761846
-1.0566348176716087
1.4016552119195294
-0.82294097129266375
0.65533848741280343
1.2644917248611112
10
1.4634070910617689
0.99170110133052136
0.48067390007240829
-0.12579684475173586
0.46132738880754898
0.56539059133080949
-0.072873100631881127
-0.0038565226125348638
0.2394349399568983
0.048843027998927042
10
0.91105393155069914
-1.0083683467310343
-0.12587921144464356
0.60233461242597619
-0.81576748893451179
-0.93089641387297173
1.1559004931609609
-1.6420254199727926
-1.4387623888257883
0.48300327687827854
10
-1.1405435180618457
-1.0083683467310343
1.5771352939686167
-1.5820597591071599
-0.26050884643796363
0.012141614616806466
0.090963378540497811
-0.42158959143940039
-0.91414816912958585
0.048843027998927042
10
-0.43037517011904181
-1.0083683467310343
-1.8055647510303245
-0.56267571905836311
-0.67695282831037473
-0.64798500532603831
0.91014577440239242
-1.0932388393571062
-1.6516383393451135
-0.99314156931151654
10
-1.219451112277713
0.99170110133052136
-1.2689985369960097
-0.78111515621167671
-1.7319442490538162
-1.383554667548065
-0.31862781939044954
-0.82294097129266375
-1.5635713313455706
-2.2087902661737009
10
-2.1663422428681183
-1.0083683467310343
-0.47581369885832714
-1.3636203219538463
-1.1211597423076132
-1.169799381090382
0.25479985771287672
-0.82294097129266375
-0.31642886322301156
-1.0799736190873868
10
0.12197798939202799
0.99170110133052136
0.6906345925206181
1.7673449439103155
-0.70471576043520212
-0.91203565330317593
0.33671809729906621
-0.82294097129266375
0.2394349399568983
0.30933917732653793
10
0.43760836625549643
0.99170110133052136
-0.2425240405825381
1.4760923610392307
-0.1772200500634814
0.18188845974496673
-0.8920554964937758
0.81522792606759398
0.17182220478305518
0.048843027998927042
10
0.27979317782376223
0.99170110133052136
-0.45248473303074793
-0.63548886477613431
0.26698686393375709
0.60939903266033268
-0.48246429856282846
0.81522792606759398
-0.06643219535334223
-0.037989021776943258
10
-0.50928276433490893
0.99170110133052136
1.0172401141067233
0.45670832099043374
2.2659179769213305
1.8227746293171805
0.0090451389543083419
0.81522792606759398
1.6013486056014414
1.2644917248611112
10
0.59542355468723063
0.99170110133052136
2.0670435763477739
2.0585975267814001
-0.64918989618554734
-0.60397656399651511
-0.97397373607996529
-0.0038565226125348638
0.82124536699903916
2.2196442723956844
10
0.043070395176160875
-1.0083683467310343
-1.3856433661339043
-0.12579684475173586
-0.093931253688999183
-0.35249975639924092
0.91014577440239242
-0.82294097129266375
-0.0086678137622442971
0.13567507777479734
10
0.27979317782376223
-1.0083683467310343
0.36402907093451381
-0.70830201049390551
0.87777137067996003
0.6848420749395151
-0.072873100631881127
-0.0038565226125348638
0.99624303450780738
-1.4273018181908681
10
1.3844994968459017
0.99170110133052136
1.9503987472098796
1.4760923610392307
0.46132738880754898
0.79171971816835673
-1.1378102152523442
1.6343123747477228
0.66859588646649737
1.5249878741887222
10
-0.35146757590317468
-1.0083683467310343
1.2038718407273539
1.4760923610392307
-0.62142696406071996
-0.52224660152740121
0.17288161812668726
-0.82294097129266375
-0.50373697271021212
-0.21165312132868386
10
0.2008855836078951
0.99170110133052136
0.6906345925206181
0.89358719529706099
-0.010642457314516962
0.77914587778849287
-1.4654831735971021
1.6343123747477228
-0.43138945216005042
0.30933917732653793
10
-1.929619460220517
-1.0083683467310343
-0.21919507475495886
-0.78111515621167671
0.29474979605858453
0.54024291057108265
-0.81013725690758631
0.81522792606759398
0.53128711055323208
-0.21165312132868386
10
0.75323874311896488
-1.0083683467310343
0.43401596841725065
1.1848397781681457
0.29474979605858453
-1.0566348176716087
-1.5474014131832914
1.6343123747477228
2.7625073712900359
0.13567507777479734
10
-0.58819035855077606
0.99170110133052136
1.3438456356928277
1.0392134867326033
1.766185198674437
1.7724792677977257
-0.072873100631881127
0.81522792606759398
0.84548746812579401
1.0039955755335004
10
0.43760836625549643
0.99170110133052136
1.0172401141067233
0.62636295051284052
-1.2044485386820956
-1.0817824984313362
-1.6293196527694809
0.65141103633156805
1.0074171279959223
0.83033147598175971
10
0.3587007720396293
-1.0083683467310343
0.55066079755514519
-0.48986257334059191
-0.45484937131175546
-0.48452508038780995
-0.72821901732139682
-0.0038565226125348638
0.83355580897746973
0.65666737643001916
10
0.91105393155069914
-1.0083683467310343
-1.3623144003063257
0.74796090386151859
0.29474979605858453
-1.1257909397608588
4.0230388786775917
-1.6420254199727926
0.047202653678325199
-1.0799736190873868
10
-0.7460055469825102
0.99170110133052136
0.15406837848630314
-0.12579684475173586
-1.4265519956807147
-1.2200947426098367
-0.15479134021807059
-0.82294097129266375
-0.88384554272114269
0.65666737643001916
10
-0.50928276433490893
-1.0083683467310343
-1.3856433661339043
-1.7276860505427023
-0.73247869256002951
-1.037774057101813
1.3197369723333399
-1.6420254199727926
-0.71149935502311223
-0.9063095195356462
10
-1.1405435180618457
-1.0083683467310343
-0.17253714309980123
-0.12579684475173586
0.85000843855513264
0.9363188825367893
0.58247281605763457
-0.0038565226125348638
-0.31642886322301156
-0.29848517110455414
10
1.1477767141983004
-1.0083683467310343
-0.4291557672031695
-1.5820597591071599
-0.76024162468485701
-0.71714112741528835
-0.15479134021807059
-0.82294097129266375
0.047202653678325199
-1.1668056688632571
10
-0.7460055469825102
-1.0083683467310343
-1.2456695711684311
0.019829446683806533
-1.037870945933131
-1.5281538319164978
1.4835734515057186
-1.6420254199727926
-0.38460977264201335
0.30933917732653793
10
0.91105393155069914
-1.0083683467310343
-0.14920817727222199
-0.56267571905836311
0.54461618518203114
0.36420914525299042
1.5654916910919081
-0.82294097129266375
-0.94482957836813708
-0.64581337020803531
10
-1.0616359238459787
-1.0083683467310343
-1.1990116395132728
-0.92674144764721911
-0.87129335318416656
-0.83030569083406192
0.0090451389543083419
-0.82294097129266375
-0.18726391815701535
0.30933917732653793
10
-1.29835870649358
0.99170110133052136
1.2038718407273539
-0.41704942762282071
-0.95458214955864884
-0.94347025425283515
0.50055457647144508
-0.82294097129266375
-0.85392169914280247
-0.12482107155281355
10
1.0688691199824334
0.99170110133052136
-0.63911645965137931
-1.0483394009958971
1.0443489634289245
-0.044440667092580134
2.9581017640571292
-1.1341930617911127
0.5026890068802633
0.39617122710240821
10
0.043070395176160875
0.99170110133052136
0.27071320762419765
-0.41704942762282071
-0.28827177856279101
-0.038153746902648195
-1.0558919756661547
0.81522792606759398
0.55969582281115016
0.48300327687827854
10
-2.3241574312998523
-1.0083683467310343
-0.21919507475495886
-0.85392830192944791
1.0443489634289245
1.332394854502496
-0.31862781939044954
0.81522792606759398
0.20591265949255524
-0.64581337020803531
10
-1.0616359238459787
-1.0083683467310343
0.57398976338272356
0.16545573811934894
0.46132738880754898
0.39564374620264969
1.1559004931609609
-0.82294097129266375
-0.79558914330654584
0.13567507777479734
10
0.3587007720396293
0.99170110133052136
0.24738424179661925
-0.92674144764721911
-1.8985218418027807
-1.8613606019828861
-0.8920554964937758
-0.82294097129266375
0.41386443322050781
0.13567507777479734
10
-0.11474479325557335
0.99170110133052136
-0.31251093806527497
-1.4364334676716175
1.0443489634289245
1.6278801034292933
-0.64630077773520733
0.81522792606759398
-0.31642886322301156
0.91716352575763005
10
-0.82491314119837733
0.99170110133052136
1.5771352939686167
-1.2179940305183039
3.1543318049158073
3.1681755499625974
0.0090451389543083419
1.650694063721325
1.1045749239179974
1.4381558244128518
10
-0.58819035855077606
0.99170110133052136
-0.47581369885832714
-0.34423628190504946
0.32251272818341192
0.29505302316373994
0.58247281605763457
-0.0038565226125348638
-0.16662025391626331
-0.47214927065629475
10
0.43760836625549643
0.99170110133052136
0.24738424179661925
0.38389517527266254
0.35027566030823931
0.9363188825367893
-1.3835649340109126
1.6343123747477228
0.25591199306649048
-1.3404697684149978
10
-1.6928966775729155
-1.0083683467310343
-0.84907715209958912
-1.7276860505427023
-1.9818106381772629
-2.2260019729989335
0.50055457647144508
-1.6420254199727926
-0.36169341142062655
-1.0799736190873868
10
-1.219451112277713
-1.0083683467310343
-0.21919507475495886
-0.70830201049390551
-0.89905628530899395
-0.91832257349310786
0.090963378540497811
-0.82294097129266375
-0.10582560968432123
-1.8614620670702196
10
0.98996152576656626
0.99170110133052136
0.15406837848630314
1.1848397781681457
1.349741216802026
1.8290615495071127
-0.8920554964937758
1.6343123747477228
0.38337241539701056
-0.21165312132868386
10
-1.0616359238459787
0.99170110133052136
-0.49914266468590557
-0.0041988914030578386
-0.89905628530899395
-0.5285335217173327
-1.4654831735971021
0.68417441427877324
0.45875019858801808
0.22250712755066762
10
1.0688691199824334
-1.0083683467310343
1.3438456356928277
-0.48986257334059191
-0.42708643918692807
-1.4212761886876562
-0.97397373607996529
-0.0038565226125348638
2.2234994040498246
0.74349942620588938
10
1.3055919026300347
0.99170110133052136
0.38735803676209218
0.60233461242597619
-0.7880045568096844
-0.5473942822871285
-0.64630077773520733
-0.0038565226125348638
0.010081936327980988
-0.47214927065629475
10
0.43760836625549643
-1.0083683467310343
-0.84907715209958912
-0.34423628190504946
-0.12169418581382659
-0.31477823525964971
1.1559004931609609
-0.82294097129266375
-0.57892536448616549
0.048843027998927042
10
1.6212222794935032
-1.0083683467310343
1.8804118497271418
1.3304660696036883
0.35027566030823931
0.30133994335367187
0.33671809729906621
-0.0038565226125348638
0.18886743213780605
1.785484023516333
10
0.12197798939202799
0.99170110133052136
0.78395045583093426
-0.028955360947100297
3.1265688727909802
4.0294836159832617
-1.3835649340109126
4.165283321169321
0.38337241539701056
1.5249878741887222
10
1.5423146852776359
-1.0083683467310343
0.29404217345177691
0.89358719529706099
1.4885558774261631
1.1123526478548811
1.1559004931609609
-0.0038565226125348638
0.58753636082390792
-0.12482107155281355
10
0.043070395176160875
0.99170110133052136
1.3205166698652484
-0.052983699033964667
1.2942153525523712
1.3072471737427691
-1.3016466944247231
2.4533968234278518
1.4932061076063035
2.6538045212750361
10
0.5165159604713635
-1.0083683467310343
1.5538063281410375
0.52952146670820499
-0.64918989618554734
-0.25190903336033116
-0.72821901732139682
-0.0038565226125348638
-0.33896644161429373
-0.21165312132868386
10
0.27979317782376223
-1.0083683467310343
-0.52247163051348477
-0.85392830192944791
-0.56590109981106507
-0.86802721197365318
1.7293281702642871
-1.6420254199727926
-1.4387623888257883
0.22250712755066762
10
0.3587007720396293
0.99170110133052136
1.600464259796196
1.6217186524747731
-0.12169418581382659
0.15045385879530745
-0.15479134021807059
-0.0038565226125348638
-0.43138945216005042
1.2644917248611112
10
0.27979317782376223
-1.0083683467310343
0.52733183172756593
1.1120266324503745
0.21146099968410229
-0.53482044190726463
0.82822753481620304
-0.82294097129266375
1.1968085430487019
-0.55898132043216509
10
-0.11474479325557335
-1.0083683467310343
0.22405527596904001
-1.0723677390827615
0.57237911730685864
0.98661424405624387
-0.97397373607996529
1.6343123747477228
0.36784231936268347
0.048843027998927042
10
-0.90382073541424446
0.99170110133052136
-0.61578749382380016
-0.052983699033964667
0.48909032093237637
0.77285895759856138
0.25479985771287672
-0.0038565226125348638
-0.79558914330654584
1.3513237746369815
10
0.043070395176160875
0.99170110133052136
0.59731872921030282
-0.19860999046950709
0.54461618518203114
0.8105804787381522
-0.48246429856282846
0.81522792606759398
0.25591199306649048
0.048843027998927042
10
-0.66709795276664308
0.99170110133052136
0.64397666086546046
1.4760923610392307
-2.5093063485489835
-2.1065504893902283
-1.2197284548385336
-1.0113303944890932
-0.57892536448616549
0.30933917732653793
10
-0.90382073541424446
-1.0083683467310343
-0.68577439130653695
-0.48986257334059191
0.98882309917926969
0.87344968063747075
1.2378187327471504
-0.49530719182061222
-0.47930548016840319
-0.81947746975977598
10
-1.5350814891411813
-1.0083683467310343
2.0437146105201949
0.26229722192398452
0.46132738880754898
0.8923104412072661
0.0090451389543083419
0.0616702332818755
-1.0732369577739223
-0.037989021776943258
10
0.043070395176160875
-1.0083683467310343
-0.055892313961906692
-0.12579684475173586
-0.12169418581382659
-0.44051663905828681
1.1559004931609609
-0.82294097129266375
-0.12590109967991456
-0.29848517110455414
10
0.3587007720396293
-1.0083683467310343
0.59731872921030282
1.2336245857990527
-1.1766856065572682
-0.84916645140385738
-0.31862781939044954
-0.70007830399064441
-1.0080863109957663
-0.55898132043216509
10
-1.219451112277713
-1.0083683467310343
-1.7122488877200093
-1.8004991962604735
-0.70471576043520212
-0.70456728703542482
0.74630929523001355
-0.82294097129266375
-1.1067592382382636
-2.9034466643806631
10
0.83214633733483201
0.99170110133052136
-0.61578749382380016
-0.85392830192944791
-0.62142696406071996
-0.44680355924821874
-0.23670957980426005
-0.0038565226125348638
-0.20828636522787541
0.048843027998927042
10
-0.19365238747144045
-1.0083683467310343
-0.31251093806527497
1.4760923610392307
0.29474979605858453
0.48366062886169553
0.33671809729906621
-0.0038565226125348638
-0.63081861221062752
1.0039955755335004
10
-0.50928276433490893
-1.0083683467310343
0.6906345925206181
-0.12579684475173586
1.7106593344247822
1.8856438312164989
-0.40054605897663897
1.6343123747477228
0.74643575805319029
0.048843027998927042
10
-0.90382073541424446
0.99170110133052136
-1.1290247420305366
-0.85392830192944791
-1.648655452679334
-1.4024154281178609
-0.072873100631881127
-0.82294097129266375
-1.4387623888257883
-0.64581337020803531
10
0.83214633733483201
0.99170110133052136
1.3671746015204069
0.45670832099043374
-0.84353042105933917
-0.66055884570590173
-0.97397373607996529
-0.0038565226125348638
0.47352272896213415
-0.38531722088042442
10
1.7790374679252374
0.99170110133052136
-0.52247163051348477
-0.78111515621167671
-1.3710261314310599
-0.89317489273338047
-0.8920554964937758
-0.0038565226125348638
-0.79558914330654584
-0.12482107155281355
10
0.98996152576656626
-1.0083683467310343
-0.10255024561706434
-0.34423628190504946
2.571310230294432
2.5520573713492762
0.41863633688525564
0.81522792606759398
0.733746533244655
-0.12482107155281355
10
0.91105393155069914
0.99170110133052136
0.34070010510693455
0.89358719529706099
-0.56590109981106507
0.012141614616806466
-0.97397373607996529
-0.0038565226125348638
-0.63081861221062752
0.30933917732653793
10
2.410298221652174
0.99170110133052136
0.17739734431388238
0.60233461242597619
-0.51037523556141029
-0.10730986899189868
-1.0558919756661547
0.81522792606759398
0.1015579897984743
1.6118199239645923
10
-0.35146757590317468
-1.0083683467310343
-0.2658530064101165
2.7867289839591121
-0.14945711793865399
-0.038153746902648195
0.41863633688525564
-0.82294097129266375
-0.68422699125551156
-0.64581337020803531
10
0.59542355468723063
-1.0083683467310343
2.0437146105201949
-1.1211525467136683
0.21146099968410229
0.83572815949787993
-0.64630077773520733
0.52035752454274731
-0.94482957836813708
0.39617122710240821
10
1.4634070910617689
0.99170110133052136
-0.61578749382380016
1.2088681162550101
0.04488340693513785
-0.2770567141200585
1.6474099306780976
-1.0686663058967023
-0.73915050162081763
0.13567507777479734
10
1.4634070910617689
0.99170110133052136
-0.87240611792716838
0.23826888383712014
0.10040927118479266
0.15674077898523939
0.91014577440239242
-0.82294097129266375
-1.1756977133174764
-0.47214927065629475
10
-0.50928276433490893
-1.0083683467310343
-1.4789592294442202
-1.3636203219538463
-1.1489226744324406
-0.97490485520249448
0.41863633688525564
-0.82294097129266375
-1.791977377899223
-1.0799736190873868
10
1.4634070910617689
0.99170110133052136
-0.10255024561706434
1.3304660696036883
-0.81576748893451179
-1.8865082827426134
1.1559004931609609
-1.6420254199727926
1.2945345132159374
1.0908276253093705
10
1.5423146852776359
0.99170110133052136
-0.3358399038928534
0.45670832099043374
0.93329723492961492
1.1689349295642681
0.82822753481620304
-0.0038565226125348638
-1.3988008002496515
-0.38531722088042442
10
0.83214633733483201
0.99170110133052136
-0.17253714309980123
0.043857784770670906
0.072646339059965259
0.79171971816835673
-1.2197284548385336
1.1674342390000492
-0.47930548016840319
2.2196442723956844
10
-1.1405435180618457
-1.0083683467310343
-1.1756826736856942
-0.78111515621167671
1.8494739950489194
-0.025579906522784305
0.17288161812668726
0.81522792606759398
2.8102340078833379
0.048843027998927042
10
-0.58819035855077606
-1.0083683467310343
-0.73243232296169458
-0.63548886477613431
-1.0933968101827858
-1.1383647801407228
0.66439105564382406
-0.82294097129266375
-0.97626855326689943
-2.7297825648289225
10
0.27979317782376223
0.99170110133052136
-0.4058268013755903
-0.052983699033964667
0.82224550643030525
1.1060657276649495
-0.15479134021807059
0.81522792606759398
-0.046924879602905901
-0.21165312132868386
10
0.67433114890309775
0.99170110133052136
-0.70910335713411621
0.91761553338392532
1.210926556177889
1.4204117371615423
-0.72821901732139682
1.3312511287360751
0.79662448304217792
1.785484023516333
10
0.2008855836078951
-1.0083683467310343
-0.4058268013755903
-1.1451808848005327
0.6834308458061682
0.45222602791203631
1.2378187327471504
-0.82294097129266375
-0.16662025391626331
-0.037989021776943258
10
0.2008855836078951
-1.0083683467310343
-0.2425240405825381
0.60233461242597619
-0.31603471068761846
-0.063301427662375523
-1.0558919756661547
0.81522792606759398
0.54549146668219117
-0.12482107155281355
10
0.98996152576656626
0.99170110133052136
-0.032563348134327451
2.2770369639347137
0.76671964218065047
0.48994754905162796
0.58247281605763457
-0.0038565226125348638
0.64208108835910938
0.39617122710240821
10
0.27979317782376223
-1.0083683467310343
-0.75576128878927384
0.89358719529706099
-0.23274591431313621
0.29819648325870612
-0.6053416579421127
0.16815121161029217
-0.85392169914280247
0.13567507777479734
10
0.3587007720396293
-1.0083683467310343
-0.98905094706506291
-0.052983699033964667
-0.34379764281244585
-0.82401877064412998
0.74630929523001355
-0.82294097129266375
0.62844490647530904
0.56983532665414882
10
-2.0085270544363842
-1.0083683467310343
-1.7355778535475879
-1.2179940305183039
-1.1766856065572682
-1.3269723858386784
1.0739822535747714
-1.6420254199727926
-1.3215291029081173
-0.47214927065629475
10
-1.4561738949253142
0.99170110133052136
-0.2425240405825381
-0.85392830192944791
-0.26050884643796363
0.13159309822551207
-1.3016466944247231
0.81522792606759398
0.45875019858801808
-0.73264541998390564
10
-1.29835870649358
-1.0083683467310343
0.060752515175987842
-0.63548886477613431
-0.093931253688999183
-0.39650819772876406
0.25479985771287672
-0.0038565226125348638
0.72086791702106567
-1.1668056688632571
10
-1.3772663007094472
-1.0083683467310343
-0.68577439130653695
-0.70830201049390551
0.072646339059965259
0.52138215000128718
-0.56438253814901795
-0.0038565226125348638
-0.40790491669350487
-1.2536377186391274
10
0.83214633733483201
0.99170110133052136
-0.35916886972043266
1.4032792153214595
-0.98234508168347623
-0.2959174746898543
-1.7112378923556704
0.81522792606759398
-0.18726391815701535
-0.29848517110455414
10
-0.035837199039706238
-1.0083683467310343
-1.3623144003063257
0.23826888383712014
0.60014204943168603
0.79171971816835673
-0.31862781939044954
0.81522792606759398
0.30477497815010657
-1.1668056688632571
10
-0.7460055469825102
-1.0083683467310343
-0.77909025461685311
-1.2908071762360751
0.46132738880754898
0.91117120177706146
-0.31862781939044954
-0.0038565226125348638
-0.57892536448616549
-1.5141338679667382
10
0.67433114890309775
0.99170110133052136
1.2505297723825124
1.6217186524747731
1.0443489634289245
-0.20790059203080843
-0.81013725690758631
1.6343123747477228
2.5541768147319788
1.8723160732922033
10
-0.035837199039706238
0.99170110133052136
1.5771352939686167
2.0585975267814001
1.821711062924092
1.5524370611501108
-0.48246429856282846
1.6343123747477228
1.5439630068404482
0.48300327687827854
10
-2.3241574312998523
-1.0083683467310343
-0.70910335713411621
-1.4364334676716175
-1.2322114708069229
-1.377267747358133
0.17288161812668726
-0.82294097129266375
0.047202653678325199
-1.6877979675184789
10
-2.0085270544363842
-1.0083683467310343
0.64397666086546046
-0.34423628190504946
0.79448257430547786
0.54024291057108265
1.2378187327471504
-0.82294097129266375
-0.046924879602905901
-0.037989021776943258
10
-0.11474479325557335
0.99170110133052136
-0.87240611792716838
-0.92674144764721911
-1.5653666563048518
-1.4904323107769066
-0.72821901732139682
-0.82294097129266375
0.27238904617608095
-0.21165312132868386
10
1.5423146852776359
0.99170110133052136
-0.12587921144464356
1.0392134867326033
1.2664524204275438
-0.050727587282512081
-1.2197284548385336
2.4533968234278518
2.7405379671439141
1.1776596750852408
10
1.1477767141983004
0.99170110133052136
-0.49914266468590557
1.1848397781681457
-0.093931253688999183
-0.063301427662375523
-0.48246429856282846
-0.0038565226125348638
0.61499811600656096
-0.81947746975977598
10
-0.50928276433490893
-1.0083683467310343
1.0172401141067233
1.9129712353458579
-0.31603471068761846
-0.6731326860857656
1.5654916910919081
-0.82294097129266375
-0.65733341031801718
-0.21165312132868386
10
0.043070395176160875
0.99170110133052136
-0.10255024561706434
-0.41704942762282071
-0.14945711793865399
0.13788001841544356
-0.8920554964937758
0.81522792606759398
0.36784231936268347
2.0459801728439437
10
0.12197798939202799
-1.0083683467310343
-1.0123799128926421
-0.27142313618727826
0.072646339059965259
-0.094736028612034798
1.4016552119195294
-0.82294097129266375
-1.0080863109957663
-1.2536377186391274
10
0.043070395176160875
0.99170110133052136
-1.2223406053408521
-0.92674144764721911
-1.8985218418027807
-0.90574873311324389
-2.2027473298728073
0.81522792606759398
-1.2111139079323463
-1.5141338679667382
10
-0.58819035855077606
0.99170110133052136
1.3438456356928277
2.2770369639347137
0.29474979605858453
-0.31477823525964971
-0.072873100631881127
-0.0038565226125348638
1.5185845572233758
2.8274686208267767
10
-1.1405435180618457
-1.0083683467310343
1.2038718407273539
-0.56267571905836311
-1.0656338780579584
-0.64169808513610627
-0.31862781939044954
-0.82294097129266375
-1.4794815430621362
-1.2536377186391274
10
-0.90382073541424446
-1.0083683467310343
-1.0357088787202207
-0.78111515621167671
-0.093931253688999183
-0.41536895829855947
1.8931646494366661
-0.82294097129266375
-1.3215291029081173
0.13567507777479734
10
0.59542355468723063
-1.0083683467310343
-0.12587921144464356
-1.0723677390827615
1.5718446738006453
1.1752218497541995
0.74630929523001355
-0.0038565226125348638
0.96253136262841366
0.30933917732653793
10
-1.1405435180618457
0.99170110133052136
2.1603594396580892
1.8401580896280867
1.2664524204275438
1.0180488450059031
-1.3016466944247231
2.4533968234278518
1.8153609046110821
0.83033147598175971
10
0.59542355468723063
-1.0083683467310343
0.17739734431388238
0.74796090386151859
1.6551334701751275
1.4581332583011331
0.33671809729906621
0.81522792606759398
0.90495637245236804
0.22250712755066762
10
-1.5350814891411813
-1.0083683467310343
0.87726631914124953
-0.70830201049390551
-0.20498298218830882
-0.6542719255159698
-0.56438253814901795
-0.0038565226125348638
1.4672594837440724
-0.29848517110455414
10
0.2008855836078951
-1.0083683467310343
1.2272008065549331
-0.12579684475173586
1.210926556177889
0.9363188825367893
-0.072873100631881127
0.56950259146355542
1.2168840330442969
2.2196442723956844
10
-2.0085270544363842
0.99170110133052136
-1.9222095801682191
-1.2179940305183039
-0.45484937131175546
-0.57254196304685578
-0.15479134021807059
-0.0038565226125348638
0.55969582281115016
0.048843027998927042
10
0.043070395176160875
-1.0083683467310343
-0.82574818627201074
-2.1405365867624653
-0.53813816768623768
-0.56625504285692385
0.99206401398858191
-1.060475461409901
-1.3597861687487789
-2.7297825648289225
10
-0.58819035855077606
-1.0083683467310343
1.9503987472098796
-0.53864738097149867
0.48909032093237637
0.8923104412072661
-0.72821901732139682
0.81522792606759398
0.11936078281343453
1.6118199239645923
10
0.91105393155069914
0.99170110133052136
0.29404217345177691
0.82077404957928979
1.1554006919282342
0.93003196234685781
0.090963378540497811
-0.0038565226125348638
1.0074171279959223
-0.037989021776943258
10
-0.98272832963011159
-1.0083683467310343
0.36402907093451381
-1.5820597591071599
-0.95458214955864884
-0.30849131506971778
-0.64630077773520733
-0.0038565226125348638
-2.1084504324524187
-1.6009659177426085
10
0.91105393155069914
0.99170110133052136
1.5771352939686167
0.16545573811934894
0.82224550643030525
0.35792222506305849
-0.40054605897663897
0.81522792606759398
1.5850609439069014
1.785484023516333
10
0.98996152576656626
-1.0083683467310343
1.1572139090721962
-1.1451808848005327
1.3219782846771986
1.3386817746924282
-0.23670957980426005
0.81522792606759398
0.83355580897746973
0.39617122710240821
10
-1.219451112277713
0.99170110133052136
-0.19586610892738046
0.52952146670820499
0.51685325305720375
0.84201507968781142
-0.8920554964937758
0.81522792606759398
0.48810586792119787
1.1776596750852408
10
0.75323874311896488
0.99170110133052136
2.7435835853475621
0.60233461242597619
-1.037870945933131
-0.22047443241067188
-2.2846655694589968
2.4533968234278518
0.065573620938445806
0.56983532665414882
10
0.59542355468723063
0.99170110133052136
0.41068700258967145
-0.70830201049390551
-0.093931253688999183
0.96146656329651703
-1.4654831735971021
1.6343123747477228
-1.9436799013565005
-1.2536377186391274
10
-0.98272832963011159
-1.0083683467310343
-0.80241922044443148
-0.56267571905836311
-0.26050884643796363
0.056150055946329623
-0.72821901732139682
-0.0038565226125348638
0.083755196783512384
-0.81947746975977598
10
-1.3772663007094472
0.99170110133052136
-1.68891992189243
-0.12579684475173586
-1.3987890635558873
-1.2955377848890191
-0.23670957980426005
-0.82294097129266375
-0.31642886322301156
-1.1668056688632571
10
-1.5350814891411813
0.99170110133052136
-1.89888061434064
-1.5820597591071599
-0.81576748893451179
-0.47823816019787802
-0.72821901732139682
-0.0038565226125348638
-0.20828636522787541
-1.1668056688632571
10
0.91105393155069914
0.99170110133052136
-0.66244542547895857
-0.48986257334059191
-0.95458214955864884
-0.76743648893474337
0.66439105564382406
-0.82294097129266375
-2.559959565938247
0.30933917732653793
10
0.27979317782376223
-1.0083683467310343
-0.4058268013755903
-0.34423628190504946
0.29474979605858453
0.46479986829190018
-1.7112378923556704
2.4533968234278518
1.3040040839685763
-0.47214927065629475
10
-0.98272832963011159
0.99170110133052136
-0.98905094706506291
-0.34423628190504946
-0.76024162468485701
-0.45937739962808261
0.0090451389543083419
-0.82294097129266375
-1.2472876682074272
-0.81947746975977598
10
1.0688691199824334
0.99170110133052136
1.29718770403767
1.4760923610392307
0.32251272818341192
0.45222602791203631
-0.48246429856282846
0.81522792606759398
0.51708275442427298
0.56983532665414882
10
-0.19365238747144045
0.99170110133052136
-0.35916886972043266
-0.70830201049390551
-0.37156057493727324
0.28247918278387646
-1.6293196527694809
1.6343123747477228
0.065573620938445806
0.39617122710240821
10
-0.19365238747144045
0.99170110133052136
3.7234001501058769
0.31108202955489134
0.65566791368134081
0.71627667588917432
-0.48246429856282846
0.81522792606759398
0.75912498286172736
0.65666737643001916
10
0.2008855836078951
-1.0083683467310343
0.34070010510693455
0.31108202955489134
1.1554006919282342
0.98661424405624387
1.5654916910919081
-0.82294097129266375
-0.63081861221062752
-1.2536377186391274
10
-0.66709795276664308
-1.0083683467310343
0.15406837848630314
-0.19860999046950709
0.43356445668272153
0.17560153955503477
1.6474099306780976
-0.82294097129266375
-0.79558914330654584
-0.9063095195356462
10
0.12197798939202799
-1.0083683467310343
1.1105559774170386
2.0585975267814001
-0.26050884643796363
-0.28963055449992237
-0.15479134021807059
-0.0038565226125348638
0.41386443322050781
-0.29848517110455414
10
-0.66709795276664308
0.99170110133052136
1.3205166698652484
0.019829446683806533
0.29474979605858453
0.67226823455965123
-0.97397373607996529
0.81522792606759398
0.36784231936268347
0.13567507777479734
10
-1.1405435180618457
-1.0083683467310343
0.014094583520830194
-0.56267571905836311
0.26698686393375709
0.18188845974496673
1.0739822535747714
-0.82294097129266375
-0.68422699125551156
0.39617122710240821
10
0.98996152576656626
-1.0083683467310343
-0.38249783554801103
0.45670832099043374
0.60014204943168603
-0.23304827279053578
2.2208376077814238
-0.82294097129266375
0.42901574642473023
-0.29848517110455414
10
-0.19365238747144045
-1.0083683467310343
0.27071320762419765
-1.2179940305183039
-0.45484937131175546
-0.82401877064412998
0.66439105564382406
-0.82294097129266375
0.41386443322050781
-0.12482107155281355
10
-1.929619460220517
-1.0083683467310343
-0.87240611792716838
-0.41704942762282071
-1.2877373350565777
-1.4527107896373155
0.17288161812668726
-0.82294097129266375
0.083755196783512384
-0.64581337020803531
10
0.75323874311896488
0.99170110133052136
-0.61578749382380016
0.092642592401577739
1.9327627914234016
1.7850531081775896
0.74630929523001355
-0.0038565226125348638
0.55969582281115016
-0.81947746975977598
10
-1.0616359238459787
-1.0083683467310343
0.13073941265872471
0.23826888383712014
-0.70471576043520212
-0.33363899582944551
-0.40054605897663897
-0.0038565226125348638
-0.76718043104862943
-0.47214927065629475
10
-0.27255998168730755
0.99170110133052136
-1.1756826736856942
-0.052983699033964667
-0.51037523556141029
-0.5473942822871285
0.41863633688525564
-0.82294097129266375
-0.29445945907688981
0.91716352575763005
10
-0.035837199039706238
-1.0083683467310343
-1.0823668103753783
-0.56267571905836311
-0.12169418581382659
-0.34621283620930898
1.6474099306780976
-0.82294097129266375
-1.3597861687487789
-1.9482941168460899
10
-1.8507118660046498
-1.0083683467310343
-0.055892313961906692
-0.19860999046950709
-0.010642457314516962
0.19446230012483059
0.50055457647144508
-0.82294097129266375
-1.2111139079323463
-0.29848517110455414
10
0.3587007720396293
0.99170110133052136
-0.4291557672031695
-0.19860999046950709
0.73895671005582308
0.99918808443610785
0.0090451389543083419
-0.0038565226125348638
-0.20828636522787541
0.48300327687827854
10
0.12197798939202799
0.99170110133052136
0.41068700258967145
0.67514775814374739
2.6268360945440867
2.5960658126787992
-0.48246429856282846
1.6343123747477228
1.3600639428241981
0.30933917732653793
10
-0.035837199039706238
-1.0083683467310343
0.76062149000335499
2.6411026925235697
0.54461618518203114
0.56539059133080949
-0.23670957980426005
-0.0038565226125348638
0.61499811600656096
1.2644917248611112
10
1.4634070910617689
-1.0083683467310343
-0.80241922044443148
-0.56267571905836311
-0.59366403193589257
-0.49081200057774188
0.17288161812668726
-0.82294097129266375
-0.50373697271021212
0.048843027998927042
10
-0.035837199039706238
-1.0083683467310343
-0.80241922044443148
0.45670832099043374
-2.1483882309262272
-2.2825842547083206
0.50055457647144508
-1.6420254199727926
-0.91414816912958585
0.48300327687827854
10
-1.6139890833570485
0.99170110133052136
-1.6422619902372724
-0.99955459336499031
-0.89905628530899395
-0.61655040437637898
0.090963378540497811
-0.82294097129266375
-1.4387623888257883
-0.38531722088042442
10
0.5165159604713635
0.99170110133052136
-0.77909025461685311
-0.99955459336499031
-1.7874701133034709
-1.4778584703970428
-0.72821901732139682
-0.82294097129266375
-0.57892536448616549
-0.29848517110455414
10
0.83214633733483201
0.99170110133052136
0.15406837848630314
0.67514775814374739
0.1836980675592749
0.38935682601271776
-0.56438253814901795
0.81522792606759398
0.36784231936268347
1.2644917248611112
10
0.91105393155069914
0.99170110133052136
-0.91906404958232601
1.3304660696036883
-0.038405389439344371
0.36420914525299042
-0.31862781939044954
-0.0038565226125348638
-0.65733341031801718
0.22250712755066762
10
0.67433114890309775
0.99170110133052136
-0.14920817727222199
0.092642592401577739
0.35027566030823931
0.59053827209053722
0.17288161812668726
-0.12671918991455411
-0.55354691486909324
1.1776596750852408
10
1.2266843084141676
-1.0083683467310343
-1.2223406053408521
-0.1745816523826427
1.0998748276785792
1.0243357651958356
1.2378187327471504
-0.42158959143940039
-0.52854724808212561
0.91716352575763005
10
-0.035837199039706238
-1.0083683467310343
-0.54580059634106404
1.0392134867326033
1.2386894883027164
-0.28334363430999043
-1.0558919756661547
1.6343123747477228
2.8356124575004102
0.39617122710240821
10
0.12197798939202799
-1.0083683467310343
1.29718770403767
-0.92674144764721911
-1.4265519956807147
-1.4149892684977243
0.41863633688525564
-1.6420254199727926
-1.0080863109957663
-0.55898132043216509
10
-2.087434648652251
-1.0083683467310343
-0.75576128878927384
-1.5820597591071599
-0.73247869256002951
-0.51595968133746928
0.33671809729906621
-0.82294097129266375
-1.4794815430621362
-0.037989021776943258
10
1.0688691199824334
0.99170110133052136
1.6471221914513527
1.4032792153214595
-0.14945711793865399
-0.0067191459529889188
-0.97397373607996529
0.81522792606759398
0.75912498286172736
0.39617122710240821
10
0.83214633733483201
0.99170110133052136
0.22405527596904001
0.89358719529706099
-0.81576748893451179
-0.38393435734890019
-0.8920554964937758
-0.0038565226125348638
-0.31642886322301156
0.13567507777479734
10
0.5165159604713635
0.99170110133052136
-0.82574818627201074
-0.12579684475173586
-0.92681921743382145
-0.6291242447562424
0.25479985771287672
-0.82294097129266375
-2.0518223993516376
-1.4273018181908681
10
0.2008855836078951
-1.0083683467310343
-0.45248473303074793
-0.68427367240704118
-0.95458214955864884
-1.3395462262185422
1.7293281702642871
-1.5191627526707734
-1.2472876682074272
-0.81947746975977598
10
0.27979317782376223
-1.0083683467310343
0.76062149000335499
0.69917609623061172
0.65566791368134081
0.58425135190060573
-0.072873100631881127
0.25005965647830475
0.70798930079747635
0.56983532665414882
10
0.98996152576656626
-1.0083683467310343
-0.10255024561706434
0.23826888383712014
1.3219782846771986
0.36420914525299042
2.1389193681952343
-0.82294097129266375
0.95116787772524636
-0.81947746975977598
10
-0.7460055469825102
0.99170110133052136
-0.52247163051348477
-0.36826461999191384
0.072646339059965259
-0.019292986332852806
0.17288161812668726
-0.29053607965058004
0.36784231936268347
0.83033147598175971
10
0.98996152576656626
-1.0083683467310343
0.87726631914124953
0.96640034101483219
0.1836980675592749
-0.44680355924821874
0.17288161812668726
-0.22500932375616967
1.3964270945143329
1.1776596750852408
10
1.4634070910617689
0.99170110133052136
-0.28918197223769576
1.2336245857990527
-1.1489226744324406
-0.6542719255159698
-1.3835649340109126
0.34015894583311918
-0.046924879602905901
1.0039955755335004
10
-0.58819035855077606
-1.0083683467310343
1.4371614990031429
-0.052983699033964667
-0.45484937131175546
-0.30849131506971778
0.50055457647144508
-0.82294097129266375
-1.2111139079323463
-1.3404697684149978
10
-1.1405435180618457
0.99170110133052136
-1.3156564686511674
0.23826888383712014
-0.12169418581382659
-0.69828036684549288
2.7123470452985607
-1.6420254199727926
-1.7440613498908701
0.048843027998927042
10
-1.3772663007094472
-1.0083683467310343
0.80727942165851263
-0.48986257334059191
-0.56590109981106507
-0.33992591601937705
-0.15479134021807059
-0.0038565226125348638
-0.47930548016840319
-1.1668056688632571
10
-0.11474479325557335
0.99170110133052136
0.060752515175987842
-1.8004991962604735
-0.1772200500634814
-0.2959174746898543
1.0739822535747714
-0.82294097129266375
-0.79558914330654584
-1.8614620670702196
10
0.12197798939202799
0.99170110133052136
-0.59245852799622167
-0.19860999046950709
-0.59366403193589257
-0.54110736209719656
0.17288161812668726
-0.82294097129266375
-0.31642886322301156
0.13567507777479734
10
-0.11474479325557335
0.99170110133052136
-0.14920817727222199
-0.052983699033964667
-0.62142696406071996
-1.2389555031796324
-0.81013725690758631
-0.0038565226125348638
1.7343013789684927
0.13567507777479734
10
0.2008855836078951
0.99170110133052136
-0.82574818627201074
0.60233461242597619
0.82224550643030525
1.5147155400105201
-1.6293196527694809
2.4533968234278518
0.38337241539701056
-0.99314156931151654
10
1.5423146852776359
0.99170110133052136
0.29404217345177691
1.1848397781681457
0.73895671005582308
1.0306226853857672
-0.8920554964937758
0.81522792606759398
0.62844490647530904
-0.037989021776943258
10
0.2008855836078951
-1.0083683467310343
0.38735803676209218
0.092642592401577739
0.2392239318089297
0.25104458183421718
-0.64630077773520733
0.81522792606759398
0.86954017783749826
2.4801404217232954
10
-1.29835870649358
0.99170110133052136
0.36402907093451381
-0.41704942762282071
0.79448257430547786
1.0054750046260392
0.41863633688525564
-0.0038565226125348638
-0.57892536448616549
-0.037989021776943258
10
0.91105393155069914
0.99170110133052136
0.45734493424482908
1.2576529238859171
-0.066168321564171781
-0.013006066142920863
-0.64630077773520733
-0.0038565226125348638
0.70798930079747635
0.13567507777479734
10
1.4634070910617689
0.99170110133052136
-0.75576128878927384
-1.8004991962604735
-0.093931253688999183
0.4333652673422409
-1.2197284548385336
0.81522792606759398
0.083755196783512384
0.65666737643001916
10
1.3055919026300347
0.99170110133052136
1.6937801231065113
0.52952146670820499
0.072646339059965259
0.37678298563285428
-1.2197284548385336
0.81522792606759398
0.68185328552019309
0.91716352575763005
10
-0.19365238747144045
-1.0083683467310343
-1.1990116395132728
-1.0723677390827615
0.48909032093237637
0.94889272291665316
-0.64630077773520733
0.81522792606759398
-0.14616598109056192
-0.38531722088042442
10
0.2008855836078951
0.99170110133052136
0.43401596841725065
0.82077404957928979
0.40580152455789414
0.25104458183421718
0.41863633688525564
-0.0038565226125348638
0.39871312001628534
-0.38531722088042442
10
-0.50928276433490893
-1.0083683467310343
1.3205166698652484
-0.85392830192944791
-0.81576748893451179
-0.83659261102399385
0.25479985771287672
-0.82294097129266375
-0.27249005493076633
0.83033147598175971
10
0.043070395176160875
-1.0083683467310343
-0.96572198123748365
-0.70830201049390551
-1.4265519956807147
-1.5973099540057483
0.99206401398858191
-1.4863993747235682
-1.2111139079323463
-1.6877979675184789
10
1.4634070910617689
0.99170110133052136
-0.52247163051348477
-0.85392830192944791
-1.2322114708069229
-1.1635124609004501
-0.072873100631881127
-0.82294097129266375
-0.33896644161429373
0.22250712755066762
10
-1.1405435180618457
0.99170110133052136
-0.21919507475495886
1.1848397781681457
1.1831636240530616
1.5021416996306562
-0.8920554964937758
1.6343123747477228
0.69492129315883477
-0.12482107155281355
10
0.98996152576656626
-1.0083683467310343
-0.52247163051348477
-0.27142313618727826
0.40580152455789414
0.037289295376534241
1.8112464098504766
-0.82294097129266375
-0.60468259693334414
-1.6009659177426085
10
-0.7460055469825102
0.99170110133052136
-1.1756826736856942
-0.34423628190504946
-0.14945711793865399
-0.11988370937176213
0.82822753481620304
-0.82294097129266375
-1.0404722429697919
0.56983532665414882
10
1.2266843084141676
0.99170110133052136
0.24738424179661925
1.0392134867326033
-0.038405389439344371
-0.20790059203080843
-0.97397373607996529
0.81522792606759398
1.322943225473854
0.65666737643001916
10
0.98996152576656626
0.99170110133052136
0.45734493424482908
0.82077404957928979
0.46132738880754898
0.559103671140878
0.17288161812668726
-0.0038565226125348638
-0.0086678137622442971
0.39617122710240821
10
-1.6139890833570485
0.99170110133052136
-0.17253714309980123
0.31108202955489134
-0.70471576043520212
-0.39650819772876406
-0.31862781939044954
-0.0038565226125348638
-0.63081861221062752
0.22250712755066762
10
0.67433114890309775
-1.0083683467310343
-0.4058268013755903
-0.12579684475173586
-0.038405389439344371
-0.55368120247706043
1.7293281702642871
-0.82294097129266375
-0.16662025391626331
-0.037989021776943258
10
-0.90382073541424446
-1.0083683467310343
0.92392425079640716
-0.56267571905836311
-0.59366403193589257
-0.57254196304685578
-0.81013725690758631
0.11900614468948476
0.75912498286172736
-0.38531722088042442
10
-0.82491314119837733
0.99170110133052136
0.13073941265872471
0.74796090386151859
-0.1772200500634814
0.15674077898523939
-1.0558919756661547
0.81522792606759398
0.39871312001628534
-0.037989021776943258
10
-0.27255998168730755
-1.0083683467310343
-0.47581369885832714
-0.85392830192944791
-0.28827177856279101
0.13159309822551207
-0.40054605897663897
-0.0038565226125348638
-0.73915050162081763
-0.81947746975977598
10
0.67433114890309775
-1.0083683467310343
2.300333234623563
1.6217186524747731
-0.1772200500634814
-0.18903983146101261
-1.3016466944247231
0.81522792606759398
1.2464290937925306
0.74349942620588938
10
0.91105393155069914
-1.0083683467310343
-0.94239301540990528
0.72393256577465415
0.93329723492961492
-0.2770567141200585
0.82822753481620304
-0.26596354619017598
1.9276700137373817
0.13567507777479734
10
-0.90382073541424446
-1.0083683467310343
2.8135704828302979
1.3304660696036883
-0.62142696406071996
-0.61655040437637898
0.25479985771287672
-0.82294097129266375
-0.27249005493076633
-1.0799736190873868
10
-0.43037517011904181
-1.0083683467310343
-0.96572198123748365
-2.0917517791315583
-1.4820778599303694
-1.1635124609004501
-0.40054605897663897
-0.82294097129266375
-1.0080863109957663
-0.99314156931151654
10
0.59542355468723063
0.99170110133052136
-0.73243232296169458
0.67514775814374739
-0.1772200500634814
0.068723896326193509
-0.23670957980426005
-0.0038565226125348638
-0.25089943361475092
-1.0799736190873868
240
-0.48150795844231364
-3.3838622162630521
-3.6168831302554225
-2.4430347316725753
-10.065520858332555
-5.6197020982561119
1.420789137548238
1.6553066292424472
0.45418815442647709
-1.9259389444447605
3.8503363106036579
-4.616512871394356
5.0535415708698759
-5.1051347750900522
7.9172861612053564
12.346022818474657
-4.3275493923997432
0.96124311569235077
0.84338722567985058
-8.0595144155660527
-1.4109736252649072
-2.0276075619071956
5.8823588336304988
11.10769149335713
-6.4345445351361858
-3.6052444855641137
-6.198037000468009
2.8877466370785463
-8.4591626685782266
3.6173760504470756
2.6805008648856421
-0.093101809317560874
3.7100992397876529
-8.4276467783499438
-3.2340106243548581
2.5551278964647133
-0.12919816515698698
4.8955608373213337
7.3371100123936737
-14.629377515662638
2.4742495764841577
-0.87543280356781672
1.0474737714013687
1.0112452199806941
-9.6205225350869625
-9.2871265974714383
9.0462980813393248
-1.2239434673103951
4.7441762177349709
9.2843225953071116
0.9552544837421606
12.216254989238829
9.4247543351758623
4.9342289322994208
2.6744237677024478
-2.8015349825517619
0.58203345437306087
8.9270525153484908
6.2581934286705714
-8.4137582127945976
-3.7195976568308651
-10.973395589875548
0.050999043232540266
-7.2260918308094411
-4.1948077486610655
-7.2178541544512393
5.0203210764030928
-0.85138664123646579
-8.0908126152860937
6.2916637338588606
3.8653475980687015
-1.1223623136902321
-0.50567164882570104
6.020091024551145
-5.6582276600069115
10.403789904583785
3.638479463052199
4.8906710282756993
-2.7754117800232838
-12.893530586333048
-15.640617926402411
7.3647435052677013
-5.6618330996640269
2.2665600933715067
-7.8998008875655135
-4.6591278624174572
4.7067219204350339
10.486390956697852
0.50514830314619541
-10.576722649147166
7.2531676768494071
0.94400596865312347
1.8658365832185424
4.3724025054811619
-0.49323372173547403
-2.690311561617825
0.87863838724691778
-8.1258808682269059
-16.256386444479226
-2.2017275792952553
5.9823920090873504
-6.9270864108166705
-7.9551904375331119
0.99901268393945608
-7.9042212259446787
11.203938247226949
10.695912693352044
-5.299686568097413
11.780006680243137
6.2432060799014355
-5.825640104254469
-1.5530583025771925
-1.2696187376505559
-1.6627864333479767
11.951086246840038
-1.6287551679339023
-9.1040486181162983
-7.7030310379106881
0.6570387178163466
-1.2587266122139187
-4.7200244766334363
-2.9523807496383485
14.680825376676651
4.2780869647165574
-11.285078607980823
7.2094896511620501
-0.030280975811040368
7.3753333582156095
11.02744015318685
10.978988042548842
-10.773859003470365
-5.6538017532554861
2.2703833295895932
4.8031908325439394
1.5389131407990913
-1.1454380204423922
17.952353269711335
7.4474576858882822
3.3138283219755618
-6.1788560369994929
-2.5403384046651327
13.310147287024005
-0.32594607689920391
-1.147495059834261
-2.4048393253900451
-2.2597089877336169
5.1865443101820459
-7.261323130835609
-3.4624825434343656
-15.151212971386403
12.287087299880623
-6.7904600267006954
-0.46046390686143984
-2.5213230237720814
7.9485482840163559
7.6310346823452644
10.866425884790743
6.8397054348071178
-3.3025162383478448
2.6525559801540699
10.119804043123361
-4.738648387805819
-6.6446116627164029
0.81939185433063744
3.0433711053863282
6.1942698564660752
6.8928853738331206
7.5922659623663096
7.0623711708805921
0.98333760779267743
-4.4602114830534001
6.8547342153743189
-9.8207353156152859
6.6514794397883561
-2.3146387050585409
-2.8311860794060175
8.1474212495976239
15.553252212640515
4.8319118071803091
-6.0149099573365223
5.4563006311767506
4.3758172057525639
-1.7242705939715302
-8.5517551327238284
-1.3456276363954884
-3.9463767182774387
5.169604860929935
0.846583431788695
-11.687976737642007
7.6958417850612886
3.1798478613300647
17.937724934143223
-6.087725821818589
6.5140032604856914
7.4107256939774659
-8.1143107498970402
-2.4761519845490008
13.026472849381332
4.363592027164497
-4.7797255991535446
1.607956313664362
-2.7889244859641176
-1.0817886041359821
-3.7447646727923316
-7.8366832317672603
1.5897708274033115
-6.2147703579599369
-9.6220743776713622
-1.9378598343301581
1.1994047301591608
-5.4933275329219553
-3.6404363850931012
-3.4810513002917003
-4.3745209734106076
-4.9902657564054813
8.0705177720151546
-3.953480120323333
-2.2738278010586539
-1.9481808871074313
13.119400317354222
9.468876810132608
12.689372779016788
-12.868540589079952
1.690511919805358
-6.1126617342342957
3.4169208238847362
0.58513633153009847
-4.9814160084307915
-7.8510966268558313
9.4264276007168935
-9.7216057115566521
1.61313263727235
-20.870477041075418
-8.5992857820685398
-8.172047344067499
-2.2039323394678978
-11.608826889542492
1.9622025885082193
-3.9227677820166504
-8.8579504292585156
240
240
1.0488088481701516
0
0
0
0
0
0
0
0
0
0
0
0
0
0
0
0
0
0
0
0
0
0
0
0
0
0
0
0
0
0
0
0
0
0
0
0
0
0
0
0
0
0
0
0
0
0
0
0
0
0
0
0
0
0
0
0
0
0
0
0
0
0
0
0
0
0
0
0
0
0
0
0
0
0
0
0
0
0
0
0
0
0
0
0
0
0
0
0
0
0
0
0
0
0
0
0
0
0
0
0
0
0
0
0
0
0
0
0
0
0
0
0
0
0
0
0
0
0
0
0
0
0
0
0
0
0
0
0
0
0
0
0
0
0
0
0
0
0
0
0
0
0
0
0
0
0
0
0
0
0
0
0
0
0
0
0
0
0
0
0
0
0
0
0
0
0
0
0
0
0
0
0
0
0
0
0
0
0
0
0
0
0
0
0
0
0
0
0
0
0
0
0
0
0
0
0
0
0
0
0
0
0
0
0
0
0
0
0
0
0
0
0
0
0
0
0
0
0
0
0
0
0
0
0
0
0
0
0
0
0
0
0
0
0
0
0
0
0
0
240
0.77515760294986591
0.70649181919468684
0
0
0
0
0
0
0
0
0
0
0
0
0
0
0
0
0
0
0
0
0
0
0
0
0
0
0
0
0
0
0
0
0
0
0
0
0
0
0
0
0
0
0
0
0
0
0
0
0
0
0
0
0
0
0
0
0
0
0
0
0
0
0
0
0
0
0
0
0
0
0
0
0
0
0
0
0
0
0
0
0
0
0
0
0
0
0
0
0
0
0
0
0
0
0
0
0
0
0
0
0
0
0
0
0
0
0
0
0
0
0
0
0
0
0
0
0
0
0
0
0
0
0
0
0
0
0
0
0
0
0
0
0
0
0
0
0
0
0
0
0
0
0
0
0
0
0
0
0
0
0
0
0
0
0
0
0
0
0
0
0
0
0
0
0
0
0
0
0
0
0
0
0
0
0
0
0
0
0
0
0
0
0
0
0
0
0
0
0
0
0
0
0
0
0
0
0
0
0
0
0
0
0
0
0
0
0
0
0
0
0
0
0
0
0
0
0
0
0
0
0
0
0
0
0
0
0
0
0
0
0
0
0
0
0
0
0
0
240
0.86917608945068492
0.36484287791985165
0.45980713343572133
0
0
0
0
0
0
0
0
0
0
0
0
0
0
0
0
0
0
0
0
0
0
0
0
0
0
0
0
0
0
0
0
0
0
0
0
0
0
0
0
0
0
0
0
0
0
0
0
0
0
0
0
0
0
0
0
0
0
0
0
0
0
0
0
0
0
0
0
0
0
0
0
0
0
0
0
0
0
0
0
0
0
0
0
0
0
0
0
0
0
0
0
0
0
0
0
0
0
0
0
0
0
0
0
0
0
0
0
0
0
0
0
0
0
0
0
0
0
0
0
0
0
0
0
0
0
0
0
0
0
0
0
0
0
0
0
0
0
0
0
0
0
0
0
0
0
0
0
0
0
0
0
0
0
0
0
0
0
0
0
0
0
0
0
0
0
0
0
0
0
0
0
0
0
0
0
0
0
0
0
0
0
0
0
0
0
0
0
0
0
0
0
0
0
0
0
0
0
0
0
0
0
0
0
0
0
0
0
0
0
0
0
0
0
0
0
0
0
0
0
0
0
0
0
0
0
0
0
0
0
0
0
0
0
0
0
0
240
0.9084190689735635
0.17083061600936181
0.15685804332988224
0.47009280998733322
0
0
0
0
0
0
0
0
0
0
0
0
0
0
0
0
0
0
0
0
0
0
0
0
0
0
0
0
0
0
0
0
0
0
0
0
0
0
0
0
0
0
0
0
0
0
0
0
0
0
0
0
0
0
0
0
0
0
0
0
0
0
0
0
0
0
0
0
0
0
0
0
0
0
0
0
0
0
0
0
0
0
0
0
0
0
0
0
0
0
0
0
0
0
0
0
0
0
0
0
0
0
0
0
0
0
0
0
0
0
0
0
0
0
0
0
0
0
0
0
0
0
0
0
0
0
0
0
0
0
0
0
0
0
0
0
0
0
0
0
0
0
0
0
0
0
0
0
0
0
0
0
0
0
0
0
0
0
0
0
0
0
0
0
0
0
0
0
0
0
0
0
0
0
0
0
0
0
0
0
0
0
0
0
0
0
0
0
0
0
0
0
0
0
0
0
0
0
0
0
0
0
0
0
0
0
0
0
0
0
0
0
0
0
0
0
0
0
0
0
0
0
0
0
0
0
0
0
0
0
0
0
0
0
0
0
240
0.79566288133162555
0.47832469163590702
0.05196775623663303
-0.025389447363634694
0.48454184227656677
0
0
0
0
0
0
0
0
0
0
0
0
0
0
0
0
0
0
0
0
0
0
0
0
0
0
0
0
0
0
0
0
0
0
0
0
0
0
0
0
0
0
0
0
0
0
0
0
0
0
0
0
0
0
0
0
0
0
0
0
0
0
0
0
0
0
0
0
0
0
0
0
0
0
0
0
0
0
0
0
0
0
0
0
0
0
0
0
0
0
0
0
0
0
0
0
0
0
0
0
0
0
0
0
0
0
0
0
0
0
0
0
0
0
0
0
0
0
0
0
0
0
0
0
0
0
0
0
0
0
0
0
0
0
0
0
0
0
0
0
0
0
0
0
0
0
0
0
0
0
0
0
0
0
0
0
0
0
0
0
0
0
0
0
0
0
0
0
0
0
0
0
0
0
0
0
0
0
0
0
0
0
0
0
0
0
0
0
0
0
0
0
0
0
0
0
0
0
0
0
0
0
0
0
0
0
0
0
0
0
0
0
0
0
0
0
0
0
0
0
0
0
0
0
0
0
0
0
0
0
0
0
0
0
0
240
0.90111786782030434
0.26522591612650859
0.15302443116696715
0.17168740119387485
0.038653872454014068
0.40404781844661802
0
0
0
0
0
0
0
0
0
0
0
0
0
0
0
0
0
0
0
0
0
0
0
0
0
0
0
0
0
0
0
0
0
0
0
0
0
0
0
0
0
0
0
0
0
0
0
0
0
0
0
0
0
0
0
0
0
0
0
0
0
0
0
0
0
0
0
0
0
0
0
0
0
0
0
0
0
0
0
0
0
0
0
0
0
0
0
0
0
0
0
0
0
0
0
0
0
0
0
0
0
0
0
0
0
0
0
0
0
0
0
0
0
0
0
0
0
0
0
0
0
0
0
0
0
0
0
0
0
0
0
0
0
0
0
0
0
0
0
0
0
0
0
0
0
0
0
0
0
0
0
0
0
0
0
0
0
0
0
0
0
0
0
0
0
0
0
0
0
0
0
0
0
0
0
0
0
0
0
0
0
0
0
0
0
0
0
0
0
0
0
0
0
0
0
0
0
0
0
0
0
0
0
0
0
0
0
0
0
0
0
0
0
0
0
0
0
0
0
0
0
0
0
0
0
0
0
0
0
0
0
0
0
0
240
0.92669217176598573
0.085264533533669459
0.098005092078489939
0.15151860697626945
0.041221294134818745
0.10926020916536353
0.43332632435449381
0
0
0
0
0
0
0
0
0
0
0
0
0
0
0
0
0
0
0
0
0
0
0
0
0
0
0
0
0
0
0
0
0
0
0
0
0
0
0
0
0
0
0
0
0
0
0
0
0
0
0
0
0
0
0
0
0
0
0
0
0
0
0
0
0
0
0
0
0
0
0
0
0
0
0
0
0
0
0
0
0
0
0
0
0
0
0
0
0
0
0
0
0
0
0
0
0
0
0
0
0
0
0
0
0
0
0
0
0
0
0
0
0
0
0
0
0
0
0
0
0
0
0
0
0
0
0
0
0
0
0
0
0
0
0
0
0
0
0
0
0
0
0
0
0
0
0
0
0
0
0
0
0
0
0
0
0
0
0
0
0
0
0
0
0
0
0
0
0
0
0
0
0
0
0
0
0
0
0
0
0
0
0
0
0
0
0
0
0
0
0
0
0
0
0
0
0
0
0
0
0
0
0
0
0
0
0
0
0
0
0
0
0
0
0
0
0
0
0
0
0
0
0
0
0
0
0
0
0
0
0
0
0
240
0.86483207102330184
0.2784096480058173
0.24846339344828938
0.17944829814416086
0.029251554510302584
0.093638934539019211
0.013563128488855528
0.41329159836472767
0
0
0
0
0
0
0
0
0
0
0
0
0
0
0
0
0
0
0
0
0
0
0
0
0
0
0
0
0
0
0
0
0
0
0
0
0
0
0
0
0
0
0
0
0
0
0
0
0
0
0
0
0
0
0
0
0
0
0
0
0
0
0
0
0
0
0
0
0
0
0
0
0
0
0
0
0
0
0
0
0
0
0
0
0
0
0
0
0
0
0
0
0
0
0
0
0
0
0
0
0
0
0
0
0
0
0
0
0
0
0
0
0
0
0
0
0
0
0
0
0
0
0
0
0
0
0
0
0
0
0
0
0
0
0
0
0
0
0
0
0
0
0
0
0
0
0
0
0
0
0
0
0
0
0
0
0
0
0
0
0
0
0
0
0
0
0
0
0
0
0
0
0
0
0
0
0
0
0
0
0
0
0
0
0
0
0
0
0
0
0
0
0
0
0
0
0
0
0
0
0
0
0
0
0
0
0
0
0
0
0
0
0
0
0
0
0
0
0
0
0
0
0
0
0
0
0
0
0
0
0
0
240
0.85227364554492813
0.34189130419458696
0.13191413176577399
-0.0074748624554182991
0.067102795849273547
0.022218447091338266
-0.040448643541146252
0.010418190914692422
0.48222575774137549
0
0
0
0
0
0
0
0
0
0
0
0
0
0
0
0
0
0
0
0
0
0
0
0
0
0
0
0
0
0
0
0
0
0
0
0
0
0
0
0
0
0
0
0
0
0
0
0
0
0
0
0
0
0
0
0
0
0
0
0
0
0
0
0
0
0
0
0
0
0
0
0
0
0
0
0
0
0
0
0
0
0
0
0
0
0
0
0
0
0
0
0
0
0
0
0
0
0
0
0
0
0
0
0
0
0
0
0
0
0
0
0
0
0
0
0
0
0
0
0
0
0
0
0
0
0
0
0
0
0
0
0
0
0
0
0
0
0
0
0
0
0
0
0
0
0
0
0
0
0
0
0
0
0
0
0
0
0
0
0
0
0
0
0
0
0
0
0
0
0
0
0
0
0
0
0
0
0
0
0
0
0
0
0
0
0
0
0
0
0
0
0
0
0
0
0
0
0
0
0
0
0
0
0
0
0
0
0
0
0
0
0
0
0
0
0
0
0
0
0
0
0
0
0
0
0
0
0
0
0
0
240
0.91592887362724063
0.094528919372427217
0.17800432238041547
0.13038138158038592
0.0094563058963172859
0.075275086737090657
0.17530762008285797
0.071482835128834007
7.4192194171482519e-05
0.40231258384887708
0
0
0
0
0
0
0
0
0
0
0
0
0
0
0
0
0
0
0
0
0
0
0
0
0
0
0
0
0
0
0
0
0
0
0
0
0
0
0
0
0
0
0
0
0
0
0
0
0
0
0
0
0
0
0
0
0
0
0
0
0
0
0
0
0
0
0
0
0
0
0
0
0
0
0
0
0
0
0
0
0
0
0
0
0
0
0
0
0
0
0
0
0
0
0
0
0
0
0
0
0
0
0
0
0
0
0
0
0
0
0
0
0
0
0
0
0
0
0
0
0
0
0
0
0
0
0
0
0
0
0
0
0
0
0
0
0
0
0
0
0
0
0
0
0
0
0
0
0
0
0
0
0
0
0
0
0
0
0
0
0
0
0
0
0
0
0
0
0
0
0
0
0
0
0
0
0
0
0
0
0
0
0
0
0
0
0
0
0
0
0
0
0
0
0
0
0
0
0
0
0
0
0
0
0
0
0
0
0
0
0
0
0
0
0
0
0
0
0
0
0
0
0
0
0
0
0
0
0
0
240
0.87518019415812331
0.3608751745754285
0.088956757186118923
-0.004346250336441833
0.12937924130519909
-0.00090468544561462096
-0.014531668557942625
-0.0071224611606103289
0.17699573451205025
0.0080013351196367884
0.38406161590005689
0
0
0
0
0
0
0
0
0
0
0
0
0
0
0
0
0
0
0
0
0
0
0
0
0
0
0
0
0
0
0
0
0
0
0
0
0
0
0
0
0
0
0
0
0
0
0
0
0
0
0
0
0
0
0
0
0
0
0
0
0
0
0
0
0
0
0
0
0
0
0
0
0
0
0
0
0
0
0
0
0
0
0
0
0
0
0
0
0
0
0
0
0
0
0
0
0
0
0
0
0
0
0
0
0
0
0
0
0
0
0
0
0
0
0
0
0
0
0
0
0
0
0
0
0
0
0
0
0
0
0
0
0
0
0
0
0
0
0
0
0
0
0
0
0
0
0
0
0
0
0
0
0
0
0
0
0
0
0
0
0
0
0
0
0
0
0
0
0
0
0
0
0
0
0
0
0
0
0
0
0
0
0
0
0
0
0
0
0
0
0
0
0
0
0
0
0
0
0
0
0
0
0
0
0
0
0
0
0
0
0
0
0
0
0
0
0
0
0
0
0
0
0
0
0
0
0
0
0
240
0.91762745613720076
-0.015324099090792584
0.091875776431366185
0.16645532311860797
-0.016542404816619054
0.054225350895471279
0.17434533370534638
-0.019985035367894602
0.017599872858089588
0.077753042545357545
-0.0055289071735003074
0.42565349054869273
0
0
0
0
0
0
0
0
0
0
0
0
0
0
0
0
0
0
0
0
0
0
0
0
0
0
0
0
0
0
0
0
0
0
0
0
0
0
0
0
0
0
0
0
0
0
0
0
0
0
0
0
0
0
0
0
0
0
0
0
0
0
0
0
0
0
0
0
0
0
0
0
0
0
0
0
0
0
0
0
0
0
0
0
0
0
0
0
0
0
0
0
0
0
0
0
0
0
0
0
0
0
0
0
0
0
0
0
0
0
0
0
0
0
0
0
0
0
0
0
0
0
0
0
0
0
0
0
0
0
0
0
0
0
0
0
0
0
0
0
0
0
0
0
0
0
0
0
0
0
0
0
0
0
0
0
0
0
0
0
0
0
0
0
0
0
0
0
0
0
0
0
0
0
0
0
0
0
0
0
0
0
0
0
0
0
0
0
0
0
0
0
0
0
0
0
0
0
0
0
0
0
0
0
0
0
0
0
0
0
0
0
0
0
0
0
0
0
0
0
0
0
0
0
0
0
0
0
240
0.85001858185940093
0.2672197108584598
0.25229088586549991
-0.0056457688532956301
0.10856607777452834
0.0013174161527508995
0.029454491139725172
0.13241594435863568
0.073434036541188741
0.094548967111010587
0.023784883434138634
0.019552405486455413
0.4437448709377752
0
0
0
0
0
0
0
0
0
0
0
0
0
0
0
0
0
0
0
0
0
0
0
0
0
0
0
0
0
0
0
0
0
0
0
0
0
0
0
0
0
0
0
0
0
0
0
0
0
0
0
0
0
0
0
0
0
0
0
0
0
0
0
0
0
0
0
0
0
0
0
0
0
0
0
0
0
0
0
0
0
0
0
0
0
0
0
0
0
0
0
0
0
0
0
0
0
0
0
0
0
0
0
0
0
0
0
0
0
0
0
0
0
0
0
0
0
0
0
0
0
0
0
0
0
0
0
0
0
0
0
0
0
0
0
0
0
0
0
0
0
0
0
0
0
0
0
0
0
0
0
0
0
0
0
0
0
0
0
0
0
0
0
0
0
0
0
0
0
0
0
0
0
0
0
0
0
0
0
0
0
0
0
0
0
0
0
0
0
0
0
0
0
0
0
0
0
0
0
0
0
0
0
0
0
0
0
0
0
0
0
0
0
0
0
0
0
0
0
0
0
0
0
0
0
0
0
240
0.82114649787162297
0.32338053643701231
0.17992790132347058
-0.018173467170826168
0.15918331189347351
0.0081519715638864697
-0.034540199693568585
0.082858906627521073
0.15846493682165483
-0.0070671526920561374
0.022791508024824051
0.056158930288348972
0.17720785897233554
0.44129099634511904
0
0
0
0
0
0
0
0
0
0
0
0
0
0
0
0
0
0
0
0
0
0
0
0
0
0
0
0
0
0
0
0
0
0
0
0
0
0
0
0
0
0
0
0
0
0
0
0
0
0
0
0
0
0
0
0
0
0
0
0
0
0
0
0
0
0
0
0
0
0
0
0
0
0
0
0
0
0
0
0
0
0
0
0
0
0
0
0
0
0
0
0
0
0
0
0
0
0
0
0
0
0
0
0
0
0
0
0
0
0
0
0
0
0
0
0
0
0
0
0
0
0
0
0
0
0
0
0
0
0
0
0
0
0
0
0
0
0
0
0
0
0
0
0
0
0
0
0
0
0
0
0
0
0
0
0
0
0
0
0
0
0
0
0
0
0
0
0
0
0
0
0
0
0
0
0
0
0
0
0
0
0
0
0
0
0
0
0
0
0
0
0
0
0
0
0
0
0
0
0
0
0
0
0
0
0
0
0
0
0
0
0
0
0
0
0
0
0
0
0
0
0
0
0
0
0
240
0.91332069628866297
0.11237486511089538
0.20396367365359233
0.13591153889502222
-0.0086354608431696098
0.051636460129206578
0.060637872739252981
0.11244066147444792
0.11646135868720539
0.10172311200881799
0.032264752830746958
0.035655296060262479
0.071015536184944911
0.013462679260761737
0.37767143865574404
0
0
0
0
0
0
0
0
0
0
0
0
0
0
0
0
0
0
0
0
0
0
0
0
0
0
0
0
0
0
0
0
0
0
0
0
0
0
0
0
0
0
0
0
0
0
0
0
0
0
0
0
0
0
0
0
0
0
0
0
0
0
0
0
0
0
0
0
0
0
0
0
0
0
0
0
0
0
0
0
0
0
0
0
0
0
0
0
0
0
0
0
0
0
0
0
0
0
0
0
0
0
0
0
0
0
0
0
0
0
0
0
0
0
0
0
0
0
0
0
0
0
0
0
0
0
0
0
0
0
0
0
0
0
0
0
0
0
0
0
0
0
0
0
0
0
0
0
0
0
0
0
0
0
0
0
0
0
0
0
0
0
0
0
0
0
0
0
0
0
0
0
0
0
0
0
0
0
0
0
0
0
0
0
0
0
0
0
0
0
0
0
0
0
0
0
0
0
0
0
0
0
0
0
0
0
0
0
0
0
0
0
0
0
0
0
0
0
0
0
0
0
0
0
0
240
0.86045338986948205
0.40950337731588099
0.071667301304022324
0.056291511156181577
0.14695481897579335
0.0051688989226153538
0.019858457299655824
0.0042920102225718426
0.090772975177053641
0.0078686600424658967
0.084856240886893641
-0.0022782732943045646
-0.021166935051216109
-0.0079079356441554699
0.007665729705568238
0.38145777817820647
0
0
0
0
0
0
0
0
0
0
0
0
0
0
0
0
0
0
0
0
0
0
0
0
0
0
0
0
0
0
0
0
0
0
0
0
0
0
0
0
0
0
0
0
0
0
0
0
0
0
0
0
0
0
0
0
0
0
0
0
0
0
0
0
0
0
0
0
0
0
0
0
0
0
0
0
0
0
0
0
0
0
0
0
0
0
0
0
0
0
0
0
0
0
0
0
0
0
0
0
0
0
0
0
0
0
0
0
0
0
0
0
0
0
0
0
0
0
0
0
0
0
0
0
0
0
0
0
0
0
0
0
0
0
0
0
0
0
0
0
0
0
0
0
0
0
0
0
0
0
0
0
0
0
0
0
0
0
0
0
0
0
0
0
0
0
0
0
0
0
0
0
0
0
0
0
0
0
0
0
0
0
0
0
0
0
0
0
0
0
0
0
0
0
0
0
0
0
0
0
0
0
0
0
0
0
0
0
0
0
0
0
0
0
0
0
0
0
0
0
0
0
0
0
240
0.81810119603169285
0.43166735994954619
0.22555259917430606
0.085276575181364042
0.034871489689513799
0.018732999182722573
-0.016485954195682832
0.10327469971379685
0.034355596435989844
0.047363194797109404
0.050826123766146966
-0.050371123542435531
0.034875559246527008
-0.062422839248147816
0.031904929917933082
0.051592138349479691
0.39545738688449505
0
0
0
0
0
0
0
0
0
0
0
0
0
0
0
0
0
0
0
0
0
0
0
0
0
0
0
0
0
0
0
0
0
0
0
0
0
0
0
0
0
0
0
0
0
0
0
0
0
0
0
0
0
0
0
0
0
0
0
0
0
0
0
0
0
0
0
0
0
0
0
0
0
0
0
0
0
0
0
0
0
0
0
0
0
0
0
0
0
0
0
0
0
0
0
0
0
0
0
0
0
0
0
0
0
0
0
0
0
0
0
0
0
0
0
0
0
0
0
0
0
0
0
0
0
0
0
0
0
0
0
0
0
0
0
0
0
0
0
0
0
0
0
0
0
0
0
0
0
0
0
0
0
0
0
0
0
0
0
0
0
0
0
0
0
0
0
0
0
0
0
0
0
0
0
0
0
0
0
0
0
0
0
0
0
0
0
0
0
0
0
0
0
0
0
0
0
0
0
0
0
0
0
0
0
0
0
0
0
0
0
0
0
0
0
0
0
0
0
0
0
0
0
240
0.93208861054992209
0.12045626459773309
0.10076904627320776
0.13223510350407483
0.059933412768461827
0.13734513153242695
0.14338569396835477
0.027615764894585271
0.047589802890655258
0.066816336531161563
0.015155539163168513
0.036398394194224817
-0.0053541295834317066
0.0036821880628760619
0.033451586629955156
-0.0014588797408355242
-0.031492394447365055
0.36721100413375568
0
0
0
0
0
0
0
0
0
0
0
0
0
0
0
0
0
0
0
0
0
0
0
0
0
0
0
0
0
0
0
0
0
0
0
0
0
0
0
0
0
0
0
0
0
0
0
0
0
0
0
0
0
0
0
0
0
0
0
0
0
0
0
0
0
0
0
0
0
0
0
0
0
0
0
0
0
0
0
0
0
0
0
0
0
0
0
0
0
0
0
0
0
0
0
0
0
0
0
0
0
0
0
0
0
0
0
0
0
0
0
0
0
0
0
0
0
0
0
0
0
0
0
0
0
0
0
0
0
0
0
0
0
0
0
0
0
0
0
0
0
0
0
0
0
0
0
0
0
0
0
0
0
0
0
0
0
0
0
0
0
0
0
0
0
0
0
0
0
0
0
0
0
0
0
0
0
0
0
0
0
0
0
0
0
0
0
0
0
0
0
0
0
0
0
0
0
0
0
0
0
0
0
0
0
0
0
0
0
0
0
0
0
0
0
0
0
0
0
0
0
0
240
0.8112186296195194
0.37634867841570341
0.22573333615600147
-0.017367861691087366
0.091386428112678705
0.007418632994252097
-0.071499974193679927
0.074305992225388307
0.13289945111467499
-0.017280835339210026
0.03927900046931776
0.031102577693179225
0.1524950749509898
0.14920608343248928
-0.0097189639329891431
-0.041431245755311603
0.010907680235723092
-0.022704821504135008
0.40193890803021315
0
0
0
0
0
0
0
0
0
0
0
0
0
0
0
0
0
0
0
0
0
0
0
0
0
0
0
0
0
0
0
0
0
0
0
0
0
0
0
0
0
0
0
0
0
0
0
0
0
0
0
0
0
0
0
0
0
0
0
0
0
0
0
0
0
0
0
0
0
0
0
0
0
0
0
0
0
0
0
0
0
0
0
0
0
0
0
0
0
0
0
0
0
0
0
0
0
0
0
0
0
0
0
0
0
0
0
0
0
0
0
0
0
0
0
0
0
0
0
0
0
0
0
0
0
0
0
0
0
0
0
0
0
0
0
0
0
0
0
0
0
0
0
0
0
0
0
0
0
0
0
0
0
0
0
0
0
0
0
0
0
0
0
0
0
0
0
0
0
0
0
0
0
0
0
0
0
0
0
0
0
0
0
0
0
0
0
0
0
0
0
0
0
0
0
0
0
0
0
0
0
0
0
0
0
0
0
0
0
0
0
0
0
0
0
0
0
0
0
0
0
240
0.89344983942568235
0.21677373570809469
0.20972229193991562
0.18303264262603564
-0.048444888913529771
0.076224089649811894
-0.0010341655937057311
0.072633060607302749
0.1137966860553134
0.0085990370277459656
0.00759453066535832
0.063004805356166982
0.0074793510845495561
0.043762202855623697
0.054292924241783197
0.0059455207723423777
0.013959239754394072
-0.0024636138885021841
0.036818987760344528
0.37453554262546418
0
0
0
0
0
0
0
0
0
0
0
0
0
0
0
0
0
0
0
0
0
0
0
0
0
0
0
0
0
0
0
0
0
0
0
0
0
0
0
0
0
0
0
0
0
0
0
0
0
0
0
0
0
0
0
0
0
0
0
0
0
0
0
0
0
0
0
0
0
0
0
0
0
0
0
0
0
0
0
0
0
0
0
0
0
0
0
0
0
0
0
0
0
0
0
0
0
0
0
0
0
0
0
0
0
0
0
0
0
0
0
0
0
0
0
0
0
0
0
0
0
0
0
0
0
0
0
0
0
0
0
0
0
0
0
0
0
0
0
0
0
0
0
0
0
0
0
0
0
0
0
0
0
0
0
0
0
0
0
0
0
0
0
0
0
0
0
0
0
0
0
0
0
0
0
0
0
0
0
0
0
0
0
0
0
0
0
0
0
0
0
0
0
0
0
0
0
0
0
0
0
0
0
0
0
0
0
0
0
0
0
0
0
0
0
0
0
0
0
0
240
0.8821596081786941
0.34841065699961793
0.10949479731134541
0.060515398574966295
0.09402279118651094
0.0093507521554351148
-0.0074170840679230014
-0.014689576989089865
0.046407215311445815
-0.018271620271023362
0.085748357776746387
0.032528644503919436
0.0021783153861895986
0.014987504042355744
-0.033921690115070603
0.03305987908855617
0.021297111414927579
-0.018012647342345672
0.083314322441625635
0.013166376712761054
0.39279850115948556
0
0
0
0
0
0
0
0
0
0
0
0
0
0
0
0
0
0
0
0
0
0
0
0
0
0
0
0
0
0
0
0
0
0
0
0
0
0
0
0
0
0
0
0
0
0
0
0
0
0
0
0
0
0
0
0
0
0
0
0
0
0
0
0
0
0
0
0
0
0
0
0
0
0
0
0
0
0
0
0
0
0
0
0
0
0
0
0
0
0
0
0
0
0
0
0
0
0
0
0
0
0
0
0
0
0
0
0
0
0
0
0
0
0
0
0
0
0
0
0
0
0
0
0
0
0
0
0
0
0
0
0
0
0
0
0
0
0
0
0
0
0
0
0
0
0
0
0
0
0
0
0
0
0
0
0
0
0
0
0
0
0
0
0
0
0
0
0
0
0
0
0
0
0
0
0
0
0
0
0
0
0
0
0
0
0
0
0
0
0
0
0
0
0
0
0
0
0
0
0
0
0
0
0
0
0
0
0
0
0
0
0
0
0
0
0
0
0
0
240
0.89505252996434537
0.10269842249658942
0.20378429474640647
0.19788872053267867
-0.018945256443198465
0.15575438882271167
0.081050012221745238
0.11153384526502715
0.008097449292586819
0.066478947236730965
-0.014244973860712794
0.018747826838413854
0.028978473531949475
0.00052052175809843377
0.055301895703595068
-0.060120228435370203
0.0006031069234185716
0.065761636986492331
0.031391928984164805
0.027595730233886916
0.00071707257029831565
0.38130582273322106
0
0
0
0
0
0
0
0
0
0
0
0
0
0
0
0
0
0
0
0
0
0
0
0
0
0
0
0
0
0
0
0
0
0
0
0
0
0
0
0
0
0
0
0
0
0
0
0
0
0
0
0
0
0
0
0
0
0
0
0
0
0
0
0
0
0
0
0
0
0
0
0
0
0
0
0
0
0
0
0
0
0
0
0
0
0
0
0
0
0
0
0
0
0
0
0
0
0
0
0
0
0
0
0
0
0
0
0
0
0
0
0
0
0
0
0
0
0
0
0
0
0
0
0
0
0
0
0
0
0
0
0
0
0
0
0
0
0
0
0
0
0
0
0
0
0
0
0
0
0
0
0
0
0
0
0
0
0
0
0
0
0
0
0
0
0
0
0
0
0
0
0
0
0
0
0
0
0
0
0
0
0
0
0
0
0
0
0
0
0
0
0
0
0
0
0
0
0
0
0
0
0
0
0
0
0
0
0
0
0
0
0
0
0
0
0
0
0
240
0.89059631795093708
-0.017987244497979869
0.11811063850614788
0.21015920062293747
-0.0001753597896327949
0.15458126657987661
0.15963929098654694
0.075671430132023126
0.02630971506244641
0.085268900593206048
-0.025791353861327613
0.076304492116131564
0.0094694026940135671
0.021912004059850571
0.077646899071704384
-0.036110470090602628
-0.045051337381555367
0.10173040219663319
-0.019596090684949035
0.018493746030877209
-0.046168620146370451
0.089981302953438494
0.38419410418117328
0
0
0
0
0
0
0
0
0
0
0
0
0
0
0
0
0
0
0
0
0
0
0
0
0
0
0
0
0
0
0
0
0
0
0
0
0
0
0
0
0
0
0
0
0
0
0
0
0
0
0
0
0
0
0
0
0
0
0
0
0
0
0
0
0
0
0
0
0
0
0
0
0
0
0
0
0
0
0
0
0
0
0
0
0
0
0
0
0
0
0
0
0
0
0
0
0
0
0
0
0
0
0
0
0
0
0
0
0
0
0
0
0
0
0
0
0
0
0
0
0
0
0
0
0
0
0
0
0
0
0
0
0
0
0
0
0
0
0
0
0
0
0
0
0
0
0
0
0
0
0
0
0
0
0
0
0
0
0
0
0
0
0
0
0
0
0
0
0
0
0
0
0
0
0
0
0
0
0
0
0
0
0
0
0
0
0
0
0
0
0
0
0
0
0
0
0
0
0
0
0
0
0
0
0
0
0
0
0
0
0
0
0
0
0
0
0
240
0.89061085081562741
0.17929657149241551
0.22293791546079023
0.17479190242003576
-0.032478177868479036
0.102591878278114
-0.0128029491164039
0.10924118570731711
0.11755581149197632
0.01124357006444302
0.0059420416827893991
0.040882845536607107
0.039857444797265836
0.059776504483509484
0.071462697859234425
-0.032497782595071981
0.00066762856538119886
0.023160903308610085
0.053425621643805841
0.087993309553509272
0.00010695574308196343
0.065774068478139214
0.035855397912444367
0.35638579936588027
0
0
0
0
0
0
0
0
0
0
0
0
0
0
0
0
0
0
0
0
0
0
0
0
0
0
0
0
0
0
0
0
0
0
0
0
0
0
0
0
0
0
0
0
0
0
0
0
0
0
0
0
0
0
0
0
0
0
0
0
0
0
0
0
0
0
0
0
0
0
0
0
0
0
0
0
0
0
0
0
0
0
0
0
0
0
0
0
0
0
0
0
0
0
0
0
0
0
0
0
0
0
0
0
0
0
0
0
0
0
0
0
0
0
0
0
0
0
0
0
0
0
0
0
0
0
0
0
0
0
0
0
0
0
0
0
0
0
0
0
0
0
0
0
0
0
0
0
0
0
0
0
0
0
0
0
0
0
0
0
0
0
0
0
0
0
0
0
0
0
0
0
0
0
0
0
0
0
0
0
0
0
0
0
0
0
0
0
0
0
0
0
0
0
0
0
0
0
0
0
0
0
0
0
0
0
0
0
0
0
0
0
0
0
0
0
240
0.81739437623288658
0.37636340939408786
0.18957850218234493
-0.032444410267872981
0.12594897029250327
-0.059764910714980739
-0.049900188206083711
0.068108385571821986
0.17386465877122159
0.016997487906810754
0.072755969244872196
0.036736134853807931
0.15549800305292275
0.12879930554883098
0.022297256931627776
0.042906975542383353
0.030285393313562777
-0.04228279802487965
0.070359400658872751
0.016634290398021719
0.019066989594136156
-0.039537694387903333
-0.017083937173146723
0.0031153346520132333
0.36909645792426199
0
0
0
0
0
0
0
0
0
0
0
0
0
0
0
0
0
0
0
0
0
0
0
0
0
0
0
0
0
0
0
0
0
0
0
0
0
0
0
0
0
0
0
0
0
0
0
0
0
0
0
0
0
0
0
0
0
0
0
0
0
0
0
0
0
0
0
0
0
0
0
0
0
0
0
0
0
0
0
0
0
0
0
0
0
0
0
0
0
0
0
0
0
0
0
0
0
0
0
0
0
0
0
0
0
0
0
0
0
0
0
0
0
0
0
0
0
0
0
0
0
0
0
0
0
0
0
0
0
0
0
0
0
0
0
0
0
0
0
0
0
0
0
0
0
0
0
0
0
0
0
0
0
0
0
0
0
0
0
0
0
0
0
0
0
0
0
0
0
0
0
0
0
0
0
0
0
0
0
0
0
0
0
0
0
0
0
0
0
0
0
0
0
0
0
0
0
0
0
0
0
0
0
0
0
0
0
0
0
0
0
0
0
0
0
240
0.9181198579601173
0.14902782420332347
0.14477265190919325
0.23549465753323048
0.018130187697560793
0.1081954682947618
0.069896467825155587
0.064388654820910773
-0.02749423824099631
0.016549404476236786
0.002148113155637532
0.053712969923940361
-0.011913333860331882
0.0043893146096610379
0.012683947646109077
0.0015726043837572552
0.0058122822741103666
0.026821867044822235
0.021561797747693116
0.032295753551192248
0.044930521040173622
0.054298134623691208
0.03107965284535489
0.023560008179271313
-0.011007511351270479
0.35248970692745285
0
0
0
0
0
0
0
0
0
0
0
0
0
0
0
0
0
0
0
0
0
0
0
0
0
0
0
0
0
0
0
0
0
0
0
0
0
0
0
0
0
0
0
0
0
0
0
0
0
0
0
0
0
0
0
0
0
0
0
0
0
0
0
0
0
0
0
0
0
0
0
0
0
0
0
0
0
0
0
0
0
0
0
0
0
0
0
0
0
0
0
0
0
0
0
0
0
0
0
0
0
0
0
0
0
0
0
0
0
0
0
0
0
0
0
0
0
0
0
0
0
0
0
0
0
0
0
0
0
0
0
0
0
0
0
0
0
0
0
0
0
0
0
0
0
0
0
0
0
0
0
0
0
0
0
0
0
0
0
0
0
0
0
0
0
0
0
0
0
0
0
0
0
0
0
0
0
0
0
0
0
0
0
0
0
0
0
0
0
0
0
0
0
0
0
0
0
0
0
0
0
0
0
0
0
0
0
0
0
0
0
0
0
0
240
0.91960029997709591
0.12035405092351692
0.18802291634977045
0.15094616140816103
-0.016561101970270612
0.041322558363376456
0.0737559647363005
0.048221925286864954
-0.010406945816616442
0.073649474040275387
0.03377049266247964
0.069550917468240409
0.043352747019676209
-0.01957704712724365
0.018136511482082091
-0.022338335940892549
0.037103812682552043
-0.009098692574248668
0.063678369467122894
0.017503227450582564
0.09127391181397243
0.049693453028081765
-0.013305652311090033
0.013383184913278317
0.0016850397691827415
0.044685238949494013
0.37200514111304861
0
0
0
0
0
0
0
0
0
0
0
0
0
0
0
0
0
0
0
0
0
0
0
0
0
0
0
0
0
0
0
0
0
0
0
0
0
0
0
0
0
0
0
0
0
0
0
0
0
0
0
0
0
0
0
0
0
0
0
0
0
0
0
0
0
0
0
0
0
0
0
0
0
0
0
0
0
0
0
0
0
0
0
0
0
0
0
0
0
0
0
0
0
0
0
0
0
0
0
0
0
0
0
0
0
0
0
0
0
0
0
0
0
0
0
0
0
0
0
0
0
0
0
0
0
0
0
0
0
0
0
0
0
0
0
0
0
0
0
0
0
0
0
0
0
0
0
0
0
0
0
0
0
0
0
0
0
0
0
0
0
0
0
0
0
0
0
0
0
0
0
0
0
0
0
0
0
0
0
0
0
0
0
0
0
0
0
0
0
0
0
0
0
0
0
0
0
0
0
0
0
0
0
0
0
0
0
0
0
0
0
0
0
240
0.92365829581347914
0.069533453363430586
0.16759587102310913
0.11586672565772231
0.050226693639216898
0.080858162081045626
0.084387550009350831
0.10247637665626226
0.062693478259759627
0.087339283389748237
0.024534068711040233
0.044441141358049351
0.098474715254455933
0.043961825306560363
0.075082639119483208
-0.03380373273863814
-0.016950126983419567
0.058124619731507267
0.023223900007403004
-0.0052452417029781638
0.0010347186197074976
0.072682927177091905
0.061236834367503622
0.024098471772288004
0.0044019340970710974
0.018779855273133875
0.029900868563658371
0.35519664404545953
0
0
0
0
0
0
0
0
0
0
0
0
0
0
0
0
0
0
0
0
0
0
0
0
0
0
0
0
0
0
0
0
0
0
0
0
0
0
0
0
0
0
0
0
0
0
0
0
0
0
0
0
0
0
0
0
0
0
0
0
0
0
0
0
0
0
0
0
0
0
0
0
0
0
0
0
0
0
0
0
0
0
0
0
0
0
0
0
0
0
0
0
0
0
0
0
0
0
0
0
0
0
0
0
0
0
0
0
0
0
0
0
0
0
0
0
0
0
0
0
0
0
0
0
0
0
0
0
0
0
0
0
0
0
0
0
0
0
0
0
0
0
0
0
0
0
0
0
0
0
0
0
0
0
0
0
0
0
0
0
0
0
0
0
0
0
0
0
0
0
0
0
0
0
0
0
0
0
0
0
0
0
0
0
0
0
0
0
0
0
0
0
0
0
0
0
0
0
0
0
0
0
0
0
0
0
0
0
0
0
0
0
240
0.89777752543239409
0.25820717592853576
0.11316428690569268
0.10681837976614135
0.057868436567498335
0.0025847727379210215
0.012667063979070609
0.016555716692721184
0.15430009366075376
-0.0012019675369767094
0.055873171189902385
0.08292564323956815
0.010490805639692881
0.077082753383741681
0.033468495924380108
0.087241405453644602
-0.012481118817359806
-0.013387292311242742
0.0034104654493003631
0.071000370490981402
0.022805103930117917
-0.051296711402558211
-0.0033571009234387283
0.021173194651023974
0.052287279154877325
0.0097627846666100155
-0.018066676364637164
-0.014468237695806884
0.37197194513647053
0
0
0
0
0
0
0
0
0
0
0
0
0
0
0
0
0
0
0
0
0
0
0
0
0
0
0
0
0
0
0
0
0
0
0
0
0
0
0
0
0
0
0
0
0
0
0
0
0
0
0
0
0
0
0
0
0
0
0
0
0
0
0
0
0
0
0
0
0
0
0
0
0
0
0
0
0
0
0
0
0
0
0
0
0
0
0
0
0
0
0
0
0
0
0
0
0
0
0
0
0
0
0
0
0
0
0
0
0
0
0
0
0
0
0
0
0
0
0
0
0
0
0
0
0
0
0
0
0
0
0
0
0
0
0
0
0
0
0
0
0
0
0
0
0
0
0
0
0
0
0
0
0
0
0
0
0
0
0
0
0
0
0
0
0
0
0
0
0
0
0
0
0
0
0
0
0
0
0
0
0
0
0
0
0
0
0
0
0
0
0
0
0
0
0
0
0
0
0
0
0
0
0
0
0
0
0
0
0
0
0
240
0.7990212590891973
0.50340115813023278
0.080040594237482832
0.037355228873494795
0.10758337241764386
0.066273185737196219
-0.018131129667893958
-0.032787458779802152
0.098377246083090952
-0.055681421284725766
0.030412409890206937
0.017801785158572402
-0.04708065076580159
0.053643915672835225
-0.043131112359905056
0.050140364997326312
-0.013386481634032015
0.0070278759432420828
0.041884253507093835
0.047319732919330622
0.042412963819307391
-0.018357282255309443
-0.011992776782836856
0.010637001086090976
-0.0026016580770884274
-5.2402664581374657e-05
-0.029197350886553695
-0.040371394518444549
0.038982325170555422
0.38583390846589066
0
0
0
0
0
0
0
0
0
0
0
0
0
0
0
0
0
0
0
0
0
0
0
0
0
0
0
0
0
0
0
0
0
0
0
0
0
0
0
0
0
0
0
0
0
0
0
0
0
0
0
0
0
0
0
0
0
0
0
0
0
0
0
0
0
0
0
0
0
0
0
0
0
0
0
0
0
0
0
0
0
0
0
0
0
0
0
0
0
0
0
0
0
0
0
0
0
0
0
0
0
0
0
0
0
0
0
0
0
0
0
0
0
0
0
0
0
0
0
0
0
0
0
0
0
0
0
0
0
0
0
0
0
0
0
0
0
0
0
0
0
0
0
0
0
0
0
0
0
0
0
0
0
0
0
0
0
0
0
0
0
0
0
0
0
0
0
0
0
0
0
0
0
0
0
0
0
0
0
0
0
0
0
0
0
0
0
0
0
0
0
0
0
0
0
0
0
0
0
0
0
0
0
0
0
0
0
0
0
0
240
0.89850842559054378
0.29236717770276915
0.2036494440231495
0.095748490435322034
0.035876749179504876
0.096413178083449763
0.014515377948235696
0.063450830996343022
0.073859713847158073
0.0097177821723167628
0.0072891423899398003
0.034106001770178536
0.05367266003691331
0.065606449649162846
0.0056374734757778534
-0.025628324565727396
-0.00046571759768514193
0.021676274080013505
0.070020403596993713
0.04627567252417366
0.027923289672477824
0.039731411710215818
0.0047121371402972113
0.035189809359553924
-0.0024158632575071648
0.011999533218859727
0.012195880644907646
0.0016441223761760773
0.0022715600627563038
0.038235468817562526
0.33793883614331055
0
0
0
0
0
0
0
0
0
0
0
0
0
0
0
0
0
0
0
0
0
0
0
0
0
0
0
0
0
0
0
0
0
0
0
0
0
0
0
0
0
0
0
0
0
0
0
0
0
0
0
0
0
0
0
0
0
0
0
0
0
0
0
0
0
0
0
0
0
0
0
0
0
0
0
0
0
0
0
0
0
0
0
0
0
0
0
0
0
0
0
0
0
0
0
0
0
0
0
0
0
0
0
0
0
0
0
0
0
0
0
0
0
0
0
0
0
0
0
0
0
0
0
0
0
0
0
0
0
0
0
0
0
0
0
0
0
0
0
0
0
0
0
0
0
0
0
0
0
0
0
0
0
0
0
0
0
0
0
0
0
0
0
0
0
0
0
0
0
0
0
0
0
0
0
0
0
0
0
0
0
0
0
0
0
0
0
0
0
0
0
0
0
0
0
0
0
0
0
0
0
0
0
0
0
0
0
0
0
240
0.84506343109952653
0.35965593950616542
0.2169675391763686
0.073309381734260701
0.058165691078103772
0.14688809278688494
0.056643033720274627
0.087266224317026631
0.010864178877883671
0.054167179076851583
-0.011824853272016714
-0.042321638317137644
0.044349408607683237
-0.017141058990040425
0.0047383164354104544
-0.032897902370181573
0.048991982777224947
0.057080655876243599
0.017310476692661468
-0.0044989657148579148
-0.02666470976639275
0.065381292540647326
0.010586789391952869
0.0073525495801903045
-0.035610801177697
-0.0066208988898353834
-0.0054948037278165895
0.0022310585577523362
-0.050404907170490496
0.030592967787596698
0.040727808114867425
0.3772557781808657
0
0
0
0
0
0
0
0
0
0
0
0
0
0
0
0
0
0
0
0
0
0
0
0
0
0
0
0
0
0
0
0
0
0
0
0
0
0
0
0
0
0
0
0
0
0
0
0
0
0
0
0
0
0
0
0
0
0
0
0
0
0
0
0
0
0
0
0
0
0
0
0
0
0
0
0
0
0
0
0
0
0
0
0
0
0
0
0
0
0
0
0
0
0
0
0
0
0
0
0
0
0
0
0
0
0
0
0
0
0
0
0
0
0
0
0
0
0
0
0
0
0
0
0
0
0
0
0
0
0
0
0
0
0
0
0
0
0
0
0
0
0
0
0
0
0
0
0
0
0
0
0
0
0
0
0
0
0
0
0
0
0
0
0
0
0
0
0
0
0
0
0
0
0
0
0
0
0
0
0
0
0
0
0
0
0
0
0
0
0
0
0
0
0
0
0
0
0
0
0
0
0
0
0
0
0
0
0
240
0.87699835798576042
0.38407378975911832
0.13400558364899337
0.089609975295514441
0.039886933562462409
0.049516017297802715
-0.0040393677248162308
-0.0058543656189446814
0.096573847863723514
-0.021302440481850867
0.048301943191580168
0.033299025793284129
-0.028195617603395999
0.023867002807262165
-0.014481925659051971
0.045067824438053371
0.015815463622335657
-0.0064013844188951317
0.047298985416740109
0.060214653083727865
0.066339087098328517
-0.012986571038225724
-0.022349340787533221
0.01953534689737017
0.0082546442599040499
0.01151839907430669
0.0069229505729172204
-0.029818128667491901
0.042307440351719627
0.068783405151844279
0.024349557538579158
0.0024253718356444789
0.34145310966397685
0
0
0
0
0
0
0
0
0
0
0
0
0
0
0
0
0
0
0
0
0
0
0
0
0
0
0
0
0
0
0
0
0
0
0
0
0
0
0
0
0
0
0
0
0
0
0
0
0
0
0
0
0
0
0
0
0
0
0
0
0
0
0
0
0
0
0
0
0
0
0
0
0
0
0
0
0
0
0
0
0
0
0
0
0
0
0
0
0
0
0
0
0
0
0
0
0
0
0
0
0
0
0
0
0
0
0
0
0
0
0
0
0
0
0
0
0
0
0
0
0
0
0
0
0
0
0
0
0
0
0
0
0
0
0
0
0
0
0
0
0
0
0
0
0
0
0
0
0
0
0
0
0
0
0
0
0
0
0
0
0
0
0
0
0
0
0
0
0
0
0
0
0
0
0
0
0
0
0
0
0
0
0
0
0
0
0
0
0
0
0
0
0
0
0
0
0
0
0
0
0
0
0
0
0
0
0
240
0.89710658468097082
0.26474285074180676
0.22511359422520047
0.081215963063697216
0.017618845011445148
0.035905797302686428
-0.016857047789749571
0.079824189643664251
0.088500130902796667
0.030896053282713276
0.052936800807901689
0.019902631763247327
0.079660201009937676
0.030186419556901413
0.030888378060626664
-0.021737665615804546
0.04210066578991508
-0.0078234520760236976
0.088872884662194146
0.032588327601315463
0.06441550869023932
0.041319682837758914
-0.012245528666984048
0.034259085050676742
0.015815082058087283
0.017560194141464792
0.056552411337208099
0.022072648440301077
-0.0085281458328380355
-0.0052638832463461713
0.022984410305943091
0.0076190467777425535
0.013837855113471253
0.34032013711853615
0
0
0
0
0
0
0
0
0
0
0
0
0
0
0
0
0
0
0
0
0
0
0
0
0
0
0
0
0
0
0
0
0
0
0
0
0
0
0
0
0
0
0
0
0
0
0
0
0
0
0
0
0
0
0
0
0
0
0
0
0
0
0
0
0
0
0
0
0
0
0
0
0
0
0
0
0
0
0
0
0
0
0
0
0
0
0
0
0
0
0
0
0
0
0
0
0
0
0
0
0
0
0
0
0
0
0
0
0
0
0
0
0
0
0
0
0
0
0
0
0
0
0
0
0
0
0
0
0
0
0
0
0
0
0
0
0
0
0
0
0
0
0
0
0
0
0
0
0
0
0
0
0
0
0
0
0
0
0
0
0
0
0
0
0
0
0
0
0
0
0
0
0
0
0
0
0
0
0
0
0
0
0
0
0
0
0
0
0
0
0
0
0
0
0
0
0
0
0
0
0
0
0
0
0
0
240
0.89098279187039653
0.076728844422319434
0.20751283395869843
0.18505002748614188
-0.015854882069097308
0.1473887507247677
0.089566788354434268
0.11317779324187553
-0.0068330837306691782
0.077912703241455605
-0.015420755827969649
0.028196208166201862
0.050970064871537192
0.0042354781844025548
0.051223983068460044
-0.073623039303647025
-0.0014010057325733085
0.062828282859972259
0.043565643539711374
0.015469645576450442
0.009950711482614668
0.12935980529050797
0.061203986269670003
0.038272398645525486
-0.024924132550047218
0.034511090993103746
0.049430742835773964
0.047666687069157949
-0.042181825028355165
-0.0089228654408622567
0.024168029058063593
0.033653402426471017
-0.0083678380159959171
0.024412582301574167
0.35134222713156177
0
0
0
0
0
0
0
0
0
0
0
0
0
0
0
0
0
0
0
0
0
0
0
0
0
0
0
0
0
0
0
0
0
0
0
0
0
0
0
0
0
0
0
0
0
0
0
0
0
0
0
0
0
0
0
0
0
0
0
0
0
0
0
0
0
0
0
0
0
0
0
0
0
0
0
0
0
0
0
0
0
0
0
0
0
0
0
0
0
0
0
0
0
0
0
0
0
0
0
0
0
0
0
0
0
0
0
0
0
0
0
0
0
0
0
0
0
0
0
0
0
0
0
0
0
0
0
0
0
0
0
0
0
0
0
0
0
0
0
0
0
0
0
0
0
0
0
0
0
0
0
0
0
0
0
0
0
0
0
0
0
0
0
0
0
0
0
0
0
0
0
0
0
0
0
0
0
0
0
0
0
0
0
0
0
0
0
0
0
0
0
0
0
0
0
0
0
0
0
0
0
0
0
0
0
240
0.84941620724786293
0.32503289516408573
0.083984385588315474
0.058603187665985372
0.18306932588804817
0.087071381970211192
-0.020109469627684767
0.017429720258304589
0.02866574203526254
-0.065624708362780781
0.040046021693155555
0.026512524478638951
0.03512797785971318
0.11199530970023314
-0.050582688823080674
-0.02439561056037862
-0.051383168453177204
0.035546503610332493
0.10639431214467299
-0.0043374550877170598
0.10401712760217609
0.048104194654798926
0.014549796265460867
0.020418770481502084
-0.015691885704948397
0.052555737086583953
0.01937816568704271
0.029433559251370162
-0.0064656542564232727
0.045976698668249105
0.035118030319809639
2.6465388403848172e-05
0.012523478012430991
0.020266814807935143
0.023419275407327595
0.39803103352230429
0
0
0
0
0
0
0
0
0
0
0
0
0
0
0
0
0
0
0
0
0
0
0
0
0
0
0
0
0
0
0
0
0
0
0
0
0
0
0
0
0
0
0
0
0
0
0
0
0
0
0
0
0
0
0
0
0
0
0
0
0
0
0
0
0
0
0
0
0
0
0
0
0
0
0
0
0
0
0
0
0
0
0
0
0
0
0
0
0
0
0
0
0
0
0
0
0
0
0
0
0
0
0
0
0
0
0
0
0
0
0
0
0
0
0
0
0
0
0
0
0
0
0
0
0
0
0
0
0
0
0
0
0
0
0
0
0
0
0
0
0
0
0
0
0
0
0
0
0
0
0
0
0
0
0
0
0
0
0
0
0
0
0
0
0
0
0
0
0
0
0
0
0
0
0
0
0
0
0
0
0
0
0
0
0
0
0
0
0
0
0
0
0
0
0
0
0
0
0
0
0
0
0
0
240
0.91625838657815262
0.15306093623436753
0.14496507467152508
0.074753312499288627
0.036654788589548293
0.0008002078420860227
0.0090971377320741963
0.02691859369487231
0.17185990458663136
0.017389261164196861
0.055009753260172684
0.11511028731754303
0.079171630259212464
0.10751874534155392
0.048163096634098644
0.01560622132461216
-0.022766856466533758
-0.0079533438642140769
0.051565304911286414
0.058635952264715005
0.031952532163195498
-0.013074073013032811
0.0080209262965245161
0.035931165053616661
0.050108622460218216
0.0092316643916428975
0.017633371028509311
0.02097643073674367
0.062891249165097529
-0.0021653106661186174
0.0092416519204782787
-0.031501461281638131
0.012154594320589103
0.016380743405627531
-0.0075188247936870548
0.0078613324836793591
0.35162034475273429
0
0
0
0
0
0
0
0
0
0
0
0
0
0
0
0
0
0
0
0
0
0
0
0
0
0
0
0
0
0
0
0
0
0
0
0
0
0
0
0
0
0
0
0
0
0
0
0
0
0
0
0
0
0
0
0
0
0
0
0
0
0
0
0
0
0
0
0
0
0
0
0
0
0
0
0
0
0
0
0
0
0
0
0
0
0
0
0
0
0
0
0
0
0
0
0
0
0
0
0
0
0
0
0
0
0
0
0
0
0
0
0
0
0
0
0
0
0
0
0
0
0
0
0
0
0
0
0
0
0
0
0
0
0
0
0
0
0
0
0
0
0
0
0
0
0
0
0
0
0
0
0
0
0
0
0
0
0
0
0
0
0
0
0
0
0
0
0
0
0
0
0
0
0
0
0
0
0
0
0
0
0
0
0
0
0
0
0
0
0
0
0
0
0
0
0
0
0
0
0
0
0
0
240
0.87625625480404412
0.36811101677811886
0.19043017581074709
0.12432857001062295
0.047122318069163227
0.05874191369256742
-0.007902461242753428
0.074891964617383136
0.058975557410984418
-0.0048286495407058169
0.017610304805002235
0.018375029453765162
0.022691980973017594
0.048102246669562518
0.0067026083250546192
0.036213311045095072
0.027297362849998719
-0.0078044798011567178
0.03964556035700937
0.056847691540395581
0.032093373291485192
-0.0019626706386068437
-0.0093573642764635916
0.025880440783950923
0.017594645499574537
0.020387989765485386
-0.0024504248136870774
-0.016719479627961192
0.037435934241519433
0.04092043360687532
0.021755462958494089
0.0045944077820148947
0.028036747697097526
0.0075699689647180778
-0.0045749204255378009
0.0098984607574204592
0.0022818672795063724
0.33514484050827331
0
0
0
0
0
0
0
0
0
0
0
0
0
0
0
0
0
0
0
0
0
0
0
0
0
0
0
0
0
0
0
0
0
0
0
0
0
0
0
0
0
0
0
0
0
0
0
0
0
0
0
0
0
0
0
0
0
0
0
0
0
0
0
0
0
0
0
0
0
0
0
0
0
0
0
0
0
0
0
0
0
0
0
0
0
0
0
0
0
0
0
0
0
0
0
0
0
0
0
0
0
0
0
0
0
0
0
0
0
0
0
0
0
0
0
0
0
0
0
0
0
0
0
0
0
0
0
0
0
0
0
0
0
0
0
0
0
0
0
0
0
0
0
0
0
0
0
0
0
0
0
0
0
0
0
0
0
0
0
0
0
0
0
0
0
0
0
0
0
0
0
0
0
0
0
0
0
0
0
0
0
0
0
0
0
0
0
0
0
0
0
0
0
0
0
0
0
0
0
0
0
0
240
0.91459127732210166
0.09652969272072999
0.14313048643975176
0.18709372221636791
0.0042639852807575818
0.030142235005909495
0.028266012413403107
0.08091063144309725
0.12803691973260689
0.034557975219869648
0.040202703662763212
0.082236548337749155
0.027344305238377577
0.054705508772890162
0.09640468440710423
0.041006400128774052
-0.010122518885948915
0.0086885791586615024
-0.0031161718600210241
0.069782653323612637
0.0019113288515842329
0.0013387101481721537
0.041227052503492727
0.045613289107992831
0.036414269951118461
0.026848704395948001
9.774478026018832e-05
0.026792123561957072
0.074480212778771288
-0.019621592073385215
-0.013301955587127007
-0.047601916712504119
0.0026966673610919444
0.0045100049470680739
-0.0088723961984052604
-0.005214163305059057
0.044691488518439064
0.014415925018729823
0.35698468364273267
0
0
0
0
0
0
0
0
0
0
0
0
0
0
0
0
0
0
0
0
0
0
0
0
0
0
0
0
0
0
0
0
0
0
0
0
0
0
0
0
0
0
0
0
0
0
0
0
0
0
0
0
0
0
0
0
0
0
0
0
0
0
0
0
0
0
0
0
0
0
0
0
0
0
0
0
0
0
0
0
0
0
0
0
0
0
0
0
0
0
0
0
0
0
0
0
0
0
0
0
0
0
0
0
0
0
0
0
0
0
0
0
0
0
0
0
0
0
0
0
0
0
0
0
0
0
0
0
0
0
0
0
0
0
0
0
0
0
0
0
0
0
0
0
0
0
0
0
0
0
0
0
0
0
0
0
0
0
0
0
0
0
0
0
0
0
0
0
0
0
0
0
0
0
0
0
0
0
0
0
0
0
0
0
0
0
0
0
0
0
0
0
0
0
0
0
0
0
0
0
0
240
0.90379291033511799
0.16628881245624569
0.15095049867460641
0.1229797635195993
0.13929590183388241
0.046744054626455304
0.097675970309396815
0.11166918124526287
-0.037260152367957627
0.071543391234489259
0.01203041804047807
0.038558982406943429
0.11026148389090518
0.056216886492519706
0.017595014392258548
0.02158291070581627
-0.0051886153666212747
0.02376026681277623
0.0069025415328273767
-0.03104155569300155
0.026040968684027589
0.019054239992695336
0.027649941068013238
-0.012653195593703224
0.02045351072970494
0.047088486385590399
0.024190955103181033
0.05149737315266114
0.011022886101743708
-0.028023905140941302
-0.0042128642913076405
-0.010889832871397593
-0.018591842907153228
-0.00039232862571108592
0.010214344294471661
0.044459063785773557
0.0036500573971539117
0.013724941975529007
0.02023805477393846
0.36911130868094782
0
0
0
0
0
0
0
0
0
0
0
0
0
0
0
0
0
0
0
0
0
0
0
0
0
0
0
0
0
0
0
0
0
0
0
0
0
0
0
0
0
0
0
0
0
0
0
0
0
0
0
0
0
0
0
0
0
0
0
0
0
0
0
0
0
0
0
0
0
0
0
0
0
0
0
0
0
0
0
0
0
0
0
0
0
0
0
0
0
0
0
0
0
0
0
0
0
0
0
0
0
0
0
0
0
0
0
0
0
0
0
0
0
0
0
0
0
0
0
0
0
0
0
0
0
0
0
0
0
0
0
0
0
0
0
0
0
0
0
0
0
0
0
0
0
0
0
0
0
0
0
0
0
0
0
0
0
0
0
0
0
0
0
0
0
0
0
0
0
0
0
0
0
0
0
0
0
0
0
0
0
0
0
0
0
0
0
0
0
0
0
0
0
0
0
0
0
0
0
0
240
0.92818946333532137
0.066818875748010292
0.11741174634198487
0.18728783244706423
0.0007188063449187767
0.1119440944770074
0.13148655031851328
0.047072914502564893
0.061295489395075647
0.083711596800352422
0.019479085197988435
0.047974795385530594
-0.020113889274104485
-0.022645326349713692
0.075706814840874964
0.011621862728015072
-0.0051192938725247985
0.071930039233391502
-0.030959840976728152
0.022783710409822834
-0.021742983158278006
0.044463572693713337
0.065521565645037333
0.015905088011803521
-0.0086797948969065761
0.013938957035068353
-0.00064166177122323444
0.022481741616765014
0.014047715675060735
-0.0074233993471051387
-0.0064090671709920773
0.0055920973729383077
-0.00054456018569471647
-0.0046402962438557285
0.010501655380736542
-0.016592613399441472
0.0062949258504268269
-0.003809414566940842
0.029032571103645374
-0.0031226168096065055
0.34173520549701336
0
0
0
0
0
0
0
0
0
0
0
0
0
0
0
0
0
0
0
0
0
0
0
0
0
0
0
0
0
0
0
0
0
0
0
0
0
0
0
0
0
0
0
0
0
0
0
0
0
0
0
0
0
0
0
0
0
0
0
0
0
0
0
0
0
0
0
0
0
0
0
0
0
0
0
0
0
0
0
0
0
0
0
0
0
0
0
0
0
0
0
0
0
0
0
0
0
0
0
0
0
0
0
0
0
0
0
0
0
0
0
0
0
0
0
0
0
0
0
0
0
0
0
0
0
0
0
0
0
0
0
0
0
0
0
0
0
0
0
0
0
0
0
0
0
0
0
0
0
0
0
0
0
0
0
0
0
0
0
0
0
0
0
0
0
0
0
0
0
0
0
0
0
0
0
0
0
0
0
0
0
0
0
0
0
0
0
0
0
0
0
0
0
0
0
0
0
0
0
240
0.86322735485263857
0.083047104501986616
0.20546935069886954
0.22240034411311929
-0.031253252861186444
0.19202080511076663
0.10789813345035845
0.12533303246836563
-0.008264949475062339
0.079197975115541316
-0.038963161483806019
0.0093571076953344792
0.014861658770234182
-0.0073775216053723796
0.062548132726949507
-0.066184098899823046
-0.005238893646068183
0.085699950516577375
0.0089904455307018138
0.029363140408714173
-0.032855701793220692
0.13493880018114407
0.086036906138708943
0.041174804421748881
-0.031427440362255699
0.024511451494659477
0.009194879899229175
0.028226915100984025
-0.0376325100548804
0.0031777417843386743
0.023375331446394719
0.051521625276817903
-0.0077628450530914418
0.0043875834529255664
0.062830797130091862
-0.0024455315165618999
-0.018011217173096766
0.0013973586422156826
-0.0041745390816826993
-0.0053288230339066404
0.023691759860411492
0.35466109363570808
0
0
0
0
0
0
0
0
0
0
0
0
0
0
0
0
0
0
0
0
0
0
0
0
0
0
0
0
0
0
0
0
0
0
0
0
0
0
0
0
0
0
0
0
0
0
0
0
0
0
0
0
0
0
0
0
0
0
0
0
0
0
0
0
0
0
0
0
0
0
0
0
0
0
0
0
0
0
0
0
0
0
0
0
0
0
0
0
0
0
0
0
0
0
0
0
0
0
0
0
0
0
0
0
0
0
0
0
0
0
0
0
0
0
0
0
0
0
0
0
0
0
0
0
0
0
0
0
0
0
0
0
0
0
0
0
0
0
0
0
0
0
0
0
0
0
0
0
0
0
0
0
0
0
0
0
0
0
0
0
0
0
0
0
0
0
0
0
0
0
0
0
0
0
0
0
0
0
0
0
0
0
0
0
0
0
0
0
0
0
0
0
0
0
0
0
0
0
240
0.91407066052336261
0.051161044899564551
0.15282896092136519
0.11387899590274307
0.05483197621952543
0.11915867340848424
0.16345012934659658
0.075413245752930735
0.00026623585770293258
0.11218061185432461
-0.011421140127081439
0.061714032290947046
0.085092822839018756
0.033244409894379122
0.037488190025436817
-0.045839332810297645
-0.03198705450847654
0.07940326657989645
0.012281173772450586
-0.021404501534845129
-0.0086085450468799448
0.075377204972215603
0.066494634078144627
0.0012694893205768675
-0.010817901243039859
0.012896517878198521
0.024437326722709339
0.056449664411776124
-0.023834069023520411
-0.0081659417052412035
0.016540429404727282
0.027922970622531205
-0.013982233708139455
0.0032372831837307126
0.039034915106451691
0.019183546964225001
0.0037309020887250845
-0.0081479175327783069
-0.0084324074184630032
0.037004349573362849
0.012773435968951124
0.024971125055569143
0.34535678914137757
0
0
0
0
0
0
0
0
0
0
0
0
0
0
0
0
0
0
0
0
0
0
0
0
0
0
0
0
0
0
0
0
0
0
0
0
0
0
0
0
0
0
0
0
0
0
0
0
0
0
0
0
0
0
0
0
0
0
0
0
0
0
0
0
0
0
0
0
0
0
0
0
0
0
0
0
0
0
0
0
0
0
0
0
0
0
0
0
0
0
0
0
0
0
0
0
0
0
0
0
0
0
0
0
0
0
0
0
0
0
0
0
0
0
0
0
0
0
0
0
0
0
0
0
0
0
0
0
0
0
0
0
0
0
0
0
0
0
0
0
0
0
0
0
0
0
0
0
0
0
0
0
0
0
0
0
0
0
0
0
0
0
0
0
0
0
0
0
0
0
0
0
0
0
0
0
0
0
0
0
0
0
0
0
0
0
0
0
0
0
0
0
0
0
0
0
0
240
0.88167625518297488
0.21015964913760327
0.20082551439399332
0.12924634905011242
0.01641523123315116
0.073247547008915448
-0.051910520793679214
0.092613545229757413
0.13763117892336202
-0.028465203140994572
0.023734890085802804
0.056011959305690293
0.06972222313907965
0.12006062936730068
0.042397734694682727
-0.035974707609392538
-0.021385136594162333
0.010120765624029368
0.09747428094395498
0.078498954657820738
0.035542096621252101
0.053629193244746104
0.02599393347781976
0.076177044172329886
0.015440769417720095
0.029761031996021647
0.014891630930617157
0.027447329184283088
0.024149815998862283
0.012524280368039155
0.031890947356617162
-0.014412801583026148
0.012452677167076024
0.031046781660215905
0.021320360488168814
0.046173853085101066
0.036292018795060881
0.01558802110149253
0.029026783792337304
-0.0047195852081568209
-0.0058376495259892499
0.01028709372868949
-0.0031296732361622763
0.34861394536024315
0
0
0
0
0
0
0
0
0
0
0
0
0
0
0
0
0
0
0
0
0
0
0
0
0
0
0
0
0
0
0
0
0
0
0
0
0
0
0
0
0
0
0
0
0
0
0
0
0
0
0
0
0
0
0
0
0
0
0
0
0
0
0
0
0
0
0
0
0
0
0
0
0
0
0
0
0
0
0
0
0
0
0
0
0
0
0
0
0
0
0
0
0
0
0
0
0
0
0
0
0
0
0
0
0
0
0
0
0
0
0
0
0
0
0
0
0
0
0
0
0
0
0
0
0
0
0
0
0
0
0
0
0
0
0
0
0
0
0
0
0
0
0
0
0
0
0
0
0
0
0
0
0
0
0
0
0
0
0
0
0
0
0
0
0
0
0
0
0
0
0
0
0
0
0
0
0
0
0
0
0
0
0
0
0
0
0
0
0
0
0
0
0
0
0
0
240
0.86574853754328784
0.34358645865334941
0.2052162505184911
0.082010059616669032
0.041886738330577482
0.088481340493124741
-0.050468454407493708
0.088882094136784606
0.1367402994092336
-0.010446058900270703
0.041873915269851486
-0.017835004800732222
0.044672670106049278
0.042355318414044864
0.036929564968935111
-0.021542298535096493
0.033659215274344567
0.025174186232080255
0.063859436238788009
0.040557023093541894
0.0076227948588346488
0.055002950921375908
0.014458373778912525
0.050521749873565447
-0.0031950221193605818
0.0077439495614393672
7.3548274011554191e-05
0.017444584245366664
-0.014247265964360897
0.017423477183609194
0.028377528356479404
0.037237906806971532
0.0083955701718421861
0.027605813216683601
0.018458789672792686
0.021046135262038454
0.0039459693834685734
0.0070834240157688095
0.0051341183604446117
-0.018788366793931432
0.0068506520257057791
0.015470326626611556
-0.0063802628603248047
0.03252420171499746
0.34235690177602518
0
0
0
0
0
0
0
0
0
0
0
0
0
0
0
0
0
0
0
0
0
0
0
0
0
0
0
0
0
0
0
0
0
0
0
0
0
0
0
0
0
0
0
0
0
0
0
0
0
0
0
0
0
0
0
0
0
0
0
0
0
0
0
0
0
0
0
0
0
0
0
0
0
0
0
0
0
0
0
0
0
0
0
0
0
0
0
0
0
0
0
0
0
0
0
0
0
0
0
0
0
0
0
0
0
0
0
0
0
0
0
0
0
0
0
0
0
0
0
0
0
0
0
0
0
0
0
0
0
0
0
0
0
0
0
0
0
0
0
0
0
0
0
0
0
0
0
0
0
0
0
0
0
0
0
0
0
0
0
0
0
0
0
0
0
0
0
0
0
0
0
0
0
0
0
0
0
0
0
0
0
0
0
0
0
0
0
0
0
0
0
0
0
0
0
240
0.89038015909236368
0.34673457716444933
0.19359130243672296
0.1055432162164447
0.050404647790969287
0.085285667838517612
0.027269723169100323
0.067295521251456117
0.025078161773419125
0.030662541803677047
0.025145492645697275
-0.011068314188627509
0.024181022066485251
-0.012279628355780624
0.0060000361475663995
0.0075745893051804023
0.05410574561738106
0.017097922183018109
0.031074259808477486
0.015654104300732118
0.028779146840436299
0.032851781280132046
-0.0067249283535069215
0.011216796583439598
-0.0098396895971742723
0.017121064474225112
0.019631770104362515
-0.00056286316166213293
-0.013913388200446979
0.019994844978039064
0.023139083908208447
0.045810125597078595
0.014478209025470605
0.016540832025107869
0.011718606061389364
0.0062201834421070851
-0.0095693267411049183
0.013059575834247767
-0.010052733788691879
0.003703223963761985
0.0041283178018069666
0.0093695290863878757
0.0010741477672776127
-0.0016114083081777888
0.016418103428525718
0.3289615439630964
0
0
0
0
0
0
0
0
0
0
0
0
0
0
0
0
0
0
0
0
0
0
0
0
0
0
0
0
0
0
0
0
0
0
0
0
0
0
0
0
0
0
0
0
0
0
0
0
0
0
0
0
0
0
0
0
0
0
0
0
0
0
0
0
0
0
0
0
0
0
0
0
0
0
0
0
0
0
0
0
0
0
0
0
0
0
0
0
0
0
0
0
0
0
0
0
0
0
0
0
0
0
0
0
0
0
0
0
0
0
0
0
0
0
0
0
0
0
0
0
0
0
0
0
0
0
0
0
0
0
0
0
0
0
0
0
0
0
0
0
0
0
0
0
0
0
0
0
0
0
0
0
0
0
0
0
0
0
0
0
0
0
0
0
0
0
0
0
0
0
0
0
0
0
0
0
0
0
0
0
0
0
0
0
0
0
0
0
0
0
0
0
0
0
240
0.82758618165750464
0.43712646657622084
0.09865628868898145
-0.004400214480362207
0.16924356272860927
0.015470309540273909
-0.030820158209071104
-0.011035697842229006
0.048369565260375051
-0.038271856637835097
0.073523958368774581
0.015436966071631125
0.034795320800419423
0.06232210729125548
-0.053678038717973865
0.0094420162984409223
0.0012058864470954349
-0.008293964563951246
0.10831980927653488
-0.0084660848421868398
0.12235156855331888
0.0089402319615580778
-0.018952086304444293
-0.0023539638602607972
0.009967882974597244
0.024498233291175078
0.034300595508591235
0.0023749038815436799
-0.0065338759235363721
0.049823427921999383
0.022843133360394851
0.00020914175191348038
0.026018436389795657
0.027173039158378976
0.0085615894805496865
0.084159708898517552
-0.00037887179425395414
0.0054574733230748941
-0.016257129613464316
0.010355516926858158
-0.012625946261099466
-0.0089489331114501192
0.0018560564817988821
0.0065369346452151663
0.0041666050281053768
0.010377379641573847
0.35383491824869845
0
0
0
0
0
0
0
0
0
0
0
0
0
0
0
0
0
0
0
0
0
0
0
0
0
0
0
0
0
0
0
0
0
0
0
0
0
0
0
0
0
0
0
0
0
0
0
0
0
0
0
0
0
0
0
0
0
0
0
0
0
0
0
0
0
0
0
0
0
0
0
0
0
0
0
0
0
0
0
0
0
0
0
0
0
0
0
0
0
0
0
0
0
0
0
0
0
0
0
0
0
0
0
0
0
0
0
0
0
0
0
0
0
0
0
0
0
0
0
0
0
0
0
0
0
0
0
0
0
0
0
0
0
0
0
0
0
0
0
0
0
0
0
0
0
0
0
0
0
0
0
0
0
0
0
0
0
0
0
0
0
0
0
0
0
0
0
0
0
0
0
0
0
0
0
0
0
0
0
0
0
0
0
0
0
0
0
0
0
0
0
0
0
240
0.80298833574622164
0.30104828875280459
0.24189135350233179
0.045357675896862112
0.058915712067166448
-0.013510780350103389
-0.11433755482100379
0.13052698192777146
0.15758363021760355
-0.029307668672293386
0.05585464035736986
0.027135842467736905
0.15647103272792853
0.15530130832707126
0.036580026284281385
-0.02566581632372127
0.021646107896819668
-0.038165656596130824
0.14632100036125401
0.049624557411150801
0.054496025739488571
0.023611185535444678
-0.002804620024535116
0.059316395694595445
0.064980213229299005
0.023314486323327027
0.029534992717265243
0.031742829854078669
0.01402090266469566
-0.017235667750492536
0.016055012141743662
-0.031819563048188323
0.0019002157827825714
0.049218360846046492
0.012240749512069739
0.043507867837390087
0.031016704929665392
0.018030278093073868
0.027967070076073089
0.0097299289927953343
-0.017816050405414875
-0.0042898264192892561
-0.012025957996551007
0.061108953982192973
0.030996705721766549
-0.0033853204341353633
0.017401446207181391
0.36975285767862709
0
0
0
0
0
0
0
0
0
0
0
0
0
0
0
0
0
0
0
0
0
0
0
0
0
0
0
0
0
0
0
0
0
0
0
0
0
0
0
0
0
0
0
0
0
0
0
0
0
0
0
0
0
0
0
0
0
0
0
0
0
0
0
0
0
0
0
0
0
0
0
0
0
0
0
0
0
0
0
0
0
0
0
0
0
0
0
0
0
0
0
0
0
0
0
0
0
0
0
0
0
0
0
0
0
0
0
0
0
0
0
0
0
0
0
0
0
0
0
0
0
0
0
0
0
0
0
0
0
0
0
0
0
0
0
0
0
0
0
0
0
0
0
0
0
0
0
0
0
0
0
0
0
0
0
0
0
0
0
0
0
0
0
0
0
0
0
0
0
0
0
0
0
0
0
0
0
0
0
0
0
0
0
0
0
0
0
0
0
0
0
0
240
0.94446371293085074
0.15087642593483491
0.12748272046890116
0.10279913449733094
0.024042959352879655
0.060998347136155595
0.088141633810888756
0.013656274175944651
0.11844840848621445
0.062120215798313602
0.047607988691613978
0.067600007964403977
0.012762173915802755
0.014203171557262436
0.048774728001937842
0.022136981840681316
-0.0084807077925885804
0.037443066246350708
0.0032958955466463771
0.033547996500558536
0.014043117849554023
0.0064786281322201681
0.017509099471829354
0.015601934821348475
0.0095131069627404329
-0.0015574582843013059
0.011404155883235716
0.011912558063119857
0.033225015226934711
0.0082507309619517175
0.008641341782549718
0.00086899774538778268
0.015827080016438014
0.0075725246574599387
-0.0024424574275579303
-0.01076680547361108
0.027114023618926394
-0.0010730539222026222
0.017316482815142562
-0.0088071955909419727
0.025941945627082068
-0.0024101378705050397
0.010826667332349682
-0.0002942797112865706
0.0017404992459710592
0.0033651939702203362
-0.0020952170082228975
-0.013318192844724346
0.33263274731848752
0
0
0
0
0
0
0
0
0
0
0
0
0
0
0
0
0
0
0
0
0
0
0
0
0
0
0
0
0
0
0
0
0
0
0
0
0
0
0
0
0
0
0
0
0
0
0
0
0
0
0
0
0
0
0
0
0
0
0
0
0
0
0
0
0
0
0
0
0
0
0
0
0
0
0
0
0
0
0
0
0
0
0
0
0
0
0
0
0
0
0
0
0
0
0
0
0
0
0
0
0
0
0
0
0
0
0
0
0
0
0
0
0
0
0
0
0
0
0
0
0
0
0
0
0
0
0
0
0
0
0
0
0
0
0
0
0
0
0
0
0
0
0
0
0
0
0
0
0
0
0
0
0
0
0
0
0
0
0
0
0
0
0
0
0
0
0
0
0
0
0
0
0
0
0
0
0
0
0
0
0
0
0
0
0
0
0
0
0
0
0
240
0.89020494522987104
0.31179377935744784
0.12284390294556849
0.058668072139411852
0.14243637638966733
0.097337907035258367
0.095119946962250235
0.039201043985186923
0.052148840341053576
0.037253216278875484
0.0020202538660702763
0.024901343689060745
0.041927339167346228
0.069252713806833163
-0.0046384236652846442
0.034722072364146983
-0.034365512977816523
0.055220935617492112
-0.008330790144928879
0.004884210933410499
-0.015336477397757358
-0.0065434514736754084
0.017324635993361506
-0.006499714848523748
0.0025769500232504308
-0.004802689203974469
-0.035734579131108932
-0.0024534233619742112
0.028569586214043978
0.049816669654148486
0.024863870824038764
0.03370954872137865
0.011445697194801442
-0.020137002686433928
-0.0080175331999173954
0.019956387241976015
-0.001304471865106785
0.019077524995133613
-0.0040597049061458128
0.03014546608979151
0.0070334542187443791
0.0043976679441836107
0.024925255168307247
-0.0091414367756462046
-0.0089789316070947745
0.006053742839130234
-0.0010848856645116858
-0.025085337828700392
0.013699548034593953
0.3515954230578105
0
0
0
0
0
0
0
0
0
0
0
0
0
0
0
0
0
0
0
0
0
0
0
0
0
0
0
0
0
0
0
0
0
0
0
0
0
0
0
0
0
0
0
0
0
0
0
0
0
0
0
0
0
0
0
0
0
0
0
0
0
0
0
0
0
0
0
0
0
0
0
0
0
0
0
0
0
0
0
0
0
0
0
0
0
0
0
0
0
0
0
0
0
0
0
0
0
0
0
0
0
0
0
0
0
0
0
0
0
0
0
0
0
0
0
0
0
0
0
0
0
0
0
0
0
0
0
0
0
0
0
0
0
0
0
0
0
0
0
0
0
0
0
0
0
0
0
0
0
0
0
0
0
0
0
0
0
0
0
0
0
0
0
0
0
0
0
0
0
0
0
0
0
0
0
0
0
0
0
0
0
0
0
0
0
0
0
0
0
0
240
0.78555365821182332
0.4566426346691127
0.20275326778440544
0.029216753933032812
0.11346095132372688
-0.0089354003128543254
-0.10641648420870954
0.1049140933390975
0.11694837513671837
-0.039960603957423096
0.053905399319277257
-0.0053449273320175196
0.10486571352945988
0.10278350708384926
0.0080142068653193746
0.015545990619992822
0.060162055383713761
-0.035433757393019218
0.097907704964451614
0.024972651917082974
0.030090724398813839
0.0037022510178382922
-0.0038028089658753224
0.028903237794202168
0.055472452556987815
0.01834376109169519
0.00041673193346464574
0.0069218090614318233
0.0050228939298175958
0.005438758818028985
0.0078515032534927452
-0.0043437586889973571
0.0017080430263577975
0.025041153939056347
0.0011720437813159718
0.032115207307935975
0.0047910983279438376
0.021632205356932676
0.012544083558370124
0.0091821874671868149
-0.011425117411257475
-0.0031734715329634479
-0.016064101625975432
0.031415411470789481
0.036954143256431718
0.0081152156569340734
0.018945063706728354
0.065436049668093368
-0.018234616429663418
-0.017060504511495218
0.35515218223945677
0
0
0
0
0
0
0
0
0
0
0
0
0
0
0
0
0
0
0
0
0
0
0
0
0
0
0
0
0
0
0
0
0
0
0
0
0
0
0
0
0
0
0
0
0
0
0
0
0
0
0
0
0
0
0
0
0
0
0
0
0
0
0
0
0
0
0
0
0
0
0
0
0
0
0
0
0
0
0
0
0
0
0
0
0
0
0
0
0
0
0
0
0
0
0
0
0
0
0
0
0
0
0
0
0
0
0
0
0
0
0
0
0
0
0
0
0
0
0
0
0
0
0
0
0
0
0
0
0
0
0
0
0
0
0
0
0
0
0
0
0
0
0
0
0
0
0
0
0
0
0
0
0
0
0
0
0
0
0
0
0
0
0
0
0
0
0
0
0
0
0
0
0
0
0
0
0
0
0
0
0
0
0
0
0
0
0
0
0
240
0.90025239073794217
0.16407254565657597
0.14720997017779155
0.11452780319220197
0.099203546527175335
0.066188619647729027
-0.0025098613584822963
0.1081836081578227
0.13100029884639336
0.0032611893356890758
0.034528317542717034
0.043728299992211464
0.091040811807653055
0.12594178894247238
0.065574663173660272
-0.00019186061241159832
-0.040800198916255401
0.042929708887331816
0.031673329594120753
0.029154161223452556
-0.0034571003965843581
0.038064898068860833
0.058810866774026624
0.047192780613543005
0.024908060076648909
0.027671453933564832
-0.01437840909255674
0.058711228898284985
0.03549078023159756
-0.013302078045785716
0.006285416693277153
-0.022684859347557214
-0.012081440922790856
0.006650833115358766
0.01048765712821443
0.052364520047562285
0.034964004078000925
0.0089715649541202754
0.050113742801905593
0.036550354478945765
0.009348315708448603
0.0049673303522548137
0.010960075639935845
0.042770793335246235
0.020061808534580724
-0.0088030640805922822
-0.0043130703626236807
0.031673670695691977
0.0028963821605731332
0.014271486496082498
0.01549376257388607
0.34847414213345707
0
0
0
0
0
0
0
0
0
0
0
0
0
0
0
0
0
0
0
0
0
0
0
0
0
0
0
0
0
0
0
0
0
0
0
0
0
0
0
0
0
0
0
0
0
0
0
0
0
0
0
0
0
0
0
0
0
0
0
0
0
0
0
0
0
0
0
0
0
0
0
0
0
0
0
0
0
0
0
0
0
0
0
0
0
0
0
0
0
0
0
0
0
0
0
0
0
0
0
0
0
0
0
0
0
0
0
0
0
0
0
0
0
0
0
0
0
0
0
0
0
0
0
0
0
0
0
0
0
0
0
0
0
0
0
0
0
0
0
0
0
0
0
0
0
0
0
0
0
0
0
0
0
0
0
0
0
0
0
0
0
0
0
0
0
0
0
0
0
0
0
0
0
0
0
0
0
0
0
0
0
0
0
0
0
0
0
0
240
0.83767351986681904
0.39438948821665271
0.20655370768932396
0.076481059083700412
0.098167948756324272
0.068078059253825124
-0.056908219789223821
0.12309641531736155
0.070959197433095714
-0.0065295023085060432
0.043512858754655839
-0.044540715233549591
0.071123335324459525
0.027605062069515709
0.0264445054218959
-0.0070329267799213767
0.066678622984130256
0.014611725943616698
0.054159389334469565
0.0025633771319219525
0.0090827365439294944
0.052644855195562917
0.012194309377218434
0.030064674788522296
0.0015669226763356243
0.022244690623958962
0.0042677279838208839
0.028787940877866687
-0.030730554367677226
-0.0066843252663267259
0.014565200926662995
0.04053109264877619
-0.009085571325798977
0.025477102336847215
0.018636038117429265
0.034359768612732232
-0.0098469170158310675
0.0087224172478281257
0.0057870952853275939
0.01119890288123488
0.0020306513070865017
0.011212111576135025
-0.0076334441344091926
0.022874386593839963
0.050386259970558886
0.020684595203574227
0.0089839864058545976
0.034458289125848841
-0.012002210318564195
-0.012010167655476441
0.048324122363887695
0.01912579951337464
0.34617623970613981
0
0
0
0
0
0
0
0
0
0
0
0
0
0
0
0
0
0
0
0
0
0
0
0
0
0
0
0
0
0
0
0
0
0
0
0
0
0
0
0
0
0
0
0
0
0
0
0
0
0
0
0
0
0
0
0
0
0
0
0
0
0
0
0
0
0
0
0
0
0
0
0
0
0
0
0
0
0
0
0
0
0
0
0
0
0
0
0
0
0
0
0
0
0
0
0
0
0
0
0
0
0
0
0
0
0
0
0
0
0
0
0
0
0
0
0
0
0
0
0
0
0
0
0
0
0
0
0
0
0
0
0
0
0
0
0
0
0
0
0
0
0
0
0
0
0
0
0
0
0
0
0
0
0
0
0
0
0
0
0
0
0
0
0
0
0
0
0
0
0
0
0
0
0
0
0
0
0
0
0
0
0
0
0
0
0
0
240
0.89934616603848894
0.24452267069209652
0.13826073634232716
0.010762890997967168
0.15533453777770118
0.083698159214634596
0.096975532648071544
0.048696189182532386
0.0290513110969184
0.078312472555624499
0.042268433968059127
-0.0087563059263617328
0.093838217261143095
0.015280356873190135
0.004072481936873598
-0.019394684404393125
0.00059217577592553217
0.067333233382771793
0.023287222172931759
-0.054063785935075125
0.018010214935792863
0.047746481779226149
0.017659817560481444
-0.01713915413564104
-0.013335827208095376
0.0019243125510585587
0.023069017113278932
0.049665286888156239
-0.042574526194866305
-0.0073394639314032012
0.018933497335349672
0.056248579208705282
-0.012491872907789315
0.012904388473292715
0.02287629426444223
0.038453532325972296
-0.006797230988141739
-0.015401373426863058
-0.022901790802704918
0.034101436434947022
0.008939878346506544
0.0047405835489368756
0.041265564168142636
-0.011819588837413048
0.010448052052097147
0.01600461930727403
0.019951919996414734
-0.013587037927848671
0.012822113783804273
0.023734707515781914
-0.0084509893554041461
0.0078220898264208787
0.017537532444517986
0.35048122555139805
0
0
0
0
0
0
0
0
0
0
0
0
0
0
0
0
0
0
0
0
0
0
0
0
0
0
0
0
0
0
0
0
0
0
0
0
0
0
0
0
0
0
0
0
0
0
0
0
0
0
0
0
0
0
0
0
0
0
0
0
0
0
0
0
0
0
0
0
0
0
0
0
0
0
0
0
0
0
0
0
0
0
0
0
0
0
0
0
0
0
0
0
0
0
0
0
0
0
0
0
0
0
0
0
0
0
0
0
0
0
0
0
0
0
0
0
0
0
0
0
0
0
0
0
0
0
0
0
0
0
0
0
0
0
0
0
0
0
0
0
0
0
0
0
0
0
0
0
0
0
0
0
0
0
0
0
0
0
0
0
0
0
0
0
0
0
0
0
0
0
0
0
0
0
0
0
0
0
0
0
0
0
0
0
0
0
240
0.80448792897605559
0.36107663114013511
0.21042961800533894
-0.067657442015333719
0.1077376806790393
0.032943497922537326
-0.012027089173064593
0.059478930582398191
0.20428426955163018
0.033259467870139517
0.021656255081447053
0.023928409924482679
0.1655173213376385
0.14343306488807389
0.019880554174727436
-0.030015338432891538
-0.0035614601071221599
0.018193723303428715
0.068886397396785121
0.010755108887072514
-0.050483237715763053
0.0030628218691798217
0.0058181217429799812
0.012588803145145587
0.041075290036581301
-0.039267110364415249
-0.027698987221118531
0.0047741720912689673
-0.010375219184565621
0.030868446940715378
0.033952113486074832
0.056458878939352405
-0.0020113154009129253
0.0014515207493728723
-0.00016536417466736191
-0.017323493964920535
0.017479616339154548
-0.0075235906196754517
-0.020876269886350843
-0.02086160154793279
-0.0004625371800401294
0.006500029666390658
0.018783549054000759
0.0053108694709463871
0.022712625949845491
0.0035064555425665038
-0.006482646149355514
-0.0017585538210302973
0.013250151326195492
0.031494782156341453
0.0059526723767297412
0.00099592472247376769
0.0038816397920301512
0.025198247267492216
0.37719957316684855
0
0
0
0
0
0
0
0
0
0
0
0
0
0
0
0
0
0
0
0
0
0
0
0
0
0
0
0
0
0
0
0
0
0
0
0
0
0
0
0
0
0
0
0
0
0
0
0
0
0
0
0
0
0
0
0
0
0
0
0
0
0
0
0
0
0
0
0
0
0
0
0
0
0
0
0
0
0
0
0
0
0
0
0
0
0
0
0
0
0
0
0
0
0
0
0
0
0
0
0
0
0
0
0
0
0
0
0
0
0
0
0
0
0
0
0
0
0
0
0
0
0
0
0
0
0
0
0
0
0
0
0
0
0
0
0
0
0
0
0
0
0
0
0
0
0
0
0
0
0
0
0
0
0
0
0
0
0
0
0
0
0
0
0
0
0
0
0
0
0
0
0
0
0
0
0
0
0
0
0
0
0
0
0
0
240
0.8364561214373617
0.41636133614755594
0.10570602467458207
0.027300214391629045
0.17206983151396771
0.030635136454018254
-0.05286417873694587
0.021398069269149184
0.057751455687587265
-0.051368252635425479
0.073439159437511406
0.0031812637308195947
0.037474355660538715
0.071351001169147554
-0.036699952855766216
0.006613113006625892
0.0027073633318775441
0.00031568260960806852
0.10188265399707089
-0.0052342060146667634
0.10571157088129561
0.024143843330795278
-0.0049147127634449521
0.011789272999548009
0.0073191758915903109
0.036766376649933763
0.026034049240175064
0.01733670894339891
-0.0071317233664184186
0.032542749577043825
0.018795582656580392
-0.0034550429558909196
0.014857770388535094
0.028198385400575149
0.012656177300393407
0.098737417207934081
0.0010925561779840923
0.0074517205423368016
-0.0026884465830042674
0.017580029340284353
-0.0092432223965473459
-0.0060854316486145523
-0.0026418778803910122
0.021183031183639969
0.019930178282076067
0.009447658143974344
0.05968105565110475
0.028752656205444146
-0.0069339519552282748
-0.0061917253246141129
0.029035036415442684
0.012359517224330969
0.022574611589791377
0.014263479704865106
-0.015346002347572513
0.34209096154422097
0
0
0
0
0
0
0
0
0
0
0
0
0
0
0
0
0
0
0
0
0
0
0
0
0
0
0
0
0
0
0
0
0
0
0
0
0
0
0
0
0
0
0
0
0
0
0
0
0
0
0
0
0
0
0
0
0
0
0
0
0
0
0
0
0
0
0
0
0
0
0
0
0
0
0
0
0
0
0
0
0
0
0
0
0
0
0
0
0
0
0
0
0
0
0
0
0
0
0
0
0
0
0
0
0
0
0
0
0
0
0
0
0
0
0
0
0
0
0
0
0
0
0
0
0
0
0
0
0
0
0
0
0
0
0
0
0
0
0
0
0
0
0
0
0
0
0
0
0
0
0
0
0
0
0
0
0
0
0
0
0
0
0
0
0
0
0
0
0
0
0
0
0
0
0
0
0
0
0
0
0
0
0
0
240
0.83049460354927773
0.30384465651360565
0.29183994268310365
0.048896513996351372
0.03092621716295129
0.044495865040284056
-0.047023737514148227
0.15029020306652785
0.10659779747710579
0.028294482384584277
0.0095056546652190262
0.010150334863442441
0.16636900301804561
0.10394197224590351
0.041428780529006448
-0.04831221794900039
0.036999543610003176
-0.0090786922367184809
0.10485874215244483
0.038116984125715445
0.00098267856426236064
0.045518948848485924
0.0011738616100678944
0.047074026268957014
0.030062531765799087
0.00042734124115543349
0.018542097843084485
0.023492937025438046
-0.017332271896082867
-0.0046359780154681647
0.034111027681832343
0.029304757626297775
-0.0022278873799668449
0.03549592001606177
0.021719199949850734
0.0053689784122651837
0.0098381829969478134
0.014221987126885305
-0.00099075129529951336
0.0024021607777803171
-0.014280897779471585
0.012534199593768532
0.0046941414479152706
0.033252476778109823
0.028599676766808996
0.0092730515197956311
-0.00087269849109086035
0.048496702234090715
-0.0052997131383014946
0.00037129288921761248
0.02598966319448337
0.0051064436759248157
0.017988163798580238
0.0042425160779923539
0.034218579399681488
-0.0036476420786507625
0.34112297328264868
0
0
0
0
0
0
0
0
0
0
0
0
0
0
0
0
0
0
0
0
0
0
0
0
0
0
0
0
0
0
0
0
0
0
0
0
0
0
0
0
0
0
0
0
0
0
0
0
0
0
0
0
0
0
0
0
0
0
0
0
0
0
0
0
0
0
0
0
0
0
0
0
0
0
0
0
0
0
0
0
0
0
0
0
0
0
0
0
0
0
0
0
0
0
0
0
0
0
0
0
0
0
0
0
0
0
0
0
0
0
0
0
0
0
0
0
0
0
0
0
0
0
0
0
0
0
0
0
0
0
0
0
0
0
0
0
0
0
0
0
0
0
0
0
0
0
0
0
0
0
0
0
0
0
0
0
0
0
0
0
0
0
0
0
0
0
0
0
0
0
0
0
0
0
0
0
0
0
0
0
0
0
0
240
0.89870150510020197
0.25210066346268434
0.21070229728436504
0.037928932629259331
0.085061874168565241
0.021990434764877612
0.04504246631266863
0.095899041560073867
0.097395544429126596
0.076342245032448616
0.029629475004349048
0.036533778674407463
0.13805806316515734
0.079417133447508101
0.042307397895188635
0.013109266398320808
0.0096490252832781617
0.0062675839423204727
0.030663771056631085
0.010736513824701916
-0.001261656307170239
-0.0031505808636498049
0.0016366606293896668
0.0064415155465642818
0.042445140166009657
-0.007666375206894724
0.0072440835298003201
0.022973406265644244
0.02015120218758102
-0.0058246906943136383
0.013425389216411399
0.0094349154396978791
-0.00047841951753762907
0.0094413210464171053
-0.0014657943977038927
-0.0069766018369824779
0.018020554240657138
0.011481448600084267
0.0087794103497926667
0.029305846100506759
-0.0012764528474750068
-0.0032014130297424721
0.0196335084249614
-0.00014034503054321558
-0.0032278028343481276
0.0041858420690703202
-0.0027820309098306331
0.0068589787895967889
0.012194502425538553
0.026489511315110674
-0.00082464828253229322
0.0085090078122163747
-0.0038267664107843389
0.016054339905554625
0.025838655454860471
-0.0077533496207905974
0.018129939674064934
0.33239757642635076
0
0
0
0
0
0
0
0
0
0
0
0
0
0
0
0
0
0
0
0
0
0
0
0
0
0
0
0
0
0
0
0
0
0
0
0
0
0
0
0
0
0
0
0
0
0
0
0
0
0
0
0
0
0
0
0
0
0
0
0
0
0
0
0
0
0
0
0
0
0
0
0
0
0
0
0
0
0
0
0
0
0
0
0
0
0
0
0
0
0
0
0
0
0
0
0
0
0
0
0
0
0
0
0
0
0
0
0
0
0
0
0
0
0
0
0
0
0
0
0
0
0
0
0
0
0
0
0
0
0
0
0
0
0
0
0
0
0
0
0
0
0
0
0
0
0
0
0
0
0
0
0
0
0
0
0
0
0
0
0
0
0
0
0
0
0
0
0
0
0
0
0
0
0
0
0
0
0
0
0
0
0
240
0.882847622799807
0.062221243067707682
0.04040668762163159
0.17447511157246542
-0.015476712319425151
0.077605890043403694
0.089656883238674739
-0.063627489270068421
0.1368246692425622
-0.020662376015469504
0.009329208159841439
0.18401552153314915
-0.060123078058833802
0.063568404735266246
0.020818542984370522
0.03554294086512521
-0.059810554459885375
0.03455828451160093
-0.0079706996424043913
0.09847456191889814
-0.0020952267905142165
-0.026319224996787911
0.042714015557565869
0.037007545875455641
0.0080906455973215902
0.015053201484808204
-0.031008007161841301
-0.027024977138000731
0.097247560094704033
0.046242528177747447
0.011732104844842215
-0.024589157557838064
0.031906830442726769
-0.020014030256459245
-0.023192054949937112
-0.00077863260390274793
0.063735736303085752
0.0028930429064291958
0.038542003109681075
-0.032613062368337678
0.028357189617000667
-0.0074874559416393607
-0.0049246469642184459
0.018258536730474208
-0.0063784598314223029
-0.0097574458720131249
-0.012189910923024542
-0.024525008939335714
0.033312355155492593
0.014040819895030532
-0.011507970991444207
0.0093883546739750873
-0.018954657425402997
-0.021714469428415553
0.011546495952572216
-0.0069967041040142003
-0.014523553317040647
-0.012406694196261874
0.39686917376435465
0
0
0
0
0
0
0
0
0
0
0
0
0
0
0
0
0
0
0
0
0
0
0
0
0
0
0
0
0
0
0
0
0
0
0
0
0
0
0
0
0
0
0
0
0
0
0
0
0
0
0
0
0
0
0
0
0
0
0
0
0
0
0
0
0
0
0
0
0
0
0
0
0
0
0
0
0
0
0
0
0
0
0
0
0
0
0
0
0
0
0
0
0
0
0
0
0
0
0
0
0
0
0
0
0
0
0
0
0
0
0
0
0
0
0
0
0
0
0
0
0
0
0
0
0
0
0
0
0
0
0
0
0
0
0
0
0
0
0
0
0
0
0
0
0
0
0
0
0
0
0
0
0
0
0
0
0
0
0
0
0
0
0
0
0
0
0
0
0
0
0
0
0
0
0
0
0
0
0
0
0
240
0.90027420882144693
0.13422651317968631
0.234232213317699
0.16639392768710468
-0.008308303618409214
0.070690535767015755
0.015519701582167277
0.13004531864472865
0.036843197759962552
0.050030424287743118
0.013840804010401926
0.04091029402846387
0.088257797274220867
0.039746606093992928
0.059598218765775625
-0.043573982054380449
0.017989090455960383
0.0083002795116652942
0.069775122557796068
0.038895057085173587
0.038934990642887482
0.080173064706609939
0.024455607777624608
0.049808275615189156
0.0064216643615242911
0.040190942958338673
0.059771492840739675
0.04519694618126887
-0.0097210073270475057
-0.021638735265186816
0.016681454950852895
-0.004698169667222328
-0.0033515490591240478
0.038294176370457449
0.040617856857756811
0.018870649684603138
0.014808165706359558
0.0078835082404057587
0.020016089020221655
0.018197148461120867
-0.0030215200894271694
0.018164649446307957
0.0071098024809149625
0.030910413596881115
0.012170854843643662
0.0051049594742587938
0.0047920259419439171
0.033795237779348425
-0.0027984640723777579
-0.016017814726343008
0.0072548957878920996
0.010952217621824826
0.0096242738540102506
-0.00030941040314882073
-0.010505768138550422
0.0041800668226555076
0.021195974027102989
0.0059212623359436185
-0.013471959822493336
0.33427158692788195
0
0
0
0
0
0
0
0
0
0
0
0
0
0
0
0
0
0
0
0
0
0
0
0
0
0
0
0
0
0
0
0
0
0
0
0
0
0
0
0
0
0
0
0
0
0
0
0
0
0
0
0
0
0
0
0
0
0
0
0
0
0
0
0
0
0
0
0
0
0
0
0
0
0
0
0
0
0
0
0
0
0
0
0
0
0
0
0
0
0
0
0
0
0
0
0
0
0
0
0
0
0
0
0
0
0
0
0
0
0
0
0
0
0
0
0
0
0
0
0
0
0
0
0
0
0
0
0
0
0
0
0
0
0
0
0
0
0
0
0
0
0
0
0
0
0
0
0
0
0
0
0
0
0
0
0
0
0
0
0
0
0
0
0
0
0
0
0
0
0
0
0
0
0
0
0
0
0
0
0
240
0.92660500978446503
0.042854948647231834
0.12905969036132328
0.17206765963920884
-0.0040272701002033199
0.096180555738639414
0.18030937496304647
0.034424253982156587
0.018774215517374342
0.10842262495278185
-0.0072680696226719126
0.099346383711074793
0.0071652834846921473
0.0018891140088211644
0.045704703022337909
0.0049810195604177276
-0.020561482715434586
0.051485262869517344
-0.016729993933483022
0.023676785413953103
-0.0074552241684965924
0.022354099094835961
0.046727700286525765
0.0019760753720896502
0.00069485011150725439
0.0098671439847205049
0.012521804405214658
0.0082476326636514146
0.023853335136636202
0.0051255130694767021
0.0041247251095447137
6.5724945806884712e-05
0.0069830824869926726
-0.0079270259691673495
0.006638568352577888
-0.01855605803540121
0.0094237164329795294
0.005075189536245063
0.013831541429878183
0.011286467035077194
0.028516783753136273
0.01262004784225423
0.0253589799078765
-0.012610645408877116
-0.01787835297337036
-0.00056360519211674776
-0.0060687878935156703
-0.017335449153309871
0.021973706649075306
0.019845463935767207
-0.014189457092628033
-0.0063664810095730995
-0.018533459869738762
-0.00046182043560642598
0.0010504178674768127
-0.0094064307768903076
-0.0037327071883103747
0.01100679098314847
0.021524768871071392
0.00080285903414567788
0.33620348484747037
0
0
0
0
0
0
0
0
0
0
0
0
0
0
0
0
0
0
0
0
0
0
0
0
0
0
0
0
0
0
0
0
0
0
0
0
0
0
0
0
0
0
0
0
0
0
0
0
0
0
0
0
0
0
0
0
0
0
0
0
0
0
0
0
0
0
0
0
0
0
0
0
0
0
0
0
0
0
0
0
0
0
0
0
0
0
0
0
0
0
0
0
0
0
0
0
0
0
0
0
0
0
0
0
0
0
0
0
0
0
0
0
0
0
0
0
0
0
0
0
0
0
0
0
0
0
0
0
0
0
0
0
0
0
0
0
0
0
0
0
0
0
0
0
0
0
0
0
0
0
0
0
0
0
0
0
0
0
0
0
0
0
0
0
0
0
0
0
0
0
0
0
0
0
0
0
0
0
0
240
0.93022111870840518
0.22628297799648847
0.078422028345596126
0.080280534494520231
0.14362571757610609
0.07839892360831216
0.078991504912043736
0.016727884573453831
0.050329663470640447
0.026787118132588793
0.057730130290156133
0.020383087214474224
0.016852092433730138
0.020154504403659956
0.0060842241784235286
0.027646534434502486
-0.017859120304702117
0.060131254818586562
0.0050271372776069497
-0.021414879488222408
0.036176034797346601
0.023224714406126969
0.02528987368409643
-0.0043232832009906684
-0.0067701087237890568
0.025630602362438665
0.0080618839321918365
0.034501457421155457
0.0050456383470771386
0.0044171915853720503
0.0055491517146907931
0.01057260142651615
4.8972200451536403e-05
0.0032135686127746491
0.0063613488516900503
0.050410787763475531
0.0069630954328945777
-0.0044946297115862309
0.0067613109429630691
0.032157692141166899
0.018724223345392182
-0.003861659464519687
0.018988830170776048
-0.00097133179201706898
0.0080152234566771407
0.0080818642918610954
0.016684926552225084
-0.0094019787071350121
0.014517375614653711
0.018897404625974529
-0.0032949629826986328
0.021888917897113076
0.013115617520299459
0.034187019250993544
-0.0064904259608511167
0.018000494594578489
-0.01273190362764713
0.0010751455873947936
0.0055287301965693527
-0.0031690988749223555
0.0010287808751870261
0.33481466386214087
0
0
0
0
0
0
0
0
0
0
0
0
0
0
0
0
0
0
0
0
0
0
0
0
0
0
0
0
0
0
0
0
0
0
0
0
0
0
0
0
0
0
0
0
0
0
0
0
0
0
0
0
0
0
0
0
0
0
0
0
0
0
0
0
0
0
0
0
0
0
0
0
0
0
0
0
0
0
0
0
0
0
0
0
0
0
0
0
0
0
0
0
0
0
0
0
0
0
0
0
0
0
0
0
0
0
0
0
0
0
0
0
0
0
0
0
0
0
0
0
0
0
0
0
0
0
0
0
0
0
0
0
0
0
0
0
0
0
0
0
0
0
0
0
0
0
0
0
0
0
0
0
0
0
0
0
0
0
0
0
0
0
0
0
0
0
0
0
0
0
0
0
0
0
0
0
0
0
240
0.89590816470556045
0.18981120461263781
0.19824956988915363
0.13422746655125001
0.023446156906836345
0.088539802391136735
0.12814078986717864
0.095475600064002145
0.050002330908866466
0.10514613938960929
-0.0210475531946413
0.046881632825104068
0.055218503526833128
0.035727556666493319
0.055075949531370322
0.031439531977078258
-0.0029179784288910545
0.034068127358022664
-0.031782587639355611
0.040364946880431775
-0.047600963215842354
-0.0072451539815097526
0.025149587244795931
0.0058703262916810798
0.016693569710019049
-0.014073258976500651
-0.029024005831886052
-0.0085573829489952319
0.042233699533330817
0.018887034157019415
0.014140455783425293
0.022200669089581231
0.0088498614493483681
-0.019293524830211503
-0.010129167443234534
-0.037709645014431081
0.0030308294138964471
0.026601852579976132
0.014770788838402098
0.021328527705042333
0.015756521748410149
0.014517547817191393
0.019389278472730184
-0.0146391981794838
-0.017197473747182317
0.0042983668787211137
-0.022820775975900265
-0.020837283180411025
0.016511780968444207
0.050830736137812131
-0.014429259985685165
-0.00048823993592541547
-0.018129374909146383
-0.0046488022733601284
0.019528090784438203
-0.022858404490388531
0.010219945594613006
0.030735353747097207
0.0056271495763407058
-0.0053599981332591376
0.032094894599842091
-0.0085705480880632935
0.34970902037688584
0
0
0
0
0
0
0
0
0
0
0
0
0
0
0
0
0
0
0
0
0
0
0
0
0
0
0
0
0
0
0
0
0
0
0
0
0
0
0
0
0
0
0
0
0
0
0
0
0
0
0
0
0
0
0
0
0
0
0
0
0
0
0
0
0
0
0
0
0
0
0
0
0
0
0
0
0
0
0
0
0
0
0
0
0
0
0
0
0
0
0
0
0
0
0
0
0
0
0
0
0
0
0
0
0
0
0
0
0
0
0
0
0
0
0
0
0
0
0
0
0
0
0
0
0
0
0
0
0
0
0
0
0
0
0
0
0
0
0
0
0
0
0
0
0
0
0
0
0
0
0
0
0
0
0
0
0
0
0
0
0
0
0
0
0
0
0
0
0
0
0
0
0
0
0
0
0
240
0.93595450514266576
0.021426389132215454
0.13251503451080976
0.13472454240790765
-0.014844699615357278
0.058368818551541427
0.096948600928174603
0.029763159153090933
0.10679326873533472
0.073076894696860781
0.028246750210675128
0.11909654138947826
0.038486418066801344
0.037855567280018897
0.07283580913728889
-0.01734688134371826
-0.027382190504984749
0.036484265116525583
0.022676536434727279
0.043301548536600787
0.014417054335928428
0.034893958754794417
0.045500946865152367
0.033724990160021756
0.012250537854445118
0.0093478973879302599
0.032978931137840492
0.036368551627834242
0.027881609041237893
-0.0098289067665955302
0.0060615321878550532
-0.019750957654725617
0.004556796030882832
0.01548443931603583
0.013312913635638619
-0.0038748940915461884
0.044990902556443474
-0.0078340782124709882
0.031070772186816531
-0.0077654041808288337
0.023074036022248737
0.0020276574137125928
0.018358461440779857
0.015567115035929861
-0.001314301052863246
-0.0066842179431876019
-0.0016171251791898809
-6.831154672061262e-05
0.027996899464378791
-0.0047398464476679095
-0.012127967573061468
0.010007924696826142
-0.011777936991772932
0.0021004372905530323
0.0057881202898766668
-0.0032211113813217737
0.00021171583282279197
0.0060289390953363886
0.032036527225591777
0.01349937943442257
0.018795754422256384
0.0034722705320753243
-0.0016734777901356876
0.33619250645295068
0
0
0
0
0
0
0
0
0
0
0
0
0
0
0
0
0
0
0
0
0
0
0
0
0
0
0
0
0
0
0
0
0
0
0
0
0
0
0
0
0
0
0
0
0
0
0
0
0
0
0
0
0
0
0
0
0
0
0
0
0
0
0
0
0
0
0
0
0
0
0
0
0
0
0
0
0
0
0
0
0
0
0
0
0
0
0
0
0
0
0
0
0
0
0
0
0
0
0
0
0
0
0
0
0
0
0
0
0
0
0
0
0
0
0
0
0
0
0
0
0
0
0
0
0
0
0
0
0
0
0
0
0
0
0
0
0
0
0
0
0
0
0
0
0
0
0
0
0
0
0
0
0
0
0
0
0
0
0
0
0
0
0
0
0
0
0
0
0
0
0
0
0
0
0
0
240
0.92364781233083848
0.19821320147785845
0.090622872633846663
0.17314806580518405
0.069129858037433725
0.064262247780818543
0.087350313863328255
0.026320576770664572
0.056520325670136491
0.022383637980755315
0.026285095334481444
0.06694105326958065
-0.021896289338021478
0.027601676794068407
0.027525304788143381
0.079493900275158139
-0.013866981525057651
0.02750861383545709
-0.032535718727283107
0.038960811644516508
0.003951026594156264
-0.024815842375744055
0.024247740781389106
0.0061216386078102591
0.015651446876121595
0.029114240274966383
-0.022651276114803751
-0.0059045652671723715
0.072089041887698491
0.017900095479385321
-0.0055140966419101271
-0.019060684232503729
0.014422847949437084
-0.018861680132945501
-0.020508153652482108
0.0036667107909459638
0.018262487871154316
0.02096173158374787
0.03941557824162837
0.028007120091492047
0.023790683316096201
-0.0068224251059674007
-0.0018503541336886851
-0.0032618165574823327
-0.0090149821017670145
0.0017002276440102801
-0.0096426972723777579
-0.013186605221104326
0.0139683677819641
0.026861842683635253
-0.00091164567637431744
0.017590159601781691
-0.0039608881792484989
-0.0089511466201147496
-0.01204718939713101
-0.0025508177053941419
-0.013217819306442984
0.0048973588052779217
0.03612011123803812
-0.0066621626973989096
0.014892485927006534
0.015670561657473565
0.021546393960937629
-0.002211565991565685
0.33704213303153113
0
0
0
0
0
0
0
0
0
0
0
0
0
0
0
0
0
0
0
0
0
0
0
0
0
0
0
0
0
0
0
0
0
0
0
0
0
0
0
0
0
0
0
0
0
0
0
0
0
0
0
0
0
0
0
0
0
0
0
0
0
0
0
0
0
0
0
0
0
0
0
0
0
0
0
0
0
0
0
0
0
0
0
0
0
0
0
0
0
0
0
0
0
0
0
0
0
0
0
0
0
0
0
0
0
0
0
0
0
0
0
0
0
0
0
0
0
0
0
0
0
0
0
0
0
0
0
0
0
0
0
0
0
0
0
0
0
0
0
0
0
0
0
0
0
0
0
0
0
0
0
0
0
0
0
0
0
0
0
0
0
0
0
0
0
0
0
0
0
0
0
0
0
0
0
240
0.93601853220654774
0.098524004430276521
0.16934357826493124
0.090732591630969861
0.025211561914291181
0.066037661660883928
0.11864236831134246
0.060534649886833984
0.065111150152207378
0.11576426371182272
0.033144435310566246
0.049821626675373758
0.071398858762513159
0.0044324404970059053
0.060379429404402968
-0.015628371949492136
0.0012876462885899711
0.044745715090219698
0.014986924438290684
-0.0007286881894623692
0.012770779225048866
0.04167454597307204
0.025961296538581032
0.0068781012193658616
0.0047599737291860447
-0.0013696094669462993
0.039707032853217437
0.04185026630213317
-0.0056457627143469023
-0.014953432232122076
0.0086053787349828249
0.012798842782889288
-0.0014358053785358666
0.018555094850059628
0.019974371640744015
-0.008595835529656851
0.013779733037372493
-0.0076073025363354663
0.0047549286276124848
0.011068458902812191
0.019674425768161644
0.0067082810633150624
0.030600100318204142
-0.0054105108580528383
-0.0010113555588614892
0.0047752112695055738
0.0019186692792144443
-0.005895801955161986
0.024259104064235051
0.0065195436982918497
-0.014838050602591458
-8.2039390564648489e-06
-0.0047829435323433391
0.025680091639782292
0.0087278319041482911
-0.0036547006145780203
0.0055223676399603168
0.017282223385360361
-0.0092765653128335356
0.010613626363255793
0.018659113208015547
0.0086065920550644007
0.0082430336208305938
0.022557453530273431
-0.0055709856766453019
0.33126653578844129
0
0
0
0
0
0
0
0
0
0
0
0
0
0
0
0
0
0
0
0
0
0
0
0
0
0
0
0
0
0
0
0
0
0
0
0
0
0
0
0
0
0
0
0
0
0
0
0
0
0
0
0
0
0
0
0
0
0
0
0
0
0
0
0
0
0
0
0
0
0
0
0
0
0
0
0
0
0
0
0
0
0
0
0
0
0
0
0
0
0
0
0
0
0
0
0
0
0
0
0
0
0
0
0
0
0
0
0
0
0
0
0
0
0
0
0
0
0
0
0
0
0
0
0
0
0
0
0
0
0
0
0
0
0
0
0
0
0
0
0
0
0
0
0
0
0
0
0
0
0
0
0
0
0
0
0
0
0
0
0
0
0
0
0
0
0
0
0
0
0
0
0
0
0
240
0.8986421083486601
0.13647948139627503
0.19691765393413879
0.18252697454490699
0.043783962627596942
0.09207552948237975
0.035116416983651561
0.12017853702995977
-0.016655797727808598
0.021141087240500196
-0.0081317254415599356
0.059609087894947545
0.086882198537717836
0.074868176731902505
0.019759915525822624
-0.041664016935197251
-0.0127570488581691
0.019545586477737881
0.06911901251163094
0.022785052558377407
0.045636373334598336
0.078332816071522676
0.037491870597926767
0.037892170910251877
0.00075939864143088507
0.064337005617048623
0.046729135943408572
0.046332117096152488
-0.0049913460735713155
-0.011071230055423318
0.021457071543836883
-0.0067643169827721122
-0.0069197240111700201
0.022278695688816432
0.040676307463456476
0.058623476927333898
0.012419165019277856
0.014038774419755012
0.015457769847690567
0.049712161425002857
-0.012115650371990985
0.017354515603714225
0.016981049546549869
0.032617599229732501
0.0026968050960329477
0.0031922822522364924
0.010581599999408152
0.028296419173959239
-0.013204465766746391
-0.0023244147660662832
0.01114480155132627
0.022728307060628727
0.0089676678632031794
0.00069328153133607249
-0.015723242500073537
0.012488865513553767
0.013998478565565955
0.0028792197541019867
-0.0030920831535847914
0.029829100724831775
-0.00044742685921265161
0.0037732241535114912
-0.0041724998192792153
0.0017856200734693707
0.0041673232775416872
-0.0037615130375520294
0.34073562558235754
0
0
0
0
0
0
0
0
0
0
0
0
0
0
0
0
0
0
0
0
0
0
0
0
0
0
0
0
0
0
0
0
0
0
0
0
0
0
0
0
0
0
0
0
0
0
0
0
0
0
0
0
0
0
0
0
0
0
0
0
0
0
0
0
0
0
0
0
0
0
0
0
0
0
0
0
0
0
0
0
0
0
0
0
0
0
0
0
0
0
0
0
0
0
0
0
0
0
0
0
0
0
0
0
0
0
0
0
0
0
0
0
0
0
0
0
0
0
0
0
0
0
0
0
0
0
0
0
0
0
0
0
0
0
0
0
0
0
0
0
0
0
0
0
0
0
0
0
0
0
0
0
0
0
0
0
0
0
0
0
0
0
0
0
0
0
0
0
0
0
0
0
0
240
0.89349472070061686
0.21363194975379465
0.10588266776669594
0.16892996987396516
-0.011947638554937074
0.041450808300920329
0.067728258865079785
-0.049107349370405312
0.028453363479174477
-0.012413559532825776
0.015989172687404976
0.13774821810629423
-0.046387058441855089
0.027384204122060583
-0.034810670390521152
0.047589523085777449
-0.0082496784205375595
-0.026302795186309069
0.03977249347058024
0.083241746824687587
0.090133143038618843
-0.035411783197021998
-0.031397020533527262
0.013231226840268629
0.011624387683277693
0.038236949793549198
0.031835230730042317
-0.047149923314054626
0.074091171547973331
0.060648537553668912
0.022428116362503216
-0.022279939362387226
0.055933970342094366
0.0025820381447047144
-0.016398932491782758
0.0042093669953599082
0.031304801578041698
0.025168739341593582
0.0040397534709771272
-0.0087787394513532593
-0.0050310711381259384
-0.014910387514708707
-0.0086603843995607614
0.0011885234108984187
-0.02467270331646116
0.0066431205903803815
0.013561803388984569
-0.017429666565452289
0.017007153948144043
0.0080928644616301403
-0.016209683520979956
-0.023432685836788716
-0.03029367653987405
-0.022611311021378686
-0.0099184754146376241
0.00012988428757417192
-0.0067640343418845957
-0.0012555037984276103
0.066209921377336126
0.0025387854862394003
0.018351177578277443
-0.0053895405426422471
0.0092440544715349255
0.0063570776172441898
0.020289171170685873
-0.0048308029672924869
0.01075630134775484
0.36231268108740045
0
0
0
0
0
0
0
0
0
0
0
0
0
0
0
0
0
0
0
0
0
0
0
0
0
0
0
0
0
0
0
0
0
0
0
0
0
0
0
0
0
0
0
0
0
0
0
0
0
0
0
0
0
0
0
0
0
0
0
0
0
0
0
0
0
0
0
0
0
0
0
0
0
0
0
0
0
0
0
0
0
0
0
0
0
0
0
0
0
0
0
0
0
0
0
0
0
0
0
0
0
0
0
0
0
0
0
0
0
0
0
0
0
0
0
0
0
0
0
0
0
0
0
0
0
0
0
0
0
0
0
0
0
0
0
0
0
0
0
0
0
0
0
0
0
0
0
0
0
0
0
0
0
0
0
0
0
0
0
0
0
0
0
0
0
0
0
0
0
0
0
0
240
0.87559143232663705
0.33421220573823401
0.24089835946970556
0.067713866938968095
0.054277134225108437
0.062860101752784961
0.0039407934619536313
0.10200740621391061
0.042240423827567521
0.03894056067731274
0.019150612172417349
-0.0015524206343063205
0.098087939307465274
0.034479411870207644
0.01232466478435505
-0.021933628922318919
0.048768412776129449
0.0041120940714348738
0.069047873728138837
0.013669544797466812
0.027450326055139071
0.039685506766683726
-0.0080094651310140853
0.018532409075271514
0.0068444799753236227
0.010619602934912202
0.029314239159048138
0.01296416333866691
-0.022075449108561223
0.0070321161533283888
0.030303465187583423
0.042770530453930262
0.0062156003352218112
0.027874447079685616
0.018708451936256379
0.011310250545832744
-0.0035120882927409808
0.012412940940021679
-0.012342121191092532
0.010210498383131272
-0.0077587294830439623
0.0088794242496142914
0.007822956040442499
0.0081349536883898645
0.017347102287579744
0.020180333272249568
0.01146798988030266
0.014664598112158551
-0.00085014478621151901
0.004333325046874538
0.013400685149888526
-0.0057686504355315311
0.016922380333866057
0.015217550327480296
0.014550891440424124
0.0044301099106631792
0.024545667348107092
0.011773984585499634
-0.01125628689869144
0.011395437665189115
-0.00029066512880935273
-0.0017731892664766661
0.005858775855092261
-0.0021262955552045497
-0.0060488842306031581
0.005971124612859092
0.0083099847858666333
0.0039359435834624206
0.3268337352555426
0
0
0
0
0
0
0
0
0
0
0
0
0
0
0
0
0
0
0
0
0
0
0
0
0
0
0
0
0
0
0
0
0
0
0
0
0
0
0
0
0
0
0
0
0
0
0
0
0
0
0
0
0
0
0
0
0
0
0
0
0
0
0
0
0
0
0
0
0
0
0
0
0
0
0
0
0
0
0
0
0
0
0
0
0
0
0
0
0
0
0
0
0
0
0
0
0
0
0
0
0
0
0
0
0
0
0
0
0
0
0
0
0
0
0
0
0
0
0
0
0
0
0
0
0
0
0
0
0
0
0
0
0
0
0
0
0
0
0
0
0
0
0
0
0
0
0
0
0
0
0
0
0
0
0
0
0
0
0
0
0
0
0
0
0
0
0
0
0
0
0
240
0.89041112919658827
0.25628370016314977
0.081838773579999441
0.023585674202267655
0.19260543042601871
0.099426668677757984
0.11076672289644277
0.017252275684872864
-0.00227373969652461
0.054099689410313116
0.047611289345561712
-0.015680848830821898
0.045151807697014476
-0.0019186387952538117
-0.017651708367116159
-0.003933664030660913
-0.011452703119982255
0.081939023945461084
0.010563393284936325
-0.064751577004313832
0.034459683175391498
0.045979319231188198
0.020624703952951323
-0.025048759118457976
-0.02727709624366546
0.01527785101807058
0.018632355069416278
0.045876248994466677
-0.042121381973231745
0.0012949099167740975
0.014875781846484172
0.052882910741609238
-0.01067890805832691
0.0060807501778225633
0.020522805394879769
0.063147931782807823
-0.01307311559870963
-0.016350776228367676
-0.023151743753230064
0.0414155150103332
0.012801833232742168
0.002092281071975927
0.039256962773178132
-0.014669616573615034
0.0082509282325871659
0.01704126353083911
0.028918031650880863
-0.019091038979395975
0.011183274684320284
0.02753997648201871
-0.010352985594891615
0.010729058908547404
0.019554053768157921
0.069644534411388237
0.0035154017086351202
0.022270657659649633
-0.0095491672660719829
0.0032367926849977049
-0.01254010641149318
-0.0055515403420805364
-0.001159582480800806
0.042355423776957606
-0.0107225505868497
-0.002037935602543086
0.00015008269044356962
0.014237505276433856
0.001606440844948883
-0.012652068416259155
0.0059953404205072619
0.3506520162777611
0
0
0
0
0
0
0
0
0
0
0
0
0
0
0
0
0
0
0
0
0
0
0
0
0
0
0
0
0
0
0
0
0
0
0
0
0
0
0
0
0
0
0
0
0
0
0
0
0
0
0
0
0
0
0
0
0
0
0
0
0
0
0
0
0
0
0
0
0
0
0
0
0
0
0
0
0
0
0
0
0
0
0
0
0
0
0
0
0
0
0
0
0
0
0
0
0
0
0
0
0
0
0
0
0
0
0
0
0
0
0
0
0
0
0
0
0
0
0
0
0
0
0
0
0
0
0
0
0
0
0
0
0
0
0
0
0
0
0
0
0
0
0
0
0
0
0
0
0
0
0
0
0
0
0
0
0
0
0
0
0
0
0
0
0
0
0
0
0
0
240
0.93557575581464714
0.1584404786151499
0.081862015467539156
0.12177914908408413
0.12414621299748461
0.054566523159215091
0.058428785264464406
0.037363996071528231
0.05310393941131674
0.01194691081575199
0.054628065212846799
0.056451363679598611
0.03287128440110778
0.057647932394070248
0.019712653106000802
0.02963717200816687
-0.031125361935715974
0.040900805424976476
0.017861723502331103
-0.0029383011778603575
0.049848497605252874
0.019001820293887008
0.034762960810362259
0.009738273852372286
0.011498767695117982
0.04611770268275827
0.015771820131957742
0.045493490225978088
0.031393770830635562
-0.0096307461689228158
-0.0021617072723564713
-0.026398250514927581
-0.0025279933807956637
0.0060381504195032203
0.0048641034268957339
0.063197501263824535
0.02431308263223882
0.0030554422366840272
0.033015317088614861
0.048962236453163097
0.013075087522659913
-0.0094417291304291547
0.013480608062148831
0.014469955463090331
0.0022912981066149211
-0.0016891680164620997
0.015044622334481816
0.0081013848664226399
0.0085375252000654666
0.0097270391148915128
0.003842066765139531
0.037194521364505649
0.0086421590543284393
0.016203937298551546
-0.019635213914316437
0.020139240098639592
-0.012435623072900649
0.0016223506405284357
0.011015633230107251
0.0056189095678945518
0.0011268328701222474
0.031808926239056977
-0.0091585322135313493
0.0076574533691296139
0.021090881043986185
0.0034870255753076357
0.0170167013272556
-0.0012046195581502197
-0.0057026031093456477
0.020244303643677044
0.33486290503531763
0
0
0
0
0
0
0
0
0
0
0
0
0
0
0
0
0
0
0
0
0
0
0
0
0
0
0
0
0
0
0
0
0
0
0
0
0
0
0
0
0
0
0
0
0
0
0
0
0
0
0
0
0
0
0
0
0
0
0
0
0
0
0
0
0
0
0
0
0
0
0
0
0
0
0
0
0
0
0
0
0
0
0
0
0
0
0
0
0
0
0
0
0
0
0
0
0
0
0
0
0
0
0
0
0
0
0
0
0
0
0
0
0
0
0
0
0
0
0
0
0
0
0
0
0
0
0
0
0
0
0
0
0
0
0
0
0
0
0
0
0
0
0
0
0
0
0
0
0
0
0
0
0
0
0
0
0
0
0
0
0
0
0
0
0
0
0
0
0
240
0.86108971248157362
0.17282954120886834
0.29868314071401902
0.13213935833438545
-0.035109834120903266
0.074353925669192744
0.038906073122180272
0.15448152311597346
0.041443471527479937
0.084874126468694439
-0.027631704422152958
0.049632923007095021
0.13094363936582731
0.0666349013521777
0.058580124943481415
-0.048340236518956546
0.016055835799964179
-0.0032030412260577535
0.065986639847335646
0.061841421148020603
-0.0022049565640805801
0.055079773066962504
0.0094594091909469286
0.04691588627213153
0.015932328661925212
0.0035619850456282943
0.033431609981564275
0.014383378779341063
-0.00013266999200960434
0.0011710512466191476
0.035227532573550512
0.019034553442177422
0.0053381648709622496
0.025204412586701971
0.029784544234917665
-0.019211839367893214
0.0097335106802818056
0.022863274030521148
0.0028542375661367906
0.009130658622002354
-0.014107635106673171
0.025927877323927467
0.016078090746492975
0.019203137180803107
-0.0039862922151852852
0.0049491165909984055
-0.009470413631855126
0.020435633050193604
0.00048079954589599222
0.012066259055486061
-0.0059235232775109847
-0.0075934150327039446
-0.013105032465778698
-0.0094878632992073022
0.018178419799364923
-0.016430166725712708
0.043886709392412578
0.026578378967021057
-0.012003104865347848
0.027504353694096425
0.015948795776159035
-0.022359133940402252
0.034463969368113703
0.0070539548782038129
-0.0090730228090316594
0.0098609464832608417
0.018390214060608874
0.01141212671894112
0.018250328443946945
-0.017878298432053425
-0.015654261822532614
0.34716201262427077
0
0
0
0
0
0
0
0
0
0
0
0
0
0
0
0
0
0
0
0
0
0
0
0
0
0
0
0
0
0
0
0
0
0
0
0
0
0
0
0
0
0
0
0
0
0
0
0
0
0
0
0
0
0
0
0
0
0
0
0
0
0
0
0
0
0
0
0
0
0
0
0
0
0
0
0
0
0
0
0
0
0
0
0
0
0
0
0
0
0
0
0
0
0
0
0
0
0
0
0
0
0
0
0
0
0
0
0
0
0
0
0
0
0
0
0
0
0
0
0
0
0
0
0
0
0
0
0
0
0
0
0
0
0
0
0
0
0
0
0
0
0
0
0
0
0
0
0
0
0
0
0
0
0
0
0
0
0
0
0
0
0
0
0
0
0
0
0
240
0.86946245250598475
0.37759087291348764
0.16000668546220514
0.083686069477831374
0.090501029329834892
0.043180502622143832
0.036752382671231092
0.047770388450363521
-0.027451923249704503
0.040425981099672083
0.055602960693027177
-0.028926412063519091
0.012986739904243256
-0.05224250857060149
-0.015144559734356567
0.035874572130265202
0.077714760184092138
0.00010427420659026466
0.030613185221799316
-0.018269342941706925
0.081346661064317413
0.017278113715398242
-0.027035770596815733
-0.01439803622164379
-0.0072248695677770668
0.027950069702558884
0.049022678217555522
0.0026535904232436532
-0.020022074963072862
0.0057265799459385643
0.0082203929274817563
0.027605382458858466
0.015973846987237687
0.024471130074844933
0.0079322007566234969
0.017777122497800023
-0.020232979095464607
0.01201700152200968
-0.012115854095917474
0.024237167737907947
0.00010080183796384316
-0.0049405998050358101
-0.00038949802064505907
-0.015847245326353017
0.0021484640048622756
0.028944581598921708
0.031706906559014369
-0.0019994511980055583
0.0010159501887666426
-0.0025242586213285361
0.004065972721279021
-0.014397016078131477
0.016102787355275899
0.021326014445490593
-0.023430250737272413
0.018101939106135907
-0.0013145765384463956
0.0051927182836406733
-0.024140884877930417
0.0065811979555618714
0.0024084258652930573
0.011932963446629785
-0.0012399519836966163
-0.0058849808337453156
0.0024797696198919804
0.009157259204163902
0.0020712595075204994
0.0097674852663647595
0.01607794917849371
0.020247007224633143
0.00309865105158439
-0.00083606219139557435
0.34144816454931987
0
0
0
0
0
0
0
0
0
0
0
0
0
0
0
0
0
0
0
0
0
0
0
0
0
0
0
0
0
0
0
0
0
0
0
0
0
0
0
0
0
0
0
0
0
0
0
0
0
0
0
0
0
0
0
0
0
0
0
0
0
0
0
0
0
0
0
0
0
0
0
0
0
0
0
0
0
0
0
0
0
0
0
0
0
0
0
0
0
0
0
0
0
0
0
0
0
0
0
0
0
0
0
0
0
0
0
0
0
0
0
0
0
0
0
0
0
0
0
0
0
0
0
0
0
0
0
0
0
0
0
0
0
0
0
0
0
0
0
0
0
0
0
0
0
0
0
0
0
0
0
0
0
0
0
0
0
0
0
0
0
0
0
0
0
0
0
240
0.76224726947613775
0.48456201983810665
0.05427701961421029
-0.0074346792280944865
0.23487463978802628
-0.0077540158123193771
0.0046387201383050348
-0.022059637352090929
-0.067782572827596227
-0.021828257722196348
0.064867348038611522
-0.0021927356621854383
0.016898628120272059
0.0031096914728623122
-0.074156087150677966
0.043894894533933262
0.029149416740406765
-0.019874916182984516
0.070935705181037881
-0.044890534692909857
0.14153094118385559
-0.0042584303113145702
-0.026297049494448842
-0.032248751652875218
0.0020893718145147781
0.035311623466338093
0.044370544648679566
-0.0014096666881172316
-0.02066117992863814
0.035872810999352037
0.0051928496572573608
0.0015337506041939823
0.016081303388822445
0.015767994091572885
0.0041225940140848247
0.086267999458128339
-0.018044415668858164
0.0055814953360278675
-0.021706154325658714
0.04069672401038172
-0.016561886560372517
-0.013958597197724291
0.0022833471616782583
-0.018382345187740165
-0.016327334214801838
0.018470718359423297
0.089090988454301329
-0.00183774632349835
-0.011230662486875341
-0.00068485834830574817
0.013514097501695172
-0.014936198461794181
0.0068259051568215845
0.024142059154078015
-0.028780421471864191
0.05449607816310463
-0.0092193394759845469
-0.00015025662519690532
-0.014184803674854776
0.00075801108130124412
-0.00098403723456784789
0.014297053153350439
-0.010612433409325529
-0.0051919026238697874
-0.00079994832639059465
-0.0010264478664075395
0.0096192236203181472
0.017493497410519896
0.0099925101632786766
0.03114804819895366
0.0073741338119597492
-0.0023861838130605577
0.047064261490677058
0.37980628642004649
0
0
0
0
0
0
0
0
0
0
0
0
0
0
0
0
0
0
0
0
0
0
0
0
0
0
0
0
0
0
0
0
0
0
0
0
0
0
0
0
0
0
0
0
0
0
0
0
0
0
0
0
0
0
0
0
0
0
0
0
0
0
0
0
0
0
0
0
0
0
0
0
0
0
0
0
0
0
0
0
0
0
0
0
0
0
0
0
0
0
0
0
0
0
0
0
0
0
0
0
0
0
0
0
0
0
0
0
0
0
0
0
0
0
0
0
0
0
0
0
0
0
0
0
0
0
0
0
0
0
0
0
0
0
0
0
0
0
0
0
0
0
0
0
0
0
0
0
0
0
0
0
0
0
0
0
0
0
0
0
0
0
0
0
0
0
240
0.91983611247910102
0.25501777636662626
0.15252708558729419
0.13898401251183018
0.047743176526794245
0.11314919376085139
0.049604614860974505
0.036243374193188821
0.01898515373067575
0.010188082716871744
0.018835167365042517
0.027092687969259257
0.0021129019961200323
0.011021677025196545
-0.0057295576833872094
-0.010691758751927443
0.0067273045450510624
0.036622863564971554
0.043373922645955243
0.023153283335240374
0.049508259297833694
0.04997422669523624
0.010144420732113177
0.020245205999443648
-0.019924282777520837
0.035562147897513247
0.026714520634307765
0.0067959066405313961
-0.0073835686871389751
0.027654365708649698
0.028989166570021326
0.029761994265880085
0.017801399106675015
0.015799169696266029
0.020680229373155015
0.036758613013138201
0.00040401296236628517
0.0082711229410935734
-0.0078985626245536462
0.0039973774012399474
0.0057113308921110939
0.011976338836479578
0.0071499320411012937
0.0095539919675578025
0.012053734527058668
0.017316270951051097
0.015518245519739534
-0.005226951860705183
0.0060663234047462194
0.0059296074076865858
-0.0016634700069007179
-0.0004319209974470114
0.0088561341190772289
0.011584941449214826
-0.004538817059481063
0.012696883122413924
-0.00038318987446307696
-0.0045920659451073051
0.011018057680023766
0.0061148596872004123
0.0016383041198465063
0.012166822331727565
-0.0047908737229139511
0.00041081181260031432
0.0042004227416357906
0.0012640761646104531
0.01122654211682592
0.016881875459413952
0.0087015477651167499
0.01396651035889394
0.0050498224630014053
-0.00096573148563195473
0.011080672920093036
0.0048844476874740136
0.32580744626043351
0
0
0
0
0
0
0
0
0
0
0
0
0
0
0
0
0
0
0
0
0
0
0
0
0
0
0
0
0
0
0
0
0
0
0
0
0
0
0
0
0
0
0
0
0
0
0
0
0
0
0
0
0
0
0
0
0
0
0
0
0
0
0
0
0
0
0
0
0
0
0
0
0
0
0
0
0
0
0
0
0
0
0
0
0
0
0
0
0
0
0
0
0
0
0
0
0
0
0
0
0
0
0
0
0
0
0
0
0
0
0
0
0
0
0
0
0
0
0
0
0
0
0
0
0
0
0
0
0
0
0
0
0
0
0
0
0
0
0
0
0
0
0
0
0
0
0
0
0
0
0
0
0
0
0
0
0
0
0
0
0
0
0
0
0
240
0.83052991936906295
0.42494615939567398
0.18911468371481691
0.07683125083179243
0.10047254770939694
0.12831495176185556
-0.0087883996329241008
0.098077884544795019
0.049275790650222938
-0.0028132411512264764
0.0016150987627031306
-0.044468960674061711
0.035781388406763023
0.027438376602251343
0.0059289018800058237
-0.010723477753022875
0.035799354559094158
0.04580650342722651
0.025653074337550191
0.0090509165782400609
-0.025220207944848264
0.050886145197612524
0.018599731190805328
0.022736007766234603
-0.023032208693441383
0.0055259253280577729
-0.02738243153457259
0.0052730215994520289
-0.028550875684414126
0.039103233504659995
0.032907679526848477
0.079210440471363483
0.00084246239576901889
0.0018930412924964197
0.014737131797523017
0.025787062172587496
-0.019207048536503193
0.015013285129716974
-0.010373082157709955
0.001635985611227443
0.0048008324375230964
0.023100162502123822
0.0023325738365734747
0.01067892358002836
0.040482067073900507
0.02318658250595133
-0.0009136802917338151
0.00028247892436438995
-0.0067500386690080441
0.021500725449576773
0.025226998546700262
0.011868307323570146
0.041324528683503982
0.015807329294833871
0.021303311060063224
0.0071509665909678874
0.011936635702481477
-0.0022756296849912269
-0.0031866081510784671
-0.0059004193677528061
-0.0077098048322289071
0.00697962447614637
0.0068363043362931865
-0.012497227420812511
0.002331939378804561
-0.0076908723816557197
0.00058648780123774316
-0.01453980131341032
0.013027391425214231
0.013092694097471418
-0.0035156873956875313
-0.0024118160893235865
0.0025929485296945077
-0.0063187916644881032
0.011134324756988799
0.34112704329003113
0
0
0
0
0
0
0
0
0
0
0
0
0
0
0
0
0
0
0
0
0
0
0
0
0
0
0
0
0
0
0
0
0
0
0
0
0
0
0
0
0
0
0
0
0
0
0
0
0
0
0
0
0
0
0
0
0
0
0
0
0
0
0
0
0
0
0
0
0
0
0
0
0
0
0
0
0
0
0
0
0
0
0
0
0
0
0
0
0
0
0
0
0
0
0
0
0
0
0
0
0
0
0
0
0
0
0
0
0
0
0
0
0
0
0
0
0
0
0
0
0
0
0
0
0
0
0
0
0
0
0
0
0
0
0
0
0
0
0
0
0
0
0
0
0
0
0
0
0
0
0
0
0
0
0
0
0
0
0
0
0
0
0
0
240
0.88920192774249318
-0.0194747766546731
0.1756951829484785
0.1433490813439727
-0.0097135398327961621
0.10966267921397244
0.18222449242935312
0.087960201349080724
0.0071885516833625155
0.14266164616581303
-0.033496413002951107
0.10294314523234117
0.087779753972701088
0.03624284077336614
0.066119593092168541
-0.055576219011615254
-0.035801274166914136
0.063621193459615116
0.0095788304871378283
0.0078592348642935721
-0.026128792759716111
0.076433190498892176
0.078967923011650079
0.013510798045633723
-0.0016487802273875683
0.0016515864252794569
0.026871331564720491
0.047607198705235713
-0.011936598804028144
-0.0063552006810759206
0.013902011402293111
0.011740084359282105
-0.011503895446711447
0.0012077106024302772
0.041515420820788962
-0.011535087970722748
0.01092098787133562
-0.0043569597221209747
0.0005796715809248445
0.021678638840917329
0.012700304325088519
0.033912938855631215
0.055589090981425941
-0.0014546940896528724
-0.015906411213312321
-0.0071493148144281095
-0.0054598099455646192
-0.0066161763754168049
0.010287277469025052
0.013548720684813158
-0.011563771435143855
0.00040691067334179743
-0.018029234073850504
0.0079391237749342845
0.014240627898443823
-0.010194488127469427
0.01228986247497988
0.01790995559176313
0.00080626202633973419
0.014454215058143143
0.034819107660222733
-0.0093452322414852504
0.024586749071216774
0.02457315619152696
-0.0097546785442977398
0.022059065518469492
0.014084240369878692
-0.0025170370070596083
0.0022463513054083537
-0.0031138575771704107
-0.0061293379858871275
0.029753688137623035
-0.0096457849613567088
0.001806279790602091
-0.0039164419348359358
-0.0068752139792757176
0.34691841671746532
0
0
0
0
0
0
0
0
0
0
0
0
0
0
0
0
0
0
0
0
0
0
0
0
0
0
0
0
0
0
0
0
0
0
0
0
0
0
0
0
0
0
0
0
0
0
0
0
0
0
0
0
0
0
0
0
0
0
0
0
0
0
0
0
0
0
0
0
0
0
0
0
0
0
0
0
0
0
0
0
0
0
0
0
0
0
0
0
0
0
0
0
0
0
0
0
0
0
0
0
0
0
0
0
0
0
0
0
0
0
0
0
0
0
0
0
0
0
0
0
0
0
0
0
0
0
0
0
0
0
0
0
0
0
0
0
0
0
0
0
0
0
0
0
0
0
0
0
0
0
0
0
0
0
0
0
0
0
0
0
0
0
0
240
0.91049389698170624
0.10707037393147419
0.15513065513276286
0.12347750632915717
0.065065174165134382
0.14267049396399223
0.13786729435821518
0.084995277861436125
0.035209746195102816
0.081637979460471841
-0.021182957982590987
0.048212817983295742
0.068409418334964694
0.060411569961085418
0.042171658065957657
-0.031058376545272895
-0.045880299062698221
0.090000176900979861
-0.0010648117199451781
0.0029495701894735695
-0.034880857532300594
0.062894390713540624
0.074640840979669276
0.01427381341102015
-0.010883816963797309
0.0044993084420712273
-0.01608258841182136
0.039626725152552063
-0.0031046423446477703
0.0099617347212137986
0.023662691776037054
0.033480133106312357
-0.008233467135019738
-0.0095045631755580964
0.02547439793759167
0.018980718817135898
0.0041145990771663549
0.0032591321591140974
0.0013807660109546825
0.02897664812600588
0.016471114800825505
0.030067066123994304
0.044998670298672487
0.0045766779525643975
-0.00041808130856853032
-0.00025917872541558187
-0.0077176946585471766
-0.012657232318305468
0.010451225731511828
0.040350114849633509
-0.0098934533479592308
0.02186570649480437
-0.0029291790161512041
0.021079950814884011
0.018867599650075961
-0.0052441537749325345
0.0054233461208130539
0.013634714362285385
0.0081292520018058385
-0.001028748502987404
0.017541040855180944
0.010038357687642243
0.024657006616212618
0.0052671328483053894
0.0048122729194553498
0.0082475799265830374
0.010195802306452915
-0.0094595851129637663
0.0016247198414682253
0.01467628179803827
0.0054278184610369821
0.010925785384592511
-0.010832048452205142
-0.0073444537156410264
0.0036795272125634917
0.01098093601455929
0.027554167297279244
0.3332638217778387
0
0
0
0
0
0
0
0
0
0
0
0
0
0
0
0
0
0
0
0
0
0
0
0
0
0
0
0
0
0
0
0
0
0
0
0
0
0
0
0
0
0
0
0
0
0
0
0
0
0
0
0
0
0
0
0
0
0
0
0
0
0
0
0
0
0
0
0
0
0
0
0
0
0
0
0
0
0
0
0
0
0
0
0
0
0
0
0
0
0
0
0
0
0
0
0
0
0
0
0
0
0
0
0
0
0
0
0
0
0
0
0
0
0
0
0
0
0
0
0
0
0
0
0
0
0
0
0
0
0
0
0
0
0
0
0
0
0
0
0
0
0
0
0
0
0
0
0
0
0
0
0
0
0
0
0
0
0
0
0
0
0
240
0.8176310739227729
0.48719606493641865
0.1340062865288236
0.050659959356707272
0.11639450857872115
0.073302037322164962
-0.052336855048546051
0.046507493104828102
0.097224825470607776
-0.037114652397950448
0.051418724514045895
-0.037842641723434441
-0.0053005070632973338
0.018707373541457583
-0.0033802879777463223
0.025747123243284511
0.042184558020005126
0.018815710943545554
0.038456883792861732
0.016197771772434311
0.017556789399659972
0.023712098286915156
0.0046235480423373783
0.021349135725214359
-0.007941010897586984
0.0091504895509864955
-0.018261210520134855
-0.0023856090958351227
-0.0088439891548304801
0.050855185756289133
0.018222299960517094
0.038362251103833095
0.015001170846749595
0.0098141872775305231
0.0045894214976209295
0.033175753372148342
-0.012741287304932836
0.013601540906149852
-0.00091099842888641715
-0.0098897393545339454
0.0051302001357986272
0.0065288442120726925
-0.010091352026300873
0.014252580626493927
0.042408456444322062
0.017998603214861367
0.016454667678434405
0.010784453021857642
-0.0050213922781086632
0.0017755399972678733
0.035160759058642424
0.0099746520521759759
0.039253521499107644
0.0053926280795726367
0.0048026360946806478
0.021436738916728464
-0.00059513503259742118
-0.0097757595836822607
-0.0025465152918918302
-0.0063666225194557377
-0.0086834677906921075
0.0087604721317813342
-0.006536396923835521
-0.0071896294845882865
0.0030203513668660628
-0.0065271968564224294
-0.0063725238301268203
-0.012283056487114752
0.0048575073512691054
0.007036718206327083
0.0006330486227998463
-0.012349297192887125
0.0074671425393405943
0.0022752599799325127
0.0080087719325986489
0.034063018236076638
-0.0068571568986639858
-0.00084460574897826874
0.33653564551862386
0
0
0
0
0
0
0
0
0
0
0
0
0
0
0
0
0
0
0
0
0
0
0
0
0
0
0
0
0
0
0
0
0
0
0
0
0
0
0
0
0
0
0
0
0
0
0
0
0
0
0
0
0
0
0
0
0
0
0
0
0
0
0
0
0
0
0
0
0
0
0
0
0
0
0
0
0
0
0
0
0
0
0
0
0
0
0
0
0
0
0
0
0
0
0
0
0
0
0
0
0
0
0
0
0
0
0
0
0
0
0
0
0
0
0
0
0
0
0
0
0
0
0
0
0
0
0
0
0
0
0
0
0
0
0
0
0
0
0
0
0
0
0
0
0
0
0
0
0
0
0
0
0
0
0
0
0
0
0
0
0
240
0.87478068978130252
0.25760476271465749
0.24894764713623729
0.059732939536699732
0.032353077344805824
0.098539010989954864
0.01585315181656587
0.10869852596527518
0.060287131944304753
0.059189012340103729
0.021700303535423359
-0.015736747395622676
0.10658959849389303
0.019639735509306155
0.03226976920935349
-0.065552650558484069
0.036990388982970406
0.036010049244874429
0.078895610875660618
0.0021506752968020485
0.019000749098989876
0.088395713199745096
0.0098096829749709478
0.030376371428120288
-0.015183892896112786
0.0030131150702132087
0.042021158495973272
0.03830783625053362
-0.053025544515739154
-0.0040219632145142396
0.03789707149800766
0.064164087832425123
-0.0025802854835325962
0.040768599726767933
0.043420050228910829
0.016071825811606259
-0.0056650436266487136
-0.0054175111414565789
-0.021061674505885877
-0.0054124499244759382
-0.001033318173047304
0.023986328584278651
0.018828379776970345
0.014643751688058697
0.032026475507211098
0.019836596292980953
0.011162517645768288
0.014224543868361521
0.0046354076075020541
-0.0035633678153161293
0.0033575764373434138
-0.00294391828853359
0.024040263822284143
0.032149847070020207
0.023459792722882514
0.0055855027858081182
0.02887633659976523
0.0070425610592584073
-0.016435832904616691
0.017128263204415468
-0.0044092018000829953
0.0026686505952261395
-0.0064713347093735812
0.0054488664293887365
-0.018141090348142808
0.01608553833402265
0.0041411171328518273
-0.0085114336765004621
0.021613687418911984
0.014905604146198553
-0.0074582489908968687
0.015085051160731567
0.0097800422208883294
-0.0036496268693112072
0.010052588801257974
0.012966855959978936
0.0056269281441362435
0.0036503487833613748
0.0043274308502915292
0.33470286895079043
0
0
0
0
0
0
0
0
0
0
0
0
0
0
0
0
0
0
0
0
0
0
0
0
0
0
0
0
0
0
0
0
0
0
0
0
0
0
0
0
0
0
0
0
0
0
0
0
0
0
0
0
0
0
0
0
0
0
0
0
0
0
0
0
0
0
0
0
0
0
0
0
0
0
0
0
0
0
0
0
0
0
0
0
0
0
0
0
0
0
0
0
0
0
0
0
0
0
0
0
0
0
0
0
0
0
0
0
0
0
0
0
0
0
0
0
0
0
0
0
0
0
0
0
0
0
0
0
0
0
0
0
0
0
0
0
0
0
0
0
0
0
0
0
0
0
0
0
0
0
0
0
0
0
0
0
0
0
0
0
240
0.84020613241586672
0.27430074202752325
0.24555413498837297
-0.0051734592354542377
0.077419323171910456
0.00030892231861697199
0.029279812127485271
0.10008755101925597
0.12134917975882532
0.070419309975220085
0.00086765456447996758
0.067505174086036082
0.19737236878412676
0.15425432267656536
0.027806744798089495
-0.00059570949261198846
-0.0074108469338713227
-0.015908814026440947
0.060758747938393809
0.029746613066021384
-0.017223321111666925
-0.025965188234735787
-0.0096415827334705266
0.0076753215741538284
0.068381408814427405
-0.023096802383609512
-0.0055987466012025868
0.0025025467381041221
0.033465246362944269
0.013267816002785501
0.026128264796381362
0.009109483997417539
0.0053578803689599127
0.0022810281371180713
-0.0087653982995183431
-0.021412877706218591
0.027252714241933401
0.01900728117728475
-0.0010540929968423333
0.021940442826514726
-0.014777322181311937
-0.0035941584862134433
0.022560718285138694
0.0013415832049305852
-0.016637932404546075
-0.0019894486075273739
-0.0076296639428950069
0.0089162630984115174
0.010336790970185713
0.041786571154633578
-0.0058932019410775369
-0.001279890885735551
-0.023580232494998708
0.0047771855004332233
0.061597015916607434
-0.018946821082800006
0.033286206983918563
0.043169428875066883
-0.0014239032777962851
0.0022561279902590151
0.015067366616517653
-0.01402600802246139
0.040999521495785715
0.0045065286373991405
-0.00058297583939871135
0.0088723151168623327
0.0045441891458508849
0.011129133764053686
0.012111961850257523
-0.009903161727796728
-0.0087626178580210608
0.037811337712618069
-0.0063242649830033337
-0.00018522845021341468
-0.0072519037875532488
-0.0061299056116146467
0.017546844658536807
0.011800992942792117
-0.015102147251444988
5.5013847717990947e-05
0.35030976684893134
0
0
0
0
0
0
0
0
0
0
0
0
0
0
0
0
0
0
0
0
0
0
0
0
0
0
0
0
0
0
0
0
0
0
0
0
0
0
0
0
0
0
0
0
0
0
0
0
0
0
0
0
0
0
0
0
0
0
0
0
0
0
0
0
0
0
0
0
0
0
0
0
0
0
0
0
0
0
0
0
0
0
0
0
0
0
0
0
0
0
0
0
0
0
0
0
0
0
0
0
0
0
0
0
0
0
0
0
0
0
0
0
0
0
0
0
0
0
0
0
0
0
0
0
0
0
0
0
0
0
0
0
0
0
0
0
0
0
0
0
0
0
0
0
0
0
0
0
0
0
0
0
0
0
0
0
0
0
0
240
0.86628908927168302
0.2993155812979072
0.24367069650351261
0.14009443090963905
0.0085805047127558414
0.091723235995868069
-0.023964782928064605
0.13062813720957264
0.09924959476723727
0.0067506131207704283
-0.0036895299736213086
0.012328263334697437
0.061620535442946114
0.072476824997832118
0.048676087521675813
-0.0081703699846738982
0.021192361664569802
0.010476838596178954
0.044650652576786423
0.073695088907324596
-0.01626059845879102
0.035690056235739578
0.017420896905081352
0.056374409899283669
0.012226486368686984
0.010291608054101837
-0.014968626130240909
0.0012348652296902776
0.01957876841913039
0.021931159966468161
0.029351278174221434
0.021516365645965731
0.011304663599544709
0.010905690821039786
0.0094459398239246945
-0.0001032033775553584
0.0073921245396511882
0.029914172756972016
0.018436635446318191
-0.0016518660468669191
-0.00027289411724413978
0.020005777961192576
-0.0056295371081979614
0.030985825651618514
0.025015873110012139
0.0085679046393841995
-0.013773112444409864
0.02201793874569874
-0.0021582125071634992
0.013372862349876875
0.018893476670005328
0.013652785133688372
0.013187007406636603
-0.013134302037977039
0.013942427042704717
-0.0075689913368633035
0.023988722553914026
0.0080567271771953362
0.0039591142175297673
0.0078717604087556389
0.00061748650999557332
-0.0087569499730586441
0.02147319855065483
-0.0045300761371152853
0.0063965490581059962
-0.0061077260585044963
0.0072753340716609138
0.00063871467322823073
0.0090478024416142128
-0.013056521915292265
-0.0052063137938321586
0.020419566007563509
-0.0059427160269952461
-0.013712590830975776
0.0041431511269208621
0.019689062630243954
-0.0014271054893588292
0.0066215181337479613
0.010591647003772469
0.0028213814014961696
0.008866731789117694
0.33001461067898052
0
0
0
0
0
0
0
0
0
0
0
0
0
0
0
0
0
0
0
0
0
0
0
0
0
0
0
0
0
0
0
0
0
0
0
0
0
0
0
0
0
0
0
0
0
0
0
0
0
0
0
0
0
0
0
0
0
0
0
0
0
0
0
0
0
0
0
0
0
0
0
0
0
0
0
0
0
0
0
0
0
0
0
0
0
0
0
0
0
0
0
0
0
0
0
0
0
0
0
0
0
0
0
0
0
0
0
0
0
0
0
0
0
0
0
0
0
0
0
0
0
0
0
0
0
0
0
0
0
0
0
0
0
0
0
0
0
0
0
0
0
0
0
0
0
0
0
0
0
0
0
0
0
0
0
0
0
0
240
0.94245989979395628
0.15334621794773087
0.12651263107168748
0.14018092939752427
0.030203790758778631
0.05347314984051995
0.084137019541733624
0.03106871470873163
0.093735886280563341
0.054082817408495014
0.038764257872136394
0.072362335921314039
0.0097277719753174272
0.018950034430332805
0.051168193881257547
0.042631234596645147
-0.0028037957086262345
0.025872953502942473
-0.010488524658081274
0.038737267045328434
0.0076749072193502523
-0.004832557683317547
0.021147719511196251
0.014608100753932433
0.017181823047301478
0.012665385484035474
0.0032932211264697954
0.0086549567296061725
0.048794156697517223
0.0021506105474890843
-0.00038617559488542921
-0.011014693759870723
0.011690741372789193
-0.00072297590280379846
-0.0090716666980783321
-0.010608900918563285
0.027012131626697487
0.0072073712071073917
0.031552942306135749
0.0075617738370499588
0.025021153385241988
-0.0044770046708827605
0.0041908032731891908
-0.00040777428934897985
-0.0020652013567762149
0.0025637477247267555
-0.0071506093925940619
-0.0093482656369027507
0.023176019013817377
0.011231333738641804
-0.0059679178772764942
0.0088531273012845395
-0.0047067671382646347
0.00013667421034976689
-0.00035794157081933274
-0.004880037478550636
-0.0061133127900604356
0.0082963776324191576
0.026727986921563814
0.00050059096119121969
0.01528707938127969
0.010282127385668059
0.01319087343944148
0.013198254244990671
0.019496895505568636
0.0088292623605898714
-0.0029863491366998772
0.010349117223569312
-0.0015522053633148479
0.00089050873714019701
0.009771129679077166
-0.0022950817353382183
0.0020913467523312728
-0.0052818812644974912
0.00188657944105501
-0.0027905753746354212
-0.00021896114159414683
0.0012182239184553776
-0.00023540491694540403
-0.0038435006551264849
0.0017946184179932427
0.0021329950220618484
0.32450915259229657
0
0
0
0
0
0
0
0
0
0
0
0
0
0
0
0
0
0
0
0
0
0
0
0
0
0
0
0
0
0
0
0
0
0
0
0
0
0
0
0
0
0
0
0
0
0
0
0
0
0
0
0
0
0
0
0
0
0
0
0
0
0
0
0
0
0
0
0
0
0
0
0
0
0
0
0
0
0
0
0
0
0
0
0
0
0
0
0
0
0
0
0
0
0
0
0
0
0
0
0
0
0
0
0
0
0
0
0
0
0
0
0
0
0
0
0
0
0
0
0
0
0
0
0
0
0
0
0
0
0
0
0
0
0
0
0
0
0
0
0
0
0
0
0
0
0
0
0
0
0
0
0
0
0
0
0
0
240
0.85001605586886497
0.30857624696338204
0.14765883214366823
0.059594991085191625
0.11966869425601881
-0.043759379619406104
-0.061470376119261615
0.077679249849481116
0.1643813597455929
-0.017681233608518115
0.076455784486488237
0.050948278765408105
0.098025163811118185
0.13129436775954939
0.039964035867449468
0.072206791786162711
0.0088729977851251043
-0.036934139789366306
0.043481630560180576
0.041919943545491882
0.030383865732347488
-0.038303052569957974
-0.00079923985365779656
0.024323238471435346
0.087782770732285048
0.021913847795492505
-0.0063128279891501403
0.01558249763733343
0.078512381945908497
-0.012494820820133009
-0.012319627429474581
-0.051266851846248324
0.0030097053226694052
0.008026613238689655
-0.017140049178621133
0.020129242552745341
0.044172551917011589
0.02206044729833417
0.051655884748745884
0.03269326269861042
-0.0048781933955892951
-0.015701880249751266
-0.012295715139929055
0.026164173282105404
0.0058000647189044817
-0.0076947960531191847
0.002937315881019371
0.048940048633496935
-0.0019322431868950068
-0.00082622700544585624
0.039888543784425828
0.033698698565979422
0.0070036590919159043
-0.013432019407004364
-0.0085669825310700064
0.009228709073845669
-7.8737937310242919e-05
0.012957937388149038
0.0061467992998602509
0.0024970487574246907
-0.0045628136007357187
0.0052463659763738058
0.0037471582673427269
-0.00010653489505541597
0.021643976918656896
-0.0058378901231515463
0.0068306704641618154
0.0011772593698609153
-0.0062290818084860568
-0.011143756234570359
0.019861700661971932
-0.0053841502207825067
-0.0046568303377323463
2.5674888903768082e-05
-0.0086830767910520221
-0.0079317871017225497
-0.0073130099018385401
-0.0047662376710548076
0.0015470528657443177
-0.016065800621355757
0.011699732146730804
0.0067409536955614965
0.0099848910960257335
0.34628819282036344
0
0
0
0
0
0
0
0
0
0
0
0
0
0
0
0
0
0
0
0
0
0
0
0
0
0
0
0
0
0
0
0
0
0
0
0
0
0
0
0
0
0
0
0
0
0
0
0
0
0
0
0
0
0
0
0
0
0
0
0
0
0
0
0
0
0
0
0
0
0
0
0
0
0
0
0
0
0
0
0
0
0
0
0
0
0
0
0
0
0
0
0
0
0
0
0
0
0
0
0
0
0
0
0
0
0
0
0
0
0
0
0
0
0
0
0
0
0
0
0
0
0
0
0
0
0
0
0
0
0
0
0
0
0
0
0
0
0
0
0
0
0
0
0
0
0
0
0
0
0
0
0
0
0
0
0
240
0.66595465533976483
0.58994263300370042
0.047764773474135935
-0.041353732690742342
0.22957234042675367
-0.016857411080733877
-0.049707225438856376
-0.004322175258815412
-0.015836781881695839
-0.023287529626090198
0.08649737628361838
-0.052028240834091827
-0.003610592935675277
-0.059266670268413077
-0.036609944686143377
0.047598946340290466
0.10265302817009291
-0.014870974257680704
0.033774539975169084
-0.056382337635770594
0.06351962616570267
0.014337708603878891
-0.0016839262400542318
-0.024882250057285282
-0.0053063733173582886
0.011884007456756909
0.016980652068399663
0.0054948504622897628
-0.058008452843826774
0.014416078918810181
-0.012730085967640047
0.034049936011731348
-0.007242019584106878
0.013779280567000415
0.0075271942151481173
0.040574467080676087
-0.026328405043168381
-0.013292637740489431
-0.016351302624493951
0.0042223798659669779
-0.0038882472957192833
-0.0045210396853355705
-0.009255753146800284
-0.014795113723701013
0.023939045900646598
0.025757411148491088
0.066793678809309392
0.0062092620262797875
-0.019771128114865165
-0.03365581397840485
0.055137725699645763
-0.010562856180412592
0.054913665250609721
0.023853403836069698
-0.015133259011940788
0.051383968305971667
-0.011075817882412471
-0.016426787345620798
-0.009016548477840336
-0.0036795757268450638
-0.0086251008079364262
0.0094484575214261717
-0.026378176588449095
-0.00032277687742540511
-0.01117418544203537
-0.0051514942283803853
-0.005320882893563598
-0.018322967118333013
0.0086764076634857305
0.027552905169246102
-0.0043653657172823511
-0.016758469452573761
0.044938307445431459
0.097067609371198876
-0.0022108352738475995
0.022820968712601461
0.0072210473338176692
-0.01163639049050303
0.042223402842836759
0.0019379148829062958
-0.021351688172013772
-0.012987649756132289
-0.0048854554137298285
-0.00085758133600973951
0.4094797692124707
0
0
0
0
0
0
0
0
0
0
0
0
0
0
0
0
0
0
0
0
0
0
0
0
0
0
0
0
0
0
0
0
0
0
0
0
0
0
0
0
0
0
0
0
0
0
0
0
0
0
0
0
0
0
0
0
0
0
0
0
0
0
0
0
0
0
0
0
0
0
0
0
0
0
0
0
0
0
0
0
0
0
0
0
0
0
0
0
0
0
0
0
0
0
0
0
0
0
0
0
0
0
0
0
0
0
0
0
0
0
0
0
0
0
0
0
0
0
0
0
0
0
0
0
0
0
0
0
0
0
0
0
0
0
0
0
0
0
0
0
0
0
0
0
0
0
0
0
0
0
0
0
0
0
0
240
0.88029061388246765
0.34286699187670672
0.071232884279549741
0.071708372988136926
0.12299024597550136
0.032579735621242598
0.0087200005548289557
-0.0064270518361480306
0.14725455797322123
-0.026465929168624763
0.058699223426137176
0.050020318667132094
-0.012261228079261001
0.074898109143659825
0.0056888307128149266
0.087576318924973987
-0.02546257075263237
0.01277379061022949
-0.0026553057495257576
0.045022081479416248
0.015881329077689871
-0.038473161462021614
0.0048776835290476848
0.012052273774685098
0.030581999965799401
0.0080405095225326347
-0.03530251700241431
-0.014087663806591202
0.080668771418647034
0.053412156148756829
0.0040484073664344838
-0.017155664417718069
0.025782026704599611
-0.014936281569682033
-0.020863594744304562
0.017233496024962974
0.02714860637027762
0.018286847454955218
0.02594963558874969
0.0064809412832455161
0.010631317419000775
-0.0097324153430211249
-0.0045247401227476751
0.006660994231679907
0.001355569245290972
-0.002070560031576716
0.00068889729228663907
-0.0087329560664720224
0.014871885967486479
0.029574648655409423
0.0053305734956757408
0.020085635048487226
-0.0040758161255444918
-0.0067514656099455393
0.0044356966386109161
0.0051305281725792439
-0.013483496205846299
0.0032252589650221715
0.038452936358221952
-0.011440694687438618
0.001645105830886464
0.014674090996298182
0.011867779363769811
-0.0023652407212123761
0.029168108998587901
-0.0062390770781554734
-0.004338050306299311
0.012681693216358449
-0.0078517510000888288
4.3322117576520849e-05
0.014283056364354559
-0.0090844925769682228
-0.0076071841983373764
-0.0041884168579121323
0.0012818380867398271
0.0048779600429208862
-0.0076897173851496973
0.0041385722829449653
0.011329193956404214
-0.01244244827939168
0.0042973674443418913
0.0063199835992628385
0.011900782207045189
0.023422561231387293
-0.0071823349327482088
0.33482814209497108
0
0
0
0
0
0
0
0
0
0
0
0
0
0
0
0
0
0
0
0
0
0
0
0
0
0
0
0
0
0
0
0
0
0
0
0
0
0
0
0
0
0
0
0
0
0
0
0
0
0
0
0
0
0
0
0
0
0
0
0
0
0
0
0
0
0
0
0
0
0
0
0
0
0
0
0
0
0
0
0
0
0
0
0
0
0
0
0
0
0
0
0
0
0
0
0
0
0
0
0
0
0
0
0
0
0
0
0
0
0
0
0
0
0
0
0
0
0
0
0
0
0
0
0
0
0
0
0
0
0
0
0
0
0
0
0
0
0
0
0
0
0
0
0
0
0
0
0
0
0
0
0
0
0
240
0.77246174209030771
0.47668246777771062
0.18112274942325188
-0.046257606869033831
0.14944351016794963
-0.043086975393403178
-0.058949884046726714
0.045044189708444309
0.045055720010779857
0.0015668395591162327
0.077418745286447321
-0.0063219661753051775
0.12253481436637241
0.038639281856992759
-0.030394747386084466
0.0022737554565024167
0.085421818568030355
-0.042566709480894818
0.1162177917511022
-0.028917053216046325
0.085151991068394758
0.0027089168275729043
-0.024885487951928686
-0.013712460911344749
0.046039206126954564
0.010917770574923305
0.048013776214889822
0.0068458764884432761
-0.037303070738502302
-0.0056867589131705002
0.0078653370928745275
0.01598453571846449
0.0024762928245042628
0.039050892558909839
0.0061755674443556841
0.029630891416044757
-0.005839345594239531
-0.0021690621631631937
-0.02124407215899814
0.010759297041955865
-0.015319522150212045
-0.010982974309289063
-0.0040372660865651989
-0.0038391303082931992
0.014489236303039906
0.019671826376653774
0.058395026856217079
0.035244275266915606
-0.011337646606053216
-0.025735185652944421
0.048125242970553345
-0.019101733761665202
0.027134810174573892
0.02070206580023104
0.009706817918123169
0.033530075566104767
0.015177371697821915
0.0041264559685550515
-0.010574844357306592
0.0052027793228724565
-0.0051808494703964609
-0.0019172787405980134
-0.018254717280119469
-0.0014554629128548482
-0.013321098186127412
0.0024984691649904537
0.0022744899893659652
0.0026222124510743034
0.021253155203284826
0.0095340033366929696
-0.0046714354568782243
-0.0044195687733195642
0.030326803005169406
0.056115627029324808
-0.00090130807434544763
-0.0027424273372954624
-0.00032509225202886476
-0.011686046329659892
0.0052422354531530798
0.013037073110279098
0.0043065420343014211
-0.011012987592932299
-0.0037524937015908969
0.0063992712670158042
0.060582986281121076
-0.011843613588725871
0.35155838865301869
0
0
0
0
0
0
0
0
0
0
0
0
0
0
0
0
0
0
0
0
0
0
0
0
0
0
0
0
0
0
0
0
0
0
0
0
0
0
0
0
0
0
0
0
0
0
0
0
0
0
0
0
0
0
0
0
0
0
0
0
0
0
0
0
0
0
0
0
0
0
0
0
0
0
0
0
0
0
0
0
0
0
0
0
0
0
0
0
0
0
0
0
0
0
0
0
0
0
0
0
0
0
0
0
0
0
0
0
0
0
0
0
0
0
0
0
0
0
0
0
0
0
0
0
0
0
0
0
0
0
0
0
0
0
0
0
0
0
0
0
0
0
0
0
0
0
0
0
0
0
0
0
0
240
0.87946332194340038
0.25192259249387178
0.19182968794552049
0.096868781391996589
0.11595715327002216
0.051363859345538262
0.0031761833358969599
0.14423373421446467
0.09967278664714041
0.029770837322018254
0.019804965971037942
0.014959005695581172
0.12161690114186635
0.11110945561306546
0.061421422115357893
0.022057435631310362
-0.0047297430854627391
0.023806889424392713
0.011373424338351722
0.018425957858918488
-0.028936793625489763
0.015103605965660667
0.037861047057006915
0.028020181334870147
0.037207022162132293
0.015405837147284175
-0.025729401369165229
0.040385376903121981
0.031004992564163128
-0.01443025919554855
0.0036023668774100648
-0.0032985711937493882
-0.015506712122094457
-0.0027178696679054383
0.00071815453900556439
0.022325361161303334
0.01595438893643588
0.020077255360517254
0.038737851827569704
0.04905300073899118
0.0044695186958331693
0.0055006158157426968
0.0090667827231067522
0.022220261938532524
0.01501031057514335
-0.0011145383233925627
-0.013494048789601826
0.026373289575182639
-0.0035034661801573788
0.025609769383800239
0.0249921611948037
0.046405954620872276
0.020465195455414677
0.0048004346822462405
0.008785717347179629
-0.0011162849105514751
0.012876476516177985
0.019513742080201284
-0.006432371742034879
0.0040282338649527769
-0.0013122145747730806
0.0090812428285273576
0.020999020636500554
-0.005297694329458146
0.018095736037456761
-0.0032808178897990774
0.013234741093732195
-0.018184497089985853
0.00050251901838629443
0.00038516242600812421
0.015779821203482074
0.005365794906441913
-0.0081990579478700178
-0.0093257327142492047
-0.005426897765559901
0.014055906598184403
0.00077572566180636275
0.014219154587316553
0.0053353293561057176
-0.0066442616062798608
0.013603629045075479
0.015613480664386191
0.0056708097914980457
0.026970072452199224
-0.0044841741690037377
0.01066523606565235
-0.0076332558092762313
0.33524939785476859
0
0
0
0
0
0
0
0
0
0
0
0
0
0
0
0
0
0
0
0
0
0
0
0
0
0
0
0
0
0
0
0
0
0
0
0
0
0
0
0
0
0
0
0
0
0
0
0
0
0
0
0
0
0
0
0
0
0
0
0
0
0
0
0
0
0
0
0
0
0
0
0
0
0
0
0
0
0
0
0
0
0
0
0
0
0
0
0
0
0
0
0
0
0
0
0
0
0
0
0
0
0
0
0
0
0
0
0
0
0
0
0
0
0
0
0
0
0
0
0
0
0
0
0
0
0
0
0
0
0
0
0
0
0
0
0
0
0
0
0
0
0
0
0
0
0
0
0
0
0
0
0
240
0.9323961065225197
0.063614046757598769
0.1228533381482769
0.19833462933555332
0.0044098469769006023
0.039767101150996534
0.10319975069800419
0.048492158426248572
0.051422842299224336
0.065662401548814281
0.023370087306716022
0.10682933087049051
0.010617308572816295
0.020323270681125483
0.063659829471899798
0.040951495271995632
-0.0069516755454567441
0.012264128432079531
-0.013116224029943965
0.044083655800197283
0.013666542273944675
-0.0033966263876305221
0.033949835645012659
0.01640355138712846
0.024020455812522636
0.033370667764483199
0.017526736388794453
0.015418863720265585
0.059622738800988062
-0.014395938338095873
-0.01305505664779969
-0.037574133949712769
0.0047554440647811103
-0.0021544367244983199
-0.0080107770055479321
-0.009966506140498323
0.031202415237275159
0.01113496866101606
0.053115800652218811
0.025030050779170858
0.024657203722940044
-0.006376250726760741
0.0014342350645666787
0.0014922324277612713
-0.013059258592917757
-0.0041270220520804339
-0.0071791855137547517
-0.00062652713962847598
0.015467629764871137
0.0011476503917673855
-0.002103670359085744
0.011894885575809984
-0.0089716870482570051
-0.013191345628383869
-0.014375898147512212
-0.0044913402974987322
-0.0071136633989752011
0.0075969304244482578
0.026509423156367042
0.0094660723258638176
0.023086376495789502
0.0045243014163731275
0.013935059861930246
0.017215193152968225
0.025449739689688625
0.0061637813501828776
0.0086736822128636176
0.014712110297965875
-0.0047595844441414041
-0.0081813151715926583
0.015254158396749496
0.0015618764081837024
0.002781173801556092
0.00026762568688448653
-0.0030821752956524005
-0.0089919476040301663
0.0057193821348557753
-0.0027875985896630676
-0.0041153285837204432
-0.011356328856544667
0.00085861319443950328
0.00080334492047946587
0.017147177508155313
0.014060281305671073
0.0014645597112486356
0.0044900703648143728
-0.00067296962540028672
0.0070576439072641568
0.33208645895175826
0
0
0
0
0
0
0
0
0
0
0
0
0
0
0
0
0
0
0
0
0
0
0
0
0
0
0
0
0
0
0
0
0
0
0
0
0
0
0
0
0
0
0
0
0
0
0
0
0
0
0
0
0
0
0
0
0
0
0
0
0
0
0
0
0
0
0
0
0
0
0
0
0
0
0
0
0
0
0
0
0
0
0
0
0
0
0
0
0
0
0
0
0
0
0
0
0
0
0
0
0
0
0
0
0
0
0
0
0
0
0
0
0
0
0
0
0
0
0
0
0
0
0
0
0
0
0
0
0
0
0
0
0
0
0
0
0
0
0
0
0
0
0
0
0
0
0
0
0
0
0
240
0.85795865098324975
0.29922905682649792
0.19064369446716442
0.11519723785082304
0.07516924969515909
0.024473391094141941
-0.088442312920241184
0.11271467275666822
0.10685529532135034
-0.041481739409419842
0.056322979760179886
0.01748048657593022
0.079395050290356525
0.10158667991946345
0.030804951403569116
0.0022064966800845616
0.020155056974547187
-0.016654058397814628
0.094824992669348476
0.044963722773659433
0.059881138644462192
0.032309301259737175
0.0095915623332251138
0.054184647960345049
0.034663166276930509
0.046816926570163654
0.022158662000520638
0.032772197068249943
0.021329810760174872
-0.010207394867078621
0.0096622538307252932
-0.028979861533473025
0.003002081610786658
0.035188050912783354
0.012358321121816259
0.060596315965668363
0.022973238821910959
0.020589314155566318
0.037141328728306146
0.022237418886478434
-0.0083450891759505996
-0.0024339397595469652
-0.014627849589408973
0.052300942249100972
0.032476157949452585
0.0024381236804868951
0.016860278550784671
0.06770797481554329
-0.011916227837832806
-0.018234222345333059
0.046181153559338495
0.033611113449351158
0.029918485355734638
-0.0083617176357869069
-0.020965219701846005
0.024850468692994922
0.011442804873822569
-0.0034030337824586102
-0.0048863649213887897
0.018418859384436825
-0.012010847252355412
0.0058473132892162463
-0.013371963676833815
-0.0010452263206472097
0.0071500683068182061
-0.007067108630599785
0.020521551645406203
-0.0038515615876629551
0.0019231296781821975
-0.0057607158492298353
0.01703598876629606
-0.0033047774921002079
0.0010784085836402614
-0.00059661394936297025
0.002816901878644498
0.0037078222336859065
-0.010161571492034309
-0.0052129886811420776
0.01069180214980465
-0.00094866590747011317
-0.008456291216962392
0.011432177544126718
0.0014146954721469286
0.028595515223877137
0.0015036825928636543
0.0034833207886859007
0.0058739222331099699
0.015321024932546071
0.0048244730123829715
0.33470988037487331
0
0
0
0
0
0
0
0
0
0
0
0
0
0
0
0
0
0
0
0
0
0
0
0
0
0
0
0
0
0
0
0
0
0
0
0
0
0
0
0
0
0
0
0
0
0
0
0
0
0
0
0
0
0
0
0
0
0
0
0
0
0
0
0
0
0
0
0
0
0
0
0
0
0
0
0
0
0
0
0
0
0
0
0
0
0
0
0
0
0
0
0
0
0
0
0
0
0
0
0
0
0
0
0
0
0
0
0
0
0
0
0
0
0
0
0
0
0
0
0
0
0
0
0
0
0
0
0
0
0
0
0
0
0
0
0
0
0
0
0
0
0
0
0
0
0
0
0
0
0
240
0.90485617409143859
0.21324793237005832
0.128876765380119
0.06620433952480588
0.088372425627896878
0.069634048109172189
0.029752759444899
0.033552893437963555
0.15801298589128787
-0.0012536523126651892
0.021683581133490056
0.083466048795235878
0.064375115236184485
0.14117295625539439
0.024204795271258316
0.0060094467357201175
-0.061378119154158042
0.038929692029378571
0.038529586370168442
0.049716573952043847
-1.5607562380546007e-05
0.0017550135309345953
0.031393017073672501
0.034179377386008597
0.023839515121342626
0.00096617937632346941
-0.026086948818963736
0.014119285177347878
0.055370181518586997
0.037465035000200417
0.027575818434114947
-0.0061007562954389317
0.014028205800532403
-0.0042617429743469788
-0.0038690617579661265
0.03397269849329116
0.041936717281690357
0.011376918588680392
0.020470117422274531
0.006655164680531153
0.0042021441105793214
0.00031296665921221761
0.017054753286756593
0.027689117224326158
0.0030112419598112361
-0.008011750241674831
-0.0015747444919305723
-0.00056177769419432817
0.018895781726967341
0.039353256098367664
-0.00823631012821926
0.031384097510141568
-0.012387732901506269
0.0033074062393021282
0.029305147057316301
0.00023908267896244293
0.0021394474529554727
0.012091320815184547
0.03925887357818441
-0.0040775075096238156
0.0067370623434116475
0.0085341719152109367
0.015986328801330475
0.011030586102174037
0.01053270142888975
0.00088966749959830686
0.004861476441587873
0.0054269730460301084
-0.0036066955311230241
0.0015372945765765214
0.010861306397959665
0.0059083471649018287
-0.017455269098767524
-0.01171102260973249
0.0026573711167086614
0.0038243894727174746
0.0072213297065020143
0.019213394100489469
7.8223960076759439e-05
-0.0034253351084571342
0.019228756324280272
0.0087582832563657866
0.0052885842540430191
0.0092972879636406842
-0.017373819308181531
0.019261195686601288
-0.012046600387714488
0.010328282166361119
-0.0019073576381553573
0.001479501461554053
0.33330245893650295
0
0
0
0
0
0
0
0
0
0
0
0
0
0
0
0
0
0
0
0
0
0
0
0
0
0
0
0
0
0
0
0
0
0
0
0
0
0
0
0
0
0
0
0
0
0
0
0
0
0
0
0
0
0
0
0
0
0
0
0
0
0
0
0
0
0
0
0
0
0
0
0
0
0
0
0
0
0
0
0
0
0
0
0
0
0
0
0
0
0
0
0
0
0
0
0
0
0
0
0
0
0
0
0
0
0
0
0
0
0
0
0
0
0
0
0
0
0
0
0
0
0
0
0
0
0
0
0
0
0
0
0
0
0
0
0
0
0
0
0
0
0
0
0
0
0
0
0
0
240
0.87367473096186454
0.35898601755694176
0.15488265877880741
0.016957215264516844
0.16227343012058612
0.044382614387829818
0.065284419059581322
0.063855087202910346
0.031130791577618565
0.069109327214637806
0.039778372934257233
-0.01795289245245528
0.087295883210925865
0.0053008679475176242
0.0081300502406715068
0.035166328053734472
0.043395152741093714
0.028621563398218208
-0.0074247108142878387
-0.037825884981139576
-0.0081290270729505332
0.0031296142729501189
-0.00019377701531782767
-0.023052563554020241
0.010783719780443171
-0.0025177578039098257
-0.00090822537241574974
0.018904315501003795
-0.017125132941749704
-0.0045299252223746861
0.006066054606036644
0.051416508655823777
-0.010398077817330507
-0.0019752443909738988
-0.001128870485698775
0.0020309401353531598
-0.008383014473925544
-0.00070308524850855943
-0.011986021996732594
0.035977398342851664
0.0071411304017273379
-0.0023234816794522732
0.01913259310765263
-0.020513830764204793
0.0063352391110529406
0.020292499535481689
0.005266632247046309
-0.015023990211355559
0.0058214997011726919
0.025884551142468199
0.0078429282086581557
0.0023565199284266603
0.021630908395300651
0.041387713775984658
0.020159005458438357
0.0022484572401205993
0.0023173296538898753
0.017112700812540186
-0.010540794343990008
-0.0060664354946932241
0.00045567195260055464
0.018362823205487495
0.01077648095442198
-0.0069313672196364869
0.0069681932605490477
0.0077432970462365074
-0.0023529165962524715
-0.0086497223490618908
0.012425182639405315
0.030372196898324787
0.0036855637961251604
-0.0050763715000039207
0.016975236805617591
0.015194900217256275
0.0017013944195132275
0.015230521916747276
-0.0017980723522597467
0.0053579529752922151
0.0049800384474562847
0.0060836538403633671
0.0087996630431021149
-0.0026097006922344117
0.005388746776306989
0.0038229057495658835
0.022830757031202933
0.0039347310262811703
0.012930440443436133
0.011462870444314606
-0.00034229410962183286
-0.0066782997284862509
-0.0031912368386070472
0.33372845690457204
0
0
0
0
0
0
0
0
0
0
0
0
0
0
0
0
0
0
0
0
0
0
0
0
0
0
0
0
0
0
0
0
0
0
0
0
0
0
0
0
0
0
0
0
0
0
0
0
0
0
0
0
0
0
0
0
0
0
0
0
0
0
0
0
0
0
0
0
0
0
0
0
0
0
0
0
0
0
0
0
0
0
0
0
0
0
0
0
0
0
0
0
0
0
0
0
0
0
0
0
0
0
0
0
0
0
0
0
0
0
0
0
0
0
0
0
0
0
0
0
0
0
0
0
0
0
0
0
0
0
0
0
0
0
0
0
0
0
0
0
0
0
0
0
0
0
0
0
240
0.91233701607542184
0.25182165095989278
0.14581908908573166
0.11698905225659664
0.051398387751006518
0.047316048408354912
0.0067664680970347963
0.036817295159442667
0.034877198614442884
0.014824455159849877
0.079288300518202723
0.0044482853837898365
0.0083362823803607763
-0.025729675956199072
0.0091095890279830807
0.0046743053846756153
0.045370083144750967
0.0081031048496547787
0.061635520429922083
0.003535563268547703
0.10343497127798382
0.047120951076959995
-0.0095440660371545055
0.016039259186352677
-0.0067863851947645888
0.045743654054731214
0.070792015554353063
0.027629890944733893
-0.015199217783586306
-0.010403608314146946
0.0077451273248845803
-0.00033791676131029292
0.013775993449932127
0.042715571077462093
0.021726705656916308
0.040811621609576729
0.0029621605316969527
-0.0012295263845030126
0.0050695597674947461
0.0083923112585794057
0.0071379490651824178
-0.004331643066040107
-0.0044849389996154268
0.010319968708265881
0.018785498484276839
0.018367815598487779
0.032705957181738549
0.016217793899899198
0.006726446917547613
-0.025599331578062642
0.0070281968070324552
-0.00014684464117594153
0.020767031598321422
0.0177519256215307
-0.02678382970855972
0.026959956081239109
-0.0045869684076547497
-0.0068581394335635133
-0.013061024136085769
0.017760825553279447
-0.0054733965112935328
0.019162118927298261
-0.024637698321277015
0.0078075675356054667
-0.0011428067595773608
0.011799091960395363
0.0072008515528727132
0.0077401571755446926
0.0078576109853313141
0.017065797285011564
0.014468064249748286
-0.010799786229351079
0.030123637624624819
0.014839915947889797
0.013568164645701241
-0.0054691946518853037
-0.012415240477844864
-0.012965048857196439
0.0056963806840765133
0.013450003007060261
-0.017083862430306389
-0.0066938791032601112
0.0052064454083153109
0.00069706072386996982
0.0096443023457154758
-0.0052251395953283849
0.0115020519458082
-0.0078444273633995337
0.0052392631065838711
0.013604180515038596
-0.0089390523603728542
-0.0010438623291669671
0.33478749616159698
0
0
0
0
0
0
0
0
0
0
0
0
0
0
0
0
0
0
0
0
0
0
0
0
0
0
0
0
0
0
0
0
0
0
0
0
0
0
0
0
0
0
0
0
0
0
0
0
0
0
0
0
0
0
0
0
0
0
0
0
0
0
0
0
0
0
0
0
0
0
0
0
0
0
0
0
0
0
0
0
0
0
0
0
0
0
0
0
0
0
0
0
0
0
0
0
0
0
0
0
0
0
0
0
0
0
0
0
0
0
0
0
0
0
0
0
0
0
0
0
0
0
0
0
0
0
0
0
0
0
0
0
0
0
0
0
0
0
0
0
0
0
0
0
0
0
0
240
0.87878016835481954
0.37391129102931553
0.18136530264848372
0.085998278036371403
0.098615926097076645
0.073647217776830656
2.2002131512087228e-05
0.074051950106855266
0.023971491110346584
0.0020103821772321337
0.025464839254193711
-0.004386825655033285
0.049569506886766035
0.034805932068448266
-0.0088643798924995087
0.0034395302311615245
0.032238540609812183
0.012124942274519233
0.055116419325994523
0.0094320051068088953
0.042427675744032396
0.030654943235310636
-0.0027041697484630101
0.013463457849218244
-0.0013305970913924244
0.026707577315485204
0.015272942517912492
0.0080408302395397393
-0.0095653145925885617
0.023212589310430978
0.025269166271883064
0.031744196016201209
0.010473731302363504
0.016830929587829061
0.012220583765540666
0.039229943381631209
-0.006370869380817692
0.017237302574063269
-0.0060006183591978911
0.019766990141156803
-0.0050024475003275209
0.0048825558324371524
0.0028172341609400179
0.009141071382625621
0.016591679894991947
0.019431506182404124
0.01983321677501057
0.0098748599527660602
-0.0044878230400099035
0.0090041320500542157
0.018291175371275423
0.0038419061873202986
0.02123351114933247
0.012155296520800616
-0.0016643313234056894
0.016429395531923633
0.0087392516870254348
0.0032316316710065619
-0.005623854060869707
0.0048858899518899029
-0.0028694711699309432
0.007384316421927899
0.0015747581723361782
-0.0069682200836890728
0.0039225968155206202
-0.0020450622612435444
0.011378367410511046
0.0053014993520037815
0.013565260057302806
0.010622856985991165
0.0035571422758612376
0.0025128914480907123
0.015170504911781834
0.014165777427191863
0.010754574331593974
0.016738980317432497
-0.004233747613607391
0.0023185335361116262
0.010800145911082085
0.006866732367942976
0.0011183835825346652
0.0067515051754870221
-0.00036807337150836916
0.0010160416860644831
0.0079377319556876973
0.001370622846125061
0.0079957829778961528
0.0049295183411622997
-0.0016076942708428753
0.0066420225864787111
0.00056802589980996135
0.0070676062023239004
0.0054543097168824823
0.32238973813531269
0
0
0
0
0
0
0
0
0
0
0
0
0
0
0
0
0
0
0
0
0
0
0
0
0
0
0
0
0
0
0
0
0
0
0
0
0
0
0
0
0
0
0
0
0
0
0
0
0
0
0
0
0
0
0
0
0
0
0
0
0
0
0
0
0
0
0
0
0
0
0
0
0
0
0
0
0
0
0
0
0
0
0
0
0
0
0
0
0
0
0
0
0
0
0
0
0
0
0
0
0
0
0
0
0
0
0
0
0
0
0
0
0
0
0
0
0
0
0
0
0
0
0
0
0
0
0
0
0
0
0
0
0
0
0
0
0
0
0
0
0
0
0
0
0
0
240
0.83038753180352198
0.11282070166625245
0.27175344256549061
0.1409124766237545
-0.021099472083362963
0.086637445493472368
-0.040160405952237563
0.18686257813665169
0.11054865648066023
0.03484772972289981
0.0018576697949361479
0.023374063493493344
0.13902271306815994
0.098468799087634729
0.10332777358457162
-0.080081503904512782
-0.0056287795065793171
0.022754213330262705
0.092858867354303223
0.060803874609947475
-0.0033205060211679328
0.11406596240929034
0.053452853437986753
0.092241914768094818
0.008232325786846996
0.01929795366896048
0.031529984135524637
0.069042085565477571
-0.017530808899765455
-0.026186628353185512
0.02516104559375254
-0.0025616859934714017
-0.014667535933025142
0.044156793853738746
0.054920053878954066
0.02015251524056353
0.02275786682473465
0.0048933277172739697
0.031826829137669516
0.0028253784997166326
-0.0060159883648826856
0.035309128953274226
0.0077181688121927767
0.065101660304070608
0.03311229838739814
-0.0057399016413125737
-0.0073348246792477728
0.06374247357186652
-0.0062620948669824842
-0.013744375457924073
0.011761395624611941
0.034936991815862566
0.016643195936620142
-0.0037296892395564099
0.0071248094164712951
-0.0029904328556883161
0.043748070395371381
0.0069722248618597389
-0.016865167108238748
0.041318472930584361
-0.007654701448947903
-0.0087935723553570575
-0.0034281387655962893
0.015191985506853189
-0.013801914702355486
0.0069745023004984122
0.024454528325355836
-0.018051754615385874
0.0061680718218631581
-0.010930546021697556
-0.00099628069980715927
0.034268458869240376
-0.011027169162788846
-0.0077680049258705107
-0.0028711994245593721
0.0021503173936135598
0.013124447969231325
0.0063321343157647066
-0.00060623933472040976
0.020644396992020423
0.00072620911593175639
0.01787169679357889
-0.0043631476519522252
0.0013535662699705529
-0.0012835428565154587
-0.0075353340850441283
-0.0099753075333532584
0.014597942575567374
-0.0015527976745665223
0.020792442077094495
0.00465783929391552
-0.01103711097381611
0.0026614976639571589
-0.002911798238332766
0.35421490352527646
0
0
0
0
0
0
0
0
0
0
0
0
0
0
0
0
0
0
0
0
0
0
0
0
0
0
0
0
0
0
0
0
0
0
0
0
0
0
0
0
0
0
0
0
0
0
0
0
0
0
0
0
0
0
0
0
0
0
0
0
0
0
0
0
0
0
0
0
0
0
0
0
0
0
0
0
0
0
0
0
0
0
0
0
0
0
0
0
0
0
0
0
0
0
0
0
0
0
0
0
0
0
0
0
0
0
0
0
0
0
0
0
0
0
0
0
0
0
0
0
0
0
0
0
0
0
0
0
0
0
0
0
0
0
0
0
0
0
0
0
0
0
0
0
0
240
0.93461308428136602
0.19096738498806612
0.056681779073675505
0.11484817339430245
0.11404305739504729
0.096814892498197316
0.11481707583513216
-0.0080910893650737135
0.037665297299223979
0.027313726653963664
0.043838410398072819
0.040639261855566482
-0.023553247181958167
0.0059452578266642629
0.00049960169308076597
0.039033691013302806
-0.02819704087896888
0.068306412142791428
-0.011591867843611162
-0.0079824798704317308
0.031509849294170604
0.013325011429743669
0.028994874182925866
-0.0064997237364715094
-0.012980696410134914
0.02646322445384371
-0.00066816986057007097
0.016685494722070551
0.019969614469469262
0.019291567505746461
0.0053522581525937774
0.0070756123797562501
0.0096206687295279803
-0.0063128468910688589
-0.00015154809255771013
0.038860937668805107
0.0058862307090468769
-0.00056792464855336621
0.0078116609611866014
0.023510507620926366
0.02595601075475883
-0.0029098364644361274
0.016893597376343175
-0.0060922020317732764
-0.00043767167239917436
0.0066252104885927855
0.010890426137677893
-0.018698743086677631
0.019771972917943456
0.025991187013863416
-0.011174669381207515
0.01475369842310334
0.0021926580883160625
0.023977440885211823
-0.0091000157227929118
0.011655366681161954
-0.016488680675754364
-0.001934258160281242
0.021494606880229247
-0.0076826806715602743
0.0097282051618888775
0.034751150512808332
-0.0010135283679234524
0.0029546264085761236
0.021727376223138861
0.0058206220746929134
0.00010367094271993704
0.0056574699993978197
-0.0040532571671706014
0.031188525351277314
0.023069490653374384
-0.015050778106398561
0.0072268952611817252
0.0040857102529811996
0.010901763646431636
0.0034750186340710403
-0.0053236413567649288
0.0094714121769959459
0.0038674745271524086
-0.0029465682609930563
-0.0071772529824287151
-0.0042874072899928518
0.010097188902461989
-0.00068797068277659556
-0.0059570136611121994
0.013571775972334599
-0.0080660531478893849
0.0015256732000439293
0.0049713585416077026
-0.0013389595925449105
0.007125712722248081
0.0071001631451342168
0.0091858931580914328
0.0028026215918855856
-0.007788609345009437
0.33006975474353928
0
0
0
0
0
0
0
0
0
0
0
0
0
0
0
0
0
0
0
0
0
0
0
0
0
0
0
0
0
0
0
0
0
0
0
0
0
0
0
0
0
0
0
0
0
0
0
0
0
0
0
0
0
0
0
0
0
0
0
0
0
0
0
0
0
0
0
0
0
0
0
0
0
0
0
0
0
0
0
0
0
0
0
0
0
0
0
0
0
0
0
0
0
0
0
0
0
0
0
0
0
0
0
0
0
0
0
0
0
0
0
0
0
0
0
0
0
0
0
0
0
0
0
0
0
0
0
0
0
0
0
0
0
0
0
0
0
0
0
0
0
0
0
0
240
0.88373283930655311
0.2248468008850345
0.0997989125419593
0.097272561394954757
0.20594528919676824
0.055605824231640552
0.024305544627766545
0.096684213410412043
0.014240180698310758
0.0032506003035718566
0.047416952953351743
0.006358859531406945
0.086317645404772686
0.082171480370119426
0.014286991086480268
0.021699500561681396
-0.021599519794419354
0.043792378979832014
0.021868281562277426
-0.036990425080112202
0.036652253394886272
0.03635125530536757
0.042606991022454022
0.0034656307647447436
0.012044688073383887
0.056663793542837099
0.0070022255205002088
0.069283849451649226
0.0048267528942756398
-0.028310734609102495
-0.0056162546124509695
-0.015523037438305739
-0.02406614268352697
0.0047809116101518922
0.013878720978293841
0.096013340375560294
0.0069555878053679373
0.0053059925647130904
0.03041591383216637
0.087184270405836622
0.0040682315524871024
-0.0042962839955689447
0.017177075260275787
0.017542681649054266
0.012128271643043543
0.0012819217373162518
0.018730104850174126
0.024263023363394861
-0.0099938442150548316
0.012636172947540327
0.025236422446311135
0.056033944296227108
0.03304993699088709
0.029326298848753509
-0.024431306516820919
0.031215485174283436
-0.0080789235065743085
0.0037914403681952825
-0.012965470939262652
0.0070979399399291026
-0.010149012980039779
0.037652710211142158
-0.010445078198991048
-0.0070724719762234392
0.020878703459905397
-0.0035795054515019805
0.028705621567079943
-0.019824546772257198
-0.0035251557295711191
0.031567042366540767
0.042425004288705902
-0.016140903643076836
0.003755415496874167
0.013796051309746957
0.0012117033750324376
0.0079799623659413451
-0.006398079607396719
0.010609708625633969
0.004395154799075443
-0.0068373897917023575
-0.0071045309097204591
-0.00080989617806949074
0.0028016235349982545
0.025195173506595489
0.0049016484857199848
0.0077892072681170739
-0.0020591039720986078
0.031370733382621731
0.0074247473230634343
0.021495075033456323
0.0043583483471081189
0.012029854425888588
0.0072246635459692881
0.0073811693465107879
0.00367420220378049
0.014728735223114357
0.34684285478997745
0
0
0
0
0
0
0
0
0
0
0
0
0
0
0
0
0
0
0
0
0
0
0
0
0
0
0
0
0
0
0
0
0
0
0
0
0
0
0
0
0
0
0
0
0
0
0
0
0
0
0
0
0
0
0
0
0
0
0
0
0
0
0
0
0
0
0
0
0
0
0
0
0
0
0
0
0
0
0
0
0
0
0
0
0
0
0
0
0
0
0
0
0
0
0
0
0
0
0
0
0
0
0
0
0
0
0
0
0
0
0
0
0
0
0
0
0
0
0
0
0
0
0
0
0
0
0
0
0
0
0
0
0
0
0
0
0
0
0
0
0
0
0
240
0.94019395185466359
0.15803326230525022
0.12734801359875941
0.12543577305356393
0.06167057720335075
0.064806402419492412
0.078141305303456546
0.040382623914061479
0.08676591675945014
0.037600559414703451
0.023931794615024381
0.082696011596081906
0.039080938340102969
0.064749362749664557
0.036505022327846359
0.025302109514136178
-0.027369648420561579
0.033472290462127317
0.0058368643197482667
0.033963826985067301
0.0067222627006142469
0.0030257875235639212
0.030898805788504399
0.01812651277576019
0.018044079188065401
0.017244256769854645
-0.0039919955265157198
0.017574266805930463
0.046724838824477651
0.0089186947045757983
0.0092536008769312107
-0.0095511338421067106
0.0073955629422192293
-0.0033802294205627996
-0.0040067962442914022
0.013628431364550851
0.031162391719418512
0.0094149815029984617
0.026877992533314382
0.021166451453670954
0.014127894134293856
-0.0022710301666432273
0.014062688014977055
0.0092193467488372854
-0.0030829309940573037
-0.00095403760088999328
-0.0039290834735991216
-0.0055401964049268861
0.01706066877831203
0.022474366715122585
-0.0044917740898483749
0.02005477217121282
-0.0057094387296503478
0.0032798857685101541
0.0051821910760398663
-0.0013339611408421015
-0.0027540163036011657
0.010404018725357067
0.029880372502954947
0.00086206477539092232
0.012280863672878799
0.011756031404859342
0.013926611897334096
0.010695653505951296
0.01827953849543194
0.0041452891147535902
0.0073904275503392037
0.0093535323909961846
-0.001406855348284755
0.0036708357220255933
0.013909479990691028
0.0013505814264494346
-0.0052189451469179205
-0.0040554325464775484
0.0029641335399655309
-4.3505366629716283e-05
0.005550505251693017
0.010296103785489749
-0.0017620814590766332
-0.0050067644167805557
0.0081093835613355956
0.0038735352980632711
0.011141757159390931
0.010259134729966056
-0.006882390299315577
0.01195977222613652
-0.0042784453598659795
0.009165090331645984
0.010093724898439946
0.0018170776867857316
0.013108507866433501
0.0042035560629228733
-0.0010318874265929443
0.0016193538080615654
-0.0017290157214373179
0.0085001160451085196
0.0070962506085516016
0.32195199091755516
0
0
0
0
0
0
0
0
0
0
0
0
0
0
0
0
0
0
0
0
0
0
0
0
0
0
0
0
0
0
0
0
0
0
0
0
0
0
0
0
0
0
0
0
0
0
0
0
0
0
0
0
0
0
0
0
0
0
0
0
0
0
0
0
0
0
0
0
0
0
0
0
0
0
0
0
0
0
0
0
0
0
0
0
0
0
0
0
0
0
0
0
0
0
0
0
0
0
0
0
0
0
0
0
0
0
0
0
0
0
0
0
0
0
0
0
0
0
0
0
0
0
0
0
0
0
0
0
0
0
0
0
0
0
0
0
0
0
0
0
0
0
240
0.89163512428576275
0.15975704225257659
0.18053349861866858
0.14282277026739826
0.056525570550694904
0.079868678371307525
0.0060253037778941016
0.13889222445904781
0.13815695670263159
0.02987664408776031
0.02135647356117458
0.024561987130199862
0.082036728959547014
0.092744155722154165
0.098727868542257485
0.0046336550186087044
-0.018998152825009832
0.045550941567049537
0.0033199178519041006
0.04328629606567453
-0.039657432039846438
0.04170154925693615
0.066497953043174698
0.053459684339771482
0.022581351050264677
0.014310659867715349
-0.028264523464206281
0.050467922853527254
0.033901458355837875
-0.017437831086776687
0.0017099565717207381
-0.010249966722418877
-0.014512595810049661
0.00089837167127831551
0.0085593611019719219
0.014403702530096185
0.025991167666080527
0.011943045150040174
0.05597035650304466
0.024520556562314031
0.019427033646166998
0.015675268997037684
0.0053260269139804349
0.035029198989463842
0.024623175144993938
-0.0059520380505060843
-0.018798235408756199
0.025183449417918741
0.0037130987482941096
0.013672563345157011
0.016484127017146823
0.054741169929856309
0.019613622376168458
-0.0012523694494127086
0.0068716077254592639
-0.0038210859191290573
0.0087014728476508124
0.010060821937342833
0.0035989754394066212
0.0076912234969336519
-0.0021233200133503279
0.008932471943791289
0.01379629859401065
0.0054822173070954092
0.015423741412505852
-0.00061196126460177946
0.0078405795100851688
-0.025189850131188529
-0.0052417959863577694
-0.0036251063705813962
0.015609255025127109
0.0016969315993851659
-0.013504686443236326
-0.015216787766779295
-0.0049789764100416981
0.012619445616580403
0.0011990745834910767
0.014596653260560939
0.0081741426568812635
-0.0037125315108803227
0.0012470673655958562
0.017875906642371427
0.0086193560306011101
0.020864123790445888
-0.0032182347543887042
0.0097883306799930805
-0.013717757461415344
0.032771227041325755
0.008547130962168482
0.015205570856738669
0.012011214266710203
0.0017371505118556878
-0.0040214595515187393
-0.00089330595525815909
0.025673931328244824
0.0020553633947983283
0.018690885200256177
0.0077374878070818921
0.33469544861541933
0
0
0
0
0
0
0
0
0
0
0
0
0
0
0
0
0
0
0
0
0
0
0
0
0
0
0
0
0
0
0
0
0
0
0
0
0
0
0
0
0
0
0
0
0
0
0
0
0
0
0
0
0
0
0
0
0
0
0
0
0
0
0
0
0
0
0
0
0
0
0
0
0
0
0
0
0
0
0
0
0
0
0
0
0
0
0
0
0
0
0
0
0
0
0
0
0
0
0
0
0
0
0
0
0
0
0
0
0
0
0
0
0
0
0
0
0
0
0
0
0
0
0
0
0
0
0
0
0
0
0
0
0
0
0
0
0
0
0
0
0
240
0.88432719422930295
0.062390531541460952
0.11266254138820039
0.17940370918300211
0.02669043550693264
0.18168948342618085
0.21465756915214168
0.045969585333853293
-0.014366020460610826
0.10554127154701815
-0.034748115768357374
0.04184622933963307
-0.015309211560870985
-0.015237608780926283
0.034639591993203871
-0.015590635823087512
-0.029259875550711554
0.11347119191015362
-0.041919838341501113
-0.0049355146316630901
-0.053674709633799195
0.064079441272715407
0.090402039521294761
-0.0070377058063977541
-0.02532617303543052
0.0053133028200064063
-0.02573349973238561
0.010538843941300958
-0.012964931426100614
0.0151567615392933
0.010179880588362869
0.04949704746782161
-0.0049553667742328941
-0.024683001019989253
0.022245045584006772
-0.010994225338661869
-0.016863429119673805
-0.0018439774049779651
-0.0090074565427613624
0.0093039044110956488
0.04252086954508702
0.044873047387216813
0.038313040052113959
-0.019129138834180055
-0.006023146389655322
0.0053093884417353149
-0.01161197738993151
-0.023835233300844357
0.012888482561096783
0.034611774398631182
-0.0081584475053940227
-0.0021340032482615348
-0.0051660731166877508
0.014465488860445169
0.00869367572399804
-0.0091491258988018499
-0.0093533824113044093
-0.00024937435141482304
0.018444234792016144
-0.014378976633349088
0.031715146361527155
0.01092503328439294
0.027138362348799936
-0.0020270847758217347
0.012321167979196879
0.0053808351211288965
-0.0051418288088038991
-0.0054140641430586653
-0.002548416066927454
0.017631633104741026
-0.0023806329468799487
-0.003578950697051293
-0.0046957661575282523
-0.0065835698439384574
0.0074753091017388928
0.012510409442542111
0.025266996915740459
0.029417551898258461
0.0021683505042759924
-0.0026406635068378062
-0.0042355720477348282
0.00098681857044153774
0.0044138107384468911
-0.0082181084444943285
-0.0019927995535443188
0.0022603895737602921
-0.0033638891367866559
6.480907656780957e-05
0.00031957273049821352
-0.0097020368684956979
0.0014503146965639179
0.0071141625895115102
-0.0095247557780146416
0.00044391978480753952
-0.012567820214194612
0.015939835605019104
-0.0021528826902104349
0.003903201905533271
0.0020927966202764553
0.34687845599474337
0
0
0
0
0
0
0
0
0
0
0
0
0
0
0
0
0
0
0
0
0
0
0
0
0
0
0
0
0
0
0
0
0
0
0
0
0
0
0
0
0
0
0
0
0
0
0
0
0
0
0
0
0
0
0
0
0
0
0
0
0
0
0
0
0
0
0
0
0
0
0
0
0
0
0
0
0
0
0
0
0
0
0
0
0
0
0
0
0
0
0
0
0
0
0
0
0
0
0
0
0
0
0
0
0
0
0
0
0
0
0
0
0
0
0
0
0
0
0
0
0
0
0
0
0
0
0
0
0
0
0
0
0
0
0
0
0
0
0
0
240
0.89827499452715154
0.26299545751845055
0.23612181341901226
0.1477013537932356
-0.014948202477609503
0.079073994497701444
0.038364294029370867
0.093253916485340094
0.040420269864986494
0.054616896283863459
0.0046624074698888547
0.022129897755908196
0.039082069603270431
0.0026043733502757846
0.035479690596275405
0.0007446672930425997
0.048690639605911676
0.0025027131779693365
0.029518350337728996
0.052233945644289542
0.012306465884822707
0.029135479242094326
-0.0043680509883064602
0.027378874929672187
0.003946043336664277
0.012655862145906756
0.02270713519455116
-0.0073693496036964347
0.0068122463716165918
0.013149527620429894
0.023409958057012493
0.028665973597949274
0.017463016290512036
0.016435011940433435
0.010530637644309957
-0.02075655931013231
0.0011011813839857546
0.020849423898020473
0.0017322480500028131
-0.0025474489719097835
0.0035021020263556663
0.01430494953326026
-0.0010329435893742995
0.0027290655858838051
0.006443350181474768
0.017889953396874648
-0.0057982090406737087
0.0003960135698421977
0.0061389826195081421
0.0049043139780725539
0.0010997852383716361
-0.012526234781266434
0.0017080586122904644
-0.0051514914253948186
0.0050829907093196784
-0.0089544175443039779
0.016243963660593573
0.010594856472815602
-0.00094981915192859608
0.010892260508557584
0.009762551050405072
-0.0085092791122209181
0.020106440729623073
0.00017311987268535313
0.0031303994693531192
0.0047997536463931269
0.0036385678040638811
0.016635978585394794
0.014767893437264359
-0.0078763835066780526
-0.0095113956635094719
0.021192776284093089
0.011824737646326074
-0.0029961140296910732
0.0076879979876615196
0.0062838649169530726
0.0012773952180957701
-0.0017214620846183362
0.0012276654797537601
0.0078841943094581889
0.007335076825105263
0.012670979028163033
0.005302398251239444
-0.0023165590717772358
-0.0045562524055110364
-0.0016107015282438404
0.0028436411459355289
-0.0015543156239505626
0.0040315706282051701
-0.00076710702122446625
-0.0042681541165654688
0.0040399354133720247
0.0041495629715626097
0.006311302916891701
0.00039637332329406323
-0.003838908907517299
-0.010139960493367161
0.0011928397716330765
-0.0020930690071371202
0.0021616312671981978
0.32578695024573057
0
0
0
0
0
0
0
0
0
0
0
0
0
0
0
0
0
0
0
0
0
0
0
0
0
0
0
0
0
0
0
0
0
0
0
0
0
0
0
0
0
0
0
0
0
0
0
0
0
0
0
0
0
0
0
0
0
0
0
0
0
0
0
0
0
0
0
0
0
0
0
0
0
0
0
0
0
0
0
0
0
0
0
0
0
0
0
0
0
0
0
0
0
0
0
0
0
0
0
0
0
0
0
0
0
0
0
0
0
0
0
0
0
0
0
0
0
0
0
0
0
0
0
0
0
0
0
0
0
0
0
0
0
0
0
0
0
0
0
240
0.91729771117176118
0.22554855206327329
0.10857422680328647
0.075469308468091786
0.095237701073848186
0.028303870728618931
-0.012074001466292525
0.040158088594285338
0.16280952395999579
0.0067586061034728192
0.099996794216686613
0.017200201750950286
0.031630723261635678
0.034612245385872417
0.055265657930299028
0.032972347402292448
0.0057611591819513889
0.027848099844772656
0.022904338133873318
0.012249238688677609
0.033883684840636356
0.019504624385580639
0.022443586204503787
0.026779990790951037
0.020970192225059015
0.019886330355090177
0.012084521397076572
0.04404647935265766
0.02336400872410125
-0.019071590201258284
-0.0062331855201703769
-0.016487110646411809
-0.0011089167866672723
0.021099787833207026
0.0027544415753504373
0.0305984542045909
0.030508380993466033
-0.0075545496196949358
0.036770948237789244
0.0068438968354123846
0.022284641570626866
-0.0080586763173893777
-0.0029045479661616814
0.021218614297178029
0.029625696144482627
0.002262292722278032
0.0085199541795849508
0.019042558269609249
0.016440958158235739
-0.011898896904800858
0.014562706674229974
0.033878219280210856
0.024883459911983184
0.017489993929818114
-0.0066666398780292381
0.017358975189321127
-0.0098527119018542476
-0.0026431106276834401
0.005761093931151753
0.0043873543178088222
-0.0095480466320700813
0.027649504587535619
-0.019461835524423442
0.013371326572011127
0.0096893780563079394
0.0093661140044582324
-0.0046740506326613807
-0.016132417209740124
-0.0051596391762107176
0.014310454723924551
0.024469344328424788
-0.021201195867938519
0.0018903878552597221
-0.0088409397897918143
0.0022921231507682794
0.00011652581883463175
-0.013231299613428598
-0.004671879729535657
0.011640920296191314
0.0039637871010023288
-0.015755039381044129
-0.0024855970474516207
0.01288211479330215
0.020204995515132062
0.0062092413957966549
0.011292715787914116
0.00037523593726730605
0.0090305636614046395
0.0067845889227409577
0.015897249101629127
0.0035163946619109956
0.0043738656871411454
0.019907843055290638
-0.0019354694233302827
0.0070769401455443668
0.011377241878580011
0.015573006973394345
0.0052515978041114434
0.015245715534293327
-0.0065284366459448032
-0.0043891454250293777
0.33400619659352315
0
0
0
0
0
0
0
0
0
0
0
0
0
0
0
0
0
0
0
0
0
0
0
0
0
0
0
0
0
0
0
0
0
0
0
0
0
0
0
0
0
0
0
0
0
0
0
0
0
0
0
0
0
0
0
0
0
0
0
0
0
0
0
0
0
0
0
0
0
0
0
0
0
0
0
0
0
0
0
0
0
0
0
0
0
0
0
0
0
0
0
0
0
0
0
0
0
0
0
0
0
0
0
0
0
0
0
0
0
0
0
0
0
0
0
0
0
0
0
0
0
0
0
0
0
0
0
0
0
0
0
0
0
0
0
0
0
0
240
0.85482259843669484
0.40454080090909572
0.080193704786604314
-0.0084583512769436167
0.22844397292274973
0.038651667451393396
0.033679166280608214
0.01447034448284266
0.048290423897515936
0.01319555134039249
0.063613114942713156
-0.011260397954634446
0.049746143807964986
0.031453700450663778
-0.019388307177586807
0.042466258737623087
0.0069857291173492419
0.033445923993006769
0.011341675717807843
-0.04135976461590854
0.025613503129126018
0.0023361036602444958
0.0032294798458257965
-0.020610197553194026
0.0053796200023579176
0.007957589923774008
-0.0047666300914351927
0.019505686589730415
-0.011291013384713123
0.016720047559663012
0.0057306077899167791
0.031774115968869809
-0.0052314583455344453
-0.0023018350210410273
-0.00027994651820627601
0.046806463238771918
-0.0048974814076311575
-0.0052875599989675734
-0.010279407710207055
0.032619447184565081
0.0050054085462056461
-0.0064674457191254697
0.014588235220743855
-0.011942413537108685
0.0088508274685067841
0.013490025241729152
0.028275323509451351
-0.012311837084308103
0.0043018327034058876
0.025179581962378253
0.010326097796965299
0.01207027097417393
0.022098552800051543
0.04221688866883113
0.011200175107970393
0.023244089809600896
-0.0089602066037353847
0.0054693235856080021
-0.0034421709153113571
-0.0084116561031508386
-0.004785310561588583
0.029407390741508492
-0.0041922956159482867
-0.0054056569845647214
0.0081799281170553545
0.0021106559242692262
-0.0011484185162663259
-0.0094939859031216225
0.0037741772462294258
0.039373890817026649
0.013197427160779557
-0.01306434905163021
0.011687079820283558
0.029947594089805525
0.0034027629809627231
0.014141312064582979
-0.0047570644776667552
0.0047594142153350684
0.012110809670911698
0.00094716840013544927
-0.00014316100064644613
-0.0058303556836826892
0.003241675408585091
0.0059074836274079388
0.031820980493334886
0.012137027302953952
0.008666895971610248
0.0090902675429522361
-0.0023605473872369822
-0.0028385592835247684
0.0043278178243016628
0.024719381271670598
0.00053477350665191324
0.0054534379177832056
-0.0064549839273010615
0.013037631350533114
0.01775945904698719
0.0039144747828685775
0.0011942294789779521
0.0022566027073887508
-0.0036957783548916645
0.0080028199387625724
0.33086626988278933
0
0
0
0
0
0
0
0
0
0
0
0
0
0
0
0
0
0
0
0
0
0
0
0
0
0
0
0
0
0
0
0
0
0
0
0
0
0
0
0
0
0
0
0
0
0
0
0
0
0
0
0
0
0
0
0
0
0
0
0
0
0
0
0
0
0
0
0
0
0
0
0
0
0
0
0
0
0
0
0
0
0
0
0
0
0
0
0
0
0
0
0
0
0
0
0
0
0
0
0
0
0
0
0
0
0
0
0
0
0
0
0
0
0
0
0
0
0
0
0
0
0
0
0
0
0
0
0
0
0
0
0
0
0
0
0
0
240
0.89432174107401341
0.090373609452502709
0.2208228347504832
0.207996557549224
-0.04208017666176022
0.12958319836265753
0.082016115110939369
0.11752563942718436
0.0053468657653571571
0.084270789327411527
-0.012810190469437415
0.029782250225045589
0.03461385982915418
-0.012201555457780925
0.066962097932554171
-0.051913602138151542
0.018960258695301657
0.043656449536930868
0.027172933849296903
0.035469563417882266
0.0011843085683668046
0.10652138684956099
0.049708124618193114
0.040681426126427847
-0.017034329200074017
0.030433960190951095
0.044101422156589937
0.030576930433166054
-0.026796503667066086
-0.010726370589241904
0.016194484296475211
0.025873998747045848
-0.0038102066941686423
0.021100916605001564
0.051773650863537281
-0.0081794244983123907
-0.0044919433900511016
0.001437641792129387
0.0054069266265163209
-0.0019656937391162345
0.016181219655310431
0.045062226910443454
0.01186863177670977
0.010296842615316255
0.0095561860233172487
0.0090329066878231147
-0.0036573951494250369
0.0049653324924446114
0.00088494648282616561
-0.012652174606908267
-0.0015763698455455426
-0.0036001893053782194
0.006265099212729555
-0.00093259828576672471
-0.0033128977163839335
-0.0035969311387116696
0.012089389437016792
-0.00035369595287961192
-0.0090480793541287095
0.024991586697239689
0.0098523554943706904
-0.0057228752645597653
0.0024082064767939099
0.0093672047884282347
-0.0065087707671162088
0.0097777569515671674
0.013846757100771802
-0.00070085586958416109
0.0078570744960524755
-0.0044657521245703817
-0.0058517926659231532
0.018342703383625581
0.0043809152692431564
-0.0030967782869086055
0.0075809110336482665
0.0022869122682860682
0.015332273207121532
0.0016847389196101839
-0.00010337073969977888
0.013843648927596486
-0.0076027720158587742
0.0061483144555983457
0.00097500119590169046
-0.0061964747415825085
0.0015460578784830461
-0.0072092314705549639
-0.00081193172336305652
-0.0028668807187675737
0.0048200073410335238
0.0020892214314678021
-0.0076839318277665131
-0.0027334634750585739
0.008567393958087902
0.0012549535953417297
0.017813473583440622
-0.0035937819568537116
-0.0043123920134198121
-0.0020343895123619104
0.0022292040760646735
0.0096239384794988472
0.011161205922582702
0.0002554382956506038
-0.0037246140190604488
0.33015309392837644
0
0
0
0
0
0
0
0
0
0
0
0
0
0
0
0
0
0
0
0
0
0
0
0
0
0
0
0
0
0
0
0
0
0
0
0
0
0
0
0
0
0
0
0
0
0
0
0
0
0
0
0
0
0
0
0
0
0
0
0
0
0
0
0
0
0
0
0
0
0
0
0
0
0
0
0
0
0
0
0
0
0
0
0
0
0
0
0
0
0
0
0
0
0
0
0
0
0
0
0
0
0
0
0
0
0
0
0
0
0
0
0
0
0
0
0
0
0
0
0
0
0
0
0
0
0
0
0
0
0
0
0
0
0
0
0
240
0.85058513600754049
0.30441889224254393
0.25692418593633337
0.11306640612510119
0.044007038968306704
0.08309337751706608
-0.027400399081131312
0.15155317049919767
0.075139282900566359
0.0055446323399344164
-0.014240157584377215
0.017148521013434639
0.11219259593393666
0.11499350650631579
0.033006768370655255
-0.023735567634585907
0.0070264828664966372
0.0065550067143718468
0.069638301259768734
0.056201701079700489
-0.0086710643021966974
0.038935215893824864
0.016972517078628672
0.050928093786267649
0.019036586912380953
0.014799226112257095
-0.010092458119791824
0.011787071582537941
0.011875372467909267
0.018212617659295702
0.034881358118084779
0.019508375388437568
0.0042101951323522749
0.012812061543172016
0.014666425772049255
0.02096488832927515
0.0059562075290481619
0.032569262494735157
0.012898181053467947
0.018283705629792896
-0.011926437865429535
0.018176459086644413
0.0030600602654220627
0.035614068025433744
0.018766740645243734
0.0057848877555114284
-0.0068819537603630777
0.033926195255946069
-0.0089155468638509473
0.021051634301726411
0.022823901258234535
0.019168370676614699
0.011845450691773722
-0.0087389762358260365
0.01649855587505196
-0.0032944491007864301
0.033253979462894184
0.014350644166904467
-0.0034519549387460342
0.011404123343404878
0.00076683416021588113
-0.0094050202879687322
0.023278807209608787
-0.0071684769995331542
0.003915539318867285
-0.0071516981991174601
0.018712389399459881
-8.4623058143170867e-05
0.012119700915988452
-0.011075333008875995
-0.0027814785669779464
0.028372179490612236
-0.0068466092368393745
-0.0079308840951969328
0.0023973067309030764
0.018761310472581953
0.0039719262271082209
0.011668889816425894
0.0050850222886914811
0.0030458191657332231
0.019067077054437703
0.025560208587680735
-0.0027560244356261963
0.0071002124470418253
-0.012212581157363504
0.0022357195780992449
-0.0052400846152573267
0.018645479182209001
-0.0017697437336834077
0.011479865841776947
0.0093550160114638393
-0.0015702998183097904
-0.0093126205191577834
0.0090213463519325052
0.017459956474474986
-0.0048232503635308038
0.0039306981918922649
0.0023716386092108139
0.010242314865426639
-0.00038734029845235155
0.0077914218239368534
-0.010140838319366838
-0.0032545386293642213
0.0013965373345658785
0.32982059516024903
0
0
0
0
0
0
0
0
0
0
0
0
0
0
0
0
0
0
0
0
0
0
0
0
0
0
0
0
0
0
0
0
0
0
0
0
0
0
0
0
0
0
0
0
0
0
0
0
0
0
0
0
0
0
0
0
0
0
0
0
0
0
0
0
0
0
0
0
0
0
0
0
0
0
0
0
0
0
0
0
0
0
0
0
0
0
0
0
0
0
0
0
0
0
0
0
0
0
0
0
0
0
0
0
0
0
0
0
0
0
0
0
0
0
0
0
0
0
0
0
0
0
0
0
0
0
0
0
0
0
0
0
0
0
0
240
0.85808824032084707
0.25620141686203152
0.27838782052166111
0.1768062688733365
-0.046318721508834225
0.076876400234454995
0.018631600882928839
0.15015664940700296
0.055071116820136941
0.067804161622361483
-0.0098745728109597662
0.0035704063145164558
0.051198878433693112
0.00045453055745238799
0.074216661356858712
0.0071125352594924984
0.069540430151079843
-0.0054668135606558638
0.0077547238042851001
0.072621508512488955
-0.028049270960167724
0.028352655258003678
0.0045341720415838791
0.041165945317765171
0.012910960822790557
0.0038976045421918628
0.0023895631647601915
-0.0096802718107368221
0.014658555215190348
0.00097646879083083526
0.015102394489049839
0.027087502893242955
0.0092735859913713522
0.010299540398531455
0.0068888195022490627
-0.044832987531978959
-0.0022131777618009311
0.02920824786451021
0.018133124953192095
-0.0042687130841132957
0.0073759995988256499
0.023737061112195378
-0.010001694280847188
0.0046366114738874645
0.011043825701276308
0.015407424898575462
-0.022923032378192338
0.0080261734448624517
0.00073634270593716112
0.0037312796072252155
0.0095810249909786521
-0.0083363894649645335
0.0067716503131342778
-0.018157867030565981
0.0074858910937144673
-0.020259674819388392
0.025549432757899115
0.015055257358058322
-0.0077732256202612962
0.01272192052466445
0.0099115003789154148
-0.0172384891471647
0.035403160566857085
-0.0043155762962766766
0.0066935262963885387
0.00090726951427623059
-9.3769197638932065e-05
0.0052523462027802758
0.013809791913949803
-0.019372529461588458
-0.014175878565338395
0.031917343619136049
0.0059690639414368219
-0.010120864220978021
-0.00020348201006790907
0.010922097654630623
0.00044774773497987088
-0.0026552769242269114
0.0030203804135911904
0.003616810329124013
0.0098488865483890055
0.02483853398468169
0.0069189555937210464
0.0034696332547743242
-0.0043581706435213401
-0.0012789978858959896
-0.0026750932790537397
0.0079743519453282403
0.0081295791661178483
0.00090183035672856135
-0.0086146087174628037
0.004035199122343085
-0.0028827639612866744
0.0037258342539019996
0.0087626013961359731
-0.0091216538031689484
-0.010602629274045344
-0.00022876198242117882
0.0079603790469931456
0.0030706253737524296
0.024548746775720016
-0.0050153362546831066
-0.0057589751387653633
0.014597733469797015
0.013220734927951939
0.33754337336680246
0
0
0
0
0
0
0
0
0
0
0
0
0
0
0
0
0
0
0
0
0
0
0
0
0
0
0
0
0
0
0
0
0
0
0
0
0
0
0
0
0
0
0
0
0
0
0
0
0
0
0
0
0
0
0
0
0
0
0
0
0
0
0
0
0
0
0
0
0
0
0
0
0
0
0
0
0
0
0
0
0
0
0
0
0
0
0
0
0
0
0
0
0
0
0
0
0
0
0
0
0
0
0
0
0
0
0
0
0
0
0
0
0
0
0
0
0
0
0
0
0
0
0
0
0
0
0
0
0
0
0
0
0
0
240
0.84290254261826203
0.43436776240395092
0.033408448417513725
0.023640224692887284
0.18633336316515681
0.029817580034729261
0.047885191801184272
-0.034030081318024465
0.066756707669999027
-0.00084642168431191083
0.071178939239271655
0.0026589876727568999
-0.03685635298052984
0.0010922029832870009
-0.023847403141574169
0.10580308084107594
-0.00097875443166478972
0.021103412263573231
-0.021748808917354187
-0.0063744846519230569
0.035675040293531003
-0.035959540001636175
-0.010990490678786578
-0.021625866119014684
0.0077237011886943869
0.00074275174769884722
-0.021473376578353087
-0.017112321809230301
0.039850688458761607
0.060017491822390683
-0.0015475477802004286
0.0056787150322321301
0.024306363100386363
-0.015716454706834825
-0.016740911325213024
0.01563314236885285
-0.0041918505340899255
0.01009123954955503
-0.00082620529931419875
0.014976922369629244
0.010234660489346934
-0.010677858038408632
0.0018933453702647998
-0.019940823730504317
-0.0093159807310073048
0.0082482571998205474
0.020049859635016223
-0.025354999045054512
0.013817072990414037
0.036601538313849956
-0.0073962421149514693
0.0014248719253174144
-0.0033511038238666535
0.013719125124879711
-0.0041500713893771572
0.011758153052035458
-0.017055939047778024
0.0049578402955484744
0.007481188449105761
-0.012523686926061274
0.0047604897166206965
0.023246457787666
0.010882786682843478
-0.0063373232199471332
0.023262780359273937
0.00038763744185756375
-0.0097790036082402235
0.0087808101227039945
-0.0043826457561908453
0.020898004880766343
0.010081837486918153
-0.0081736965798109851
0.015337939079946905
0.027387612242028805
0.0012439622794224985
0.0050961894643986438
-0.0062130777468597251
0.001538888081341692
0.01349071853145885
-0.0096548521391829692
0.0015723989636794674
-0.0031636193063116031
0.0086795053754294745
0.0070430493873962019
0.016799293301167643
0.029481641139746637
-0.007934049476329301
0.0020628545080538206
0.00085096631542369528
-0.0080646042290038571
0.0053564203550373829
0.014056427159091195
-0.0007022834872305679
0.0016110244774363979
-0.0036665615746262576
0.01856576055456086
0.0022199855617765383
0.0041956543731595944
-0.0015721155335470527
0.003437187422005464
-0.0010609673315041051
0.0042619547682952019
0.020961050568479678
-0.0047543243089686917
-0.0037230999205219084
-0.0010857407966777173
0.33966115098922484
0
0
0
0
0
0
0
0
0
0
0
0
0
0
0
0
0
0
0
0
0
0
0
0
0
0
0
0
0
0
0
0
0
0
0
0
0
0
0
0
0
0
0
0
0
0
0
0
0
0
0
0
0
0
0
0
0
0
0
0
0
0
0
0
0
0
0
0
0
0
0
0
0
0
0
0
0
0
0
0
0
0
0
0
0
0
0
0
0
0
0
0
0
0
0
0
0
0
0
0
0
0
0
0
0
0
0
0
0
0
0
0
0
0
0
0
0
0
0
0
0
0
0
0
0
0
0
0
0
0
0
0
0
240
0.8698997061567959
0.30556045810024629
0.22893773326898167
0.13648278337507214
0.025605732523157319
0.069466651653248779
-0.047034751093333001
0.1357349574641398
0.10175657162460301
0.0032882083138328177
0.032885478985106416
-0.014793310302874429
0.054066369658097461
0.044128816233699124
0.056615639855607039
0.0012760678049826817
0.041614757809162191
0.0067516141409612812
0.05003478003393013
0.052879707421539801
0.01204759168078016
0.043510307043365663
0.013573098221650745
0.053236150447176521
0.013569253308675748
0.021384998098168038
0.0042789301221265643
0.018854809047408903
0.0096477945210269762
-1.9256102709688604e-06
0.015339886246579547
0.0062861226573168952
0.0064499766399156886
0.02571688561377488
0.013592034218155762
0.01384055282377878
0.0026751475342064999
0.024102152772829202
0.027969167809071972
0.0047902358240862128
0.0038979136278480598
0.013332607321140305
-0.012142894654233648
0.032906473770499899
0.034240104667993425
0.0099090374321079578
-0.0029783068544088401
0.037655911196649121
-0.0036974419162196931
-0.0037468842171159548
0.027674049989552404
0.020026820441603366
0.027582424865406744
-0.0067565019128560475
-0.0067202662645446084
0.0044077728895549314
0.017319401518678737
0.0035719784131435783
-0.013072907165940879
0.013550367866792918
-0.0048939055930451248
-0.00012087700240425231
0.005517152212174142
-0.0029601524035153676
0.0050882933890999864
-0.0011798656070018969
0.0051444907278482043
-0.010241846940794238
0.0069441391738881055
-0.0073736993299136832
0.0034980198387850867
0.0078954854438047575
0.0051151553800742487
-0.011396911754239897
0.0025224745980696227
0.014598549026474736
-0.0088601845072216311
-0.0012329600101480041
0.014876149929764522
0.005710131924563217
-0.0041409898927216859
0.019809027853723678
0.0030869227235612831
0.011099767773639481
-0.0038204997458697637
0.0018511639666412118
-0.0041701999691530611
0.013774148157533868
0.0032502024352569123
0.018880378858545117
-0.0012267344403948325
-0.003099185040758391
0.0080060522691383276
0.005443575252198133
0.018190525369673499
-0.0015112204634853757
0.0045847646331647176
-0.00069991337158233178
0.014658924427228529
-0.0035615841569291481
0.007899858823096231
0.0074062624772885484
-0.004549172149163545
0.0058649809848841921
0.012111044093976821
0.015068283874216427
-0.0013344642519020949
0.32662809770507112
0
0
0
0
0
0
0
0
0
0
0
0
0
0
0
0
0
0
0
0
0
0
0
0
0
0
0
0
0
0
0
0
0
0
0
0
0
0
0
0
0
0
0
0
0
0
0
0
0
0
0
0
0
0
0
0
0
0
0
0
0
0
0
0
0
0
0
0
0
0
0
0
0
0
0
0
0
0
0
0
0
0
0
0
0
0
0
0
0
0
0
0
0
0
0
0
0
0
0
0
0
0
0
0
0
0
0
0
0
0
0
0
0
0
0
0
0
0
0
0
0
0
0
0
0
0
0
0
0
0
0
0
240
0.82382981667219368
0.37716579716651616
0.25934261935378011
0.08586954572489236
-0.0062523209153554863
-0.0028602638386735118
-0.070747932832761831
0.11702452336323398
0.13739500863349943
0.013077168176023711
0.045999836549375221
-0.00046886033808204178
0.075388287455402922
0.034195154258447644
0.054731961292597282
0.030220609219333536
0.093473126290696207
-0.042607998757103201
0.055294612554971617
0.068582086894380889
0.0088792041226554222
-0.0073846712247281855
-0.019455629793145277
0.040144961707499323
0.052239646182607194
0.0005030146297971827
0.0090861822402297041
-0.009981756221864346
0.02589800729419937
-0.0012537758030192856
0.007699446433655271
5.8838797022862905e-05
0.016356409301762902
0.02829181523585346
-0.00682828825606604
-0.033173132009102699
0.011362229093781595
0.027365663683606347
0.020655007654698358
-0.011833824188026663
-0.003969024515396791
-0.0019113649129813386
-0.019791922743219881
0.018468987375346978
0.027052123542888287
0.012724315283935753
-0.010028404542768436
0.041758559018003821
-0.0023205211800972152
-0.015565988356186318
0.039584358754693717
-0.0062836054529936975
0.017905221926438446
-0.017710533914317296
0.0077187608350577312
-0.0094711983408808671
0.025834042034485735
0.0096382565309343603
-0.0079456845173450311
0.0088837023352379071
-0.0021620206158281825
-0.01368250128757725
0.0099250141047656695
-0.0020382108770806706
0.0023276859991697772
-0.00096115938518647457
-0.0058434583446968277
0.0041405613289852089
0.012268976344825785
-0.018668480656326068
-0.0089918529854712582
0.013747922301825985
0.0079807630234198391
-0.0097271006732301581
-0.0031747735708202145
0.0041623539751409425
-0.0078310596824207324
-0.011225854917737949
0.010506467079013513
0.0023110971904237504
0.0074294729489816948
0.018977419927464659
0.0059023666742021126
0.019697254093686514
0.0052135017091338495
0.00080768664595296284
0.014155353254722896
0.0044741987350698821
0.0050206410664290048
0.012426149458312389
-0.0096536009349143907
0.00095847268974279276
0.0043531516407149234
0.0025279324729974404
0.0055449546415418383
-0.0085922043732793978
-0.01105810971544968
-0.0017223602927188496
0.0046341876223067614
-0.0043279392404489015
0.016620200146343553
0.0041500886226281362
-0.0076826147263773159
0.0029243993497268255
0.0083996384365000957
0.028472571147446446
-0.0024943805876401887
0.016693694426597107
0.33790842763855411
0
0
0
0
0
0
0
0
0
0
0
0
0
0
0
0
0
0
0
0
0
0
0
0
0
0
0
0
0
0
0
0
0
0
0
0
0
0
0
0
0
0
0
0
0
0
0
0
0
0
0
0
0
0
0
0
0
0
0
0
0
0
0
0
0
0
0
0
0
0
0
0
0
0
0
0
0
0
0
0
0
0
0
0
0
0
0
0
0
0
0
0
0
0
0
0
0
0
0
0
0
0
0
0
0
0
0
0
0
0
0
0
0
0
0
0
0
0
0
0
0
0
0
0
0
0
0
0
0
0
0
240
0.89082638407893822
0.16552370847355033
0.096464092305695873
0.11075239528663432
0.077125307074061067
0.098964511500887281
-0.019876674751699026
0.056873033629946862
0.20443271185617218
-0.024371616714692693
0.063897405964871576
0.020524180550321878
0.012110201013281753
0.084465857318363521
0.074633140685361976
-0.0010712901694898626
-0.04839858046245496
0.075662937076912795
0.019307798694084638
0.041472105188588008
-0.0077891298105865064
0.053354134871832624
0.071058882649902233
0.061926754374877248
-6.4349617653906133e-05
0.016202886062513841
-0.02803412585583789
0.052552647566971727
0.030996368485504949
0.0028583333456002457
0.0076530715705544596
-0.012769419911095052
-0.0024867823592744083
0.0088482509872723995
0.011412925769387723
0.052559413000370959
0.034474166621523895
-0.0039529579553130119
0.050868284449416476
-0.0069614276438761946
0.031092557267510923
0.010342138494580155
0.00028563041022450783
0.049208001712247026
0.042828399335026954
-0.008182835452278105
-0.0042994319803357009
0.01911028173343143
0.016851404416028837
0.0055302094718391159
0.009395251842837446
0.063378402984177545
0.023833486903740122
0.0093477373914267071
0.0031657282729022976
0.014024454942937447
-0.0099517398438004803
-0.0099035780971284387
0.026059848517050586
-0.00035969665517114813
-0.011804740072997012
0.027351299617335175
-0.015138192726898951
0.014891277758560622
0.010088648515450578
0.001300204548158327
-0.0039533640468821631
-0.029897536619798205
-0.012571901697115768
0.010372040051967473
0.026230553756345001
-0.021105282693951732
-0.016291417473588601
-0.023470705212384327
0.0036256589428994785
0.013579530717386587
-0.010738009588756255
0.011899406707538166
0.018986246342770144
0.0023410848155506927
-0.018103113204278678
0.0089017185433163826
0.0085293831725084205
0.012615356319003833
-0.0071671031109669815
0.017387717433305257
-0.017574899462868318
0.017463427922720594
-0.00029086037805568581
0.018449828151268565
0.022879898140960558
-0.0067511733744190297
0.0081267365053151221
-0.0031965715826066318
0.022293801094641543
0.014294794787641915
0.017936699374397014
0.0072184584342888398
0.032590570150418358
0.00060079972462520679
-0.010568741790664551
0.032976900951243053
0.0027356242970335292
-0.0011153573372098598
-0.0011520155940757694
-0.0096365672521591013
0.00039410757291596335
0.012195539541860072
-0.0055235348294844222
0.34790387197860922
0
0
0
0
0
0
0
0
0
0
0
0
0
0
0
0
0
0
0
0
0
0
0
0
0
0
0
0
0
0
0
0
0
0
0
0
0
0
0
0
0
0
0
0
0
0
0
0
0
0
0
0
0
0
0
0
0
0
0
0
0
0
0
0
0
0
0
0
0
0
0
0
0
0
0
0
0
0
0
0
0
0
0
0
0
0
0
0
0
0
0
0
0
0
0
0
0
0
0
0
0
0
0
0
0
0
0
0
0
0
0
0
0
0
0
0
0
0
0
0
0
0
0
0
0
0
0
0
0
0
240
0.8619240398930782
0.31163683445253615
0.16495149475478407
0.10241690673441126
0.16780495422903449
0.010967791501697409
0.032593661476193803
0.13315453137221453
-0.0029336600548024285
0.045644326851838855
0.028328471713266495
-0.00068454910291861927
0.1052395502551144
0.053704253193268901
0.026670131648239444
0.073378369024773127
0.035857337573737817
-0.0037085105441115184
-0.013609437153787039
-0.017729017835577079
0.0034101509499506783
-0.016770709651788108
0.0088989052554644156
-0.011905005175457591
0.043817096005163238
0.034528724402505345
-0.0061548437287363865
0.027799104440423796
0.031081398986269299
-0.027381005969262438
-0.014586455756857832
-0.012232878024624127
-0.01703993369151249
-0.0082941495898893759
-0.010268533006271485
0.021550675090678574
-0.0017070365543436741
0.027378577290612816
0.031782128286010208
0.08853279213962896
-0.00090047474151677741
-0.0088786998303985749
0.0046353042695057465
-0.0059601952743796715
-0.0061338019885690542
0.0077795186669327738
-0.0017633370113213941
0.016281411287538478
-0.011811352635284853
0.023286722623129537
0.030405606452486841
0.028612869945867047
0.02148944576466132
0.007658738491985507
-0.019098038749549656
0.0055326237298474953
0.001990988755474276
0.023003904780511768
-0.019448177743569758
0.0032859969932895763
0.0015998732125828269
0.014130498167282003
0.022804933054288455
-0.015302712970915674
0.029636204419707376
-0.0049991689482796319
0.018937454053722373
-0.0083162092242413319
0.0043478330163420568
0.0074263009438388147
0.021890206220040613
0.00033564316869791523
0.015479411339981517
0.017775692577139544
-0.0068641662595765882
0.0070065424192590894
-0.0048229264172806032
0.0043617289910962568
-0.00033486657332032813
-0.015123446544687027
0.013100598386915878
0.0068946830319389987
0.0073159133567763726
0.034375608388889548
0.0084368475671085571
0.0089964284661746066
0.004753962972574759
0.036147092438765765
0.01443681049284665
0.01204276159856224
-0.0058003063921950411
0.023935390909241669
-0.0034663399499738215
0.0091984839394382879
-0.0063006061069486264
0.0030451961279908059
0.03693510250552462
0.0055842241566824106
0.01265751227365818
-0.0010597201724617225
0.0032331926898863149
-0.0014845329729247488
0.011370313136191941
-0.0031151944131157564
0.010352111694585242
0.010636441535067197
0.0081851706806956668
0.0063849252285649739
0.0055786520570336859
-0.011117721331844924
0.34444741788066746
0
0
0
0
0
0
0
0
0
0
0
0
0
0
0
0
0
0
0
0
0
0
0
0
0
0
0
0
0
0
0
0
0
0
0
0
0
0
0
0
0
0
0
0
0
0
0
0
0
0
0
0
0
0
0
0
0
0
0
0
0
0
0
0
0
0
0
0
0
0
0
0
0
0
0
0
0
0
0
0
0
0
0
0
0
0
0
0
0
0
0
0
0
0
0
0
0
0
0
0
0
0
0
0
0
0
0
0
0
0
0
0
0
0
0
0
0
0
0
0
0
0
0
0
0
0
0
0
0
240
0.89336733480957375
0.21472373509634221
0.14391404811966979
0.20301393825887501
-0.029574540815715873
0.068181438482558421
-0.024834111013088536
0.031504638009585674
0.12935190277038197
-0.036669495214169991
0.035218107073926905
0.069927742573245591
-0.040754622643071149
0.040535481422608731
0.040412717631131079
0.029712986040376786
-9.1216360623595942e-05
-0.0012129118661454938
0.035147010683855735
0.11083898763399831
0.039253053654713037
0.010576861431678233
0.012226870393503748
0.064029410825868327
0.010343462191389331
0.036300202079746026
0.0025307278753232483
-0.014349336382155171
0.066754650901302434
0.031254214376515141
0.013239923581152235
-0.027374678917576507
0.03553609482026715
0.012795963356728649
-0.004164555397187201
0.0080413274113444299
0.034062919865697115
0.02312532183805352
0.044613796659654772
-0.022942448706083557
0.013334598395348771
0.0019271807904404537
-0.023364056101191157
0.0370883746674514
0.01655812185942988
0.0014629204113663424
-0.0041474598659039848
0.012874403613526647
0.011038929216164721
-0.010122052121567082
0.0074843530458798763
0.010914375216462971
-0.00044920810780272908
-0.025799015500007478
-0.014046099570034068
0.0026314555426995372
-0.0053638448617003218
-0.011216647600026273
0.048410027780494094
0.0078399033090667848
-0.00041659815658183177
-0.0016056394546309905
-0.0024369919431701751
0.0084667815788240647
0.017452136997178746
-0.0080771645691661894
0.0035718718432069764
0.027381097711187546
-0.0040469624911932912
-0.014574087817854799
0.0053141272939605686
-0.0022946925613357245
-0.0036309004093131613
-0.012249949445463612
0.0093672885109318815
0.0014920406899235758
-0.013064224720450351
-0.0071700254442109588
0.010117689627596134
-0.005595155505662021
-0.010322010140399308
0.015591316164794474
0.010655744448074045
0.011233930966532808
-0.0073816001623328948
0.012866808001474
-0.007910161302132044
-0.001689061913359639
0.011014822896437192
0.016014533130870565
0.0055186741345351715
-0.010783193706871469
0.0099203225567956171
0.0013961053575842434
0.0054316106742832056
0.0010920452959222238
-0.006051475714088708
0.004715842181154067
0.0073148277395584799
-0.0043832615160581843
0.0082873621211272328
0.0093857248845856667
-0.0074996263700238255
0.0054949672026800974
0.0034355536497522082
0.0095282572389652036
-0.0010249590501042888
0.011437459340506113
0.011320488297658041
0.015697096296081698
-0.0072306120509372292
0.33544348831790172
0
0
0
0
0
0
0
0
0
0
0
0
0
0
0
0
0
0
0
0
0
0
0
0
0
0
0
0
0
0
0
0
0
0
0
0
0
0
0
0
0
0
0
0
0
0
0
0
0
0
0
0
0
0
0
0
0
0
0
0
0
0
0
0
0
0
0
0
0
0
0
0
0
0
0
0
0
0
0
0
0
0
0
0
0
0
0
0
0
0
0
0
0
0
0
0
0
0
0
0
0
0
0
0
0
0
0
0
0
0
0
0
0
0
0
0
0
0
0
0
0
0
0
0
0
0
0
0
240
0.8968985381857808
0.24539317138661362
0.15643537837941709
0.21883868917247132
-0.021030988050322854
0.094871695635985298
0.012780260207611218
0.054512753088153794
0.076780154088153724
-0.0062757645409656296
0.022171592015639521
0.030193711911523625
-0.052309106470227594
-0.00016161734497746415
0.039952782377904054
0.04062812533544035
0.020363982938938513
0.014163572226914884
0.0046985045634225144
0.086912133395037158
0.020494365531786494
0.016465191845303182
0.013522028160177458
0.045139520052350265
-0.0024130802034806249
0.033144133649876159
-0.0048584463203698051
-0.018859103425984975
0.048713259633682275
0.030865182610490812
0.009899971303427452
-0.0070307187994821637
0.031184569502881076
0.0040304098241134055
-0.0029722079633955484
-0.0050692662913935605
0.0074870270668851097
0.028055110553706266
0.034456755594351664
-0.013222701044035013
0.020758963429023607
0.010753537970118597
-0.020927273757308251
0.016257760275528568
0.012564958916499861
0.0092895707648218435
-0.0084222573923873004
0.00033653097366893533
0.0088477250725443133
0.00086082903299916538
0.0038511834143055068
0.0047586501733393096
0.0034781700330231719
-0.02204914630048815
-0.016718846599092174
-0.0015671934521075048
-0.0059102496313141106
-0.0064632664947479766
0.024962332806000895
0.0037514800979282555
0.0060316636328369448
0.0001111679223793276
0.010930967795344571
-0.0010602438033498361
0.022184245277403938
-0.0063381876385584955
-0.00031748737815168296
0.019392317524426418
-0.0012793073851783592
-0.011697862267902297
0.0027711474563090898
-0.00041425437222545447
0.0061537500961387666
-0.010811599985905329
0.0097687532176023942
0.0082050523643993501
-0.013410211271916338
-0.0044506894823042901
0.012581719173166566
-0.0058937021934394465
-0.0091824390878873872
0.016889859592952125
0.010913265769186395
0.0047672853152169051
-0.008048331631229871
0.010605052618605327
-0.010310098291402902
0.0014741947117275084
0.011547554849639633
0.0091154346353317529
-0.0010287065415106049
-0.0067796448781860894
0.0089278730933327975
0.0039266213805055029
0.00027270047529517313
0.0042172954760067299
-0.0044154773604491515
0.0025727401221752482
0.0075919653251313671
0.0037399442390162758
0.012603619167333373
0.0046646368235516685
-0.006493200532254953
0.0079887963310910238
0.0049527390608592311
0.017268777833440118
0.0048756316114732757
0.014334891260383969
0.010676500339874584
0.0094243851044362864
1.6076630587196883e-05
0.027933160568826471
0.3310837038791476
0
0
0
0
0
0
0
0
0
0
0
0
0
0
0
0
0
0
0
0
0
0
0
0
0
0
0
0
0
0
0
0
0
0
0
0
0
0
0
0
0
0
0
0
0
0
0
0
0
0
0
0
0
0
0
0
0
0
0
0
0
0
0
0
0
0
0
0
0
0
0
0
0
0
0
0
0
0
0
0
0
0
0
0
0
0
0
0
0
0
0
0
0
0
0
0
0
0
0
0
0
0
0
0
0
0
0
0
0
0
0
0
0
0
0
0
0
0
0
0
0
0
0
0
0
0
0
240
0.91451528876879884
0.062231157446633815
0.15198161680526137
0.19099208932373185
0.00086366096833371793
0.11144440669558558
0.15226275938076592
0.08324894278348266
0.021811270664046731
0.11749822081810637
-0.00030791948124926134
0.039707313916942794
0.0129963072927732
-0.02581730170859229
0.080003240413703866
0.0033661001030959171
0.0084291752600862344
0.064802153083254238
-0.036399190001521406
0.0091999469307511433
-0.03626577881471918
0.050997782270310064
0.066816556632172452
0.0064654752003333532
-0.0056763759250036934
0.012984944540371121
0.0034088953640584595
0.027043976322454193
0.0011965505111210068
-0.015997394864854412
-0.0080230721210833127
0.016212889942405502
-0.0099673957859125438
-0.0076506307718610354
0.016853465295705305
-0.02656881149819474
-0.0022694793898553325
-0.001779578581382244
0.021626697480682806
0.013590823671287213
0.04252090896924747
0.027284970655891805
0.018060905682778593
-0.013630086489548504
-0.00038170446886105433
0.0049956238595733927
-0.013170006908615261
-0.011883404074827391
0.013052562453266164
0.0048830942690648374
-0.0017358318982350698
0.003418747342522815
0.0038049339716122719
0.0053704872466353946
-9.9461629915064827e-05
-0.0089842271014816504
-0.0045548591079905016
0.0051246250025710639
0.0014640094674264717
0.0023500137899762144
0.023463358223767636
0.0061524029777849246
0.018626320115122372
0.0082973123961114607
0.012686088939988965
0.012729166946637772
-0.0036982667564656436
-0.010352187382690156
-0.0012554598762768796
0.0030928913957458818
0.0020292171402304686
-0.00096978187828757674
0.0024467637196878226
-0.0052346605106367754
-0.00047674793603987747
0.0030720908624335842
0.015042579411589374
0.0078288216278260998
0.0015070062293300306
-0.0011109986908231489
-0.0062000454461792103
0.0015042165161866859
0.012239653491771431
0.00047278240417614252
0.0044794020977572558
-0.00051862242199169468
-0.0010201621138930246
0.0061507753104403486
0.015701533742389705
-0.0033489593959110673
-0.0081473362263504937
0.0082659037517021101
0.0012407465768716336
-0.0018408548401696594
-0.0017122309698520935
0.0055199295896154743
0.0016994134185863575
0.0033420976199592793
0.010257707518135926
0.026245030624226222
0.0063577669310255786
0.0055118545338781657
0.00033098043007209884
0.014826270716796068
-0.004066528896824826
0.012809068943776918
3.435523643453799e-05
0.0021347480226747606
0.002583634436384864
0.0014333659567251234
0.0071631543222018578
-0.00042168240875404438
0.005780870026542575
0.330884404590706
0
0
0
0
0
0
0
0
0
0
0
0
0
0
0
0
0
0
0
0
0
0
0
0
0
0
0
0
0
0
0
0
0
0
0
0
0
0
0
0
0
0
0
0
0
0
0
0
0
0
0
0
0
0
0
0
0
0
0
0
0
0
0
0
0
0
0
0
0
0
0
0
0
0
0
0
0
0
0
0
0
0
0
0
0
0
0
0
0
0
0
0
0
0
0
0
0
0
0
0
0
0
0
0
0
0
0
0
0
0
0
0
0
0
0
0
0
0
0
0
0
0
0
0
0
0
240
0.85628713792990341
0.17155385498620326
0.21721904605285178
0.11820810781678391
-0.06145845600896821
0.027781213602464102
-0.035944096332317627
0.048428781710362516
0.17916292862817076
-0.0083164116806604352
0.014492947869907272
0.12164332328886551
0.060815604780703747
0.1238669127275384
0.047208936485126439
-0.023136723152441533
-0.021119376229838671
-0.029819902254562748
0.10358565405166911
0.13296123553029907
0.040911922787750375
0.0052535711133209605
-0.0060881851011325714
0.0791212925260288
0.040217767765317304
0.0047103792214519061
0.02459503484642769
-0.011549466052558527
0.06596897454895255
0.029872053585276177
0.036726444979315327
-0.030341896440533492
0.037778043035035409
0.030992460088173048
0.0013846545451113789
-0.0070393975559682031
0.062869399266572701
0.021934716304935955
0.028906928436845742
-0.032481423547080418
-0.012195041763695463
-0.00063753608770160169
-0.0074438409286830855
0.053054415032793026
0.0010963232697726252
-0.0079630534744360021
-0.002942628239831214
0.032094509130070593
0.016942197633129756
-0.0010362446326714844
-0.0097649416697107166
-0.003155031265405635
-0.029368521556601808
-0.025937369173567697
0.018043728867560345
-0.01070849988295647
0.02267527494597554
0.0084257218474035212
0.042250413210367564
0.018349863083048118
0.0089714213572225695
-0.021389574537987968
0.011492697171022659
0.02528083916614585
-0.0069007578894784254
0.0027928923526414338
0.0064080930250205916
0.037280395953195003
0.0030554244108705387
-0.021630800221800205
-0.011603475231415503
0.034618343021076858
-0.011239104958814156
-0.008805391898115713
0.0018286977970348192
-0.012784050182548143
0.0073664500319627971
-0.0026814171487797218
-0.0079077925341512287
0.0015583034309649719
0.022486409843909878
0.016180786664726093
0.0032551404501419481
0.0054273401174265625
-0.011436098528172973
0.0017073922773381
-0.0065912112682185156
-0.010722120473467779
0.0032840815928502393
0.0077808203778119804
0.019777218967702181
-0.016901031576392864
-0.00076485085074737584
-0.0031403813059408536
0.020414319292396673
-0.010201370930140416
-0.021046347921431112
0.0047758550175764723
-0.002665716068294465
-0.011358980950410682
0.009765297057959043
-0.0045434465469758323
-0.011404040591573558
0.0019872724700316781
0.0099583184363074909
0.0066828038591106743
-0.0064223612627087355
0.0034586199404830599
0.012475740038980323
0.0027636085868719172
-0.018194980721253196
0.02625028774569994
0.0075369924627674278
-0.011137343339768178
0.35146200105272507
0
0
0
0
0
0
0
0
0
0
0
0
0
0
0
0
0
0
0
0
0
0
0
0
0
0
0
0
0
0
0
0
0
0
0
0
0
0
0
0
0
0
0
0
0
0
0
0
0
0
0
0
0
0
0
0
0
0
0
0
0
0
0
0
0
0
0
0
0
0
0
0
0
0
0
0
0
0
0
0
0
0
0
0
0
0
0
0
0
0
0
0
0
0
0
0
0
0
0
0
0
0
0
0
0
0
0
0
0
0
0
0
0
0
0
0
0
0
0
0
0
0
0
0
0
240
0.87534221243371357
0.33499441320445977
0.11903052037021981
0.19889993115443633
0.036430781312000816
0.082785898442252023
-0.01377036614798979
0.043910503080179436
0.061693469313614482
-0.03565298421849198
0.041273801720000378
0.0016702958149377527
-0.067131359930616238
-0.0089285478699044456
0.018251850413463239
0.070431163483388445
0.033622062550648119
0.010733059626569523
-0.003396607296367937
0.062176234698706798
0.031816908735520295
0.0054554416684216376
0.0077465720407107258
0.03182463938081731
-0.0046906363150949655
0.043724793898821286
-0.013323084897233608
-0.016135091410540849
0.046202369177849298
0.036079627945308168
0.0015463909226784674
-0.0070538570065790179
0.028158868820595259
-0.00030279782256491754
-0.0078023093961182531
0.014777334949904993
0.00044767419083951797
0.028774070578373386
0.03275793046793047
-0.00013208091146826653
0.018268695881341307
0.0030097561612656377
-0.024163922964319295
0.013782707611951718
0.020089882413413251
0.013551638350904276
-0.0021055517763391594
0.0035377371137675943
0.00014399072777545216
-0.0028251111955429602
0.018969072041898703
0.012807603849050983
0.019873541160860993
-0.018503044819119342
-0.026516930849272438
0.0097984677024914469
-0.01341831001904864
-0.012736982895235279
0.018734928374251305
-0.0012939078861087423
-0.0040481126194132928
0.010613126786505177
0.00052969607551529884
-0.009673937062393681
0.030159839305189347
-0.01211646698071199
0.0015682805536635027
0.01330086549852042
-0.003547037847822284
-0.0052233932017560431
0.01159673363958323
-0.01369363292236027
0.011112683673706667
-0.004923880911666627
0.011418409187024244
0.015653988792038852
-0.018511347726378646
-0.0061554061132695539
0.023431645370190071
-0.010090198887100877
-0.015855369128903878
0.014230815293030529
0.01036611660193301
0.012624234284503683
0.0032106915067887918
0.017778954870511624
-0.011418513554690826
0.0065211556314258186
0.0097328294250797823
0.015143181740111322
-0.0042845957239792025
-0.0027128376597388461
0.011862962266418899
0.0072429228786468746
-0.0044157319640205249
0.0090860602266247988
0.0059128942683775955
0.0023788226232877795
0.0090815758590241137
0.0032234821752798112
0.0084224019538082107
0.0093966526302587325
-0.0025054773871820992
0.0036571692904736786
0.0032523947364983567
0.012883101158942437
0.010819644827964351
0.014918973677711764
0.010775831674403024
0.010759213250630034
0.0078516808427110708
0.026292259155887683
0.02872123119273912
0.0050120503085679668
-0.0051543603091555651
0.33522718486094016
0
0
0
0
0
0
0
0
0
0
0
0
0
0
0
0
0
0
0
0
0
0
0
0
0
0
0
0
0
0
0
0
0
0
0
0
0
0
0
0
0
0
0
0
0
0
0
0
0
0
0
0
0
0
0
0
0
0
0
0
0
0
0
0
0
0
0
0
0
0
0
0
0
0
0
0
0
0
0
0
0
0
0
0
0
0
0
0
0
0
0
0
0
0
0
0
0
0
0
0
0
0
0
0
0
0
0
0
0
0
0
0
0
0
0
0
0
0
0
0
0
0
0
0
240
0.84580014577980522
0.37436650097239338
0.22046671294759887
0.067477451239608799
0.04097509814358432
-0.0076795938646672338
-0.049986843098919195
0.093672076260393311
0.077658074810503838
0.028926640916257251
0.084483355735617494
-0.029881169373860404
0.06290315151436722
-0.026522969753613665
0.035308095752074713
0.027429563391637414
0.11442915394365559
-0.030648307164924355
0.057827726001831281
0.01106795300823289
0.059415120849257132
0.015860616690593916
-0.023941941473007048
0.01505760788263898
0.029525001662173391
0.016822138233313053
0.048928402827847904
0.013910101184378442
-0.012955078902024263
-0.02514114351760062
-0.0012851719941239161
0.0064104733076920063
0.0074572826110581381
0.04460872866843265
0.0060192053303698622
-0.0064699988441242412
-0.0023374538865363541
0.0087668998634990707
0.0084967992478838829
0.0027362789027156487
5.9201526555722579e-05
-0.0068865347434774607
-0.015470133217018388
0.0053706359993028379
0.028395498481726556
0.02225854132051008
0.016733052644007904
0.035841995501416958
-0.0017253691105899944
-0.03058555948433846
0.035063979183407985
-0.0075394128156558299
0.03361452784055638
0.0065241991813878427
-0.014438780618718063
0.011990573661415148
0.012743070282825996
0.0040382915524231015
-0.0228559042018571
0.014659118666244503
-0.0067573759112057137
0.001850607254304286
-0.011527219944385721
0.00028383769110264289
-0.0034752365091203726
0.008880393625796193
-0.0039155554434702781
-0.0037765797498790256
0.015754425550890225
-3.5044393749994644e-05
0.00039027658100157942
-0.0022963171398248045
0.032675811930784435
0.010170322160839414
0.00093580871129215202
-0.00093867974112084589
-0.011305339970042285
-0.016133778522612111
0.010966683658132971
0.0132212072915364
-0.0090190421219199599
0.00065288007138034608
0.0052656708476108479
0.011977940886665171
0.027603973399139087
-0.0071994841497710531
0.028867380586882381
-0.00066683848095071632
0.0054242840481867668
0.014042408153671684
-0.015869946950792847
0.0067094859110352033
0.024414399168484108
0.0042128194488395745
0.0028380673140020306
-0.0037547811771712855
-0.0018339733536451254
-0.0037381319175080756
7.9753973205018411e-05
-0.0077449878284460818
0.011182044981336368
0.014436907359781259
-0.0027465605249375274
0.0052730432920604867
-0.0041127106775858541
0.015103976735411848
-0.0024716908835702789
0.014105029391800365
0.028012181900422858
-0.0028275870960745783
0.0068904880447356156
0.002760757468488455
0.0047057148441049775
0.003773891941828038
-0.0041386069775408395
0.0065644641918328256
0.33560744206378579
0
0
0
0
0
0
0
0
0
0
0
0
0
0
0
0
0
0
0
0
0
0
0
0
0
0
0
0
0
0
0
0
0
0
0
0
0
0
0
0
0
0
0
0
0
0
0
0
0
0
0
0
0
0
0
0
0
0
0
0
0
0
0
0
0
0
0
0
0
0
0
0
0
0
0
0
0
0
0
0
0
0
0
0
0
0
0
0
0
0
0
0
0
0
0
0
0
0
0
0
0
0
0
0
0
0
0
0
0
0
0
0
0
0
0
0
0
0
0
0
0
0
0
240
0.86838650694561548
0.29089383169785921
0.1022496564113709
-0.063335239887090514
0.12596350456745914
0.055843816035102488
0.10969744090821661
-0.059999705847891494
0.090376316544578672
0.057976515195920279
0.043327309059259862
0.054971706046769597
0.061911502008878495
0.043263408978222277
-0.041907884120013228
-0.016856063090450839
-0.028231337809453513
0.044427066012605404
0.052114508058745526
-0.024799348615042047
0.038716836931337442
-0.0017612212443462896
-0.019224573400118992
-0.026408338055591528
-0.0052865667981819879
-0.029987336555740644
0.018943804673212248
-0.0039435181103748785
-0.019426374146213191
0.05617870603351717
0.039868095414073754
0.059005479639729345
0.022065658091578514
0.0060867268196252928
0.0028358950336360381
0.01098338566214307
0.011695944268427495
-0.021323763793177016
-0.049539400265007888
-0.015436633607674027
0.0013088589082721638
-0.0064696432828752959
0.039980019251547927
-0.024766731562916908
-0.011309468462077185
0.012337790416579383
0.033420777036921645
-0.044892958795560454
0.034659373256432653
0.04149398140144591
-0.040228952361945812
-0.025998808397753429
-0.0227819177384605
0.055882203776381076
0.067929675550126162
0.0022527978921805278
-0.0011602402025721948
0.014304197013905902
0.017044112652225947
-0.010012630137741644
0.011682172480708936
0.015309066046210528
0.0019139535984573294
0.013072778889969173
-0.0149614659036242
0.022397171909176197
-0.012404445244450795
0.021222711876167748
0.011164825588860738
0.039393497726669516
-0.0091187234065409125
0.0028508031197032428
0.004596982817276136
0.016837081778829352
0.010974522761201824
-0.0059565798288623443
0.010493515307889134
0.0096878221065121659
-0.010460283396128081
0.018433758329316357
0.025966927623556239
-0.014651714935390062
0.0012632234478806923
-0.025251148065576712
-0.0060616843797014416
0.0025285811331336259
0.013721952335944211
-0.022635486672470381
-0.01312749365084015
-0.022970146005261829
0.017138661120725561
0.015296201342461246
0.0010354468812240614
-0.000304456500390185
-0.011323466581319689
0.012347184441903261
-0.020048592848031104
0.0045102864590200993
-0.017848273803577439
0.0047288349566266454
-4.2353431734186236e-05
-0.001412818325974797
0.018909053880601125
-0.0047320665798866474
-0.010452074403104163
-0.011659249593678591
0.014250368190951762
-0.015262988150558005
-0.011310530578860986
-0.0059692058520744249
-0.023969369703681215
-0.0089072129847532523
-0.011369205342935847
-0.0063730772188102308
0.0094759135351049108
-0.016779386883580605
-0.0062982797542210775
0.36607036737667359
0
0
0
0
0
0
0
0
0
0
0
0
0
0
0
0
0
0
0
0
0
0
0
0
0
0
0
0
0
0
0
0
0
0
0
0
0
0
0
0
0
0
0
0
0
0
0
0
0
0
0
0
0
0
0
0
0
0
0
0
0
0
0
0
0
0
0
0
0
0
0
0
0
0
0
0
0
0
0
0
0
0
0
0
0
0
0
0
0
0
0
0
0
0
0
0
0
0
0
0
0
0
0
0
0
0
0
0
0
0
0
0
0
0
0
0
0
0
0
0
0
0
240
0.8933578415181479
0.079913038358194494
0.13838369132030318
0.18469302657543765
0.031050618027822219
0.16937433587866751
0.14926873405378377
0.081850055279328163
0.035382582968357203
0.072682079729199531
-0.03666448843183287
0.053843370569668383
0.018849496363560207
0.038988346573713473
0.058777164295344048
-0.017687203446237181
-0.042365496790126314
0.10071147148259908
-0.032641665195442045
0.024070825653177096
-0.067283268657620562
0.063214206766786601
0.101714959525041
0.021186149772960617
-0.014304053878363462
0.0075378260798060221
-0.042406118955234946
0.022228267095276148
0.0080167568221410253
0.013011745100619764
0.014374093330832298
0.034036063901801097
-0.0090433402876206898
-0.024666889449033273
0.018577867395597636
-0.0017724526311657727
0.0018400878305234645
0.0049086201986300723
0.013340647122255989
0.013913191365381657
0.033746557653732731
0.042840921583952106
0.031172278290000622
0.002121244703417572
0.0028290414481463087
-0.00096120294637430409
-0.018776103071591447
-0.017782665260383985
0.0083899408837912644
0.036018202871649203
-0.0024435257330208643
0.021858721669993756
0.00052286923345978777
0.0034708538339453848
0.01686336987612877
-0.010419319918690618
-0.0017484225066289841
0.0035741193180355425
0.029571375208547822
-0.0083106185220065566
0.019789859640766325
0.0064891520280752355
0.029590770074740626
0.00051743102513938499
0.015807833177951758
-0.0026347498879456636
0.0048449089727771637
-0.011244890400573951
-0.0033410384735565453
0.0048652181195698698
0.0021300322313319792
0.00260062919731327
-0.016244131085009147
-0.0095957634297609389
0.0038627156216732603
0.017818442326751401
0.022957079406336681
0.033397360916228871
0.0042317389652876793
-0.0047410397822387484
0.0011146377522581997
0.011071719979429863
0.0051996821804442678
-0.0025016466918290682
-2.0611977121875982e-05
0.0072793448558355197
-0.0065257613100791157
0.014293368341247685
0.0021274485225238719
-0.0047901488323374977
0.011886295988344994
0.0049887882197286997
-0.014910784863840997
0.00090564479552821214
0.00040625040473926942
0.0086002216821093446
0.0053239993637736252
0.00900760765866521
0.01712803295422766
0.041113018098412578
0.00076240826423688217
-0.0034477797238847275
0.0020238051108314977
0.0060282122608509656
0.0068854397929803491
0.0043797923862946746
-0.00093511124567068537
-0.0009524158750265874
-0.0049465415306075506
0.01074444835839136
0.0026269205594573759
0.00035588607323348658
0.0035183140797178597
0.016403649841886924
-0.0058376843246981114
0.0029226392148209556
-0.0099211775180893698
-0.0023829749289961746
0.33616224678127399
0
0
0
0
0
0
0
0
0
0
0
0
0
0
0
0
0
0
0
0
0
0
0
0
0
0
0
0
0
0
0
0
0
0
0
0
0
0
0
0
0
0
0
0
0
0
0
0
0
0
0
0
0
0
0
0
0
0
0
0
0
0
0
0
0
0
0
0
0
0
0
0
0
0
0
0
0
0
0
0
0
0
0
0
0
0
0
0
0
0
0
0
0
0
0
0
0
0
0
0
0
0
0
0
0
0
0
0
0
0
0
0
0
0
0
0
0
0
0
0
0
240
0.88663455868897356
0.37395123877594028
0.15250121805337519
0.10259131594437594
0.073589342011117012
0.090851670849352431
0.010696095830163109
0.04121884730181654
0.042176421980733278
-0.00075617804966336623
0.037708277077614004
-0.01266319760951899
-0.0061470959943684617
-0.0062543116417561788
-0.0042256438926023005
0.017891101561954909
0.038008116611293011
0.024361368079259822
0.03141652532066809
0.017766195604445284
0.039193691226003365
0.030004462930802615
-0.0023674892549498784
0.014347232569160413
-0.015319259114690436
0.022045027676061778
0.0095243894725949123
-0.0020567626972714651
-0.0069300549190159577
0.034598271910353987
0.022229471236857628
0.038054644709235662
0.019487733577287093
0.013604222119314042
0.0088091694208388832
0.024537771507637276
-0.0080917663296559174
0.012301176117935752
-0.0061824357694570033
-0.0006284427338528833
0.0069144175973264556
0.0066807823617954388
-0.0029208438207333799
0.0040638436075228499
0.021906570611160792
0.022557773523392312
0.015012258560680381
-0.003282716472285791
0.0033778450206208288
0.004888650989111119
0.0097161867735850848
-0.00080009419281630795
0.021166018879743998
0.01095662874313433
-0.0037427520869896987
0.013735666826021663
-0.00096676419358411635
-0.0042817020945417191
0.001065793767289032
-6.5864763948742108e-05
-0.0029622187863338287
0.011506926796121584
-0.0023867575771381725
-0.0050646321747892208
0.0058731469462483784
-0.00054152320693844687
0.00044384806160292984
0.0066330428498997491
0.0095720405169886467
0.012601482116158785
0.0020000579505493514
-0.0056871806753134701
0.017314361546024264
0.0068876530401163838
0.014659438990558115
0.018860860985677488
-0.0089315111451383558
-0.00073667458233388759
0.017930293951204195
0.0074170836323446598
-0.0078804175817056184
0.0055561571877463054
0.0031263585557893578
-0.0039026644460391502
0.010802577147470191
0.0047803171832425818
0.0012372407488681217
-0.0014673349521382654
-0.002037532954150973
0.0031348073848314513
-0.0010293995759770467
0.0056197392468811183
0.010904756934160905
0.0097190137766737014
-0.0045050611116629171
0.0071574744531666835
-0.00065143762463977962
0.00086877634205575452
-0.00068089134364576623
0.0036890109229218435
0.0076440349566870144
0.0042921717511116564
0.0043792912638342882
0.0029825523044573437
0.0020159125916384434
0.0045846305812353595
0.0063482673737183491
0.0059753173883928916
0.0035544189328404084
0.0033519014510031953
-0.0016615688834093886
0.0068483737250246727
0.0092752405333288747
0.00077697172295592819
-0.0028157388251905439
0.012439724348743908
0.0055835877077594119
0.0040952251601421453
0.00098777952068563333
0.32271435400644705
0
0
0
0
0
0
0
0
0
0
0
0
0
0
0
0
0
0
0
0
0
0
0
0
0
0
0
0
0
0
0
0
0
0
0
0
0
0
0
0
0
0
0
0
0
0
0
0
0
0
0
0
0
0
0
0
0
0
0
0
0
0
0
0
0
0
0
0
0
0
0
0
0
0
0
0
0
0
0
0
0
0
0
0
0
0
0
0
0
0
0
0
0
0
0
0
0
0
0
0
0
0
0
0
0
0
0
0
0
0
0
0
0
0
0
0
0
0
0
0
240
0.8376003331137688
0.43714584542454943
0.15532098987128407
0.010991542107042351
0.068766879734277947
0.0091037114127889406
-0.054413219674246199
0.014430719650719815
0.129580946276079
-0.0078975854257907901
0.10013135209107578
-0.019180900362779953
0.016780709765226907
-0.010807958010495888
0.00044272703052046318
0.019890854767104449
0.070757318425608354
-0.013157904719490219
0.075672447684588903
0.01342111358283497
0.075414741536297375
0.013199890868866875
-0.022039632101310703
0.013243087564114523
0.013870564845061909
0.0022296795377193626
0.032853942177313356
-0.00052201650697238046
-0.013782618499161148
0.022360362880770753
0.013158586864696465
0.017440077899131302
0.025928600356552704
0.039332179622003589
0.0053038656785858946
0.01048604594938902
-4.2073411088102593e-05
-0.00052593613698992598
-0.0089755030235904396
-0.023884123688742154
0.0014556240927199363
-0.0056700162202829463
-0.010480483908292768
0.0066267920594973648
0.032353327579771267
0.019156222968282791
0.034975622897701689
0.017825328690054335
0.0072199612973172164
-0.023235255888630572
0.021724503510407483
-0.012423426092591696
0.022591731372565968
0.011916374008180198
0.0027984243104034654
0.022340100670415045
0.0025058590674577443
-0.0048045681116491244
-0.0095613582203415599
0.0025153406052607361
-0.005857424047275522
0.0048087777542796918
-0.017520579349113947
0.0047252438474232918
-0.010314308614892676
0.0084692005904428557
-0.013013879741967833
0.0012105677471600429
0.010447026284539312
0.0059379882619361177
-0.003558946364078411
-0.009361576232833577
0.023344753616409496
0.012314154614165783
0.0060975323536412154
0.0023649588223718645
-0.0067789350118147955
-0.011746983732171873
0.021023153358119707
0.0152284844859216
-0.011396512561951381
-0.0037747023752758109
0.0026891595481914657
-0.00067169056625399526
0.031443451658931615
-0.00062646244796192671
0.025025776913374011
-0.012525663327621938
-0.0025650898533531329
0.0053899347563915465
-0.0055867781909991233
-0.00057761450262443952
0.021799663154661943
0.0020267754857926303
-0.0013869507094604826
5.8896778698833591e-05
-0.012352913667346083
-0.0033037589522770775
-0.0044850334404812767
-0.0047806759209169389
0.0047019097728902568
0.016178235059726348
0.00062320593574574331
0.0011422744842722547
-0.0079110568469329765
0.0013743744119919159
0.0043659924371013637
0.0076182338284474004
0.016627113715270644
0.0059259155832262576
-0.014305648578086087
0.0060824626135232212
0.0039387640108280329
-0.00062890051524452126
0.0035764369387578311
0.003916274227872764
0.024493965080714705
0.011166145225307181
-0.0063447609484556444
0.0088478199056692981
0.33350779633131866
0
0
0
0
0
0
0
0
0
0
0
0
0
0
0
0
0
0
0
0
0
0
0
0
0
0
0
0
0
0
0
0
0
0
0
0
0
0
0
0
0
0
0
0
0
0
0
0
0
0
0
0
0
0
0
0
0
0
0
0
0
0
0
0
0
0
0
0
0
0
0
0
0
0
0
0
0
0
0
0
0
0
0
0
0
0
0
0
0
0
0
0
0
0
0
0
0
0
0
0
0
0
0
0
0
0
0
0
0
0
0
0
0
0
0
0
0
0
0
240
0.93654731624118559
0.20030903504281111
0.099049263411224817
0.11930048648967992
0.078990933260438628
0.048822375422222661
0.11220878005840904
0.0082060276746772839
0.040599104693260703
0.050755067015676537
0.037206773024195026
0.068478246336578619
0.0025464449212835192
0.0170706695898897
0.0092495599312485341
0.062171982242764282
-0.010409538110876242
0.023410335643932738
-0.010692643948609954
0.015585539514990405
0.034554987177891433
-0.02284686068323542
0.0028788728851628269
-0.0086877565541334627
0.014619721447931085
0.018705462446121798
0.0067071927026118887
-0.001471115910220037
0.050520041497384989
0.01678730683109491
0.0020865665792072171
-0.01076592917262594
0.018282321390454492
-0.006562742919468202
-0.014114179362421786
0.0060073430572267772
0.014792915751437681
0.013811409087384686
0.01642283687153627
0.029095780355391631
0.015127795107091838
-0.011735958983867095
0.010785877740554378
-0.012316511046862032
-0.017097319195620599
0.0048143500190412176
0.0045710229398688582
-0.017076355063371403
0.020725749331582888
0.028603217260662197
-0.013384169160394708
0.0025626256248064321
-0.013185597312535385
0.0064941320451544632
-0.0085622339805832993
-5.3082700065452735e-05
-0.0095466601167771264
0.012799142507803632
0.018524073446421412
-0.0036386638354186135
0.020441817707165966
0.016214482743938267
0.019527695397924327
0.0042997265311157237
0.025338434741070642
0.0078195150056632415
0.0012929171709230999
0.02261397734639754
-0.00041025972811423113
0.010146306328467764
0.014372828929047876
-0.00050974472497570503
0.011300949238319626
0.007574707734687991
0.0034538724716920112
-0.0060154396121946049
-0.00014148970360207833
0.0041285833414738664
-0.0049222932582713456
-0.0075509574459549341
0.0078871066042824674
-0.0015458675133746312
0.013492920266059976
0.006904818275726715
-0.010287423753048856
0.013045468337533618
-0.0033071019312382586
0.0024904440920416457
0.013530130557566212
-0.0035105466020342079
0.0047619196259265735
0.0074950626395923724
0.0041825567646126497
0.0024888280618594379
-0.010137224730540127
0.014993679816463117
0.0041849095145623846
0.0089124802544315613
-0.0025314648807241522
0.0048253948694474422
0.0036232928174372435
0.0010380246025188725
0.0051281983436916485
-0.0040522036136267309
-0.00099019466076968117
0.0010884165251295729
0.015779339231153704
-0.00097422018191103521
-0.00080034430853158887
-0.0051095021424331184
0.0098403295814466184
0.0013438445762613542
0.0049131932346647656
0.003336639024112915
-0.00019633338386069394
0.0038082717689934581
0.00035390137126605934
0.0073997308667894833
-0.00075272892626845683
0.0017641945790346223
-0.0011956094785674713
0.32549661962487103
0
0
0
0
0
0
0
0
0
0
0
0
0
0
0
0
0
0
0
0
0
0
0
0
0
0
0
0
0
0
0
0
0
0
0
0
0
0
0
0
0
0
0
0
0
0
0
0
0
0
0
0
0
0
0
0
0
0
0
0
0
0
0
0
0
0
0
0
0
0
0
0
0
0
0
0
0
0
0
0
0
0
0
0
0
0
0
0
0
0
0
0
0
0
0
0
0
0
0
0
0
0
0
0
0
0
0
0
0
0
0
0
0
0
0
0
0
0
240
0.89070737276299483
0.29026094433809818
0.18660385729022283
0.029312451333356263
0.0945730131341571
0.066347684833332615
0.022828088269341754
0.084645838166949622
0.14539322646924277
0.053360174287645612
0.042296903454866433
-0.004948813216698396
0.09574990923119106
0.0524638338868103
0.053639761333140766
0.0014066547981456819
0.014125416311901586
0.043205870405418755
0.014001456373652488
0.0047033606564418698
-0.032751617389630609
0.025569898152889705
0.022685854861926185
0.017588270313689543
0.014900820919879956
-0.016407536236337596
-0.016247377954902734
0.02971334412638961
-0.0046261012106198632
5.6459613803720649e-05
0.016243793249011842
0.041974749756989317
-0.0066993477677469793
0.0068619309913476407
0.0056028039840853141
-0.0035882935539760775
0.0095858645544148954
-0.0022090676323483671
0.0041297069657671394
0.0023564391678471039
0.014919079234250241
0.0085723391860259325
0.015216800825572557
0.0059278118411021305
0.027762118433291284
0.0092576047862070986
-0.0090908234955766228
0.00020127640502583092
0.014680524370024399
0.020787668316756897
0.0074177882888765917
0.018506955880680066
0.020837522243572902
0.027768390700727494
0.039887226129459968
-0.0041364013621406981
0.011579553653302469
0.014847080880912003
-0.0026922848224819455
-0.0034685768086351581
-0.0014736550957805503
0.011722376640452592
0.010119203005799266
0.0037845566995427554
0.00048239604127860066
0.01067429451412868
-0.0095377338695362308
-0.018485862925145074
0.0066332879036787367
0.013409849934489463
0.001245906214607766
-0.0011687369273793459
-0.0043377819260134749
-0.014367376839196115
0.00059556329929088213
0.017117631957010063
0.00029697865810987019
0.010223287612201348
0.010422576606376402
0.012511789345881489
0.0073738383750099265
0.0064493125989548211
0.0064612637799312759
0.0036686552311407006
0.0020070150702455095
0.0065217111388197009
-0.00033559835653950782
0.013327316900940347
-0.0037893239881291716
-0.0016471618432084428
0.0075367317739266108
0.016194097856548843
-0.0006382263906551239
0.0010714230369802099
0.0057222189180500347
0.0034626938587812533
0.0027138552209806034
0.0040527746204674772
0.013751872038700267
0.0036120091175457477
0.0017076094209786347
0.013378310836959244
0.010500961376110078
-0.00038047178178938378
0.0013432830509851335
0.0042232737948878956
0.0029091698890061747
0.004426133284054317
0.0043578673796640108
0.013567964931410789
0.00015894166142630168
-0.0043028129524484383
-0.0028665255569758075
0.0054064661497375483
-0.0047111059012345706
-0.0031086758473113313
0.0041699485820855461
0.0097879348451067189
0.0064218789186492632
0.0031947856287862578
0.005836452536670797
-0.0014027663262528619
0.32685342742881607
0
0
0
0
0
0
0
0
0
0
0
0
0
0
0
0
0
0
0
0
0
0
0
0
0
0
0
0
0
0
0
0
0
0
0
0
0
0
0
0
0
0
0
0
0
0
0
0
0
0
0
0
0
0
0
0
0
0
0
0
0
0
0
0
0
0
0
0
0
0
0
0
0
0
0
0
0
0
0
0
0
0
0
0
0
0
0
0
0
0
0
0
0
0
0
0
0
0
0
0
0
0
0
0
0
0
0
0
0
0
0
0
0
0
0
0
0
240
0.86309115685523885
0.34232687093104935
0.13761727197681414
0.088598787446873911
0.044023204010314357
0.061038700452231746
-0.073052662188439602
0.021904831066383627
0.18144549339035121
-0.062363659358196558
0.061255380300013526
0.029917397302985944
-0.0050444727992349182
0.081069223577642416
0.011895711628477084
0.0079277048012333495
-0.0075626289830843787
0.0063095968212369853
0.079653502439051116
0.075249241734849245
0.050290899548715379
0.019517608760741618
0.0058498300406742733
0.057525452711062394
0.01047802015581048
0.018647605343623575
-0.0042929698866837175
-0.0023135182647335928
0.036092025342287753
0.051478809271965409
0.026508357576658807
-0.0075792371867159942
0.032790865998590692
0.02263139382823294
0.0037891767735058592
0.042238919667049478
0.026839391929314119
0.014068642522624934
0.018508243940226581
-0.026295379989177439
0.002990907037338085
0.0015483122090598801
-0.014135833959688045
0.045432499596544884
0.036914820279182803
0.0026574672207904612
0.0144649074164677
0.026358346461548717
0.0071135883947485521
-0.0068831422245819061
0.020036504727799373
0.01664552169893297
0.012310209904704267
-0.010088497606203133
0.0034413677159070006
0.018481354503632825
-0.0008247771422477089
-0.012428651831403518
0.027226158780854732
0.00094700212322478732
-0.0088484143323265974
0.0046298048491438641
-0.012301616239652093
0.0047534777794598542
0.0029623796491013458
-0.0052747033396490384
-0.0023092119018870718
0.0080276159613209518
-0.0023625967042886003
-0.0057903965012113742
0.0051710264305254014
-0.0084361845527393415
-0.0083310485296254951
-0.014121948585377936
0.010232084325977856
0.0095849490196405433
-0.0091605674643857223
-0.0021977611683472223
0.021801311596336359
0.0024613859690892958
-0.010909497198783705
0.011928157600066625
0.0030750383701470627
0.0093250907013749211
-0.0062426279064325182
0.015807540684343913
-0.0052323351329255502
-0.0029707820816672536
-0.0040621390600609989
0.017728901934212834
0.013721906252341374
-0.011713013454302179
0.0094400203805318668
0.002639597139446846
0.0060149702129730703
0.0027466084893927808
-0.0049845456352797367
0.0022053474156585387
0.0054407787322866361
-0.0032651654000014217
0.00048784209347701876
0.014543523105532545
-0.0034076421125490653
-0.0002712563546159025
0.0032521158676851805
-0.0025937820895401606
0.00053996606980474056
0.010157504881134042
0.007259375971339941
0.024475299354647061
-0.015258089270472664
0.023613266075492887
0.011666073782322636
-0.0049246767054692787
0.017829856246018086
0.012627198337918467
0.0010575065288549834
0.0014433490882596425
-0.00057086832916179546
0.0073845729682245316
0.014426335896636005
-0.0035104966535460121
0.0022761516277560721
0.33140271988236508
0
0
0
0
0
0
0
0
0
0
0
0
0
0
0
0
0
0
0
0
0
0
0
0
0
0
0
0
0
0
0
0
0
0
0
0
0
0
0
0
0
0
0
0
0
0
0
0
0
0
0
0
0
0
0
0
0
0
0
0
0
0
0
0
0
0
0
0
0
0
0
0
0
0
0
0
0
0
0
0
0
0
0
0
0
0
0
0
0
0
0
0
0
0
0
0
0
0
0
0
0
0
0
0
0
0
0
0
0
0
0
0
0
0
0
0
240
0.9098436923749269
0.24059953777961385
0.15216701400886418
0.092502499655041148
0.070367938954243647
0.064272067098570029
0.015626684259262242
0.082185608825952564
0.14779275843204981
0.044096600759321619
0.070025049962740657
-0.016012436787290401
0.034952353037354923
0.0083183365789446101
0.07881562817152242
0.029435661200282633
0.02392243823193916
0.04607886988805434
-0.0083055299640127419
0.01327556084280504
-0.014939448877165964
0.029636931993454341
0.032055385399895636
0.025810555117322602
0.0098647855577611351
0.0019026516250155179
-0.0090655965168011405
0.037306247208703021
0.010917678976878727
-0.015982104291661213
-0.0031406283121716296
0.01213885295649542
-0.0052561966176667219
0.011037650781413369
0.0039207990571627502
-0.00061771247643335845
0.010308278478854085
-0.0013273191985697301
0.031555606616050981
0.0031454062385612444
0.030892352364548872
0.0059494647906599887
0.000103906974452438
0.0099049130468888621
0.032332399397915601
0.0074817684185475245
-0.0088419787548170096
0.0073255724489826044
0.0164917352564697
0.0024989381942369625
0.010744427798163906
0.028263607561481604
0.02808922156150867
0.017903859299126048
0.0049045932953234884
0.0019795848711035304
-0.0024590134508081295
0.0048448290029248359
-0.0065774546469691249
0.00042677724063631018
-0.0036720953868270801
0.020131434360351648
5.2558816659356385e-05
0.0064870378951885537
0.0097991903469658945
0.011229647956594842
-0.012232657228079763
-0.025008436125056349
-0.0013355768814067909
0.011395894711582961
0.01237589476509645
-0.013466044275995508
0.0029204464523615182
-0.016381934068806735
-1.5354287054437504e-05
0.011647167004381554
-0.010389527230924421
0.0016029034597844518
0.015288539895934943
0.0066178648523315684
-0.010573658563389319
0.0056490008137636697
0.012803258333123697
0.01136281827510623
0.0034036792835248999
0.0087889296948378062
-0.0059951020485093515
0.014806023957266486
0.0051084802790320218
0.0077348291554141671
0.00043705675459998136
0.0097181958045993392
0.011657731824943446
-0.0011732334546331452
0.008798154874315095
0.0085391614708695031
0.0093223395056111838
0.0032045487493698459
0.021346706245910924
0.0017729257100447923
0.00086329716783412188
0.026558146720913618
0.0060911245697868859
0.0031080784014832249
-0.0042116825348602971
0.0067323213471229158
0.0053026559541071326
0.012752794425712526
0.0080138746416490592
0.024970745801383584
0.003658603459931368
0.0032197632430024442
0.006475880059891484
0.011768982314404383
-0.0083934783860977434
0.0075184822952997716
0.012369589107667197
-0.0028521733582999955
0.0023767191649874987
0.004062030041670244
0.009602000683913068
0.00057545991453285847
0.016686904582243738
0.004082271875547671
0.32896103494625134
0
0
0
0
0
0
0
0
0
0
0
0
0
0
0
0
0
0
0
0
0
0
0
0
0
0
0
0
0
0
0
0
0
0
0
0
0
0
0
0
0
0
0
0
0
0
0
0
0
0
0
0
0
0
0
0
0
0
0
0
0
0
0
0
0
0
0
0
0
0
0
0
0
0
0
0
0
0
0
0
0
0
0
0
0
0
0
0
0
0
0
0
0
0
0
0
0
0
0
0
0
0
0
0
0
0
0
0
0
0
0
0
0
0
0
240
0.93400331182028062
0.15926827940525587
0.15878304686328604
0.076839947662006206
0.016197493292974569
0.037149211225089913
0.069880663474138141
0.025181104732415242
0.14005124568198993
0.066052955896136772
0.04207933116360562
0.085273434942219603
0.053553471515804772
0.047052444167667858
0.051511358997994958
0.013659432289396199
-0.0096372031343269597
0.016901107372966184
0.022461415227845387
0.045219452837145201
0.013257118718518932
-0.0040570432775674575
0.0066064657893353633
0.020658248504975944
0.02641575373496291
-0.0099313559014459988
0.014983298453048141
0.0099816481022754963
0.040796773963486306
0.0084175737372544669
0.014527742422731398
-0.0030516311330754204
0.017118651222908024
0.011697999425811366
-0.0046423836900301501
-0.017851572820448473
0.038811870556479985
0.0019143984730768469
0.015877464101843628
-0.0091877298082549946
0.014011026494063201
-0.0054236908829136243
0.013184392212918604
0.0039381404845795958
-0.0028121930069302599
0.00070911927383133892
-0.0035692913762099786
-0.008046974104839219
0.031506648911293803
0.013935396435815256
-0.016345116531131066
-0.00023006250933716929
-0.015535978757630946
0.0064233145184522814
0.021186638574032239
-0.0088901692853443157
0.0045870012223957713
0.017404182936764611
0.023760306310903825
0.0032763956277681609
0.016676123796787783
0.0018595380882651614
0.015072125462736376
0.023822736663046726
0.002135090536661978
0.018705561826313135
-0.0076269665487255396
0.013018505237758604
0.0029880386034379547
-0.0011950761274188803
-0.00047568722096870354
0.010260099308963579
-0.001442258091673425
-0.0065837391337877594
0.00077166836756010408
-0.008112774483275513
0.0088373607869156844
0.0028587611050866222
-0.0052537234511637583
0.0050943721068905205
0.015197169888869187
0.00048702462056334498
0.012771028204820982
0.0023905282424171036
-0.0077663096169301154
0.005874866668004017
-0.0002946559361702732
-0.0037886869275696733
0.006452221791449715
-0.0051463513257602638
0.011198392330033915
0.001918862723088672
0.0038536640738423933
-0.0026428221699882708
0.0008848492616597884
0.0022952859565076823
-0.010840500017048385
0.0080439025421428587
0.00049195731927501052
-0.0030802567590655808
0.0054775406081254844
0.008020172705444915
9.617237716917053e-05
-0.00034783549247050736
-0.0034151991919797037
0.0027232189652023945
0.0029484609840828568
-0.0013561403697621563
0.0042591279104723517
0.0035804287089901033
-0.008028637646932079
0.0035669011925524149
-5.4023618967369588e-05
0.0017525416033946843
0.01719391981688401
-0.0058774182216840805
0.0032005882542843669
0.017820437346613229
-0.0018194896500106352
-4.2251272056739684e-05
0.005979621359955274
0.007391692453186367
0.0076060630380497775
0.0022541060824048799
0.0059366075042984918
0.32568125029865025
0
0
0
0
0
0
0
0
0
0
0
0
0
0
0
0
0
0
0
0
0
0
0
0
0
0
0
0
0
0
0
0
0
0
0
0
0
0
0
0
0
0
0
0
0
0
0
0
0
0
0
0
0
0
0
0
0
0
0
0
0
0
0
0
0
0
0
0
0
0
0
0
0
0
0
0
0
0
0
0
0
0
0
0
0
0
0
0
0
0
0
0
0
0
0
0
0
0
0
0
0
0
0
0
0
0
0
0
0
0
0
0
0
0
240
0.92001859331916425
-0.025946906448163172
0.11745983747687183
0.16116043531484589
-0.0064622424699143661
0.099338409086324922
0.17097064897323003
0.042244551418581092
0.018370451431857591
0.11790356975461809
0.010344226839642107
0.085264640706163269
0.021161362957972454
-0.013867577601708042
0.064393625975055477
-0.033272931141245972
-0.019210501355900533
0.070992910813578114
0.0022267147698590175
-0.0040726616587203621
0.0064569687852949224
0.073633077428541444
0.071423788548428804
0.0077321863267451763
-0.0086904429398407083
0.019205869206018526
0.045198550197927449
0.049610568361608709
-0.013366263016771339
-0.017257444947311556
-0.0030963527709127851
-0.0023702128349151349
-0.0080857208302753912
0.0097286315056710568
0.035642653086077745
-0.0023253593331153512
0.0086759950347138973
-0.01440749239057326
0.011898997317626853
0.0083990890052078777
0.034867089558200219
0.020043666681900708
0.035074420373314139
-0.0044283134643280644
-0.0046927024049680591
-0.0030373280241747795
0.0029012280064942822
-0.0052110777942125696
0.018817971378512474
-0.0082750051040180548
-0.0073458884646172406
0.0010169227041565549
-0.0057121236443323344
0.014494962237553727
-0.0045596334077367172
0.00036004379298874129
-0.0057604129087480129
0.00057198569064552222
0.0029731807389887896
0.012010021789909151
0.026842730486163573
0.0096382817196131818
-0.0055470408199971627
0.029856420901404994
-0.0043903257356151127
0.025328268795911265
0.0028805566309124185
-0.0058080942007086162
-0.0031506121952591562
0.0097723152609895045
0.0077830761384908038
-0.0015307265368172409
0.0017155657066201299
-0.00058979151802886524
0.0012316825371904813
-0.009101384782061496
0.029705630439126898
0.0061664207680279691
-0.0017691802003470993
0.0050556962281949483
-0.0084760793654223756
-0.0094495633505846804
0.0065583521359904671
-0.0055739151861554882
0.0045401127906179129
-0.0070350422048119331
0.0018066435378014303
-0.0068258000611159664
0.012823490778570505
-0.0025697964169702956
-0.0039852539116724366
-0.0032701904692854452
0.010030388050692006
-0.0046081207298991917
0.0036520219760465046
0.007908736019203215
-0.0001644235828148853
0.0019173693326148132
-0.00077243083809764527
0.015778273192566489
-0.0025946969838867278
0.0069053699061173519
-0.0028460040397212056
0.01410445860657397
-0.0086790612249957461
-0.0059306719042442248
-0.0035036208176083684
-0.002268421146613128
-0.0022480420453575996
0.0044221932039254968
-0.0058820720251154942
-0.0029665250915499892
-0.0025309154836273434
0.017377131609140017
-0.0015163234269687353
-0.0051373436909800067
0.0021989502708153188
0.0028404174646758356
0.0023754518942369464
-0.0025156533523425502
0.0029291403873750671
0.0028734778158018104
-0.0009769254930485458
-0.0015586097949522647
0.0040287442794030215
0.0060161742221615747
0.33445565571797176
0
0
0
0
0
0
0
0
0
0
0
0
0
0
0
0
0
0
0
0
0
0
0
0
0
0
0
0
0
0
0
0
0
0
0
0
0
0
0
0
0
0
0
0
0
0
0
0
0
0
0
0
0
0
0
0
0
0
0
0
0
0
0
0
0
0
0
0
0
0
0
0
0
0
0
0
0
0
0
0
0
0
0
0
0
0
0
0
0
0
0
0
0
0
0
0
0
0
0
0
0
0
0
0
0
0
0
0
0
0
0
0
0
240
0.87216599816725127
0.28629816492537863
0.21413726460725147
0.068459694315323547
0.077496384161420767
0.13181203363678276
0.060827710591775726
0.092689805291809077
-0.0082047688076911842
0.057909138863574745
0.00072496385437977192
-0.024738152001933734
0.080609141586565444
0.0089503417918501034
-0.0027475404219673896
-0.056544212260596076
0.023053021740886016
0.055813126719326957
0.056667710323053948
-0.020476203813345983
0.019893403407031583
0.085676975167230968
0.012477229459892589
0.0080276620523555692
-0.031447077511875615
0.011549542656543014
0.030148440173461848
0.029324377147688801
-0.057072333625940753
0.012616293700826699
0.041761192073458069
0.083189186994288622
-0.0020657924673000258
0.023435470408623385
0.042152645458268814
0.034977958775501125
-0.019917296263716251
-0.00041849886938085312
-0.031744490090434833
0.014320729439403188
-0.0025634802436277776
0.027250815543226923
0.02867060386177538
0.00021512685142921161
0.01914241884806284
0.024747252121599211
0.017278115097861743
-0.0045825798272428071
0.0002576379730908977
0.015969789662780974
-0.0027861951302553156
-0.0046119459938673175
0.021224449687706825
0.041426133019483224
0.015991129915185261
0.0098004763870592135
0.018123352586584728
0.0064243405936401723
-0.016513070908705709
0.0080693716257951281
-0.00092462976649008662
0.0087578163989394178
0.00079156304213394196
-0.0045702272279975918
-0.012832586924544438
0.010418729759352303
0.009638795346078333
-0.0048285598834790404
0.021927346398362225
0.029052680198097453
-0.0052724880533055393
0.011373855862717728
0.015875563712492262
0.0068695663263439915
0.01471713455372684
0.02152493545306439
0.006947232341084777
0.011878043197434249
0.0045395304967183877
0.02886995662900127
0.001999392477485686
0.0012354121873634641
-0.0061626785928466966
-0.016094848541760499
0.00110217306420095
-0.0085568873379487723
0.0063207958657738577
-0.0026438242142654729
-0.010721485067501904
-0.0045252327408413281
0.00015929926761110039
0.010815308989772674
0.0061564253854079713
0.011296695515382454
0.0032753803514630059
0.002810451958110399
0.00099737089246518186
-0.0023904687772817539
-0.0056157443595925213
0.0079892824868206709
0.0054588666321359917
-0.0044351569525389401
0.0057587114641635493
0.0074803544551966788
0.0059181088179828195
-0.0016833818044399386
-0.0041463998528090814
0.00052276466841423628
-0.0073227655419711973
-0.002456732240729544
-0.0041473499765595744
-0.0072153755275654406
-0.0043918015142492195
-0.0019907617523263698
-0.0038439753106832373
-0.0055213777207767404
0.0005734218188072199
0.015082908716620118
0.0019185696957637688
0.0088331696933870649
0.0021381960710519211
-0.0018926202916906777
0.0057734622003490542
-0.0014602799966929596
-0.00066833911873144698
-0.00126057471230617
0.00029589063005529108
0.33148137116076387
0
0
0
0
0
0
0
0
0
0
0
0
0
0
0
0
0
0
0
0
0
0
0
0
0
0
0
0
0
0
0
0
0
0
0
0
0
0
0
0
0
0
0
0
0
0
0
0
0
0
0
0
0
0
0
0
0
0
0
0
0
0
0
0
0
0
0
0
0
0
0
0
0
0
0
0
0
0
0
0
0
0
0
0
0
0
0
0
0
0
0
0
0
0
0
0
0
0
0
0
0
0
0
0
0
0
0
0
0
0
0
0
240
0.91911417243081672
0.18344327367277696
0.13976339649407266
0.063646129003209345
0.11265137664199285
0.11130818793348997
0.11665132652797894
0.046588661476173257
0.042196089610882261
0.06097354894115229
-2.1832299414710728e-05
0.050895772059052408
0.082566655381370493
0.070098257262215954
0.0073210426972668665
-0.021991551459085816
-0.038611842301727962
0.071506112424139776
0.018020067210642889
-0.011976618918462249
-0.008291493197118421
0.038387833255763108
0.039516760117742473
0.00056603099153622284
-0.0072123612912303493
0.0040577367171337839
-0.0041091376847320008
0.032790247708836345
-0.0069936451362150511
0.016919522619922512
0.029290128612558461
0.041265859729931326
-0.0039608138800988893
-0.0042884328448592884
0.016279405157483988
0.033333835217602352
0.010192560997091267
-0.0023811463571416836
-0.013504645739844379
0.029493999347839344
0.0066813364180750732
0.011490830794420944
0.043869426028008432
-0.00010250756404841221
0.00041583278453892632
0.0059774661071531074
0.003416337352786865
-0.017831389017103492
0.013491135611554629
0.041109095947478358
-0.011337551161880195
0.014495498787450781
-0.0006561456684952056
0.035963555895277333
0.02839707188897277
0.001145197421699156
0.0040156168407050954
0.013516853564982745
0.013207631461060566
-0.0036225704113205877
0.0096798981708779708
0.017724958796835014
0.012793889192686352
0.0043617769197252304
0.003012626195900231
0.0087115754032026007
0.0096626067366474208
3.7113883292439921e-06
0.0060533042448592872
0.027315937325060335
0.0073540915248907083
0.004377322199314697
-0.0071986054163957402
-0.0010633482614435053
0.0084420346507373782
0.0099240069467595778
0.017609781858951727
0.025753107408246212
-0.0027927781094176434
0.0070759587942919901
0.013513851236774925
-8.0137284397921183e-05
0.0014384611417908597
-0.0053047005550642175
-0.0082183920681456416
0.0053055088378627241
-0.002377939883278871
0.0063532591336577298
-0.0061371312805911281
-0.0063810633963209086
0.016495381138510318
0.013141654584230928
-0.0060925619835326128
0.005015236512407267
-0.0037669088667195969
0.010973232591891877
0.0086574893311554234
0.0088671887132389417
0.00076225709899450694
0.0146223528477065
-0.0015576549692583404
-0.0020016846110980212
0.011694536981250253
-0.0030104080314383671
0.0035540934651496076
-0.0076988370023623014
0.0014550381303788387
-0.0071627870516048093
-0.0091858728531957687
0.00173303043564393
-0.00035775369758590385
-0.0069525569058648887
-0.0079286873008378982
-0.00091964070709841931
-0.001092585960080189
-0.0070918334324767086
-0.0088524177528487014
0.02253233021411051
0.013978473722880566
0.0023997888534609134
-0.0047863147252818318
0.0033215308425510646
0.0076764142324472363
-0.00040506095752904472
-0.0019883647245200714
0.0039217061858203596
0.00089798767966580036
0.011293000240854237
0.32700145574030742
0
0
0
0
0
0
0
0
0
0
0
0
0
0
0
0
0
0
0
0
0
0
0
0
0
0
0
0
0
0
0
0
0
0
0
0
0
0
0
0
0
0
0
0
0
0
0
0
0
0
0
0
0
0
0
0
0
0
0
0
0
0
0
0
0
0
0
0
0
0
0
0
0
0
0
0
0
0
0
0
0
0
0
0
0
0
0
0
0
0
0
0
0
0
0
0
0
0
0
0
0
0
0
0
0
0
0
0
0
0
0
240
0.91340278316491075
0.20216744768074871
0.12641037969610341
0.085764320249157477
0.11612770816985625
0.12797320376031732
0.1197994651131518
0.063284335322462873
0.029704779418345862
0.076656615918103438
0.024777111214469648
-0.015723300235675086
0.036441407803630109
-4.5249200846695483e-05
0.027673274144645772
-0.0025779138437360956
-0.011212168074633386
0.092218967551855241
-0.012069798271131821
-0.031834957656896402
-0.0090347939701468528
0.054635671164789394
0.044488301044590894
-0.005896812075816482
-0.021890816473557916
0.0059519267384283659
-0.0038707752466768065
0.040820275977919387
-0.022278642351050083
0.0022707512040507512
0.013354542347182807
0.048199400367368923
-0.0080363873317432014
-0.00082340527117649471
0.02007674816001246
0.026801197664325156
-0.012840502953329769
-0.0041741901944824964
-0.0053892953599170654
0.029440464827502164
0.025378088937914829
0.017812404964889537
0.03350587560846234
-0.0089367392415784074
0.010714213357479076
0.011969116000542776
0.0035336652227619609
-0.015425224869786794
0.014044532666815001
0.032737297749404627
-0.0094036167508452038
0.016681540956074634
0.014779214732325546
0.044470388162818286
0.0054223581457164896
0.0053607964389220664
-0.0049734466159978407
0.0080874190032608137
-0.013033786528022593
-0.0052492561443835926
0.0075192942702532852
0.028693092391757085
0.0086904592229350829
-0.0011262464372965395
0.0056551997796988737
0.014380936834407092
-0.0032167511656058718
-0.018261698288653521
0.0031359727746355808
0.038553895659170272
0.011660410726034855
-0.0072160884236362171
0.0081670760149624346
-0.0039267054342635686
0.006779016969857608
0.014950217878969073
0.0044131432614090893
0.019458897196041491
0.0063104921024720049
0.0092676238856663623
-0.0032742136144589687
-0.0011662506391764472
0.0038785812581059813
-0.0057405918239417323
-0.0043456376229636688
0.0032619934821552952
-0.0081556573249814846
0.0083280287508499407
-0.0032220582807110446
-0.0038102893968877277
0.0042506591899680998
0.01469376581486953
0.0050326586627455717
0.0037023641708829862
-0.0017001118987330743
0.017694668757401864
0.013396648478503336
0.0026052245542119799
0.0070879982502168159
0.020064746693134895
-0.0020606888445715067
0.0075781468440056492
0.011537284976044343
0.00099908088511661505
-0.0010334164529430434
-0.0037511982215862731
0.0080418804036108196
0.0030841695810297325
-0.0064330217688995835
0.011117716904839113
0.003844560014767945
-0.006687569487324665
-0.00050732461103154759
0.0084809017200874002
-0.0081903945402753905
-0.00035078843778155449
-0.00029019630318640393
0.0087926351474496567
0.0091229858776879953
0.0052082550304050051
0.00095147137989163243
0.0047913968063371002
0.010116913076388075
-0.0016592065364873681
0.011362122796683496
0.00084010098282590506
0.0065653848918578372
0.0135437391948221
0.0095933939459944377
0.32767976755152167
0
0
0
0
0
0
0
0
0
0
0
0
0
0
0
0
0
0
0
0
0
0
0
0
0
0
0
0
0
0
0
0
0
0
0
0
0
0
0
0
0
0
0
0
0
0
0
0
0
0
0
0
0
0
0
0
0
0
0
0
0
0
0
0
0
0
0
0
0
0
0
0
0
0
0
0
0
0
0
0
0
0
0
0
0
0
0
0
0
0
0
0
0
0
0
0
0
0
0
0
0
0
0
0
0
0
0
0
0
0
240
0.83918220346526107
0.32270604716076995
0.2510929514850701
0.098257169578009299
0.011430131942860721
0.10255117412834766
-0.050430172770144624
0.14101225695748168
0.140667259164723
0.013362890744632365
0.022714211906177513
-0.037910631606895173
0.064973615764726322
0.034969866835057616
0.068845811033162993
-0.030416812640292331
0.049371822491879415
0.030277416728398239
0.047249348429385322
0.048170160567041209
-0.030541529788962192
0.067855201350150732
0.023884597113303523
0.061194510955477031
-0.0032617636934317638
-0.0039950881120170301
-0.012713970754883808
0.020911584658757389
-0.020689495611865751
0.0049813215304659771
0.02718541604681262
0.050449783194034689
-0.00062471049123623691
0.02496072551013229
0.022156627791394937
-0.0025956463599795046
-0.0034469523825574637
0.010877508594939873
0.010270273826280162
-0.020720937996844973
0.010067837425153898
0.027853271713782202
-0.0077457926641918287
0.032889027807592147
0.056668698084714392
0.014525325970138966
-0.013319312512860081
0.028345330206475963
-7.6129694886124284e-05
-0.0028227194564914245
0.027370583198252866
0.016531789871462099
0.040388793969336159
0.0037455831561683008
0.024286611623727802
-0.0032995868883743265
0.027101127597822145
9.4382803781785127e-05
-0.009216752210867667
0.0070458248103935977
-0.0094129867784555152
-0.001334139518537321
0.0027635422962437933
-0.0021850403114857999
-0.005150872326082149
0.00084036124485162538
-0.0070399466080707544
-0.021028522137379563
0.010944613143011917
-0.0032348783434764071
-0.0062952357867100675
0.0065818257149957626
-0.0038880067620885974
-0.021841531230083092
0.0042338152773280019
0.030784083525033396
-0.0075621132274521887
0.0026651931129334241
0.023133405209385168
0.019957202807013005
-0.0071127610598515608
0.023200037843260451
0.0010003915522973029
-0.0016246313300318084
0.0002261248213316345
-0.00039772364906811826
-0.0054056928036818764
0.010831069043050964
-0.0054088217833764577
0.010269599433314755
0.00012586603488629663
0.00088912625624056941
0.0031087534988556258
0.0035418409042004854
0.024659807029169804
-0.0023632190943206682
-0.0035988643770146198
-0.0022570454988001605
0.017661727533696287
0.0013752883053130467
0.0080042051745474099
0.01052193783466986
-0.0019007988277187004
0.0079145218283895227
0.011355910909184301
0.017125915700719328
-0.0041360466360212981
0.01974140601292626
0.016193910989831282
0.018550341918107845
-0.0062459745002087542
0.0052194021178440129
0.0070482866247873381
0.0037622920801486555
-0.0014445401655044745
0.005997848348990047
0.0096042243482414719
-0.0042888337555592867
0.0048133807597979927
0.0068649365876832418
0.0094424858744994733
-0.0065887408718767713
0.015454788082229593
0.0096633407723587597
0.0150056187332731
-0.0001954323301395478
-0.0026694973943156802
0.0074251060854710598
-0.0014148715958146678
0.0047137788004870491
0.33229143871585032
0
0
0
0
0
0
0
0
0
0
0
0
0
0
0
0
0
0
0
0
0
0
0
0
0
0
0
0
0
0
0
0
0
0
0
0
0
0
0
0
0
0
0
0
0
0
0
0
0
0
0
0
0
0
0
0
0
0
0
0
0
0
0
0
0
0
0
0
0
0
0
0
0
0
0
0
0
0
0
0
0
0
0
0
0
0
0
0
0
0
0
0
0
0
0
0
0
0
0
0
0
0
0
0
0
0
0
0
0
240
0.89854518867029565
0.29873182001197407
0.11342564512823965
0.050683538600120662
0.10169380357267276
0.11411277792695124
0.074092787375620139
0.019417878823394349
0.11528933976213775
0.043531955144282194
0.043184927743655482
-0.014003049308919923
0.0011140962181414552
-0.0038235043455547117
0.027393439308847127
0.021282803067648712
0.00089327080926919413
0.078465865753169731
-0.02112865429207688
-0.0023182570928545936
-0.029167644259815696
0.024953789708976326
0.026579189649131096
0.003435303389142972
-0.018977089534357564
-0.016176376126811755
-0.027778060143316696
0.010669053747962334
-0.0059803737064908161
0.029836787050182337
0.017883625157374489
0.060342803382070861
0.0056084477067294414
-0.0063933570404814078
0.0017221486179318096
-0.00056352666289338825
-0.0022543285043233551
-0.0067891402052032901
-0.0073406344568347102
-0.011030828021072227
0.030484345644035359
0.011385573477562212
0.01553761276632909
-0.0079637035344144042
0.023979838022632986
0.01498150704779324
-0.0061114140721906145
-0.026393527430403622
0.024188260418024146
0.031914668464961167
-0.0088211769271802683
0.0093254678106796385
0.016165358272703424
0.034073351034116926
0.028906985010014527
-0.0016537628680740101
-0.0069529123121569742
0.0023952794846612878
0.01146254414154161
-0.013985296067304842
0.0020145231378986064
0.024055423472434192
0.0077801365981914894
0.00098757315433552033
0.0067683014026868014
0.0093541938363674339
-0.017566091109081916
-0.014116795321034778
0.0021348676075047084
0.028414371558667322
0.0016225701937895749
-0.012839582387598768
-8.1944160615511952e-05
-0.014248281566063436
0.0091124607313508577
0.023587915039051686
-0.0053308000448907414
0.012465301156541353
0.017509536951203185
0.0097405729078547994
-0.004988858479908014
0.0022043093917966552
0.0089655183871318964
-0.0080811078012547367
0.0030245582846864711
0.013319481832950885
-0.0087022855946552631
0.0025435290742649871
-0.0066997446097163465
-0.0085743589105420522
0.0083815917637339987
0.017208775320469941
0.0017735519400382232
0.0016603975618612334
-0.0045767720078089859
0.016159202440025403
-0.0025984793177735179
0.004508184868756154
0.0076711085245331819
0.0171991315238481
0.0013970016329498318
0.014023111958229263
0.015321602103860401
-0.00097007226956757377
-0.0042371677642357832
0.00070980438368460695
0.014866721337930475
0.0016382680458446733
-0.0017634075793993345
0.01772918664060236
-0.0079668762272897611
-0.00070096098195065874
0.0028875535379887149
0.0077070091693273168
-0.0063908182936533225
0.0034265491859717806
-0.00024212419721875942
0.019918841005850979
0.011215771197563904
0.0096123363758546191
0.007485953111817498
0.0017197955285622221
0.018659478946628255
0.0050162523894132071
0.016431921612737939
0.00606401726883585
-0.00071924119399085758
0.0073802297418811159
0.0086633155731629611
0.015241091800510339
0.011099223083146923
0.33034886471901581
0
0
0
0
0
0
0
0
0
0
0
0
0
0
0
0
0
0
0
0
0
0
0
0
0
0
0
0
0
0
0
0
0
0
0
0
0
0
0
0
0
0
0
0
0
0
0
0
0
0
0
0
0
0
0
0
0
0
0
0
0
0
0
0
0
0
0
0
0
0
0
0
0
0
0
0
0
0
0
0
0
0
0
0
0
0
0
0
0
0
0
0
0
0
0
0
0
0
0
0
0
0
0
0
0
0
0
0
240
0.906700526051752
0.23211653980755495
0.11240295649054799
0.10597790294268135
0.11658009689565198
0.12728412883198079
0.13924075341449976
0.051118745971482804
0.0053096709428207345
0.076981451575885193
0.017434967348192189
-0.016696641684971487
0.0051208100887310242
-0.018695664709527396
0.016971299252041071
0.028156646903329943
-0.0030475242738422833
0.084796550600647558
-0.03451517911462023
-0.026947107367025304
-0.013121242917835625
0.030306070099112761
0.034258534578639477
-0.01615536719944783
-0.021340987446746371
0.0072339368213111569
-0.01473617462431114
0.01892249855451383
-0.0074462748332452594
0.012739128833970402
0.0084219185399988673
0.046712398800149255
-0.001435776631197621
-0.012062122744188037
0.0066699781982827652
0.013415001606234302
-0.018601257491990167
0.0044145387680192749
-0.0039235417976567011
0.032815132806403406
0.02799354007417881
0.014183984816390487
0.02622309681837174
-0.018841927893536652
0.00086697705071821392
0.014615987374650254
-0.0009220123250713502
-0.022678960856448327
0.014002392029829546
0.042418370729496044
-0.012151479711256201
0.0090612805609750855
0.0085774561821483526
0.035083919483344758
-0.00099335895038279737
0.00057707295035498035
-0.0094167031103435279
0.0087898282122731985
-0.0097750874887928586
-0.010622436134966126
0.013866871319561569
0.027275742075298082
0.020438664414439273
-0.0076903806658331917
0.016191945569289375
0.009630014612855899
-0.0057853263571291088
-0.010997616186763771
0.002059542308219918
0.035252757700580194
0.0099461671238978352
-0.0069803049278864817
0.013886728787820475
-0.00011389154326204127
0.0069134387437897746
0.015865268000547012
0.00045431078279462538
0.017679612739909856
0.0062694978544756141
0.0011414747437327366
-0.001439951231686947
0.00038785871799095265
0.0065016012485659101
-0.0050559186456210553
-0.0047292474684621465
0.0070621988283517626
-0.010863837822402458
0.0080795369969980622
0.0004209662962486113
-0.0065816620298571734
0.0015246271032690239
0.017607687241170799
0.0018706493780099444
0.0048831348343371514
-0.0082422030813055908
0.020588801122620588
0.010464628578649051
0.0031570525976211093
0.0045646559952296868
0.026200502737619352
0.0013560388053341543
0.0022736155515801918
0.012001913512869939
-0.00055548802078083867
3.2741711548494818e-05
0.0011909247994566045
0.015939046142581639
0.0030949266314646688
-0.0049624263346602021
0.0042806471449454223
0.0098831574084320851
-0.0055017088990400899
0.0040302502224993349
0.011031849759727083
-0.0085390518094229026
0.0046535840639400127
-0.0012886041163283964
0.0059807958285207586
0.010526583415251367
0.0066387014663805248
-0.0016522810011103649
0.010012741399440871
0.0067670388997503389
-0.0039685580735286524
0.0091775991586321506
-0.00040495567755264911
0.0028762059293602343
0.010467011842399213
0.0071537962229494927
0.022059234157711202
0.0018449853603905411
0.014467392224081709
0.3291740410845983
0
0
0
0
0
0
0
0
0
0
0
0
0
0
0
0
0
0
0
0
0
0
0
0
0
0
0
0
0
0
0
0
0
0
0
0
0
0
0
0
0
0
0
0
0
0
0
0
0
0
0
0
0
0
0
0
0
0
0
0
0
0
0
0
0
0
0
0
0
0
0
0
0
0
0
0
0
0
0
0
0
0
0
0
0
0
0
0
0
0
0
0
0
0
0
0
0
0
0
0
0
0
0
0
0
0
0
240
0.78233685787774221
0.43103498170733051
0.19947263087403858
-0.045501491818940712
0.096493043034454815
-0.013720742339796877
-0.087291237857594628
0.036743823542597989
0.16103582521949722
-0.032159934241537118
0.054188341558210763
0.032980112679138626
0.13010649320157147
0.13917165369343049
-0.020873555480936189
-0.03059904548898288
0.024490506415814642
-0.033775701691606839
0.15457092107741574
0.023413168127821786
0.050895700705285742
0.0038835056182336641
-0.015545737242196964
0.020527039994792946
0.053519032934788838
-0.0020965292977480989
0.018201301854065446
-0.0045023839092656398
-0.010251542024002731
0.033999919177561254
0.029734182365498477
0.012079532844663564
0.015713822824727251
0.033237173816658701
0.0056521198745014085
0.027265234798452349
0.018432805053730857
0.001024993150849641
-0.018052863224628311
-0.020515488037558479
-0.014534027349152502
-0.0033295418007866159
-0.0036674816662897619
0.024457679495112458
0.025242683275608181
0.0057479392049048271
0.037858818027748931
0.044783930931674272
-0.0042325511880364573
-0.012947867610323438
0.038598450636510399
-0.012293027194981323
0.0089882018007450028
0.0036896218443683826
0.053320254639574335
0.019500586745428917
0.023494336460022868
-0.00026139390162977297
0.0054831054236572129
0.00085689580221479176
-0.0042986020762450566
-0.0094195130246700551
-0.014276668053187587
0.0021327208774183327
-0.013772216578350245
-0.0022469203478647629
-0.00091413132511790731
0.0091430388816520526
0.012230853854193761
-0.005524027178389508
-0.0091472884648254559
0.0010523856174401397
-0.0041606908363878772
0.010947572108039554
0.0021101960768070984
5.0367464705019258e-05
0.0012364004972319669
-0.0061976736081359738
0.0064127708229429724
0.011005405124373147
0.016258821925988098
-0.0013459604514825072
-0.0047358775633604862
0.0045334714752119113
0.014263692722751121
-0.0025881775337448514
0.040457038332766974
-0.011069913026461453
-0.0052617535780612673
0.0064006313475311076
0.0054573091067320239
-0.0034218532858068173
-0.00027517784733260706
0.0027999601799448123
-0.0021683984393698849
-0.0067590131543723642
-0.011682022930853832
-0.0018297474722615288
-0.0097939092056192802
0.0010322784204076715
-0.00021823784137193217
0.000258488063477266
0.00069369543691397248
-0.0011582743239582965
0.0024112103845688078
-0.0057321532794544642
-0.0089205029414714289
-0.0037261948421243585
0.010361275385024838
-0.0035122614137630824
-0.014924765826034988
0.00078340866767475173
-0.0068262513836080396
-0.0012778560688151744
0.015611466418712845
-0.0076172788891026404
0.0043733878407426234
0.022226917961736696
-0.00057979639757593121
0.00058857290863282392
0.016568663952241092
-0.0062361737850273862
0.0015921611000459918
0.014494008563523217
-0.006566767948684959
0.00093848949058315389
0.001489931923014515
0.00042097602437810347
0.0013053192788954478
-0.0080022269851357849
0.0022058778670587765
-0.0033070505415426646
-0.0092745395003928071
0.34402919345594857
0
0
0
0
0
0
0
0
0
0
0
0
0
0
0
0
0
0
0
0
0
0
0
0
0
0
0
0
0
0
0
0
0
0
0
0
0
0
0
0
0
0
0
0
0
0
0
0
0
0
0
0
0
0
0
0
0
0
0
0
0
0
0
0
0
0
0
0
0
0
0
0
0
0
0
0
0
0
0
0
0
0
0
0
0
0
0
0
0
0
0
0
0
0
0
0
0
0
0
0
0
0
0
0
0
0
240
0.78781922648440317
0.47310820629363254
0.1114553096445368
-0.0074423626334472097
0.17964616199717787
0.03969889097915609
-0.08452873632575153
0.024835910722481907
0.11284880458428437
-0.069927376596541552
0.059048131587939756
-0.00068076409518262994
0.049818672060013953
0.11177540039833672
-0.033780751442742028
-0.011199912171646759
-0.0041466541261187071
0.0042476780528585391
0.1114927312615205
0.0035903156252516826
0.058595141738548094
0.026268203022406067
0.0066211225543395674
0.021553235352980243
0.0099064075538895825
0.019492718323108969
-0.0036508931346617849
0.0096638260390603265
-0.013925288887258351
0.053658612391994515
0.024959795552876286
0.014073676095462615
0.0098112085823909238
0.019040848857846147
0.011987822815892536
0.091460976893716475
0.00089189271913965248
0.003913087688868477
-0.0067859208555682924
-0.0034499551833956045
-0.0072413718329725728
0.0014071734046461361
-0.0049148151368724226
0.029774121691060178
0.037793303178921302
0.006299135661993166
0.049590696076636298
0.033091721011784654
-0.011072989736909384
-0.0045629115469861085
0.046460902160831166
0.015270396977802039
0.032373111252318607
0.0091682474296619562
0.014911198042098655
0.045879115768828464
0.0016447211315407792
-0.012817470629896509
0.0038209879431188873
-0.0039803169551012145
-0.0093744563187256203
0.0082951286577937645
-0.018097283637539902
-0.0038605114898339257
-0.0049661802562554749
-0.0087547933991071573
0.003276373020975957
-0.0081884632630269405
0.0023175481306845227
0.0087958644793480374
0.0051849683390668934
-0.013232917632007429
-0.005343512487251411
0.019679945628618384
0.0062457919920191791
0.021236917330874745
-0.00090973635563836453
-0.00014389734950145936
0.029355014826332407
0.0035641734424595897
-0.0092397765323999331
0.0018364073163588332
-0.0054434419369842205
0.0069601335777212314
0.029078352029462864
0.0087955284217910903
0.015229533764682765
0.0023291734627538915
-0.0056176845922358215
0.015604994706697493
0.0099371930033422123
-0.0044044709546128043
0.00012817652392566013
0.0075919339557068994
-0.0010573983505624898
0.0003194534101630057
0.0088768014045916711
-0.0010081379467225949
0.0005087466569536882
0.00036430748188442773
-0.0069156128035246537
0.0059778341556434873
0.010568774156622234
-0.0013624925483596566
0.0050072381654099173
-0.010058281164148216
-0.00077638419436499933
0.002112005265761704
-0.0048306890961186781
0.012725984828795301
-0.0086909783397133566
0.0027662700019533966
-0.0022747839134135243
-0.0018660645535282993
-0.0012757114295244667
0.0019572870375109542
-0.0053014283873371142
0.0032471229030844638
0.0013753677311278444
0.0053151283935757515
0.0097794730359483904
-0.007603301089461674
0.0017540961886466605
0.020652372713810103
-0.0025215679591904234
-0.0054416645092339924
0.00066741462025016348
0.002815777135761555
0.0026337246528367877
-0.0026739277319255267
0.0049762970861381515
0.00087380128086571264
-0.0059822417433215633
0.027911599143816083
0.33836567825526181
0
0
0
0
0
0
0
0
0
0
0
0
0
0
0
0
0
0
0
0
0
0
0
0
0
0
0
0
0
0
0
0
0
0
0
0
0
0
0
0
0
0
0
0
0
0
0
0
0
0
0
0
0
0
0
0
0
0
0
0
0
0
0
0
0
0
0
0
0
0
0
0
0
0
0
0
0
0
0
0
0
0
0
0
0
0
0
0
0
0
0
0
0
0
0
0
0
0
0
0
0
0
0
0
0
240
0.89761631360548455
0.044077958694112913
0.15411344163278395
0.10550746119417158
0.048589818297408535
0.14338901096408113
0.1815703361578517
0.070438660658601215
0.00045694902895772874
0.11752595711885289
-0.02657929061084063
0.063062948173362401
0.083560709650910628
0.03817924940235478
0.03306280200142394
-0.059617810489980161
-0.042774203284606835
0.095427407812456094
0.011229285845139542
-0.020046098070442053
-0.023376026538201453
0.085159309930685517
0.076711231724032575
0.0017486545281529379
-0.017891937963367945
0.0021056191270030964
0.013510897014663799
0.051804467113830237
-0.030553093782234413
0.0023815501613617313
0.025333834444792216
0.043411275118383233
-0.012511852769422713
-0.0014397136558361779
0.04411666234010151
0.016021414286110258
0.00013508364294105013
-0.0092988680698115247
-0.019307981822093787
0.02744525838380776
0.01275762190268937
0.034994608549479722
0.064980441369727859
-0.0037912641265703743
-0.0057662304593942056
0.00058011545583768831
-0.00050118580612590747
-0.014573272074597349
0.010597259512228422
0.028200217018554651
-0.012955746928531294
0.0062425305305874382
-0.0073120404735091101
0.033977997282342111
0.020669047442679899
-0.0041138253561848349
0.0069944964380522718
0.012480556645270844
0.00056762135126854228
0.0034454805080714134
0.022216221786993819
0.0080045895421120457
0.014280463542868306
0.012571497659516442
-0.0087374963816672039
0.018624193134136647
0.012152231025169718
-0.0065687376728980973
0.0045753673507140163
0.022016238810220065
5.1167897696394528e-05
0.013757592693231352
-0.0086625354051461483
-0.0024956892172044113
0.0047569330642136766
0.0029855474268148975
0.045081400171265135
0.03287910612476326
-0.0048016452860629539
0.011151986900387052
0.008706568345707268
-0.0034125158328287895
-0.003149344624204999
-0.009208525017869125
-0.0033496974054793524
-0.0033070253144454153
-0.0021336189443576506
0.00045125701076216551
-0.006775505643784859
-0.0079304099813089501
0.0094737275148937521
0.0050827079335811461
-0.0068217580934543682
0.00064565420682523159
0.0024149932669902106
0.0061208384458546093
0.0028318622471219428
0.0045418042428360082
-0.0014256536689193162
0.028070526297422994
-0.002768746656669123
-0.0057903851563378753
0.002529822375852829
0.0059599145509602715
0.0012315244083751283
-0.0088204773473961173
-0.0038670681832084757
-0.0076208839689124227
-0.0078037347710900925
-0.0012465080913314996
-0.0045577700936359402
-0.0099547668969556698
-0.010480590208461272
0.0059335974930894621
-0.0010740074431317937
-0.0096272342947392679
-0.0073132281885420281
0.015633306763328112
0.018713662743008969
-0.0012937852737458452
-0.0025040103441855773
-0.00015737623109475683
0.0037944341855849846
-0.001285051891509144
-0.004026829110169803
0.0028428073012632862
0.016310415995954612
0.013859080100203178
0.020149618313276645
0.01119900266973984
-0.0024099976326803769
0.0023977332195962396
0.0057553146986312276
0.00028413987590005755
0.00046058150273805214
0.33385420704649421
0
0
0
0
0
0
0
0
0
0
0
0
0
0
0
0
0
0
0
0
0
0
0
0
0
0
0
0
0
0
0
0
0
0
0
0
0
0
0
0
0
0
0
0
0
0
0
0
0
0
0
0
0
0
0
0
0
0
0
0
0
0
0
0
0
0
0
0
0
0
0
0
0
0
0
0
0
0
0
0
0
0
0
0
0
0
0
0
0
0
0
0
0
0
0
0
0
0
0
0
0
0
0
0
240
0.92779954350605043
0.15166833685489467
0.065453002881923711
0.083090494573006907
0.1531250685083704
0.065470681556808075
0.092981959699753008
0.011133064132766506
0.018229065143226003
0.018981213437736497
0.046157865400729324
0.065743613236118242
0.044647805518158633
0.063767819967425268
-0.01313764942757091
0.0080398090752640001
-0.048063672667893902
0.053029929148682806
0.034554669217113303
-0.025740918164903301
0.069917488556570498
0.025321429358671377
0.028259078260244909
-0.0049726654982072665
0.00032862960055743558
0.043298699363755022
0.028401067088126831
0.047844869450022295
0.012049405924707064
0.00084567152768309577
0.009411199322960126
-0.01402460798354385
-0.00081059935653954329
0.0075295051126228535
0.012160353527543905
0.085464055075619091
0.018433240882018236
-0.0027030788608806014
0.0081736869769155271
0.055837502354419595
0.004469567784519804
-0.010420055827208502
0.030975727781744931
0.0072592523615242132
-0.0063969806115037981
-0.00068658223238660966
0.028977985040966461
-0.0016769397948447162
0.010545944078527859
0.020606885721464407
-0.0079838167345839938
0.027874605158738356
-0.00015905719750844863
0.032534610198532252
-0.014459544429662007
0.025041475244619707
-0.011422990387826038
0.003964299493527992
0.0085927969930090792
0.0038242761509515734
0.0048456945249665262
0.036306428596415564
-0.010673558452986625
0.0085895710381458414
0.01255613787123982
0.0080230725048484521
0.020289211625667693
0.0054239093767730106
-0.0028490873932720657
0.03527371786650866
0.035452695587096683
-0.0094416250686789431
0.0041247365362198814
0.015879394179845206
0.0078994706908667358
-0.0063918242143294942
0.0035606856074367741
0.011749915647385931
-0.0057806833450876078
-0.0019805165525318539
-0.0005037890480790422
-0.0081549592217168357
0.0035325426381166217
0.0058375273379004953
-0.010477274069843778
0.0068435606694912977
-0.0021675958777189869
0.0051087123613782724
0.0046714569607831805
0.0055974135284801406
0.012796313583031675
0.0030492574250584369
0.010675846724928625
0.003589286561226296
-0.0033221371806283033
0.022083210208748701
0.029308708191781507
0.0089557037194662112
-0.001682044399765531
-0.00064563385963869763
-0.0085018085509683504
0.007273383249285191
0.010451105046250742
-0.0057484270239046504
-0.0022095164440736345
-0.014511761651713275
0.0049766675645292156
-0.0042894534273720062
-0.010299868019691247
0.0063902093357033739
0.0049337510661226595
-0.0042668099649995862
-0.0057306622822820728
-0.0058629875008039869
-0.0024992034970884387
-0.0036664431407956808
-0.00472394969434403
0.010387422455782124
-0.0016953040463666719
-9.4576836595926592e-05
-0.0033892509519504767
0.010743941131196113
-0.0034320910040078357
0.00019840205598380535
-0.0025854877949474217
0.00089216292063062875
0.008620456106862958
0.0037349061355837717
0.012201125354441848
0.0083083950229628431
-0.0073123676505651583
-0.002867484934021771
0.0053291186354044364
-0.0020721096278579457
0.002780905387222601
0.0089520036670649328
0.33275994670792369
0
0
0
0
0
0
0
0
0
0
0
0
0
0
0
0
0
0
0
0
0
0
0
0
0
0
0
0
0
0
0
0
0
0
0
0
0
0
0
0
0
0
0
0
0
0
0
0
0
0
0
0
0
0
0
0
0
0
0
0
0
0
0
0
0
0
0
0
0
0
0
0
0
0
0
0
0
0
0
0
0
0
0
0
0
0
0
0
0
0
0
0
0
0
0
0
0
0
0
0
0
0
0
240
0.88512634127752832
0.16151934565195425
0.26892263424325785
0.13398540386309696
-0.04455532136305073
0.10386404646735264
0.066783439291448352
0.11712768496277084
0.044158594719732686
0.093031922524342961
-0.016857575743462045
0.036771090402197594
0.081855803317615827
0.023912942211714694
0.055102644577632934
-0.053335502528083431
0.016335522156776614
0.022111908417124595
0.053799031338043236
0.052604232252727937
0.0033212816769137305
0.071834062030016688
0.014139202579227989
0.041393783203550277
-0.0043183390908416996
-0.0015383396024179247
0.038162113512807905
0.01230190376463754
-0.014401886759699157
0.0087641490879943624
0.037343434667080205
0.035857709095995463
0.010988514932206365
0.026808734955749421
0.036467886114787039
-0.020680633571810124
0.0018758646593888949
0.012648791271259752
-0.0079559189514107793
-0.010016568263516264
-0.001036173376536166
0.032536851488423398
0.018066814220622091
0.010528507767153354
0.001764881469439524
0.0095239409278738921
-0.0047978467673031122
0.0036390797020353985
0.01006981511568833
0.0093332265778199759
-0.014670502813234499
-0.014652885575757913
-0.011621160484770949
6.3294143076845694e-05
0.01739714488509303
-0.012779124241106249
0.030914455957151907
0.01841776206831152
-0.010538995291729827
0.021459376968319659
0.017819784358281188
-0.016629347326619328
0.025831520312749493
0.011540867008776089
-0.013527637680988669
0.016785769732125914
0.0061275041950137532
0.0095487676284552875
0.016774779143861562
-0.010196070989134462
-0.0168832182348615
0.044839197457880071
0.0037427486441864305
-0.0043366735197403507
0.0046074122259852123
-0.00014281653560212345
0.022386261493363941
0.0068159789777862004
-0.0057023258225874212
0.019920238059027713
0.015846492280723257
0.011483317518357728
-0.00097734707278019197
-0.012460835646644281
-0.0094428476204782754
-0.0075122562262103475
-0.0024493374071692491
-0.0064057610970843998
-0.0022408206919246739
-0.0056746916687354845
0.0015212351432776943
-0.0045585088461549622
0.00086288837904116556
0.0018598769505874903
0.017834650783688521
-0.0074321746304698479
-0.016116094006251063
-0.0011725007306106791
-0.0041415980019555675
0.0020357340512973895
0.016186570512550694
-0.0082490369984829382
-0.0062051109947660089
0.016258068824362849
0.0093082288515338885
0.016363419277088346
-0.00175986433989886
0.004014631477649056
0.0038900453210958435
-0.0065633059510017307
-0.0086012413300479377
0.00022961423974118605
0.0022095181579772742
0.00091258911810901953
0.016905233289149942
-0.0067355005813921004
0.0017351001607813945
0.0077640772363062717
-0.00030876572367691989
0.0010923739524035163
0.0019687591178459479
0.00066752512261294408
0.0018769826717819028
-0.001457342363112327
-0.0019792108429443297
0.0082250986132770699
0.0043506222869019555
0.011622646134965631
0.0013513441600195776
0.0011852470373760774
0.0058812708007601917
-0.00081238147366384983
0.00044221635944318653
-0.002191881260793979
-0.0047052259004312031
0.0079292815591317841
-0.0045648839361711706
0.33020561893430267
0
0
0
0
0
0
0
0
0
0
0
0
0
0
0
0
0
0
0
0
0
0
0
0
0
0
0
0
0
0
0
0
0
0
0
0
0
0
0
0
0
0
0
0
0
0
0
0
0
0
0
0
0
0
0
0
0
0
0
0
0
0
0
0
0
0
0
0
0
0
0
0
0
0
0
0
0
0
0
0
0
0
0
0
0
0
0
0
0
0
0
0
0
0
0
0
0
0
0
0
0
0
240
0.7663391235725423
0.4905992459556785
0.20392738408748551
-0.056429758857118845
0.059724957052288814
0.0070507994082451911
-0.058595197017679838
0.015948442630183725
0.16575073932281201
-0.0076784100177775061
0.040878895579067653
0.012208873348214805
0.088722352401615162
0.073063435042740668
-0.016433507842200584
-0.019203353781807535
0.05471409815296626
-0.022661599059206908
0.10725504369475727
0.026208835231405769
0.008421041812345334
-0.0030643524924797477
-0.019795223792249836
0.010217013311209042
0.035183656902472396
-0.026323450471994921
0.00038591909307208132
-0.025795414298208977
-0.019770163942640639
0.058401708985236833
0.033619258717214107
0.052165918074051749
0.023082836707824017
0.020162849614538809
-0.00044395685434365991
-0.022096915907513736
0.004756930856836138
-0.0017488276825135692
-0.031612181604585093
-0.041549676619716466
-0.0075676241561640507
0.00087281101657732385
-0.0022357390407620656
0.0021003537628291862
0.028646428966897241
0.015404940930970109
0.019246680742557174
0.0072042848122628707
0.0028674735808726253
-0.0054708476547294339
0.026300734925799357
-0.028602590826133041
0.0086322474067670671
0.005824878224479791
0.080505849439972549
0.00040544575430709443
0.022555434834119269
-0.000156295358179197
0.0090145343162836272
-0.0068339931054664559
-0.0022739334326793786
-0.014288886788662067
-0.0069132189114146083
0.0015685263409580749
-0.016429454012530958
-0.00043564096984319371
-0.012872713628685748
0.0096917050683239334
0.0171309471865203
-0.0061421244748823363
-0.020199798916726505
0.0019305777077788537
-0.0015673933656414542
0.0023459651706505659
0.0036104747885880133
0.012177948141689985
0.0020960684604323936
-0.0066891611439604624
0.015660799813311848
0.015529356078296357
0.017588186001740697
0.0010898236138490809
-0.0030714203359670624
-0.011061059740958688
0.025167484742882971
-0.0016917880415041166
0.03804662591528838
-0.017890618718238514
-0.0063023574106708478
-0.010337992182355669
0.0012976608579522268
0.0042157473082379349
-0.0045966391931779229
0.0021240128619396241
-0.0088829562983172832
-0.0080558257745866422
-0.024089031836116284
-0.0026280870178174132
-0.011197285132393233
0.0015776712970774467
0.0066444543163422139
-0.0025056740411646778
0.0019309600043931042
6.3687992374343442e-05
-0.00056039883675249123
0.0031262776475813928
-0.0031987854992894921
-0.004740690991386705
0.019466609843175386
-0.0059094150774582875
-0.021378519099113851
0.0005709694150092435
-0.0051967062160255652
0.00039911935485758979
0.012051207258598881
-0.0071610739188751171
0.0069178486127262984
0.036163051082010379
0.0014541991593743355
0.0052173557294436226
0.024109473315836738
-0.0071528856924431066
0.0083786569715014938
0.012456326104406874
-0.0036980836457509701
0.0034771251180490655
0.0017058795935175478
0.0021703193214149393
0.0012325276263589367
-0.0081008727713720759
0.009871514506402718
0.0058074271674024517
-0.0092244637480957525
0.050037323530670516
0.015264173877683022
-0.0001477015242294268
-0.008437758744160917
0.00049848981490497007
0.35077282594206044
0
0
0
0
0
0
0
0
0
0
0
0
0
0
0
0
0
0
0
0
0
0
0
0
0
0
0
0
0
0
0
0
0
0
0
0
0
0
0
0
0
0
0
0
0
0
0
0
0
0
0
0
0
0
0
0
0
0
0
0
0
0
0
0
0
0
0
0
0
0
0
0
0
0
0
0
0
0
0
0
0
0
0
0
0
0
0
0
0
0
0
0
0
0
0
0
0
0
0
0
0
240
0.86880663059831842
0.32877860941024556
0.20187778826714234
0.1079275262495806
0.011304770289069363
0.11498208967775471
-0.02085780841778884
0.07443079999060688
0.1412042087404731
-0.0098633153779388617
0.011711134958840868
0.0054183355106620073
0.01577118202383309
0.058906874333773361
0.03323910444994279
-0.012298526403096617
0.0031544578660584613
0.03277543700702408
0.047309817406988169
0.074532622601269902
-0.008205228109708888
0.038696122616749623
0.016242199466589818
0.055994378915783849
-0.0057794825786995083
-0.0029372744383496809
-0.022098445684732872
-0.0076847191907907491
0.015153979999745949
0.051797540595981455
0.039194482951235378
0.035289204195349054
0.025332247831219998
0.01128930304971478
0.0091010016321297401
0.0059553328805540444
0.0054080825638540006
0.02156055879457516
0.0060840731787731696
-0.026332278241023223
0.0077040123334770894
0.020548421726348132
-0.0043187873973165279
0.029764664001494905
0.03311370213721835
0.0093991380431868478
-0.0072165906015015423
0.0061813277690811559
0.0095393404265608946
0.018357514104858409
0.0054768182046974218
0.0087874384588193695
0.0091086158140553427
-0.005826274773864085
0.023361649550948632
-0.0031571902556020736
0.013864898963106494
0.00079181163969623751
0.013224165000909442
-0.001057467160919773
0.00059612931121776622
-0.0036324599408315335
0.014157152951383766
0.00017761250359221264
0.00064055303030007547
-0.0017976402571042117
-0.0060583898808625877
0.00017858675753619927
0.0060512645163261648
-0.0066318648261354989
-0.0073287343249014564
0.0099737547766894485
-0.007244084040854526
-0.019794100800527577
0.0094597841524906336
0.023482040314653584
-0.0036527032955869137
0.0082630559826791846
0.018790976835388926
0.0086893933046794884
0.0023736147531926047
0.022610726953097397
0.0017101762682279796
-0.0058331125160109385
-0.01386223800593513
0.0087024833022409046
-0.012219470420788685
0.0017838160189034154
-0.0065693610426190169
0.0031404690792462375
0.013312521752409195
-0.0063567309410459258
-0.0014714077365167218
0.00473985486381994
0.009360191000569968
0.00057808324324801512
-0.01069168014817495
0.0014805162460547188
0.0084826042913769863
0.0041126171568195702
0.008329982570695291
0.0015704162489439846
-0.0037544436388050333
0.0025282758245911718
0.012979621422478186
0.0096455673466618024
0.0017887083205242599
0.012832490024326734
0.0072520555815012207
0.016667085840853257
-0.012225268391710439
0.013737161203671763
0.01294304211655143
-0.0027951855247147868
0.013505664726204188
0.0078896472317914208
-0.0028185573007310063
0.003850616181579438
0.0066659396520500434
0.0082652098382743917
0.0069269380393769987
-0.001964719943260875
0.007878669611468516
0.016090878561890516
0.0052923708344290521
0.0033699935879804629
-0.0039281946981398743
0.0058463717592530367
0.0018238301231764452
0.0037678974814453268
0.01746106186888419
0.0097097477289610039
0.0027595678937814153
0.0028046189305699779
0.0062246895259358542
-0.00026479941798455791
-0.0042969751570481373
0.0085112163678041849
0.0080908302992495421
0.32744370996037975
0
0
0
0
0
0
0
0
0
0
0
0
0
0
0
0
0
0
0
0
0
0
0
0
0
0
0
0
0
0
0
0
0
0
0
0
0
0
0
0
0
0
0
0
0
0
0
0
0
0
0
0
0
0
0
0
0
0
0
0
0
0
0
0
0
0
0
0
0
0
0
0
0
0
0
0
0
0
0
0
0
0
0
0
0
0
0
0
0
0
0
0
0
0
0
0
0
0
0
0
240
0.90482512390514025
0.1242060820292907
0.098870340651145847
0.13455473778085747
0.089502923294571574
0.063413623470222613
-0.0047387969475046476
0.057582431296195842
0.1392125703305124
-0.029040696679286927
0.039658223735559557
0.085841448860241892
0.053578904255749842
0.12902308747692323
0.05124258018815888
0.003956845948714342
-0.053377208154671132
0.040995975621164069
0.032857928552255507
0.042213720918921331
0.0097683498187687758
0.031045495228139968
0.064346724763596708
0.051949332226449776
0.021379714311459241
0.041778825503620373
-0.012521104067008968
0.052622924560392241
0.050168615159958602
-0.007617914849163519
0.0045853390199363259
-0.033098743485095748
-0.0079764609691848534
0.0033629587543151105
0.0060322749554496576
0.064664085449558054
0.055423705497366603
0.0012283572378262682
0.055460653655877289
0.025118832900198076
0.011918283267514243
-0.0017885553304487994
0.0056956489405902699
0.050029346116489543
0.02034195824207469
-0.010759142685086964
-0.0018517640629345015
0.025256498415371417
0.0050806087694177876
0.0023647476137517651
0.016462240081264654
0.063388074288461563
0.014187243177580992
4.0234075336705456e-06
-0.0022322769923183794
0.014138158203919043
-0.0072655560879807688
-0.0063145527882550959
0.044208773766110473
0.0068735778147152402
-0.010571280911960038
0.022228956365659816
-0.01514357242177347
0.013999882841240999
0.018655244896525383
-0.0078174947759558893
0.021323174232942471
-0.009059871562344151
-0.010309061088285675
0.0044940756900018067
0.033325240571705321
-0.0153983374296051
-0.01903267719175605
-0.01090362871000553
0.0033257215462744001
0.0045536008588292392
-0.0031619107510390608
0.010573316102455861
0.0051678730012460128
-0.0074201645811153077
-0.0077836165819266173
0.0056583278936894674
0.0079906685972742243
0.026055848666071683
-0.0010830259865532695
0.016031136954954374
-0.0079596813621587836
0.021342826556458791
0.0082939078200223934
0.022024585941674602
0.022519304409284239
-0.0016760542379196431
0.0010160112270624314
0.000153358851722569
0.01467429224172479
0.0091854920561512503
0.028024092361914003
0.013532421128519212
0.024050432744159769
-0.0039400098143451195
-0.0091094688230773397
0.019586829981455157
0.0040446218659841021
-0.0028323099488814178
0.0019902080051500989
-0.010452993852115346
-0.0058212864163518724
0.00029333179577346175
-0.0065408674530504996
0.032986322952633762
0.0022017028311092459
0.011409019962539613
-0.00087918690075764502
-0.0015955683785994913
0.0036887069197311835
0.0043527079170786621
-0.0072146748422627803
-0.0057897605715890336
0.010527711564522872
-0.00093272481618858819
-0.0054513259959571127
-0.0027979157601731512
0.0028163593639016762
0.010960319864518831
0.0035099913880919042
-0.00043765340954341468
3.0538116000905196e-05
-0.0054783740402495019
0.0081953258005026657
-0.0032718415100473782
-0.00090480656891258097
-0.00014468155844616149
-0.007140972762591318
0.0027663984996366634
0.0086395891139085662
0.0019441033381387917
0.01378624529583666
-0.011381322431621099
-0.0024065506555216985
-0.0019056176505244157
0.33739753913939274
0
0
0
0
0
0
0
0
0
0
0
0
0
0
0
0
0
0
0
0
0
0
0
0
0
0
0
0
0
0
0
0
0
0
0
0
0
0
0
0
0
0
0
0
0
0
0
0
0
0
0
0
0
0
0
0
0
0
0
0
0
0
0
0
0
0
0
0
0
0
0
0
0
0
0
0
0
0
0
0
0
0
0
0
0
0
0
0
0
0
0
0
0
0
0
0
0
0
0
240
0.87217467589025599
0.32324585741202677
0.23439320203562766
0.04904089247026755
0.037964467167741225
0.0045630719195382582
-0.016494148104776129
0.079512285125712054
0.058985801124740146
0.045922735661329261
0.063225385731788375
0.0024715761250445607
0.097315276211895854
0.0024770746066682323
0.017943233428182485
-0.0063767006511403221
0.080890560186924865
-0.025651986740894379
0.084524613311823107
0.0084028269365688472
0.071174215348024039
0.024448135958289006
-0.028520464777517185
0.012038232926822651
0.024834395101773786
0.014247074792940658
0.066186761320674595
0.016233771979477271
-0.020540838897067214
-0.015850730812438082
0.015323650669748752
0.016310240889033469
0.010017808274686209
0.048039125621025858
0.014079722791144443
0.0016111624792640217
0.0045389600620582777
0.0043077636189320107
-0.0078612474529325179
0.0047600071848234934
-0.0079596148053083116
-0.0059454365642600364
-0.0011836891867087289
0.0042656812590565829
0.015480714913191548
0.020952071740597829
0.023519514335653011
0.02684363048692804
0.0032504549564856184
-0.020241036938439066
0.016048727975903964
-0.015392199606497292
0.016038865739408204
0.01552801812858986
-0.00017012890859559692
0.010153619533537106
0.020504997727569814
0.010714284268541603
-0.018130389008362835
0.01842596713852427
-0.0020402716022062915
-0.00072434598291812021
-0.0083447792907821536
0.0053557843012152911
-0.010192420951626391
0.014249540640029227
0.0030349541896657153
0.0080804984682071035
0.02111499572305027
0.0040552967744275749
-0.0034737986480951086
0.009904566640752269
0.027789910323645698
0.014575765418378425
0.0047205558410603277
-0.0063887917146856444
-0.0036844649497251667
-0.012166565303371528
-0.0012547510319787431
0.020114429687023969
0.0030685249328489036
-0.0030914253971953405
0.002400954164414697
0.0017106840025541995
0.013139176689887077
-0.010270917931701483
0.031587028858988953
-0.0072553763622911546
0.0016790013523332861
0.0061265091781166521
-0.01036469863000352
0.0066569870138331435
0.02056156507478148
0.005262932074685157
0.0027051398982593832
-0.0042545710501336884
-0.0061636648601514311
-0.0020593943489572147
-0.0077695435493647961
-0.0091594478715345488
0.011231439130055145
0.0063407324545585904
-0.001386158108812621
0.0053390746446165789
-0.0028810349292197122
0.008017733902927867
-0.0049323716076327016
0.0044906035334056462
0.016460792675690273
-0.0085250976848808436
-5.4130434047331895e-05
-0.0012721366977325242
-0.0019041659403053362
-0.00040545648205846953
0.0035998352046775536
-0.0033981037314512012
0.026187148577664993
0.0077777497557921073
-0.0097537230441533812
0.0040678342893361204
0.016536308873810739
0.001591556634182766
0.0023670339975285794
-0.0015498543079218818
0.0024765608888421744
0.005944797317620678
0.0021199087147208777
0.0069519996579828639
-0.0019923897303037396
-0.0013244189214547274
0.0014654229445971252
-0.0021532749989889169
-0.0027257533031887519
0.009004480043200095
-0.0048607631960081322
-0.0019277252077656258
-3.0070560793338367e-05
0.0072575560457018226
0.0075876376243478264
-0.0039095360902058314
-0.0051742375684169332
0.3281837210088408
0
0
0
0
0
0
0
0
0
0
0
0
0
0
0
0
0
0
0
0
0
0
0
0
0
0
0
0
0
0
0
0
0
0
0
0
0
0
0
0
0
0
0
0
0
0
0
0
0
0
0
0
0
0
0
0
0
0
0
0
0
0
0
0
0
0
0
0
0
0
0
0
0
0
0
0
0
0
0
0
0
0
0
0
0
0
0
0
0
0
0
0
0
0
0
0
0
0
240
0.93312533779579609
0.14086625622706236
0.093499728129038256
0.17320231301183595
0.043463658323095171
0.10845370194423386
0.11065217928435604
0.023524795440910674
0.069984869460566715
0.038125996627695453
0.018337907819107616
0.060555157515053304
-0.027720673323329472
0.012631757414896437
0.042098018314099456
0.038266429917375333
-0.022641618289334337
0.063899547011878027
-0.030815296557628633
0.033074791886926594
-0.015686558303173431
0.012783436068142697
0.05080306036585551
0.014167675528213103
-0.0040940349086941207
0.019113125995669458
-0.022853963791335006
0.0058448061044000712
0.040954834562945679
0.015573733750758304
0.0017304637579645158
0.0028388108093447728
0.0086380468505301792
-0.015164145053311619
-0.0056367655836873183
0.001593873615546121
0.014193640642730737
0.0065315339455059998
0.02841707009605892
0.0066717593113966717
0.036884202933426029
0.0079626480576537005
0.0065996881848222298
-0.00049308163929974046
0.0026511759982386432
0.0027003798757690481
-0.010998126178574166
-0.01745881205809565
0.020146088992234759
0.022163122681073559
-0.004948810792708389
0.016651209162449838
0.00071929306596819431
0.00097264878407486407
-0.00091400161281506812
-0.0031850905969608226
-0.012718231491057103
-0.0014589733410459885
0.040115855412539057
-0.0078799483696272172
0.015049878675953598
0.018034832720117917
0.013146043186926222
0.0051717141320747929
0.027230603052513496
0.00044092705407487763
-0.0029387627194009188
0.0036675548417017729
-0.0054405585946163369
0.0077248897289825405
0.013146261624297268
-0.01099158074722293
-0.0032733353869920621
-0.0090510643407412609
0.0065518736222120559
0.007817456331162223
-0.0021815379951097003
0.010458435271346395
0.0058941808444067595
-0.0067568584966259488
-0.0058702272640813753
0.0045047100448871473
0.014585543392538166
0.0027964039722533952
-0.0039256276026757454
0.014400742757643253
-0.0072801674171705019
0.0067797477348657239
0.011659096555418373
-0.0008818525004487003
0.0068168771751042452
0.0046555610437857735
0.00039511609101813806
0.00091710742831063762
-0.0061139958491194879
0.016833351429490398
0.0052272877644868199
0.0095478286400176113
0.010245906959607956
0.019636459163566631
0.0016420267663359617
0.0079982989037841769
0.0036035915855911157
0.0011835792045132979
-0.001026004588816537
0.0028799023003653777
0.0078563156261794841
0.001937120490787705
-0.0011753572241973845
0.012739105823639442
0.0026249949582238612
0.00898953873174165
0.011217280846741694
0.012335487919353542
-0.0049504326253694414
0.01131949702681863
-0.0029747096635745723
-0.0002078752849728954
0.015421281326105128
0.0039539048986519075
-0.0018351528811500796
0.0079431946465477448
0.003725070606866871
0.0020145696580163796
0.007263666405435602
0.002896760441562687
0.0036340914465335236
-0.002878640109857731
0.003707162148144834
0.0055472778582988103
0.0012439912095604066
0.0098141126353574124
0.008023887460879597
-0.0021938237802449994
-0.0011773435808470885
-0.00060821158442541442
0.002403118986762967
-0.0042787187415193025
-0.00057847518886638039
0.0029544534409991032
0.0072965194539302124
-0.0036735735360937964
0.32408806800662987
0
0
0
0
0
0
0
0
0
0
0
0
0
0
0
0
0
0
0
0
0
0
0
0
0
0
0
0
0
0
0
0
0
0
0
0
0
0
0
0
0
0
0
0
0
0
0
0
0
0
0
0
0
0
0
0
0
0
0
0
0
0
0
0
0
0
0
0
0
0
0
0
0
0
0
0
0
0
0
0
0
0
0
0
0
0
0
0
0
0
0
0
0
0
0
0
0
240
0.82059634679175719
0.22327904216503228
0.27993563853219877
0.15491418391084849
-0.021784263527398338
0.15761449462069768
0.057637524753781311
0.17927173504633923
0.016280314591038157
0.10229777357657804
-0.025603800229046941
-0.058356956857392818
0.06112481655463247
-0.03710439434939828
0.079095286634417034
-0.046623728739257124
0.067314304261497523
0.058471595139608395
-0.0058968694042944685
0.016138120822981446
-0.062099817292050885
0.1059597510376499
0.041750463433429773
0.032299756214279621
-0.028456710100086179
-0.0066005879716980083
-0.004275722089175025
0.021385657120916668
-0.050199024726148192
-0.008214115978813729
0.022995274724448834
0.095458402104293322
-0.014038611138873256
0.0092988736752536976
0.044980862948060508
-0.033401857112037962
-0.026880803294330086
0.0048558364434235562
-0.010252199626313801
-0.0073390442197142627
0.019101982830120694
0.062555814780550431
0.0092619876523115131
-0.0037660629064489581
0.030532236409474899
0.023047422757398083
-0.020585710701443685
-0.0034946606406333755
-0.0037213238456147908
0.0041415524761156145
0.0059321392778489759
-0.0039142371011132038
0.030986035296384835
0.011238219360745929
0.018996763699004715
-0.01527580934640807
0.026414108414468642
0.0070690631413295743
-0.021847038214400448
0.009313350081094747
0.00048927245264456084
-0.0075080831898212703
0.022768977766987282
-0.010208578517028241
-0.0070090888011639495
0.0067765552634873544
-0.0051381463371548046
-0.019663825618791833
0.017676303582106215
0.00011988424949701182
-0.015762703141401851
0.022126788131066954
0.0051471007128237028
-0.013601088467585561
0.0033950829674186454
0.031607807225680878
0.0062893844238330835
0.0088514417461555989
0.0092172165905253997
0.025490607519160883
-0.0042303663993828984
0.018332841748390241
-0.00075423800287992434
-0.0082304223816655562
0.00066731526728279727
-0.0052444075704497139
-0.0054287046189571342
0.0081526536067732455
-0.0057810752169419801
-0.0050407343988379868
-0.011007795741751715
0.012187317335727114
-0.0022765502017081315
0.0038352329394903241
0.017016746626828016
-0.0058561000345947354
-0.0057577580642376221
-0.0054037390385226073
0.011294369836166614
0.019972548115518067
0.017455882967117822
-0.00020591014419936747
-0.00079464705733794179
0.025027035074012275
0.0084806132935560229
0.032878177301374663
-0.0027059849683598366
0.011744631607070028
0.0080588512324902828
5.7377307282248532e-06
0.0028122424624934797
-0.0052744360208278572
0.0038573144694751737
0.019190301870226391
-0.012593663090728091
0.0025825632678655301
0.0072397097431639631
-0.0041777755556204306
0.013437707300054667
0.005876356000269008
-7.9736901953208651e-05
-0.0068965693348011486
0.013279242002920568
-0.0043555623720575934
0.011712645292614175
-0.0032571764864005198
-0.0022746556093079856
0.018206176996576968
-0.0012733237715034087
0.0093509645082376861
0.026109452670793842
0.010062328623745865
0.0081208037832761169
-0.0052405882242093152
-0.0041812700407195978
0.0034827539011763036
-0.012168527496333093
0.015195143792572462
0.0015378962893336169
0.006063794108181743
-0.0064318952903945964
0.0020896374656652543
1.6839957054174073e-05
0.34709157066721869
0
0
0
0
0
0
0
0
0
0
0
0
0
0
0
0
0
0
0
0
0
0
0
0
0
0
0
0
0
0
0
0
0
0
0
0
0
0
0
0
0
0
0
0
0
0
0
0
0
0
0
0
0
0
0
0
0
0
0
0
0
0
0
0
0
0
0
0
0
0
0
0
0
0
0
0
0
0
0
0
0
0
0
0
0
0
0
0
0
0
0
0
0
0
0
0
240
0.82094043956979812
0.28159378777540778
0.18215354491484451
0.0023005536045876637
0.076376365244955891
-0.022142808226320865
-0.10272061741903661
0.048148998514317393
0.16744241649089561
-0.04071804463156168
0.090098329402494223
0.049348878785822878
0.12642921297428791
0.14088368342787891
0.0023217594243407046
-0.040259916834580356
0.0013850911685642047
-0.033032150768821225
0.17724321437700419
0.030513390576191887
0.11194644608423324
0.028060927295706639
-0.012078584134517161
0.045145751470536961
0.050779403574949498
0.026010520656331033
0.059687696254993775
0.034363706445732306
0.0013750776357898771
-0.0063157339036833942
0.022342072645738249
-0.031542512012822294
0.012682349093940413
0.061583877130814618
0.017528051713330384
0.071352081018427271
0.042987065023777929
-0.0026753522641890302
0.0084788466344088171
-0.0053281008164111675
-0.016962958885718551
-0.010533939052013597
-0.0055923134863874128
0.054901508256471575
0.026043514078536178
-0.0026994175532272136
0.047777159498915242
0.080494578017303212
8.276257362328985e-05
-0.028913012422103781
0.027902915179933634
0.011075157723193715
0.0076855270840395342
0.0056248273932176787
0.002767106531494369
0.035004047343999249
0.017067186694411741
-0.0024096255952600516
-0.00273071160027419
0.019434934241039262
-0.0091156110779506538
0.0019947190844594558
-0.026694132643318616
0.014630886581101591
-0.014637874838315069
0.0060054106149799889
0.010556216657211478
0.0058784133098047277
0.0045749728047448611
-0.0010146648020632517
0.0088441022802001595
-0.0015362705755621246
-2.4927141328345579e-05
0.007103719599389241
0.0028037236994710429
-0.016550359100786033
-0.0033599218318978229
-0.0094372301855995995
-0.0025457950621764389
0.01357340250418178
-0.000678363802104499
-0.0067090166909185107
-0.0029836994399999616
0.016155937493780106
-0.0015717542738542028
-0.0061285430531664515
0.028099144548974504
-0.0092496850037917053
-0.0032997275491938455
0.027634113562709065
0.007298722469309551
-0.012978989241268257
0.019477269505988735
-0.00082020967152921247
0.017556889714061576
-0.002837400270094092
0.00086398545330112087
-0.00099509960278810127
-0.0061459570015756368
-0.0063910079452030779
-0.0055437904514653302
0.015676331848872418
-0.0045761845984842583
-0.0018623587435595704
-0.0036514630372490864
-0.013632306221255627
-0.011022914109620204
0.0014132470826333666
0.0029174767692092163
0.0090999198260391847
-0.015372038369508607
0.0054362026367175903
-0.0061061739042747943
-0.0070420251897434019
0.02539947711625376
-0.0074577862537593522
0.01098781645184403
0.0084944143066788685
-0.0087088459757917631
-0.0017906493183283774
0.017831797682377432
-0.0035281643301828636
-0.0028155810216523342
0.017802325025546781
-0.0022333363937663041
0.0045500306657581943
0.0026529902954622281
-0.00032955871150709134
-0.0013213598725126589
-0.0042312971246864194
-0.0027733256318277686
-0.00673483654173887
-0.0066454120054810547
0.03427936478608893
0.017404818080379272
-0.00031568040701804171
0.0095099995167619838
0.0001365734018235897
0.0051695411950178584
-0.0030351281997523637
0.0092278735277015831
0.014065449960166083
-0.0053741823308026274
-0.0083519022574294853
0.34682327908674243
0
0
0
0
0
0
0
0
0
0
0
0
0
0
0
0
0
0
0
0
0
0
0
0
0
0
0
0
0
0
0
0
0
0
0
0
0
0
0
0
0
0
0
0
0
0
0
0
0
0
0
0
0
0
0
0
0
0
0
0
0
0
0
0
0
0
0
0
0
0
0
0
0
0
0
0
0
0
0
0
0
0
0
0
0
0
0
0
0
0
0
0
0
0
0
240
0.89194833999813661
0.1136400091884401
0.16388970078056167
0.16506278755669596
0.10044626540090847
0.10845354134277449
0.088843838055004273
0.15106145328536461
0.0041930506081179469
0.065716143213280884
-0.0093817639541668545
0.021382226014625551
0.095616780886365438
0.070648310306649906
0.060314490537078422
-0.0084032941964500025
-0.028768163749690427
0.066285449723996567
-0.0066507698337061813
-0.010435558770476899
-0.025299865274595261
0.063460805375938706
0.080509227569087766
0.01670608644856067
0.0047460693046727136
0.038377603095279191
-0.010318795337604995
0.065980367975002716
0.005331650414362731
-0.022618983382832549
0.00020097132258041462
0.00024561282142966277
-0.02517266483424406
-0.0073164454029429511
0.025376349052624796
0.039508885107746826
0.0013288415782924342
0.011883824563268064
0.033728108312629505
0.07664132593866968
0.011837668765355898
0.023304428026431501
0.031236670131007348
0.013481297076096282
0.0028088415206433052
-0.0029198540899588342
-0.0080096823364349031
0.012721978833370902
-0.0089335387009698026
0.024868416302459964
0.01077646684551945
0.048313976747731829
0.016442648007367347
0.013206946641750093
-0.0085909192579227481
0.0025439627786648382
0.0046753909094537673
0.013403025635709526
-0.014805891002905719
0.010843522929519518
0.0053492756296923162
0.015718240678191307
0.017429571971976449
-0.0053057371988076167
0.017868769510943672
-0.00085274836346505532
0.029215456406476083
-0.021319472064779802
-0.0018196277177515128
0.011168013112268513
0.023467361618216741
0.004747332659358167
-0.0054276716881601628
-0.0036652520298402621
-0.003238701474446366
0.010523941147651476
0.015214008269416934
0.025024641168165173
0.00046691878396652975
-0.0066262356235776013
0.0035673292469070319
0.0082669459583186045
0.0019332345455168585
0.013448287898649786
-0.0033499646284072221
0.0032602578384781046
-0.0086602750038125495
0.033768278313587322
0.010039615276673354
0.010458393688085314
0.0049198234016527174
0.0077152190892321379
-0.0056476886528428211
0.0043012194223514414
0.013656394093036301
0.0062442577310929271
0.037376559563366489
0.0066108405499338031
0.023703372608677602
0.011847306450864011
-0.0041854914686456088
-0.00026518696151750238
0.0034384194592180757
0.0033856759489684146
0.010998565301171203
0.0003931148399271985
-0.0015622568907368256
0.0051488005094081132
-0.00644699979228188
0.006039778457132855
0.027008356947648922
-0.0065034642190126704
-0.001692214096255632
0.010005843601772634
-0.012177249415843024
0.0017954376360118293
-0.00504469190258816
-0.014353274979675304
0.017141944644134065
-0.0026405698654617224
-0.0084689340968266483
0.0018719142730910553
0.0013126978926330439
-0.0058298993182983108
0.0030352874026122302
-0.0072325410744271809
0.0026492133219222043
0.0028381928016540906
0.0075022672577439876
0.0098090256066842157
-0.00096798180013706243
-0.004438483111061012
0.0084617742936395467
-0.0056963550002149871
-0.0004413447471077971
0.010284164605570457
0.0095805699826486384
-0.0041187148235586933
-0.0061850626184750124
-0.0034747220347953961
0.011464511204438822
-0.0050087903169213008
0.0027028767416418273
0.0049850742372590457
-0.0051437842275823603
0.33390101599385308
0
0
0
0
0
0
0
0
0
0
0
0
0
0
0
0
0
0
0
0
0
0
0
0
0
0
0
0
0
0
0
0
0
0
0
0
0
0
0
0
0
0
0
0
0
0
0
0
0
0
0
0
0
0
0
0
0
0
0
0
0
0
0
0
0
0
0
0
0
0
0
0
0
0
0
0
0
0
0
0
0
0
0
0
0
0
0
0
0
0
0
0
0
0
240
0.94793868907594414
0.071806612392277758
0.08728042790035237
0.16248363646374767
0.036394484361937381
0.059621086390412144
0.11978354553200425
0.0089516709753549376
0.036578500893704374
0.058892966635135054
0.040638484645956666
0.090867433430902575
-0.0027125678743777533
-0.0066334598749184168
0.036413121275175396
0.024815802092554542
-0.0038345590397992728
0.037289208720084281
-0.0065520726872795813
0.0074428780287466075
0.029685419554262057
0.017983029829042995
0.034396823457107178
0.0025260711252997601
0.0036057325649732365
0.037091586039907337
0.032023698362227765
0.026988162716988704
0.022706296395963391
-0.015290247667671879
-0.0091199355116555504
-0.014506558061058094
0.00049659598181073434
0.0034151364520220166
0.0035990468481268017
0.0083954770138105136
0.024078778288883267
-0.0074330984439775405
0.025508239003419694
0.018465919124426459
0.029920818012581587
-0.0061671945801018216
0.010833372808693481
-0.0035984559796593033
-0.0017008773544262856
0.0035438160717057633
0.0027971674323235903
-0.008046831633475594
0.018520229204847721
-0.0076592389102590561
-0.0013469569643954446
0.0078345476654481192
0.0029297126756922362
0.0096392582709279133
-0.010502069662022136
0.0050440851561134297
-0.013157330811362134
-0.0038376442762197288
0.028224032878449955
0.0049842922264261534
0.012877528391886647
0.021819783325950935
-0.011128235851132399
0.017716181750791222
0.017681597144520774
0.0099290592615460319
0.0059307893928464443
0.011160434413934469
-0.0031269894427405176
0.013056121445027385
0.020414378446493572
-0.015296581561375687
0.0058961435450460798
0.0019282932545019061
0.0064155908350331534
-0.0060820756252225596
0.00065206963845236077
-0.0036796379573887711
-0.0015572536261032398
-0.0028536015268557954
-0.010432052552484134
-0.0077417052797586951
0.015043946886285506
0.0056065737896595887
0.0043755401622829473
0.0030755749070112215
0.0039518891854905501
-0.0012357653087634827
0.019547800283244675
0.0026688439460975559
-0.0043385969621074711
0.0061840040781922503
0.014171425694871632
-0.00036140058958949078
-0.0068269192691516687
0.01469065853411471
0.0090079810317218473
0.0080502537938860752
0.00035549957883146036
0.0057249746954307285
4.1570063428775236e-05
0.013724569334684947
0.00373368587183759
0.0048447383448946878
-0.008846975609649553
-0.0026328768113236915
0.00026221263199850887
-0.0035123268122857132
0.00049514227383109621
0.0022801681769564078
0.0030620996183681978
0.0047102102509032229
0.0020269152439088985
0.013134006201120698
-0.0056975980881490652
0.0046703305208561372
0.0044748079924875591
0.002874321842009179
0.0007674962952806954
0.0016883977875407591
0.0011504307173681556
0.0082833901591382788
-0.00024573582422698892
-0.0010569682809361911
0.004421657576023386
0.004618064071570652
0.016384317426468269
-0.0043183235296936811
0.0019678676794380743
-0.00013527814544041461
-0.0039103327792300111
0.001554268188901597
-0.0001570121425143844
0.0020743213295787589
-0.0016578414719302219
0.00021410000234375743
0.010126889220738036
-0.0073853954644027605
0.0025436297182764877
-0.0074608125270875835
0.010324627474583398
0.0039429319094299612
0.0097091443484459295
-0.0036977634239410057
0.00087784645531482008
-0.00020102718402071392
0.32843435585203629
0
0
0
0
0
0
0
0
0
0
0
0
0
0
0
0
0
0
0
0
0
0
0
0
0
0
0
0
0
0
0
0
0
0
0
0
0
0
0
0
0
0
0
0
0
0
0
0
0
0
0
0
0
0
0
0
0
0
0
0
0
0
0
0
0
0
0
0
0
0
0
0
0
0
0
0
0
0
0
0
0
0
0
0
0
0
0
0
0
0
0
0
0
240
0.90064851610919106
0.3246867660831616
0.09005202746048406
0.041851067943801924
0.12985370547552041
0.022728676388915656
0.085198389542050265
-0.016878551704466813
0.055965425772324745
0.036295397427099439
0.052011996317720639
0.048332534631629037
0.013734175655865721
0.026227995451700643
-0.018217731854321427
0.076729943437473497
-0.0048801464694933913
0.0094619745571840243
0.00066226726206034166
0.0042936537471962933
0.046244531799287898
-0.041225679233804886
-0.020258977156595283
-0.021163830365915046
0.022530397032873989
0.0017472903050592807
0.0014209178617419047
-0.014854672339276303
0.046892174375325134
0.039865866531643125
0.0080523550896654059
0.00079871714880913863
0.026364681584259884
-0.0073384752753542148
-0.018374593742968581
0.0053768520761339417
0.010055218810239954
0.013264525317332547
-0.0028940899068603506
0.023291788129420156
0.0041725624422482956
-0.01548757260954042
0.011328043769889279
-0.020504333204606567
-0.021265277893662036
0.0078119461585662046
0.016499025500623113
-0.024553022784307335
0.02092114578006652
0.038807815968742825
-0.017218687947751412
-0.0068975504675135753
-0.018091451805667926
0.014234043761329451
0.0036728185156015237
0.0021632815632772165
-0.0086078917059065826
0.017542913963083741
0.011706140974489604
-0.0081949065217780826
0.015144451197665472
0.014901763566262985
0.020595799333232342
-8.1726858139361176e-05
0.019238219766777719
0.0078183091123347655
-0.0041279771681688796
0.026104239387786114
0.0025212677914519714
0.014796632262165372
0.0078078074435465874
0.0013572982279265483
0.015090729766899551
0.02097614843789836
0.0023335797489569205
-0.0067482465195810876
-0.0015190714097504782
0.0033233711863683599
-0.0053002141736328808
-0.0059695530847513768
0.016871781745175819
-0.0037340271679326743
0.010295158740767555
0.0054918860220593427
-0.0068830372850052805
0.018107485702772496
0.0013769077728134206
-0.0014084793641875922
0.0045128405097773841
-0.0095609934893462773
0.0075459808121971991
0.013105134455789322
0.00059566242526663035
0.0028460791219166179
-0.010478808775876636
0.013456311877045555
-0.0020367813812761076
0.0073589725570918224
-0.0074242600117038716
0.0010378765796060761
0.0035390224141015163
-0.0018466456892494369
0.012261490158991627
-0.0064347272540590224
-0.0018854357247509842
-0.0004392045076458512
0.027512024066691832
-0.0042365541500584795
-0.0010725489637761646
-0.0091262970699419726
0.0073572188378530608
-0.0027888481573560167
0.00053833030683747584
-0.0019811539565266763
0.0014638994540163001
-0.00073614003245954659
-0.00062046422916587479
0.022357066288418891
-0.0033719165677874191
0.0022644888324020564
0.0014403760539058821
0.01839788299757384
0.00036424163904069488
-0.0033022282899299008
-0.0011782772044251443
0.0084847350972248811
-0.0023658486248593256
-0.00094078684998138398
0.0046845562256722243
0.0038536345748476516
-0.007010171502560893
0.004121913573252747
0.0086645118175460462
-0.0026515705989752073
-0.0059727579701736337
-0.00096706212451925871
0.0074202879664684359
0.0018376064610253163
5.8765656738226658e-05
-0.00046648276344946516
-0.0062026783309319456
0.0022508325587007392
0.0033108681472797338
-0.005178558627065101
-0.0030641663307757242
-0.0024659148440734609
0.0016229679965038212
0.32854345623489362
0
0
0
0
0
0
0
0
0
0
0
0
0
0
0
0
0
0
0
0
0
0
0
0
0
0
0
0
0
0
0
0
0
0
0
0
0
0
0
0
0
0
0
0
0
0
0
0
0
0
0
0
0
0
0
0
0
0
0
0
0
0
0
0
0
0
0
0
0
0
0
0
0
0
0
0
0
0
0
0
0
0
0
0
0
0
0
0
0
0
0
0
240
0.75676940558994621
0.44768519492388476
0.14956403170012186
-0.045481823900048408
0.20429470649889531
0.032975084798690955
-0.08406362396235649
0.05624594583258103
0.083889958638253298
-0.048789962260356839
0.049734365051403356
-0.0090998336616086566
0.12588552258559685
0.12701414742826442
-0.035534385554192825
-0.05358849478729058
0.010335619266501502
0.0060020327505394275
0.14134253028278196
-0.029271786742448194
0.048444277303180801
0.047588887849914767
0.0091970562259580911
0.013305758476931403
0.0097571925145376898
0.018432692730841284
0.012287242527573823
0.03014235458891219
-0.054221823140119287
0.017655375039787868
0.028421000057340273
0.037384723608389465
-0.011872257832093405
0.02941521434726152
0.023034021288123478
0.10108567675822082
-0.0048634145488748752
-0.010053333382080995
-0.018665133192179273
0.0056903229847563418
-0.010478488468441282
0.0029033181538575406
0.0028229933478722867
0.027369145765995251
0.044777758052051371
0.011121725642934241
0.056138671485991699
0.044285729939127792
-0.016010680714594688
-0.01205762936148678
0.056279102635157688
0.012963794453247938
0.048329765397530054
0.030553249133003127
0.032637337028068703
0.049829526793837564
0.015541221618911435
-0.010916042772188037
-0.00050429738954988824
0.00014968764735393905
-0.011677625132746186
0.0086706018397473238
-0.025656034290070778
-0.0039437628325500185
-0.013600538183350139
-0.0068204392079075438
0.0090238988472547219
-0.015368463085121598
0.011953185195021539
0.021171292746563368
0.0020695751928004251
-0.013882370350158105
-0.0031259852952141461
0.028327202257489626
0.0054410323200076299
0.024476805950656055
-0.00074896935808541087
-0.00054391437448615058
0.021933026923668018
0.017088658525165886
-0.0074338532166458209
-0.0044348150637024408
-0.0084746550880824747
-0.00083974118493591464
0.044270727037260406
-0.0063987807621675649
0.037306791179988585
0.0038361206314741192
-0.0055407943942541735
0.014435129736054019
0.0044108913756960889
0.0040726734520459837
-0.00073394268816288791
0.0092842287779316274
0.0026761111701312144
-0.0031157664236885875
0.015889090115672817
-0.0026628390652700335
-0.0017551914114962782
0.00034803986481709746
-0.0088483006635134229
0.0039138058553745848
0.015595605648290401
-0.001049952117982936
0.0048801335559338866
-0.013131187107874365
-0.014077971121693863
-0.0027345529729398375
-0.0096561828688089962
0.006756441554368409
-0.0074066964401039931
-0.0053867094795339472
-0.0089167396572364336
-0.00090005449297197689
-0.0078924666386728723
-0.0076056168485010081
-0.0039211312613177274
0.0084932628854604911
0.0018046807986545974
0.002648425436908216
0.0064044507195453832
-0.010875696144584496
0.0054440925959776971
0.010460398698217785
-0.0036454683055280341
-0.0068989893582002302
0.00018952262216418694
0.011829116241786607
0.006362318564761894
-0.0028886936696422456
0.0066196126104342487
-0.00036810943931662999
-0.00859933653988104
0.038588964278294419
0.045838212075974077
0.00090905816208755391
0.0027998595741670993
-0.0060258191671411143
0.017192283755915964
-0.0010228837858822738
0.008120782168218833
0.00051521000630679514
-0.0014120696512087804
-0.001401826441399214
0.021096613353569639
0.00071440667681843301
0.00065235121209763895
-0.010748413505901474
0.34939731515123135
0
0
0
0
0
0
0
0
0
0
0
0
0
0
0
0
0
0
0
0
0
0
0
0
0
0
0
0
0
0
0
0
0
0
0
0
0
0
0
0
0
0
0
0
0
0
0
0
0
0
0
0
0
0
0
0
0
0
0
0
0
0
0
0
0
0
0
0
0
0
0
0
0
0
0
0
0
0
0
0
0
0
0
0
0
0
0
0
0
0
0
240
0.87678256284714229
0.3829222295316656
0.076012086639382179
0.015164031744376928
0.16519876074991161
0.029433348939139094
0.0095881852778270486
-0.0070174536920059151
0.13139474190328965
-0.0093522376886164202
0.075626927423676882
0.01881684823975828
0.01517350351870129
0.053453148552650827
-0.0042219448275798033
0.062247932275595136
-0.0090545595335488997
0.021619574234573533
0.012942158998505857
0.0046021368922445575
0.025590657875879566
-0.017515254492547646
0.0012648595805861999
-0.0013934458215979419
0.020753654417190216
0.0017336950723236748
-0.017341645573639628
0.001799691260825533
0.033011901326048261
0.039171763068169552
0.0063489023964120039
0.0056404310052082301
0.014356900783794958
-0.0038443134258529001
-0.0097951747755471649
0.027432262571946028
0.014172871822685656
0.0026254037675334046
0.0049531313264164724
0.0070897932435810395
0.0091492891819744473
-0.0080579885530710407
0.0035163108404456869
-0.00093962179809457358
0.009386346024763001
0.0047750257734367751
0.016334653935701268
-0.00940521565152737
0.013794425081217131
0.022811517059775941
0.0063684049265421315
0.013943698646354368
0.0072835014772654073
0.016421024974187588
0.013585766381638139
0.014544951192460643
-0.011377573367861072
0.003455618560416799
0.015192777610399857
-0.0099080813784626874
-0.0021064708911963485
0.021470471390537024
0.00020034206691789633
-0.0004176008984749513
0.014145352767094804
0.00083768574478291179
-0.0070088689698628607
0.00020577082430822859
-0.0029493825936276448
0.01631182521292646
0.012221431315936138
-0.012155822660683803
1.1604694316232168e-05
0.0069293401324952708
0.0026974466057764347
0.006942520445153662
-0.0061257853397948476
0.0027401421893716404
0.013641789773498053
-0.0037382143635800742
0.00093707190376933762
-0.0012878895737346659
0.0080895496067139826
0.013287065690809639
0.00952166402091679
0.024744217216767533
-0.00019683842871521937
0.0050946436089606096
-0.0011745224681456027
-0.00051308044767167345
0.011477299305693993
0.011084608205018626
0.001258126638763855
0.0014793831644970049
-0.0060987610252740548
0.012286049493725899
0.0058330322441107873
0.0061004060415536443
0.0030261498894399016
0.00025262639155141173
-0.0026194557541519255
0.013082373440732951
0.01770211773026905
-0.0037959833415022377
-0.0034581496605658804
-0.0037410305623217866
0.022297084269122573
-0.00099214613223695875
-0.00079634917427638446
0.010006617590432903
0.00063626751527865008
0.001388261167788365
0.00020951759552751195
-0.00046005180131289197
-0.0030708427018261001
0.0035990216718047728
-0.0010810357370553544
0.013596834223111032
0.0011546681072467069
0.0039201550461608814
0.0067585478160389883
0.0052699380734269382
0.0081574366097793942
0.0080487548007716573
0.006783146063106496
0.0041393953496109259
-0.0025472901974259786
-0.0028562324108701693
0.0045007669180686227
0.0031595164711020994
3.9116337147710997e-05
0.011126817308956342
0.0028419301556587692
0.0043718676082659443
0.009414496019353024
-0.0015347504775071335
0.0042649629298047668
-0.0033423461328707682
0.0048280041000849172
0.0019268767726195969
0.0048753687008649448
-0.00198960807162779
0.0040482394766840147
-0.0019859735694780201
-0.00022051829802438892
-0.0020093563994053169
0.0017859597571215319
0.010519604791519793
0.0023492192043781442
0.3246227975764478
0
0
0
0
0
0
0
0
0
0
0
0
0
0
0
0
0
0
0
0
0
0
0
0
0
0
0
0
0
0
0
0
0
0
0
0
0
0
0
0
0
0
0
0
0
0
0
0
0
0
0
0
0
0
0
0
0
0
0
0
0
0
0
0
0
0
0
0
0
0
0
0
0
0
0
0
0
0
0
0
0
0
0
0
0
0
0
0
0
0
240
0.89254643425562263
0.20362751844421001
0.17797223239216786
0.01091135201588672
0.13411128316412191
0.072180548048476262
0.090017009101412873
0.073414199732719468
0.04528901425434536
0.073266529374557479
0.0052670419460203481
0.047249664201558593
0.15669203913321075
0.10777409905103341
0.0029723743147115097
-0.0379158893748371
-0.036501418880959223
0.048190472048117751
0.054277164404930633
-0.024319458219958949
0.0089694738196415009
0.035106364532810672
0.02150881121176312
-0.0030600762310093116
0.0093568681501507728
-0.0012787001848797912
0.01441907966733507
0.044859185758094826
-0.015570706997347302
0.0063247006763099472
0.032942513761109647
0.034554189375116631
-0.00768210293026024
0.007891005715762775
0.02028686935626435
0.04077757360222875
0.011267926524073213
-0.0016453775012178291
-0.018142584381277582
0.043463835434185139
-0.008271888818372708
0.0051199202066528372
0.050378867305727278
0.0017208608812197851
-0.0056902503350530955
0.0034456868415097008
0.013180241420092382
-0.0054613869827519288
0.010003146845045462
0.041354998854903242
-0.013485139372902057
0.013080635056064141
-0.00554160010211187
0.043646319270917298
0.03695765414677251
0.0033486239401302612
0.016533121191858513
0.026441778219446255
-0.005684057323589722
0.0040277936711211916
0.0088645839282822415
0.011243876434210175
0.014509767175211425
0.006203943543398426
-0.006225781020125833
0.01513625564924762
0.014879567274333512
-0.0011107248334285618
0.011266547450645325
0.025799321377405031
0.005553840768807195
0.016978381471968177
-0.0035883862155730358
0.0060245635969392794
0.0028585960513228354
0.0018029968290522945
0.023184170696952368
0.02400586702031433
-0.01014477360503579
0.012498772324538896
0.029739159866435421
-0.0030130237312981059
-0.0029179780814089021
-0.0051541446328233946
-0.011789525783178628
-0.0011454994024905954
0.0040465173500400164
0.0076408832493758804
-0.0070322247111727181
-0.0062200930266994693
0.016826409916781748
0.012231932612175716
-0.0055212475479242988
0.0047475152903365438
0.0020884631203663541
0.0041983138799061405
0.010875582661272016
0.0062216381141818522
-0.0024389169725504826
0.0018541844479079822
-0.0030272969292685871
-0.0056409905370747833
0.010617362819626771
-0.0048014261346413676
0.006001816922190182
-0.010375060450410315
-0.0010893555436437756
-0.007571113375540825
-0.012040906103696824
-0.0039692625206800263
0.0024916513750006591
-0.011188431083218051
-0.011265838090796555
-0.0065265944681559629
0.0018381059617939056
-0.012463975091402865
-0.0080735886845133588
0.027278182791759528
0.0040108013157951986
-0.0016513183464701544
-0.0051264038111624123
0.0034235818291677099
0.0066586891682394334
-0.0041672853168872159
-0.0044162795864542198
0.0052870448932523396
0.0010877870622757861
0.014929958963820777
0.020662403061813429
0.0083208269825564337
-0.0043279712030679486
0.00044217850718769592
0.003488234553842028
0.0039161120973322354
0.0015287594015377982
0.019515917101497943
0.013252528778743292
0.0061677904839566346
-0.00093274266105800735
-0.00052932411153775285
0.0019944490068652156
0.0018842043204175206
-0.0039340883131270873
-0.00393708131930134
0.0042559497783085654
0.0082728762567831054
-0.0038410951594177625
0.0054744639827195782
0.0083728192089353344
0.00088552675858450107
0.3307169740319954
0
0
0
0
0
0
0
0
0
0
0
0
0
0
0
0
0
0
0
0
0
0
0
0
0
0
0
0
0
0
0
0
0
0
0
0
0
0
0
0
0
0
0
0
0
0
0
0
0
0
0
0
0
0
0
0
0
0
0
0
0
0
0
0
0
0
0
0
0
0
0
0
0
0
0
0
0
0
0
0
0
0
0
0
0
0
0
0
0
240
0.86345688166238177
0.34682604950423174
0.12992622170532925
-0.019571361665485724
0.16836974559604362
-0.050913091775196026
-0.0023957911663934363
0.025446584834444494
0.09445393801641358
0.023697957747586283
0.090862550632487549
0.039664376907533154
0.11142581243409864
0.078072460685375197
-0.0069978025499824502
0.053545924908224268
0.018002136885362022
-0.02918909527329
0.060840546534664426
-0.014179567126373555
0.075933388028314758
-0.032439829039153961
-0.023757398414001409
-0.015949293940442404
0.067258626055946555
0.0097226834804766508
0.030986983832324233
0.014761547945869761
0.028241435648671317
-0.0070241963353213461
-0.0031291460043451741
-0.023917268897968472
0.0070092286913670818
0.018001887814224619
-0.0092665860176364915
0.025893666062435108
0.022536955977349473
0.0041635752545197266
0.0045925107432261587
0.036077847817203114
-0.0090971166149455673
-0.019235446617861793
0.0055072534641176707
-0.0063606735100282721
-0.011049672674126085
0.0025971303276761315
0.036310632421964251
0.016745932232477601
0.007354085511916535
0.0055187945144768514
0.01225083108870318
0.0021228452501710869
-0.0037463346066455511
0.018518698631761487
0.00172418033072918
0.019122450822755575
-0.00087423917661777679
0.020889122137256827
-0.0092899453859224875
0.0020580436011945831
0.0017428885149339205
0.011607356634804042
-0.00084682860487921463
0.0040270947332616573
0.0052343847446021793
0.0094250882146384163
0.0022941018847965626
0.00973849655125625
0.0045925630265318445
0.010262128529510285
0.013768756010743021
-0.0019734239755184336
0.015669721050106073
0.032788851930309726
-0.0054688526661677986
-0.017296887730711596
-0.0018158714846034563
-0.0055988858896242307
-0.0090333588522904813
-0.0029850148045411137
0.018887179950755915
-0.009620015763456613
0.0060613012104908945
0.02680862279741841
0.0096337253289837041
0.0073811819300877678
0.028493526814736245
0.0035734652784379811
0.0051668163657512169
0.0035585018928033546
0.0022092090321151696
0.012038038620911891
0.0074579625205915207
0.00064410924635960917
-0.0078994963575515793
0.0021151853188249095
0.0094773748455654547
0.004213168844345405
-0.0055298725517921848
-0.0087585042643982432
-0.0012216498014918835
0.0080224209899253471
0.012035847352576918
-0.0043253692276911228
-0.0050410673083957965
-0.0040390909253044767
0.01063133372410892
-0.0037209405079251024
0.003675265629192299
-0.0085062914015744846
0.013573549940920641
-0.0058110612998900305
-0.0065928241760804633
-0.0030931781762881848
0.0013813558926087978
-0.0077121475806511113
0.010390793301673773
0.012892965416897207
-0.0080284627818342363
-0.0040282952197546159
0.007193189955276195
0.0093969401392317818
0.00089419976534287288
-0.0035665386719903247
0.00025602143024225295
0.0075358775342910678
0.00020524956712295069
-0.0043945413251833907
0.00066110301458963973
-0.0018463026138031914
-0.009403757173557601
-0.0050697048136697075
-0.002192254113506762
0.010043172094641029
-0.00026933664969793262
-0.0017602423436838522
0.0098970318726746467
-0.00072971898088346351
0.00026387642320712252
-0.0076840737750025643
-0.00097475741731615237
0.011138756600001541
-0.0034268349753151174
-0.0053290252315306222
0.01442737978261931
-0.00052282805856921732
0.0023549633733833415
0.015084726159003383
0.00017780231753076477
0.0087818234595780434
0.0075102175545392683
0.33196337472026788
0
0
0
0
0
0
0
0
0
0
0
0
0
0
0
0
0
0
0
0
0
0
0
0
0
0
0
0
0
0
0
0
0
0
0
0
0
0
0
0
0
0
0
0
0
0
0
0
0
0
0
0
0
0
0
0
0
0
0
0
0
0
0
0
0
0
0
0
0
0
0
0
0
0
0
0
0
0
0
0
0
0
0
0
0
0
0
0
240
0.90081026316547663
0.16294011557803967
0.19135826720491092
0.077319311570563654
-0.00078724039939090905
0.11721759204452556
0.1075128994539775
0.026182925010270051
0.009090415013909045
0.089193055183748593
0.018666771603743103
0.025530131229165563
0.042540166260689273
-0.030795581839470395
0.002063155163197136
-0.068555441422686825
0.020118212684273263
0.050444805138522106
0.065831253062510711
-0.0062996865201635282
0.054951889149393765
0.089709730484347494
0.00028540654538349952
0.0081803792857532594
-0.033251637032379482
0.0065643508778695054
0.076998725050878528
0.022835334459683956
-0.05744026224563057
0.010743801350722693
0.040705977266099994
0.065530170656239284
0.012485115949676738
0.038504297188571963
0.049569548976301378
0.0093616946855852867
-0.0068080760802105298
-0.015719105947244665
-0.042487594456108405
-0.019513991978334266
0.0052204331448512256
0.022698617468212091
0.032368677324159212
-0.0059491509933397024
0.0087358551717052705
0.022217514461013093
0.02174204157110355
-0.01480563620163894
0.018989891213234893
-0.0045501346039020524
-0.022106975710555976
-0.027457905188556848
-0.0018462601581537674
0.039424943588868756
0.014564195016315756
0.0053491157908660877
0.010531662383565434
0.0018134550009521527
-0.0083677127494577383
0.01380927203918908
0.0095359168384636164
0.0056794432329469987
-0.011963354519895705
0.016107648168995493
-0.024180150257360176
0.027586066513571247
-0.00029029930290290571
0.013307761463164005
0.019250425946902738
0.025222006323295944
-0.011674158693602393
0.011676112288500467
0.018668381206717415
0.0044803936759425936
0.019605359524378391
-0.0019767284122177691
0.015106704907526601
0.0010925360083420572
-0.004228020417543471
0.035588902416968188
-0.0025184769933491048
-0.0095712235789413621
-0.0028221504665330069
-0.022072837982656999
-0.0038720862360468395
-0.012153079518403914
0.0098291833289507659
-0.023520666891722639
-0.011770286101622125
-0.010398370281283032
-0.0024922077782262258
0.0021306685668845879
0.020145408477652126
0.003761582467066254
-9.3589774767351757e-05
0.0038472333457179454
-0.017702098183483773
-0.0033716117223313107
-0.017761115398163819
0.0062032869696822621
0.0086637073429904343
0.0009937318041728007
0.00024785447644212863
0.015022000098935109
-0.007957490825950814
-0.0053862624482033028
-0.0046142583587413261
-0.0058175687451190432
-0.0048702315470200786
-0.0040982853263035772
-0.021079842854185526
-0.0035452500225207875
-0.0047887407630837053
-0.0010458449247373032
0.006976381112380187
-0.009319651261412279
0.005841650276811103
0.034451583124578307
-0.0071991448156865801
0.0083967479226404271
0.011641138676294623
-0.00052655129197348098
0.0031665671786401625
0.0021768291761942353
-0.0009700306901603144
0.008677345610362118
0.01546241642422426
0.024664703025764033
0.0078742459455560659
0.0072663090561296256
0.0016582831541380959
0.0067547999500343877
0.0019656052572359839
0.0036559603649571211
-0.0023563339981589799
0.01470002663263212
0.0028717305426577628
0.017800509454418242
0.0059992661346473675
0.0027115542819548181
-0.0076883917093861064
0.013879941553600254
-0.003826992963249043
0.0060616433099292804
0.0073719748718880946
-0.013894906511932299
0.0040585449750360153
0.00044814255917675292
0.00093602490374951276
-0.0022632245304140784
0.0076045609984088129
-0.00164400698862978
0.33887510395076925
0
0
0
0
0
0
0
0
0
0
0
0
0
0
0
0
0
0
0
0
0
0
0
0
0
0
0
0
0
0
0
0
0
0
0
0
0
0
0
0
0
0
0
0
0
0
0
0
0
0
0
0
0
0
0
0
0
0
0
0
0
0
0
0
0
0
0
0
0
0
0
0
0
0
0
0
0
0
0
0
0
0
0
0
0
0
0
240
0.88295483712509326
0.098746706168335696
0.1233367940057821
0.21572991167582672
0.030760714801035823
0.15304582497208238
0.19799665601806982
0.066469139556491821
-0.026147930660371996
0.092815951795468143
-0.043486457960927899
0.055009354904588637
-0.015734975235906168
0.0019410762854636598
0.034213494861558148
0.024312601255816316
-0.023886079031603027
0.079268450174395988
-0.057082652805685238
0.016456799659509323
-0.05726817988607022
0.022817773387631277
0.074223150697845255
-0.00735614106594824
-0.009758242380487973
0.016255326503305623
-0.04064721253077315
-0.0076985441239700615
0.024379969553886934
0.01779465596515176
0.0027090459911149035
0.025765203058949464
-0.00091351125922597303
-0.035672076056316601
-0.00029871623562327114
-0.018433367970228275
-0.01303108889910125
0.017484673096034693
0.012142519914497121
0.030736678780363118
0.035188786004165536
0.032125724904791812
0.023347840927798867
-0.02029552208381127
-0.017355118783996343
0.0035346521892945311
-0.019146752506205365
-0.023686835209751907
0.0067857707627596835
0.046124074162781414
-0.0062951160440865789
0.0026719215660107776
-0.010133466967975126
-0.0057520211883846199
0.001558544848137679
-0.014144678527573017
-0.0079896674728349264
0.0075327791301602375
0.023287932571551977
-0.01371979258030785
0.036814641107909774
0.0038971777386643024
0.049221288906470671
-0.010980457396345514
0.031667906070738348
-0.005033561985845621
0.0026067106300841879
0.0046148447859748355
-0.0031773025972904609
0.0024270913243146512
0.00070045793695527219
0.0040972281450158878
-0.0032529661418801443
-0.004179092929191117
0.0026679499142729822
0.012017754682807479
0.018784006465385191
0.026041936851675742
7.8196418390688111e-05
-0.014594587197707627
0.0039093641013702657
0.0081672529245304659
0.0086431427135743311
-0.001618654390021056
-0.0036612271900369748
0.0076584037939058588
-0.0053300413728604827
0.010851285988993695
0.012707465988341878
-0.0081894019821157158
0.0013965414616296224
0.008534185039157819
-0.015560525424057689
0.0027546533118308742
-0.014781757082353774
0.012185381054691889
0.0033620358077760411
0.0076648671183409947
0.0064610585723580451
0.050068193145239186
0.0064974613978047982
-0.012247008322133624
0.0010441109371652783
0.0042983923068204083
0.0063114105947958115
0.011984010440079041
0.0067348279671424734
-0.0010448965694563428
-0.0029694048748310172
-0.0071211540064563018
0.014527920862340589
-0.00097657465951114233
0.0099127474112800859
0.022248201634760014
-0.0092821573235950215
0.0083463203762444791
-0.0086332099941022113
-0.0069131224790885621
0.033329172415258901
0.0011810732159570386
-0.0076135242649677309
0.0105550757028182
-0.0019160201676273469
-0.0056332147210600859
-0.0029451987947822756
-0.0044178352567275899
0.00051992969903042602
-0.00070247759295272779
0.006389083660661289
0.0079261378605915353
-0.0027667355064813926
0.0042351380818324144
0.01779180415085806
0.00070093638658123467
-0.00085779785876711535
0.0082497534629419628
-0.0032359661454320777
-0.00027313812123182587
-0.00026710314657253252
0.0013941184409006868
-0.0034589761037268759
-0.0077445242864171331
0.015840752168906409
0.0081573341371576329
-0.0035308358339076087
0.013644913387078598
0.0015042466350957072
0.0046550758528969257
0.00015063582224677326
-0.0014242767945356386
-0.0022090924249469793
-0.004419571346327332
-0.010360318280580448
0.34009327575444798
0
0
0
0
0
0
0
0
0
0
0
0
0
0
0
0
0
0
0
0
0
0
0
0
0
0
0
0
0
0
0
0
0
0
0
0
0
0
0
0
0
0
0
0
0
0
0
0
0
0
0
0
0
0
0
0
0
0
0
0
0
0
0
0
0
0
0
0
0
0
0
0
0
0
0
0
0
0
0
0
0
0
0
0
0
0
240
0.86311007360220127
0.31274597035499646
0.15433644060549742
0.018019537785133925
0.19647611506482052
-0.021295465000530138
0.0091619915171898512
0.091812876404646998
0.029731339171750332
0.040256220979060724
0.067106860809368105
0.0086116710948802248
0.14552376363956634
0.069644764041780174
0.0073408935753175126
0.037345356561877943
0.028677906309585031
-0.0098598936538083441
0.042861898665770268
-0.039936431423755546
0.051626205928559911
-0.0037350685000415731
-0.0045342942495470344
-0.015763992166633156
0.049913645399674543
0.028064524728483912
0.030295786582958169
0.044747332647527276
0.0021742820403533392
-0.036438642588754892
-0.0079255302325324812
-0.012369553025709639
-0.016931008543712094
0.016326166643943717
0.0012000257234362976
0.046135981546159915
0.0072653020335081194
0.0057257403411025464
0.012154023462121712
0.073863790423840447
-0.0077367478634294941
-0.015337331387155081
0.011969388135312568
-0.0022695099893609177
-0.0012124546402808504
0.0071516418639247237
0.026849679847312687
0.026779729673744587
-0.0054399507458402722
0.0057276708367314244
0.026685530160009567
0.020805044477716857
0.020570154488152956
0.030155492401395218
-0.011242786534570543
0.022236391234153576
0.0041398890825506155
0.021192187964281017
-0.021108792586605009
0.0079678999578820103
-0.0035164862816937656
0.019416726034665158
-0.0016864567147508093
-0.003886853142301837
0.0090027912218856813
0.0063166155666772184
0.015626408003099192
-0.0079708902517631724
0.00780604146497808
0.021084317716754893
0.022206638662653641
-0.0038607901950310675
0.018811014285568164
0.03193352229556487
-0.0053404844046626883
-0.005401700627850353
-0.0028074709150304991
-0.0011899920905506785
-0.0056167293997795662
-0.0015889849991698882
0.011303102470350613
-0.0061963631055547211
0.003626022501702731
0.027952511923319028
0.016629197433964994
0.00056007766024165472
0.024599644128422828
0.020979252215947267
0.0070147758332695202
0.011669866164992186
-0.003871079128029344
0.021052245357123252
0.0069520572830631139
0.0057234417523390332
-0.0031560529970769196
0.0028161798416231829
0.033385216449111563
0.0034128778823748116
0.0029829426277685322
-0.0079981509329911157
-0.0022763004772915563
0.0069989316370120741
0.015243888323767019
-0.0035098102426660794
0.00059007081482849346
-0.0022738239651453884
0.0023462345977650258
0.00029136579322511474
0.00030558805046483769
-0.0079685504731230664
0.033390599092102444
-0.0090807692100635488
-0.0069004733145834963
2.664163108701476e-05
-0.010288081795341561
-0.0048147142623159748
0.010495248680288826
-0.004215430641055778
-0.0059066484208232031
-0.0034289474275819754
-0.0027852323806814572
0.0059510475562815539
0.0026442610747195376
-0.00927039114780525
0.002641744736787134
-8.7264737579040579e-05
-0.00037508598810582008
0.00087799868072454147
0.0030585087791046724
0.0026821640972749861
-0.0068980102766551385
-0.0058978262903364191
0.0015489477919007474
3.2946678004782184e-06
-0.00048573064448030726
-0.00049080212396429633
0.011836137545163833
-0.0037822804759823432
-0.0097295251170514373
-0.0097627801963439623
0.0024051114261144048
0.010029369365060837
-0.0029923083462363993
-0.0032203306038693863
0.0071967803961933557
0.010098032342197645
0.0032471845880455348
0.0061945768551864558
0.0081085220053980986
0.0031719748243945892
0.010241980883133415
0.023096706845540615
-0.0043464270292458652
-0.0028675298401006524
0.33217151095204828
0
0
0
0
0
0
0
0
0
0
0
0
0
0
0
0
0
0
0
0
0
0
0
0
0
0
0
0
0
0
0
0
0
0
0
0
0
0
0
0
0
0
0
0
0
0
0
0
0
0
0
0
0
0
0
0
0
0
0
0
0
0
0
0
0
0
0
0
0
0
0
0
0
0
0
0
0
0
0
0
0
0
0
0
0
240
0.86935674818704456
0.39180261159398316
0.14613586184086122
0.077170430661409203
0.076371465110976103
0.069319982771882671
-0.024875755248525276
0.028551487152295035
0.10250066904598965
-0.034861820350872881
0.03686989609910362
0.019712599044643869
0.0053464359823647894
0.069110421276349671
-0.012527410693390249
0.018892744129462246
-0.0052799397922539924
0.0089680012811997663
0.066301912820703884
0.050837566089689014
0.052966809846533694
0.0080779331523393016
-0.0054320220558605583
0.029754738491626673
0.0060015050643648458
0.01451274653806613
-0.0046413371974889156
-0.013140556144335057
0.029609996681903901
0.066595520152238394
0.031516194809590233
0.0070483884954899018
0.03567366719476834
0.012543635402865105
0.0010076910301842353
0.039348747575410382
0.0057928577786604931
0.025391147979783858
0.0025811935772270711
-0.0061081965469351298
-0.0031716801104548688
0.0015382387421701057
-0.0042143073007967968
0.02103656021922462
0.014031188393687626
0.0078589200652066579
0.020842745790921782
0.0084917545034791878
0.0052776478833957627
0.01794885129005306
0.0075088681681108388
0.0049366386523067652
0.00061009022257821712
-0.0050231796678106453
0.0026798627913069356
0.015116516008584371
0.002466881469787205
0.00076647787274814643
0.0098552814918022209
-0.0013741660755006596
0.001616033851011433
0.0020577028754398393
0.0069275770371427089
-0.0020151549527806373
0.0056644696095141649
-0.002883509547672638
0.001093899932845299
0.014982174724626764
0.0039496400659655827
-0.0021282271319412447
0.0017207065143015913
0.0038219085502927352
0.003112268578302331
0.0015987984197314931
0.0092338533965648454
0.010842564153236561
-0.0037419209564568223
0.0036790226149822419
0.014957100038028344
0.00032263529737972153
0.0041752980356855708
0.011147227880285488
0.00053608109265962042
0.0015859468348425809
-0.010744243914233658
0.013040107596954455
-0.0047905685199718592
-0.0012339943580443936
-0.00348506404364977
0.006189380679217045
0.012596353302298986
-0.0076328743768949697
0.0028793816349941353
0.0073707317727389138
-0.001437928663167826
0.0038208099787550025
-0.0046144424365136064
0.001820368382922703
-0.00084329144260299541
-0.0010979353156308001
0.0036402404854958981
-0.0012215673287652889
-0.0012760751388016646
-0.0023459573482663533
0.0091985502290424098
-0.00046232807218941614
0.0091701618489639074
0.0077327381074353326
0.0020640503317054461
0.0073109360166886449
-0.0063816858808079168
0.011228784075555146
0.0098370807487581889
-0.0065489435960830716
0.01153042245065153
0.0083613354180790724
-0.0026269139742697732
0.0050337291472607633
-0.00098504617957531214
0.0074657392264917679
0.007509444235251495
0.0033961300501654276
-0.0011864155017564132
0.015307745888816874
-0.0018663573277853073
0.0014260342329842791
-0.0022184762068509657
0.0035788991238206976
0.0010139692691020503
0.0021602353064995223
0.0026235367649543053
0.0016779800261090179
0.0026854547894814076
0.0058446908540316003
0.011500067684840527
-0.00032652610364418861
0.0025629675031404206
0.0045960982622765207
0.0038865990320827728
0.013444028776627143
-0.0026174109940974473
-0.0017709245092106354
0.00032879492494132545
-0.0053083267483218944
0.0033448932758906292
-0.0010422985476270133
-0.0062647477704634779
0.0061420363850680799
-0.00013779827997543952
0.0043939441652900771
0.0014408147379958369
-0.00032887609552386191
0.0011321318576694838
0.00021720090069986069
-0.0047112410081763855
0.3250475535775067
0
0
0
0
0
0
0
0
0
0
0
0
0
0
0
0
0
0
0
0
0
0
0
0
0
0
0
0
0
0
0
0
0
0
0
0
0
0
0
0
0
0
0
0
0
0
0
0
0
0
0
0
0
0
0
0
0
0
0
0
0
0
0
0
0
0
0
0
0
0
0
0
0
0
0
0
0
0
0
0
0
0
0
0
240
0.87936424892885412
0.13837861271249041
0.16624264975431857
0.17790264287257626
0.092926386506629793
0.12365502930543526
0.12825556510421421
0.14915794725767992
-0.037228056630665071
0.10003649965449732
-0.013851574429250472
-0.013675624549446437
0.065417098835769072
0.0020943466442394218
0.057838298656045381
0.0068113046146142968
0.010133464906907322
0.072519186065779798
-0.041274415384786003
-0.031247065389657158
-0.044912275014875012
0.061939148253051787
0.07326430432031987
-0.006238585998568978
-0.0074514856893867099
0.032980912122191522
-0.012716059969475869
0.050998286862994471
-0.014112038039782976
-0.02722717835798449
-0.0084135919382600979
0.031058720800296355
-0.028979808537187866
-0.015523475685884264
0.023378415914776594
0.009807112264178474
-0.017602388699766481
0.0068916756801122641
0.018432397305364223
0.072447266005520899
0.024609020594986729
0.031199451841128982
0.028624705623208273
-0.011041044056771811
0.0031550172836759143
0.008894279139299353
-0.01335259922434342
-0.002863593389045611
-0.0098020180966063575
0.021204327568288397
0.01179335927182614
0.027309684523530067
0.025153907058056549
0.020673550410984901
-0.007751388864123767
-0.002772107817338772
-0.0010708944913046339
0.009840390639066313
-0.021421703945024757
0.0028960173006433933
0.0072257007285630222
0.017481914695690482
0.021086173709948967
-0.014849894876311885
0.020805153221615601
9.4455954465873839e-05
0.017011410197019867
-0.022785734110555823
0.0016029330234498735
0.018906114213128083
0.015200609406538878
-0.00306682790463207
0.004754727358647153
-0.0027002197023952854
-0.0014188757108733626
0.017126869842804676
0.010020794043732965
0.019668724426946577
0.0027762627375338923
-0.0051140788133285566
-0.003227428327539611
0.0054531483003832796
0.0045290144770166515
0.0095198723824547003
0.0036240883697955186
0.0015910651681696273
-0.0047473856984124145
0.028580571235245898
0.010461975597974238
0.0035748018257564574
-0.0083819496150303787
0.020808445972809935
-0.0041160587396881672
0.0055046849130313078
-0.00039572841514462671
0.0074828387414486112
0.031515476581267791
0.0031157052103561503
0.018556275755644371
0.026722177164581178
0.0017558454378528434
0.0003647008813333388
0.0070730784348743275
0.0094306648185918107
0.0051340671789430825
0.010403997731088436
-5.694464862581023e-05
0.0042642879696860011
-0.001714670881658376
-0.0026500942585721576
0.033187771765121804
-0.0079399442109162124
0.000128357580248312
0.024172615382977866
-0.018064414101561368
0.0065776220308162948
5.4482638851892392e-05
-0.014633884015945202
0.020487214112213256
0.00077198228761706444
-0.0080312978284021765
0.0015832844031448139
0.0041902242213897271
-0.0075565453330725223
0.0072976176525883663
-0.0095561361957086956
0.002695534945425977
0.0055062526066357977
0.0050717970138548472
0.013920513948843489
0.0012983308423297796
0.0011739609390518432
0.016085299141042186
-0.0027135061766109512
-0.0024495646310702369
0.0079057479937949173
0.00071135497473982605
-0.0068116022089305568
-0.002708447635612865
-0.007107672946515502
0.0034443264026979875
-0.0029906439357070738
0.0056305105380779824
0.021025531821958123
-0.0064319424728616296
0.030917006956080972
0.0050522676007580319
-0.0027844089138618256
-0.00032011594372404584
-0.0014535507252477573
0.0007017422139984342
-0.0019579662964468803
-0.011294125912902532
0.021147634680793788
0.0089686727157147449
-0.0055802182700459982
0.33715155046637085
0
0
0
0
0
0
0
0
0
0
0
0
0
0
0
0
0
0
0
0
0
0
0
0
0
0
0
0
0
0
0
0
0
0
0
0
0
0
0
0
0
0
0
0
0
0
0
0
0
0
0
0
0
0
0
0
0
0
0
0
0
0
0
0
0
0
0
0
0
0
0
0
0
0
0
0
0
0
0
0
0
0
0
240
0.82900965360756884
0.41278033914672141
0.20318964432295428
0.017627566332149448
0.096877566630352338
-0.017975239247571283
-0.051496038993250955
0.059624276286925904
0.075937098977822831
-0.012878740508607503
0.04349301502174565
0.037356548548985097
0.11204860512702298
0.10407061500511515
-0.020598672236639037
0.011138388197278089
0.035515918348915626
-0.044622217993527162
0.11465723756223301
0.026843561201188988
0.073911752400196234
-0.013190045751327593
-0.026492564843968079
0.01071370466941747
0.055303288922119671
0.015947702510724183
0.029149455961464444
-0.0073970984261250141
0.016764259730223687
0.024119501226963963
0.02127504740482461
-0.0076023171017388794
0.020810669145972294
0.02748465930116788
-0.0014604681271994339
0.027046178138524488
0.013303458388342789
0.022586979074562589
-0.0050800075212196517
0.013987972463070122
-0.020125978285927167
-0.010091129671341939
-0.0039035725836301782
0.013670895801029001
0.0012650086606850934
0.0087383541746273025
0.034481511995424777
0.037317213533453714
-0.0065811813181812506
-0.0016284806327694029
0.031156282149735377
-0.0098834101103065248
-5.9654343956153579e-05
-0.0040868018514873929
0.0094172358033886416
0.016538674185615807
0.018892421588872409
0.012078537698683809
-0.00323922518649007
0.0068223785070129798
0.00073189638925673264
-0.0087414682612136779
0.0021529688451679741
-0.0021990560888966188
-0.0016347315367368474
-0.0020606481083272842
0.01053197457235024
0.021500616143878069
0.014309115317523073
-0.0080388495153442523
-0.0022289033522677288
0.011775863088081463
0.011087339122995407
0.025844663521678399
0.0008663504676727549
-0.0055875570024947613
0.00055808378242148764
-0.0049147880523729799
-0.0023137537533030553
0.00048850216906311944
0.021662211239629664
0.0028514719251126024
-0.0016643915198229157
0.015356197947839172
0.0052305544805265006
0.00012678762892011955
0.03208442996150121
-0.0016511293565936174
0.00037893610707086424
0.0091414796408073699
0.0013008723569717415
0.00024797863818470147
0.0010514691112545784
0.0078831572038231389
-0.0059750511839381003
-0.0063883874429890219
-0.0033811686746156059
0.00068814360319593396
-0.0093512150846353677
-0.0040479838025838854
0.0057192931575254305
-0.0072498609510874565
-0.0011993471519945395
-0.0026644129978728496
0.0085773641418603972
0.0015151224658428843
-0.0019125548753156673
3.7314836597339407e-05
0.012097518214785767
-0.013251271902862174
0.0054998745684225756
0.00084022488494881235
-0.0026852176763753157
-0.0048767588954956214
0.011714593655225609
-0.0032419252803878684
0.0071529583510499574
0.0059173358454892846
-0.0037744153606382985
0.00032508160733376939
0.0059007748779036154
0.002226584970479365
-0.0052072647237589274
0.0030565113120002156
-0.0094132747728044013
0.001293712517981688
-0.0013415456833009904
-7.0819876986024295e-06
0.00048262356673881718
-0.0065433244149649536
-0.0063371128565369401
-0.0087152046573032663
-0.0054867615743779928
0.024324056953989114
0.0079734278663035219
-7.9384309878897876e-05
0.0017669816100254216
0.001914180850994003
0.013704467642778204
-0.0016543836976530566
-0.0022259591115859796
0.010378823815399152
-0.0032482965107471645
-0.006773178032929217
0.013869191481708117
-0.00063948243131687569
-0.0011716525307929704
0.0065615437009602408
0.0064623943885856894
0.00039594900973637456
0.0043671186903541269
0.014113414507124784
-0.0009844359841246176
-4.56682383254416e-05
0.0083354045473687539
0.0067039990714349027
-0.0017742763833702448
0.32775695673704242
0
0
0
0
0
0
0
0
0
0
0
0
0
0
0
0
0
0
0
0
0
0
0
0
0
0
0
0
0
0
0
0
0
0
0
0
0
0
0
0
0
0
0
0
0
0
0
0
0
0
0
0
0
0
0
0
0
0
0
0
0
0
0
0
0
0
0
0
0
0
0
0
0
0
0
0
0
0
0
0
0
0
240
0.85973690423288018
0.39814900479431442
0.12752657063991638
0.026628289440721785
0.17653932346678414
0.0034518085642939594
0.048483948583809909
0.042839343497130145
0.03291130627882103
0.035874273096014833
0.03771206430596178
0.019424860944707481
0.070036094156254697
0.051761561558446773
-0.011432408070638072
0.08069590014248211
0.018873266665230162
-0.0055266123736600796
-0.00092903108278792016
-0.0093647697847051136
0.019556549303269204
-0.040990346677839511
-0.015068398172617814
-0.023913939546867675
0.041318741698397166
0.0047982305387757841
-0.010099841762601562
-0.0066948928736990298
0.036922331530634872
0.021863972855419526
0.0014576670483804619
0.0045600551937125082
0.0081444270581780102
-0.011962206557781324
-0.017688279918789837
0.0065247045984780658
0.00057953590783410027
0.021826077641420978
0.0018608603027750088
0.047518426219532436
-0.0038903475973909468
-0.012532612139387205
0.0089070359076030836
-0.019355999913294109
-0.017769808751263872
0.0091016285359005814
0.011477317581881837
-0.011105988224430546
0.0036012111203472794
0.039881890736183118
0.0068375621714086192
0.0018766295165718175
-0.0036873044510707925
0.012363280350219547
0.0052195647232471378
0.002665459231763736
-0.0018424687395457247
0.023962080018939159
-0.0049393495008863333
-0.007148213098471236
0.0083613810812055416
0.0094983699105259424
0.025905992096396005
-0.0089828750807296256
0.020554648390521013
0.00010516350597303609
0.0029166741437621707
0.010383989809141602
0.0058926415119536805
0.010301137320628885
0.0077642080435732282
0.003163985715988857
0.015303495155971583
0.02823233940592906
-0.00358401893254772
0.002001017681260259
-0.00091954664746508419
0.0044054385746513094
-0.00208459983100446
-0.010898749122426879
0.023781209730159715
0.0011460029210287115
0.0064907073903925101
0.018281933745624982
0.0068620939424762981
0.015888755234436724
0.0085630449062664028
0.013605580213721342
0.0051048929673022467
-0.0049544781956198138
0.003024687293253195
0.022719182164748122
-0.0075413205540286986
0.0066562165760053185
-0.011658619501681056
0.0050211786762237092
0.0097608425077618886
0.0059474318599880846
-0.0017752046303541877
-9.3713606478224949e-07
0.0039459146255982555
-0.006469413555194618
0.01628757476935716
-0.0056995153013615031
0.0049296357827696468
0.0044468667593951282
0.022964953130644405
-0.0021034952072719326
0.0027671435234201602
-0.013193744647550595
0.028010491286471914
-0.0062049008343825866
-0.0016619903934534913
-0.00040139575403620617
-0.0047107482192849208
-0.00035666595099932897
-0.00031920210634299191
0.0055787772731657609
-0.00035947334338119091
-1.7779727581402757e-06
-0.0057192354515394192
0.012975962185917839
0.0016060141231492861
-0.0082835734779632166
-0.00225241274612585
0.0020709608779784111
-0.0048703075264522368
-0.0016450954487111278
0.0043423489025944612
0.0018902311505523022
-0.0072286691927234137
-0.00018054437675079396
0.0072647281168032986
-0.0022866372221689813
-0.0039398440176301557
-0.0013654981840510276
0.0031352544145328673
-0.00077925100166179083
-0.00056450554021613081
-0.0030100444287688524
-0.0041765594393121082
0.0010564999731364616
0.0008393897386903236
-0.0032172652572385182
-0.0081352857100918784
0.0039860173770988969
-0.0012878291956627125
0.019427317062226227
-0.0050426530911017384
0.008518906895255425
0.0065674539184929059
0.016328211297597543
-0.0066753084566866152
0.0062082546353441261
0.014380068242891429
0.0029601549407483104
0.0042254523193441208
0.0098471455850976993
0.32911912527624987
0
0
0
0
0
0
0
0
0
0
0
0
0
0
0
0
0
0
0
0
0
0
0
0
0
0
0
0
0
0
0
0
0
0
0
0
0
0
0
0
0
0
0
0
0
0
0
0
0
0
0
0
0
0
0
0
0
0
0
0
0
0
0
0
0
0
0
0
0
0
0
0
0
0
0
0
0
0
0
0
0
240
0.87604715278000478
0.33095602945323893
0.17300045198755196
0.03006491307291773
0.09447889393087798
0.055270259237257077
-0.019376857740690017
0.049917285371524997
0.067966236066016622
0.011212464887914511
0.075552529853370076
-0.019552947959419056
0.063346518784454561
0.011234136660646918
-0.0016123868890279072
-0.03186733913502602
0.037872941990493715
0.019767850392144338
0.095309148708269634
-0.014617832113277884
0.083432541013851932
0.060434355390322846
-0.0069897376851095396
0.016136532742985765
-0.0090336184316401735
0.020279986421139862
0.054864653614947669
0.03533808097854324
-0.043882533526861174
-0.00026342533371566607
0.025413524491407918
0.03232223355465591
0.0069172193385004885
0.048101208553611795
0.029176733625012417
0.054636102042371189
-0.0036538390434092518
-0.0079190977940685192
-0.014887541579522507
0.00056110831476629793
-0.001200315218706393
0.0017116189691129473
0.006610600064880387
0.014570311003812233
0.032415015602853404
0.019968147410705708
0.041818655033350895
0.021232327785343865
0.0048172583466561643
-0.015205417758725841
0.011387474239441442
0.00067305940986644942
0.029274871927281593
0.035854201981861573
-0.0010607258894866657
0.031169080781611635
0.0087707347993797383
-0.0020967068244241256
-0.017428716006567365
0.012666000309868633
-0.0084628812499291696
0.016067527499798059
-0.022566714803445319
0.005867806001289823
-0.014544435461222202
0.013820082814615378
0.0020420413252534779
-0.0067609621025646821
0.01505544769854456
0.025369165260471688
0.0050950625587831084
-0.0058204713652751415
0.02272933380327781
0.014910318338782457
0.011752904649895897
0.0049981556204618969
-0.0060041544533234919
-0.0051706059156920638
0.01053045649734166
0.027013626930616038
-0.011159840360029824
-0.0064018087632249747
-0.0016845105206941462
-0.008188198827301648
0.016038756501267591
-0.0087127924836717923
0.020073680503307215
-0.0076083382439451888
-0.0054535339974916795
0.008529383586553899
-0.0020423424183912448
0.0016327113870110289
0.02564399183504722
0.0061877235447509111
0.0070058013813838809
0.0043021942877457748
0.0025471414883186032
-0.0028009143231014031
-0.0040408166112195039
-0.0066853733671372465
0.00018977657005038643
0.013913732734916858
0.0043385936182211106
0.0035511618965261278
-0.0047121041414543959
-0.0073089757646606687
-0.0044017050399554076
0.0052536201083138367
-0.00088842619231463806
0.0081986363953209136
-0.011037371184667875
-0.0014289356609160952
-0.0020339678599301152
-0.003468031905369289
-0.00052824011162312678
-0.0031851575149571799
0.015499370915846846
0.012986341788120402
-0.008270739539808062
0.0079089435225712171
0.019496885499421711
-0.0017012013075549106
0.0051885443122912187
0.0066870551722690184
0.0065793353397321404
0.0027115353085396384
0.0043120159313319558
0.015281401134844488
0.0012469458633507084
0.0069637497939200928
0.0060543301071309414
0.0037009514092914944
0.0011271187239855214
0.0080783105366239935
0.0082937785934380625
0.00064719884327834828
0.0066552666919809881
0.0041259302502681342
0.0022147554703552514
0.001847477944155005
-0.0022119394172649496
0.014420681873067867
-0.0031043096609739401
-0.00023771184350155684
0.017580301376114989
-0.0033860380522859244
0.001063771822285486
-0.0020219529914225188
0.012826275419389041
-4.252257603799968e-05
0.0039783077693461713
0.0031724655701856072
0.016939933427664998
-0.0084157167911313689
0.0036529193741351492
0.0031167508539874582
-0.0038587757113219875
-3.3780693090483991e-05
-0.0062852790180886126
0.32724513445961267
0
0
0
0
0
0
0
0
0
0
0
0
0
0
0
0
0
0
0
0
0
0
0
0
0
0
0
0
0
0
0
0
0
0
0
0
0
0
0
0
0
0
0
0
0
0
0
0
0
0
0
0
0
0
0
0
0
0
0
0
0
0
0
0
0
0
0
0
0
0
0
0
0
0
0
0
0
0
0
0
240
0.74787821152840672
0.39847224634921119
0.27655957235404094
0.048789570892856605
0.11331239013032418
0.029666062660181191
-0.081759545835386138
0.1991326430478631
0.045348215512003971
-0.001384765158554965
-0.00049838394263587195
-0.026416367815176412
0.18844437955780224
0.10627212731872467
0.026568861223444509
-0.023630145933086277
0.078710378929873315
-0.017501584239726649
0.077276064869118075
-5.8946215169049869e-06
-0.031636025759126808
0.035917955002904206
0.011579310089618312
0.029035278493146893
0.038211114140708373
0.019064016225754862
-0.0088561526405122916
0.028756409713545025
-0.031786270944120266
-0.02751484871264603
0.013260752754397913
0.039270846399511526
-0.028932623382321832
0.017157259651432936
0.014131191212120272
0.023159370319810354
-0.0082508641619959081
0.018757385978421828
0.006198352683977627
0.035405575554184561
-0.01444931487788521
0.01013296962844701
-0.0066900496750646812
0.028940628182727635
0.044598176988535257
0.015430604603185787
-0.0059289893249288624
0.066175969038210034
-0.028504761000510154
-0.008608495805449104
0.082163668358565298
0.021867916267195003
0.063594690162328327
0.0032252356101353224
0.022263279396775217
0.0056745378817858018
0.046236861372527346
0.0063898295854569152
-0.0047613194637244017
0.0099460108722964919
-0.013625033383539013
-0.0050276417287882175
-0.0012880636628000762
-0.016581059478001359
0.0017090675729815406
-0.015212548481400625
0.020783765033942084
-0.016433502620851501
0.020724192313788265
-0.0034459894711100082
-0.00092550696026124399
0.0078526341973411632
-0.0023865626840773565
0.0017222391891810697
-0.0029683004753696882
0.035067671279924301
-0.0050331766870017787
0.00022338872302509166
0.01441198047190926
0.0081385919669509539
0.007322837131903486
0.018948574731780153
-0.0051743920462598578
0.019206222170277783
0.027556535370586506
-0.0063478470618681853
0.026123089327127515
0.032843073705490805
-0.0010024777773408222
0.021825427485775654
-0.010319257834356069
0.017331086092512875
-0.010819213012903896
0.012884576126903535
0.015202788403813337
-0.0072216719370411346
0.021077811442195182
-0.0021260910095094645
0.012225485618198667
0.00057306208068074913
0.0033069289574860104
-0.0055343369878903849
0.005006725337969007
0.00054437653331989883
0.025465577874435097
0.013576215272766621
-0.013636581040981671
0.010183694094671953
0.016860541239622027
-0.0086298863526509603
0.029175592372106016
-0.008243105615228832
-0.0074393325492889189
0.0019172744280532396
-0.019211776635948356
0.00042092103111311235
0.007482915932483414
-0.018163920463042119
0.0053019632977856172
0.00024435590727267325
-0.010327072218994333
-0.0083510096643630138
0.0072482012942644176
-0.0061901813547245938
-0.0018870026996805371
-0.011445836428721424
-0.0048815663957133618
0.0065056878567780743
0.0024189100845554315
-0.0056241746700306516
0.016817966326510742
-0.0043755612313649776
-0.006233576462453266
0.014136785532489036
0.012279253022345508
-0.0011225115120730466
-0.0053472016290305934
-0.0081937421479882384
0.0075113579037330777
-0.0051817964286121993
0.0067241270385422734
0.0031813014620839498
5.4380185365778253e-05
0.016385583030725449
-0.005368462752588587
0.011072543836703018
0.0035357294213924076
-0.0099527087948487556
0.031150349059827581
-0.0042006462708170152
0.0010827990017750501
-0.0038355402817864931
-0.010401455239821077
0.0010747918087383212
0.014999684261565449
-0.0087044285524233
0.013020101541216619
0.0091044278824138399
0.0038317082213515678
-0.0048475177605821138
0.35764340708818904
0
0
0
0
0
0
0
0
0
0
0
0
0
0
0
0
0
0
0
0
0
0
0
0
0
0
0
0
0
0
0
0
0
0
0
0
0
0
0
0
0
0
0
0
0
0
0
0
0
0
0
0
0
0
0
0
0
0
0
0
0
0
0
0
0
0
0
0
0
0
0
0
0
0
0
0
0
0
0
240
0.82130173780096472
0.36703174247692172
0.19936404016552298
0.1693346630244538
0.084150208861092771
0.1220807805556942
0.010603386794844256
0.15574021196471219
-0.029403981564953593
0.023976608213025781
-0.0016283752105966511
-0.070686598660439165
0.018769429145956511
-0.031892202302999655
0.030760743277575036
0.024347040270999397
0.08461734866263497
0.036103638905260291
-0.023074829361678782
-0.0059776933973965931
-0.033138081240785509
0.053720434416440095
0.025693800475268407
0.011316158246814924
-0.020646385905224645
0.034504139336423836
-0.019811660007097377
0.014481209996548656
-0.026114342000272177
-0.0061752704450749396
0.0035653360919722806
0.063386563398360796
-0.015496870005689337
-0.0044847922154661419
0.014500942613278757
0.0098907361786287774
-0.028066176402591864
0.020767277014846288
0.0090308996463449084
0.034295036436489915
0.013539889695956844
0.027599354630890919
-0.0084109834448248717
-0.0012971779276460119
0.032810626848955728
0.028932701124007875
-0.012552934835453201
0.0051671094378743163
-0.018540428625835326
0.0051535028048948529
0.036175413824182032
0.016818548697089594
0.057347155791342495
0.0074481627109348773
-0.01233367444996031
0.0036359572677260531
0.0034902213043366036
-0.0039788680264685617
-0.016204249550737678
0.00059419218658172414
-0.010788415142322094
0.011231643398489173
0.0083321876277165623
-0.022372988638773794
0.01778542377286102
-0.012601732359287587
0.0092774616013914669
-0.019662151388657911
0.011025699119394194
0.011178709333643564
0.0052583535401271343
-0.0088399543570368503
0.019017658909282545
-0.0011279130806348529
0.0076693450026589513
0.044864309022640055
-0.014329832769607814
0.0025211677506633509
0.025214476551780152
0.00062096495074769726
-0.012466388857286938
0.016722585428698779
0.0018431518701320735
0.0065646649932467388
0.024228788538179068
0.0015709611463024873
-0.0050809130580481395
0.023686630187407812
0.0030372182658128968
0.0099019651144863531
-0.012377763754342262
0.020387948394402503
0.0013004663618017588
0.014496719223202871
-0.0019660283654863368
0.0027392844670333545
0.021104585761311051
-0.0014710749590951912
0.014912113987616382
0.013089676570994068
0.010433740410763871
0.0010688354676562345
0.0062712534790430085
0.009408437671172715
0.011174910052729243
0.02259469155363952
0.00030023268485111212
0.015337709399522979
0.0077127475646720893
-0.00038533936398059811
0.029826663474031043
8.059062393036e-05
0.011273381533843364
0.013605798926796229
-0.01917298873348405
0.02285121343559884
0.0079895273940485748
-0.017415717573287356
0.011044064435795328
0.012016054621945348
-0.0073655518816745542
-0.0033917820035801157
0.0050256665049795953
-0.0054447803114544766
0.0089643331197672132
-0.011159899038291066
-0.0078010066755048336
0.0097056519161292931
-0.0012341677562941467
0.0080033079246392604
0.014569077253538397
0.0057344128308807561
0.012261775211871433
-0.0078809992428359073
-0.00025906127923217372
-0.0054420054534178213
-0.0065046282630554448
-0.0073060343503938167
-0.0046793996419859461
1.0158259937730271e-05
0.001821596892742341
-0.0020594013581857009
0.004807963911475332
0.031367531552928853
-0.011213189512799725
0.014166076778930772
0.0022098521960047688
-0.0062828700918610338
0.0033469012231413914
-0.0020649233373469487
-0.0064126006655734645
-0.007898548277921618
-0.0089148384720680717
0.011744131130294943
0.0044290534679498565
-0.0036533360669627388
0.027865407711154457
-0.0028768051510243797
0.0035595612218600444
-0.0021235629833215174
0.027270297347894924
0.34175517565276764
0
0
0
0
0
0
0
0
0
0
0
0
0
0
0
0
0
0
0
0
0
0
0
0
0
0
0
0
0
0
0
0
0
0
0
0
0
0
0
0
0
0
0
0
0
0
0
0
0
0
0
0
0
0
0
0
0
0
0
0
0
0
0
0
0
0
0
0
0
0
0
0
0
0
0
0
0
0
240
0.91788751602783691
0.20407124823888642
0.15779595635747792
0.065874515150931304
0.089980639687166408
0.10940115702097511
0.10594967595930306
0.069012795540694227
0.063459300236377594
0.087724156239824699
0.02589659383582911
-0.0030810432229556968
0.062230760294672977
0.012867064366686509
0.039473327041815727
-0.010007275263599172
-0.0056442105839230846
0.076723846708351667
-0.00039645845711240693
-0.017781065301365188
-0.013749223166383212
0.047836696337929682
0.034954214829568883
0.0011918896046604938
-0.011663162984369946
-0.0073201448653698173
1.0743773941245007e-05
0.03729150277497402
-0.01806529022941359
0.0024924942582880498
0.018193646501403374
0.047979362121254775
-0.0046939434488390561
0.0046414110407168481
0.018064377261341698
0.0095920336290838456
-0.0045816460535370602
-0.0041433046973340798
-0.006413498802093312
0.017004523119002926
0.021236335440525125
0.015950503226469234
0.032925691634241909
-0.0068147830760375474
0.010820625844591545
0.010800527055694878
0.00011001277506399305
-0.014337972377499817
0.018702866651019914
0.030596420001268287
-0.011756329765874183
0.011255123458833309
0.0089986394284460661
0.040140047201999193
0.018577264298331456
-0.00067462050652010311
0.0028865434040353426
0.014617749811815734
-0.011109486735277148
-0.0025799475648388558
0.0095786144637413674
0.01905539033347288
0.013704677583839218
0.0048189382015212893
-0.00025272513606133801
0.018952901619160623
-0.0064523951817665615
-0.015229034697394127
0.006258411147039439
0.027944214359571964
0.0043872659392392554
0.0010083396193646995
0.0050192465811765858
-0.0070024058405945139
0.0043811744172102939
0.011275724791625181
0.0089103331266390477
0.017548596045212451
0.0036036703996287249
0.013589592436738311
0.0038933559073929306
0.00011805268083384152
0.0046395624004669919
-0.0065913433417850963
-0.0059817954255449116
0.0019756749271295435
-0.0050447362165005772
0.0061445126446764047
-0.0039847206944261474
-0.0059338613286438252
0.0060991498570814474
0.013748005870083534
0.0033836867703061096
0.0020924969999413109
0.001277552586063199
0.011023137302271479
0.0044153418623647731
0.0030210577907304244
0.0063172165465213747
0.013824468063993641
0.00062972125084815916
0.007345303492023782
0.0089954622525393307
0.001444536675488168
-0.00073613766383176158
-0.0010915956781934173
0.0057623210945723187
0.0023532398036521874
-0.0043828038384078529
0.0092962136935818354
-0.00028383173038476565
-0.0069846825194355812
-0.0022218279447677658
0.0070394623157984861
-0.0048931730687666562
-0.0042490480368305621
0.001250581578208586
0.014157384218129577
0.0067011765579074734
0.0037686508154785854
0.0032770497020445715
0.0038716976273550033
0.013314447916301377
-0.0013153974773859197
0.011600252177176888
0.0058636798629446481
0.005991837601001037
0.012503056104838393
0.0093900123026883706
0.017889104029720937
0.0059500706078349274
0.013633126521223719
0.014176749005174908
-0.0050407771036732356
-0.0025154436349858018
0.010029478271509244
0.0031380948930545501
0.0053416694324968693
-0.0028642036876733675
0.0042811775955892382
-0.0038937205690461932
0.0017339345814635172
0.0022292158990337148
0.0077605915111177278
-0.0013312995600943543
0.0036520589158762873
-0.0014696525126634138
0.0036018546370399497
-0.0010595892426820872
0.0026977607240481062
0.0088908284263692315
0.00078180254563662329
0.0079815975362345932
0.0014743853921343972
0.002063306287368821
0.0016057952713232097
0.004440929472473815
-0.0036932089806072589
0.0012053159451598124
0.0062315067556382112
-0.0048294602127695874
4.5032047724885586e-05
0.3232027344836631
0
0
0
0
0
0
0
0
0
0
0
0
0
0
0
0
0
0
0
0
0
0
0
0
0
0
0
0
0
0
0
0
0
0
0
0
0
0
0
0
0
0
0
0
0
0
0
0
0
0
0
0
0
0
0
0
0
0
0
0
0
0
0
0
0
0
0
0
0
0
0
0
0
0
0
0
0
240
0.89243749534378658
0.10578727463379296
0.20694555753519733
0.15368206784562732
-0.035944378971518746
0.16332644544047653
0.082422063234519477
0.082252478272216101
0.049298724168817289
0.070189311855075376
-0.010388662768423948
0.025981700838327706
0.02919639700818006
0.004005441825483437
0.053707658839639176
-0.077843987365856057
-0.008732794262499198
0.074977578883534818
0.046498229638729696
0.037074442964001496
0.0002894660378288427
0.1221001190108173
0.054179134521856777
0.048770010759970929
-0.03169175564448877
0.0078968220114675001
0.032806410730011379
0.030354554874429621
-0.038744273787764412
0.011217161616583452
0.038211530525849829
0.050148075015502266
0.00531696837850445
0.025338278542620035
0.058584135896727854
0.0041379994740620117
-0.0026970482830447943
-0.0058649647747042906
-0.013863735562411269
-0.027216489339630282
0.016927782762591735
0.050965199786829805
0.023059309383642292
0.017797025171816895
0.019175634670748162
0.0086487051486581513
0.00080126410112242705
-0.0037420300042433187
0.012934901293829652
-0.00060142031579998249
-0.013481130194136465
-0.0043365338432065992
0.0012877027225091128
0.012523869976535578
0.013419412395704908
-0.0018767782400634174
0.013560126275213039
-0.0019428467015596299
0.00070061505231451364
0.016134051970177976
0.0088009060238864716
-0.0021727213340110444
-0.0011380717703713824
0.016354466166161919
-0.017688475380297504
0.015805628461183493
0.0026997820930991694
-0.0026163051149099485
0.0087677037924343074
0.0045606923775808241
-0.010412850912897372
0.017110587234269295
-0.0019931090950003547
-0.0086739122872519676
0.013458223737481487
0.0075557119601590015
0.018838055299734827
0.011888580124263547
0.0026483055085876994
0.026013117121841633
-0.0061930497220480689
0.0054522128662816858
-0.0026888763957976908
-0.016831880032941428
-0.0054689023844519784
-0.0066714037374227481
-0.0052069923253965705
-0.011052437663357808
-0.0094720493252763386
-0.0037137327895432172
0.0042589478040506931
-0.0074368436983166019
0.0076452522650503211
0.00047083665461208896
0.020363717100558738
0.00070784381290614029
-0.012837348040562951
-0.0020108205300420801
-0.00085857568954890689
0.013733736830550684
0.0065322520946498432
0.0018179907592283313
-0.0038569444056093041
0.021420118692681494
0.00091434440919058678
0.0011705081451847295
-0.0038439902462773252
0.0030059021449714519
-0.0048206777721472045
0.011307247935719572
-0.018174683919145149
0.0039300800408956661
0.0033643984357997654
0.003380076398453417
0.0092381770049957089
-0.0037077581050361679
-0.0016157813322203642
0.010573531174231319
0.0074344228069736082
0.0048639706428332766
0.0050797507816151997
-0.0052538815453865469
0.0045499918562275487
0.0057003909279490167
0.0031299057776662666
0.0049032082711816935
0.013119757253391318
0.015727397557508727
0.0043120583279059078
0.0065868885102486263
0.010787009595580979
0.0065691935711058675
0.00086983312049350035
-0.00071661255091795681
0.00034996917034284887
0.013353923819850613
-0.0021974187204182784
0.018831489223958556
0.00069720838954440709
0.010781903330886406
-0.0030431379455914758
0.0016254498323654055
-0.00019014869826300258
0.013933274436114565
0.002864421932003492
-0.0062795552077645252
-0.0022514537049327689
-0.0039616394666786743
0.00026839586902473861
-0.001775823281367835
0.002219094635474221
-0.0039405365446920672
0.024059606448534158
-0.0039619017157169782
-0.0064836802871089888
0.0032415884217596122
-0.0074341422349841037
-0.0033863512925694631
-0.0056010301035536152
0.0073051692087551228
-0.007644211801850178
-0.0045117816877325717
0.0060609268193263788
0.33068484759087585
0
0
0
0
0
0
0
0
0
0
0
0
0
0
0
0
0
0
0
0
0
0
0
0
0
0
0
0
0
0
0
0
0
0
0
0
0
0
0
0
0
0
0
0
0
0
0
0
0
0
0
0
0
0
0
0
0
0
0
0
0
0
0
0
0
0
0
0
0
0
0
0
0
0
0
0
240
0.8832692458273903
0.17096568841816653
0.20713508180435053
0.12605809677628685
-0.0051605005044532276
0.16176556852901186
0.12782844448143069
0.071045160703083213
-0.017909172525487377
0.10314389108639621
-0.010304840701177966
-0.0088994376832033061
0.024936643112313212
-0.044067839302392692
0.01920517322203355
-0.060011904709020542
0.02485090270839083
0.072189637684330371
0.026303595733144017
-0.0044476676019502915
0.0085495995685135329
0.10323885245720574
0.023964587945089797
0.0084214227878078342
-0.040103045170745484
0.0052500992228647269
0.042195928931938284
0.016737801089400883
-0.05669434213490105
0.012618590102198976
0.035992477441971212
0.083832644866112166
0.0052814001058080493
0.019878935518289145
0.052033155944772709
-0.0041320398982639308
-0.0234591076922166
-0.0059416691037199668
-0.036224831556876336
-0.011649773370587637
0.014569478154638226
0.044997009818728853
0.030061974983750728
-0.011834915476409734
0.0090930270475338016
0.023520630731897311
0.0060762590495896437
-0.017914165167255056
0.010880097532705317
0.0077759372216212892
-0.017362150745495394
-0.022054067517122782
0.0035997120336275939
0.030782583194719246
0.0099905054725182747
-0.0021327045955264489
0.009178186279937859
0.0023784416906231149
-0.015400067378417322
0.0076336043995812609
0.012970300136933432
0.0025610383522224299
0.0054833951265781502
0.0026196008918900554
-0.016025370288607593
0.019587588699679373
-0.0021937209319510022
0.0021440540749445964
0.01689373764500977
0.020722736640124292
-0.013804547427272395
0.014023181358147684
0.016841620028396339
-0.0019491690680203354
0.01673764285471576
0.010811773128276629
0.015650397664963456
0.0091372863211972334
0.00061279137467163888
0.028722926533180614
-0.0039882729166530852
-0.0013972923411690299
-0.0032548933648754333
-0.017918215264564916
-0.0052811521022861499
-0.0090050504419449638
-0.00010265779332735162
-0.014790770593045637
-0.010785527322941199
-0.010758057199169089
-0.0050027282267904134
0.0047915981254690676
0.010228300327389882
0.0051031211447675378
-0.00076691379239186678
0.0036503549855412933
-0.013823167516458873
-0.0048199425366040553
-0.010848913340743499
0.022373705020939789
0.011607655389844349
-0.0034271073951519988
-0.00051325375668052561
0.019675740888128828
-0.0021912113055170246
0.0045898694556199696
-0.0016693143668362078
-0.00070711940900074818
-0.0044861238430255485
-0.0035729077338542007
-0.012665815891386137
-0.0041756295942519559
0.00069164542244131669
0.0073769422922219646
-0.00075338685707428306
-0.0037624447407197028
0.0024880674621496628
0.017528776744262446
0.002939585994421237
0.0091040332477101121
0.0053784571003769235
-0.0008813428856784477
0.0037617658256441353
-0.00032827129824416904
0.0011716084923155969
0.00244699632995598
0.010883760111227605
0.026368235188660372
0.0055261140387708914
0.012820854092160805
0.0060235065003009696
0.0089031394298626516
0.010595237677026829
-0.0019738177591095462
-0.0028443845747877284
0.014399782717455364
-0.0032012139243034403
0.018487369385499875
0.0012028439858100554
0.0054415695795391062
-0.010372703048393155
0.0063576059541420021
-0.0015006802992470905
0.022090578140637224
8.2536242345472124e-05
-0.0074021124968769421
-0.001215297977680313
-0.00029184969673886664
-0.0013332298816056869
-0.0026237804809488585
0.0034658639490175577
-0.0035769713450827484
0.032136346829408531
0.0026024524117984438
-0.00433816086150891
0.001914590626814009
0.00012440199632587779
-0.0021009836255647934
-0.0034343651631010925
0.0086584869231645014
-0.006231122006385756
0.0028067338337012461
0.008832212773058231
0.020535520564303029
0.33175845552020539
0
0
0
0
0
0
0
0
0
0
0
0
0
0
0
0
0
0
0
0
0
0
0
0
0
0
0
0
0
0
0
0
0
0
0
0
0
0
0
0
0
0
0
0
0
0
0
0
0
0
0
0
0
0
0
0
0
0
0
0
0
0
0
0
0
0
0
0
0
0
0
0
0
0
0
240
0.88875323974397635
0.1465249825813717
0.19703369803307377
0.26571670097934436
-0.046612505350220962
0.06632423698128985
0.021468465349000806
0.11299533777183114
0.026569880277443163
0.038677558951509622
0.017504179418911619
0.031893438148844357
-0.010980582667835068
-0.023992316349229881
0.076925161536987988
0.022908003654684123
0.054623759215324245
-0.0052105819972057647
0.0016451719669769533
0.068375077980920185
0.01623434223564434
0.041034380901466931
0.023164933175833392
0.043573784532548503
0.007205174583392801
0.053375963903398688
0.03183046499072778
0.007019096580025583
0.026142984590180308
-0.021061327861124624
-0.010672237763883863
-0.020065583985764492
0.004925917122810413
0.014350006863655005
0.011528747768137636
-0.018645694515658031
0.0070278673584469606
0.018624408607295105
0.049424526585392488
0.0063835574692664215
0.02216850536763041
0.015299634248848306
-0.023578167225509448
0.011913842813995624
0.0094870300861625897
0.0093196227617362987
-0.010391162033325853
0.015241784186542288
-0.0026837864569806765
-0.024815122517573816
0.014633022427171889
0.0039948460619741505
0.013845172737491768
-0.023238175210170051
-0.023811227061200237
-0.003099125905539664
-0.00070301144897726511
-0.0055203157664521349
0.00105921265165708
0.022851397617333156
0.0043027923765342263
-0.0037615172729955444
0.0021169571769314947
0.0020352998468467797
0.019078280067808397
-0.0036696329090798612
0.012032193860379875
0.00923261459538504
0.00075326667977528212
-0.015439233682209286
0.0049209843048829277
0.0029612986383040158
0.011826522913779844
-0.0037425768722467428
0.0033636366151770132
-0.001007959448415619
-0.011288503148872928
-0.0150893197162053
0.0039508652722291242
-0.0059560079254872902
-0.013475947170588615
0.012116827583892605
0.012490607091629082
0.011951438306524393
0.0047955198773787207
-0.0018495573384605289
-0.00049794768824343912
0.0060279779225399129
0.025572236475598104
0.015289705498085032
-0.01615300454938912
-0.0016128759726276676
0.014977604586528222
0.0018328153184955205
0.0083944553574461771
-0.003450920022510484
0.002795807506593528
0.0003514249393398112
0.010604526606914919
-0.0015487905464204492
0.016017802119361248
0.0072985402023617793
-0.005416855390558758
0.021404738052235587
0.00056452883627681355
0.027572591607069912
-0.0033465527407610168
0.014181674271471829
0.0161053818759649
-0.0012530237633977689
0.011807691769113504
0.02164585845061882
0.023502210814102569
0.017576442250391459
-0.0017208079673807517
0.021667056357322145
0.013598403520095476
-0.011503822251440338
-0.001130007063087052
0.0024801401538256194
-0.0005647284830556697
0.00068584659776039017
-0.0047972121442929755
-0.0017443422123508325
0.0060905598274060991
-0.0033906824945772458
0.0039407171218341554
-0.007849185583457291
-0.010852137401993246
-0.0058735038534721527
0.0026371432504283588
-0.0050953223084001208
-0.0025021046900264364
-0.003023372507830338
-0.0037530983499573854
-0.012095148013810925
-0.0063350538394812365
7.0059946855295153e-05
-0.0020805603092785806
-0.0039115985716575829
0.002362806780024599
0.0044223161418833366
0.0061131813510426
0.010099712936811271
-0.0038438203968291255
0.0046927153770129539
0.011816486500169081
-0.0044842183135769672
-0.0016933174210681183
-0.0030867831033716004
-0.010636766551677539
-0.0014876909545818078
-0.0057110077721663592
0.0055740865395801026
0.001395383717591017
-0.0043602237346474955
0.010856278283538183
-0.00080067021581504061
-0.0015841449198276329
-0.0020755366984189726
0.0018574737683558582
0.01406632394098159
-0.0062607331180476872
-0.001045383437821397
-0.0019070147249741179
0.33652441055618121
0
0
0
0
0
0
0
0
0
0
0
0
0
0
0
0
0
0
0
0
0
0
0
0
0
0
0
0
0
0
0
0
0
0
0
0
0
0
0
0
0
0
0
0
0
0
0
0
0
0
0
0
0
0
0
0
0
0
0
0
0
0
0
0
0
0
0
0
0
0
0
0
0
0
240
0.8314762325515529
0.39622243268563823
0.18424274733805646
-0.031259522589786391
0.13588440713298064
0.065387377636672531
0.0456320988169455
0.062455117657330445
0.097295633518918206
0.070300444797063058
0.026908265980683119
-0.029326932060723201
0.10554600496724442
0.017844790822960182
0.018457232690004113
0.0023743073923112408
0.045756818828758046
0.042586985956251266
-0.0018705080164551293
-0.028529036838012996
-0.055808118999786271
0.014619260126970429
0.0058686613582207272
-0.012965875288496688
0.0039695120213411976
-0.032443697390391303
-0.023109615055090026
0.010713023277842243
-0.036291592449629935
0.012594629998713658
0.021151345774673373
0.093705083644895076
-0.011584334963753868
-0.0046037101814423824
0.001422321323001637
-0.022665988615900724
-0.0088268982600180016
-0.010314222738292432
-0.025907670365780445
-0.0015000901882859516
0.010309106737609118
0.0083171790372723667
0.021364315531065877
-0.018621429654345913
0.024289949149887097
0.021825945675057627
-0.0082002035982057051
-0.023613042320825638
0.010892376171240128
0.030810107710867982
0.0069864480505603893
-0.003342143241245633
0.026550487130728308
0.046316291254852024
0.067888085437195309
-0.0092300495033079549
0.012377591601810001
0.015535308053416861
-0.0018244089405936817
-0.012199558426444958
-0.0025005907567847217
0.0096919702656701346
0.0119939615616039
-0.0042592879909133154
-0.0047142376239149254
0.0081278658840899885
-0.013618948058111084
-0.015134093098979767
0.015829181793194407
0.02655136585029683
-0.010073880076277538
-0.003726388170616963
0.0020154078087147365
-0.0046146291168785219
0.0022036055941245312
0.030446293472325397
0.00090011021801757163
0.0090606535846144177
0.013413840266065019
0.017410508537681189
0.012851822069566587
0.00055577571805875178
0.0028388400711822775
-0.0079549521482743888
0.025147273513140962
0.0026091893331012797
0.013040523124716933
0.0065725030548986641
-0.0075067039857236208
-0.014577363312770989
0.00084784682276091872
0.036346323265113639
-0.0082245196118664269
0.0039074490742236458
-0.0073907897393757612
0.0013079873094708479
-0.0047033905399512903
0.0018605822161064213
0.0030161535182659221
0.0091762971935261065
0.0043397201541185019
0.0042165523033481011
0.022127911456289229
-0.0012235001297587473
-0.0010200930594228914
0.0057353070139179322
0.0062351401450515456
-0.0042019108167008108
0.0035114700192744094
-0.00032613884672853073
0.00055276154452793471
-0.0088778680710291241
-0.0079651638371953676
0.0063263627401231124
-0.0097458317806899172
-0.0075284958904815883
0.0023832657429073323
0.026494052737081573
0.008615212782232538
0.0057413754266716511
0.0049176621063518186
-0.0036235507063778552
0.025378857319036434
-0.0040534376262351011
0.01065619576018401
0.0036735456637215173
-0.0043507927238767667
0.012487284121468566
0.011497547705563103
0.0086029009618816387
0.012669061087011803
0.022613139529969874
0.0061290850842626648
0.0075263684266596263
0.0010282586530421232
0.0035068812221049329
-0.0086717316640983026
-0.0011182281684332098
0.023694065680852774
0.001750422707246834
0.00015636156468636509
0.0024987792955605756
0.0017483700886046305
0.016410047067511629
-0.010140314883634802
-0.00269145365813377
0.0013855350364384261
0.001682697074220934
0.010048772401612673
0.0075941891519802048
0.0076784699266812546
-0.00016517529596895818
0.0034860995383248993
0.00052656207801757206
0.0030689980376477598
-0.0067408502415703276
0.0052687089032727903
-0.0035263780680001165
0.0077447278458250869
0.00029048069299712575
0.014430603718976052
0.0080240836932516726
0.0098713687159967221
-0.00092690127839397177
0.0040511079550450092
-0.0039495173891167428
0.33798450494333554
0
0
0
0
0
0
0
0
0
0
0
0
0
0
0
0
0
0
0
0
0
0
0
0
0
0
0
0
0
0
0
0
0
0
0
0
0
0
0
0
0
0
0
0
0
0
0
0
0
0
0
0
0
0
0
0
0
0
0
0
0
0
0
0
0
0
0
0
0
0
0
0
0
240
0.9116687626156712
0.1456416714347932
0.18289484265584202
0.19399402652327738
-0.0035381504819062301
0.14123126145960452
0.066625778542578146
0.090458820998224526
0.016336113972165254
0.047385580964440531
0.0061523846147880298
0.010604228195719651
0.0053012248558382182
-0.0084916443544666119
0.043319957904354424
-0.036221168885488493
0.0072293965528372429
0.058088984598951628
0.029789945284187113
0.027813974149332354
0.022048555971098043
0.096077053979792298
0.043833373625550176
0.036910542740895648
-0.024453222905236442
0.036641855611709601
0.03242605022258227
0.027830097356217547
-0.020632688379544441
0.0021363904528306789
0.019938535846913252
0.024988732112986103
0.0045903057065468256
0.020239038147006106
0.042623587276243297
0.019479807262532938
-0.0078927515956158378
0.0049378553868962153
0.0060714078981412983
0.00086858834829309684
0.018679554976785744
0.035394615896561045
0.0081651954175843804
0.014200796206710961
0.015805651569916729
0.011265739331328222
0.0042129474068788586
0.0032467925485383099
0.004312326942019982
-0.0035613698219785286
-0.0029402355603952482
0.0057384957058331113
0.01123651549168966
0.0064804055698996785
-0.011031446117190579
0.0059762054165070693
0.0023973650876643439
-0.0047463589235298654
-0.0068883849984558553
0.016328650677176874
0.0053415176057588394
0.007213359828011111
-0.0032239947217473685
0.0050895012020252981
-0.00086537923964819592
0.007113224767323051
0.010731502892431572
-0.0018127273085131854
0.0050616550417056701
0.0067496289190376191
0.0038375604078649652
0.0042511376734881623
0.0091307597441074514
-0.0051986621440912317
0.013045963778214669
0.0074951547427412049
0.002414089497605579
0.0043360144582972292
0.0054684800565622735
0.012053680877196887
-0.011384335245238126
0.0055465421690255355
0.0012214707015817724
-0.007556625613641366
-0.0052032360829571142
-0.0041392673063598328
-0.0055340957112426439
-0.0020475481774505215
0.0018952119371506771
0.0052583248989247705
-0.0024087611470448938
-0.0048143101675040215
0.014508103762365285
0.0041357851796334413
0.01167122584794068
0.0058285400084160544
0.0016105847738967609
-0.0012306197009889902
0.0034120448300869397
0.0097185389981062249
0.006138470009376641
0.0041889892156510991
-0.0034236661420190486
0.018096151044608409
0.0016342483078745855
0.0039836872695298208
-0.0019362540789755632
0.0085950805222535075
-0.0025217203056340071
0.009136841951973413
-0.0043962096442419748
0.0072346724111440131
0.010678192883732975
0.0067519927724951417
-0.00047488729888725534
0.0069590837090650632
0.0028397399327047589
-0.0020490758548203634
0.0031777084545339795
0.006279462284633836
0.0028380863300595878
-0.00029168997593014158
-0.00084846859984526494
0.0030251411786352453
0.0044144359835828414
-0.0013975526028694443
0.0099155960810549879
0.010001797867564491
-0.0012166794863211765
0.0074826836517937045
0.0057159231552909419
0.0017649920739717627
0.0057000971332942102
-0.0036173814080323555
-0.00043617725584765686
0.0027277721095632654
0.0023688373576142598
0.0083886117785268062
-0.0039586976156148991
0.0054926656185528347
-0.0015857365939473316
0.0018325123629076769
0.0026010052992006859
0.0090484555993479553
0.00098399198075565055
0.0029526144596003796
0.0019409022051668126
-0.0028649526666708613
-0.0011038632258445194
-0.0025100595964565884
-0.002275942967440432
-0.0031797769645980256
0.011394974090372715
0.0013632564760678637
-0.0025558086198439905
0.0037822187874910424
0.0027789526534104736
-0.0023242141321031446
-0.0040843961411881095
0.0070807816504958538
-0.0054341270366753385
0.0049636459490054533
0.0031559459524219857
0.014819771225099612
0.011491891329499121
0.0092323344959957514
-0.0055257079596662227
0.32377986432315559
0
0
0
0
0
0
0
0
0
0
0
0
0
0
0
0
0
0
0
0
0
0
0
0
0
0
0
0
0
0
0
0
0
0
0
0
0
0
0
0
0
0
0
0
0
0
0
0
0
0
0
0
0
0
0
0
0
0
0
0
0
0
0
0
0
0
0
0
0
0
0
0
240
0.84029238353974189
0.39701145924251485
0.19250416173768223
0.073140013959517067
0.086108576574044984
0.039919862806961685
-0.079321641021231876
0.091206541773314484
0.12104992024251886
-0.041815755310986823
0.03883142335033142
0.008260294599642691
0.069096494804090719
0.10176252064576483
0.012297944766874114
0.0066306829644973411
0.024883065256944007
-0.010692807956587893
0.083209397744678365
0.046087049401798919
0.027235034153966473
0.017168205192845943
0.0039572295278443763
0.042897535944327311
0.029610620766301124
0.021943554321097073
-0.005541613510464968
0.0068330679586458163
0.01682715909143985
0.024314260494176683
0.020885567433049292
0.00232552864934189
0.010844786616761394
0.019864334758868857
0.0045039187137636801
0.039445349058237517
0.011747756586996998
0.023247868776641378
0.01532789668896099
0.0042837057136811685
-0.0073580439819474304
0.0020863640149651145
-0.011230726796634673
0.037747580786354908
0.034664165934746034
0.0073962628254295266
0.011193947811076358
0.044371269374738939
-0.009625394951119302
-0.0030947194510095432
0.046167798405583257
0.019093714574904403
0.027557665549108531
-0.0078997863578981996
0.0058021155996629045
0.01648083075009172
0.014341599513466148
-0.0019160473219380905
0.0033272358641303749
0.0038526935758717374
-0.0083402343919254801
-0.00015436383766721394
-0.0030889573285166742
-0.0057298258548625306
0.0052513524377310935
-0.0095797159226670182
0.0083254790130707478
-0.0014142292915980124
0.0057110969258828649
-0.0070602469926565508
0.0041980220300098002
-0.0011056658818068108
-0.0037967626076908369
-0.0032281585235108185
0.0041498050091654075
0.01707146946487708
-0.0061018062245377187
-0.00064189510730389544
0.018999949101140168
-0.00023895081074326024
-0.00045156027864728915
0.015866782128243752
-8.9888230922696808e-05
0.018804822307260435
0.0050596359130010296
0.0084181291706634017
0.0065146000670749981
0.011650140120723228
-0.001284369074283047
0.021019234294085219
0.0051861963921987593
-0.0019495375524061199
0.0003788158688081223
0.0080805361726992309
0.0053466100993278696
-0.0025470431648476092
0.0059783528188059581
0.0013386006071227469
0.0073540257604583813
-0.0016851536138991004
0.002585773021105929
0.0038510006164465004
-6.7359625871076553e-05
-0.0010819302506950041
0.013217073714494073
0.0037873413895690273
-0.0032511129529163196
0.010908361846840946
0.012069099451724543
0.0070640172481161783
0.0036216407196207885
0.0090349061504560457
0.0044645057939497685
-0.0025281758717926092
0.0039640636556049743
0.0085903433871100474
0.0031323365761460375
-0.0082666009046453871
0.0015057748682645691
0.0046034465728034667
0.0042909677885763307
-0.0035730369550918493
0.0021327401788200852
0.014006335042263693
1.103525030283088e-05
-0.0034096640158715664
-0.0029122407936419065
-0.0004599571643269476
0.00068904627865729235
-0.0033164045101974331
0.008454169129283446
-0.0013607333695130994
-0.0039061950336999932
0.013870764479576702
0.016722802102903701
-0.00080939289172448346
-0.00091281465491901753
-0.0031765147147519595
0.0066845952651815891
0.0066202399864940739
0.006998758606593161
3.4115706953966743e-05
-0.00014377293816713606
-0.0015166529109723662
0.0064056857392343599
0.0017328683173256287
-0.00095410626913560392
-0.0029028744111499216
0.011656621833202695
0.002692379135165989
-0.0017811237972912236
-0.0005803837973675707
-0.0044410544545872418
-0.00029166044672788961
0.0012770008309440683
0.006862555284185866
0.00062255958600108366
0.0079703636029135223
0.0013604898262547134
-0.00031018635075160365
0.015707634280164747
0.0051870118408650634
-0.0023200385058464415
-0.0015020855845914577
-0.0027142296618526706
0.00071000364617734575
-0.00099280839965152777
-0.0003687100394765471
0.32320362491896631
0
0
0
0
0
0
0
0
0
0
0
0
0
0
0
0
0
0
0
0
0
0
0
0
0
0
0
0
0
0
0
0
0
0
0
0
0
0
0
0
0
0
0
0
0
0
0
0
0
0
0
0
0
0
0
0
0
0
0
0
0
0
0
0
0
0
0
0
0
0
0
240
0.85573678858333968
0.3527121557692306
0.24288824395041606
0.059888527374152616
0.055658800591674384
0.074088125520035575
0.013535296861145137
0.10830971532626958
0.024034232516279858
0.05967703705035423
0.026607969385943585
-0.038573866520745674
0.087033044000526735
-0.020354359415768609
0.019812321857249987
-0.023071353179146041
0.085430069586540203
0.01617525032376339
0.0451801646094427
-0.010844283125555493
0.011255323572730408
0.054437858278165892
-0.0067831375476575459
0.0079808134628342135
-0.0087261980103137734
0.0051430842873132878
0.03135384373214669
0.018776428781138929
-0.048957938732778233
-0.0070959996643363676
0.023939551882374292
0.072505902777707201
-0.0036582951698494047
0.028993878041496533
0.024102318303334338
-0.0015835524991611911
-0.015762482306808476
0.0011522457353843709
-0.020161081478729068
0.0049211174523055541
0.00036820970722057587
0.014200860934734327
0.0072304839835787334
-0.0036535314272318261
0.028760788612555436
0.030165795205618497
0.0081718497328884948
0.0060857382155160445
-0.0016175554008990849
-0.0052592190981993019
0.016884876245720916
-0.010096631368375004
0.035051821534078119
0.028713727399112928
0.01538388827951964
0.0037904313551741114
0.021910436773936687
0.0068804833806028493
-0.016260746305215193
0.0091034210511376466
-0.0053598967463229759
0.0030514468818653427
-0.0018653357056009254
-0.0047106874191455992
-0.0094589366356923835
0.0090267704635728831
0.00054473381078659557
-0.006839905393821611
0.024820631607068204
0.015352688389089229
-0.0078636264940636219
0.0067012651201380511
0.023446462721089457
0.0058654451359576422
0.008517408799241474
0.020069969377673583
-0.0029427744787630843
-0.002936348492040484
0.0094949641935732007
0.02648861596131305
-0.0013996798978259384
0.0028097915071618848
-0.00054588417178844236
-0.0079723002163072602
0.02048745341934545
-0.0091400382793328586
0.019843255038261603
-0.00020209008249705507
-0.0041572985015151656
-0.0011511632845824216
-0.0097914102764057303
0.017826740075042147
0.0098105011121071787
0.0094738760431246384
0.0015838892797862721
-0.0025701811696813627
-0.0026774037498272498
-0.0027860344365596445
-0.002323285358354531
0.000809911548578508
0.011887680626944912
0.0023813924730748241
0.0047711977260560274
0.0084222161065168437
0.0020793048919599713
0.012089732704529002
-0.005129106126194989
0.0047814556773761426
0.0094569701355446661
-0.0053501530985540086
0.0023961182861171478
-0.0054877894013952285
-0.0025116202501294003
0.0044192834281670621
-0.0080715694335952125
-0.001434408808373871
0.016829492263673841
0.0066334819931068885
-0.0015826720255423348
0.0088614490166147621
0.0089432766651883992
-0.0028426940365445645
0.0096967857720709101
-0.00352167218311267
0.0053563191607442209
0.00016630242935511842
-0.0013099739621444213
0.018382796383099632
0.002630521072247614
0.0047942375191396954
0.011663423020139911
0.0062583147035043451
0.0028898924096326835
0.0035886696240817308
-0.0019969481353781285
0.00093449032434172032
-0.0045589686372110843
0.0059477569583283154
0.0097834579816381637
-0.00014494863787726706
-0.0031144993678237317
0.014229604162946609
-0.0014206205465850759
0.020172036704188146
-0.002071417449305289
-0.0016042356106977008
0.002190368758368351
-0.0021922283528711859
0.0064943791146127314
-0.0019900463478257583
0.0024016704715949353
-0.0011289083102977177
0.012023872137343622
-0.0027240405998627598
0.0044206618828137034
-0.0035920724051112466
0.0058146013226118556
0.0012635139081668542
0.0004080530080868333
0.0092393957712891585
0.014807483596519753
0.013052308192255167
0.0045525638310519017
0.0028445091433714816
0.01066175538860477
0.0015719004846369066
0.01444102181733248
0.0016637867037044294
0.00023632146642113731
0.32559029354743591
0
0
0
0
0
0
0
0
0
0
0
0
0
0
0
0
0
0
0
0
0
0
0
0
0
0
0
0
0
0
0
0
0
0
0
0
0
0
0
0
0
0
0
0
0
0
0
0
0
0
0
0
0
0
0
0
0
0
0
0
0
0
0
0
0
0
0
0
0
0
240
0.7922506314924822
0.38499488576859231
0.17853079819538287
0.056879825956665062
0.18859711428082671
0.019010396129400715
-0.058000506006592331
0.11748836061077228
-0.003155970103303961
-0.043678130649949035
0.0089438015921491937
0.024996480632470022
0.14111873833063121
0.16166295778946332
-0.032715883185141278
-0.0032579196059704836
-0.00071878043498572715
-0.022072030572726956
0.10969214648414022
-0.00072960034793066047
0.061491463784751822
0.013972784233934082
0.0026411461248647163
0.01412578322540986
0.038373660681930377
0.05152392216301311
0.011258381898875323
0.022500638849901451
0.006397348776863987
0.0083382174708057505
0.019153905498272349
-0.012980860754743324
-0.006183820656131888
0.013804464326851736
0.0096504594379283413
0.10097487869438586
0.0025874019786039826
0.030848674612291901
0.008619285385902049
0.067152709449147641
-0.024635360178859058
-0.004567587539356298
0.00074422383615608471
0.030554112586581233
0.0054068537985386958
0.0042699607240207537
0.03695601810217964
0.056089928261035996
-0.02594863465419776
0.0098598127292836603
0.054872011845176996
0.026053897021979931
0.022896779502388782
-0.0012211177822592642
-0.013818401193907306
0.035574514223805295
0.017583766115023047
0.0074811941799617721
-0.0057617902945811443
0.0095026080676178046
-0.0057429540280685681
0.0017322022608698882
0.0011149654897359875
-0.013888218725423876
0.0093922504005364178
-0.015534669745868399
0.038400342419356498
0.0044196156510468527
0.0099812790323433303
0.00060688957978438456
0.014971740317693622
0.0063162424544666558
0.0025208200413571573
0.036218169928844593
0.0012579705553576082
0.011126606126124114
-0.00028357012697856289
0.005252206009267419
0.0010869926280967848
-0.0087215066985288012
0.014484218424541706
0.0087877402813151071
-0.0066239436735627466
0.026173840558979033
0.00566140001809532
0.0016577526092266179
0.019235210297877326
0.024386599387428921
0.00080411481762013271
0.025902235610419093
0.0049663584127067513
0.0031541338079931446
-0.0083232624761167863
0.01621229773329164
-0.00065874890842981609
-0.0038555488006681389
0.03443370992253153
0.0021718437482373051
0.00016668760028923759
-0.0023715733284622896
-0.0023202911714308048
-0.013914995555981901
0.0054781590502254373
-0.0043823896662911737
0.023073565532611664
-0.0048582887285870827
-0.0073776890787592593
0.0013784212122732063
-0.0055132200463409364
-0.011668913523667591
0.030173279958411944
-0.0034505793514936684
-0.0041908801410900807
-0.006055887389116674
-0.004770841173210051
0.00047816250930406633
-0.0083904009054892661
-0.0151968600162745
0.0010256810638373088
-0.0012773174771200592
-0.015750959890786457
-0.00073967998700742081
-0.0092036714312839791
-0.0016602358260962974
-0.013907978657172049
-0.0095258260221905301
-0.0046592425074615217
0.0039990814180271951
0.0055710438131057376
-0.0055712048102902634
-0.0080588721613966251
-0.013010421903120298
-0.0044881536829633967
0.012714034997287696
0.022130446246656825
0.0012649631481930926
0.0095218330293893993
-0.0043864047115925965
-0.0088721476231250086
-0.004271821577484884
0.0082756497446611777
-0.0014172198619997985
-0.0026923692564045447
-0.006369508093987529
0.0084982838471152049
0.01276979966597948
-0.0028683912123966711
-0.00076574597874051829
0.028727011420505391
-0.002603743175350851
0.0097921379131760133
0.0079865399610077586
-0.0083531846509185929
0.0026511527378028461
0.019575217943886055
0.0056338079646720109
0.0046485908483800418
0.020627870604431508
0.011425358701863696
-0.0042235731086407912
0.033119032071604985
0.0067532622773297567
-0.0054875303457263521
-0.0040401342427885288
-0.0033325196980583381
-0.0014564924045857911
-0.008621300864129721
-0.00089647102094594867
0.013037503082544042
-0.002100590986172093
0.34445213686440695
0
0
0
0
0
0
0
0
0
0
0
0
0
0
0
0
0
0
0
0
0
0
0
0
0
0
0
0
0
0
0
0
0
0
0
0
0
0
0
0
0
0
0
0
0
0
0
0
0
0
0
0
0
0
0
0
0
0
0
0
0
0
0
0
0
0
0
0
0
240
0.90983498596653201
0.22661066644600619
0.047747396090640958
0.14808867523455135
0.12757319086164995
0.09289814091452174
0.067260757191947337
0.010381802058379217
0.066032346455367916
-0.019370812881025178
0.032295872607299783
0.05079769309089479
-0.032684637471485457
0.057479284518059261
0.0061763918012728153
0.067404630102618671
-0.049214416468399712
0.056447506570853546
-0.019725697509448348
0.025677812974490587
0.014884020786307324
-0.0070499712956216482
0.039376372064076556
0.011234840432495287
0.0010558567417599928
0.035976290846607452
-0.03530085349840132
0.0061234021845302028
0.064219903800337139
0.036047232689346759
0.0026633821694321278
-0.017173276985616125
0.013242456001171342
-0.019824750398752245
-0.012838459280681865
0.050559945107780398
0.015675007337902169
0.017550525680403203
0.034671984590697723
0.031868775172108836
0.021620771004442919
-0.0038221452671945897
0.0034216561138895045
0.0093583756677207766
-0.00058332226043350316
-0.0023039725649308639
0.00061266499005555052
-0.011109399040148951
0.011282668381361112
0.037538977916151524
-0.0007603312879292855
0.036204457559569539
0.0017254570667227058
-0.00020060891447841605
-0.014672275041546596
0.01113478151497586
-0.018004367211807461
-0.0025091692879832552
0.039610613967483881
-0.010058282996168946
0.0057148397354560522
0.029652550323107967
0.0098272164476919006
-0.0049258099209672102
0.039397004746831402
-0.0090001215971755883
0.0068560631362259757
0.0059234051237891982
-0.010176323686821274
0.013367971716073535
0.029986473852061168
-0.013511825566953087
-0.005030745169587532
-0.0028301624630832187
0.0067092723202862069
0.009329397786022927
-0.0094480491000864062
0.013524646755759203
0.0089488071460510719
-0.014253911995008733
-0.0045187800433969718
0.0057453267413074324
0.01091533807021132
0.013883719847499058
-0.012020088051032333
0.028580988619349882
-0.016233293944901476
0.015305933500837315
0.009083307104845376
0.006266331028393783
0.016405530517359355
0.001508769556162857
-0.0011572918059178131
0.0040523635038026053
-0.0057952393888971651
0.024421598278620969
0.022369798322483175
0.011490269669546868
0.011540397284934173
0.010742950882132871
-0.0047879263161911345
0.0066593229172972786
0.0082583455601619518
-0.0064146889794927707
0.0037161449482081975
-0.0046686154212335872
0.018580717676518338
0.0032923950784802271
-0.0067380431814294183
0.017341714389240023
0.01085147719710561
0.0093148073577921896
0.010935268118733514
0.00055881677323217367
-0.006302543405208437
0.01627242816537287
-0.008532579934064255
-0.0062837784634265544
0.01139024984870109
0.0035313346772539761
-0.0069935246274699034
0.011848043100353072
-0.0014278538728248076
0.0053491495906798437
0.0025123506242247027
-0.0029085920247358026
-0.0035068193389016437
-0.0033837693161538574
0.0053068699261804575
0.0068043136233015139
-0.0027442914391637117
0.0049739528087479412
0.010288614401330795
-0.0063635588811629864
0.0037129243910610757
-0.0019174899445866102
0.014164168329555108
-0.0062751048195464065
-0.0077885908547688787
0.0033800682407640111
0.013349156145080943
-0.0074969051780734734
0.013693107010040371
-0.0054263831019023224
-0.0050891704330929995
0.0084583742266615344
0.0034724049560000206
0.0078031783530392454
-0.0027073499037160889
0.0085239934692883518
-0.00095819485585589689
-0.0015301506499470672
-0.0083637646382556333
0.012002192782919878
-0.00062347357637803063
0.0072091431856986035
0.0034157996104379864
-0.0017846235687551774
0.0048326264120359223
-0.0029658673260756453
-0.0017429112686505998
0.0031654511381341787
0.00041155396070713786
-0.0033367209145094274
-0.0047031569916917348
-0.00093670336976788341
-0.0054388465838932582
0.0018002824321066359
0.0024957897193600047
-0.004730757573758162
0.0044795780412566766
0.3294708253324391
0
0
0
0
0
0
0
0
0
0
0
0
0
0
0
0
0
0
0
0
0
0
0
0
0
0
0
0
0
0
0
0
0
0
0
0
0
0
0
0
0
0
0
0
0
0
0
0
0
0
0
0
0
0
0
0
0
0
0
0
0
0
0
0
0
0
0
0
240
0.93594464480219353
0.14682453594326966
0.073469010011667446
0.15334902011845683
0.10121116783480424
0.090788100960093432
0.096236711003389971
0.022346936717571073
0.04013422039876665
0.01331607128479077
0.023920490207508079
0.072928955767546114
0.0018658660823492948
0.050482390834661967
0.014206158507620761
0.033172860557510751
-0.040367348384153998
0.056630120979095748
-0.006363620549720431
0.01166421143283777
0.017979293455002359
0.013669322036155954
0.047091783857042512
0.0084707481607814179
0.0011948188231257614
0.040689915946566207
-0.0088092648234508568
0.02391957696097307
0.039437808997203672
0.01040718970815023
0.0032619288748598247
-0.011970128830848676
0.0025842930174754053
-0.010699787930467391
-0.00092053049018677347
0.045552942430046796
0.020330927997409341
0.0068345159034355974
0.027239221910049068
0.037565471775262635
0.019873224375025624
-0.0017843345989498613
0.014861364512890964
0.007935303604763945
-0.0016547421942813376
-0.00052296755510157478
0.0027103728351558103
-0.0082584791755343882
0.010621979030370342
0.023420729393148442
-0.00049218597794202241
0.030034841408568269
0.002737330079816149
0.0082873888618192736
-0.0098607454447786572
0.0096431159419684328
-0.013508430900893672
-0.0011907479279559807
0.034233662914835157
-0.0028940183911624678
0.0079002910557258669
0.027572271957874716
0.0018414977995287521
0.003088081833362317
0.028475736670044674
-0.0031573260536887672
0.014136915615150365
0.0067420332169676198
-0.0059509996587010705
0.016741867503632359
0.028405104988086766
-0.012304159007584588
-0.0036095635393985697
0.00015304268074579428
0.0077360007450149662
0.0039030191958354132
-0.0011834538695327018
0.012711577443960495
0.0018006070401009025
-0.0094065818841141298
-0.0039134729740999174
0.00063972856951470438
0.0098465765186544641
0.0097061546390161593
-0.0060147902274232867
0.015088645300858931
-0.0067220103056435934
0.011266550525154073
0.011114609169375015
0.0053542809990971552
0.011346346400263286
0.0044578243837092579
0.0019595350775307831
0.0037082240479774952
-0.0056816907217813791
0.020255844404637055
0.02183158058286189
0.011737571159218104
0.0075735980768053476
0.010515188604739227
-0.0040247792456225267
0.0064391140119800265
0.0070882673708306011
-0.0031811046991323056
0.00080599272205980122
-0.006263278177548872
0.0063952268795115473
-0.0013517174281727079
-0.0058446921665426862
0.0099745385455012343
0.0088828189449091585
0.0045277865900050897
0.0035061858198534453
0.0032522723215024523
-0.0056025446727807696
0.0076477261469247715
-0.0058226274428961871
-0.0011255165386270872
0.011047062953948698
0.0022252953476473258
-0.0056701626789463708
0.0093250576780894521
-0.0012444670968183636
0.0016387345053049177
0.00023364948357317583
-0.0012016895969949488
0.0028102905558312808
-0.0019188330309346578
0.0086978106254407377
0.0042916781700369638
-0.0041841575553308533
0.001877265057351479
0.0053514280027391154
-0.0016662266457610395
0.001769388850791902
0.0030788400157550446
0.016559678191245032
-0.0076005254022531643
-0.0026995576684153868
-0.0016928008894038749
0.016119631481695405
-0.0036207384932574519
0.011108245138044461
-0.0060433755068239527
-0.0021437525695964603
0.0091281199838984719
0.010620071656786996
0.0040294612545923444
0.00012975415937637727
0.004220980432166635
0.0016578257642067612
-0.00010275484971349001
-0.0046006370629583827
0.0090317290149565781
0.0019230441283585075
0.0011048490683954785
0.0055636183379451981
-0.0004002672110453928
0.0021825287020198017
-0.0015598306749551698
0.0012641367355497666
0.0023111991398045619
-0.00050825032569992484
-0.002868956745013313
-0.0041246602880602211
0.0010602476646998566
-0.0023594987495993459
0.0015604380360307146
0.0014709663024949024
-0.0020764287987651529
0.0039107577992878555
0.01614239996529987
0.32382572630863521
0
0
0
0
0
0
0
0
0
0
0
0
0
0
0
0
0
0
0
0
0
0
0
0
0
0
0
0
0
0
0
0
0
0
0
0
0
0
0
0
0
0
0
0
0
0
0
0
0
0
0
0
0
0
0
0
0
0
0
0
0
0
0
0
0
0
0
240
0.8777730825561233
0.24690000317606653
0.15055931088144484
0.060608343623413143
0.11826999769373636
0.064796588751117434
-0.028883823746780453
0.089460563131766438
0.18063459747294369
-0.013209982471838033
0.039795394999224895
0.031143684448462251
0.0962525581906509
0.14443783158060947
0.05157125820430377
-0.002162771426332295
-0.037543192971877436
0.040915183073885253
0.040955028801780161
0.031512837881023117
-0.019163257423602784
0.027635508901394799
0.045964543310816196
0.046518473296710078
0.027126671585718146
0.0089020474393057339
-0.030151844227912131
0.042918007827263932
0.02961528599483217
0.0046977431451992371
0.015640616573446207
-0.0019929633557780498
-0.0082384234987450487
0.003633851221268589
0.0053498259302520905
0.046043396341315143
0.033682235686421799
0.0057152776119507118
0.03327779294701224
0.014893483031780024
0.0078906045260530994
0.0056912278425401098
0.0084933676312219774
0.042202921186535736
0.031630814356524949
-0.0059613616163061269
-0.0062363454170269762
0.027483509572197619
0.0055120227445335521
0.019880212937625118
0.020603082826242305
0.054779528268927812
0.020088055301196072
0.0096794168773522288
0.025145433378983419
0.0078705123842085535
0.0062440088407528646
0.0054724044679544401
0.01539707466962152
-0.00083692703041119093
-0.0085238317091718627
0.015419646466396
0.00090242200555020423
0.0043709047827538419
0.0094590260124895621
-0.0031422822880180072
0.005803406872797053
-0.019990134063193277
-0.005071877004452675
0.0053496671728450974
0.017377720685305968
-0.0066825706754136604
-0.019262469081994537
-0.01793679172499776
6.5908246935329016e-05
0.015327059179996015
-0.0017975939602289386
0.015310652019431477
0.011651946085018228
-0.00053774690263101298
0.0035222529993791793
0.012314892884883497
0.0043212360536825497
0.021213727065407906
-0.0067660251203120192
0.016145677774800252
-0.011203974068500702
0.025948531764593514
-0.0023619317814373361
0.015135275384541848
0.023688598902017691
0.0021549064509733379
-0.0045786203752719492
0.00090281544115519404
0.016101239803657699
0.0050920504701141914
0.019085820777475903
0.0083513636215963236
0.025389783394948327
-0.00048748821865890278
-0.0067721428772542372
0.015617845563777401
0.0072050959408195047
-0.0041935387749332158
0.0083385561806303566
-0.0057944412180105584
-0.0011949928866150734
0.005680513149885387
-0.0035974682764590617
0.030849306635534885
0.0016364756088429644
0.0024876228037957679
-0.0019166751382226931
-0.0015316943854323799
0.0012610210711318237
0.00034218611057864858
-0.0067200402051093193
-0.0027819757878806157
0.0095610986815564923
6.3095877835489674e-05
-0.0023173803073639502
-0.0035518143143800731
0.012974711259672088
0.011135074809728619
0.009442573409830653
0.0014664932573505312
-0.0035866035518190885
-0.00084557419432054943
0.0082248086550371999
0.0032309997466873335
0.0088858538802260387
0.0065682892711177417
-0.0012094696009356592
0.0042247907181114114
0.012389123609414717
0.0024621293913597467
0.0044712950387034095
-0.0050246195200955527
-0.0021441621490194108
0.0063159781369531752
0.021892566285510541
-0.0060224425773578883
0.002777369536942523
-0.0013260220426611887
0.0051126956247422367
0.0078265860789331326
-0.0017613927860912761
-0.0033329363194038431
0.010388678086753757
0.0070520721231843051
0.0053840010256357472
-0.00052188709517944328
-0.0053171660109739543
-0.0023485362018544633
0.0017987304164121534
0.0018904589945108472
0.0010481156644659181
-0.0031951636885933473
-0.00092726938727059427
-0.0006441868551968331
0.006870952790522817
-8.2696024125451713e-05
0.003401332093281949
0.00034437702086833737
-0.004539700039463369
-0.004754358323771299
0.0042930906464595199
-0.0013103482530804525
0.0074124536110111725
-0.0027931609068746295
0.0034771892224099519
0.0063056398683594582
0.0041395935616238009
0.32740882625990164
0
0
0
0
0
0
0
0
0
0
0
0
0
0
0
0
0
0
0
0
0
0
0
0
0
0
0
0
0
0
0
0
0
0
0
0
0
0
0
0
0
0
0
0
0
0
0
0
0
0
0
0
0
0
0
0
0
0
0
0
0
0
0
0
0
0
240
0.86196425873938842
0.35750817537263463
0.19483430161913146
0.066721401520407647
0.12855132171462977
0.073679135423880854
-0.012889895856844694
0.10288052995716522
0.014670415797969766
0.00094580428495705867
0.022414039701609038
-0.011395391179885811
0.094280174027585095
0.065150741457687247
-0.0096777269301769556
-0.021766081740362285
0.021109400342351155
0.017233266036572464
0.07902280070023282
-0.0077916132790281714
0.045890212439874185
0.049375906223076922
0.0053955209456560188
0.015829525221796096
-0.00050373761188462574
0.031729537534226471
0.021468617163832634
0.028452357308968741
-0.025339001749216775
0.0088386227062365649
0.028135660268841914
0.031874118076292056
-0.0016384068972473743
0.023817415496052916
0.023063782616527237
0.065304959960253012
-0.0087747697396436102
0.014176261317904544
-0.0064719823693646823
0.034873463322938718
-0.010633635068029959
0.007269159554095129
0.0093100548664107729
0.017521184431132743
0.020744624324826298
0.016562079935077557
0.027106868985096837
0.024645205421682474
-0.010361687424845206
0.008814924336621132
0.025027288492402093
0.013643933059761811
0.029146568761991846
0.02118692588556358
-0.0016255153550447999
0.024279973813570693
0.015878239373921139
0.0053078537704857589
-0.013605907364962772
0.0098624961347028237
-0.0059539056797665649
0.0093563663287527157
-0.0025829123281862713
-0.0077067167945400056
-0.0010900000479881022
-0.0014785445646073876
0.019636310962586893
-0.0045646170467660068
0.015480726317272086
0.016141417329900782
0.0072251605746623936
0.0046058952345482832
0.012999964999564051
0.017268093139145835
0.0085967032312121803
0.017995175549038008
-0.001911029680948622
0.0056859772824234718
0.0085505395169342725
0.011420618765438316
0.0023471626672336623
0.0055530154965831016
-0.0043941824978729156
0.001384561892542649
0.007273509444548641
-0.0033030786263958593
0.011227305257027883
0.01056618694506423
-0.0032674422505946611
0.011560701661955174
0.0018097819257424787
0.0064588102506600966
0.0048029327064734225
0.013358102767818918
0.0042883848447711698
0.0013689902633836641
0.016818118663089965
2.7644602009721382e-05
0.00072024501940747812
-0.00202140335256856
0.001428045269637799
-0.002933806320881745
0.0058584448685208195
0.00054307595451108818
0.01199859459665587
-0.002483984051823734
-0.0040426726664889038
0.0053930715161311154
-0.00372276881219657
-0.0013360957691236923
0.0099713320435849198
-0.0036514041264636633
-0.0017888181841960349
-0.0044531556428657965
-0.0049491243512121376
2.4829468106940335e-05
0.0014051183977605256
-0.0018852886999213485
-0.00047503920986162419
0.0056136477076564884
-0.0012606089671905606
-0.00061362580340143633
0.00067325926270375344
0.00044558595822999023
-0.00256915969405404
-0.0043259449075856099
-0.0028154708542704339
0.015021468397254404
0.0057020491886285779
0.0045396977376293158
0.002618995907884167
-0.0025150063634462594
0.0026736124962231126
0.0042500770113560555
0.010856944717775326
0.0025674601083910151
0.0062935247724788266
0.0016634870030856489
-0.003210721551742522
0.0017549194191328345
0.00085686104744061285
0.0043145415400337988
-0.0022273239698213723
0.0010970251429775124
0.0041089164091464977
0.0074944864733113969
-0.0026248677247189696
-0.0010850445260847334
0.016471188460251102
-0.0017582880550169805
0.0082227465010565829
0.00091019275071178342
0.0023711454024050679
-0.00094969613411420323
0.0083209480740475614
0.0050502682899017798
0.004171229837517154
0.0063651738988434294
0.0029209315031305931
0.0076875022030190284
0.013995481395882543
0.00800372514696286
0.0021133786480421542
0.0010528869887359495
0.0028033222482099431
-0.0021916963248493552
-0.00080101646280192828
0.0036444663176852243
0.0053083072660905636
0.0056454655252053329
0.017408720263657279
0.0016067527173601662
0.001478039109723693
0.0013692581268225817
0.32286701507020105
0
0
0
0
0
0
0
0
0
0
0
0
0
0
0
0
0
0
0
0
0
0
0
0
0
0
0
0
0
0
0
0
0
0
0
0
0
0
0
0
0
0
0
0
0
0
0
0
0
0
0
0
0
0
0
0
0
0
0
0
0
0
0
0
0
240
0.94593281970381637
0.13859731773969719
0.097761552818150743
0.11583785772792474
0.098078740248960627
0.04797082194918989
0.090424954172991984
0.031241667761472948
0.035688045480287922
0.046096239215434313
0.051985163799349511
0.062201087364303832
0.037192506647477169
0.029286769588926967
0.020491200151246697
0.025491878894259284
-0.015912201025316874
0.034949102000565585
0.015018988638904355
-0.0089258529843064122
0.052589103506889133
0.016399902897851051
0.023027782601439398
-0.0004450888870795821
0.010621739649025613
0.037671534769898041
0.032556285791244047
0.040403327898890201
0.021684669735336566
-0.013416611976471085
-0.0021014314749517558
-0.018492183349977577
-0.00035304454285234809
0.009584670271492856
0.0058620727341338252
0.040411134306478518
0.020117686108205378
-6.5290799908845535e-05
0.022024619702616086
0.044260432753216672
0.013790091968508904
-0.010351665144655537
0.018378332653487237
0.0022328255359930138
-0.0042662645851178375
0.0020836725326206585
0.014776258026866594
0.00084521762338154115
0.013462296514396715
0.0072874220945231992
-0.0034126539877770566
0.020013854025043305
0.0023963154259261164
0.020340554517810975
-0.016100670094222422
0.01379948843648798
-0.0096494136704481023
0.0062190490993454303
0.0046675787698958948
0.0071817273301243009
0.0083287459337938845
0.027024411857829143
-0.0057148698986884457
0.011399659013177479
0.015532987762063393
0.01138916134620597
0.012689351834033752
0.0047391004873303492
-0.0016675760472875292
0.020694081946031544
0.028012378264307591
-0.0087381533605668509
0.0094210178889849554
0.0083258608960812101
0.0042483103652066791
-0.0077134553590290367
0.00083421623871835274
0.0027707408782928163
-0.0040404366933048438
-0.0023429947270416133
-0.0025194037829726432
-0.0065811416290113868
0.0098280443815833493
0.010227683876091442
-0.0042448430425877847
0.0049718072136062229
0.00083812148345813815
0.0056471470129142061
0.01323016688328706
0.0062131866007253496
0.0029753099015898837
0.0054859690328192103
0.014061737383519719
0.0018840710688098181
-0.0028284824071513172
0.015721092121772643
0.020073948454471583
0.0078469804579504986
0.0017007124548246775
-0.0018466493372887478
-0.0031579598914139653
0.011433803805923253
0.0059258640463695205
-0.0011360174573730041
-0.0043830455629807084
-0.0069227778361524439
0.0042147122811551996
-0.00079291535205959908
-0.0037837452468434309
0.00348493211765377
0.009120946931483789
-0.00096474609116080313
-0.0011875396787612016
0.0029555128821333993
-0.0036777874702781637
0.00060072395099533701
0.0031621395563655231
0.003008407062024176
-0.0036698158222006547
0.00032199464892932085
0.00010499078408887721
0.011099119271594893
-0.0010640465284517554
-0.0016774576713257205
0.0032828568536767649
0.0037893663126072133
0.010528920562083788
-0.00034705936123319796
0.0043772472260499859
0.0054674714008056758
-0.0057634250165597214
-0.0017265760460252078
0.0043930890244415662
-0.0027790871912464874
-0.0023339232576369755
0.0025526794890420438
0.018999710481413978
-0.003608610059173214
-0.0052269504771855898
-0.0051963209300096291
0.0077127939884899192
0.0041085922856538091
0.0036482836318431186
-0.0068259787156967934
0.0048314493940266393
0.0063110818142578327
0.012576666984834253
0.0061049209971903674
-0.0023557175163833885
0.0024461323387121405
0.0041577187576544933
0.0080226569655735443
0.0018128354207231994
-0.0016240354521876786
0.0087612135340079268
-0.00041459623489391583
0.003668693716806724
0.00038811113862493018
0.002085583543791862
0.0042545345820346123
-0.0033782373490955767
-0.0014091751388263631
0.0022387524345460008
-0.0026213660675534164
-0.0017235411874002126
0.0024320508976795399
-0.0039756818435480431
0.0024131845287527318
-0.0011722348616660999
-0.00045207700867815889
0.00086779919037377473
0.006322584474249382
0.0088145599947187861
0.00017373806007890791
0.001647085635836699
0.32292981052696951
0
0
0
0
0
0
0
0
0
0
0
0
0
0
0
0
0
0
0
0
0
0
0
0
0
0
0
0
0
0
0
0
0
0
0
0
0
0
0
0
0
0
0
0
0
0
0
0
0
0
0
0
0
0
0
0
0
0
0
0
0
0
0
0
240
0.91988370079534609
0.19161458730467398
0.085118973026405184
0.11871259441790522
0.049306699560755812
0.051042563518288855
0.057814519951207115
-0.018996813965396982
0.13514301326771441
-0.0042403322161121259
0.033166772904841844
0.11502485450039093
-0.0091191875722561894
0.075462041283664918
0.017434127058813864
0.053614331695778235
-0.039499886237712861
0.019373151387905036
0.0027051160808237891
0.06676170080854775
0.013334685807251103
-0.031186107937090389
0.015434549089725233
0.022408767360594189
0.023454103464208478
0.011300015126260183
-0.021308778629141018
-0.013281660517639501
0.084578875617965954
0.04030527287269757
0.011847506490895776
-0.018276168003309438
0.027205673023335427
-0.01199247474834415
-0.020372670008485118
0.0063670743752559048
0.047885268394800888
0.011630426999251332
0.028921363819572738
-0.0038295726578178647
0.014712668671864215
-0.010451326125406656
0.0013355130584300841
0.010936691649479588
-0.0057082773398753669
-0.0036364542896388536
-0.0058985532296419252
-0.015895062021643511
0.025287993809141599
0.024400841109709612
-0.0083647856959776935
0.013297910251194969
-0.014967601117532391
-0.0093434662181371368
0.01064283010697549
-0.0035608530804958397
-0.0098457903444441903
0.0027185633649418894
0.072598716723505943
-0.0073699228115002872
0.010448926894541022
0.0093294105979100789
0.011932967968951125
0.011156103039032967
0.025538051543687105
-0.0029524591502228105
9.8337104636547003e-05
0.029527185067873468
-0.0049844639271116615
-0.002507214562704879
0.010792314664735337
-0.0039324075156689335
-0.011275154043614467
-0.0072894327067154832
0.0050595855412928189
-0.0010335398499054765
-0.0021619406316378516
0.0058969065018398157
-0.0002625733290989479
-0.0083620430833903497
0.0073968678830270296
0.0044621158499595116
0.01459382440041097
0.012479626667414971
-0.0095662614173397352
0.025221529437679274
-0.0057164237852027179
0.0018637095006589549
0.0086404166186527468
-0.00082361745050159839
0.020134115917288593
0.00097451915704995504
-0.0037930608478155014
0.00023260531867463373
-0.0074071582938732413
0.0099631807744086816
-0.0021501360686201326
0.013809614085034122
0.0028171030012082926
0.0020703108598594065
0.0013614467422525631
0.0052000914296835973
0.0031929847907851768
-0.0051696896158593192
0.00016143224912116281
-0.0012112960875100397
0.0088327047510596557
-0.0040434658917882383
-0.00029677913819357312
0.0075848241987231937
-0.0032459153297813314
0.014288832504664655
0.0056752184194702624
-0.0014762819256225689
0.01272685543473987
0.0052180849069442163
-0.0064988415900673465
0.010056677084748207
0.0072544503453925218
0.0014943759763975007
-0.0021499423294485537
0.0092377224783964599
0.0019004742660915363
0.0084560983286228065
-0.0009430348912637923
0.009764828682911288
-0.0038366057205321161
-0.0047332733551818402
0.0067066747744450586
-0.0040420170521795916
-0.0034507281807162663
0.0049236189174215149
-0.0027311252956334011
0.0022628363434694233
0.00088496495152864734
-0.00054507400909409797
0.0044936546205463102
-0.0035101409198532293
0.0030787770573948861
0.002755989521873576
0.013494199961210304
-0.0029268078148758131
0.010483838333844083
-0.0043422533330887596
-0.0014781778739643657
-0.0036466639918614021
0.0069912129552463474
0.009045905253156716
-0.0020773895578947979
0.0086170824035426558
0.00059532563225850039
0.0019516732775568995
-0.0025645455295348484
0.0042394239557076805
-0.0028732979615461365
0.0030641065116406496
-0.004326491779010678
0.0015655978129683495
0.0034418924054835588
-0.0046493162433964477
-8.1035893152957232e-05
-0.0026967612435680748
-0.0022497248196350918
-0.0023646775788601138
-0.0038614579584284742
-0.0014284485245830922
0.0016263565703180138
-0.0038095354705875687
0.002005716480220771
-0.0016236293371767335
-0.00017183519154546345
0.011188647344066749
0.0088975221520769861
0.0050884591274544377
-0.0026052855535887115
0.0021183808682384
0.32718794864232115
0
0
0
0
0
0
0
0
0
0
0
0
0
0
0
0
0
0
0
0
0
0
0
0
0
0
0
0
0
0
0
0
0
0
0
0
0
0
0
0
0
0
0
0
0
0
0
0
0
0
0
0
0
0
0
0
0
0
0
0
0
0
0
240
0.92922247131065594
0.15102056116240453
0.1675938879740238
0.1012060408665915
0.06172395215510168
0.054099005872975288
0.11230219956338972
0.062050109572477669
0.041954150108946611
0.079921611762309108
0.0024558979292004643
0.089710298476555067
0.090356526539363657
0.070818837423460207
0.026467652056837709
0.010398229202877895
-0.021233643888660687
0.02116000310973867
0.014986760988926432
0.018467936396185169
0.0071235830994523493
6.0484677630584815e-05
0.01729721916398877
0.0031434800073515267
0.024112626257785028
0.0092307295409804774
0.011330240281873932
0.017557030090636989
0.033156669121075968
0.0053265225427967713
0.015615432341597875
0.00010483677088130796
0.0044280828685478836
-0.0019291104889106515
-3.6739853896444753e-06
0.0032897285912358055
0.023753238705577381
0.012933563475720512
0.0098326935570737673
0.038176534630142762
0.00085309913163567758
-0.001733818452428195
0.029208171222650497
-0.0023866057733654962
-0.017862995097026695
0.00089361586136750245
-0.0022325439341472466
-0.0084381092109416349
0.014033803020628391
0.03255248543837963
-0.01153339756744731
0.0062835282342988442
-0.016361149294192561
0.0085047845585990486
0.012558969639780345
-0.0074437038167225883
0.0079391538643508609
0.025257429485316504
0.011561416651877569
0.0048335877306054185
0.021963553265216759
0.0023580579492239679
0.029242808038939475
0.0093149972952433508
0.010967589757460134
0.010391225588557535
0.013086669293762036
0.015658712792167653
0.0056223596749853059
0.0025432414461602961
0.0056255273331110274
0.019100977276419847
-0.00090289262987116735
0.0033575841104118583
0.00023339401956306891
-0.005032782103741135
0.020109287043417193
0.014004425157202773
-0.010199653169578606
-0.0030818380567473997
0.025523285028706499
0.0020529382681780204
0.0070989622312362752
0.005822407802766702
-0.0090633545607850009
0.0045497464751680042
-5.7818069136183704e-05
0.0076921616290777216
0.0087920400555092284
-0.0043198415712698158
0.010833161237138501
0.0078348443548590177
-0.005770117542008968
0.0029643902842674459
-0.0042246693257873896
0.0026770668451125447
0.0034642675834426428
0.01027843868583332
-0.00080697790080380206
0.0029314562451464815
0.0046138580820089233
-0.0068304659286713039
0.0029022469790028291
-0.0023761375098366364
0.0054454020423884229
0.0016413603178321108
0.0023209451797642088
-0.0049368222038733379
-0.0025596721413589248
-0.010344189582313071
0.0097804339826321734
-0.004599907658046274
-0.0043572803448762064
0.00065042750762701862
0.0066969945720298718
-0.0063859306956095888
-0.0042937691058568062
0.010071551941336791
0.0046319905627866739
-0.0017961443758264346
-0.0054346150167064447
0.010750268389896678
0.00075657389500134189
-0.0050790481820475533
-0.0048756647493745373
0.0085824558917012555
0.0014783986389541553
0.0014316352531014585
0.010693529141853064
0.00043810431683192678
-0.0068517416689802026
-0.0026729030170677594
0.0019113449301282044
-0.0014769250794130441
-0.0040071608313689746
0.0092948496272509864
0.0073425715649586528
0.0056290614086883049
-0.0019400422890150306
-0.0018061230844622247
0.0016690516554884471
0.001946792708080881
0.001282400066496975
-0.0050705827193173129
-0.00152364110250079
0.0061899615202603408
0.0021557712902346283
0.0095842039648840697
-0.003433470732318806
0.00089241373332811969
0.012486415776957447
0.0068505389513243099
-0.00036477014196102772
0.0072496215779117327
0.0058594411672335117
0.00098261552278571473
0.0018222911687375465
0.0049887418459111923
0.008336916530261515
-0.0029086151865358183
-0.0012858803103269441
-0.0037420059681030765
0.0017761240687570591
-0.0031531241899715786
-0.0014137006671556386
-0.0025731048484210557
0.00099684826068666176
-0.0031181220947827351
-0.00045735875633916919
-0.00017254606431266217
0.0045889046462802424
0.0013674885498618805
0.0038420478969585599
0.00059567308504454596
0.0015177902192704019
0.0045897129430931653
0.0060566317120601641
0.32353798970528086
0
0
0
0
0
0
0
0
0
0
0
0
0
0
0
0
0
0
0
0
0
0
0
0
0
0
0
0
0
0
0
0
0
0
0
0
0
0
0
0
0
0
0
0
0
0
0
0
0
0
0
0
0
0
0
0
0
0
0
0
0
0
240
0.91996152720070556
0.052378783893205508
0.16278860844495024
0.089616491101378065
0.033216332630762041
0.10862493322228743
0.12541518227043766
0.067301444452373696
0.064222467011786577
0.10094892015482611
0.0051849871856222271
0.066453344633247757
0.091369576098171007
0.04515824727068414
0.057318348167534575
-0.056290248139176262
-0.033554271523612636
0.076470055040762749
0.028142511556940124
-0.0027325938507688744
-0.0090176242390919547
0.078665935784371241
0.063430561326438151
0.01983923891751881
-0.0079254046812854227
-0.00070918876971667183
0.025724938066310789
0.060280020064583439
-0.021552647041076244
-0.0077745038049601978
0.021692077724824059
0.02581579679399125
-0.010098315354482057
0.013705485485695978
0.038914063223306095
0.012787500623313717
0.018233900907609166
-0.014140963987000632
-0.0040953854520140278
0.0099524427483636858
0.015706348056904424
0.022730102456272983
0.048928728122992253
0.0088630701414513218
0.0053510623632659461
-0.00079316009108763982
0.00040219090001070113
-0.0050287222972546491
0.018524528287617539
0.011486101873045041
-0.012658708685859027
0.012935642684711642
-0.0025086751808395679
0.030812715764317541
0.022440370060325208
-0.0019422435476069157
0.0093502760344014082
0.011509489851596541
0.0035046041153984466
0.010546846586484925
0.013550215826304625
0.0091657792612888245
0.0016373554253065067
0.025089662778246261
-0.011954538159218084
0.023937851554492101
0.0065704570088120744
-0.0098666809272998819
0.0038642325388566828
0.015921554429732237
0.0029664704333585363
0.010110847676021098
-0.0082668130730441953
-0.0053512994348290949
0.003408961548958013
-0.0010443524562052438
0.032960164614807039
0.020613634936634595
-0.0034933366189743779
0.016297110726717166
0.0053356454328292325
-0.0038375669903320947
0.0014327719581213418
-0.0077324110847333018
-0.001336979955152599
-0.0037294819004313933
-0.0014314601070975672
-0.00015157049124690116
-0.0036640045916948214
-0.0040548498689236554
0.010518518262521365
0.002270160579715626
0.0014260217813618712
-0.0019429362717508945
0.013290434719769786
0.0041010907389876002
0.0009099170091204546
0.0052303213575979907
0.0036494358806442584
0.010045371350586661
-0.0029316111035204602
0.0055871217009433533
0.0019327767856372631
0.0065601417595125694
-0.0028166160019052495
-0.0085246147408930221
-0.0047441937268984328
-0.0049923492078919095
-0.0065379876539618858
0.0086682199528912516
-0.0094139982563718541
-0.0067791341563910642
-0.0093658257770175505
0.0047069142918987165
0.0035335885813569034
-0.0099021840582939474
-0.0027294666356613663
0.015845874947813612
0.008876485984698132
-0.0011181817149359726
0.0012203267508936451
-0.0017455274052200953
0.0083777769172278093
0.00032489187483710451
0.0034363681369101668
0.0091776167954808231
0.017777756953865659
0.0087326831152251885
0.014037669547160488
0.0074851672134212607
0.0012886035352298636
0.0045542369031342459
-0.00028967309666392703
0.00044628148900862947
-0.0003419002907203971
0.023064857954980731
0.0067790538144451781
0.007355696910015818
0.00011050796699485775
0.00022961117305443922
0.0060530073483288172
0.0019967098556141522
-0.00063959960915074441
0.0010784454962053569
0.0040685509131862382
0.0027871323916470107
0.0036227961699125048
-0.0023144456997599371
0.0011707496244883985
-0.00021466070089199416
0.013252832072848737
-0.0003128282773877874
0.013864565805750005
-0.0052972269642236275
-0.00034765902627582321
-0.0018585535832275231
-0.0011000295288190239
-0.0021602430036500998
-0.003709791459434082
0.0038783952914350512
-0.0029478663278355581
-0.0067265067420097663
0.0082303926776050446
0.012127767029396268
0.0058671813360777611
-0.0070138107030235158
0.0035150955132898184
0.0016318061992780988
-0.0014154825856782568
0.00087536619747310182
-0.0029143761256504299
-0.0035804067508470707
0.0010916270424485531
0.0048360032517993567
-0.00022823194171757514
0.0034196157570243074
0.00078423036515465263
0.0049531248908669121
0.32637926665082606
0
0
0
0
0
0
0
0
0
0
0
0
0
0
0
0
0
0
0
0
0
0
0
0
0
0
0
0
0
0
0
0
0
0
0
0
0
0
0
0
0
0
0
0
0
0
0
0
0
0
0
0
0
0
0
0
0
0
0
0
0
240
0.86707186712127438
0.39450412460416456
0.082942840815648886
0.1052686793244694
0.08206363902556206
0.10245420620597595
0.026689810189804836
-0.022249062990298701
0.051979609669625088
-0.034073664602861702
0.0360288413997941
0.010377710418954978
-0.069310147645900391
0.0054931850662582717
-0.032695388890096884
0.04655481886650157
-0.0084925784282239136
0.031081707869876733
0.022951289516444994
0.038802893746607794
0.060817504955478309
0.0029307842313916624
-0.0077603743034949189
0.011594629077995357
-0.022505459805755693
0.0197265261980475
-0.0098761133311101798
-0.027683307683842723
0.028712225428023905
0.08947059585338081
0.02682783434828357
0.018601684157969346
0.046021266900282791
-0.00057637940384581336
-0.0033464956321404746
0.036647744070053424
-0.006963673783881034
0.021816818054473556
-0.0056648488632174724
-0.010114515450821598
0.0075916853368857354
0.0016027554022320888
-0.0047161987956983679
0.0019976727476029108
0.0051294594235350172
0.014152101371060282
0.021941824186448862
-0.017918209124600498
0.011320774551852084
0.0253904767265897
-0.010097873661178577
-0.0032709921324632842
-0.0034991306868295889
-0.0013693241262503521
-0.01031140577953
0.015315052707021583
-0.011317720157425017
-0.0065753478730135413
0.019475036631331183
-0.0078585775246066674
0.0046754854387797739
0.012218632572288401
0.0061633288877600964
-0.0054250349911919588
0.014383262781522131
-0.0034343191198537345
-0.0041645888467153943
0.025250896346898345
0.00050458934213128289
0.0091939073316009302
0.0031327657114576055
-0.0038195856622822051
0.012963973366335443
0.0098071220438960081
0.016408408544427624
0.013902316618567789
-0.0079222008071180797
0.0034152574045785821
0.018904645156046559
-0.0020478974025030668
-0.0045857568567528916
0.005782562677085849
0.002966369214151558
-0.0086534966327346374
-0.0061780829807813005
0.017808532553023296
-0.013968895020720663
-0.0069149241875685477
-0.0038075454297339631
-0.0020897846537862035
0.0084444070108436967
-0.0056476004613340309
0.0065423698003741308
0.0077480867127205279
-0.0053704358203172766
0.015226816983893899
-0.0068682769043571269
0.0016828556825216237
-0.0040669599016028707
0.0061684523529603064
0.0041346764861548875
-0.0015149505723811207
0.0021966848320983151
-0.0022558419130133574
0.0027733986635197138
-0.0013377862736587897
0.023225332214303559
0.0047163280407851943
-0.0034119856580449234
0.0066007754515967822
-0.0086868130237393645
0.013162587475690456
0.016575043665346841
-0.004968762206779059
0.0034923792770927609
0.018064471995272315
-0.0049273386125635796
0.0087162515250410275
0.00038572648251350384
0.013485525255286247
0.0068322332581649088
0.008038934849908726
-0.0031117028776589564
0.01262543857349635
-0.0013015791064629053
0.0001324676983113634
-0.0030077381547205418
0.0045927394905368657
0.00084173162693454808
0.0058950880029191143
0.00017967730073518108
0.0082926295193829404
0.0096737206076064862
-0.0041746652559918286
0.0060926164897481877
-0.0019260642099055484
0.0032731167472196507
0.0032521451532073931
-0.0009166024771766364
0.012956399732469327
-0.0055548879987387442
-0.004050481082371344
0.0053894691065230517
-0.0044600460067736672
-0.0033267493126657118
-0.0036180808864882306
-0.0040976752451162895
0.010436003276541572
-0.0060807440062351694
0.006224169114803336
-0.0017407510409468445
-0.0051669727726122387
0.004329777499886364
0.0043178580463792407
-0.0085626389449828984
0.017830305670158943
-0.0057691470194792208
0.00019717524141697502
0.0017622835937355248
0.0028187320200581726
-0.010142915036432235
0.00075472741518783503
0.0017951152239977924
0.0034691189176816201
0.0048792108541571098
-0.0029519159546916008
-0.0062598149309851204
0.0052553935233086244
0.0019575239521852188
-0.0028352028852635558
-0.00044724543081460619
0.012571481366265583
0.0033435244600217664
-0.0022326401206253571
0.0027022596747687056
-0.00042928839658849777
0.0040819246245192157
-0.0013636542186664274
-0.0034236508827282979
0.33094833774441357
0
0
0
0
0
0
0
0
0
0
0
0
0
0
0
0
0
0
0
0
0
0
0
0
0
0
0
0
0
0
0
0
0
0
0
0
0
0
0
0
0
0
0
0
0
0
0
0
0
0
0
0
0
0
0
0
0
0
0
0
240
0.9189260671422772
0.16723991209157424
0.15995393704609071
0.10279257275940258
0.096317657019805075
0.092155871254220395
0.057522831457587381
0.10462412476002068
0.074327469097442977
0.058065570844200914
0.030882431894540527
0.0091736176246900829
0.08540618442954144
0.046660583191350427
0.061196942593976594
-0.011557386666940745
-0.0077237596858630488
0.064129432262524821
0.0084730648794269173
-0.010058230111893274
-0.0142759673596117
0.059067048095314351
0.055164805771732328
0.019932898855119258
0.0014011206943480136
0.017557481438457416
0.0012023690187382347
0.061565474192866829
-0.0089897620185192453
-0.021295450563490605
0.006158433992094715
0.019370845648348341
-0.018605518075209319
0.0080031646418333956
0.022306989638545577
0.028932250191703382
0.0099087120837754103
-0.0042570624272203665
0.019391951354533997
0.03440612963811724
0.019078749783432658
0.014249627554603001
0.023955520923851458
0.013223558403734693
0.021619947749583819
0.0046861458765452045
-0.0033208206438928214
0.0083087083513321315
0.0061709178013469998
0.010861551007521132
0.0089032442892230078
0.036312846993938386
0.025156499818564364
0.028949605503265512
0.0072195301963517292
0.005718738593822768
0.0036178930049281903
0.0078086771283193456
-0.0069462821606313882
0.0066142207076931026
-0.0028632018649828897
0.022021155815573998
-0.00093987230568371219
0.0050632353431862486
0.0064486711039817585
0.0091384248833641119
0.008555935646243993
-0.022184623660514536
0.0015884371472754618
0.020288210453976472
0.017314997564683861
-0.0065988269330895669
-0.0031521622326953964
-0.0085248746693893616
0.0020414911195734699
0.011591241537889801
0.0041556303942714336
0.014078334328349333
0.0056102651651582158
0.0077065194278288637
-0.0040066001178345571
0.0028389871963055489
0.0056948219735649301
0.0078246090342779639
0.0012512174811214398
0.0031783679057680878
-0.0033323218648493654
0.019754385818427169
0.0024296344680592688
0.007644294820653888
0.0045920490216916562
0.011877610930529197
0.0046251372951534621
0.0022471007396456257
0.011840708160744283
0.0081780310335377911
0.022435425271149268
0.0055012871209349171
0.018473144641976354
0.0058069624673898748
-0.0030427374414256892
0.014826369933631789
0.0082905638659164487
0.0034746932114621738
0.00062836067303530675
-0.0017279686782280697
-0.0019238654967881671
0.004084992502597167
-0.0029379073780766659
0.015917098264914279
0.0089312593465687776
-0.0042548688524964018
-0.0031011973807627134
0.0089476961845468776
-0.0099965646868497259
5.3260620815278818e-05
0.0020816493492544497
-0.0015622347761096204
0.0091730463105149235
0.0015929519552721806
-0.00063128981454612938
-0.001197801797957785
0.0118605522403016
-0.0005100006655333611
0.012656051575061408
0.00074218484009863324
0.0048555721315294686
0.0051663335095584358
0.0079950617569636232
0.010307311044376856
0.0062235229131912548
0.0069127301875820044
0.0049081391467569613
-0.0024091524098480525
0.001124624223285163
0.0067559100755654406
0.0056570132011112273
-0.0036510550970838464
-0.0033778111346091984
-0.0014283339730249882
0.011273715987751983
0.0009407523822879398
0.0032195749701514949
0.006670117691542141
0.00018533685495989336
0.013055833217082471
0.0048263774230793066
-0.0033089997147142335
0.0045774542574807129
0.0023104661242256872
0.0054731394071684605
0.00041770438725522639
-0.00084570326728621622
-0.0015988588165003054
0.0065250550083587851
-0.0035766770779300239
0.012104280279649562
-0.003783611503505735
-0.0013243927282306713
0.0040043699676242661
0.0055805371917022452
0.0054703365316030395
0.0070816362799701214
0.0017162750331648675
-0.00092473968946156309
0.0005985679759856309
0.0059796644373953708
0.0020605519203225424
0.00082290751217219528
0.0030545755185383242
-0.00099284035798605035
0.0016882285879654473
0.0039083138073146206
0.0087929008489741004
0.0023157564843556628
0.0044784898992002598
-0.00063549699294868545
0.00055569182749966577
0.0078018036252972579
-0.004045218550381589
0.32229142917784709
0
0
0
0
0
0
0
0
0
0
0
0
0
0
0
0
0
0
0
0
0
0
0
0
0
0
0
0
0
0
0
0
0
0
0
0
0
0
0
0
0
0
0
0
0
0
0
0
0
0
0
0
0
0
0
0
0
0
0
240
0.92309668452506677
0.17525515397193511
0.19411704166514823
0.14045495226431801
-0.027493179028599907
0.064386556876769863
0.026895908032786717
0.05065255097358258
0.075160924304593965
0.041207336507229533
0.042767820118268692
0.046404140642997992
0.021843724965229974
-0.00036511275835848008
0.039916140170128366
-0.020425638166372002
0.025484752681941319
0.0076948489597307721
0.063241792963364352
0.051029404352946235
0.064530889768431091
0.050682927778723678
-0.0018964789532467392
0.039618624902880324
-0.00051051364071064208
0.023959633928752114
0.062246852796271609
0.014561710863927472
0.0016378487018929816
0.0015866126010731655
0.020769354767311485
0.00090786014746571024
0.021652711405897102
0.039933664785864506
0.023366878477930755
0.0034974185209609341
0.016643616475774236
0.0041745517051150483
0.0083574732663141728
-0.016377889413330765
0.0078234639461897387
0.0066320953529964977
-0.0011888795811611579
0.017569178633942546
0.011531832559985916
0.010692448058512254
0.011662794491076885
0.011294073947174356
0.016371898502124515
-0.015879242389010059
-0.0073002823522371665
-0.0089003503029339379
-0.0013456612867175058
0.0018032344678444098
-0.0073641434411470157
0.0048407579215485833
0.0077567259464469528
0.0011335116597903391
0.00098379547138674776
0.021255274486499675
0.0064328216673504206
0.00010356542637085904
-0.0075621986491081709
0.019009669720814956
-0.0072560617488752156
0.015779593983961792
0.0030583386745422834
0.017019861177082582
0.0087524752556349984
-0.0016368167276248006
-0.00096695861184361122
0.010255502675634813
0.013454242304212652
-0.0023398031718530159
0.010500811480557216
-0.0079256913035544736
-0.00054583831036627986
-0.0087927488455462714
-0.00058994330901202528
0.015223549783642551
-0.0052468020000981386
0.00094727207931516488
0.0057351598736167771
-0.0055278454742879604
-0.0056347603654497199
-0.0058992390936979493
0.0038801021994066868
-0.012236930260616381
0.0049189526498786924
0.0055410921814180126
-0.0025142158731757537
-0.0067730381547856724
0.0224977080045035
0.0012446233313936472
0.0099140466245043139
0.00034135838903050306
-0.010731850271118485
-0.00016122752284601676
-0.0052076094523360187
-0.0075838252429424767
0.010167096712550989
0.0086473626566361903
-0.0056254269285535424
0.01224617259950446
-0.0036290678424487186
0.0048141342343533391
-0.0028222473671886293
0.0060777755552996271
0.0066158946226006418
0.0033434971445075743
-0.011668520983952132
0.011964320801317428
0.0081941265625753296
1.1809395127202582e-05
0.016196895571364701
0.0014817662631425792
0.012194192762125619
0.007401855628904574
-0.0098614800196770921
0.0047471603893136528
0.011977532238033483
0.0025155392426804081
-0.00036499710878938065
0.0059750785709968687
0.0037125316036082045
0.009297884321398964
0.0097256450460853176
0.0043687781358353371
-0.0031957956083962682
0.00024952229167479674
0.0021697630508919047
8.2934292194508717e-05
-0.0016607344384850012
0.00051866079669287779
-0.0033847145735329261
-0.0015867941363778661
0.001757541961565801
0.012053164014565472
-2.9331691470859975e-05
0.0035905918293818646
-0.0037515057637014034
0.011938390337897262
-0.00089294433743716535
-0.0013179199495314301
0.010510639806463332
-0.0076624909798845764
0.0049882243508079785
0.0008217451445982389
-0.0043544302029120728
-0.0016979041342221855
-0.0011687817359487137
0.0015212057621996828
0.01665099015023375
-0.0080770731459798798
-0.001755585405405436
0.00343769814635997
-0.0076088885884721567
0.00083307227377764381
-0.0039554414237910765
0.0095673633538880323
-0.0093868921766602584
-0.0048658515004649221
0.0017315295898853596
0.01057155707593343
0.0074409582167694506
0.0088215007257412496
-0.0039339421126150988
0.0083566832976755493
-0.0011832953182121725
0.0028488032352268432
-0.0045700299774190196
-0.0032108162009232871
-0.0015442486868269313
-0.0032306445487995548
0.00054207557809266363
0.0038178643915834261
-0.00028082929441757573
0.00023921926139051607
0.0027581835073228933
0.003028672166488086
-0.00058263590519064832
0.32404681387843881
0
0
0
0
0
0
0
0
0
0
0
0
0
0
0
0
0
0
0
0
0
0
0
0
0
0
0
0
0
0
0
0
0
0
0
0
0
0
0
0
0
0
0
0
0
0
0
0
0
0
0
0
0
0
0
0
0
0
240
0.91930729102397957
0.10868151656407345
0.088046369752279724
0.20131656342001292
0.03550931916436522
0.13369239333471022
0.13658205595276363
0.027290617193448399
0.043225192745175847
0.042354257822766632
-0.003135713641296077
0.066840826882937854
-0.036524973862342894
0.0088740756839336531
0.041179210422154333
0.030131730431922018
-0.02780601430489019
0.077640604145055719
-0.041869869072637865
0.031100099906578759
-0.034652354018843264
0.022606440285238116
0.070394593346873049
0.011968978885293035
-0.010168778747120145
0.023429665953750643
-0.033213433128400048
0.002933272090205699
0.034594838233922114
0.016099787944025088
0.00081461425417092147
0.010038082596185412
0.003597382935081737
-0.023874820601918565
-0.0029098939310149194
-0.0012568464275642525
0.0084582884858023892
0.0058134107221933006
0.026040236876792678
0.0080521589243303156
0.042089222806881217
0.017347558213550031
0.0093153453982662855
-0.003366857441527735
0.0012118982362753618
0.0024189209679561104
-0.015084595532494062
-0.02028577326834129
0.015750485114398884
0.024525555390911415
-0.0021633542703551434
0.016009582204086343
0.0015752320887769075
-0.002157589371557344
0.00088634420058578307
-0.0054210681152874578
-0.013880281571245589
-0.0052298457908227574
0.048431998999477852
-0.01099838224472836
0.018064864993107044
0.016804086747094712
0.015930130275773995
0.0011301885971018982
0.030665728044421817
-0.004839135322533699
-0.00059291452240142349
0.0027594431961067635
-0.0063795066004973993
0.0073500103371404611
0.011473211405697488
-0.012795016411303742
-0.0069039410544106334
-0.0088451957596122795
0.0076438824965655286
0.011757768915945694
0.0013146344832728281
0.015192201673836388
0.0062202525932151791
-0.0094437545301857845
-0.0075474869659968242
0.0054364613879156779
0.013472570965363207
0.00065605709391311788
-0.00064583085528713475
0.013166413907553362
-0.0053390532952685976
0.0078781469892948031
0.01214027982328832
-0.0022843152643175794
0.0054844496263431724
0.0056102730373693262
-0.0046823627213595969
0.0013332593458127082
-0.0087832473079488878
0.017721067004015604
0.0062531460012470079
0.010030817417090313
0.011144077364301237
0.031816133980875357
0.0015456693209685091
0.0038588508090310887
0.0035477216561469807
0.0030026177138748507
-4.742474574498341e-05
0.0038000736888452189
0.0053628196386431683
3.9336447898817066e-05
-0.0020646469127211979
0.010876993124807593
0.003949593300171049
0.0086337372685327228
0.01185838107575286
0.016956487915998266
-0.0085017230662384202
0.012993044835448019
-0.0056669803844721731
-0.0028619838018495674
0.0253432184951413
0.0039382621186504598
-0.0044857255260385602
0.0061358570801134712
0.0024313790936108829
0.00061883797196478341
0.0045651973329930724
-0.00097456472905255696
0.0034041290099940417
-0.003473277095700362
0.0054525964889424331
0.0048253400689071274
0.00099634916399861861
0.0099810955158873334
0.0086475032512279941
0.00063449408074205994
7.5157138464135515e-05
0.0014958480165489767
0.00073163209273595072
-0.006871048223205123
0.0018104855099552862
0.0020851611870172284
0.0094781567063251214
-0.0056236827818022354
0.019179633746156433
0.0020464164817930687
-0.0056559098306561686
0.0050149202810358508
0.01068328354314318
0.0003276288376916321
0.0015638558053697805
0.0022719046155450953
-0.0051343820884292629
-0.0055625115730207481
-0.0056980908115871051
0.023341302438553587
-0.003567480310988609
-0.0015248729201610281
0.0081425015896150581
-0.0021236031228560079
-0.0002833018647710348
-0.0042102462034511326
0.0030134401443543497
0.0061496145457939182
0.00022635321523061728
0.00041209130718776287
-0.0013224733475655553
0.005958537657985246
0.0022528824825698672
0.0022811688446487716
0.00037266624509313102
-0.001450850004803095
-0.00062826935336989811
0.013234176247954758
0.011372596345051545
0.0020668866317115377
-0.0021704081301663087
0.0010312286034371801
0.0092413667968428443
0.00015754845077772063
-0.00054589378578255088
0.0031479537318055396
0.0024652602370936363
-0.0029247181168108134
0.3271205221782702
0
0
0
0
0
0
0
0
0
0
0
0
0
0
0
0
0
0
0
0
0
0
0
0
0
0
0
0
0
0
0
0
0
0
0
0
0
0
0
0
0
0
0
0
0
0
0
0
0
0
0
0
0
0
0
0
0
240
0.93473436175653557
0.11468875581851962
0.096954352199539226
0.12762864435295126
0.10760141533615394
0.088699686883599513
0.092737984122404971
0.058318436809613017
0.029494262098280429
0.048275429928109952
0.045229664464762745
0.027898262696494903
0.036522456186630352
0.02342059877221294
0.034949153555768553
0.0014618810711012899
-0.024143273308746289
0.070328967821644425
0.009644329520253226
-0.024147494604956552
0.033145856367556147
0.055122097524535306
0.053346829094781362
0.0058490329150480214
-0.0061974644336765068
0.040751456358226072
0.023853287666157873
0.062801657300954716
-0.0023404125473174961
-0.019847502725181466
-0.0018184332919625498
-0.0060594387640599025
-0.011640267786234561
0.0098994047180696078
0.022355759789571588
0.05524904109644381
0.0075539390785962788
-0.0055300533583525499
0.022183355012296815
0.047416250505104084
0.022427050738401996
0.0038565281830790139
0.0253560457591296
0.0079410438940818052
0.0079472677569732003
0.0017145532716530036
0.012544957314047424
0.0045078260321778163
0.0089169613704227595
0.0067468103219660049
0.0001424547206117939
0.033551321820891898
0.015083127513544257
0.030392671675723348
-0.01723365923840478
0.01742576825184004
-0.01067689676860973
0.0006596094070109935
-0.0071337567034721397
0.0077732787167684135
0.0028130004055769583
0.034319668476920188
-0.011997796716035257
0.0088888668303145069
0.011576056611967209
0.011597008837727631
0.01357755878423721
-0.01459841652936596
-0.0038330585530645033
0.030247790695475101
0.031915292175031716
-0.014514704504007226
0.0064656685106359623
0.001063885488469554
0.0051034396308692661
-0.00019932321421681944
0.0012698788069388971
0.0095834772296469247
0.0018360001093788852
0.0014884810141593172
-0.01058061388570029
-0.0055013614757741646
0.0062164672866777022
0.0058887210209560299
-0.0032616970486752822
0.0024854569656113088
-0.0042725191283379356
0.01055854116264893
0.0086325772480827425
0.0090342311706118165
0.0028603711456232413
0.0041692841038454944
0.015349932207516456
0.0017736059063363919
0.0040684847421948557
0.019021316809507645
0.029435622583892554
0.0052121456459621081
0.0094791225515790441
0.0048689261592379006
-0.0072190107526111224
0.015596027684283064
0.0062048042239831406
0.0018506928011842389
-0.0040754400450702354
-0.0097107095981905089
0.0015999693288243281
0.0030576973684835009
-0.0061671032543393154
0.015428500794403254
0.00784016467983965
-0.0026200423380199332
-0.00064517140135554412
0.0062956686807687
-0.0088018682868396658
0.0019978769956777226
0.002220340224410144
-0.0021886191059714457
0.0013300721732966106
0.0011418304830602851
0.00029095756514061909
0.0057312133920725114
0.0013310774223778805
-0.00051799877618824322
0.008505474188050359
-0.00090863182138779656
0.014588958656339803
0.0035362834292479877
0.0048347330628003941
0.013248882784726747
-0.0018759284275940296
0.0012302444077761131
0.0091083730538287794
-0.0039981722661923654
-0.00017257552972652819
0.0059059448833089865
0.01990155458811476
-0.0051947716364855595
-0.0057933460524705509
-0.003234747082204312
0.0096092936784205347
0.0010675074298433472
0.0041727612308367851
-0.0041222257122906381
0.0035979529087620879
0.013214588342408514
0.0098588488423293815
-0.00012670267939660857
-0.0001049106885082298
0.0009414136330867177
0.0035006245827625612
0.0024069982826521513
0.001745768725099524
-0.0019635323156338099
0.0068409467067033075
4.3503479980183434e-05
0.0092994893996668805
-0.0029813993717320562
-0.0022004248772474347
0.0072138206751222395
-0.0037909644116100099
0.0014051507777621517
0.0059438067400428432
0.0012316631373960781
-5.5358814729708422e-05
0.0015246395607613819
-0.004882161569532549
0.0069281810113713833
-0.0011634369837717983
-0.00087966547102784917
-0.00035706913392339701
0.0076352411642975513
0.0089565486864780081
0.0027426412367259297
0.0032464009565994693
0.012474257190196373
-0.0030810074728845247
-0.00064135771515389157
0.0054949256903317773
0.00010194058129962203
0.0086357814129726616
0.0024833733931401321
0.0018458552247619638
0.32529560100439231
0
0
0
0
0
0
0
0
0
0
0
0
0
0
0
0
0
0
0
0
0
0
0
0
0
0
0
0
0
0
0
0
0
0
0
0
0
0
0
0
0
0
0
0
0
0
0
0
0
0
0
0
0
0
0
0
240
0.90141058742221225
0.3327646842850126
0.15749419649781396
0.11763740675553561
0.051336929198620158
0.063944314184611606
0.010256528808890832
0.042422351117244336
0.046228498249568727
0.0073194398117018434
0.052022346962285373
0.00057363846900970847
-0.0061242350445267534
-0.0072437799266544551
0.0033240097620538551
0.027869074240051358
0.037548615834893793
0.0081802928612223543
0.041089657942671068
0.027672213811746268
0.068420984955585157
0.020593682495425657
-0.011853750636990418
0.01643508482898565
-0.0029296767350995272
0.027671110403165489
0.028597677956977107
-0.0012846718604801821
0.009470071914955162
0.024704643691166032
0.016193591351995953
0.009328917735321544
0.026706709014085145
0.022681211725664056
0.0064408292511170121
0.022086625882792532
-0.0034172624353339077
0.01768443027054542
0.0043712027086252802
0.0038132603081969898
0.0051577794169755733
-0.00010395813131926094
-0.0063378372746868365
0.0056323027554770529
0.011464518395301715
0.017687716773919109
0.019986370587878364
0.0049145603076237452
0.0069752909534954687
0.00019108870321776685
0.0037460712793631469
-0.0028336227960699062
0.0094258703894611086
0.0040594710409804294
-0.017350541962838941
0.014409267719283515
-0.0013829676510573017
0.00057190456274084809
-0.0064599662380029239
0.0063299913433753456
0.0023652165742735465
0.0088183410822333871
4.9025740727551059e-05
-0.0005713017815361088
0.006635092150035389
0.0048066918667171478
0.0012463334146408231
0.013458612055351158
0.0078623948281999825
0.0060236016280744249
0.0052202712724958846
-0.00039539054099902083
0.023974539416419017
0.009202488133964945
0.010994657452073708
0.0039454845920070571
-0.0091117004432414161
-0.004806762398562649
0.010011066989015228
0.005164359199705054
-0.0055122298216057448
0.0039217731255089591
0.0049069228784977114
4.1287651942024115e-05
0.00032221885177083798
0.0029505928302632298
0.0015362101159645952
-0.0034359495042907691
0.003103353741242083
0.0064626579024090027
-0.0025055736638563446
-0.0011810336156059722
0.018011934022191048
0.0072924377950864946
-0.0021992407488999363
0.0064010405937289377
-0.001575502532275113
-2.2266699982082886e-05
-0.0022890744343659897
-0.0023514027024972989
0.0083639722399352079
0.0051685619565302538
-0.0014744421942693678
0.0031918119151401587
0.0010627739617133296
0.0051537598769371262
0.007496592655847273
0.0094323579994574566
0.0060284037607878354
0.0020003935218566586
2.6143709343175469e-05
0.0090795814265256757
0.01226167980644673
-0.00078163269348864584
0.0022385827822423423
0.011739046731945375
0.011032384240834862
0.0009046100864613958
-0.0061142540891930544
0.0093560772523846279
0.010905185193064234
0.006527759635150036
-0.0014527175905706211
0.0053222212389372435
0.0035339354263126768
0.002193532962403104
0.00089330308172737728
0.0049984897405755593
-0.0028729219453333325
0.0045710404074996071
0.0013647883131270582
0.0015563803763802486
0.0059093295654459345
-0.0033479179052257509
-0.0009946215101179919
-0.0034681909015757402
0.0028549203350672577
0.0047638812655497334
-0.003111361218705672
0.0052282647146812281
-0.0058773920255248951
0.0070145527963715211
0.0011521169293677441
-0.0013149168378782136
0.0025494879960867101
-0.001881360409921219
0.00040550740981808473
0.0056488073217499032
-0.0055301793099237573
0.00079889523478965884
-0.0016922552479540821
0.0018564409459994628
0.006351676180283203
-0.0010778013586684148
9.3686679493532618e-05
0.008853520849647363
-0.0020298791846217299
0.0028186488445307413
0.0012816969145313356
0.0078993413242380694
-0.0072904800165434639
0.0031900467864240875
0.002396102842611558
0.0025727912860476648
0.0049697812884528245
0.0049190442040887936
-0.0054653477043302163
0.0063979311341517044
0.001569239560857209
0.0026402400679712856
-0.00039339590710746677
0.0029041279493709064
0.00044276764751406591
-0.0033039815102059457
0.0038972619245148405
0.0032215929539185051
-0.0012939070223786666
-0.00033613304756415212
-0.0027215837341856538
0.011073896822281631
-0.0011664044325285631
0.007447348668718037
-0.0012554591717333851
0.0030056486126259227
0.32172871990160351
0
0
0
0
0
0
0
0
0
0
0
0
0
0
0
0
0
0
0
0
0
0
0
0
0
0
0
0
0
0
0
0
0
0
0
0
0
0
0
0
0
0
0
0
0
0
0
0
0
0
0
0
0
0
0
240
0.79400351790224166
0.51690282573015911
0.074903908034770872
-0.0054312746705871403
0.17776923287543286
0.045384783839611295
-0.031331563689602021
-0.015864460378502119
0.054986691821642744
-0.042161301799912225
0.066865321045133291
-0.020132413119934692
-0.012142124202646803
0.020365699661868967
-0.045690789568118548
0.024739017171558964
0.015821224222936438
0.011116808831146073
0.064953236391048316
-0.010990674003573671
0.076889770617240907
0.013509911892862781
-0.0085317474678964483
-0.0028721385234252699
-0.01133114729297904
0.011053554795192551
0.0040907975882882291
-0.0062375809319911765
-0.016965859651445283
0.072040102905359782
0.019558590223489009
0.027148343351993343
0.024003460268147016
0.013032377109403401
0.0066223249472277665
0.064221132307971024
-0.015085728732169694
0.0041706431568433681
-0.017114817531110941
-0.0046321872339691768
-0.0033629878484429765
-0.0016993045938447683
-0.001898608139608666
0.00028010884955749824
0.018359423240392046
0.015651600546562731
0.05659166430538657
-0.00081248038850500516
-0.0029443432717605011
0.0046329403903460509
0.017528525738729147
-0.0037556520553116077
0.019305778133769956
0.01648809086226774
2.5773301134131386e-05
0.040374753846422126
-0.0072137985084704545
-0.0085624046160225793
-0.0052427670421214736
-0.0055772647490049485
-0.0039665392065998256
0.01160847871824788
-0.011199409555414036
-0.0028627988736568384
-0.0044059051261327318
-0.001840782515789463
-0.0048283967197066107
-0.00049020165407489961
0.0047500226210735203
0.019333925233677732
0.00034346365104546663
-0.008360679446393746
0.018238914351754839
0.043454303368864793
0.007760504373550167
0.017530249226565171
7.4024481580103821e-06
-0.0018849341818339279
0.02920949240429126
0.0036902137762106053
-0.0079367609147735496
-0.0032947156728343652
-0.003597540589352478
-0.0064144770014466796
0.043991301168061249
0.0081737264097103031
0.0097984336427280726
-0.0060269086155211775
-0.0046532239128417715
0.0001626039762885491
0.0036913648686462018
-0.00054730612862836198
0.0051964735801052859
0.0071038861007898134
-0.002505535207507353
0.0056359630703304775
-0.0020909653029623668
-0.0022382675894254394
-0.0036679585178998214
-0.00051168249446202196
-0.0029174851091323417
0.0018854264857835331
0.01280265268575388
-0.0013981898104948589
-0.00072715484160482569
-0.0064744193182525271
0.017877428499646554
0.0013904425122829842
-0.0044787018956869819
0.0048888037348933698
-0.0096783917783102424
0.0010601674016703963
0.0017070075880910292
-0.0028051269442973255
-0.00091814120502654894
0.004546367034767667
-0.00091927452155416464
0.012039312030040326
-0.0018033810449166357
0.0096910173530872067
0.015225897161226807
-0.0013001407641354218
-0.00046466835124519835
0.011286727126378845
-0.00099747753230854542
-0.0023298726050019949
0.00088464907452090599
0.0050237347404051566
-0.00043238688663803571
0.002545351939789942
0.0011606492461150712
0.0050655380444220187
0.0020588795751495157
0.0098616566374246407
0.024121279126726684
-0.00098894612632310984
0.0014261968719165184
0.00048415548043783096
0.0092428864760965412
0.0057561945692606734
-0.0035290269039573892
-0.0019451234966569185
-0.0013810355381037955
-0.0034688011188627379
0.0018398296440537427
-0.0015369248737186808
-0.0039609665481925909
0.0041449213472252834
0.013777785801972371
0.0086647486384238484
-0.0010493610146574354
-7.6736301467080051e-05
0.0016147280101612429
-0.0016769208207598858
-0.0041857702027296318
0.012570760851831763
-0.0034117778594777212
0.00232538684735004
0.0015128756901131631
0.0077226317455650435
-0.0073642631375487409
-0.00032057739525064699
0.00098161274462833683
0.0010156049053463732
0.0011245653291872689
-0.0026668294099853498
-0.00032350597554526786
0.0016778235872116525
0.0033170275722226353
-0.00068979178576762104
0.0018580127462240368
0.0033394757780217301
-0.00087656833069126082
-0.00095693884865084942
0.0047025126732082407
-0.0014452993964096592
-0.0022592743703726374
-0.0027221100400108928
-0.0012386795449877272
0.016812422317197442
-0.0019306207515813151
-0.00012822967810450866
-0.0019129758105253841
0.00020965434924404797
0.0055700803861115688
0.33028165851382862
0
0
0
0
0
0
0
0
0
0
0
0
0
0
0
0
0
0
0
0
0
0
0
0
0
0
0
0
0
0
0
0
0
0
0
0
0
0
0
0
0
0
0
0
0
0
0
0
0
0
0
0
0
0
240
0.86319374495296164
0.28531274175763943
0.11621201905439099
0.010986648718865849
0.13659513168951906
0.0098830747537053693
-0.065785511953634718
0.047986325578134058
0.22213425206592419
-0.0263402680089182
0.10417595278700731
0.016635148985432589
0.076570296441243746
0.11687189198588721
0.039779417139373226
0.014081287800937746
-0.021356171565202142
0.017249377723213673
0.068378215125985853
0.016149644430677571
0.037194389534384073
0.015538442894260172
0.019841190335100439
0.036453573481851
0.041401650420157185
0.0099834769810280815
-0.0011699948754146786
0.044414777799777545
0.026973962528702503
-0.0048148734213851966
0.0035224985944664971
-0.024471386244839782
-0.0002639502136728085
0.024490046293055928
0.0041661743542938737
0.056812658905786108
0.036226030128888989
-0.0039934376508009928
0.032713608506674451
0.0038689056516397948
0.0074910786128177878
-0.0062817418770850959
-0.0017404012484702072
0.039558545967436874
0.034204940842831599
-0.0070173381928789391
0.018302684318433949
0.0429507667492725
0.010600635419849307
-0.0030898654619126464
0.023046562033552494
0.045000456645653351
0.020366038854606625
0.014758019752197983
0.0076596178626238175
0.02527317204951457
-0.0035855790371023383
0.00072009102702640711
0.00083124450943819245
0.0013572836887967019
-0.01038298647051477
0.021222399409137442
-0.016527792375940608
0.010762407064610418
0.0017795989543550419
0.0056709483439823447
-0.0049319630417693442
-0.021350841533199997
-0.0081036313048830251
0.0091581023256535835
0.022433657595758192
-0.016394444655978248
-0.0084637771666206153
-0.011790507245592245
-0.0022978904157780395
-0.00026838329567988213
-0.0081795488149377094
0.00046092183734073764
0.013297354689831958
0.0029548256549933403
-0.0077192945301157601
-0.0003244244582193961
0.005304713860450793
0.027629231351832168
-0.001411454296277082
0.014482811381339717
-0.0011622958398953033
0.012535039923051609
-0.0012425659207179255
0.020758401908692842
0.016302188247752349
-0.0035772680332396803
0.011410883757787055
-0.0034706205901335976
0.01270306270441743
0.0068398817575762499
0.016343245132693959
0.0033814538472544896
0.016360512341651326
-0.0065928749087535111
-0.0098132250507555301
0.0314626712207507
0.0069275764060946756
-0.0036071673880891724
-0.0042476542486166472
-0.010461369634248017
0.0024959932907004565
0.0081627950484871401
-0.00064891511770772455
0.035615161589254866
-0.0055624945191582367
0.0033732434119664199
-0.001754339112739124
-0.0027449876855234422
0.0033700535645466707
-0.0011482912536480781
0.0053008098053956886
-4.6771961215626174e-05
-0.0047527146314172673
-0.0010935254473633978
0.012833571745539729
-0.0017019362366057741
0.010679822384139698
0.016983627333416365
0.015067428737872259
0.0049170893490044281
0.0022636250195804957
-0.0030639343949897179
-0.00063158265147638044
0.0043053496459516194
0.0058296554822271874
0.004408948210893264
-0.0010555979651112497
0.0087511076935097212
0.015886396476017875
-0.0016950954247226667
0.0082484246911194142
-0.0032758570426027955
-0.0044307521092521269
0.0028768569216922079
0.014515279861211077
0.00044738306454672819
-0.0012685665681247348
-0.0038612239940406788
0.024170456961677914
0.00024469544651216748
-0.0012149419627790797
-0.0011341250650881019
0.0098452896386690743
0.0107064603611498
0.0011792136844634947
0.0097888709115259657
-0.0012980750247520839
-0.006552008795068163
0.0054015400461001331
0.003783705641251594
-0.0038534191616782453
-0.0037999907071116072
-0.0041427367287427208
0.008412900127386028
-0.0067422725332587233
-0.005731171807652845
0.0047476781292406893
0.00093482314063901659
-0.0017494133510983626
-0.0037808901793341542
-0.0019675225367667415
0.00089892243211480121
0.0049852576098270446
-0.0039874645947116259
-0.004296692187848658
0.0036032194061356194
0.00034145683120833222
0.017432906104570125
-0.00053205930698300974
0.0039312249256348219
0.00023016753952190681
-0.0036489216617264205
0.0025228655017756688
-0.0013090564006673683
0.0060331682093409415
0.0019774586408213908
-0.0038124404016782313
0.0065234409036346594
0.0010873272967195069
0.0034260232505221415
0.33271038034725758
0
0
0
0
0
0
0
0
0
0
0
0
0
0
0
0
0
0
0
0
0
0
0
0
0
0
0
0
0
0
0
0
0
0
0
0
0
0
0
0
0
0
0
0
0
0
0
0
0
0
0
0
0
240
0.91451823810922117
0.19102879935523229
0.18099895194986929
0.13800177162810925
0.0067990322725658284
0.045575235470505307
0.071327514678945547
0.078302916916629065
0.11028655713447878
0.079872271082089344
0.026790273371188358
0.045635341429851928
0.032509946795097916
0.017902154173134018
0.07842211537093477
0.051997962709479137
0.01820654912949337
0.013115990281700502
-0.023741081205192961
0.054443548547265005
-0.022030629215182253
-0.015339731164103733
0.014185034454097935
0.019113609211493153
0.029404643761286708
-0.0059509369584566313
-0.011699393527810655
-0.0010007487984649802
0.056534601267320392
0.00087899380027542297
-0.0010389401117694432
-0.0057200370266708798
0.011907437019471041
-0.0038608895999867943
-0.014929129480193148
-0.03907504554830929
0.018688892460137458
0.019360768748223664
0.037468282269511766
0.0056890152151684295
0.023697526570152196
0.0010537475162981976
-3.7252696404956693e-05
-0.0052462485767759233
-0.0041904069606907325
0.0030879180337372554
-0.019756619940338664
-0.0073890994739181457
0.021818824636382347
0.020364351548225273
-0.0061497333010644582
0.0047067758329866986
-0.0082856489307056944
-0.0083778086800593426
0.0064114512495994074
-0.017086857964246235
0.0036709482899892152
0.021205763894658402
0.0083512296948018653
0.00024109974382356038
0.020631822409790172
-0.0028138260725546448
0.037888610409963733
0.0080379110334052855
0.019095534166204731
0.010423476714409295
-0.0097629459548708823
0.0033759158007633646
0.0010628525541333277
-0.010645002269927387
-0.0011940126710937233
0.012428364344130884
0.002926654425782564
-0.0098158029413332425
-0.0050959534932411097
-0.00079565621447712015
0.002181744345299351
0.0022774611180859721
-0.00030226971747080296
-0.0052452283116005373
0.012994153386014576
0.01127107498043651
0.017010175372342066
0.011350067349533539
-0.0071165404816348806
0.0094204313872132354
-0.0064067556571993263
0.010353070697625158
0.016218020063152712
-0.0028180816118998035
0.0013570683629118309
0.0058393071470200448
-0.0014788591150637766
-0.0014851856982213759
-0.00057283108031062999
0.00015917077866242361
-0.0058140516917616217
0.0065537528623407643
0.011685224552682817
0.003477827643890246
0.011725016123666316
0.0043308457845317961
-0.0018881096260820324
0.0022578895072456998
0.0026479025247678981
0.020664127181535558
0.007505286050375955
0.0077803420266849589
0.012886558462736968
0.00064509487561029328
0.0090150808970835584
0.0058098337314480136
0.010745238056431529
0.01226041581598555
0.0051174253145152082
0.00474834455512484
0.00597466004455483
-0.0025727561114944251
0.0031768015893438089
-0.00031770669249152458
0.001264551102474466
0.0097661243047999745
0.0073026058427379898
-0.0033391763222514153
0.010975080875904149
0.011670438238446979
0.00044593741973094622
-0.0050268411793118186
-0.0034233019434061016
0.0025384111867247437
0.0031891028535063503
0.0050283804722455246
0.0058327296861624221
-0.007202345647370571
-0.0079195013628809083
-0.0047547832728617994
-0.0067049486741980521
0.006484392931545525
-0.002312118752805761
0.0038560514443636068
-0.0058283394589495347
0.0016435017391511141
0.0064766421447996405
0.0043839608028434437
-0.0063536927391799917
0.00108689059375734
0.00077081799613430821
0.0076550890836150154
-0.0075114736808084984
0.0019683574121025622
-0.0020862882197091367
0.0036342918962412401
-0.0052769916335530806
0.0083333380524950249
0.0012844255398134616
0.00085707803523558024
0.0020107863657600491
-0.0005612094123316634
0.00622252428155326
-0.0027792113536137609
-0.00556092104981778
-0.00049993123617114027
0.0042680491379626945
-0.002678601905335054
-0.0019575419800793854
0.0079339113223383141
0.0026580245190200085
-0.0013025243614543072
-0.0015337778356434447
-0.00018593045305527535
-0.0050802050667761193
0.00040603231174840993
-0.0021168075888518979
0.00031768272842302612
-0.0031444905770355424
0.00032056938387821978
0.0043617242416736004
0.0058830936745239478
-0.0012910976613416802
-0.00024048016478314018
0.00065042881099850792
0.0028070962640549786
0.0030170121392651028
-0.0021453212178411609
0.0028131652494946739
-0.0023473041314225401
0.00091260396247371694
0.32626013679502369
0
0
0
0
0
0
0
0
0
0
0
0
0
0
0
0
0
0
0
0
0
0
0
0
0
0
0
0
0
0
0
0
0
0
0
0
0
0
0
0
0
0
0
0
0
0
0
0
0
0
0
0
240
0.89629152760418473
0.014495950369035386
0.19357026554413237
0.15306631212814317
-0.040987380730792895
0.047406807585383376
0.053902989076808967
0.10540533765733502
0.13350459692769262
0.090198531259381279
0.016040565566079527
0.094783682604864791
0.083956585635654279
0.053757607951351337
0.1294096485900505
-0.026290018606131987
-0.013352185035534585
0.022363501851774874
0.01820988385361064
0.063975010890062939
-0.02117845501391032
0.048944371006027318
0.060313898374537378
0.058380454904327674
0.025781061289297271
0.0018427152909821036
0.02230598579859016
0.05126327512186548
0.028766849200181931
-0.02791403306505329
-0.0015339511007444974
-0.025976345347474939
-0.0087769630217511482
0.018486769914703553
0.018454701946377498
-0.024294975495503079
0.04775242700543466
-0.0033080034956262118
0.054844204600026591
-0.0054101619675862387
0.021643669351715321
0.013136565456377362
0.011086959716828475
0.027002918344237774
0.0055177936895292427
-0.010657189930246511
-0.014246256727305659
0.018815373160792018
0.018234003383879784
-0.011660725078680123
-0.0042779876092273452
0.021602405333268987
-0.0059535352412790274
-0.0092363270122292861
0.0094909230246165051
-0.011929888202478383
0.014754160345892029
0.013411312477475778
0.011694531531733551
0.024284989178478725
0.013974979115909666
-0.0090562803490988782
0.0093475406110821134
0.03770709598121328
-0.0039964576713905527
0.018547124029334394
0.0030778619797482902
-0.011602275534478776
-0.002780198875982267
-0.015532530459691185
-0.00037154687915876082
0.020499875276604719
-0.010255722893718141
-0.0018197293927124662
-0.0090374010408730675
-0.0084738026250121591
0.023172286221213517
0.0019321627969057875
-0.0030441084615463504
0.0034551467066705776
0.0054795533361849955
0.0063764255243896383
0.011353354195796342
0.0079910353683077893
0.010778423982419599
-0.0041604767504801552
-0.0052654853142374662
0.0084780608688691857
0.017764512591011257
0.0048823833108128465
0.004654108432225048
-0.0058923755669973632
0.00018952901257790998
-0.0081130322636643083
0.034132739910884856
-0.0082569937648352149
-0.0051586552648110592
0.0062445602809744379
0.020690491092099309
-0.0068388143686725382
0.0028279534452746035
0.011270532678445265
-0.0048944212448625464
0.012035192808274085
-0.0017348775548182852
0.0095482521585637213
-0.0052914244786985403
0.0036531531944588793
0.006068229092153086
0.012771369382861031
-0.0049082876628072829
0.0060584142027719457
-0.00019104386654565523
0.012097308923450819
0.018949964855599511
-0.0061077030458628187
0.0026610440572675535
-0.0043885410600288137
0.002923620819571197
-0.005928515681290005
-8.2865453449350049e-07
-0.0032570481797227846
0.0061844777041753316
-0.001864974913492422
0.00985343983804037
0.013948127816381406
0.014944374433641721
-0.0079876339881988483
-0.0033182138037912375
-0.0046019210442920849
0.0041313814573560401
-0.0015672951103501585
-0.0076501878239880541
-0.0035827820602703222
-0.0040939475882284405
0.0017669839850165039
-0.0054364452343319018
0.0081849056433566884
-0.0017150285743565287
-0.0014937257261508719
0.01029023996084746
0.0017831763389651099
0.00099007716865529547
0.0020887677804765832
0.0025781296738324922
0.0029943942604290274
0.0058149032917162386
-0.0051044531381573876
-0.0033788472843417476
-0.0023235949011853312
-0.0011413262980813142
-0.00040637019406076759
-0.0022624342640640556
-0.0064488201253793355
-0.0012277218212373875
-0.0057472875411426969
-0.0017145719841175442
-0.00419387697330141
-0.0039081662227768484
-0.0017928980379011549
-0.0044023560009283265
-0.0064784422208871905
0.00090610855331878975
0.0054350063134897663
-0.0056687180895963847
0.010524302034879944
0.00075426066586357129
-0.00013165982145295021
-0.0031533589860978642
-0.0017299137619234668
-0.0070863676622156578
-0.0067307600894390357
-0.0030236989231058717
0.0054701655383278753
-0.005135877609318642
0.0011165538217146091
0.0017134100909855672
0.0042532659464470674
0.012087832396833481
-0.0063384289953976403
0.0059357716770313982
0.0065012008870466093
-0.00047404362580019845
0.00027087963783813861
-0.0037746948077304119
0.0015953426350461188
0.0036408429345435372
0.011425764026488372
0.33581305114337989
0
0
0
0
0
0
0
0
0
0
0
0
0
0
0
0
0
0
0
0
0
0
0
0
0
0
0
0
0
0
0
0
0
0
0
0
0
0
0
0
0
0
0
0
0
0
0
0
0
0
0
240
0.9085308965195209
0.099638390703247717
0.17866570089581812
0.18776095231063775
-0.020802307942675822
0.13103157132289467
0.099235536621970669
0.074302940513415891
-0.009484038160520512
0.080018027052414273
0.012319506473648137
0.014884116908565573
0.0032320483946352511
-0.042657323452919595
0.041806325106785551
-0.045782537845793406
0.021989678398156982
0.055891023118871945
0.030247191184286405
0.0091226746119065141
0.036319753969461049
0.10635767082952596
0.036629385386305731
0.023091604016207388
-0.027957516257834106
0.037099025469229482
0.063362031533506447
0.032358446902368151
-0.038455649798878298
-0.0090159579721674384
0.014203371871378784
0.028602588096939777
0.0019783374910216727
0.027828205201140301
0.052725035886854489
0.0080440644945584828
-0.012493282753018515
-0.005928365422593727
-0.0053826052614387877
-0.0034649723813000269
0.022024400859949889
0.035451001793103037
0.013673633535030486
0.001821144428222657
0.01040279126209529
0.014159579572447218
0.0091157915034601692
-0.00072051449399857784
0.007218831751154624
-0.016354238884840614
-0.0070927533102730133
-0.0087789054483409616
0.0082942535031782748
0.014047795128006855
-0.013073969033691612
0.0062146505723973634
9.9118547514372932e-05
-0.0063905181626632643
-0.015164706311339508
0.020616038008790537
0.009138362201144069
0.0073349845783564366
-0.012137959369819861
0.010819408049776007
-0.0084873721515805172
0.016605973632474423
0.007701787088738591
0.00072623460252612478
0.0069778033219604343
0.011434957716420772
0.0007152279100469585
0.0025977175709086292
0.017262849148711977
-0.0010013111386886406
0.013791387116449826
-0.00085148264580979581
0.0069906380419668054
-0.0027580439572432109
0.0013892604492798323
0.017805621809510931
-0.014635503886409704
-0.0034334088255848104
0.0011036744757661407
-0.010286582632388805
-0.0013479166674825866
-0.0091046735745986072
0.00012279789417265471
-0.010943524694498174
0.0026821305942369461
0.0012807201679630998
-0.0098455709407236757
-0.0035777454235779394
0.022654607831231546
0.0020959299082801298
0.0077091111209654836
0.0052545601197941313
-0.0032146354432362719
-0.0043299867687773023
-0.0047623596226445929
0.010126963829615346
0.0072391279981287981
0.0055747271046799936
-0.0036821313743774192
0.024575405546128345
-0.0058600763273214474
0.0025436095698559927
-0.0031302845635542819
0.0045710049660328544
-0.001807218211213438
0.0027902401628532134
-0.0074716655731487721
0.0034830527556093879
0.0069656458155732612
0.011206360365700089
-0.0021149322398085779
0.0031319783652887499
0.007832237237347146
0.0016986634870927884
-0.0036619665921552519
0.00585573893980021
0.0058227877552317463
-0.00040702222951652053
-0.0019930586914403861
0.0006681661077086985
0.0043453353754186307
8.1278512495990961e-05
0.020194518517917794
0.012029096052892985
-0.0032964341295422623
0.0074595932843688649
0.0027622326928116942
0.00099142966895802466
0.0049464083553437104
-0.0018149571991313653
-0.0017515458330821408
0.0047342409362198705
0.0020754662517168641
0.010500614296742365
-0.0020679393045396391
0.00057640256233295944
-0.0056730945442060718
0.0068283015840064241
0.00048808143985035532
0.010732966436597212
0.0028524967952950129
-0.0022220817650222997
0.0074264862738969793
-0.0032921754615669076
-0.0014618739198951985
-0.0029465206806540884
-0.0037310608878691359
-0.0020477053520843234
0.022584160715253692
-0.002369156843173824
-0.001827175235481623
0.00058119281621026931
0.00249531326237623
-0.0025259268198937618
-0.0050727309842506542
0.0095672643619490842
-0.0066500764172368367
0.0029351140489551025
0.0033796530247255569
0.017598177632822499
0.018600242274558358
0.01183628296455033
-0.0051605783462667166
0.016461413868750899
-0.0022301416177925664
0.0041356933500041786
-0.0028670277701996305
-0.0025856736890980886
-0.00061332529237167826
-0.0042118296043787236
0.0015456707217677403
0.0041240362215955286
-0.0053205518679761594
-0.0040805955145155753
0.0036820800976501969
0.0023780092118254126
0.0013110323140643207
0.011525207459290657
0.00014427929655764073
0.0075917563211778481
0.0057121866001233505
0.00040217652413632903
0.00051720883078356793
-0.0021830445040005083
0.00068534174405487545
0.32784783762847441
0
0
0
0
0
0
0
0
0
0
0
0
0
0
0
0
0
0
0
0
0
0
0
0
0
0
0
0
0
0
0
0
0
0
0
0
0
0
0
0
0
0
0
0
0
0
0
0
0
0
240
0.8765731728731081
0.15982345370152778
0.27463003767547622
0.17844131470646338
-0.056668781843177717
0.099698596255686847
0.057484929911721827
0.1434228462436957
0.036787227999973811
0.092792937509298762
-0.019926851142887978
0.02688358143128184
0.065637605010114772
0.009482083884159092
0.075111564932183406
-0.033534353077037019
0.033061232303204513
0.013724950171523129
0.028968896284850588
0.06359535642759577
-0.012687021960294751
0.065282257167498178
0.020423217665517638
0.045374296108259354
0.00090571987935039744
0.0059557438549771276
0.026875158179637978
0.0080576000338638699
-0.0029179668290129196
-0.00065344000178690106
0.023892894355778245
0.025659578791429508
0.0065445868529166052
0.019361937753838428
0.029917557573186846
-0.032202781384480406
-0.0008530166297200637
0.018985056532601258
0.0090291598687973675
-0.0046511971793402138
0.0052325170264637981
0.035369216493824594
0.0059662389972456042
0.0088594900950094719
0.0027082864867423008
0.0093220225965257395
-0.013080851703815767
0.0069863167100119973
0.0044496789223974331
0.0040687283502756563
-0.0058971848956547637
-0.01028235597702013
-0.0054733567885351785
-0.011469179817037791
0.0075169184033944247
-0.015938833570924422
0.02809573429895083
0.016631566291218661
-0.012195482042496673
0.022256934236448041
0.017085509061168028
-0.018546127912586596
0.031454213133362552
0.0059718277406012651
-0.0048453799959732183
0.010412891597190322
0.0063608191633301109
0.0057032706660806566
0.013592297877057609
-0.016776647874545959
-0.015488448834231387
0.042829940997088999
0.0039118950925180916
-0.0052123820705449265
0.00095322886506381862
0.0021171607877128124
0.016262532992589909
0.0027425377383091757
-0.0033666532723850996
0.01143384267771741
0.010974671288767524
0.017281339596820405
0.0024523591514297748
-0.0053478432969180307
-0.005715064246065155
-0.0058409579967247044
-0.0042405424005557959
0.00096562732951525421
0.0051796681232293201
-0.0019677142027040777
-0.0042833809560771539
-0.00288633672031763
-0.00081675863342102711
0.0013591136595394969
0.018649358963787815
-0.0091698634515404217
-0.012661833443713473
-0.0011983354823110895
0.0030132481403009029
0.0034942387419299981
0.01980432063558937
-0.0072145849176894596
-0.0063938069535081615
0.020097161768823563
0.010937398789272683
0.028592173118399577
-0.001312478659828284
0.0087222667905142801
0.010241728672868695
-0.007368294733774601
-0.00047348547407175413
0.0036135846101171955
0.0078979619274705207
0.0082039004156211383
0.011214820526251182
-0.00090632196730330145
0.0042714420921971365
-0.002332992833125705
0.0023533919351970316
0.00027808227052995605
-0.00058880596679864632
0.00028420628253754133
0.0010840710350387272
-0.0035372503834710137
0.00058920425974726197
0.0047823116677224668
0.0020014576152733031
0.0050646895726469418
-0.0034092516850881493
-0.00090228389601018969
0.0078519970333969062
-0.0019853888990466187
0.00048465009333949086
-0.0048295267902069587
-0.0051376751691215704
0.0015086221595817754
-0.0077902224191068563
0.023423192037435106
-0.0015532551174036948
0.0058586595323089422
-0.0091595881102694357
0.0047593513175659494
-0.0015251383893271889
0.019720258115907576
-0.0038971641202561851
0.00067965305849036501
-0.0042861647116113457
0.00040377539794474138
-0.0052383375734922901
-0.0026772519105250233
-0.00031778798077578257
-0.00088226594488347921
0.0051010660616302292
0.0051711583506423965
-0.0017534181741867441
0.0012332452969500236
0.0011074592071165165
0.00074935514335430916
0.0003900078702006161
-0.0011006061432574062
-0.0018391638614560094
0.00050799245386970459
0.0012083535423809701
0.0096777467197790012
0.0083191103578332346
0.011294518155206065
-0.0017275675117931807
0.0054983135940461355
-0.0014346028249260909
0.0035572251812290481
-0.0016742146552551488
-0.0040827175196916955
-0.0049641530557749253
-0.0032092060226372528
-0.00017821367285365109
-0.0029553526901050127
-0.0020513516148057184
0.0044870161292275652
0.00063807212293149067
-0.00020051791551712418
-0.0020601951169371066
0.0066064476014644309
-0.0021991677440268815
-0.004557399470045076
0.0021318209584997899
-0.00048072425002196356
-0.0027478039639558067
0.0092877114664919498
0.0097660615663053667
0.0053863270702235056
0.32694087805834193
0
0
0
0
0
0
0
0
0
0
0
0
0
0
0
0
0
0
0
0
0
0
0
0
0
0
0
0
0
0
0
0
0
0
0
0
0
0
0
0
0
0
0
0
0
0
0
0
0
240
0.86866500466945185
0.3702647684551893
0.20764595071167216
0.067198164185370696
0.047367974678588547
0.025483882768562838
-0.05007489629661676
0.073293015307331941
0.10873802033892047
-0.0015450377630382729
0.058358539867973867
0.0030613479955313955
0.060325610462605025
0.036324325739757538
0.020132861673003592
0.0082738644987865196
0.057714171539364978
-0.016337600914227653
0.075133128600014421
0.036266688837716519
0.046703844016615904
0.017616856611331569
-0.01305141249999108
0.030261497606583931
0.024716057039307449
0.014209338450029177
0.025106698182143908
0.005652037534186645
0.0027592514711761323
0.008898128865380486
0.017558517101728774
0.010689259965907373
0.01607047156164253
0.03323880072687365
0.0062038535158446904
0.010742203910099028
0.00944376543437935
0.013248123533892257
0.0051973432232292199
-0.0056412981179987751
-0.0033694283185372945
-0.0016656011422804034
-0.0096015332620263214
0.019592985644292002
0.028280288005308605
0.015336524445500092
0.014541081014386292
0.030164532595838296
0.00068580304238651186
-0.013603349191060916
0.028246623178802475
-0.0009372952324361427
0.021399376015896872
0.0013860231718278795
0.0035898587402531496
0.01106593112963072
0.014193442163249493
0.0020702460549978509
-0.0045008963351834625
0.0088820468359629388
-0.0053766865402118495
-0.00015194551662626532
-0.0061009674236127609
0.0012013208833122409
-0.0018425358737681544
0.0022528044631563945
0.00049274284095517128
0.0046457558293496112
0.012035968068350111
-0.0027623468904753763
-0.00091769733453904673
0.0016140406207492094
0.011650405418285508
0.0016329453708195604
0.0055214086933731968
0.0057589915100912676
-0.0070209980671707348
-0.0075681813387342145
0.011872850438866709
0.0098043162884939757
-0.0017485511009635137
0.0070049696780834052
0.0031990863624994999
0.0087176169696544306
0.010001574570604162
0.00032467097276216508
0.016562090182938954
-0.00071564334670152086
0.00039195751228216587
0.0120438253227094
-0.0032798894200685288
0.001501963519819686
0.012119522429405657
0.0056585608453535467
0.0030997090875433588
-0.0026199413703114362
-0.0041728830034331674
-0.00016829769183239745
9.7271042375885405e-05
-0.0049516875420167611
0.0083212377560402916
0.0083431624392425411
-0.0013402809661231948
0.0023867745256103308
0.0027054403505443552
0.0080306057183440506
-0.0023881307298289395
0.0091204472191469717
0.017759223060736715
0.0012452765149902885
-0.0019483488297112213
0.0071837375170036213
0.0042258839992758935
-0.00074536988506486489
0.0054203505847155034
0.0050478499971640433
0.016511297431984474
0.00092071416701580786
-0.0038346683624024755
0.0060406938185779257
0.014721557961717579
-0.00090717233039194084
0.0038448441713277905
0.0084292127264994684
0.0039460102128365216
0.0028637313204432349
-0.000860513355182338
0.0017253673669074467
-0.0013866190834500222
-0.0020548883231596201
0.0071700958984359424
0.00083148759359042259
-0.0030987583470792521
0.010906615888112635
0.0041211657721506581
-0.002116483744817022
-0.0018089346785998656
0.0017321459408095657
0.0099257578922577021
0.0031440436996391088
-0.00016901888777719014
0.010997544236949141
-0.00079664751379272542
0.00070376207536159178
0.0084103217479384422
-0.003057676972122534
0.0018377220675801814
-1.7993964852304944e-05
0.0023858903562525321
0.001468607546506015
-0.0020570845311828037
0.0033886755290308801
0.003105491291180314
-0.0035104539705355813
0.0019563035446076593
0.0030147476240251869
-0.0014124447852729373
0.0065238145542340078
-0.00012781741208188821
0.0059865545231763441
0.0052859751514116454
0.0020758452653178885
-0.00018640281852635963
0.00027563345724265
0.00043206910604977566
0.0037580337677887128
0.0016584347657630648
0.00069222779003133745
0.0062012745273445661
0.0057730740435924036
-0.00045811459819670444
-0.0023139384476319664
-0.00080020725203061246
7.1034431813488041e-05
0.0019191056840375336
0.00060853805265862349
0.00061807244342336866
-0.00030503968148962618
-0.00030103267715638637
0.00058881791019569296
0.00076490522840442002
0.0050204690861298607
-0.0010159366239793693
-0.00052953483468962429
0.0045584531419841741
0.0011627912150853758
0.0024691461135665903
0.0015124841110265128
-6.8722193330548494e-06
0.00069487310824436425
0.001038047257388197
0.32059111886302255
0
0
0
0
0
0
0
0
0
0
0
0
0
0
0
0
0
0
0
0
0
0
0
0
0
0
0
0
0
0
0
0
0
0
0
0
0
0
0
0
0
0
0
0
0
0
0
0
240
0.88427997083688026
0.30142932737362538
0.18128763379794627
0.13768786624735249
0.0034077971075641257
0.083445778784461411
-0.040364626571633061
0.072936958275084382
0.13851454012833977
-0.0090263717986442081
0.056333341252927001
-0.01329919628858032
-0.011618014385754848
0.0040865425180893217
0.052549994746917135
0.0098343045427755522
0.038545322912040228
0.02067688660704245
0.037598442015659074
0.062395342074676494
0.023394116680009187
0.043310911898860417
0.011783879374508869
0.054330836998573502
-0.0036030160234178802
0.016223078995163544
0.0051446729495206317
0.0077661392948528843
0.011389399693877006
0.016116997005944544
0.015445268371324688
0.011116973685633857
0.020364171101411262
0.026527860404645505
0.01082042968815649
0.0072320785863860676
0.006077345736036314
0.012939890799500741
0.023673034719593707
-0.023773214478023115
0.01772966543748497
0.012021863895898488
-0.01721955760602081
0.028770596509410204
0.041664647836726368
0.012500742705561329
-0.00033994483894754849
0.018879233080153653
0.0089792633761976177
-0.012155585049650508
0.015563222440414746
0.011793538655129309
0.025093854020970138
-0.0043974209494119943
-0.0063024868411127102
0.0070572197845238738
0.0025754121160797561
-0.0078976595945089521
0.0015925599949533232
0.0068357875689899752
-0.0064301326518776758
0.0057570380480918022
-0.0065452704211375881
0.0038253061945879522
0.0034202300684433957
0.002154848234404413
-0.0082313015110725661
-0.0061864279588933315
0.0024932052935311075
-0.0031534626290532046
0.0023318081724844121
-0.0061557622690967418
0.0060162534708696992
-0.01661851356057821
0.0088829705207257754
0.013797444503611192
-0.014230654337490356
-0.0057358401375887762
0.022192485496278253
0.0091269963822353424
-0.015734138917327348
0.01415768916286249
0.0070624075691261513
0.0027792560690550468
-0.001273433869097905
0.00540475378475454
-0.0065269027583176233
0.00057796209887110771
0.0012671444397038554
0.01414389541880103
-0.00067351276031291226
-0.0060300388367955093
0.017081769696734576
0.0024537891656078721
0.011491250097777374
0.00310611291530349
-0.0044431545973757508
-0.00084786144047895745
0.011269704592085658
-0.001947844202802018
0.0076345922416134505
0.017906904408157627
-0.0044806906992044182
0.007293612689672031
0.0011254768284712478
0.011064233392765216
0.0010331610749724587
0.018953964544041003
0.014488464764931978
0.022077983678195995
-0.008662968008726419
0.0194457356200709
0.018352678378129084
0.0030557166945837438
0.00486938904501363
0.016968582658000147
0.013272830219477519
-0.003792153971293742
-0.0017968196562478719
0.009267054629745761
0.015626309217083075
-0.0019924403597736122
0.0064277174990550181
0.015833685046504561
0.014631907627232058
0.0025568136290500349
0.00086397397235054099
0.00099749858758607581
-0.0052927125670799765
0.0038927412129530006
0.01694227317316814
0.0079489072372565545
0.0021323359198938429
-0.0015604750754055117
0.0025081366172867454
-0.0054583979621700574
-0.0035829296331804008
0.0027838470851459822
0.0010492579971506705
0.012783281451618106
-0.0002424492079312634
0.0032350162199605904
0.0034186191369177999
0.005811973330710281
0.003153480857602775
-0.0038541005375351571
0.00015214997423498462
-0.0031974327929660397
-0.002984141649774872
0.0015978279334736369
-0.0063223406241808468
-0.0042191560072175911
0.0031871513911740181
-0.0043403436980817278
-0.0047700297090916164
0.0064643517953865883
-0.0029162465522767846
-0.0040422195419157186
-0.0056590530118488681
0.0074405484520730274
-0.0050921713451850667
0.0047900496924671594
0.0028464751988883093
0.0067121530512149899
0.0022866512241830807
0.008894460468531009
-0.0019004388844346429
0.0072807567298171219
0.004786926172730006
0.0019251065687279285
-0.0073584930653369162
0.0015000176039202152
-0.0012428660283536393
0.0027802416605504907
-0.00018314312454934697
-0.0003022402687723702
-0.00081887280150663407
-0.0051789335152061461
-0.0013127966942282454
0.006539526758122592
0.0020025863670505373
0.0078487296859099526
0.0011785553198050283
0.0021366840058806621
0.0074377209711868992
0.0026789344823948086
0.0072635267341244376
0.0041192039427883952
0.0020152809051772989
0.0050014564888687142
0.0019649344441944961
0.006380167362066814
0.32476936035432341
0
0
0
0
0
0
0
0
0
0
0
0
0
0
0
0
0
0
0
0
0
0
0
0
0
0
0
0
0
0
0
0
0
0
0
0
0
0
0
0
0
0
0
0
0
0
0
240
0.9004958207037117
0.30459192784526234
0.17580689099590444
0.13331106325895389
0.030743991011462
0.032396307413686064
-0.018080172975640404
0.06072882475091794
0.06663047452594642
0.0036330706610280682
0.061524444116029392
0.014232610681965187
0.012093958026834474
0.0046800237458938148
0.021685907447303077
0.032630305290513736
0.049508387418467338
-0.014138004462438547
0.050315613660966658
0.042183609464288209
0.072952679594544337
0.014051797904089719
-0.013904566913492849
0.026832084586505048
0.015610435107412746
0.034742853490434204
0.038317876880915966
0.0040773324200294187
0.022161985390789785
0.0052020005291901145
0.0076302250357506516
-0.012016248525516806
0.023022922827874943
0.029938636755455033
0.0038191005189262147
0.015454176577827263
0.0087799160149951185
0.019275726639672603
0.019730874274248522
0.0061200732928967496
0.0026661284345240069
-0.0051073727937001054
-0.01364073024964722
0.014449621487800334
0.013627892577597766
0.013877335588997989
0.015860464914543539
0.021325553325993001
0.0038503732499599675
-0.013781762714988863
0.014784008462827602
0.00077929174712260921
0.012039023469040497
-0.0049074504416750158
-0.022443158702823818
0.013245466396851304
0.0013613927844905059
0.00054303950035450017
-0.0056453662709948765
0.013074105135950351
-0.00074092874338779508
0.0048926735614863697
-0.0042579495466981646
0.0021883885436949487
0.0083498728635343616
0.0034037979371645231
0.0050316609527388846
0.014561698289695918
0.0066369984646159124
-0.0027756036307256897
0.0076296326107610302
-0.00018610479476968911
0.021071304063014312
0.0059777541041700338
0.0071491861242221405
-0.0025590603160832179
-0.010982003063859566
-0.010299329935396681
0.0071289760229423151
0.0023890097539065098
-0.006778142003258489
0.0050500499478847239
0.0072523805341951145
0.01095993228790358
0.0017218601969449714
0.0021386957762484738
0.0065758241451251698
-0.00086211861315887018
0.0085277900276142619
0.014586037999342874
-0.0060342452416326225
-0.0024253546944895607
0.020737162206625335
0.005532394172796367
0.0010386525771402639
0.0018078227293065992
0.00054736612782304878
0.0004748777174799921
4.351631764827605e-06
-0.0072958766141920589
0.0094415154048501041
0.0092703207208746693
-0.0041484295707737264
0.0045593057170504265
0.0003741865341317726
0.008867997096805285
0.0023160372307403153
0.011456562999682356
0.013611987851445526
0.00084610304788169813
0.0038916591482153515
0.013214375723244905
0.012628653064899633
0.00037086634594669899
0.0047475340710380568
0.013016180267552562
0.017070209849648681
-0.0046237128621659553
-0.0079434378302972331
0.0062711766153339824
0.011221887872479287
0.0050711203736047523
-0.0024729582331231639
0.0056741089811023831
0.0041697234667797452
0.0025112302916609932
0.0010402132963431402
-0.00051695174353002832
-0.0050732922828291092
-0.00020408163938449115
0.00056579814429043827
-0.0025246715426111821
0.00063223528917586097
-0.001136576432418712
-0.002079846770393736
-0.0050114798891612135
0.0018138719303580227
0.002467960537760537
-0.0030776404964147856
0.0011740071132734209
-0.002293946595227408
0.010313600602596611
0.00037170362574155018
-0.0021443172062454207
0.0064092788291513873
-0.0012924843485342106
0.0036764831192274508
0.0032154777168391705
-0.0058334499286031329
0.00013893309411053788
-0.0037172139912932051
0.0046086492972438149
0.0027100432859834952
-0.0032533761524307114
0.0029922835871266005
0.0051524622571691228
-0.00064010173324254688
0.0048825720172816995
0.00069015429401691531
0.0062050443948519617
-0.0038277072232653924
0.0031565000705128651
-0.00048618331383920392
-3.3914319375152478e-05
0.0010003882762691044
0.01129094857845867
-0.0060310167310849419
0.004705898932817673
0.0032177140867329251
0.0024530594419026187
0.00023907002523902054
0.00081524238350911681
0.00032617413559829435
-0.0031556298875642722
0.0021695208692142777
0.0041347720757656404
-0.00041626684390696621
-0.00023540973311392559
-0.0026481348144686365
0.0048357007054308215
-0.0003034846281425147
0.0086618397744909863
-0.0018238837185639727
0.0026597194361676355
0.0094597653941267974
0.0010723870494855766
0.0018262462899138066
0.0035823006047421158
-0.00055599315451193316
0.0046321913675942189
0.0022677375977528422
0.006705485415483786
0.0074211008120819389
0.32189005792206893
0
0
0
0
0
0
0
0
0
0
0
0
0
0
0
0
0
0
0
0
0
0
0
0
0
0
0
0
0
0
0
0
0
0
0
0
0
0
0
0
0
0
0
0
0
0
240
0.91467766003622919
0.25641953451260557
0.080210552213916236
0.10744018052100926
0.055385938419828806
0.010340267556640078
0.051293032066913227
-0.015942154410251329
0.11615282401666104
0.028045388830546712
0.089292408931160361
0.043088046581938023
-0.040971595284512517
-0.022301630375031908
0.0299259909417448
0.10103520069278069
0.02299726023230762
0.0030246177243457855
-0.020997818476261986
0.033515332265370533
0.04384138590450256
-0.038998003872251837
-0.01247222055066401
-0.0006499752869306766
0.02299094378106854
0.010580984764924015
0.0063328652450255658
-0.010849912797702185
0.066703832493203039
0.012738618562232537
-0.012455136024760031
-0.022944152828657752
0.028247925019690888
0.0012448803140098529
-0.022776221699953927
-0.017018661689062138
0.021355873908671663
0.008427584710090686
0.030761434385640791
-0.00076217495248125566
0.026073350194210958
-0.017851779951552394
-0.011123853030759386
-0.011514911796198299
-0.0035501305973201177
0.0064145560636940536
0.0017073817667162365
-0.013000607007310538
0.027857570886695351
0.0034496888759363649
-0.0069326721844971302
-0.000423411915901918
-0.0045250438457421537
-0.0010437002421323509
-0.015024054161536547
0.00077050927791630505
-0.016224011130533001
0.003615045651159715
0.021860626426081865
-0.0049487982592833291
0.0096397289366176621
0.01723203835637695
0.0051286010573772739
0.0076968139065785417
0.026689470355473623
0.0089087921737320587
-0.013590060393574866
0.018794354517194911
-0.0044264236293963082
0.0035695378343421811
0.012877573193324433
-0.012412857439757617
0.016067896941612134
0.00043620412777326461
0.0012907260532864463
-0.0086234099862023579
-0.014235958351002284
-0.0099564705105881605
0.0040568120718993614
-0.0059397122383681254
-0.0055842785999192695
-0.0029704345741359576
0.020828446548268074
0.014519650045092222
-0.00044412703242997353
0.019683112970647017
-0.0019566243900477486
-0.0021684678570135507
0.01590351253924193
9.9892507814449696e-05
-0.0032868519029384769
0.0056701527672210128
0.015672607064509951
-0.0020611938408042862
-0.0074350897855113337
0.013813620205087378
-0.0028022960107801989
0.005711737161119352
0.00096107093545135924
-0.0028190576813399565
0.0049383144492428539
0.018343088446321796
0.0035416687431644657
-0.0020486704807637889
-0.0088129160637895783
0.0059048809464591215
0.022035180199472256
0.0041209617880820677
0.0099065603776844081
0.0043275991387618264
0.0034835251786556544
0.011724222128980975
0.013099542398049649
0.006977847730338005
-0.0012371165415027289
0.014004367225895929
0.012548080000484034
0.0036206792393228509
-0.0070851972783308147
0.0038717632464820083
0.01135679511563345
0.015644179153579293
0.002849671749373066
0.0024941852505746976
0.012257007421510759
0.010653861248702998
0.0024025405934345119
-0.0066733702296576554
-0.0057565923242666522
0.0023227687999468607
-0.0021275368844834992
0.0072953680593311433
0.0055317336460577356
-0.005734709738375211
-0.0082068200437828507
-0.007937954433761607
0.0008412565225018549
-0.0021785487102751605
-0.0023429814410310789
-0.0014006261386655117
-0.0034941180878059522
0.0049166351332398531
0.0087055872434550555
-0.0021406541542874562
-0.00078080263557120063
-0.005522874518292361
0.010782632627053956
0.01458138632887615
-0.009868681965307588
0.0093316226061935393
-0.0059434822564148797
0.0088931246063457571
-0.00047959867326930231
-0.0006106760677626928
0.0015644905989672757
0.0011771439447990919
-0.0018721867602366816
-0.0014691009613897286
0.0049952742365593061
0.0012235710451444406
-0.0069142300191488868
-0.0016867947880232896
0.0019489192242670057
-0.0034540430480619671
-0.0012258197925015021
0.0074377893625898733
-0.00097431681122794401
-0.00043250112829629829
-0.0024565558907682834
-0.00052589082826921233
-0.0084695413942774741
0.0059172245631191082
0.0021973687150232072
-0.002883131221116469
-0.0046370572691996018
0.0063270783584592986
0.0084084389180524854
-0.00037467940748799148
-0.003174810173271923
0.0059448479560874163
-0.00010541617039177886
0.0054779056240057411
0.0033777461275809628
0.0023316470931571431
0.0071130707647655573
-0.00049273941128329351
0.0046312074897145224
0.011657520814996453
0.00062693749981887275
0.0011254053568578082
-0.0010033008683738465
0.0033001482871713502
0.0062191345881162366
0.008157177666884164
0.32965479545340787
0
0
0
0
0
0
0
0
0
0
0
0
0
0
0
0
0
0
0
0
0
0
0
0
0
0
0
0
0
0
0
0
0
0
0
0
0
0
0
0
0
0
0
0
0
240
0.82899610565924164
0.36871783569856098
0.15276108531627472
-0.087775419668938454
0.12549793970603915
0.035248364499660477
0.010312538318722695
-0.0034406815595783577
0.19634589626314877
0.031372978954123977
0.055661295480100223
0.019556512277301871
0.10909219194258435
0.090290426300657395
-0.0028263024736308907
-0.025860896878380359
-0.0081671404647312498
0.030620430216074128
0.068370937175909155
-0.0087544999797449386
-0.010143571332630618
0.0069759251570847194
-0.003392633933130179
-0.0019156748864872254
0.019869741533978712
-0.038552727235684002
-0.0079486193702476039
0.0048702852473399023
-0.022350388214097013
0.042235907464086848
0.033921342547904902
0.059674354915036129
0.0078905097638371988
0.0094824764431052869
0.0032438892846838414
-0.0033467849379110169
0.014837847149416205
-0.021094263737947257
-0.032810682121176077
-0.030057831569993938
0.0043052995038886429
0.0014758175758056635
0.022186292597373945
-0.0057252322996067216
0.019525177472790856
0.0077095531800335194
0.016031038994124239
-0.019546497170935904
0.02378912339231944
0.025661619809414393
-0.010915853668628269
-0.0092936145222707288
7.9353488641436528e-05
0.042190608425689662
0.098215637440961928
0.00032917023671458987
0.0097191658647638648
0.01118969226088172
0.0096415339958293711
-0.010236244244668801
-0.00064275761704880863
0.0067280671794348081
-0.0029110774821782493
0.0098099870212164011
-0.016258534864446925
0.013782151674472458
-0.017092185054417237
-0.0044651941626171745
0.0089468714388970493
0.020315325308659045
-0.010752888038357757
-0.0026973238136529126
-0.0085851563128101441
-0.0055734366916916356
0.0034493834994718951
0.0076756079559422838
0.0041489738354101953
0.0061017946640142253
0.0054405518996300225
0.020383010957514908
0.022856425847909641
-0.0074291646748004614
0.00053516496736139701
-0.015250177391811726
0.0059303664257861185
0.0044400531436310552
0.016757406701280508
-0.011620741906874218
-0.011022537301792876
-0.016475634233017806
0.016753642653015495
0.013463729774381754
-0.0026486489838502881
-0.0025392953220361911
-0.0044215379817298724
0.0022303384408380181
-0.015591086364003729
0.0018171330225669709
-0.0051841342701382407
0.00088485651239665186
-0.0022705916315512672
0.008527790219985891
0.01665699588138031
-0.0020741177568219631
-0.0076507326613379917
-0.0081119375292733262
0.0053808400765874573
-0.0088328247922115407
-0.0038056425511165445
0.0078517756640699762
-0.022701138226767895
-0.0065971338609395608
-0.0093452948042403727
-0.0013288954644289632
0.0066003612474850645
-0.013570681412801607
-0.0023807234306900912
0.062366582345308154
0.0015788570779282146
0.002177341524429196
0.015627212710515651
-0.0041694093894213205
0.020072362256595287
0.0074909009311351282
0.006242852335038942
0.010971884589867848
7.9444896072771275e-05
0.0072453035871969385
0.010722521715041752
0.0030736752930499685
0.0072587053483579691
0.017753400727212994
-0.0025344142951189662
0.031368223399805342
0.011753552967075045
0.0035206986337308842
-0.0029380898393767401
0.0021541173579562333
0.039892200367980489
0.0056447014750884037
-0.00024664643398886367
0.0018392671860997269
-0.00050974240535541177
0.00098355712561771472
0.0063151026672712968
-0.0069235438894081573
-0.00051428294027658567
0.0040958416078054486
0.014944814613741971
0.011110368282631759
0.012100248790784449
0.0047431797796888258
0.0093486288121469099
-0.0048277230079504458
-0.0042535451237877449
0.00025008272897866351
-0.0047972621516274971
-0.0014987847788316589
-0.00060543518229220811
0.0056980209315914193
-0.0073415231366224815
-0.0063701722823623881
0.0077375607296984224
0.0036310000844444429
0.0020823764969425894
-0.002399315435432705
0.026307447492266441
-0.002103970044049741
-0.0028712665801200296
0.0029803111540448713
-0.012408128723578228
-0.0042829920162114196
-0.0023027590522746305
0.0067415528166242288
-0.0029778139380754486
-0.0023377055513151284
0.0034094884521042512
0.00017099297950655932
0.0058116755708071018
-0.001563637394247887
0.0022424547676364623
-7.3106002985237709e-05
-0.00029083786078872037
-0.0022389332440278182
-0.0036606557409837944
0.0057092426665869703
0.0081796164200764517
-0.00032113117569174826
0.00083108617198421732
-0.0014924574688638329
-0.0019172230328761742
0.00044753127550572818
-0.00032265425220858352
-0.0051792477219379917
-0.0004171873515452112
0.34038555854672559
0
0
0
0
0
0
0
0
0
0
0
0
0
0
0
0
0
0
0
0
0
0
0
0
0
0
0
0
0
0
0
0
0
0
0
0
0
0
0
0
0
0
0
0
240
0.8921956862377256
0.083439511154793797
0.18837469902543078
0.18393132802276907
0.042754977790015955
0.06171796148273978
0.087684548361343373
0.14361817164384727
0.026052924640866167
0.075227438226693963
-0.020153639746500692
0.084186167488687444
0.10457346199718215
0.096037374768193753
0.071777021131540664
0.0093407651891745588
-0.030035704926362955
0.020228637526963588
-0.0014867246123676137
0.035936629156383397
-0.021110120116147463
0.020062606179759288
0.058398200594184158
0.026302726577866867
0.032127835143113993
0.030901776390209156
-0.005700522836981416
0.038954622766338008
0.048665760911127259
-0.016121192400774833
-0.00050973549856495623
-0.029746014782526066
-0.012166779070306397
-0.0091694069454497963
0.005911558743298297
0.0080170688547916008
0.023342444398003773
0.025463686338527629
0.051470561314821861
0.067021659498408756
0.0020874116917444876
0.010313474956852562
0.021496834074420584
0.01529414035896782
-0.016984782514072767
-0.009797771225279266
-0.014127968147519692
0.01483539757673661
-0.0039218766075067336
0.026301897517614935
0.0032444376818362257
0.035240798173758338
-0.009133108036421771
-0.013575517136208035
-0.0064405342912160378
-0.0094761153312349442
0.011991342608991958
0.025277846349020937
9.7462611066465301e-05
0.016023419151884429
0.020789251765717703
-0.0045918809524967668
0.03898256120122956
0.0039766361265889697
0.021701739463681442
-0.00090661090338021414
0.030416986955255576
-0.0017309389080590863
-0.0016879655501086921
-0.013138286190741144
0.01362220110505542
0.027043515206466993
-0.0078489634353929288
0.00029724434908638724
-0.0090173126033802394
-0.0024076961807560334
0.024641490225441438
0.018283606382615059
-0.0068951102160125155
-0.01525606320084303
0.021806426313402742
0.012635961338758666
0.0061897037100205384
0.019635694902953957
-0.0015186059588188205
0.0037027774464568311
-0.0081427476600305949
0.029860517065526167
0.021908614072912728
0.0073967571075721199
0.0084892441046472075
0.00032574060147205904
-0.012209923056770286
0.0013813046309470538
0.013052419334089654
-0.0031883435420378831
0.019149578939391638
0.010579645583126657
0.01934109074092023
0.0021796274034248712
0.0022232863037869432
-0.0097348833971255908
-0.0031683269724250844
0.001676247179848076
0.015239409079082491
0.0090876666695037609
-0.0012863418478353339
0.0028253874132861405
-0.0020078595589497305
-0.0065406897681632792
0.026163424986883954
-0.0020524943058892616
0.00048839458391957704
0.0066275371588596808
0.0027095544609613731
-0.0012066162364631067
-0.0069249843865054747
-0.014157018674255808
0.012224424428585564
-0.0064491618849982094
-0.010088130581651545
0.0069833992769592502
-0.0043706425174551049
-0.0083212952811572427
-0.0046312188802122654
-0.00076151484835934049
8.3063726633780883e-05
-0.0055901593354587076
0.00322778285789073
-0.0018504015729072245
-0.0069533149547140261
-0.010560092946003252
0.00094657310063320167
-0.0069343304728804924
-0.0033430645794634136
0.0055037310204866978
0.0050494849813288046
0.0028497801942603813
-0.0067802777298063234
-0.0035872940323102335
0.008954980752033893
-0.0046072221546936704
0.001796700076828874
-0.0029654970590506347
-0.0060810401298298598
0.027409996965090434
-0.0014315150988028253
0.0020622476418110862
-0.0042531348599902166
-0.0030040402493492595
0.0068903883453167534
0.0024825720246312169
-0.015400513905839786
0.015104429516026877
0.0070240946404440327
0.00031893788467049174
0.014623282913804799
0.0028728808258661463
0.0060878821511839718
-0.0063976150593734842
0.0024724142660990972
-0.00021976424608869733
-0.0021693453911161061
-0.0077260969538795413
-0.0092051320879190622
0.0068506616798278946
-0.0057873048757835777
-0.0013782727423614762
0.00022150037389592799
-0.0044962140091343696
0.0088777694482677846
0.0043293466064939492
0.0048360423911390322
0.0033089879610290873
0.0018634255320650204
0.003845604794393461
0.0010602570362584986
0.013885467978218503
0.00093580237418371983
-0.0026211570628853305
0.002612367581139469
-0.0035816052382945697
0.00080135035538157653
0.0019589134181370233
-0.0014345096393857113
0.00073791933870803446
-0.0030944627401717972
0.0086010908841689694
0.012485191722120838
-0.0054046747637759409
0.0085986385661754698
-0.0027934668956946258
-0.0053468372563521948
-0.00021089672400394341
-0.0041457739046780366
-0.0055502647193933028
0.33374518619736038
0
0
0
0
0
0
0
0
0
0
0
0
0
0
0
0
0
0
0
0
0
0
0
0
0
0
0
0
0
0
0
0
0
0
0
0
0
0
0
0
0
0
0
240
0.92595598679317315
0.05238402312962933
0.13141941616094427
0.13954269728542665
0.055991394427831777
0.080929705164790297
0.15038187858955065
0.070893325187743855
-0.016233764048068939
0.11548696712831294
0.025630747425864003
0.03882652745600574
0.053187000180247315
-0.0182107209430417
0.046170516119800976
-0.012613724106035834
0.0027713376282163678
0.058626491012930576
6.0484297357716696e-05
-0.035601971557533668
0.022698682011734406
0.062309188066337236
0.04760147870889752
-0.0095706808509806954
-0.0057875830533157552
0.033001643902921991
0.051224984665281276
0.060665882246783757
-0.021144634620723576
-0.030955433514503035
-0.0075768920875552929
0.0047534865444217589
-0.016324326246987927
0.011881525635678342
0.031572890627026111
0.015545987670298213
-0.0016464924484563979
-0.010523770451173789
0.008425680025276704
0.047299259700782373
0.023778397986574346
0.010036613592748097
0.035766088774827294
-0.010698642951361045
-0.0032799240932144444
0.0054281938398911293
0.0073744735428916911
-0.0012722890299547548
0.0083948128326013002
-0.0038252513238432382
-0.0029928504235463369
0.0082158221249248615
0.007614889472527476
0.031120703771766359
-0.01335287273650795
0.0060952992561735721
-0.0053304390086217719
0.0061747772686957178
-0.020326469159097266
0.013349409531036251
0.014961312306709339
0.021362975439950235
-0.0061502528151504915
0.012343978118069253
0.0030649514903803446
0.02235696644665322
0.011612121404868222
-0.0098909730383118025
0.0014246764571279364
0.024837659261668383
0.017680762317146295
-0.0054678143785801096
0.013506894053907106
0.0043654919883859746
0.001939250712275823
-0.0070197359520933981
0.016723952436323554
0.0042818841281289238
-0.0038849615382894088
0.005214485292195062
-0.0073512637708646449
-0.010009951713930255
0.0060287803894250383
0.0013561214644002282
0.0016229269030579316
-0.0058670919252386796
0.0033659570923359047
0.0025863328572347079
0.012573766343702563
0.0015289252693836445
-0.0091122098946277794
0.0086634069738045806
0.0151205185021896
4.2897948379010814e-05
-0.00032935382629870486
0.010747126159668505
0.016586318495042159
0.0016218386648529249
0.00056455869143662524
0.0097653208321832868
-0.0016370873284989346
0.0083641654151089539
0.0028226489668604997
0.010251619284164605
-0.007547185837573812
-0.0038604632367817433
-0.0018251768996000119
-0.0010182248743850553
-0.0020027701960478833
-0.0022248180478832312
0.0094450255576027289
-0.0075637969550377358
-0.0044974646053650945
0.016512413486129779
-0.0097550571910072492
-0.0024333245340651352
0.0067151934578870984
-7.7591136121784508e-05
-0.002034408164838181
-0.00070169398866093164
0.00091670605335004475
0.0058016576292901209
-3.4093100384979992e-05
-0.0047243111574886091
0.0056112043870656702
0.00070981009326977771
0.024830555648652726
0.0047319539840933993
0.0026473502006924624
0.0106454119577339
-0.0040994413472560387
-0.0019547092533078545
0.008014576423199294
-0.00091500886949238871
-0.0029702726155384049
0.011018621063056821
0.012068342621987032
-0.0012549733066722091
-0.0013111317343942207
-0.0078536200011120466
-0.00015590271119059754
0.0059958485082482948
0.00095443989528160218
0.0016730075617978921
0.0015735623858960247
0.010877614367328592
0.014756696302910434
-6.1780379027579811e-05
-0.0019555910247586886
-0.0019296278200479613
0.0029323093472581902
0.003360685266896517
0.008472926968193727
0.0006422070601532319
0.0081982355950361817
-0.0039450855460184467
0.015248508137846539
-0.001296645302667609
-0.0011033562613968868
0.0050040150965238077
-0.0020840400023987055
0.0016248765341382537
0.0053401688043872488
0.0005683567820181835
0.0058599028200150786
0.0060718401379111732
-0.0023803341242993113
0.005405702071235194
-0.0020993398461276436
0.0027513582321317355
-0.0024947889362606415
-0.0020258072969748008
0.0035457407834705596
-0.0031604800658338946
0.0005268464897330179
0.012099158266249691
-0.005200532790836143
0.0022734003971058548
0.0079905140115169755
-0.0041004183795610438
0.0068900157803391954
0.0035331566460834905
-0.00041439839586683385
0.014410720230092489
0.0012822980855884927
-0.0015394479079525595
0.00052942894902290375
-3.7723061309132004e-05
0.00362203581795748
0.012094360216181323
-0.0011250737635107196
-6.7633330873499912e-05
-0.0013238305323178782
0.0021981298532821733
0.0027455171637018197
-0.0023605670733019605
0.0030070282957428474
0.32801609693329947
0
0
0
0
0
0
0
0
0
0
0
0
0
0
0
0
0
0
0
0
0
0
0
0
0
0
0
0
0
0
0
0
0
0
0
0
0
0
0
0
0
0
240
0.82514580958542272
0.38534379893918969
0.2267042932273742
0.064958476371680049
0.081146906821169915
0.045237831298999713
-0.07886949614559742
0.12250013356101766
0.1193066016794869
-0.030596845485569107
0.020257306280178317
0.0071354751531743903
0.10743038111419378
0.12599208797124717
0.019364333889382419
-0.010802505878206024
0.022672602377343604
-0.0094327545996651576
0.091516655135775185
0.046204922680469204
0.0075062272421076541
0.023299997211558357
0.0074392055206679028
0.047120792520369832
0.033588836964060918
0.015460232385995667
-0.010376756216112977
0.010383147052446957
0.0097756433430232874
0.018916256232201781
0.026357127910244693
0.010523578496905203
0.0043169760220787756
0.019233716222732563
0.0074471765903655583
0.034087685158695431
0.0094953285586983072
0.025786600997430298
0.013102005709898614
0.0079310401240327982
-0.010841081048450236
0.0064528058953410633
-0.0074506863048869635
0.041078050336946545
0.034886450984108988
0.0061885179136269087
0.0043160568102920734
0.051070509604057054
-0.011996258589067926
0.0037856555266432427
0.047402789477349321
0.020780267631325029
0.02716397602399569
-0.0073558016415568167
0.017437854262137387
0.0096649643916093229
0.026435628114255511
0.0038837660364671707
-0.00069170202311853398
0.0054590399606514323
-0.0067658353115973959
-0.004694592929864851
0.0037655269859226482
-0.0071876041777594333
0.0026042206853166862
-0.0098338862614855225
0.010940418942151571
-0.0048737805641371973
0.0089687506826124728
-0.0089704554534162633
0.00056496638781318247
0.0080213708565616375
-0.0073091001371520239
-0.0066149859116139834
0.0019096524233806044
0.020221972446196976
-0.0035026931752797676
0.0029581187536549375
0.015323433355683284
0.0019713595057657793
0.0082874746004178001
0.020197565023469855
-0.0023437711770873701
0.016452071263474071
-0.00018906195174023767
0.0047243886031595973
0.0056714514175056248
0.016217946713561679
-0.0025269075106047626
0.019474043388336571
0.0064866197487899232
-0.0012095827493754012
-0.0051513267423002242
0.0084704622648295279
0.011204469473455686
-0.0043266870181078356
0.0058180260006224479
0.000760982943936676
0.0090627802775972467
-0.0010159324990309218
0.0029574745444971872
-0.0015903934063852237
-0.00088654559373527999
-0.0015449285055341726
0.019955443503215119
0.0056274165894961373
-0.0054099563955786007
0.011346570299259059
0.011826207162593959
0.0043349826871474078
0.005589524156780639
0.0044135944260949075
0.0015929522976612105
-0.0032107572723161907
0.0044614764592260268
0.0039178139632073169
0.00021381839293457223
-0.0086983030302879398
0.002679925475384779
0.0026665933288196127
-8.7261600345529477e-05
-0.0040259561325186547
0.0033165899078592986
0.010076601162322108
-0.0015018428115504271
-0.0041858840488866889
-0.0034867549290113135
0.0017835987895984402
0.0016500490094860691
-0.0028143139785157005
0.011137049183216313
-0.0022289019311171384
-0.0032375128152481343
0.014928745183811595
0.015384896038748291
-0.00033944467657460672
-0.0016361745224803684
-0.0011525563785426995
0.0073839586247493334
0.0078175431244504011
0.0054031734667693114
-0.0010318628361283492
-0.00086142462602208016
0.0003456438800458143
0.0046803355542426577
0.003772970591546848
-0.0025591770988206688
-0.0033914392025412663
0.014003820967455317
0.00034521841612233613
0.00085762209785996714
-0.0018081328264621017
-0.005587284178840842
0.000625479984136841
0.0018999110889769736
0.0061960096021230473
0.00088559450985251878
0.0089395894350459311
0.002234024581752187
-0.0016879082253753223
0.0236131229711493
0.0048997403271133977
-0.0016464140626513263
-0.00140957525624191
-0.0028706370156674358
-0.001463267657586363
0.00022157449968909662
-0.00078206257720185915
0.013903612820826059
0.00063998542928441426
0.015041796841578935
0.0012637855556862224
0.00034241758609492663
0.008018481948375733
0.0059572924611681248
-0.0021484846037963233
0.00026116522093390713
0.00018620036707124284
-0.0013657807834756433
0.00026808508513909835
0.00048197105024003412
-0.0021628556840882192
-0.00016613020217828828
-0.0017597237946585236
6.3249784823034812e-05
0.00098002279070221257
0.0027956696961542252
-0.00085088589092911099
-0.0022031232876144639
-0.0027008615766428447
0.00066179755307973337
0.0045841166335355938
0.0025545850038976039
0.00065306704771363883
-0.0041526288281315349
-0.0017296802300523354
0.0020449439948631424
-0.0021270523138316433
0.32390532806088046
0
0
0
0
0
0
0
0
0
0
0
0
0
0
0
0
0
0
0
0
0
0
0
0
0
0
0
0
0
0
0
0
0
0
0
0
0
0
0
0
0
240
0.87273751723203619
0.28666008600772147
0.24068295926053229
0.13100086581321624
0.012735329628480485
0.078215123675633796
-0.039289826636829714
0.13377373447461224
0.10920750428272057
0.0091811847331896689
0.021577632107524097
-0.0026775087463661871
0.065664460088232748
0.055325986167146762
0.058224518656742094
-0.013510174389818422
0.032931654399566794
0.010124054977033751
0.055834903625774479
0.05960174373310987
0.0028035848525131669
0.048789765785454423
0.016269626575192861
0.057814004321825284
0.01177779517316809
0.015237954658511767
0.0033959793331832257
0.017684586950672154
0.0066243803571026478
0.0038709760911263204
0.02248030933854793
0.014286490333634464
0.0066113818380559844
0.025201952237274075
0.016545875700161514
0.0084512217837290089
0.0069997542599674291
0.021404024676371456
0.022211495514014353
-0.001817364443433501
0.0024340563954118885
0.017083445510548051
-0.0079559166496395699
0.034711528802224736
0.033554460519978527
0.0092344146740422524
-0.0061080297088078094
0.033810785990853784
-0.0015034311443621654
-0.0010095620326524563
0.02250205869937176
0.016948074443814291
0.022582436180331164
-0.0061286999259859039
0.0043437084755037934
-4.395062354163936e-05
0.02237165216619133
0.0048685628984685963
-0.0071042260369264549
0.013819158410272534
-0.0038176921492910224
-0.0032430444605662345
0.0075998342023183684
-0.00052833506465414554
0.0017047216519735623
-0.00055086601072502309
0.0055001147535279696
-0.0073050465620005693
0.0086300554980294538
-0.0083422373915906199
-0.00070496428632198661
0.013280768822741276
4.3153793345040593e-05
-0.012905940274556906
0.0035565462052104674
0.014917479149656236
-0.005143325073369444
0.0011769491741104386
0.012026234516420735
0.0086999177631871729
-0.00023258044786063302
0.020860481815705469
0.0023512015533124898
0.0068515318358641905
-0.0056331282929553399
0.001080307595872848
-0.0041867801428912017
0.011395341001031274
0.00093380482246178378
0.014967864769621397
0.0015947809250243955
-0.0029031645369440077
0.0044314476577849383
0.0048276067006621723
0.020480502691037381
-0.0027952380251879188
0.00021823273980516156
0.0002047942098218825
0.013317781036186102
-0.0026407852916546827
0.0088780198320017583
0.0050197147743402705
-0.0042387757427160234
0.0066489917221790561
0.013189765095564918
0.015017892656519866
-0.00285741465105802
0.016987892224293064
0.013753269378431753
0.0098772477541315528
0.0011042571864451796
0.0090223703487433728
0.0091458123917195974
0.00078916474711482278
0.0059822170950433375
0.0071079906556266014
0.007410258712770265
-0.0067606913878607757
0.0012689583617224293
0.0041026946458921267
0.0041013250639322183
-0.0021910217709862363
0.0053389524141446874
0.007031824200493462
0.0069908580218381181
0.00021648923037696058
-0.0025108754981850953
0.003027748294352494
-0.0020502378304114973
0.0014584379477953157
0.015585231195645338
0.0012671700750338062
0.00046577663592882056
-2.422882473086947e-05
0.0016521237464046732
-0.0026239297660117281
-0.0029657349377041902
0.0060576017571780027
-0.00015062584072532916
0.0098477403948357637
0.00077160186390951816
0.0025678807955501117
0.00019025021482991201
0.0084781729505274822
0.0013045387948848886
0.0029070893487536777
-0.0029119750328405166
-0.002601119476856211
2.9383487409596013e-07
-0.0011704683315942504
-0.0017684365872845536
-0.0028608077787355812
-0.0015948940248598767
-0.0013839854863658145
-0.00082191560961459697
0.004444380212721955
0.00077102256772642816
0.00088536097716840269
-0.0013770657741929643
0.0027324758375451104
0.0076532073572124718
0.0054453910033418502
0.0015682893973597584
0.0039418543746668529
-1.352571218382623e-05
0.0057689407171889048
-0.0012019145375320628
0.0041993012395175906
0.0064921246217187851
0.0025780189958234828
0.00083246670320531388
0.00024937358855613455
-0.001179335037947836
0.0043187699368332231
0.0031347695891844338
-0.0010978203335277319
-0.0015294004959992514
-0.00075485398371292784
-0.00070029399115661755
0.0013030038537693359
0.0021039930174013097
0.0035322628451794416
-0.00081233874496939446
0.00012209874800692347
0.003392066726203161
-0.00034674606313553666
0.0029370278325231685
0.0038744637735860054
0.0035627105702396049
0.00096713197010308877
0.0063222683523288586
0.0046472604164502981
0.0083752915121672808
0.0037392964827621085
-0.00085352254718135069
-0.001977348459109541
0.0022915455881669642
-0.0020372456430662275
0.0072894970213029046
0.32097285824522886
0
0
0
0
0
0
0
0
0
0
0
0
0
0
0
0
0
0
0
0
0
0
0
0
0
0
0
0
0
0
0
0
0
0
0
0
0
0
0
0
240
0.88538547848383642
0.16240228391963221
0.18857589884726864
0.2579578803201576
-0.028535421977733101
0.14498196288240348
0.04530566435147184
0.11574972133017883
0.031241108268065029
0.028836669839065732
-0.011172001520170451
0.010233827376045397
-0.024350246078316609
-0.0056305650324466111
0.067068013697710815
-0.0030977724403848141
0.016348358865254719
0.046769119112679586
-0.0066939467856428746
0.065494067290826519
-0.019557869841278587
0.072353362482443825
0.055971155342355292
0.050203317081658941
-0.015421022855158176
0.038727742824515313
-0.0078029978027089044
0.0052759467072252784
0.010835635543360346
0.0060558925825720108
0.0085048353477579532
0.014205099168738071
0.0052385224446230682
1.7811537415894981e-05
0.022649757851012711
-0.0055712964874968032
-0.00628562890141331
0.019325232293066066
0.031658320270602391
-0.0027464316986766323
0.028221131260852083
0.040619410153771712
-0.011690473229765306
0.015714278753002506
0.01706805920552526
0.0087678596848259314
-0.014113563738455556
0.0017213419905070266
-0.0012671356766860474
-0.00030563488454907748
0.0070254696050617892
0.012572788052468893
0.014047408842611853
-0.017228192424701309
-0.01146565782996709
-0.0043149824756399434
-0.00051798323406897326
-0.0070317481967039266
0.0083420494940203687
0.009783286727260105
0.0056810903211769737
-0.00071212592745462154
0.012622047091955394
-0.0043732696780096969
0.016615004510309193
-0.0075609650645610529
0.0078136485827208779
-0.0021020053193107186
-0.00043006977865089782
-0.0095174801141538132
0.0014631992224260668
0.0033896739325913051
0.0010598904233672449
-0.010257102271137214
0.008405129666634913
0.015734753349716992
-0.0058144763172288082
0.0031996996783248983
0.010612632593649415
-0.0026733181021042236
-0.011666602650903026
0.019183328250677055
0.0066272656847174895
0.00057966219250281219
-0.0024523352751902629
0.0024933919441486939
-0.0093986507911272624
0.0087059628466740983
0.010647160197560731
0.0080525519177430619
-0.0042666003411106984
-0.0037146229931064004
0.0035305189650922555
0.0035410100906874795
0.01007623533445659
0.0021671066160931451
0.0021497250657908713
0.0010415320217164448
0.015697776756007815
0.015492378687895119
0.011688441874883423
0.002250486441361874
-0.0044269359389594266
0.019360039911694611
0.007511957512286122
0.021027961423967574
-0.00090779738400382853
0.014434036785106899
0.0044683798774478728
0.01051533609717435
0.0042208229029130758
0.018165958578844888
0.023967910090029403
0.014895837833768038
-0.0033685672370235092
0.0204750115898557
0.00010243077409160388
-0.0104530067565189
0.014269347331900739
0.0055428288997718626
-0.002734540741010517
-0.0014805859509008374
-0.0010548273926893116
0.0025066459839065032
0.006238555666164913
-0.0053504431901358002
0.000227628942808111
-0.00068676479343871043
-0.0055641121862796588
0.0017279659030231672
0.0098226800364688976
0.0018772151380510023
0.0044235588661169292
-0.004104027910245312
-0.00091572185683783916
-0.006019184566999054
-0.0059316033324732405
0.0031839630060816323
-0.0029218398135808844
0.0076520382451508969
0.0020371297140056696
-0.0043516564669866808
0.0093141637605729122
0.016445367799384662
-0.0060193305470014708
0.0072161940156023332
0.0017839781012840852
-0.0044937376746101076
-0.0011108610996237967
-0.0022273812364184253
-0.0082160217557657282
-0.0044356116667404006
-0.0046278813039323562
0.013778590715945248
-0.0032402723640991655
0.0016995194425937284
0.0095305736268875615
-0.0028927190717050076
-0.0024666818957282881
-0.0017386259962423496
-0.00056747808208509074
0.015199651858813492
-0.0018112210171037828
0.0079546467228149061
0.0029261506753905822
0.022145395451065933
-0.0039223787569867214
0.01222712537055486
0.0014674157462258061
-0.00093007142924622578
-0.00041365877845314864
0.0046383486544854654
0.0022408074523489435
-4.1384254846771475e-05
6.0392150887911256e-05
-0.0020976774987626397
-0.00085173130411021509
-0.0036839775178018684
-0.0048348663607017889
0.0036667395101811807
0.0010265540054506461
0.0028636081192608439
0.010277531594684546
0.00067348634484066887
0.0033572305930677777
-0.00032394420402558961
-0.0019775504062683243
0.0039128310048703926
0.0025077468027437607
0.0083517914482505052
0.0084170030403301031
-0.00010599869932647756
0.0084827660490666857
0.0030091980357466268
-0.00043958857958045105
-0.0013275002748205291
0.0038539988542271053
-0.0017910559882451844
0.00092764538720293427
0.0059818298281929631
0.3277638713070497
0
0
0
0
0
0
0
0
0
0
0
0
0
0
0
0
0
0
0
0
0
0
0
0
0
0
0
0
0
0
0
0
0
0
0
0
0
0
0
240
0.92273984810366061
0.049508624668214249
0.13194958867590142
0.20775629710191298
-0.00010339971414670182
0.080182235756209017
0.11670127391735628
0.060529701954479313
0.052788031740672911
0.063277425480615712
-0.0069141522689165121
0.11385779023303638
0.017360766772652799
0.042348921448624573
0.067097112440165502
0.017804912726402285
-0.025619391563397948
0.035360225031346448
-0.01820851283804804
0.052323734351147115
-0.021481889955125129
0.014996227882863155
0.062170749114908601
0.02564709543857582
0.015168627765449234
0.026132723528827291
-0.0072623127997947894
0.014792706301897121
0.051634629225169933
-0.0036981955058241439
-0.0029613094703152131
-0.021045546644114538
0.00012824991516698615
-0.012558389096645682
-0.0014911465891797242
-0.010262069465149549
0.029670260445645601
0.010797883493391273
0.045996703574899392
0.01895425480271385
0.025910983693537122
0.0089736509732417837
0.0099374055850245443
0.0067067305744170141
-0.0096787344259815517
-0.0058065835277333515
-0.014088060245904206
-0.0060406153063291669
0.012281525233609869
0.011852641452265405
-0.00097584234068751421
0.017055356343292933
-0.0087818597974693591
-0.014997513897312348
-0.00085257543275121589
-0.0088340099266130349
-0.0033140065898057945
0.0063587916542135097
0.041089814701202883
0.0050260043417532938
0.023968564214385545
0.00014543441113994916
0.021908689243551278
0.014519912680185886
0.023421662469334505
-1.9808874671367589e-05
0.011184961846230529
0.0091210725777158101
-0.0046453860716461799
-0.0099425219495464182
0.0089798107001521753
0.0057740035967509739
-0.0083143684825262541
-0.0023676233926388239
-0.0016472421194473309
-0.0010843155923072354
0.01523639295086048
0.0092106685950712284
-0.0018712344964955459
-0.011470361004982079
0.0036914747677609743
0.0064550175584072306
0.013492221036403738
0.008918330021780935
0.0050134817754483446
0.0058176131490242739
-0.002010234668069637
0.010780310168887586
0.023670604246749688
0.0012676538248426864
0.0056063379016663408
0.00015786522513201162
-0.0066041800076053776
-0.0010796512276838126
0.00062959184174834993
0.0026470537790262197
0.0043125719724338395
0.011394202059206203
0.012047618951085455
0.011582832648977411
0.0035318729950750169
-0.00070424681097664722
-0.0018702093704872744
0.0051776191749574969
0.0028958070137233205
0.0074580228067282883
-0.0022863095939385583
-0.00060408073278273543
0.00046323330329781673
0.0012648467243224775
0.00764748706074717
0.008359776425949433
0.0067254431083718395
0.013578924180147844
0.0037078683413933841
0.0037192279421590737
-0.004448459933594693
-0.0069906555193833039
0.015445120897556936
-0.0027549370505015273
-0.0053877361121706631
0.0059675832749752078
-0.0014454342985868198
-0.0030353544315577675
-0.00051991849054540472
0.0037719224920662194
0.0067035092679072102
-0.0074786014170320934
0.0018160111268916974
-0.0043720566625170595
-0.0034138789439691316
-0.0026666416621249217
-0.001837676692294806
-0.00038467703455134154
-0.00058724380793526252
0.0015158493465252658
0.00051314889696648606
-0.0015345771211354381
0.0010468620480118419
-0.0021123128221643269
0.011222580435969043
-0.0035091676202396254
0.010851055851218422
-0.002495546482401011
-0.0052891279795541091
0.0088217962840376075
0.010082843437511356
-0.00011341887987494206
0.0012201411206901273
-0.0010710110548241818
-0.0019422201041627281
-0.0012136000532064289
-0.0087436243769124563
0.015593448738035656
-0.00025229648080390867
-0.0027105331693608602
0.0057089051945125365
6.1746281855641557e-05
0.0012778549557952779
-0.0052819351879280314
0.0010887970646563693
-0.0002438012574812355
-0.0033475148400107539
-0.0027614446204640192
-0.0063323780218981149
0.011052768275337237
-0.00016087979884858901
-0.00045791746903468144
-0.00017822557646646845
-0.0022121594911359566
0.00071635256896478323
0.0049770324960330169
0.0073853703960458242
0.0015131212889530708
-0.0020232228698968272
0.002859809671615162
0.008556698652376871
0.0074493136148298814
0.0017271633304951736
-0.0036278775639619365
0.0012936706968297977
-0.0005668499164193457
0.011512254732372915
-3.9884195522500866e-05
-0.0024329311536382585
-0.00071920265560648713
-0.0035758712131410365
0.0075847563083762184
0.012580911067894888
-0.0018536498242107755
0.0036889535084935195
-0.00097223405078786576
-0.0020844838791668559
-0.00058580729598264446
0.00090480167238725612
-0.0013878215855990281
0.014575207732112442
0.0014431581791966811
-5.9806286084222206e-05
-0.00015547994955111101
0.0064456057450855333
0.32482285555899387
0
0
0
0
0
0
0
0
0
0
0
0
0
0
0
0
0
0
0
0
0
0
0
0
0
0
0
0
0
0
0
0
0
0
0
0
0
0
240
0.89763927348152461
0.31306631913408028
0.13246398295304715
0.03075405489183387
0.1424677467062645
0.022678150020492054
0.0033382507407422684
0.047947617152137766
0.13018296831315404
0.01053443040065275
0.063452698845861036
0.028271619800483878
0.078000490773743034
0.089432192179442926
0.019161414962414549
0.035984971199057768
-0.0093068638134430701
0.015288933993973425
0.033961585084006318
0.0083297032712579509
0.022670716802300275
-0.0060263865964720817
0.0076815156505945755
0.009909173488119918
0.036118808371193412
0.0070885726303328038
-0.0056246253860964971
0.021924354737392071
0.031351370721641653
0.009557839870630221
0.0080613583936794044
-0.004637725027155426
0.004114065672258551
0.0062705255050517304
-0.0046624322417086993
0.031163301844570262
0.021773050826749518
0.0074744419550253332
0.016207289412004541
0.023397601551251562
0.0038103584235165584
-0.0075983657472221671
0.0080364709510648245
0.010554847513182577
0.0093191985744133839
0.0014188530727898181
0.011205222717106986
0.010390276308086891
0.010399863180047961
0.02044995601139625
0.010766784362043574
0.024067909761220571
0.007687867453468316
0.015831177589593824
0.012287414247837997
0.011291966667717255
-0.00048598306497548495
0.013188302954945703
0.0033884016873549088
-0.0021291406058345677
-0.00044564699134104843
0.016270263774939196
0.0048608306666456874
0.0028064489185000195
0.010725431820001153
0.0043356129306846665
0.00076948714074783636
-0.0045848668494464081
0.00010633655859931786
0.010575582435453191
0.015014094009334749
-0.0046217201912977061
-0.0010263145041654812
0.0012480517801187058
-0.00053414000475553332
0.0025007444626894428
-0.0029529873290667094
0.005423206806914758
0.0047779641131744308
-0.0016785995003557547
0.0095227493894705622
0.0017670784598255765
0.0068709318191442345
0.019322130542480272
-0.0020721803020740206
0.01486314431325679
0.0020714010506745891
0.013041310960397252
0.0017451662948569011
0.0059587689180421802
0.012256785887655662
0.0086444452146158517
0.0018444381309491321
0.0021874287882076736
-0.0011047422738913865
0.0067811715433032339
0.012447364012937981
0.0065628522681300226
0.0075036254275307347
-0.0033934288119466696
-0.0023096740119872283
0.011329462186210535
0.010923578544409684
-0.0044081080071668322
0.0014091228141908415
-0.0032438989827540303
0.0090541953126101159
0.0021473755322151903
0.0001578641164884918
0.0090455392085630436
0.0073143238487505813
-0.0011398073498174244
-0.0018310495322593197
-0.0014856559086146907
-0.00016516934032020323
-0.0011501613503916576
0.0011503633175123532
0.0058314432073900196
-0.00037408344164284555
0.00040797400402495525
0.0029696370831841616
0.0049222972054034165
0.0078958051138769865
0.0039968389965995901
0.0064664663430051856
0.0051360807404492587
-0.0014271274188099869
-0.0009357574505661308
0.0047760340232756498
0.0036422820452103716
-6.0545113270443593e-05
0.0040347802718304574
0.0019813381554831958
0.0034276274396089984
0.0056159288510601018
-6.3705753643703082e-05
0.006789907275792581
-0.001577655981719044
-0.0011472385867462183
0.0010145789199172315
0.0060189449374988555
0.00097246490591850051
0.0010952468631503297
-0.0034444655898148262
0.0049421706382656852
0.0027512924341644121
2.0794502938181157e-05
0.0070244082153905034
0.0030053659771804861
0.0094099607633478261
0.0057818031608170102
0.010964629046840056
-0.0027191820361893377
-0.0021357449045544437
0.008237843623381029
0.0033425078631402396
-0.00029817342730095075
0.0025440377724171626
0.0067849083136409909
0.0016889921205289415
-0.0010208758949631399
-0.0021490555994814618
0.003819916268093527
-0.0017849095876505206
-0.0025884722376252872
-0.0028683043346833356
0.0032877669528481807
-0.0011417462525505598
0.0030912648312747012
-0.0012437289541710531
0.0024708311308123581
0.0045904013666086081
0.0025382679038153883
0.0082171461115510078
0.0013542345670973612
0.003558775354201872
0.0037010195034179565
0.0030081372100573267
0.0012723476777480838
3.3925386874228919e-05
0.0036588626530680941
-8.9526490432674367e-05
-0.0010570880282629077
0.0026241534621087715
0.00098861414231891974
0.0015700227977047999
0.010686555681468958
0.0032703654413455182
0.00020789295500780962
-0.0019536221678643283
-0.00095573185871292523
0.0015078105313490564
0.00077944735045340789
0.0010136838112664013
0.003558990723353586
0.0051073832153409222
0.0016668744180254802
-0.00017061367622845937
0.0021738781216926292
0.00095566096573190286
-0.0018222693716078409
-0.00032081919237942616
0.32022942605714622
0
0
0
0
0
0
0
0
0
0
0
0
0
0
0
0
0
0
0
0
0
0
0
0
0
0
0
0
0
0
0
0
0
0
0
0
0
240
0.90205773630464392
0.24386554776914277
0.060681560088095367
0.09789004605110152
0.088126148615504774
0.064456127599041221
0.070585607867837893
-0.036212545174873031
0.11518738914338436
-0.016326371591758169
0.02609043064491998
0.10385734762024046
-0.022329842752577624
0.085264843455547745
-0.010309287236530273
0.063974373489279257
-0.056871191455590352
0.029066458104817325
0.00021005197129696679
0.056354338126783761
0.019368349324623751
-0.039258306231591725
0.010025262274250902
0.010937837119207212
0.016361013813029863
0.0086285030236782304
-0.033497483314377192
-0.023581852909930562
0.087684743816973082
0.068392077509331975
0.018120689473996185
-0.012970925458922431
0.034482049078474519
-0.020402048278367987
-0.022400517583591739
0.020563575150385843
0.036048539824332509
0.017265733946340948
0.016749773660673716
0.0028371460350570432
0.010245703145442431
-0.009985866239076607
0.0060947434264679726
0.0045473848414320488
-0.013545970848233268
-0.0042080285520721544
0.00013564039523185229
-0.024633904732936012
0.024433748501008375
0.045203354877304251
-0.015690799997633193
0.01194265514571994
-0.021796126109977852
-0.0070022476617259992
0.011404010187521414
-0.0012512363950857456
-0.012092185070767904
0.0046985399525028958
0.070357010237368359
-0.012410262493250482
0.01313135503033639
0.012641351230160471
0.019571121390345794
0.0033235026407799958
0.029391110018666875
-0.0051071235179331129
1.7401638947168576e-05
0.034112528206713427
-0.005967504281045464
0.0020873558734822166
0.011821193509802243
-0.0018554452673654972
-0.011296798392489536
-0.0036274143035274868
0.0061872331581971501
0.00065681640144540498
-0.0015402327246668501
0.011859344471446719
-0.00028096279047977116
-0.010538538606302836
0.012236161329245973
0.0044038191721938553
0.011208551183077963
0.0082263912196533766
-0.018398667314535627
0.032404734167633883
-0.011007169682725661
0.0016554631430439259
0.003385056243721013
-0.0048560503290897292
0.026085482747820968
0.0001851374511099529
-0.0079022093512046698
0.0017212892939540312
-0.0092867027662418902
0.015599454912870903
-0.0012001316180287054
0.013598654341940979
-0.00073388627217703308
0.0058092435535296921
-0.00059575881982736512
-0.0015971559923783913
0.006058666073284473
-0.0079915923759520443
0.0028008352495785421
-0.0043538734451669088
0.019500509283453323
-0.0047725691914712555
-0.0054936497560989749
0.0053523445945517466
-0.0024567404902725667
0.0099912129868482379
0.0053680478721342207
-0.0054495617068619218
0.0097350321647971302
0.0050845631762707205
-0.011177054511638695
0.015650169369685066
0.0081389540312349507
0.0019544196432993623
-0.0049465735669843728
0.013409180322809021
-0.00050163506680943792
0.0082974631633441747
-0.0044835986038909131
0.0070628617973167735
-0.0063391644067828119
-0.0031971882308157841
0.0090352882155408376
-0.0007795936121857953
-0.0049547764468045596
0.0055685784463147779
0.0022735452272529522
0.00045256995355709222
0.0027276216863078547
0.00073748388038034007
0.008408385713260939
-0.0017858580677127911
0.00092550191043617557
0.0055876896787232051
0.008562442407576587
-0.005962467984783555
0.010431510479226714
-0.0051762876578249238
-0.0036902550384536178
-0.0021870523409470086
0.001136328502481338
0.015751784561381193
-0.0038282061570122988
0.011458946676434895
0.0032851373513815858
0.0019803675280748983
-0.0035102252096090585
0.0082220243030482424
-0.0041813094775043167
0.0091470849509045996
-0.0053718367908909609
0.0024684060930628593
0.0074383010388736296
-0.0053914661690371924
-0.0025124529850756526
-0.0042892409678914377
-0.0010643863834698607
-0.0022114049519523925
-0.003004815066893526
-0.0062699597319101109
-0.0014782911177233459
-0.0029662718821069985
0.0016893468897045316
-0.0038217854492514853
0.0022890512325418849
0.018017377170413518
0.01033421647720314
0.0042876944113019941
-0.0012916087438332984
0.0015541590455355788
0.021572221303453286
0.0063740893025103617
-0.0012273900740590348
0.011778864799287768
-0.0027003644450114429
-0.0022926610896832136
0.0079433843997019065
-0.0026050916610447696
-4.2119264638878066e-05
0.0013542731963568449
-0.00017707409601071052
0.002236076135438901
-0.0046027690230118316
-0.0049359424682836163
-0.0014835905495821616
-0.0015796238557254309
-0.0022514025240894784
-0.0014973239828616311
0.0059620973901993541
0.0035069987704492867
0.0014978208382951529
-0.0058223585328391085
0.00054005939009905003
-0.0015777451084586498
-0.0015479664227480781
0.0043052278886610614
0.0042473505387890572
0.32958251799906957
0
0
0
0
0
0
0
0
0
0
0
0
0
0
0
0
0
0
0
0
0
0
0
0
0
0
0
0
0
0
0
0
0
0
0
0
240
0.91958037345459864
0.23887014908841622
0.1845594277770253
0.094536368360824047
0.029997209523041676
0.064256509880795204
0.032546257476337347
0.040767750294890534
0.043620859101443962
0.032741014150927256
0.042056529505244161
0.035737201402894152
0.04492550397424732
0.016165144590993427
0.0027734826085102568
-0.022737263591515417
0.01924030071638182
0.010693574083861519
0.078411162735748136
0.021087757292970129
0.080879884561612672
0.044998505162648875
-0.010970956035895754
0.020567728527682037
-0.0032376768949841242
0.025418958853265939
0.061562442231818032
0.015969939757976396
-0.011186577584621722
0.011370963503636514
0.029090099823076636
0.014983530432079527
0.02040089415276345
0.037757082502043855
0.023409060713523003
0.028494995239758854
0.0085510201627673841
0.0043377787340745464
-0.0097910921132891206
0.00092313383648023222
-0.0028799862950222642
0.0020302256821274453
0.0093974436572004227
0.011054696457834166
0.0073707411479903544
0.014990459642237601
0.025927732110343858
0.0075249306223712743
0.011477817774167983
-0.0045145254142633373
-0.0069359851632493728
-0.0093162204389466239
0.00024072252562172181
0.015728121865778467
-0.0035886520223191512
0.013328562723390244
0.0087295093420188107
0.004574976191887771
-0.0044656075244345868
0.016272692284226124
0.004354414083383642
0.0057665778183760823
-0.0071831044183919644
0.01094982515629973
-0.0079733729800491263
0.014101302212610032
0.0088214180764554073
0.018636338741477399
0.013373565698953295
0.0099484914533238995
0.0016474028492733524
0.0092486146269057014
0.017972716082045433
0.008993520146098874
0.0133087676494613
-0.0051813910881345271
0.0011709940483597588
-0.0033506484721462725
-0.0022405483658420773
0.016989589126571551
0.00062654405218089484
-0.0024641355284542301
0.0014364360889340939
-0.0076463962462514816
-0.0057848881303888518
-0.0057143768081281479
0.0097470504311414456
-0.011277411963250274
-0.00088037819199536006
0.0029883080860701049
0.00077418881552998814
-0.0021717089776703449
0.019793085240534695
0.0056731618164369661
0.0026647254753707642
0.0031814320320360245
-0.0058743189431007814
0.0006043527060010706
-0.0095190919837144158
-0.0060991627248113507
0.0071662672575486157
0.0032707951120260073
-0.0016591750477809334
0.0060528129253931097
-0.0013269686548934389
-0.0021835717556518888
-0.0018957738615492663
0.0014236690895860554
0.00032735308191617763
-0.0019465575806270213
-0.0090422251811745433
0.0036416241452305455
0.0016082520364727939
-0.0046880598629327214
0.010572976831468114
-0.002244288898348028
0.0084341410148021101
0.014715095533166059
-0.0086466840703207318
0.0061403311711317387
0.010271654744665883
0.0041591288513304894
-0.0011363266187963727
0.0041442622940599371
-0.0011448462653268906
0.0066628156197715525
0.0056665240239513019
0.010535938824629424
0.0024705070399858066
0.0022155753270197893
-0.0014659516416619606
-0.00065429451082603613
0.00016134044787074448
0.0036184313871683248
-0.00080838068948616535
0.0025207176256133324
0.0071596501915663002
0.010006183499358775
0.00081055573148832913
0.0022598768912098039
-0.0035534333945137732
0.012471758710211462
-0.0023574172937770744
-0.0038291587014880678
0.011573705669541112
-0.0050924905698412522
0.0027953173936861482
0.0037610056274013136
-0.00084348136195949968
-0.0011990397338852142
0.0048421105366126104
0.0037038264527962561
0.018302593240288875
-0.0064092146465340172
0.00090552626908315661
0.0052269645547053318
-0.0060696091327248503
0.0043543284284586837
-0.0017191910408816578
0.01159906678192806
-0.0074412063470679227
-0.0041977141294409935
0.0025248949891589754
0.0074705178043332817
0.0084555711461059713
0.0010626839275196176
-0.0035531325411518916
0.0062668292109842759
-0.00050801754349737052
0.0044689336088803893
-3.3858449425519417e-05
-0.0017228770868773652
0.00030718083333442457
-0.0032172182761383587
0.0045743601983194151
0.0048486370829458518
-0.00016223315889038966
0.0027055533839368609
0.0028303618359929832
0.0047842630481805971
-0.00059862020021832869
0.011090261351740613
-0.0034391062866761823
0.0029469611980591373
0.0071777194436452975
0.0014760704752901377
-1.3771228289805809e-05
-0.00088351513539542119
-0.001227079309377713
0.0076470612082456153
0.0026123475802233651
0.0040139075784441551
0.0024747653088676006
0.005991647227290506
0.0015390910045677338
0.00088301618921841701
-0.0021628989668692551
0.0028058370360032983
-0.0011824122397988844
0.0011277860648670323
-0.0014233122959235937
-0.0020885270728270861
0.00039372804910867013
4.5810793121751851e-05
0.32190775240673797
0
0
0
0
0
0
0
0
0
0
0
0
0
0
0
0
0
0
0
0
0
0
0
0
0
0
0
0
0
0
0
0
0
0
0
240
0.88219652572994023
0.27533138767969217
0.16935621786372554
0.02154882613914463
0.088833330066672517
-0.0077948321623993984
-0.01482659529064822
0.051220360776536349
0.18020392862583165
0.013416672323072181
0.054450190460601545
0.069673375376457916
0.11322757837837456
0.13570361381167106
0.03176554909417667
0.026540073709813879
-0.015281958112382527
-0.012615970677162127
0.059299772529082209
0.042715311822233488
0.019546391288394978
-0.024635665781962256
-0.002658643154425907
0.023127767752314385
0.065012246497484841
-0.0036711250842655059
-0.0022476700369975376
0.010529798631930857
0.056388013291338794
0.011533678027089959
0.012753553590544819
-0.020247414907717476
0.012238626554448349
0.010421119764831887
-0.010752029409918828
0.0074307886436494877
0.045234381433658537
0.011800713974279805
0.021998617633377203
0.0092033185490915416
-0.0043225454684928484
-0.010457413569640353
0.0054327608246437726
0.019173609241563364
0.00067276668704774843
-0.0054000216925623691
0.0032903965181914014
0.021075796248490056
0.014376668728242661
0.017715646736067212
0.0060109363987735833
0.016470340551530176
-0.010617000425081308
0.00058401464170335733
0.028226531364743679
-0.0009577678084578741
0.0093252814242235065
0.020611159138860795
0.013938176506558571
0.0010127737770487424
0.0038780596384948348
0.00089156193257414434
0.012105371648926047
0.010253436763865692
0.0062085687020980943
0.0053259332262967094
0.00036128606964033066
0.0076746167341901154
0.00037947180362490478
-0.0055736863278608622
0.0063366761184675824
0.0079271588012985936
-0.0077804288918483112
-0.004679873686085057
-0.0040733323126306347
-0.0077606028767519906
0.0022679649022141531
0.0031916791074036192
-0.0046138518349677317
-0.0034712109538629632
0.027292948147381497
0.0041865407235153014
0.0072763212389801539
0.024850733298443863
-0.010932168285601075
0.01352549423172675
0.0034576545860424655
0.0082108679208034545
0.0029111982811857867
0.0045863971506510158
0.017650988527969019
0.0014514565026442529
-0.0023598361581422538
-0.0011470932505389553
0.0014883541979407891
-0.00095208839023703206
-0.00024986246059811548
0.0076917992015178615
0.0046659105163701651
-0.0066028236590729896
0.00019782332791082061
0.0062975437120462354
0.0024536027054416053
-0.0051255422836770266
0.0032247217120577611
-0.0011157089238087207
0.003444435772089451
-0.00032708262346898111
0.0059985827308950126
0.0035600847757223091
0.0011603166772309046
0.0016694663080443046
-0.0034409913492814003
-0.0041012666204760699
0.017625667099429292
-0.0056651299226563234
9.1416964452068264e-05
0.0098222543893898579
-0.0023341892097364764
-0.0028983157150568165
0.0026410375104822799
0.0046048830420600409
0.0057532998297068708
0.0052781355497116865
0.0017667268624026449
0.011148643537757222
-0.0020741259922173352
-0.0041596802089596228
0.0034453850248934376
-0.002204162925783923
-0.0026010074140663951
-0.00057793052942376648
-0.0029371780293443641
0.011235294571354363
0.0015954902029608339
0.00011596332501211996
0.0033825308436629103
0.001058986501529069
0.0049618353683792736
0.0012132853379473046
0.0062344260615520937
0.002204013838083886
-0.0011015211829932877
-0.0053434994554535445
0.011018062448852948
-0.00039277402851511261
-0.0012528105012472427
0.0078903959353853227
-0.0023340111144186299
0.0069905650606169514
0.0067036963582224832
0.013540457047787001
-0.0027212117487784826
-0.0027809326461349709
0.0052804743652928457
0.0033904651486379184
-0.0033078925000703014
0.0074179366507920036
0.0062831425282989985
-0.0019078095061937199
-0.0035490230116715861
-0.0055703534164509095
0.0011260042426315348
-0.0024983083721945801
-0.0028971650997180248
-0.0035775328746385027
0.0010985621996937522
-0.0032545953802622599
0.0031813991667292169
-0.0028136365353525804
0.0013033414153930363
0.00058871332107061827
0.00024674237709327928
0.0085512871832389252
-0.0015963837791429895
0.0018456445544942693
0.0076958810931698303
0.0065026482565447644
0.0019814703197593569
-0.0021095093761319644
0.00083479362972939365
0.00059421496329122156
-0.0027494012992883895
-0.0011903064635628579
-0.00063487858488962975
-0.0020399020239293452
0.010185007277621639
0.0059339518854435204
0.0052317901172974678
-0.0031244455042707649
0.00042072145530970925
0.002105325726400147
-0.0011193540807454684
0.00058500197196926064
0.0031160922883973442
0.0077622675839555894
0.0043393417099864273
-0.0015572507472079718
0.0033227605032333319
0.00083722231020243935
-0.0033290470557073917
0.0011418330749126367
0.0077189355542979371
0.0064048280239487887
0.00071048700609790852
0.32389167854158296
0
0
0
0
0
0
0
0
0
0
0
0
0
0
0
0
0
0
0
0
0
0
0
0
0
0
0
0
0
0
0
0
0
0
240
0.84183250881508853
0.30181928440278205
0.2710202111792438
0.096479300480319899
-0.021875768351577656
0.043427156365644849
-0.065771948247858161
0.13610619693300519
0.1614269344415882
0.021493169474679205
0.03924935055328993
-0.0099889225823925707
0.082156423192507516
0.040546159990632852
0.079267346065363509
-0.013855107372837456
0.064905496692095999
-0.0099859020803132852
0.064787670079291038
0.069984579502509775
-0.0041397170786633365
0.037570571354811365
0.0013444100926921227
0.063099857038128399
0.027084371383071119
-0.0033215671223948838
0.010265953362038479
0.012672975546839821
0.003307367620629022
-0.0069803578302613158
0.018357217855749786
0.01462741714296828
0.0081427561779175081
0.037047373253359002
0.011550854286276002
-0.020793357852401637
0.011744930575567794
0.016060211483877162
0.021478260192872061
-0.022052889792395346
0.0030476717597975223
0.012313269079334237
-0.01447922385540225
0.03374480268141334
0.042392719192619333
0.010157127061266378
-0.011778293159082891
0.043881225902731198
0.0029456327852359632
-0.014006607080825365
0.026748495079767669
0.0052549779798415066
0.023713079937056868
-0.0081184599003247381
0.015851955654019898
-0.0080677357161135638
0.031877679888028532
0.0067331155180952312
-0.011062793042883977
0.014956608617793802
-0.0046689424916322008
-0.0094872144460920998
0.0048679469385420364
0.0043581149520386395
-0.0057782993131332604
0.0049918962066509021
-0.0073161106249774975
-0.0095196292610299302
0.011247699143100486
-0.013158592602069377
-0.0086371191084086123
0.016626749363319714
0.00093047469852516136
-0.017169003107707345
-0.00073611354125416675
0.009520441073485271
-0.0068307093593966122
-0.0066797155981575089
0.012092006174680914
0.014934902261521062
0.00055460694376283147
0.021041725701495175
0.0040186369418866276
0.0071615968379132033
-0.002243188472989053
-0.0027172739525348393
0.0020278493325961255
0.0051366710922788267
0.00049997693001686025
0.013135895061788461
-0.0042237696952529677
-0.0033559071611688894
0.0071765548647390936
0.00014310579546260543
0.025199172534170484
-0.0061246258233305043
-0.010345929534897677
-0.0024980528703489979
0.012016256887451995
-0.0050924889819574312
0.012668154129864353
0.010075193806981667
-0.0068587506634702174
0.0074782304809816475
0.0084882169220413615
0.023362908720484157
-0.0041862741165713769
0.019911503875913665
0.029959756459323701
0.0090055158170485369
-0.0057615182647548346
0.0093514638280486704
0.007818164567086186
0.0024144050877520241
0.011691675207026546
0.003915424587845542
0.018817448092272961
-0.0045345795574181225
-0.003112673682370374
0.0027048322680397778
0.012964748436407434
-0.0038389476942800749
0.0099131739087269383
0.0079684766298146765
0.012074921385311453
0.004550675916602063
-0.00078535671463856043
-0.00028819475641131035
-0.005543045616626564
-0.00041457570772767966
0.023123657518635481
0.0029916078695154075
-0.0017146098800677311
0.00454296418481572
-0.0026597933357232289
-0.0043803294306781178
-0.0062938482883768488
0.0084234649262706716
0.0085840846713787795
0.010031315334301322
-0.0035972004573529841
0.0085786130419613117
-0.0010645282961059929
0.01198682472185217
0.0042522894860606026
-0.0036350860195593438
-0.0016449455152922738
-0.0034850084358151287
-0.0037670181280174365
-0.0014501356263984218
-0.0051273397428341031
-0.0023999453501690371
9.7509505186617587e-05
-0.0043626498222016554
-0.0024724350620265408
0.00076358967632383663
-0.0025210668479972616
-0.00016018252309843353
-0.0036103105779190826
0.0035404940229036737
0.0079289438638322132
0.0012586396831842674
0.0017795910648771606
0.0035204169165235777
-0.00030788215500665312
0.0068655448151533046
0.0023760539644676389
0.0013427672393655347
0.0055108926549116482
0.0054257250512282466
-0.0082683599488898498
-0.0035298802770933656
-0.0037814440878382091
0.0028278051417641964
-0.0016583728631729467
-0.0020292624949895415
-0.0024028236793513921
-0.0025222014111697618
-0.00024565457803583495
-0.0020448083262912431
0.0014495768808547055
0.0059117277759957038
-0.0019230498415320305
-0.001362614037705312
0.0024014988634384117
-0.0023149671303170131
0.0050285065211197258
0.0072482259801739442
0.0088166424669642012
0.00038648648397285085
0.0083374369197582836
0.0084596787773413961
0.011912444181868733
0.0044432827610692933
0.001821420003553091
0.00072356417389811932
-0.0020325203307551471
-0.0013582495394028722
0.0068972908795292423
0.011256079856666313
0.0025974387601421962
-0.0014307869021774565
0.00033495220369626798
-0.0035310597000442973
0.0003572260342633699
0.0023513864057817797
0.32723247314283538
0
0
0
0
0
0
0
0
0
0
0
0
0
0
0
0
0
0
0
0
0
0
0
0
0
0
0
0
0
0
0
0
0
240
0.90202136520041487
0.14702521217783174
0.1308146374364007
0.17002777443484188
0.11641454300941642
0.10201242581634939
0.068709297125990984
0.11558822629991747
0.026649904459462477
0.023311430466919685
-0.004003143590961749
0.043832734074200144
0.066200092288289228
0.094638567087055633
0.042776308051691588
0.014373404954090799
-0.042228989216466596
0.058920830703548401
-0.0068276240186868915
0.0089057505699863017
-0.018051015346006463
0.036969552706991288
0.073018434786492253
0.021583661990673384
0.0098950148314126251
0.044623736530989402
-0.025290585212272752
0.04804591169034908
0.032124818814048599
-0.007557660462955835
0.0024343310930145046
-0.011475522774338725
-0.016435692919124872
-0.014351174375454677
0.0093433534833293422
0.051877720185903281
0.013088399341873901
0.017781106634836286
0.04167462646320353
0.069509869552560097
0.011179812584325037
0.012415038978768717
0.020451414274850352
0.020272073839178419
0.0027035810403685189
-0.0046132777373711535
-0.0081600685715808897
0.0097486980619413601
-0.0064254356680335471
0.031304729733770235
0.013073797476811982
0.054072901552431114
0.013276168308137317
0.0040090332604583011
-0.0092870019131624151
0.0055815439489716439
-0.0022689344538273132
0.0082527446432504488
0.0079380822098525147
0.0038692806682318996
0.0034354207877067672
0.019399185618091903
0.015988594752238475
-0.0062621307442798316
0.028602963890815982
-0.0093102203417701895
0.028887705302932526
-0.012900104381465969
-0.0052733180181002001
0.0085299125431849664
0.02906088075344513
-0.0020356176214054145
-0.01004849895760907
-0.0043506962334161868
0.00022969917827187256
0.012435923536710247
0.0061282400230605457
0.023717839305323594
0.0026629631457990551
-0.013280982323602404
0.0033436886826481403
0.010830490602411228
0.0047433073810800464
0.018906864255213464
-0.0058214307832255337
0.011723946751161342
-0.010829902073404134
0.033747678249293721
0.01134402985688893
0.012793473967601414
0.012645341012671842
0.0058930355946429699
-0.0078713828901424907
0.0057236669475468193
0.006168466884849946
0.010363866139574263
0.038054536200331453
0.011037386828709037
0.023415697579942465
0.01037673902556034
-0.0046773715971391589
0.0001253261185378318
0.0051577831492222734
-0.0018957832825403323
0.012304976488143854
-0.0017494389460836833
0.00042878372930192453
0.0038440733191687591
-0.0070366891236323852
0.010258293144080157
0.025370463775232353
-0.0004854724819639551
0.0017239064313394855
0.004920562751321007
-0.0093606134130540773
0.0063727837170381007
-0.0088664465377336459
-0.013843003779117074
0.019178107876894824
-0.0011761349579750943
-0.010969715190644592
0.0039140913824456556
-0.00033806427813127193
-0.002624933583170425
0.00021423610621016555
-0.0070812761103161937
-0.0027189965012032512
-0.0011896931398593952
0.0091906613201013371
0.0054768509537912067
-0.0025652308313633947
-0.003335168471792846
0.0059863098786228832
-0.0048077922002378818
0.0024010942945687161
0.0057183602581905805
0.012394641476399546
-0.0075594295656490193
-0.0059718055048113318
-0.0014499796455536436
0.01958616111703761
-0.0072134712657508562
0.0069778131809176821
-0.0019599523588644972
-0.0060354075385454821
0.028662513830696609
0.0014794452555731467
-0.00083896890924749375
0.0016840598473258936
0.00059488744511801634
0.0054481947412546115
-0.0012772811982029141
-0.013577672230402633
0.013609534222086666
0.006522237451086702
0.00090788379057783557
0.018547824593416105
0.0002449107953908215
0.0042754400462117099
-0.0043858016206133662
0.0072142351864565041
0.0082256164024091596
-0.00023531201670224104
-0.0052868361181846405
-0.0078636412234870841
0.0021344172747889576
-0.0033933932473696436
0.0014301003060811037
0.0035320398345489979
-0.0035188798642355754
0.01226576780259018
0.013851161001720616
0.012095410425739013
0.0093022057067729102
0.0047661237074714848
0.004949648781188502
0.002069090990323793
0.0052979656773503581
0.00053315631448114134
-0.00096240810560884252
0.0075141285399062422
-0.0055001961530707433
0.006981431282563965
0.007960300544894286
-0.0014608704154313017
-0.0011578649622145188
-0.000123312441671565
-0.0004739992673130936
0.00025768113167172539
-0.0038758735164509304
-0.0013502255995530418
-0.0022322719891080286
-0.0025093753119588068
-0.0010623319728108691
-0.0048409150332656406
-0.0044499288531987579
0.018399974186974716
0.0017278113140266086
0.0033644257511911213
0.0017294380040096815
0.0053599184380020487
0.0074708561398473747
0.0026961883746688562
0.0031646368758782334
-0.0027308262558228082
0.00037389988352306923
-0.0034456530702358414
0.32706646905104403
0
0
0
0
0
0
0
0
0
0
0
0
0
0
0
0
0
0
0
0
0
0
0
0
0
0
0
0
0
0
0
0
240
0.91283517551448479
0.044190893405209229
0.087466799073095833
0.23815989086582823
-0.031077540728299758
0.093574789143459236
0.058250043480498594
-0.0057234331478827659
0.031172446155783358
-0.0084015417399577481
0.029924298302969835
0.10719805169348365
-0.054493806153722846
-0.0041869596794882778
0.022013874757393134
-0.015115450463371323
-0.01433174967262869
0.030798750603643354
0.03995192208832371
0.056019263511482981
0.073214608912284776
0.063463558168139741
0.039720824897457131
0.043074862890574377
-0.014609141308568781
0.070707975129907813
0.057037922064948225
0.014777069156828878
0.01612797143408061
0.0018618098875153781
0.0046315530131431177
-0.028256181271988572
0.017433614515500288
0.020698819214165623
0.025437201797714269
0.034612124199804743
0.025574377784059701
-0.0043651874330840291
0.029233087590055024
-0.015763968855911952
0.0237087311563078
0.0071593378096744317
-0.010025691272234067
0.026314052199036563
0.0074473135639991812
0.00070589674114764544
0.012577324227547003
0.0039449223923851955
0.011061042851044131
-0.030187472723067387
-0.00097843196627830529
0.0050207427612094834
0.0010098407728549215
-0.011270239392549116
-0.021981248794247753
0.015436503120635625
-0.015527059478173916
-0.023693359977662257
0.048868365254571444
0.018917033239359726
0.003257134348465438
0.012835330497974886
-0.033441649061326989
0.023443427430209003
0.0077509478595478559
-0.00097565342597875047
0.018005121473440598
0.029301604741325041
-0.0057803363139984944
0.0010542043967078096
0.018604943223444779
-0.016322263963636143
0.0042089292521304547
-0.00042033086369308077
0.017664125605228252
-0.0071661527620151405
-0.0080535231431306704
-0.012092233492005701
0.0024906941331028117
9.7413764218356671e-05
-0.021656351909373057
-0.0052854716683670283
0.0070131175735890236
-0.0035967897657160235
0.0029150605029696045
-0.0032366203711822147
0.00083543627422255704
-0.012731994154435673
0.016368819597829876
0.01242837079914645
-0.004015511802048578
-0.011326118523984328
0.02640152126765585
-7.0764963296655444e-05
0.003818565736559555
0.011361089033807182
0.0017722455074535622
0.0025683962859216168
-0.003868766006448433
-0.0018147482109528745
-0.00057682982332585763
0.01262335805180935
-0.0050232208955872364
0.015263872573400802
-0.0080266071681679846
-0.008013035685146044
-0.0067491494378355225
0.0012303345701714916
-0.0028029351503698618
0.013790425971008102
-0.011166456617473329
0.027128203847603109
0.015486846379378404
0.0023609464971006003
0.0078473035587788651
0.01302392719956212
0.0016253398882011478
-0.0030289089074964554
-0.0041962027366738413
0.0041129450578413626
0.0032911578880300881
0.00020871999439902838
-0.0084410554066254272
0.0092827429849338707
-0.0019325620542338785
-0.0015174869472957405
0.019588970450393737
-0.0030650879651494098
-0.0046607806413598392
-0.0052989599141731588
-0.0038445258312153766
-0.0041311278603340376
-0.0068201138695128038
0.0020860233725771156
0.0019174372417185372
-0.0042626267937944159
0.011482499063892768
-0.0040989780508660437
0.0016444422347600938
-0.0021036044277715528
0.014542157098259362
0.0015773593121998467
0.0079012973871393395
-0.0087975277658862826
0.0069289602359517109
-0.0058415366311371179
0.021632558569740508
-0.0066377676467300351
0.0017280772998063995
-0.002910542601377345
-0.008193075418830905
-0.0042434589749917951
0.011077793628872885
-0.0059634410739821224
-0.0041427531707666334
4.998147399552782e-05
-0.0063347409594804779
-0.0021349621920119795
-0.0071605415972827626
0.004880336005562722
-0.00010624585951111874
-0.0011346492988516814
-0.0064027949745087574
0.011051093250391648
0.002285917274570119
0.019151717437027621
-0.0027122003811380323
0.014540508293018738
-0.00055091144706358674
-0.0021164746755833216
-0.0011036620047431079
0.0054499642832366692
0.010283196529441551
-0.0036471559552706751
-0.00053150585297378474
0.0087715795529596189
0.0039132109148040202
-0.006048278270190657
0.00053677238230967093
0.0039677435689378111
-0.0011110142992927453
0.013996953218719287
0.0083078835278027185
0.0091897875744168887
0.0042760085309048344
-0.00016729476885185248
-0.00089308128388129867
-0.008530140569504862
0.0027004562198399622
0.017414761382312221
-0.0041406216024847797
0.00072736089051698679
0.0054125678071459873
0.0060136650379626769
0.0023869630724394565
-0.00091912684715405527
-0.0060092332596035974
0.0053541711939372435
-0.0021311834918021641
-0.0013257637254244132
0.010177231073836387
0.0069418863021257935
-0.003585005995331209
-0.00024789068356997511
0.00720937360327126
-0.0050591504773538597
-0.0033951000439575124
-0.00055511286734829125
0.34217190160464034
0
0
0
0
0
0
0
0
0
0
0
0
0
0
0
0
0
0
0
0
0
0
0
0
0
0
0
0
0
0
0
240
0.90856389290357664
0.16661186667399577
0.15263875823609163
0.10770422878733356
0.1257011351831771
0.11032162763901873
0.092633864792008414
0.10494075688563782
0.018616444848998
0.058434966169472566
-0.00053240088081752128
0.024525887159538913
0.097658699489550749
0.069114499471279997
0.031752344616755523
-0.015671377096425538
-0.026735924978006524
0.070563393096024343
0.0055267937499140695
-0.020647351081645463
-0.0183380354883909
0.055506568012615255
0.060019182280875251
0.0069577933246736988
-0.0028667921973491218
0.024970886675961014
-0.0068302762103571724
0.055993933889866801
-0.0088991813680899187
-0.010041843016579682
0.013469409992391138
0.027082696402735262
-0.020084270119727958
-0.0046651110864673788
0.022781976843653698
0.043744153166069465
0.0041452055198172248
0.0021700446704736608
0.0080138423645977567
0.058084621430656548
0.0090358302423258173
0.016872423996692032
0.037494526673006928
0.0074942527395729036
0.007866467966239573
0.0043078904173793897
-0.0022563756368866148
-0.0001168429656295563
-0.00094561445202797202
0.02937632169144376
0.0061681770527646142
0.035119408837737807
0.017446210069726152
0.030599126761492852
0.0086100492767748615
0.0050841866810327416
0.0043188537116036364
0.011330919941649789
-0.0026071637272072146
0.003099156544444634
0.00178861122857797
0.021229626666302303
0.0092175978525772355
-0.0030910863006164899
0.010859491365455155
0.0022715227421888184
0.020820610061604364
-0.014470015878545808
0.0032347260302944907
0.024660913097608237
0.017956879839780518
-0.0004811267767975575
-0.0059761517641897079
-0.0022267668769114812
0.0038088798874988013
0.014458269613894183
0.012770725227482675
0.024689416587095222
0.00093060729489159515
0.0018654180128185914
0.0048021736975940232
0.0036051380040501265
0.0015450053856061598
0.0061866340356389465
-0.002345137142696557
0.0042582205235054717
-0.0039401743550817811
0.02278735507548936
0.0005636754719579801
0.0039979524998480379
0.0085714748151630837
0.014914883812083356
-0.004758286108312265
0.0061776943381978587
0.0039655914093240522
0.0091724894272776306
0.028678593372889232
0.0076565565432896573
0.013132637684054113
0.012917366495639767
-0.0034158294844581116
0.0016244872092855444
0.010648603060407292
0.00016582390089407915
0.0067770328949541608
-0.0042308545694386681
-0.001905189143870755
-0.001440451403188633
-0.0075195698087132329
0.0048154377430559749
0.015870460558406841
-0.0071673265948378317
-0.0060456208259371865
0.0051894725147631719
-0.010025930005255996
-0.0016687646804060556
-0.0061019145970863838
-0.00073658461164015051
0.016134587667341976
0.00094193200955386359
-0.007560941039802805
0.00073111282448125108
0.0067035244136893577
-0.0031277241626629882
0.0019196342271480241
-0.0032839181093841882
0.00055755794409002022
0.0086031903414223385
0.015868605078416229
0.010040360035907794
2.1073826818938403e-07
0.0027936215774954708
0.0067437227991455932
-0.0018471004496574269
0.0023482618436162484
0.014164543277266165
0.010408304583243632
-0.0044579207117348965
-0.0033826683697146258
-0.0026194539277173039
0.012114198996323624
-0.002510745548096389
0.0028998517613330302
0.0037267908566502102
-0.0033465184545970325
0.020085476263082682
0.002626470647198299
-0.0013356753729937192
0.0064880242363269357
0.0012872265030364439
0.012276104017819844
-0.00047855439139690963
-0.0035559247705662981
0.0065345851980931737
0.0077471725881464205
-0.0024422736970594358
0.016943455302974798
-0.00064249445246501648
0.0027313872437339909
-0.00042924864014469796
0.0094636204736680499
0.0068580194859057539
0.0048353818521507256
-0.0011486195046629013
-0.0012079678792114494
-0.0030201943188173891
0.0051824145170538275
9.7430171527577061e-05
0.0017255896477592248
0.0018217669302910029
0.0074824488411024386
0.0045490069844573745
0.0073216962758230726
0.0074253132122225991
0.0053634639877789122
0.0040275730955388143
0.00095037111440720039
0.0051334904114472921
0.0070088686673704156
-0.0031264790320685884
0.0097650180883808949
-0.0042442007952984808
0.003530296718215341
0.0065863248578908202
-0.002653719734071784
-0.0020386674017016538
-0.00075421144093538344
-0.0027884101541479928
-0.00080172425690903297
-0.0021320212790362095
-0.0023368050623931388
-0.00093920793538212577
-0.0031574393514188902
-0.0022627420546185283
-0.0044139458208338539
-0.00025469447743432555
0.0076551848005528252
0.0047626439848016816
0.0017396321236508325
2.8649679062286958e-05
-0.00030883912806491521
0.0021804631513787373
0.0023858769229088742
0.00064854781041388311
-0.00095878036181911883
2.7258934895757973e-05
-0.0029322134996385509
0.012329441909005236
-0.0028429582508105182
0.323253870955865
0
0
0
0
0
0
0
0
0
0
0
0
0
0
0
0
0
0
0
0
0
0
0
0
0
0
0
0
0
0
240
0.89234617064190325
0.18344802171048433
0.16288352483195689
0.22706216689836356
0.023413662962402708
0.14749264352743874
0.12016305706025861
0.070325956034824055
-0.060545824666378291
0.034084887950936643
-0.04437973936847539
0.056826443699091407
-0.0067276767000255307
0.021609486746857278
-0.0098224083310583174
-0.00065566523073918312
-0.012198838151472893
0.039452779234265857
0.0044583927485352531
0.036527983817581176
0.0089569946825683415
0.041090323944391799
0.031679253216344572
0.011285998795484566
-0.01617354508954515
0.049316196014954433
0.0011689698382088022
-0.01408941796398632
0.013919806733483862
0.033702191482036487
0.025612838213393271
0.024035041982244935
0.01395894666126459
-0.013248885204730814
0.015771097471431066
0.018644229666362529
-0.010595062413578413
0.028962322118869895
-0.0019316526652714474
0.031580805576397183
0.0027209423625625404
0.027485321625708135
0.012685595162773976
-0.0017405624231338003
-0.015158443073903446
0.011648972800985346
-0.0028392716600644003
-0.014280059749786444
-0.0054536465131129709
0.030911743831939637
-0.0051405575064370681
-0.0031055365029379095
-0.0089844136913721385
-0.010770318063341647
-0.0091907425083521867
-0.0028015346182798844
0.0001973809543349639
0.002536554350001182
0.017844273820538239
0.0029436038669104305
0.020357753474102631
-0.00098941250056856084
0.028265311091064022
-0.013001512870894872
0.02119190177329916
-0.011482103428638771
0.026115622584129892
0.030354462862889599
0.006108240086745158
-0.00034791784047347038
0.0013871707613621251
0.01503627869722428
0.0056681063799004965
0.0056696861876608549
0.015242746646609148
0.011397553709351305
0.0094671661679754538
0.01518753723828181
-0.0020896811449830524
-0.0085115637264245297
0.0054890436244316018
0.011321392721402777
2.2347901858422502e-06
-0.0039008132749038913
-0.010320016707108276
0.0028807275916214194
-0.0061776675595199958
0.0037480892029338225
0.0060234335367218856
-0.0019214878512208203
0.0024104265879184472
0.001233345940369209
-0.0070386133020794691
0.011300696849393934
-0.010579256533691715
0.0064229433016807355
0.0039514152956975235
0.0051517271292207904
-0.0045848992159805832
0.023582995787573238
0.011380007352480466
-0.017890941987605689
-0.0015759782666299939
0.0080296110056135971
0.013385968928534423
0.0085169209147337877
0.0016555821987958984
-0.00090933182812094984
-0.0055878241125865624
-0.013312935897482357
0.011152688589133652
0.0058068692372114849
0.011770834721659358
0.0024791191245745049
-0.00058489461951410449
0.010646219433609201
-0.010712147286397853
-0.0045304623563242261
0.016198480939511744
0.0060456721058621422
-0.010894856557960851
0.008036322929681438
-0.0094006585261109787
-0.0031735509966359264
-0.013241775776420519
-0.00697598207195469
-0.0049143475750725611
0.0072935102331437114
0.0070788838695170272
0.00012489877132281578
-0.0066227113379975942
-0.0051677439133799253
0.0076961377747528743
-0.0021254664153680576
-0.00048113325637175354
0.0058888645975101808
0.0039827031823955437
0.0051311313584375164
-0.0026304292440626769
0.0030105495651907904
-0.00085843237207472716
-0.0047805707477496205
0.0066237766071250547
0.0012077365242365652
-0.0062468887446119571
0.0092071564121850667
-0.00015857640604168027
0.0041694696686818741
-0.00095314590146294105
-0.0032951872294644355
0.0018604581818196895
-0.0041728790118394339
-0.00050310771189872219
0.027404463708565818
-0.0016371791355420063
0.0057473904102771011
0.0086629182047065299
0.0042982964107178903
0.0054540167010094448
-0.0052137346186118686
0.0022404110545627557
0.010169797740049391
-0.0046201690303206725
0.0018420072486289873
0.0067211597276680924
0.0063381226371530385
-0.0053208165784594964
0.0067159879627019109
0.0021430657168140682
-0.00096067885533113726
0.011283600804976852
0.0089154373176979773
0.0081091267747117595
-0.0037047011259668011
0.005757088468472742
-0.00012616610517753962
0.0032833862238100648
0.0072619783394195303
-0.0056545378223415745
0.0095382421237576141
-0.0050166901922646815
-0.0013648514926682259
0.0093080410743793304
-0.0025093060405044477
0.0033108385598201607
-0.00056011548417736153
-0.0077685216762254563
-0.0024502544847877861
-0.010019319939869457
0.0032831629193541341
0.0060944379659809951
-0.0018206392273536782
-0.004604999027044766
0.00072401701818098014
-0.0061009232454616149
-0.0047657975692750572
0.010084111164488095
-0.0024165990356356387
0.0021045409686745397
-0.00015893457726305654
0.010643310521434629
0.0067453485730493102
-0.0023606696033488545
0.0063529623817288388
0.0027829501807895944
-0.0021557921277283285
-0.0060378069626232699
0.0085818415762708208
0.0058153310093212972
0.0040054813166718614
0.3325381847721996
0
0
0
0
0
0
0
0
0
0
0
0
0
0
0
0
0
0
0
0
0
0
0
0
0
0
0
0
0
240
0.91734215701816879
0.20139417372737781
0.20798898521035233
0.15973444233406706
-0.013858596775806552
0.086680424074851534
0.031102893672318728
0.079849513054519858
0.058715783516323811
0.036221290184073412
0.016662178995300057
0.038862736237057299
0.029036942890465135
0.022010118530626781
0.038640076131418288
-0.01538439761980516
0.015508816573157185
0.014915520037777944
0.05018963945261893
0.057083004550980011
0.037578311093063102
0.048453389460177951
0.0092427552550004045
0.041577389837631977
-0.00021310670692730984
0.024351289180479289
0.034612011823147701
0.0087274750662979118
0.01001307284520263
0.01138977834178846
0.02467426463288205
0.0069750911615133575
0.018964788598215508
0.025575652906050291
0.020368461797552147
0.0056482862444458548
0.009651314178078671
0.016257677396280562
0.011590209355871461
-0.003785679403833835
0.0049880955141584664
0.014338401711969982
0.00069224181026510101
0.018677098958924256
0.0085397958735119166
0.0095813219167924981
0.0036934215412324925
0.0097759677891230551
0.0092380948952725198
0.00026501851761916119
-0.0037353770366805165
-0.0014501486176703206
-0.0014666353345233116
-0.0042873224375622292
-0.0047957208951546655
0.00048126360992829624
0.011192634983619026
0.0053855674878527226
0.0013270269680517399
0.017014211062933802
0.0087399964813541127
-0.0030632464199419509
0.0078922560645863366
0.008904239914214556
0.00011764454566441548
0.0075885064657206331
0.0083780925928142458
0.014297450885757493
0.0086083594635883044
-0.005346679673780488
-0.0014877134540408992
0.016988007921022726
0.0082902129577928797
-0.0039040834033979154
0.0089742417895075106
8.4552189979409591e-05
0.002037151482605954
-0.00048595421867252131
0.00089169645899422878
0.0087173993568903721
0.001254884941678442
0.0093930935100959151
0.0039805913806070514
-0.0030270810014803515
-0.0092353160003154945
-0.0020558555710193018
-0.0021473262350844872
-0.0033102083440269292
0.0045081543184420803
0.0053334429733769674
0.0014497300685177102
-0.0056227133605955028
0.010817397966531597
0.0040288854235153325
0.009530184979270372
-0.00027100386443303906
-0.006540065533127107
0.0013580472907952232
-0.00030324991564632223
-0.0020771023451402544
0.011198627087093462
0.00062811311234164827
-0.0053528404519227156
0.010361046810631755
0.0052662499244138863
0.009256381944093001
-0.0011880561742487602
0.0080065952845389445
0.0050018482444711097
0.0015590076915269022
-0.0045472425254896569
0.010632292321563926
0.010220998307195504
-5.6947800389626472e-05
0.013116778952158237
0.0039245864178656881
0.0050151475398720041
0.0016373535149206426
-0.0028109374452297909
0.0043986141847293147
0.0044828626460199058
0.003187576041276468
-0.0011004819511205841
0.0040401501277059979
0.00085455573033466699
0.0050170246343992737
0.0034706217076678142
0.0049254367314854062
-0.0012375465493167993
0.0010712612212880233
0.0029412224656186902
-0.0009262238191997626
0.0010326135020337487
-0.0019435158322569216
-0.0024279196336990825
-0.00040921940712330686
0.00075060286915605416
0.012167867718472907
-0.0020420410646420609
0.0065983668150545833
-0.0034087719291566346
0.0056721750482799744
0.00037364185726312358
0.0011789011594674939
0.0034107985275143556
-0.0016803365628666733
-0.00021606320489537455
0.0016546951351126152
-0.0040885023948081427
-0.001953630678412463
0.00037805127926123134
-0.00014032255188042213
0.0082767463541934712
-0.00083685632320051407
-0.0015851809429445181
0.005926510305063401
-0.0039815913202753137
0.0021345030351838036
-0.00089282823181402503
0.0046523233998167681
-0.0061097486359608863
-0.0014476407810588251
0.0013730815707929263
0.0082447967527565467
0.0056298510687631566
0.0073660363877681512
-0.0045611910198567291
0.0076670400127744889
0.00084054477102364286
0.001349537433919943
8.3054506523789188e-05
-7.1934954289771492e-05
-0.00039892975218033886
-0.0017723209807529259
0.0026244346993727391
0.0015605528818832604
2.1224793887841265e-05
0.0023253997387763354
0.00043231635690602348
0.0046715980697039977
-0.0011595894641288048
0.0095510435911525561
-0.0010614222971148466
0.00076281112376596933
0.0062256345757195136
0.00014946044346794045
-0.00041604858557654865
0.003679494120530005
0.0029727563890852189
0.0065792413724193475
0.0080718335224175403
0.0028171746312573736
0.0049878705655189565
0.0055098357346324029
0.00095473429257749071
-0.0016213439907791075
0.002276028944489836
-0.00025187795062647518
0.00082038949704882184
0.004378012936695882
0.0049989600503041343
0.0011289661912346597
0.00010647203296880822
0.0003001128342808091
0.0066255871460071088
0.00064275077581362437
0.0033635411492295045
-0.00060920746926833855
0.0055408438671449688
-0.0016369860295083359
0.0047242447048872257
0.32002878778393806
0
0
0
0
0
0
0
0
0
0
0
0
0
0
0
0
0
0
0
0
0
0
0
0
0
0
0
0
240
0.87234753157994516
0.26185931474492047
0.25804165673746687
0.047227701011661051
0.0082727584791409386
0.082166954944383586
0.02002042582039892
0.081500141648129326
0.091130359284219267
0.046085339463709254
-0.003234969361997477
0.041925585780211841
0.11745929899383183
0.083831803290239204
0.015411662017632744
-0.060761331424087808
0.0022640620475021835
0.014134901837591397
0.10015120105503436
0.04383820045758742
0.018124336796847714
0.049125235232484958
-0.0033108072644317133
0.036861528593272463
0.0046371361491126702
-0.0098121849803583482
0.027741662986268758
0.0068658938939277015
-0.016255541899740468
0.029972744678082943
0.053517103747268119
0.045867949506316882
0.017377566293417128
0.030205894051870436
0.025493009247799629
0.0030303396247828222
0.011753696639314181
0.0091286938462943855
-0.022872061318642861
-0.015068874070039023
-0.01220568777274713
0.016461385051713989
0.020405135714029445
0.01903501804069847
0.010042476788505963
0.010645974165922905
0.0073095682147634481
0.0075612478814484369
0.011129542591446993
0.017665783409528367
-0.011257623990692084
-0.012998864097767368
-0.0097190499015607727
0.011734341890077908
0.045731527740896692
-0.0060080309768210209
0.035608268706013912
0.017301450926763298
0.00097484551915402089
0.012542271311096228
0.0080233075469403285
-0.011928389133829939
0.014657352759921211
0.0097137566931827218
-0.016587909398461047
0.012157453755593831
0.0057267726494841477
0.014037054372453115
0.020277831588279498
-0.0022415163331261125
-0.015335859355917067
0.03580265193135812
-0.0014283990225064166
-0.0040545823083856678
0.0086604296697853998
0.0040386476271674068
0.015175934067579264
0.0091366561324307382
-0.0050448670232931684
0.0242206414849441
0.026613132779542897
0.0086766124562956647
-0.004027587385891632
-0.0163047350859481
-0.013688846089059386
-0.0063275259654980796
0.0057448386607242483
-0.0096680519310859379
-0.0096374418297539705
-0.0064093675910185839
0.011583599570318629
-0.0027973775348157444
-0.0012268080333458172
0.004824748955034726
0.011789112916870627
-0.0049480495847999554
-0.016423855054861186
0.00080863266024280107
-0.0085157115178163684
-0.0021171900989023873
0.010007637473892722
-0.0085015211064887949
-0.0032594553103958337
0.0041003279130651269
0.010915662228143936
0.002805577163257484
-0.0044617055023600371
-0.0012900943773067411
0.00058993520022292351
-0.0045727389531550833
-0.015206838607570973
-0.0012805828904634885
-0.0038128511414374619
-0.0079209587152369101
0.022421541168523261
-0.010064961324095425
-0.0024054392958196705
0.025489449715907348
-0.00040675178986801746
0.0031054882527219501
0.0045684135475582343
-0.0007831281873136364
0.0045457615346053519
0.0038635480691101131
-0.0053387002887036574
0.0087612896946238535
-0.001084884843594083
0.015154603231785673
0.0085274934372029498
6.3672656096258414e-05
0.0055620469297855022
0.0013869883587389906
-0.0022761629585113766
0.013629507936544756
0.00072503113415262662
0.0088040448952918498
-0.00069822447988098944
0.01985650421437021
0.014391292870667684
0.010204196011959892
-0.0051071367759284239
0.0068561572372556221
-0.0036301473218645682
0.0023510672097335188
0.007261204924393117
-0.0053548084830581629
-0.0054520025531789029
0.0022893040471926771
0.0025643154276186685
-0.0023231598506472566
0.013154917035417286
-0.0010745454813723399
0.01575761710761155
-0.0034183610104855811
-0.0042272931049452773
0.0064313516607252116
-0.0084202316831742986
0.0063797732494105478
-0.00064457724745497407
0.004976222614091432
-0.0024525186966114143
-0.0071296279612315817
0.0037180388387462269
0.01093691026455881
0.0083841517401240066
-0.0069058944159181793
0.0034404589014590606
0.0014062493096924005
0.00048321380375236764
0.0046206553148173601
0.0010686177874867518
-0.0027416327574836521
-0.0022194553280321916
-4.3461319650697516e-05
0.0043747496796427221
-0.0021181958195100005
0.0012892687314096794
0.0060337721167231144
0.0061195843467124235
0.0027477077548605762
-0.0020212946594873418
0.0054847958076908775
-0.0031311124670149065
-0.0037985794716804142
0.0014317727517369956
-6.6334821320094867e-05
-0.0033662068575521509
0.00032001904780205404
0.0012217902248751555
-0.00024986653259254961
0.0082454177273918947
0.0021058259664062796
-0.0007343101109822521
-0.00084562753710595276
-0.0038839776546475413
0.010851462937842792
0.00012484601459011101
-0.0043228860449183596
0.003403017789731547
0.0032263241660818735
-0.0028591543499655553
-0.0014256617580865108
-0.00018201535148448952
0.0023438566727264727
0.0074865894899177922
0.0034931391170841355
0.0034695171341657663
-0.0021920904797288671
-0.0029121391750437822
0.0002124198837454566
0.0035625390297326039
0.0056920193043327938
0.3266647514778826
0
0
0
0
0
0
0
0
0
0
0
0
0
0
0
0
0
0
0
0
0
0
0
0
0
0
0
240
0.80693877340230125
0.46294328618973185
0.16054837963776683
0.034424716014241498
0.10115752191490057
0.12110074531568138
-0.011674167607910336
0.056100485483337903
0.069996348774024914
0.0023780783886610895
0.031843380895438284
-0.065951777024449001
0.006333857767282681
-0.02612351038906496
0.0026311108736502245
-0.011653314708579554
0.061894662552405361
0.05208079918791101
0.019982370414927689
-0.0099507517351586292
-0.019008341117552778
0.055728825106756322
0.010564061429710715
0.012927625201630349
-0.037267026203666252
-0.006727780464731898
-0.017332447171096898
0.0053451989011718687
-0.052843650961603789
0.039002378753373597
0.029222167039721577
0.10092759603057973
0.0018401416843450921
0.0097401471755414991
0.016315143670685414
0.014941730929298881
-0.023288652327768083
-0.0033721237924723645
-0.021414301232349654
-0.020554614468179997
0.012285976036974906
0.019803029002500607
0.00028686065617968465
0.0012384915426452577
0.053093984879634938
0.030815907261811114
0.006791584819340858
-0.0092063111095307439
-0.00041180776802758227
0.0058991183033067071
0.021146820056270811
0.0010899454378499609
0.051314618340869998
0.030362676403541223
0.027069937997832218
0.011494464563179015
0.0047814755682329116
-0.010432306468989794
-0.0044392834841451108
-0.0087996216759001489
-0.01134435203498875
0.012414549132293224
-0.0089027886008111977
-0.007163352295556643
-0.0070410522539926428
-0.0012782361306186523
-0.012157270220422912
-0.020087976984483447
0.01400276309227869
0.024853779341984059
-0.0076837240654566022
-0.013528103483724024
0.010987570992672691
-0.0044096466985957304
0.013505896557074588
0.05066597816261173
-0.0081941366738691682
0.0023621929461567774
0.040234114253872251
0.021023979648515535
-0.014889771899724848
0.0062537385567991719
-0.0016614412710936667
-0.01509192304467229
0.039637169738581619
6.7342661801544196e-05
0.0016854544882495663
-0.00025386772864217222
-0.0083787318263138476
-0.0039039921639688639
-0.0018727830469359495
0.015041125868848693
0.0032271756115204017
0.0094369124391735365
-0.0015462735190511986
0.0042334178193043142
-0.0042940050279396558
-0.0026635332321651782
0.0041437349832675763
0.0085338849392933395
0.0038679278178808799
0.0073330418278729085
0.012352010507605213
0.0025340419001679557
0.0012031204775497541
0.0038964860735470072
0.0032673460206553563
0.0069693806742986931
0.0024681207840353239
0.011858858189430586
-0.010421801827070601
-0.00065019167696317003
0.0029879137916508447
0.0030690509695033502
-0.0091677251540325608
0.0072873568295948599
0.0047966825593523813
0.0083686543519897356
0.0061340743758763862
0.016930318412266779
0.01386668618640933
-0.0075918349662621931
0.015968108848517664
0.0074520560944176346
0.011216207663822312
-0.0028944314424614731
-0.0029597549067097717
0.017803865221399859
0.0037899352752059057
0.010068533725907255
0.022547879432347286
0.02250446175606597
0.0073788782747211158
0.0036803974737278458
0.012784797318193509
-0.0012191761376705926
-0.0072422957210572358
-0.0017903120500888008
0.017299462683084826
0.011724746593000839
-6.5645735029664683e-05
-0.00071219547896801238
0.0023226166330680056
0.01859586971469708
-0.0074556803082637645
-0.0035332246777099374
-0.00035169742679348043
-0.006661999799092465
0.014519932051281575
0.0035816510326866051
-0.0027572026340676884
-0.011754209675333747
0.0067222492988489122
-0.0012634709173376863
-0.0070915320563144412
0.0019404936813979692
0.0019797365529167542
-0.007694758573970114
-0.0044999547606773549
0.0084281131747024826
0.0093697196870151846
0.019567619931146328
0.0063502846145896659
0.0045001871644072596
0.0084570826522421694
-0.0033162403485160028
0.022711773136119304
0.0022202340331072788
0.0033239058120679726
0.013000158277903717
-0.0072294154285606283
-0.00065136988810575295
-0.00077430921063890274
0.002667948188950422
0.0040557882659104233
-0.0034420214069305457
-0.0014267568120633985
-0.0044274305252319495
-0.00057343812482906994
0.0075234599403069301
0.0029933000489138191
-0.0013184323676216139
0.0026281397622504366
-0.0010377426318696884
0.0019628767531758443
0.012694189757405815
-0.00052858128336177434
-0.002597201411956056
-0.0016319924230522426
0.00060615938158257152
-0.0034097534962763514
0.0031696255557661359
0.0078223214930771903
-0.0021138954783116864
-0.0024435150457626539
0.0091979403415753894
-0.0044125203427730301
-0.0026471026604565845
0.0026040655790698255
0.0027001142796552889
0.0018362211412307125
-0.0010510040951638891
-0.0012932820080414746
-0.0028586094840759493
-0.00096933530989533898
-0.0047753508383116183
0.003092615846414981
-0.0015166223461629239
-0.00023176763422968141
0.0015137293052906154
-0.0016562581309386482
-0.0014309035139658107
0.00024358518462301411
0.33465505634593573
0
0
0
0
0
0
0
0
0
0
0
0
0
0
0
0
0
0
0
0
0
0
0
0
0
0
240
0.83494336335048192
0.44443913602026758
0.17866363461225659
0.067821706907321186
0.071308739788690234
0.065190876202641357
-0.05574610867253714
0.07151052128725352
0.1259853029021625
-0.028426895605265637
0.038196188674829018
-0.01782433386412105
0.019971792775191101
0.052830254005815598
0.012554423874679574
0.021825062342856413
0.032948309814302253
0.0065738505341457901
0.05070122576250536
0.046707531527626051
0.011417608083557429
0.013700284090584857
0.00080590166410086212
0.035017492639990169
0.010831120561766326
0.0035259421547409256
-0.020153881913807251
-0.0089226344516518327
0.014618842796647503
0.05013699346824483
0.023616255931722979
0.022976631463091968
0.022309253315316281
0.011760220758614775
0.00045081109983878423
0.016650516177105043
-0.0041181560816602415
0.025787835405495556
0.0072927859559287741
-0.010990600421078436
0.0012433789728194227
0.0068667981673008922
-0.010733751372125063
0.021985959249644312
0.034444702973315845
0.011882884747810197
0.0056439530407264684
0.01938812754191439
-0.001650695239891373
0.009478505179726749
0.02963973017944806
0.009191982333774237
0.022769719021539247
-0.0062244585870341561
0.010228826452979947
0.0089121958963494577
0.0089751670041983821
-0.00055803953456336024
-0.0020063126908696277
-0.0035709244572251614
-0.0033228580232751155
-0.0010358574124934665
0.0069088409306752932
-0.0062298903682704698
0.0041959593296185572
-0.0052820322721006951
-0.0055749312545686934
-0.00504949117970813
0.0056471487833620613
-0.0058198488514046645
-0.0023955920118267117
-0.00012080730227073208
0.0019457926657011598
-0.0086892467260087751
0.0045331364330603403
0.024889956596335673
-0.0059949090454348404
0.0011473860508262252
0.028060712400895714
0.001835236344620248
-0.0009801750823274823
0.017675129821534626
0.000633104959102518
0.0059068725159812305
0.0032896416800753674
0.011030058301466791
-0.003012443057933808
0.006261683635187607
-0.0031440940450484138
0.009135254963287447
0.0051406388589359574
-0.0027389667191701382
0.00015306626738726282
0.0071255105546081127
0.0014579817590205965
-0.0004176315480794332
-0.0036715391927649049
-0.00087052636959602766
0.0067403313582209733
0.00044755217693817016
0.005178084194563063
0.0027758422659392126
-0.00085720644173809272
-0.0011924866195515919
0.011535479227198654
0.0079925164723152527
0.0064139733213926789
0.014924392283346362
0.013272486780527275
0.010529408205843298
-0.0020462720097443004
0.0091274543856398726
0.010640542101405415
-0.0019484949793059628
0.0027305901893448468
0.01184808543153926
0.0040271397848218463
-0.0049276460820154543
0.00098925035355154709
0.0081969205267231893
0.010540433208882739
-0.0014083810955344809
0.0052545376973929334
0.014390593557913344
0.0050047621898080064
-0.0012293472185503273
-0.0015156335317444091
0.0021687940450276196
-0.0019639696550545842
0.0024513010038597636
0.013802005077324318
0.0053137493551452687
0.0026195327885726459
0.0057007423513717754
0.012116181169758765
-0.0016856193287850005
-0.0038004580425506215
0.0016996102595176002
0.0091208032515348054
0.015367864839822627
-0.0033746437016655222
-0.0022767117224504461
0.00047739335089172578
0.0014695473444289436
-0.0024904704365967768
-0.00017258448201791526
-0.00563029778779486
0.00048335116504568385
0.0023253575349564235
0.0040819582954075033
-0.002630735002871319
-0.0035047323942724203
-0.0031515016269807634
0.0004877776140125357
-0.0042123922507506413
0.013070330464021406
-0.0020537536003551091
0.0031839542334590274
0.0021536681265213391
0.001518824787315331
0.0031424169118974008
0.005434487015662284
0.0019530273379089978
0.00091868097677038219
-0.00022923876667495775
-0.0019553666435740669
0.0008630345563987612
0.0018122656078324957
0.010069681347803588
0.00020502000443467755
0.0015755761712867525
0.0032155517329221553
-0.0015965846943210508
0.003859271631239817
0.0033556325391699703
-0.0026419153216788774
-0.00099412863526605281
-0.0019767364087917281
-0.0022344436597477933
0.010046322206920187
-0.0011834569917652808
0.00013333559859429988
-0.00085836227408372056
-0.00070334755708913383
0.005489307132514408
0.0088614892892419084
0.004439762941617016
0.0028893913390643467
-0.0032087002665431232
-0.00098591171260683434
0.0010315177143070888
0.004883499325600317
0.009118330936986491
0.0030095921280527322
0.0001922126531203124
0.00050776863156864452
-0.0003396220578627333
-0.002041023073687464
0.0092887550233840509
0.0067912120994669169
0.0024190688282732754
-0.0016806309459194905
0.0023336105816141365
0.0011672908819921012
-0.00061561423344919086
0.0011274681607928998
0.0068389265995371573
0.000419942603478753
-0.0029893096908399897
-0.0017305769454456445
0.00031136932288470653
0.002048260797080214
0.001453354929944355
0.0091894882113687116
0.32390046724739069
0
0
0
0
0
0
0
0
0
0
0
0
0
0
0
0
0
0
0
0
0
0
0
0
0
240
0.87462366396929814
0.30525510411275508
0.17900203376927756
-0.017515245979415922
0.111785943737285
-0.045556066988723984
-0.0083415504186434095
0.053740604296335467
0.13118974879386497
0.054139152276084221
0.09645989047024929
0.023990888786101072
0.13425603943163722
0.048925205186247829
0.029854391304081601
0.030853889952595592
0.047343509959809765
-0.025141518020539034
0.057816520475872199
-0.010763257459721801
0.049263508029190863
-0.015619320350929743
-0.021350694225256605
-0.0050920199952670889
0.064295702426279217
-0.0016326932215745193
0.03997773854069183
0.027206677331389987
0.0083326401951754857
-0.029232091986453702
-0.003306430442274503
-0.0082238545895414617
-0.00088715454030271481
0.030737660529995815
-0.0040264342560978605
-0.0024348045075507836
0.025038498662429482
-0.0053059581723185539
0.0056806660673661994
0.018273561329895358
-0.0022656004841245807
-0.016831696573510538
0.0052517345489479636
-0.0033285136899157595
0.0054994699412425282
0.0072833236666781705
0.019353760479677962
0.022894408006959559
0.012388841644639178
-0.0085160183268570607
0.01410011990942397
-0.00025381110545639768
0.007921862663653096
0.024495627981977127
0.014315417694865279
0.0081379611779279805
0.0089099964181178007
0.021565327752507042
-0.014058510697393937
0.0069781132130574677
-0.0011099342277006137
0.0089262945584247782
-0.0055725408365948437
0.010105776132182918
-0.003033307504723701
0.017518257577736941
-0.0045678002262435667
-0.001076031777038064
0.0092164005379285815
0.0091108658382625975
0.006782529896460587
-0.001683195250491439
0.015311246669901375
0.012831332564093179
-0.0049527316390709604
-0.014322541563193739
-0.002803621156520485
-0.0092195027043728821
-0.0058718008713561087
0.0083580592625782223
0.013815405439347032
-0.0094267113629139879
0.0081360098414316288
0.020731157433022718
0.01353257615415124
-0.00072336184420985952
0.031236907975660824
0.0019577647382677918
0.0046565313050443294
0.003463718428002016
-0.0040628977255978598
0.015078531394923399
0.013241503907946773
-0.0015355463817769452
-0.001854696217294753
-0.00084803845404824167
0.0025419557498544509
0.0024329326841520935
-0.0017936421506491152
-0.0097071844366969501
0.0018628317563920329
0.016669658687054063
0.0084392434104292348
-0.0019348625145061964
-0.0088439221037922566
0.00048360394303395126
0.0021331226261514669
-0.00078308437162758968
0.012472212681659361
-0.0043519592883602002
0.0068180005318877815
-0.0060075162504983149
-0.0072284690180192913
0.00093800859540374708
0.0006111052942020847
-0.0082236901992042179
0.021269061689865164
0.012762919543707325
-0.0087577940951254468
-0.002341825691148095
0.014392382823985217
0.0045818371123779438
0.0092493727181772196
-0.0035292733426184244
0.008609317326449123
0.011329471434517792
0.0023339844436419148
-0.0024222174750094601
-0.00040551852720243834
-0.00062753537237085044
-0.0027729917887319103
0.00025265847468394965
-0.0030216526483095602
0.010464170195541276
-0.0050408995384134707
-0.0021530610142016494
0.0031259469038137878
-3.339325434601338e-06
0.0058482358899252388
-0.0079719627548341197
-0.0010723800493322761
0.018049054741774324
-0.0029620842493052984
-0.0028294929850481254
0.015399519051465653
-0.0028807993391695842
0.0052684933757020432
0.0075232115381352839
-0.00046375016802415592
0.0058626165648890203
0.005111925999386987
0.024266329115622706
0.0029753421247057884
-0.0064995053991983801
0.01790466777802675
-0.0054586329823504663
-0.0012185799151016986
0.006445314416487242
0.0060151824155065953
0.007081962295046729
-0.00046600762414901622
-0.0052884397011188
0.0033170341059907522
-0.0031689005770365298
-0.0017545545324179467
0.00058825138519566012
0.0077023316855111129
-0.0029408211180456706
-0.0019718424523058227
0.0051661891228497068
-0.0057841704880741383
-0.0058623379887949023
-0.0022906907987192155
0.00056294077421461337
-0.0019259579280196679
0.0055931868575738721
6.8679430742243385e-05
0.003445992639281862
0.0027570453307132394
-0.0074856326840116866
0.0038089665521016045
0.004205581398379522
-0.0035008437479324417
0.001776660021050391
0.00081849821521376605
-0.0038848129812076942
0.0098463103832727786
0.0053010202682929079
0.0049764682042039059
-0.00059000352830939631
-0.00058619755544324565
0.0060280542823447116
-0.0003417042727157073
0.0041068821767977978
0.0083573392818828817
0.0081249868425705921
-0.0015088422132705866
0.0044927447903573012
-0.0026778607760215723
-0.00091810661850773908
-0.0040440464903110712
-0.0011579298748414242
0.0068158393148198522
-0.0034728555299132434
0.0033433399068059492
0.0092822297128569431
0.0041217544663901514
-0.0038761367097662897
-0.0027637335903012879
-0.00054700824166709972
-0.0054955647486198056
-0.00035220225608242076
-0.00071268430999857943
-0.004205973830304883
-0.0038037601744158765
0.32857195889593049
0
0
0
0
0
0
0
0
0
0
0
0
0
0
0
0
0
0
0
0
0
0
0
0
240
0.90593677140002993
0.27035576575182452
0.12514319951622516
0.13128629674139469
0.10708761593658839
0.093937339022466315
0.035968242919036476
0.044655777684890874
-0.021208819544355093
-0.0037240447924114278
0.036757803156505946
0.0082303668055524401
0.011098902933521325
0.012233320983631035
-0.021149982311597076
-0.0019376978762044442
0.0064412790034472367
0.032744941013008601
0.053265962325173874
-0.0080521996508983243
0.085698082827932426
0.052921033236324751
0.0080542930143836042
0.0087391292784693587
-0.019207801865672284
0.057759608741347057
0.041705618538975024
0.025661243267889614
-0.014861032262198736
0.011681248011768975
0.018865731020776912
0.012760634618426371
0.0089120216499050334
0.021426532110830655
0.024304536240323131
0.076659166238973273
-0.0064688823301173124
0.0083499163127148199
-0.0024325107899659912
0.034548169715327447
0.00010669167705229488
0.0035583445619426436
0.0077056856103758604
0.010253759694939323
0.0099972218257625613
0.016814751153058694
0.033421087897644766
0.0066184016746390264
-0.0031057779706331616
0.00082473393496455697
0.0062442368255588264
0.010431065490469297
0.018708306468965794
0.020154929800175966
-0.024889347866335516
0.030468426612426561
-0.0055232281800723761
-0.0059296539064477077
-0.0064807087526698708
0.01041235506676666
-0.0036896464017433933
0.02348983119639687
-0.013980601650338624
-0.0040314705289296471
0.0073646006843616878
0.0002369363205465271
0.021494504522525274
0.0092010778167543033
0.0068560643682872031
0.02552372970456597
0.019207169480144448
-0.0075532619648153998
0.021898376866816279
0.022433555020784434
0.01733548453335667
0.0065669603142297075
-0.0074807799473076038
0.001099787680865187
0.005792417745354125
0.0054282701127528737
-0.010281824345202053
-0.0016872766944573811
-0.00019582219921680333
-0.0010384568031318261
0.0026409238753908625
-0.00046049865554683155
0.0014048377446260112
0.00076494046509076091
0.0012013344378781418
0.011137624276738705
-0.0007773473293275616
0.0011170587204800818
0.019632070529910589
0.011307786485870922
-0.0021068335708766426
0.013222224294333141
0.018447344197059682
0.0014655088791332021
-0.0032374256773625007
0.00032939379686461356
0.00072749876797152679
0.0032635630249134438
0.0041961627406724832
0.0035616650007633662
0.0015906989550745173
-0.006338079842769179
0.00088182970526672782
0.0032524884563741902
-0.0064504838111074094
0.0017576339280465064
0.0048350786497566899
0.003470475541175951
0.004740156507764358
-0.0030717836601391489
-0.0042643576141411831
0.0087617755471805624
0.0020551130322590721
-0.00067265823115878213
-0.0030220207752921797
0.0090944690083383777
0.00068490124814405578
0.0044822244484357052
-0.0051105422727032897
0.0028133236772131427
-0.0021285265162143676
-0.0043086057795234702
0.0021779166381708606
0.01103832212926476
0.003865853011737838
0.0063200965663711538
-0.0033673573371089979
-0.0021793411242650258
0.0058480875971719604
-0.0026860835029539716
0.0047785732155193762
0.0012838050309668318
0.015221300238619886
-0.0011276952215337214
-0.0075599296419519395
-0.00057213971855015811
0.0032091909939633984
0.0040593651815093038
0.001152303266818861
-0.0038788727808914091
0.0045036172074617029
0.004661383112574231
0.0049765188824244019
0.00092823548482910982
0.0042624092300221099
-0.0010445993305492369
0.0019902815683154394
-0.00052061940981929921
0.0083226949142164372
-0.000807748722855944
0.0039164205329340731
0.0051734673217399734
0.003803268054112398
0.0017686630415674313
-0.0010106258814973985
0.0096990655211157944
-0.00087501783177317102
0.007400314621957697
0.00031286784257368388
0.0026288401401018081
0.0055024833062413481
0.0031888028398725848
-0.0073264358984202515
0.008778028934770081
0.0020055559877200334
0.0024646626934712772
0.0090349419943661375
0.0067156807666730288
0.0071122581722970245
-0.0019356065101071101
0.0093199622303691797
0.0074923799631437483
-0.0015088145464841989
-0.00025388484042168137
-0.0012950467928922165
0.0083147929683357168
0.0015945259774459929
0.0044694403188154635
0.00041967193833697305
0.008901727376612446
0.0075932180793943597
0.0046510623466939948
-0.001284675347892811
-0.0055033526026687764
-0.0068682461008848722
0.0080572698685333517
-0.0025403932811708992
0.0013626826090009417
0.0014613777644492726
0.0055854334004655721
-0.0010171837853056064
-0.0051131007097576517
-0.00089892950949388341
0.0048361360886200709
3.6535543506990968e-05
0.00043530695744749146
0.0024299718221998099
-0.0020205173956284652
-0.00030061564050397593
8.5513222724415875e-05
0.007387070111259113
-0.0028208201860420411
-0.0036474315914623067
0.004233667332109059
0.010138626476985688
0.0036153065911128661
0.0087441732189701034
0.0032085614366122459
0.00020773967210420082
0.0012365016063126749
-0.00053723160002430443
-0.0021169875189173959
0.32419599069663019
0
0
0
0
0
0
0
0
0
0
0
0
0
0
0
0
0
0
0
0
0
0
0
240
0.86590465495756197
0.34014034596486509
0.21265243350833252
0.086161267684186568
0.041119020025179732
0.071022847884035248
-0.048786832776121315
0.092254955771933003
0.13396362996971559
-0.016857460854706654
0.027201793188751124
0.011068215946839913
0.059986508678317361
0.089465131395844624
0.027037240318109633
-0.011555944998647004
0.0086679669177569287
0.0081110795610594821
0.078575041905791898
0.061127952733026479
0.020019666560269839
0.031087683531144442
0.006750213765789749
0.052274597577828721
0.015362961793442787
0.0087851050677865052
-0.0036849266322162835
0.0053054714001964228
0.016258237459801539
0.032633393921854395
0.032691982863489975
0.012061886282952579
0.019127304892787449
0.022700611291615335
0.009791837768859564
0.024767832077486198
0.010750180880378456
0.023528983324175499
0.012006217045644849
-0.0080587861366717625
-0.0033528270583180969
0.009764936320845595
-0.0048547717363083701
0.036956964297955662
0.029527384841826675
0.0062735913659155108
0.0047477175186945893
0.030486725405351748
0.0018549784175512412
0.0094124161876667917
0.018560785570271583
0.013987920021716714
0.011973217201955757
-0.0052850817577137976
0.01348341971597351
0.0059304838600527749
0.018877197686578719
0.0045498748518552094
0.00094697664023838475
0.0061001428245201104
-0.0016778744645321822
-0.0032556812117760488
0.0076541716558972111
0.00015096060262121828
-0.00022897955061539841
-0.0015161200247365125
0.002795820965730716
-0.00010177114706062483
0.007188017030360881
-0.0072130670961358459
-0.0013068534881787832
0.011343746623307576
-0.0032783823121280246
-0.011600446823706851
0.005313703357227386
0.014108481195428693
-0.0031759857305643292
0.0042084322311934921
0.013531258009775289
0.0067664002783801276
0.0058121590025216868
0.018486699787008145
-4.7720818972548907e-05
0.0044914371057743372
-0.011328914877429541
0.0054579922691249689
-0.0041167917450919116
0.0058170382917574551
-0.0034269766652142344
0.012054566837793695
0.01071042652197573
-0.0069883379320281498
0.0015299786850566683
0.0056142581150690051
0.012445666371443532
-0.0013612427806015323
-0.0035133925405528995
0.00089093586324637199
0.0070682035388529773
-0.0024190332194997458
0.0051135980219242858
0.0016771948814291908
-0.0040513872355421648
0.00031643399310091728
0.014218018358590255
0.0053129489259111989
-0.00069935453203306421
0.013081644189812947
0.0085955948332170178
0.011286296374799883
-0.0054938182987266443
0.0095272162016116352
0.0073880295323810116
-0.004909389957393563
0.013548787525112752
0.0043046024227085663
0.0011439776683249629
-0.001020507156801144
0.0002920840961639014
0.004682930085574963
0.0064364519363436529
-0.0009102613884618742
0.0038192373641045391
0.013506581714918949
0.0023582765136079438
0.0016291952682921131
-0.0023670218785433058
0.0041610866871559272
0.00034701364653258845
0.0018399446142354019
0.011532480974079573
0.0014802221572070642
0.0007453287587325673
0.0069362077259121019
0.0085205691396170475
-0.00048075736757588038
-0.00048309286307291984
0.0062422882060673805
0.0043366481881627998
0.014346355443610482
-0.00027079686533364167
2.7227296037960231e-06
-0.0007330378410362764
-0.00056012326677334218
0.0055191054476934447
0.00025802719439533981
-0.0059703533529945783
4.7574537306708229e-05
0.002457208713325788
0.00073624330745915626
0.0013743999508555602
-0.0021348015754421501
-1.9626934132735311e-05
-0.0012767827745461405
-0.0032921749451569698
0.011504658663158987
-0.0041077099473083682
0.0041620682308362933
-0.00034318468089419233
0.0032984875387976082
0.0010089407087894501
-0.00094310681056449723
0.0022717591687192928
0.0040678790173686082
0.00041687272972761974
-0.0022128259173417862
-0.0027859021229703009
0.0031500652281027356
0.0083364122879924368
-0.00060032961977705762
0.0035291528903382339
0.0022015631956679542
-0.00093771406649350664
0.0055965604851230116
0.0043989107207128408
-0.0014907020170951987
-7.1445800299442972e-05
0.00012757250862061343
-0.00062304607222763277
0.0061337424767499401
-0.00048210932595915565
0.0028925279723974505
-0.0018138063105502496
-0.00023416943620107553
0.004382066821303131
0.0033612090007361516
0.0050889033062304955
0.0022614645183484999
-0.00080774523791889347
-0.00050866993400203631
0.0034462160940996862
0.003966294484754918
0.0071148178294693186
0.0026783377958708183
-0.0018817053144040564
0.00089601798912614897
0.0013180402189886668
-0.0031113235482092393
0.0090395253249975025
0.007747530621480485
0.0021176464938963287
-0.0014237838500125207
0.0022580361541520294
0.0017063163751115883
0.0023422093094111907
0.0032070392383435099
0.0072327998949239082
0.0011750549921983697
-0.0018497422006518893
-0.00082980228979937518
0.0012372133257275344
0.0043815732591773486
0.0062768270645381574
0.0023492923750858177
0.0096611412280178544
-0.0028299776351728826
0.00076920089353791493
0.32133439244420786
0
0
0
0
0
0
0
0
0
0
0
0
0
0
0
0
0
0
0
0
0
0
240
0.8505371899861609
0.36929111497159578
0.24813827817294626
0.094343341192070496
0.0044893619450674556
0.042165497140241835
0.041113877969958426
0.093086549077597364
0.011388403869440209
0.07989516518019632
0.018162249481000894
-0.018948069841720108
0.044878347280052557
-0.043556161659523369
0.020794368892851429
0.032073635491456157
0.10302000564344641
-0.016237927755813779
0.013011336128930984
0.023482614208183532
0.016127866654383927
-0.00017488022705682943
-0.032490922435322603
-0.0024952183021105055
0.01072181769787278
-0.0034206590738544997
0.025939314779380523
-0.021058058639235981
-0.0029535981504462462
0.011609027256089657
0.015592718083614213
0.044142949744144275
0.020446977858551631
0.015978964607253402
-0.0019863294512161146
-0.042777084359040221
-0.016201034341640157
0.024721705111306828
-0.011245447097355442
0.002629440460211453
-4.5357046665198703e-05
0.0037650616361665423
-0.0032329967229971766
-0.020422380614279461
-0.0015037670753937991
0.028340015342660702
-0.0028857637017859782
-0.0073690023840212475
0.0053951823268209576
0.008040471080308368
0.0010206673434787334
-0.027041865679267127
0.0024159323585926738
0.0015316847861941876
0.0036001085578784959
-0.013124318407689173
0.017088674423203561
0.019257509263774963
-0.019071457504702179
0.0049490020107895282
0.011768785524029544
-0.010977204447242879
0.028455707253093189
-0.0060781056808164461
0.0010384354540896
0.0095981582562296355
-0.0065880850045294493
0.014761898038961841
0.022459286195164414
-0.005095881328287602
-0.014516657869211433
0.021862667551355953
0.033750644094344862
0.0074899375162171171
0.0029369978480760623
0.0057211734369040108
-0.0021851712440636431
-0.0069698141933546226
0.0010298019777298692
0.0092224170991574324
0.013383978053006118
0.0080977957841886893
0.0048718088680540783
-0.0044125945339898113
0.0047863275530929646
-0.0052041672127421312
0.013256776215330819
-0.0041417283588581644
0.0035547830871723546
-0.0082280141846543513
-0.011953487161242976
0.013698944796257962
0.0052714085900677195
0.007656808528833459
-0.0087745726873292903
-0.0054215935766897738
-0.014568271162461809
-0.0025385435136522417
-0.0072751791309810946
0.00060521354591702476
0.023814301410451422
-0.0074464365872975464
-0.0031956781207539671
0.0062618105310634688
0.0044457003805760727
0.029044647323238922
0.0060601130866769354
0.0068647523463611212
0.021629025870116666
-0.014673403613239148
0.0091584526653335045
-0.0017552662600648053
0.0072580739056447054
0.005254201967340737
-0.00017326123384673513
0.0032851047017333928
0.019613164488183947
0.00412254931878133
-0.0056962030576726223
0.0071305176561842565
0.0080812805127242621
0.0071384370199437048
0.0019541696931925454
-0.008050709003762764
0.0009480868320808928
0.0047796100064983098
-0.0024707109901513273
0.0075418241358370932
-0.0039169204011699705
0.0016174199497276868
0.0029920982327647605
0.0016082542175171136
0.0069038942806591225
-0.0039285337309057132
-0.012829562325829791
-0.003762061922794041
-0.0074918873568810655
0.013355219221768869
0.0078776868480337631
0.0022764642805496562
-0.01215214699587288
0.014574727156548386
-0.0013245429344687326
0.014364571080548923
-0.007797152170826307
-0.0041295662571480783
-0.0019707516834493906
0.0094788666519703465
-0.011864064012794153
-0.0027345836223679485
-0.0009137749852263918
0.0036282893133447645
0.0063214334413430389
0.0047731423768218725
0.0024434905450193166
0.0022830441214784299
0.0017226434102378346
0.0071120545439001094
0.010406802916994749
0.00075566004719888381
0.00064273393778669806
0.0089260102603579954
0.0027316863243703302
-0.001532032190206483
0.009321555798100083
0.0062203037754980485
0.0070434386768929913
0.00031292018368900536
-0.0020420465469453068
0.012935053413013218
-0.0029658961612006383
-0.0048712669521246595
-0.0047716202325125013
-0.0076952370811425178
0.0010515039841369625
-0.0013361801747291129
-0.0024230116082331055
0.0040992992568833365
-0.0043845798779250491
0.003566951197300868
-0.0042712433382460337
0.0047811654467772588
-0.0026601779135198918
-0.0040186017816894182
0.0081621236768639176
-0.0013744152222220718
-0.0063006847067578076
0.010569173377510009
-0.0024475652709486117
0.0019977122261864376
0.011252750727687106
0.0053388368313583871
0.0012736425213603162
0.0065879226481212064
0.0057774362406134306
-0.0021301426168284614
0.00054113559607231086
0.00047727307185637302
-0.0008861777497467903
0.0022394956504755525
0.00030356134698551241
-0.0011795313775927558
-0.0010740556938361415
-0.002122688335844323
0.0041027003800275883
0.0001095413569097153
0.0056069434318829726
-0.0040821072492114412
-0.0063192623450704973
-0.0035873919240848487
0.0046689555389227031
0.0044989479416108567
0.0044642538971595598
0.0022788149486674711
0.0035078764242004201
0.0046030360412815871
-0.0012223570587219556
0.00073919345333620882
0.33140950025605281
0
0
0
0
0
0
0
0
0
0
0
0
0
0
0
0
0
0
0
0
0
240
0.82291931775120386
0.41335727695804986
0.23351467101469203
0.059150464643132561
0.086546452434059687
0.018101718560883641
-0.064741829017830335
0.12496839386917012
0.08198205075498817
-0.010691870473499137
0.026405750935419331
0.00013619261374643501
0.11084081790796441
0.096979598241288628
0.012725437205262636
0.010934803801736243
0.047071861651169611
-0.025596996338952065
0.082789600886012268
0.033939201680472791
0.023899457096905861
0.0056672869560951888
-0.0076484784264859293
0.02843097531620872
0.044142940651665269
0.015354699073767889
0.001801348871484169
0.0032676736343840223
0.01252651778863312
0.01253601423957827
0.018342164440093987
0.0039099029437549629
0.0075408406435345677
0.020670272641850878
0.0016913604616967289
0.021557572225090655
0.00110611077797773
0.031951482941827272
0.010837319492350464
0.019525503267773931
-0.01365838566077629
2.7410906336168764e-05
-0.0082585443073352419
0.02438722534748769
0.020231337377701379
0.0095118892239669326
0.010221144006052884
0.047622847435407491
-0.012641845246512793
0.0041735894682163903
0.04577677579203631
0.0090818532880673278
0.021079687715819671
-0.0080528010016037588
0.0051797461848750491
0.0088620923160301953
0.025674676148790952
0.011684758788109572
-0.011361686460383602
0.0068610431406504113
-0.0020038081366794453
-0.0074468987045586193
0.010342163164377038
-0.0085594025743400536
0.0036759017318296399
-0.0063728955182958073
0.010037047783468919
-0.0003388408433661152
0.012844798386965211
-0.010311065587678171
-0.00041961540818950328
0.012851632937477812
0.0060831289393164008
0.0055868323880965036
-0.0014605827645695064
0.012556003993161216
-0.0029283310149456261
-0.00068955802354001114
0.010087884990439394
-0.00047236028492364177
0.014314009896712974
0.016293280660606296
-0.0017292990861960953
0.018654139350842539
0.0033571962366237798
0.001651189786855837
0.014176771798435963
0.014628925415760233
0.00092898100772477357
0.016117458272835453
-0.00036724642020853951
0.0014628219190250462
-0.0029511672019233038
0.0095561093604296359
0.0040201984055299672
-0.0056310973688917017
0.0048477191530964031
-0.00070198941340263621
0.003772104880241049
-0.0025791885454046521
0.0062583546079161478
-0.0055607980574953805
-0.0021674659005296395
-0.0019365408627092661
0.018558837478712363
0.010027925499284149
-0.0020040848276814895
0.01207107818850571
0.016757267720555972
-0.0052803410289529989
0.014761985769644511
0.00091246116683235852
0.0021298734817336287
-0.0030423870027481976
0.0019745146434449455
0.0031982699935430552
0.007377767277370312
-0.010704992787128992
-0.0015272110630868364
0.0014636453962477165
0.00091576472674781471
-6.3435900417807404e-05
-0.00030024540537032572
0.0023787140592760338
-0.0027336333628388528
-0.0033003553586676
-0.0020907489376421856
0.0013808107431033949
-0.0016177665915007159
-0.0020582752137279876
0.0052956475399630384
-0.0058559739229159351
-0.0009024168737918831
0.01015313806771378
0.0076788182880722219
-0.0014345009408967945
-0.0013939950727247152
0.001491446352926795
0.0042170394929415015
0.0041042271035918549
-0.0026187989013201161
0.0039976341148562
-0.0021913444999279007
-0.00083713501731006465
0.0022893795717468333
0.0043098543306514785
-0.0039734050531348881
0.0009184696680439859
0.0064449767035543405
-0.0010833541246275022
0.0011980959359323264
0.0044295752014142922
-0.0063019756579401525
0.0011828279587977777
0.0072553152296929999
0.0071017586877057341
0.0011431946033505325
0.014111841124666449
0.0077887818595216993
-0.0011790236719157027
0.021242977554144456
0.0050130643102187494
-0.0010550150485302385
-0.0030626910090937281
-0.0023990585825159195
-0.00019292235787801349
-0.0022684170519438915
-0.00041394371805057235
0.010888744028662934
0.001879532655057421
0.016859953516507376
0.00035042780425071973
-0.0012345848454661133
0.0012435012718556909
0.0069500163733463146
-0.0011694184706822139
-0.002272906905997817
0.0015009651063439453
-0.0027669697381011329
0.00098819749676341785
-0.0015878921387745897
-0.00092336477488165079
-0.0019746863258602379
-0.0010354167036554199
0.0031172359643758876
0.0013985535384168862
0.0001557314932178984
0.0021738797986324766
-0.0028157378579864358
-0.0019541307788171901
0.0027450353321417263
0.0051849065519978107
0.0012072719857384388
0.0036341579413900829
-0.0022772680475456621
-0.0050458687093785821
0.0040880575516023662
-0.0011440510873228064
0.012310064885912859
0.0060789855547067938
-0.00022943612747091456
-0.00056236451631473845
0.0023399983203825597
-0.00080294866567331611
4.8659586510883889e-05
0.0033916563288913927
0.0058075517256172349
0.0019613494490769981
-0.0028738826454078235
-0.00051089885490551419
0.0022033677693301026
0.0018374844289146279
0.002431476920166431
-0.0012672697581383517
0.0086719356864396521
0.00081499212076387932
0.00015694316753756872
0.0069009122363885176
0.005872447926378286
0.32369343666765044
0
0
0
0
0
0
0
0
0
0
0
0
0
0
0
0
0
0
0
0
240
0.90366244062428269
0.29135349918218834
0.13538818216813969
0.05666241191831544
0.10434853307987554
0.080249807095471651
0.10259231574518833
0.039728539364290244
0.048470460009390356
0.085591307719095164
0.047654471581644813
-0.023401590268371224
0.022795338310980635
-0.039582009279615617
0.025112902536290112
0.037503245456648272
0.036462739306299466
0.054901271973963287
-0.027281994127547889
-0.025620345194703794
-0.0076058126556428837
0.014216420103368424
0.0068535902505152931
-0.017772837319552391
-0.0098489381952014243
-0.0083575772417889549
-0.00018282584004733168
0.013864222963433081
-0.013339801287856895
0.0037175232477537202
0.0057590879427157357
0.053165390330627206
0.00087771390045265115
-0.00076361692463408843
0.00072208926940147463
-0.01200134670640946
-0.011720735237603539
-0.0037254054022465362
-0.0093251554414151543
0.01314041556916198
0.025335322731565146
0.0038075707731717941
0.017553615539440317
-0.023299227053452994
0.0080609886741586055
0.020751142987374259
-0.00035823849507605706
-0.023907000217131782
0.01974655445672896
0.025018326794334494
-0.0095916362989484846
-0.0025687027277031213
0.013575696327133211
0.039173724309925391
0.011179743766166301
-0.0024017343091681121
-0.0054226977604102588
0.011489466143001706
-0.010955599826087382
-0.0084229562215831135
0.0079757392426495818
0.022234616726072371
0.012763899731836198
-0.0017867649447128385
0.0075899726227483871
0.016128435352084212
-0.014226632259605783
-0.009419099054529121
0.0075401183607748112
0.031230721166433155
0.0020906334704186825
-0.0079808853517508369
0.019856417246720149
0.0011014614293970812
0.0051542627239191266
0.012271536708714934
-0.0039176989052737013
0.0050959923476869076
0.007487876240652668
0.0089149111717715945
-0.00093413982183004418
-0.0029776627552297037
0.0097701834209781707
-0.0048141914300518073
0.0091164426978491576
0.0048413065632854253
-0.00017350480986086432
0.0023641600007651741
-6.4704151351193211e-05
-0.0091529728737522065
-0.0036651724687862654
0.025072325184784965
0.0071011569256846088
0.0028521273354080081
-0.0081418403830761342
0.01342738238725409
-6.6794139137460138e-07
0.0021353519681137105
0.001798930907642471
0.013450539131460078
0.0055918499252686441
0.0094582070998028428
0.014508403276501779
0.00072797195675560107
-0.0058166880698171082
0.0057014854523296079
0.015508104632753253
0.0014494898098545684
0.0016893123392678912
0.001580809761837744
0.0049640409359207214
-0.0055454730588926993
0.0012601701941092403
0.011663660412045416
-0.0083835047910430279
0.0015680485570718555
0.008195034903559965
0.015288837710117645
0.0024171087508594686
0.0076091939125301983
0.0066654980312867177
0.0075455425910887783
0.013519387471670785
-0.0041755201136565029
0.014269562549920527
0.0055685707988242647
0.0022402151709048908
0.0084210554626123826
0.0043356908580374819
0.015986686162187277
0.0046300068352739055
0.018626469918453445
0.017371461763693061
-0.0061749260791970455
-0.007164202450838977
0.00055295070080884625
-0.0019657848624299902
0.00092314815463423363
0.00067998609843871567
0.00066877922953887498
-0.0063176496020689405
0.0047998026142969941
0.0050576546527313741
0.009955951243444127
-0.0046593014911817318
-0.0019337235425224786
0.0039062580198363853
0.0084468486524287185
-0.0050256847938185949
0.0055823641574005364
0.001246501924331977
0.0021963880496932695
0.0069481442316927447
0.0042143724914772635
0.0033410921453634413
-0.0020197583547057699
0.0067929950928741264
-0.0043717111935521035
0.0058497721453136175
0.0045505529590063
-0.0033128041480288547
0.0069847708674916093
0.011481844458162735
-0.0001664664917707168
0.0079638109437558356
-0.00070176204873008277
0.015869710789007029
0.00045302482210058087
-0.0032315421137864685
0.0077458637155427721
-0.0078253199479979101
-0.00022264736566537059
-0.00059177526538471573
-0.00096990428035686452
-0.00086573870776541259
0.0023376917721694896
-0.00088929985011035502
0.00037281393175754546
0.00059477760548823063
0.0023141824910094919
0.0040553339210405463
0.0012011248374519032
0.0028519779352446689
0.0025146855668556098
0.0036156237554263297
0.00072709905302917159
0.0006300734291774903
0.0065547629636651247
-0.0018308158155566857
0.0022004529521867902
-0.00039681240568039219
0.0011949374107133701
0.0026485853435472828
0.0012291295985256947
0.0086754887360969025
0.0054541710888805477
-0.0047623802317462586
0.0049318802579066566
-0.0029307645715380441
-0.0002807321277681401
-0.0010731831404531278
-0.0023863027856979267
0.0023300208319750183
-0.0015431550567839246
0.00084330066444973845
-0.00053077470633657281
0.0012265396317809223
-0.0030622686967150302
-0.0052702489159988757
0.0011442979704183239
-0.0031085899118753219
-0.00029935226709511915
-0.0013272072907376364
0.0086278308272260181
0.0001254108905028038
0.0051247302693979962
-5.9153412817650419e-05
-0.0014053165997610795
0.0085403376873268294
-0.0021006434018702208
0.32463388328089515
0
0
0
0
0
0
0
0
0
0
0
0
0
0
0
0
0
0
0
240
0.89530883489684976
0.31092315622455424
0.16124883557055941
0.11634709766651814
0.065213034331393013
0.094988380543369305
-0.013723467710293678
0.052508179094046939
0.081431578930308668
-0.030419438021259494
0.020553513407228132
0.032399711785940498
0.02429285167767202
0.077030721291634047
-0.00047535515863147585
-0.0064912426312477636
-0.011113035218468334
0.022500892837263361
0.065542368308740717
0.049375218044692838
0.039138268637379459
0.034701936046205042
0.01289980535106384
0.04072782470341052
-0.0022617055979677787
0.029608769304631345
0.0011040936466637597
0.0045538854033502938
0.016862981461378448
0.042219275393386067
0.033655742759616573
0.013065432944809437
0.020701125297784277
0.013860181877631815
0.011757866447028453
0.050077740291149621
0.012830524111911202
0.018687831422413648
0.0062668774681544819
0.0016588128503926504
-0.001845496600708233
0.0082216317430862402
-0.0001542539759134121
0.030987388957232766
0.02077468623699193
0.008669725660580857
0.012751360220458781
0.01213844558898208
0.0015363707200528121
0.011498275657543702
0.011728971051706302
0.015140692495628124
0.010416278928256207
-0.00097655899058148163
0.0029755428078768321
0.014568141371394942
0.0051662840794161032
-0.003313749217984325
0.018369872889942056
0.0041475902509409074
-0.0033433862321788554
0.0064493294822870455
-0.00043450103329507173
-0.0011243152672292345
0.0067177660880929678
-0.0061445787413962859
0.012572090247823749
0.011917855968648791
0.0050200514624433902
0.0019698944315124844
0.0063438191602023675
0.0016326665368512072
-0.0030363627389238829
-0.0029656529119869773
0.013661831892369152
0.014631298851694421
-0.0040965908398024739
0.0064358491043314606
0.011706234901641955
0.0030193234555933443
-0.00085011606754149653
0.012091110479486649
0.00066170655842668832
0.0021719187307822833
-0.0080600450239833137
0.0090397496028036435
-0.0041444298782345639
0.0033043675448150857
-0.0031406796228682509
0.010815809478859862
0.012507892631160348
-0.0037321642693271995
0.0031384455627653102
0.0088991781739275397
0.0028988311573318452
0.0045208558739266175
0.0032764504794256075
0.0045674437662558331
0.0027059602292908397
0.00046327893794098694
0.0033085346407521867
0.00094555707477984223
0.00071473700680072015
0.00067541268531908167
0.010068201386189917
-0.0014922407571076309
-0.00031139410047129192
0.0050085774467194004
-0.0013422007073071722
0.0092290084317734247
-0.0043036130721800635
0.011808151464251836
0.0072100064554594294
-0.0055466352503677997
0.0083104835055232765
0.0081802743434152714
-0.0049332617770960624
0.002542811985249924
0.0044361880290643757
0.0077688351114519301
0.0011574566009455532
-9.3705415081363796e-05
0.00012451370963383998
0.013498607823157354
-0.0027146910302548611
-0.00067272381439631044
-0.00407421153143809
0.0053336859016741905
0.0059907070906053917
1.5387141311072324e-05
0.0034729044593145805
0.0018730212264118703
-0.00084894756719441672
0.005787165617650785
0.011406828841421905
0.0014395204555868236
0.0045980176616411336
0.00119844697100436
0.0019895011616355516
0.0094933130294383092
0.0079844652538274066
-0.001512848672309356
0.0024096195277025913
-0.0031896593064490667
0.0036518150938095544
0.0006681932157847466
-0.00093175851636380185
0.00011930407612317045
0.0059830010542115892
0.0023575916682350073
0.002260315519982905
-0.0034378004864794227
0.0024046006495584216
0.00029541888855100538
-0.0031743113125215906
0.0098041825580574976
-0.0023516513509011048
0.0038746397797387224
-0.00044291119707340278
0.0022181826199172438
0.0015772860638256464
0.0023923823879240828
-0.00071401394802389701
0.0040162344062890532
0.00096463378180238629
-0.00076302356173320242
-0.0022624371393862391
0.0037025723588882259
0.0076956639215223395
-0.00030367310534463034
0.0081079655681299632
0.006360395520891452
0.0047618308276979621
0.0047874883152673742
0.0054806340113509105
0.00020858032415113037
0.0050707057162119578
0.0013316031814640254
0.00010155553619245109
0.008495623163516184
0.00036315001117528587
0.0020852654288064814
0.0022533229166209006
-2.8988763620500296e-05
0.0034071366533471809
0.0037948022186873893
0.00010765158730960552
-0.0030713159383092895
-0.00393542247504035
8.8949775536514814e-05
-0.00029051724829153415
0.0026708206277045884
0.003460213235176732
0.0021340083545781522
-0.0031805793175001588
-0.00033842943895598902
2.1390557415660044e-05
-0.0037223505529804571
0.0059364260986554734
0.0033736294998803523
0.0032025308557166675
0.00040375503501967488
0.0012308906457644756
0.0058493083823344802
0.0037405943886517422
0.00068114825353205301
-0.00079911774226644927
0.0037541595271527971
0.0046552534775983973
0.0026324776435162202
0.0069269727485110561
0.00339327456800627
0.0045290335902506583
0.0031535543011771269
0.0045256333569107859
-0.0041735751667295153
0.0055559292484436322
0.0055203386561165088
-0.002481852608052042
0.0021184359975086526
-0.0022694605075139385
0.32087182769807104
0
0
0
0
0
0
0
0
0
0
0
0
0
0
0
0
0
0
240
0.91316825905938392
0.13901866582911704
0.18386925496054102
0.10583276022497347
0.084724691664502444
0.016013845549757641
0.063123541388007229
0.10988947954925068
0.035192166011488578
0.071752744048073205
0.021259230922883333
0.074688351664039573
0.13783257257417497
0.089131341362032726
0.04388275879605006
0.010368718061025581
-0.008324771736653476
0.00043406634137770176
0.032268531389516776
0.0049576956803731569
0.0259751012824345
0.0089606858946687067
0.019021030294312558
0.0091753881355730021
0.041950632817526673
0.030458784145111644
0.031486726673442537
0.048076513846015467
0.029806309052418996
-0.027490622613528654
0.00057081476073402623
-0.025928888627485241
-0.01094372156883266
0.01111482955363121
0.0062853155080964673
0.022808033944942664
0.028887349783263374
0.012825971424670861
0.030733235519290948
0.068113268971455546
-0.0062959088037241959
-0.0080576809383920683
0.023178906763334301
0.010025436870125309
-0.012816410709888888
-0.0026464777481517614
0.0024715425497559757
0.021197035918465872
0.0011796729945991822
0.012614380751760305
0.0046340869503581532
0.024557083369987253
-0.0032101634105125582
0.0081125421771834089
-0.0064805032297074678
0.0011999371986639929
0.01159156344285236
0.026220343480933574
-0.0091850626667930677
0.018362139189865116
0.010423834784074805
0.0059983638983648656
0.015182779104054441
0.0085303054712625673
0.011659144553329335
0.0091919612549377326
0.026897340148785941
0.0032155613277291177
0.0042597153463935682
0.0013275544518855412
0.018293580927944149
0.016429182548607497
0.0025784217589616557
0.0074367299600690395
-0.0050265222946926976
-0.0098067394837463729
0.014962605977945383
0.0068056201436807783
-0.011258012831171855
-0.0051933213372716306
0.020992408324509645
0.00030991637036115584
0.0061358342169836157
0.021490259234654582
-0.0044061788426804508
0.00031064873415335271
0.0043491148703715485
0.019362320327206386
0.015463683088486785
0.0088086949690556644
0.0037314087558380339
0.0075468629261215628
0.00060498896482685924
0.0027643126196303753
0.006372150250630434
-0.00041683779415444921
0.021301499187820497
0.0086884900907099154
0.0062318286268900867
-0.0085171015322378623
0.00091057462564589353
-0.00086857599494738035
0.0020881686729367862
-0.0011549581858657368
0.0054846011140436655
0.00056919939526088148
-0.0020904563630076722
-0.0014820413161727108
-0.00087382330290195636
-0.0098590389542173671
0.023452215990825892
-0.0062102388687242018
-0.0063445017306562627
0.00095454191356324734
0.001295522385981516
-0.005372344203075907
0.0015197663967012043
-0.0042306094178968176
-0.0023379559078800911
-0.0046736847832378964
-0.0066479005243781173
0.0080515455358944783
-0.0015994130443950695
-0.0079627614836953308
-0.0027638615532328652
0.0040180815948640146
0.0031163714145626552
-0.0016141016984260292
0.0056348091682888136
-0.001246188088139048
-0.008969284240964109
-0.0088700209514819117
-0.0013137728728063282
-0.002969739246701845
-0.0047216377683689361
0.0052293050472175763
0.011806555719377092
0.001037339074016825
-0.0073054925807064458
-0.0080503329010938648
0.0075660535253078203
0.0056337498946198421
-0.0023245656278131723
-0.0059620769851853814
0.0042439869648890766
0.01571578927461802
0.0047405847091837898
0.00487718198915382
-0.0024633213687126612
-0.00097699772316246465
0.011819584031701752
0.0120699506290343
-0.0053695414986313968
0.00035705809328004601
0.016498940411338661
-0.0023743880116095092
0.0082566299545735137
0.0060411316445374329
0.0071308333225108345
-0.0013847185492009396
0.0039651522374945514
-0.0016707311863262497
-0.00037417550167417548
-0.0069984153867921816
-0.0055671709845363532
0.002971706829155772
-0.002859734769556446
-0.0024827913026755715
-0.00028074066123116539
5.0785640039544153e-05
0.0097348985237234072
-0.00017755212506211982
0.0038286066305788309
0.0016068567352587665
0.0030813346884519645
0.0088920383214565156
0.00093680127037832001
0.01287893764519818
0.0041785427713041312
-0.0045492773436419014
0.0043139747969792568
0.00053123280604937804
-0.0037466882160771472
0.0046405363899355082
-0.00047172804152931144
-0.0032068417665333227
-0.0003365350402998307
0.0040832671650472916
0.008293433092025404
-0.0025689917424309042
0.002964920162293007
0.00014154980057516623
-0.0051474684407993966
0.0020963155069128902
-0.0006167754655848779
-0.0042512084470533772
0.018929136905163856
0.0076375677770717356
0.00016248822070131694
-0.00026086129301052734
-0.003554612911114191
0.0056368340145909355
0.0036450042794214542
-0.00028842571014063258
0.0024174581875319409
0.0060732314458235969
-0.0019764270173161665
0.0080012902148680013
-0.0031140043974540121
0.006021598250070836
0.002003540223895687
0.0013934830112458517
0.00091344975696348071
-0.004200208781380786
-0.0031977332299019268
0.0075503162034790275
0.0016960561042698792
-0.0013321466094168804
0.0014705004606124629
0.0023724064202174456
-0.0013314445302657532
-0.00062576710006929026
0.32563809499383045
0
0
0
0
0
0
0
0
0
0
0
0
0
0
0
0
0
240
0.90412320464362839
0.040436881390159142
0.15312548444585392
0.20524439307660525
-0.014652477757897539
0.12241469189535877
0.13679171682583383
0.083256089238172362
0.056114597308268649
0.087459531497632831
-0.025137997505930848
0.08567681869149904
0.018940145437148691
0.032355201173949438
0.084503228221925616
-0.0060128444588462143
-0.02986399818921999
0.065008982256626657
-0.027644260157844613
0.049936464157585118
-0.053040786355449482
0.044042537504446276
0.0865457093330569
0.030336421818049689
0.0021696899306730254
0.0076759443339475594
-0.023231484434034808
0.017331767011489686
0.029816652557957887
0.0015954445788276665
0.0037614077733016714
0.0025089688157402764
-0.003781528577636317
-0.016516210478794664
0.010660266823730429
-0.022035481110767068
0.015111160738239454
0.0079793920847090836
0.034418645631844366
0.0058531049080010446
0.034476865962362956
0.031021238338863062
0.018401601056255022
0.0036032067501386962
-0.0049144234415445806
-0.005419130181475054
-0.018346927496517097
-0.011411881830161922
0.013431175821818577
0.01967530297774087
-0.0041615185457607451
0.014670321255853682
-0.0085842471510310069
-0.011867085754071345
0.0096550934142695874
-0.013303557922704773
0.00080253924232167185
0.0079971016629772854
0.031180814024119
0.0010961214971491669
0.02805505392829357
-0.0045750468456686394
0.032810454753301535
0.012931322235109833
0.015110308160646516
0.0032325728176366953
0.002773594977525354
-0.0044135751941486038
-0.0041232216322290294
-0.010478289323013435
-0.0010790303517432553
0.011601194688540357
-0.012152337040509638
-0.004546676966637091
-0.0026004126853274643
0.0048746890342874927
0.024823684970446704
0.019325814783173505
0.00074682041620328119
-0.007195028750072119
0.0038232134283109772
0.010641760140089563
0.010321329934896829
0.00067927409409806972
0.0056176278776283979
0.0037391476961821184
-0.0042785490946538156
0.011056589198032844
0.014945805863641687
-0.0036230258554824915
0.0071826132845307601
-0.00082669690041609067
-0.011663959580158549
-0.0026538769258175094
0.005475095956938519
0.00097712712401919546
-0.0017680274450562938
0.0087098061894700565
0.016716143227821612
0.025561871780800091
0.0045180516145748601
-0.0025123625338714243
-0.0027901451274602623
0.0095893016104962054
0.0047330450749372335
0.011277561013644266
-0.0020760685698816097
0.0012161189148352388
-0.00069984329320538631
0.0064459835825743696
0.0023748296997784975
0.0050110965437449922
0.0071267360458958408
0.018927275094293372
0.0020676576837547764
0.0016761587053335653
-0.006315898453749913
-0.0060683986928717079
0.0260704947911626
-0.0026198135955421806
-0.0040501853895985257
0.0017009492933968045
0.0028189440677047289
-0.0023510700678536309
0.0029171890728699841
0.0038778269058056237
0.0077541077035492385
-0.0051527139055753514
0.0028494572172097659
0.00036434732871813561
0.0019729213048523681
0.0023510480582128032
0.001941646889063669
-0.0010451453809549578
8.0046751631490201e-05
0.0069572538803029877
-0.0057285107791472329
0.0040010978112388655
0.00066882803303363009
0.0031778517635257676
0.0055344519989337614
-0.0060488391868607858
0.011250647847482434
0.006109828103301602
-0.006229127011808582
0.0092644134039324855
0.0027998247552141935
-0.0021450466790939892
0.00096593090330724719
-0.0013503363137139606
-0.0018736350980379413
-0.0032328911965918855
-0.0077398130872399452
0.020832869824419925
-0.0032691282955119292
-0.0015514771927353573
0.0066545184775871624
-0.0014649887027483961
-0.00049360000632743073
-0.0053434407440239758
-0.0014214955265522539
-0.00099665525295205052
0.00081130013519106357
0.0041401082866094115
-0.0024695833559224022
0.0068926764109726694
0.00062714541271121575
0.0014121428468884601
-0.00082193103778961446
-0.0033366210015566412
-0.001100679399223979
0.0026680192275680874
0.0031592303887308924
0.0028881151334545275
-0.0030482285015584376
-0.0021917025330080425
0.0050776297858636261
0.0051134778605784921
0.0047177849218318149
-0.0025831794709517079
0.0021053856778048721
-0.001853247692759548
0.013067028007429645
-0.0020796531957797291
-0.0030303338986904975
0.00062763974543847466
-0.0025157047984515021
0.0093666533199961988
0.014045677574522941
-0.0012139124071122002
0.0073756388271528717
-0.0019482403786741699
-0.00041010910800060637
-0.0028316422188073231
-0.0015856217342936684
-0.00026511334449968684
0.012454581596360457
-0.0011149844388022724
-0.00013325283828368326
0.0011494073830493568
0.0095814439217989204
0.014698773675806616
-0.00065435779958410113
0.002218038772056819
-0.0037582020721736967
3.9138796053065904e-05
0.00013705829344973827
0.0056999064016225098
-3.8749092188471e-05
0.0018082116161457901
0.0045840974645960045
0.0010207992300331843
-9.4025498971996691e-05
-0.0011522244282312279
-1.2004661698707177e-05
-0.0022681587547965665
-0.0049928738853599677
6.9622733680425744e-05
-0.0010872564329378331
-0.00065793376124469128
-0.00077023380266186942
-0.00050833963126247004
0.00034076816291229436
0.32592351753202342
0
0
0
0
0
0
0
0
0
0
0
0
0
0
0
0
240
0.8833020024739292
0.2054198964877908
0.25997301493576191
0.17954295539304274
-0.057131938452522915
0.063798432675379657
0.033722408315967053
0.1154073086457338
0.05745541600462073
0.064227869422896988
-0.0081321046462101455
0.049209190727146454
0.047901056522459844
0.021534186382389759
0.061743237385236877
0.0011519363900622324
0.039779567184975342
-0.014437297237144339
0.029595688442546134
0.086525839524119255
0.0029164369973373517
0.020550945528290017
-0.0019678124997776002
0.043739500308858266
0.018561997843499246
0.0098687147861368854
0.021707294347405433
-0.012849190873344454
0.03042060315795966
0.0086209855803012197
0.020287308727228618
0.004724707098339752
0.020027843934701049
0.015928321357037277
0.0065218852663886783
-0.036600237438809566
0.01112254227963938
0.029780182892018781
0.019484096411490282
-0.0055450518835369715
0.0012617023308085537
0.01558318624806453
-0.0059677545244271029
0.0096484334200521524
-0.0028586945348080292
0.0090974541191949226
-0.014259151317464285
0.0080798586920726116
0.00680072500867537
0.004949484560953895
-0.0024537715425552897
-0.012982530869743629
-0.011622154405003372
-0.021529151516712728
0.0033763904794954563
-0.017399689092318017
0.023017179817676175
0.016955501189527059
0.0014158591809674893
0.017470505242817579
0.017530262081370054
-0.019928623338412079
0.03417892866486999
0.0049763031480093275
0.0044210956283010664
0.0045239174869712512
0.0052819808657209224
0.021666797582023969
0.011866705906519764
-0.021305120295195299
-0.013840745511584013
0.038368323908199421
0.0052846869246787219
-0.0052084050325774357
0.0010094746548774101
-0.0016239117512533332
0.0069131346591703264
-0.00297505207003485
-0.0039924718407732479
0.0017216089524407243
0.015424753981322819
0.019444381685475905
0.0067930081556363169
0.0017825579309886379
-0.0078987053845992888
-0.0021759209659661682
-0.0022116300635063525
0.00044276436545611682
0.010749601463577731
0.00034453094081821658
-0.0033036453860284354
-0.0031305648270874616
-0.0009622383968697232
0.0024976499106588402
0.0082814471404410953
-0.0094835032683273368
-0.014111522234239463
0.0015110929360089632
0.00079350191441715826
-0.0016834585138837299
0.022531209083562476
-0.0083186564985632955
-0.0076077143853030167
0.012685939213352185
0.011696162922243609
0.031164134084892457
-0.0010835273267427359
0.0089023805342631143
0.01800530915948317
-0.010738770793096913
0.0021625893715927491
0.011307491533527978
0.013003646217015243
0.0045500746880423769
0.019017657553197564
0.0036814763471220524
0.0058191212736179764
-0.0028496344457625759
-0.00047305095130207914
0.0008771822666635787
-0.00042260619152649661
0.0038232445898900547
-0.0015153224855571315
-0.0022797690195457188
-0.0018728352065650465
0.0067781708495189231
-0.0022346867647984135
-0.0010028537268661868
-0.0041705452814184965
-0.0046248278398042129
0.0033084220981949596
-0.0034076053189530256
-0.0012298519113787432
-0.0033109488765312172
-0.0067406363778633304
-0.0034479706806888441
-0.0073871050349334135
0.018033491136109435
0.00079178551200422714
0.0058358003672168883
-0.008146467249775597
0.0056001291270508643
0.00016950991903253159
0.0082964880264528324
-0.0045168008244826849
-0.0018678404117709324
-0.0023777568534076574
0.0030743073681146088
-0.0070197434837103393
-0.0028554503404351695
-0.0019135365752548518
0.00030668360171033805
0.00051230571475740475
0.0060899806544159269
-0.0013964064162347533
0.0027028002378322001
-0.0016804206092051249
0.0046736231199131974
0.0031500382102355577
-0.0034963719289430226
-0.0019384492884620601
-5.1438896308826832e-05
-0.0017445687539655232
0.0026458017314412662
0.0025976875155131933
0.014300513731420883
-0.0020887683664822577
0.0020515752772232994
0.00048692242232678513
0.0019100980446352658
-0.00030642199751839105
-0.0034604817229235986
-0.0036682908055445246
-0.0041054919395485936
-0.00086074233437850325
-0.0024447925023474656
0.0015330587793336778
0.006448749712844975
-0.002793678199398793
0.00075031921495568405
-0.0040085248014613186
0.0070282118148382719
-0.00077762372951383808
-0.0058139448845767839
0.0035543369781820839
-0.002066253217641016
-0.0050339489212423098
0.012277555279027404
0.0081030998920563341
0.0012512676256451617
0.018193947434150998
0.0030889397338919279
0.0021974596319214315
0.004816156317098602
0.0014351507813406292
-0.0027866404183748083
0.0085352532310734672
-0.0030434835888790966
0.0017892055977392124
0.0055835331960320143
0.0067252334930786306
0.0053032473761066706
-0.00080774215711934517
0.00034620678197716954
0.0029389874152390455
0.0023609163264015475
0.0077303066632832358
-0.0017675296319043569
-0.0025957087580700941
-0.0030444249626004152
0.0073177646879309189
0.0076833750532787088
0.0063353415689835968
-0.0038322077701355636
0.0015882991057397705
0.00036048058887019782
-0.0022815108472063264
0.0030867111532121936
0.012607316765514657
0.0036336300933845246
-0.00052817586151490128
0.00060078908598404639
0.0033152484757409994
0.0053886702541437927
0.32560368931614569
0
0
0
0
0
0
0
0
0
0
0
0
0
0
0
240
0.84151169885205102
0.40405018523142666
0.12679181368936246
0.018094372072849196
0.13852649806986411
0.099956625774244731
-0.026062344103219986
0.026885621230015803
0.07685745623807555
-0.022785704616305899
0.062200210800962233
-0.038229719276754615
0.022579570889920443
0.015287852031243911
-0.017252841788594275
-0.032369983878928976
0.019229921628376369
0.048876950845205637
0.073978661879517862
-0.019298189656889168
0.049076622704605569
0.066780858853746544
0.009675365823153155
0.016697019628304197
-0.032659430841323389
0.014510989433104955
0.014693388279313652
0.026514907791206535
-0.05257368925516967
0.031320322995748023
0.032141719383543932
0.061864054631506071
0.0047372594548957857
0.028695925177717126
0.027129892306037958
0.072363659713650968
-0.012011193405859122
-0.011490337015649986
-0.020434686479149575
-0.010748910007424995
0.0051008067783976339
0.010080749406106326
0.0058834940783084504
0.015404454904379365
0.047962384743195738
0.02214484937691668
0.039135248741112509
0.0058169604942435987
0.0014053743936398653
-0.0042880690554668406
0.01732456225792264
0.0088048641494468567
0.043523964672586089
0.039768120666685329
0.012330769063574316
0.036434894631514135
0.0007359502548482512
-0.013279181363550973
-0.0050280295662188338
-0.00075185023285854113
-0.013283239921278762
0.022491427657157101
-0.024502001414080904
-0.00052756145179449446
-0.011753763723611484
0.0032117837935389296
-0.0029023812588626998
-0.015517990983227186
0.010367278799709839
0.034815485063751386
0.0036409867004058875
-0.015921175768609613
0.01079061580697146
0.010427953097888933
0.016430891348988456
0.028924217265204114
-0.0075006047426008802
0.0012743925553055353
0.029482540342717328
0.023677127263946308
-0.018074410043740489
-0.0027040948395768197
-0.0034683191317268895
-0.013510961040757023
0.030844803547596961
-0.0017828577870710454
0.0082505812509426676
-0.0045620617016419712
-0.0093132846400433515
0.0051055531966228253
0.0036281007110892409
0.0040449087262959035
0.015104592929658689
0.0084028975895515112
0.003061822489435974
0.0085522433456162641
0.0045583127327276061
-0.0019921757348070447
0.00059237311962386538
0.00086596459722023658
-0.0036524761459061418
0.01374902427628822
0.012802852153751813
0.0014259158907386929
-0.0026363960780863994
-0.0097419584662558033
-0.0011863820519999299
0.0038373795182900425
-0.0069553109840474773
0.017935261397769891
-0.016183048893449348
0.00019141507990277757
-0.00092098837869210954
-0.0025248771370815115
-0.0049794988716198706
0.0015479838845621715
0.0032764832397242337
0.014587169935550814
0.00011813643616729333
0.013260190408921253
0.016818963666211259
-0.0067263091103517726
0.0095694933427315602
0.013368904233805132
0.0074934934628070934
-0.0017938214611385396
0.00020499844706790412
0.01761303204477524
0.0054988816347931119
0.0092330568382239988
0.012420168950487335
0.01357406037885488
0.002581538395163055
0.0097807259228677619
0.022960705332456324
0.0010008497995449349
0.0034096033419612928
-0.0014116815150582499
0.0079833012468765348
0.0073129501707505234
0.0029838705319812286
0.0025604271939012858
3.9796330036863334e-05
0.0028884151871376692
0.0075270548322962112
-0.0032114191352642222
0.00022529016604449842
-0.0066444787158186878
0.02524809519768681
0.0041850076640092366
0.0014541518095408559
-0.0068748369805087259
0.012383816436196371
-0.0060631500804806332
-0.0040971831714465392
0.0046337113302715753
-0.0024053555407337586
-0.005903702804428603
-0.0089402355644833051
0.018100937579426917
7.7036379669842534e-05
0.004808479785858375
0.0057104769815945183
0.006797097952257072
0.0066633580185667361
-0.0035294983686224258
0.0075618347361159936
0.0050007037403161959
0.0031191674572785891
0.0071568605703016715
-0.0033951635855219956
0.00088584832375307541
0.0010181902648084568
0.004379340601358148
0.0075965585463404562
0.00014043394836873229
-0.0019664959584006873
-0.0047079064563878299
0.0019069019923240707
0.0073501367273597091
0.0044376074029908105
0.0022598738480218935
0.00019997167364640617
0.0040366011329636573
0.0034732894116584049
0.015649599459423926
0.0066629679988555388
-0.0050691930467612516
-0.0024607108879757516
0.0035321734935694253
-0.0042916158419116163
0.0029213394166200269
0.0065928360934481324
-0.00020225371685160092
-0.0028668529101068519
0.0092100473011930053
-0.0047991942809928337
-0.00080790643727071242
0.0010956183589733897
0.0014946824940991386
-0.0001155260420941754
-0.0020709235275213861
0.00047405141713233553
-0.002436201638960037
0.00394764066435958
-0.0041930243631067054
4.2704549869264918e-05
-0.001080642839036287
0.0029502158781293981
0.0023464893197216912
-0.0025426670029472177
0.00013011783826239519
0.0014423502808791817
0.020876234603743368
0.0036159922487632649
-0.0019596584668115976
0.0074758850414832576
0.0023971703372586135
-0.0058091302461529045
-0.0031554490201692619
0.0029234408531968758
0.0049470116090364761
-0.003817042317448584
-0.0019683842763833673
-0.0044718128454979116
0.32859384885236909
0
0
0
0
0
0
0
0
0
0
0
0
0
0
240
0.91377097179226252
0.18358556728807501
0.085661330952552239
0.177543685204685
0.052409317683601311
0.10363806885731393
0.1016491836102443
0.013749665066530655
0.074809872471865296
0.014445605551177248
0.003959744531879316
0.07805688749330339
-0.036023569355477417
0.039740172099165832
0.026790082118534141
0.061826469542489854
-0.033944866009727355
0.050696722637882947
-0.038395326914105535
0.054051734035129161
-0.024575401077899392
-0.016196011228917284
0.04189574779258208
0.014823020493190052
0.003931962903667003
0.017720155145284064
-0.045014782922830947
-0.015442535164545418
0.071064551818280045
0.037892841174582248
0.0056992745921556577
-0.0022085860665438167
0.017440654660923469
-0.027793152944313598
-0.019699022016187527
-0.00076984561576244593
0.019353813460520054
0.019046453949408734
0.031876189182156421
0.0095330536900425904
0.029251566968852984
0.003301660070542362
0.0019388256230570072
9.3512449354768274e-05
-0.0050013000919377996
0.00046051603020151149
-0.017268180738641812
-0.022521314604913349
0.018041966907987615
0.038383541519443301
-0.0052608431451334117
0.017584687977846413
-0.0068721097795368113
-0.010831009715498243
0.0025030491631199453
-0.0080596707144682898
-0.012368975473411295
0.0012154970549116617
0.060224580481711636
-0.013032071391271077
0.016884034839069879
0.012644774040044956
0.027137548635860716
-0.0022328925059696787
0.038618433990772263
-0.0087766249098871641
-0.0002803813977677454
0.016008416203940924
-0.0062436485611306741
0.00011533585738086634
0.011198128170350702
-0.0064514626113876729
-0.0087753540381415081
-0.0096189297509991015
0.0058185906974111551
0.010716350418284237
-0.0032912373149523296
0.01376552361523002
0.0054740488798286184
-0.013196663691212336
0.00160906260247736
0.010118342360579962
0.015012888789493072
0.0072105630006087185
-0.0081865437423549684
0.024325580218378141
-0.010161788628659581
0.010722681504614444
0.01185742497289031
-0.0023094738144528808
0.013273177579493778
0.0048039189897586708
-0.0087684499784290472
0.0025938730766294333
-0.0096577710406700584
0.015525290676184151
0.0042775378765138898
0.012809532379573127
0.010055175618121446
0.020020979770127512
0.003182497023562313
4.394552020997594e-05
0.0039028215200047874
-0.0034843011005852337
0.0043342060644999828
0.0054158471933536071
0.012601767306690808
0.0004785950021144422
-0.0013607492036505988
0.0077774788220137149
0.0067678149823069394
0.01222310707246472
0.013936230874142135
0.0077299026529854273
-0.00245574712534942
0.01474542440920789
-0.0082729758684062897
-0.0018997112965666099
0.0199096061783724
0.0035514557725830559
-0.0068777549575835132
0.010690251303960624
0.0017699739042630581
0.0023198909991766306
0.0015340503101131725
0.0017194705669098954
-0.0055075140141793797
-0.0046115814459634441
0.0057537980554709482
0.0015581893100019997
-0.00081253423303625648
0.0084205865779739264
0.0070179881976120328
-0.0029476495618345755
-0.00079744329080722932
-0.0017609295907677523
0.00094679289323069591
-0.0048687308578988422
-0.00069406603100563807
0.0049637829535867876
0.0088160615922517876
-0.0066060344320360035
0.017675909416806111
-0.0019183355920987964
-0.0080272492694834288
0.0032895778449726198
0.005055437698010392
0.0069618221236680666
-0.0011595935280958318
0.0055941360198227298
-0.0025298040723025082
-0.0039773300067912744
-0.00819843052923553
0.021390392703128147
-0.0032810714097072026
0.0028016980425733095
0.0028849055392174638
-0.0010746595479320669
0.0049412850254002254
-0.0060017934767848634
0.0019415534145898891
0.0036538060912581758
-0.00093850796271878749
-0.0033206560840841307
-0.0041756671684308267
0.0024411035575706342
0.0015469556518300231
-0.0013447896184151703
0.0015906187388466434
-0.0023928182379873643
0.0012123625964748726
0.017530439680573884
0.011096339977745126
0.0034640288432786549
-0.0014716519003389319
5.009131849491943e-06
0.015407858250902434
0.0038207657139389352
-0.003152905246096857
0.0071037170191817168
-0.0001721775428185189
-0.003715434784693477
0.017655347845723028
-0.0020389583947930715
-0.00037087654829536312
-0.0018295302632092393
-0.003613429116769421
0.0062655776062224633
-0.0021096779417098185
-0.0047067338332484271
-0.00077349039992812441
-0.0011321401181252828
0.00037414173701463366
-0.0011607283581337453
0.0054739612199240888
-0.00096720751416416869
0.004029382337208131
-0.0050811947177173758
0.00092942226312525082
-5.589270664602672e-05
0.0064268467162689391
0.0099308859605084267
0.0012005074199250409
0.015478923878605763
-0.0027506253800745743
0.00033061737154517793
-0.0018284812535555323
0.0064104477715074652
0.0011119829521709316
0.0018637866420056519
0.0089043577467711639
-0.00035023900809862568
-0.0008898893869352416
0.00097732361478612543
0.0011896860367155422
-0.003326542583863828
-0.00077564302899539204
0.00019229389443997007
-0.00061003841894819734
-0.00065401751524023655
0.0017219684484793144
0.0033093012952015183
-0.001660705907868699
0.008720529706608084
0.0015183334232840857
-0.001438750067807533
0.32551256475791801
0
0
0
0
0
0
0
0
0
0
0
0
0
240
0.93013127346348223
0.15872788762792439
0.15535457017035664
0.17428302133656548
-0.0073006019581917077
0.080353790626911184
0.047864383275442061
0.038757953067621392
0.03180282342545819
0.032886642700006942
0.04408410515214356
0.039611438986323647
-0.010095920017797456
-0.022373124119212606
0.026799712257297825
-0.0092801403301318933
0.023949646791155434
0.020725008779040707
0.045277657395022507
0.032478367632990369
0.073919104644352182
0.057701596715376467
0.0074693545808726764
0.028415522696007736
-0.011770128527815291
0.044455709461266014
0.063911856539070055
0.017971132728263305
-0.0033139585372796926
-0.0019636739179084263
0.011758759994476044
-0.0015884424514965032
0.017372326463944546
0.032583173003569534
0.025729860393142606
0.018852916830913148
0.0073677197175836991
0.0019680334567127849
0.010441608269452446
-0.0044038240918749146
0.014770440105843429
0.0072790568750038158
-0.0025784909906219145
0.01161690136304076
0.010315298082132125
0.012778297508652673
0.015706124786474776
0.0058986970815815597
0.011847960009310998
-0.019333740884694216
-0.0040136543542472515
-0.004417359881451509
0.0057398993484910205
0.00443628572941811
-0.019836205640913637
0.012265466099154564
-0.0037058309095429893
-0.0069694908815775567
0.0014512618866090502
0.019136082022933217
0.004572180014324443
0.010188594601759126
-0.015908455851045073
0.013676590660439662
0.0004591419050439135
0.011312027086211998
0.0080566644059900678
0.01655750776722063
0.0049606241699178639
0.0062104134907862412
0.0083297362701303685
-0.0027976023091843354
0.018961288077180179
0.0021449771672138697
0.014387213967527639
-0.00586397134970196
-0.0059865134626098694
-0.010027958925932374
0.0018862704694091524
0.010206042062985908
-0.013739105008184961
-0.0025840596342972641
0.0064020251425626253
-0.0042619165657000217
-0.0021609291718616861
-0.0049441980878198255
0.0023692990863226544
-0.010385629230939122
0.0084870149774004672
0.0080490995266555634
-0.0066516869521707194
-0.0052895220508805945
0.028016836185023011
0.00298202861348898
0.0038773744567063353
0.006879000759082511
-0.0021073653638352609
-0.00030426627862988466
-0.0046917294734861049
-0.0034863087303650493
0.0071855502564637025
0.010692856025360152
-0.0039940937848538163
0.013754768073127593
-0.0058543156420748791
0.0012474744455026575
-0.001933885477649098
0.0057180493622258658
0.0022884382923600353
0.0044151470837939149
-0.0068547829703774878
0.012748590833402467
0.01115806456454309
0.00348683901487037
0.0048841185604383119
0.0081011536831715088
0.011227597561759031
0.0023337052135132944
-0.008971862003283395
0.0067465366011914231
0.0092424315734324809
0.0037494142273299769
-0.0032983444323073474
0.0047027187118340334
0.0037045809653008586
0.0035211765396828644
0.012539311160624749
0.004152073029802663
-0.0039944186621556433
0.0018522144233920003
-0.00036078781644039766
-0.00054211295866004932
0.00069739529386454897
-0.0016039333408936144
-0.0023049380544498134
-0.0029041193904254864
0.0057781354529000102
0.0053103709842775258
-0.0026566862397817441
0.00035589720222610775
-0.0010482944476964901
0.0094304163654259626
0.0019575759730719152
-0.0016989392934375984
0.0072582949854923485
-0.0048786107636400351
0.010551414278787688
-0.00038071219643768568
-0.0029043007607018438
-0.0018846797538898093
-0.0039210546324231956
7.2650724056208508e-05
0.015565528554176119
-0.0058635492701182741
-0.00076333385991891412
0.0023184380409685544
-0.0031963791165627287
-0.00067194939588241412
-0.0045817850585910943
0.0098519991131519862
-0.0068491528965540574
0.00013295848843636814
0.00033189998095515193
0.0090427916349068663
0.0080956876185916769
0.013379402388412958
-0.0054490762844199283
0.01167038914396739
-0.0010789524274418068
0.0024312620696077454
-0.0028813736938687268
-0.00010901098633212471
0.0021085596497737295
-0.0040244134500642403
0.0014831630309501025
0.0068387522146022518
-0.0012326557454661949
-0.0021075938445327836
0.00051859956062801093
0.0046155836372304138
0.00023148302077860168
0.014057219749478499
0.00021073088129499579
0.0065969463132243616
0.0083613302505727519
0.00025836511918265526
0.00077826074858305656
-0.00071840774134423015
0.001136112929819333
0.015039646345143593
0.0018963854556249434
0.0034001159417041348
0.0066294164296025184
0.008561632779015442
0.0053726529611262544
-0.0017981840702174037
-0.0041462988322633161
0.0066138373182301298
-0.0024410679716926182
0.0012415145814761723
0.0050549156651334822
-5.8548468349853653e-05
-0.0010626100883265909
-0.0023984869287727961
0.0092401146684441028
-0.0020589382256347038
0.00063802418937009898
-0.0028116069085761764
0.019199135110294446
-0.0023713326951002494
0.001855567784715332
0.006464966238224598
0.00016440417516400929
-0.00059443047906671865
-0.0011341838925136606
0.0013678120979524306
0.0078069403419051275
0.00017356312033460199
0.0015560180531542919
-0.0016864176635789504
0.0010062586935713894
0.0018973534027195897
2.3368445898185356e-05
-0.0025795544189134404
0.0019145538286927703
0.0028025740074713945
-0.002113725698222344
0.32305903285197901
0
0
0
0
0
0
0
0
0
0
0
0
240
0.84330165144027891
0.38368365857606357
0.23568969546442931
0.039125660966298693
0.033983232967278038
0.044204813020450678
-0.053430299925502356
0.08228597631816631
0.14701916534504422
-0.0025888063539858449
0.0302145148812255
0.010864629728636572
0.086616159549742902
0.081767511518531955
0.021251189401557083
-0.015556605524240123
0.035629362776357247
-0.0084492648852802828
0.088729082769850517
0.053317186474599501
0.011504080892083719
0.01815849476070882
-0.0078531812715659944
0.040618357424731619
0.02667047036991178
-0.0064220473342112465
0.0017551147405035577
-0.0042917125327862227
0.0034164209623804374
0.031323208004257162
0.033816524175396961
0.027971427692570109
0.018767255714573043
0.025812091722388717
0.0057797993262605043
-0.00028959814911282204
0.010594812318047332
0.016692714208446802
-0.0033306847972438226
-0.019381307834023098
-0.0064025179896310342
0.0059825633931614103
-0.0041099852016856604
0.025456228646653336
0.030599535297982899
0.0111550825378792
0.0041048109783902668
0.027258978090809544
0.0027965736777778665
0.0029848441756935339
0.022772787743635312
-0.0029170795096011295
0.012053672551391158
-0.0016660246005930906
0.03545072958817079
-0.00027290188951505816
0.026727968298896784
0.0068919020000253097
0.0015338121274497481
0.0035646532050067153
-0.0017583057269674788
-0.0089058087187640304
0.0057286422397037698
0.00095157325366666975
-0.0066612224621901452
0.00062686451715888872
-0.0034417699886663202
0.003638923389620232
0.013557403983717808
-0.0083220765802411202
-0.0099578232977603747
0.013158344023571893
-0.0018668193718788142
-0.0093691427740140963
0.0041755601458052394
0.01285401146332012
-0.0014536933341898659
-0.00046171434033025536
0.01183893179435243
0.012131034086644864
0.012306598365335198
0.014711199471868356
-0.00026140263546951126
0.00089893000897761709
-0.0022856970030885235
0.0013757561866639052
0.0099342568261406288
-0.0012634428824301411
-0.0049045380196378364
0.0047090712733243332
0.0054433025556512894
-0.001470275506019734
-0.00025548360609369014
0.0047522437080958508
0.0064938378542288046
-0.0049413366441783029
-0.011987100496592386
-0.0002934896048070867
0.00037873979377539855
-0.001887432498096035
0.0084957122394888358
0.00031260799277314913
-0.0028628089483118519
0.00041523134211574308
0.010571516114394502
0.0087767323799629992
-0.0030739348513488685
0.0079375112254915173
0.016855491729871785
0.0024022037015112422
-0.0093041930057175728
0.0053201626265456537
0.0020299023719860289
-0.0030590689539734634
0.014092991749774901
-0.00062574684479901931
0.0060890970172992557
0.0075256570729271772
-0.00018719870134680896
0.0047311789792826636
0.011598138454921792
-0.002791854559253828
0.0070991303833722067
0.011254139899425437
0.0011328481521321232
0.0038499770549189453
-0.0019151425860588337
0.0040488825330503306
0.0010802498479920953
-0.0018374258706825451
0.012851297052165219
0.0030542146580056937
-0.0028914070808593708
0.018612195864082078
0.0072827083997126186
-0.00013403881451750721
-0.0040746219913616842
0.0060665008034457022
0.021047850364478041
0.011393345287958944
-0.0021793975030254186
0.0049224683522908425
-0.0011055099193650699
0.00204561419688839
0.0053124213969772717
-0.0038030378449311177
-0.0025425416864283518
-0.00010936909980282249
0.0044625945659749859
0.001094620997366152
0.0009728108604594364
-0.0009827836831479322
0.0023722406866589977
-0.0016257426924884727
-0.0036194350230756801
0.0067627162286122535
-0.0038716341446912916
0.0071196368443663316
0.00014708432113993446
0.0023166173725564726
0.0063956789192394217
-0.0017039460479811848
0.00099607462724080704
0.0024002458809866791
0.00083564729759269909
-0.0026193617168156192
0.0052602898186742209
-0.00054102319280844018
0.0075304842959535651
0.0038931794399189872
-0.0006648101592350409
-0.002052397950536839
-0.0017604810462137266
0.0028788902588017485
0.0016997235541054766
-0.002431184811582211
0.0011973422511073338
0.00053149160196901623
0.00016770635557230212
0.0020044442692590788
-0.0010057002091697594
0.0023141435358410407
-0.00083148107077311623
-0.0026379329666458727
0.0018177421761902302
0.001706654300681842
0.0014434476496036381
0.0020532003061547953
-0.00013117395779153152
-0.0017451855504095428
0.0030946264633136128
0.0065975722882423435
0.0048709417059232558
0.0013553266815356988
-0.0012730806489853036
0.0074377979166686953
-0.0017757849192343504
-0.002324358481464439
0.0087254417556285463
0.0058916456059919589
-0.00088542485006215988
-0.00078664735722420867
0.00119101854839581
0.00073975553369700373
0.0019668893706629902
0.0041360025766970067
0.0097662929947807987
-0.0017854436634229267
-0.0022924002901284915
-0.0010396592380380047
-0.00012811952029443988
0.0024283241251248627
0.0084805274572416853
0.0044689487040456772
0.007886955948030688
0.00094277149343671371
-0.0017606460008521673
0.0074725375362034207
0.0040088063355826565
0.0063041739788211575
-0.0005154846301019825
0.0033928818666258448
-0.0017726585927815073
-4.927654382367215e-05
0.0035939102114060542
0.0016147725447940749
4.8958763520246628e-05
-0.00086726722261748653
0.32152088399372597
0
0
0
0
0
0
0
0
0
0
0
240
0.8843233845517805
0.34364832049428118
0.17074454569079525
0.12229082108829528
0.053460348060861126
0.05513400667286731
-0.039490976510856944
0.065604810935169094
0.095447409736404365
-0.028206006804312428
0.041955632346051298
0.018957514401690585
0.018139587515255396
0.057076894353927689
0.014008127011063718
0.024749781459752252
0.019226260697272641
-0.0032532555809245091
0.057513749297352611
0.05680052362626057
0.047466202035242773
0.013853194014005579
-0.00034187122044758493
0.039367111421323514
0.015842293623647356
0.029547503844568258
0.0052746961008553802
-0.00063227452758745143
0.032233684569547456
0.029770028368295683
0.018599290236416984
-0.0062629212813384901
0.023725673002792335
0.018257158677389654
0.0020341600372313509
0.031066078147371237
0.01204973686144958
0.026029396943910391
0.020280287031380236
0.0035103082383224041
-0.00092423480827551337
0.00054480997941716428
-0.011790356725981903
0.027952824111290717
0.020522735074067416
0.0087910458558371589
0.010853789528847965
0.024121733457171082
-0.00038304771354676071
0.00045655161355094142
0.022129840700568369
0.012714129742317096
0.013217594247520689
-0.010079505846567237
-0.010415301115823531
0.013261515774886209
0.0040235494469921928
-0.0011615851406781143
0.0069580732903575101
0.0060034264509544345
-0.0031293570342213577
0.0029073066379263486
0.0013715207961684079
-0.0023761710452351891
0.010927231146110924
-0.0052535078577778524
0.0072662816028256517
0.010654103668582384
0.0037365942689039115
-0.0059659662274704232
0.0068843300083322586
0.0006333684889148545
0.0049020967630862026
-0.0017042555138248954
0.007565949648453636
0.0087478742507256443
-0.0084461769464948405
-0.0018755508645791783
0.013677096083796799
-0.0017126497947934185
-0.0027303840376468481
0.01336268648129528
0.0039789401123315653
0.013103546643639169
-0.0039022630747650058
0.0098992281452212148
-0.001248678010867692
0.0054654906827462518
0.0028404827644011969
0.016268584349731018
0.0042954163000785833
-0.0045732294788459298
0.0077531266811042276
0.0072622415248926346
0.0023612822097165568
0.0015130354355395845
0.0026012787399872219
0.0024898027294459838
0.0047281637827231698
-0.0034391958126360803
0.0060205800048292049
0.0046721245872238283
-0.0027591129828105896
0.00077178959680815795
0.0085265169909880083
0.005809435783863913
0.002391163573118612
0.011496496846969304
0.0096320585494635638
0.0067861570541778941
0.0022769246474417001
0.015053676011302281
0.012111608705418898
-0.0028589470126079083
0.0073905572037534541
0.013720301359467427
0.0047605304007101758
-0.0060384989312631514
-0.0011315968798540656
0.006387078835274014
0.0055614398667646475
0.0018642568245203649
-0.0011597735156433097
0.012189125519062016
0.0011184909453672508
-0.00030714051580585632
-0.0028550780213529438
-0.00029142025127041037
-0.0011639551435518758
-0.00081372823603258844
0.0036924418828106088
-0.0010630892725555262
-0.00024462480350829618
0.0027593324488395
0.0066889897535636986
-0.0024506479474706911
0.0013480023301833809
0.00060647089854650165
-0.00049234888141845969
0.0073364268738941377
0.0030236345902948038
0.0016284608380665207
0.0013675495679495535
-0.0029110313070273325
0.0038809891967482059
0.00079689282400605707
-0.00094307519918353016
0.0015451246272542665
-0.00065339445111186863
0.0021777322791167461
-0.0021513590005353255
0.00035583095188480856
-0.0016974880995998124
-0.00039912755322635995
-0.00039690284181382462
0.0095890575472062766
-0.00099000695952411932
0.0056285779183854355
0.0014789517658975395
0.0017601031986500366
0.00080603114859808481
0.0036289424182848278
-0.0011190344625052503
0.00018163859526011786
-0.00098640927096753438
0.0045392913289148172
-0.0050333968149567478
0.0029354894367982641
0.0084208541342754521
-0.00061106886807966055
0.0058678430192132258
0.0047250035923236487
0.0019247921402648577
0.0020933750814499759
0.0034890594146014813
0.00081722341727699719
0.0025037626398164846
0.0001241290981580063
-0.0022339173357514446
0.0072581238343702283
-0.00045994017602522466
0.0033323661410204885
-2.1115400730616849e-05
0.00044736201281262908
0.006171972826116796
0.0031631793701043078
0.0024657456438061838
0.001400258148775427
-0.0024111275877022899
0.00036492833913655937
0.0010191493321763511
0.0051073674964937183
0.0066069210396045861
0.0065875656427574498
0.0019515262884378895
-0.0041019778759460576
0.0011049202536341995
-0.0017480691123290045
0.0059977396895868453
0.0049214281916509558
0.0034865058098574406
-2.5803380503558244e-05
0.001872840100630243
0.002700982606625772
0.0025836544704646532
0.0017102373206861971
0.0030696644737378915
0.0020722915341470733
0.0024348779658016177
-0.00029599358078853856
0.0032061072745369064
0.0036153295779416178
0.00069331649281820945
0.00038342642711146439
0.006859601290403675
-0.0013980415210374365
0.0036654629840589645
0.0057372799408182164
0.0011616185191983804
0.0051658482843940584
-0.0013846736298633953
0.0056936739439472387
0.00019555737257333087
-0.00095943776323278334
0.0025583969824670852
0.00091944720963431934
0.0016900013534246786
0.0024633497197974127
0.0031853851644557175
0.31984603683754376
0
0
0
0
0
0
0
0
0
0
240
0.90610592169061765
0.18633776750229109
0.19522417645084797
0.12478922081756923
0.041075428384173308
0.10241174366474554
0.014855978012874069
0.09518532837580683
0.037838235078557887
0.028682786906676187
0.031863991380325966
0.0071435025811678928
0.066876892579030262
0.023159904011976304
0.031660445371985049
-0.054196786049349709
0.015078254136060716
0.040684154440038554
0.073751968830091233
0.0055694237828206091
0.047988281782526253
0.098613690235052925
0.028251830369585621
0.038007880108409886
-0.01671919430622806
0.039354368567006359
0.05378978388751518
0.053278032454706123
-0.038116474839513345
-0.013925132206155877
0.024564248295994434
0.025956846059191029
-0.0051445764603287487
0.039704646937521987
0.04799146575359834
0.048579119060383459
0.0037359266288512624
-0.0054600446026775631
-0.00074163795127153741
0.011124519969550498
0.0034354335715314145
0.020290113350144634
0.013263100125533989
0.027137846303931436
0.029532796403968282
0.013400187921269487
0.016952149297952052
0.022564726136719674
-0.00023855968143621329
-0.015914228414695343
0.0091315100666024863
0.014088643964793
0.027162983923109722
0.023684268715847466
-0.0055770801029092851
0.017999960893902472
0.011635775866251473
-0.004619643669276397
-0.011160942809576869
0.023779721275956102
-0.0090653779907570661
0.0135682310126934
-0.021475994926464528
0.0079588156235003756
-0.0092237308198094975
0.0094115445056744389
0.019156998620175163
-0.0069755438699739001
0.010800287518680981
0.016670377222117418
0.009192520959255655
-0.00024153278051074927
0.0083959846029473383
-0.00070698672336839041
0.01348000361302606
0.0065272921587501472
-5.2445456223622913e-06
0.00069769367736227368
0.0047312318886262791
0.022935150896569081
-0.012763864545232963
-0.00014964705252134804
-0.00141647521404464
-0.0045100909839929518
0.0020112151751648182
-0.0071249356397930811
0.0054934713771454414
-0.00034664978839000967
-0.0028723718786219056
0.012975703677786403
-0.0018224963775867657
7.3373696236549727e-05
0.02031336539810116
0.0059162153940032344
0.018967815209866026
0.0035220553529582356
0.010138832531021573
-0.00051057395393929058
0.0021117770464410953
-0.0034005334850808417
0.001277335257232349
0.010983274660232384
0.00095405371884288209
0.01275259131520127
-0.00052365199223702386
-0.0047209990754856317
-0.0078532698432588165
0.0048476635808964606
-0.003122234014594898
0.0093760870102287085
-0.0052949712472898664
0.0015217285008574106
-0.00097898096062614217
0.00014369498045276209
-0.0017132409607484621
0.00021542018290071483
0.0073658754979843482
0.0028220963362520961
-0.0025448505290131674
0.0059174879120299098
0.0055867918381245088
-0.0042054446428072684
0.0028955914982207397
0.0044475453047107486
0.0042957350772783037
-0.00064567375157987053
0.0074361175830506771
0.013724631321720655
0.0039935849070696396
0.0045004681278540803
0.006027834134783942
0.00089570562640372306
-0.001538539908383444
0.0024397187671338955
0.0038616377732274688
0.0051003666592453764
0.0071490837821450437
0.0033178677641322479
-0.0018123127320734558
-0.00014877118007531833
0.0067563898035388767
0.0087631365529563764
-0.0015660363492096994
0.0048116063070576471
0.010878392959696925
0.0026767383464909476
0.005444303269548461
-0.0056426545483013509
0.0085356370499251877
-0.0018885271897261353
0.0030801859993262099
-0.0020471210671689911
0.015013237839503474
-0.0089357087470535185
0.0022310858261613501
-0.00092309546068750569
0.0023202649829330555
-0.0015535647540384123
-0.0061025921040182762
0.013230608563335097
0.0032560395504498203
0.0038509200614281515
0.0024533551462084238
0.01110008310263565
0.0074991719647054013
0.0041970783536455919
-0.0011318567005473336
0.0096108511981322659
0.0014363257744052329
0.0066366571155207551
0.0012411335041045914
-0.0015856972874547523
0.0021859561693371352
0.0019094748903961956
0.0065081063708601209
0.0045543840615635215
-0.0019998574573676991
-0.0020838135259366795
0.0065543075347461619
-0.0011010594744614421
0.0066842261491438818
0.0074599461539796999
-0.0013929149789906089
0.0075269477622486002
0.0026233385190476016
-0.00055404469382484963
0.0021040525676822193
-0.0056500373658332284
0.001236976411389415
0.010769068006098446
-0.00056808213123485884
0.0032347232295239642
0.0038320775861221904
0.0031171503280646592
-0.002285093240204063
-3.3174832302989296e-05
-0.003487411407961299
0.0058130709916901129
0.00038575924822028927
0.0027719341955592526
0.0020112931890160627
-0.0021179944213413583
-0.00046715064732485355
-0.0027904307763047097
0.0069979079094386809
-0.0023881506093682723
0.0010283208083818769
0.0012776029821445363
0.0095131093291228215
0.0045311556219806894
-0.0005878584609855643
0.0031473115145549055
0.002606522203522069
0.0031618601801524596
-0.0022801303391535382
0.001198118564389496
0.0083097982011119381
0.00047277757381671888
-0.0038599813830393981
-0.0018445410344019733
-0.00051165795091393689
0.0036216782730982963
0.0014109625716379503
-0.0034591616760404733
-0.002680820044954554
0.0082679524030756062
-0.0028830508105399345
0.0072134390511583851
-0.00013772993012011269
0.001048959796102538
0.32325142347021141
0
0
0
0
0
0
0
0
0
240
0.93640323609002896
0.15510259112008848
0.11915851133396978
0.1379475938389581
0.03441718407622342
0.047163443364723084
0.074038818380697077
0.018112515556595848
0.10351897888859789
0.031767527569827828
0.028390318945650014
0.10437099106482493
0.016600225970916514
0.053941257771129035
0.038605832114204243
0.043297689144401241
-0.018599533965006115
0.016370172209864746
-0.0019016032839351354
0.053770657176334259
0.0071157526547339063
-0.017588767445851358
0.02008921279356762
0.019553922718841273
0.025080341529392404
0.015233335353701213
-0.0052004360589740827
0.00096920441369493149
0.066011693645316435
0.012780913571816868
0.0050184969887639803
-0.016703401807743767
0.015144539845684691
-0.0060240021779391683
-0.014300463192880537
-0.0043937870796027885
0.040700136904514107
0.010389133500465234
0.032733728347816807
0.0079120971982292627
0.016802359543335872
-0.0078772825931239712
0.0042895853165649048
0.0062537766258464579
-0.0057460512342993875
-0.00077403661662252938
-0.008387864181070329
-0.0097118548851203666
0.021341069626313096
0.015807776796609174
-0.0044736324459509211
0.011628373051933278
-0.0097234739086878522
-0.0063427467888124821
0.0056519102712973262
-0.0057644659952959965
-0.00517608078322483
0.0077663715995965861
0.048187332194948869
-0.00091576473309234302
0.013796035454434141
0.0071005532280505289
0.014286909987023774
0.013031045765631929
0.022630936808905419
0.0020076300337415194
0.0030347586203272959
0.020948422878615758
-0.0020847571713990148
-0.0031223658421209717
0.0099942232951635429
-0.00018204263806090323
-0.0055699002546519185
-0.0045856771013620123
0.002670467405609946
-0.0025066605280700221
0.001740871657660719
0.0036819228024260056
-0.0022918197797247943
-0.0072089519028312897
0.0073253835864051644
0.0039384893663429342
0.01549603670699783
0.012875982332431046
-0.0040206443504995021
0.014802964627529882
-0.0019588703096719219
0.0050046291809541519
0.014500705492942703
0.00049693375171199991
0.010569433111985188
0.0042548660122394442
-0.0011381967925034526
0.00042075946704165425
-0.0054424910123462107
0.0063356577561943968
0.00038232051139029921
0.012368235338981569
0.0048210691839221526
0.0018135840296625804
0.0041845676822632452
0.0054267537405428374
0.002230935510381454
-0.0016911001595574071
-0.00016092583868415215
0.0036210869120589908
0.0038768361796957277
-0.0024301143955332001
0.0028342799249305708
0.0020810911257966428
0.0028831376397483116
0.0098552950048698476
0.0046612429644029918
0.0041908893902965066
0.0082721398890917789
0.0037774123205282749
-0.0019170225630490425
0.0046227886267500885
0.0060585875906101049
0.00063295297451088843
-0.0020186583787498631
0.0088943452986641313
0.0024606236254509227
0.0020569816967008041
0.0012681504133317649
0.0096180706669457983
-5.8574869933391405e-07
-0.0051799598857552856
0.0047784371670037016
-0.0037416443072673155
-0.0032413217648281302
0.0026124743564152897
-0.0022337809460851433
0.00048660354435423655
-0.0021224006552555135
-0.00069432529021890303
0.0027941743960923976
-0.0023577956475031876
0.0016831709554347783
-0.00070527626000061556
0.01056154794464805
0.00013245574569985356
0.0089591790681421198
-0.0038623633845170312
-0.0019258482958384763
-0.00087047227588718122
0.009824574665034681
0.0064557748203902731
-0.00191440549447266
0.0046157340936087655
0.00034158411670188977
0.0031506873780357439
-0.0028121176148819243
0.0050599003622670263
0.00054028200591236945
-0.00092158125416805497
-0.00091857479713621654
0.0015767648896200747
0.0037295600656655197
-0.0038143971344146623
0.00057235866198349159
-0.0012204292384202162
-0.0016904943334064553
-0.0032454132506352603
-0.0041954625639716242
0.0039232760508118112
0.0025914118513047763
-0.0032372738201679996
0.001022593571712844
-0.00031235087973216925
-0.0004183581384841802
0.0056023914620261404
0.0069213869948639567
0.0029776539640836413
-0.0022946065537343581
0.003699857896852057
0.014693998876160717
0.0071588128335606273
0.0014991105846013689
-0.0010175104858348117
0.0010469795846564127
0.0011812038878312556
0.0074913684450750454
-0.001611258322096942
-0.00085933797021899515
-0.0032821652421504955
-0.0011263207214857365
0.0066356211590305201
0.0060078744689577015
-0.0035816150800433021
-6.4251764319221526e-05
0.0014750809996183043
-0.00076778498249409604
0.0011636730432849874
0.0070271795329480266
0.0009753384329920171
0.0041075984099445823
-0.001199847142589414
-7.3818221455421103e-05
-0.00074866837635561244
0.00016457562718244704
0.0093776918893661559
0.0024953249259225662
0.0099522028201556468
0.00052347918091395426
0.0050208168760913757
-0.00072875034902091754
0.0018377160740588325
0.0033275799551806722
0.0013374687384496813
0.0019696268582540624
0.0006405439665867987
0.00028771763805610014
-0.00082051318268790401
-0.0019812593394705944
0.0024989587265697665
-0.0011080754677063964
-0.0011793985986742097
2.900641016234691e-05
-0.0013827455596433934
0.00066400819795994174
0.00214787975766716
0.0036690632763177154
0.005080270225192615
0.0031405355547306879
-0.0015435181359266515
0.0086278792697573221
0.00050501264218711815
0.00059644387787798005
0.0012498056562766577
-0.00064506856386339006
0.32166651792004963
0
0
0
0
0
0
0
0
240
0.89568671807643885
0.2157286848695385
0.19597470899916486
0.042607138388239887
0.12132350206657762
0.073133519341753897
0.073352644221849547
0.10700543795091837
0.052613089110777923
0.074727031572979191
0.004734395413379092
0.029106391861661873
0.15074170781017246
0.094913772334648358
0.027678918041076125
-0.022135203667664034
-0.018888949558950534
0.044310841632819134
0.032713581303113963
-0.014798940808469198
-0.012242132690141063
0.034596403679301488
0.02904638312567262
0.0047023304892069902
0.014604411879673292
0.0012527578310645954
0.0017590918495754956
0.045296844980648697
-0.0079699290380523952
-0.0040516737046689677
0.023556370840020147
0.031691078384748946
-0.012755029157263814
0.0041444409268126467
0.016593786454935738
0.026098366810406781
0.0084742564869576681
0.0044363526058799991
-0.0033505618540302369
0.046384449501274218
-0.002546729082710504
0.0089505395511032034
0.039255769391343572
0.0043421853555655572
0.0016385570600810984
0.0044506971628002177
0.00085372168856916999
0.0018192499457296595
0.0054640266574176302
0.036411527770434153
-0.0018085864527654521
0.020951821847163543
0.0049443118571044966
0.033159631638617362
0.029155386956486676
-0.00091905177796335416
0.018025640088464717
0.026132807738347433
-0.0089730155111008448
0.0046010615225592945
0.0064427031570974819
0.0095230632255940764
0.019679913622648183
0.0015723413175645472
0.00044038134183279856
0.010735601571742602
0.013619136208651813
-0.0083923387286512271
0.010076157612827659
0.017772303802432502
0.0063844667087694955
0.015466230961234761
-0.0036253430551580947
2.1242331291881838e-05
4.6735164712276118e-05
0.0079301357805556787
0.017643427013821836
0.021825515847189433
-0.0050758292221956061
0.008640563831652388
0.024206507142452972
0.0030233345004260733
-2.2692793706691346e-05
0.0025350122795951627
-0.0073611963590380783
0.0010062261789008193
0.0009861768169991624
0.017516066782590552
-0.0029808935096482933
-0.0019103575618256588
0.011541017899299216
0.014921671277821817
-0.00649222515260163
0.0050078490208666964
0.0055200295912322932
0.0024042515250570821
0.014680390164229541
0.0060481112715287198
0.0064072554821497877
0.0033209766219646189
-0.00070738525032644354
-0.0027889304054792689
0.009390313555584829
-0.0026478090940791218
0.0088010499131155589
-0.0030423828368462431
-0.00072978300253980779
-0.002610655064581884
-0.0069842456095437237
-0.0017954777572773059
0.011161257240121319
-0.010089908175724882
-0.0086384340228182008
-0.00086159021275868889
-0.0030847663937430157
-0.0085881930667780649
-0.0049739483573976563
0.010431977541312433
0.0070647946542774257
-0.0011060996683266854
-0.0056302788666250025
0.0024028146231094348
0.00942286329886316
-0.004919345827429469
0.00035156319046366794
0.0031858188631704591
-0.0010217776684253168
0.011139020743609397
0.015480790326806973
0.0081186770822029245
-0.00028367500632268776
0.0018121466450183399
0.0046220410774258681
-0.00020788558441436805
0.00010419507613215752
0.013901393019683739
0.0070498335963074749
0.0042232840780291291
-0.0027437717176202079
-0.00052580197915142444
0.003041761858962733
0.0011838893680901365
-0.00195158690242624
0.0019328358706822218
-0.00047113658859695171
0.01225997128999564
-0.003057191764044535
0.003222256314892077
0.0058768198440813657
0.0011382306137916504
0.020278742098393268
0.0049317000223738075
0.00048273530953810005
0.0011292239612806399
0.0098978830295972531
-0.00015757894828702672
0.0067736078802676184
0.0021178243466158831
0.0060792019818739339
0.0010888055216343362
0.0071458495232377432
-0.0010166257529895092
0.0075397216847581782
-0.00031329510056555908
0.00042835634623456767
-0.006793122104098521
0.0081927049774526417
-0.0020865534318171867
1.1998916909674485e-05
0.0027729532566667749
0.0071596055663426918
-0.00018584482033264405
0.0013281154208110806
0.0062777946165784426
0.0057618690556586107
0.0021645056373005614
0.00010635476471749924
0.0089553441725401979
0.0081088355013693991
-0.0023518143722917268
0.0062655982174210419
-0.0022436604686798477
-0.002399839994678105
0.0019297506984221871
-0.0016182757983970771
-0.0018221307768269306
0.00066503107513758762
0.0011360120094741888
0.0012882234853001824
-0.0038607769647345364
0.0015638265498428242
-0.0011471156018154254
-0.0038216815565365989
-0.0023392192370066812
-0.0035409382534410602
0.0047458177575767958
0.0080895833658979933
0.001790820759650919
0.0019081559709716749
0.00051926173615052197
-0.0039376183166468497
-3.3328499856576307e-05
0.0041809449628627164
0.00089690676659644707
0.0011686584466478393
0.0039334044545379972
-0.0016660883236584143
0.0060068038442443183
-0.0064726133250103896
0.0095908756696965521
0.0011312234458191503
0.00024624500301114317
0.0062617438914911658
-0.0008123270327009426
-0.00090471383296567367
0.0030388404430133501
0.00024270226127640117
0.0011269803985367939
0.00033301261443288618
0.0017134692059772257
0.001930871786965233
0.00097618942289512975
0.007973367387021587
0.0005606914181018963
-0.00017423452932641478
0.00013608260627978591
-0.00058028555154712171
-0.00295411406708626
0.00056655694175791586
-0.00099284696615428128
0.001535990059897201
0.00038434324148171211
0.32290284060889618
0
0
0
0
0
0
0
240
0.8758442007906696
0.31426883118470855
0.20572992743116503
0.063548259596451745
0.077527814776020804
0.10035787443347197
-0.01626784130698292
0.092030134200892427
0.074826815113719691
0.0089712492985009711
0.031714700464412562
-0.017073705060229479
0.078846366928498765
0.046430211816509012
0.0153350926565254
-0.047257330361040926
0.02066099085213122
0.038059666521737819
0.080278320316028967
0.0055979458802911117
0.026947053056702558
0.075435449731661747
0.015577258913321733
0.034040976201178151
-0.014261507236254422
0.015742987942862122
0.021104530516371942
0.034441723984712638
-0.038982830595606949
0.0091083624218029971
0.035567578142773858
0.050469412871390763
-8.4692886118971773e-05
0.032511183467846531
0.033073399121039924
0.046682703541037165
-0.0032536304709639982
0.00021785017970968792
-0.010736489581556215
0.0005860773147254671
-0.00032071347522599476
0.017418998510701302
0.0099385554125565809
0.025121940365200157
0.039620542808969213
0.01728005794390795
0.017369824817861854
0.019914598250176035
-0.00012245584259492612
-0.00021638418039249493
0.016158701612124609
0.012098286778762679
0.033046830864839435
0.026743416759167849
0.015372792727281117
0.017439020849949163
0.018039996592677122
-0.0010036883995803237
-0.0085911384285219244
0.010034409486218044
-0.0093062356141395269
0.010241923128263974
-0.011314846158589943
0.00044922341245221854
-0.0098510198422326906
0.0050637238630058231
0.0072559497449433182
-0.010802759814814822
0.014670329067972407
0.017099769835094494
0.0014804080486674595
0.0010065677113885619
0.0051042986377572977
-0.0028140438687339017
0.012122471822012716
0.021018737807957252
-0.0026109552648562501
0.0051749879994854092
0.013852464735566859
0.024549626512643561
-0.0060614545105694218
0.0055456486658504904
-0.0030398209482025221
-0.007706768311204603
0.0047955233761257663
-0.0043311354632547356
0.0065719070321733396
0.0022998884981572125
-0.0079369281262898373
0.0082942364654418326
0.0036072898421999153
0.0033257118836683376
0.010064094987343829
0.0084183518600490937
0.013110571662241065
0.0022949801531395408
0.0047849678854228698
-0.00077098826668673217
0.0031887484114119864
-0.00075523455375141573
0.0015619040082575232
0.0071949460004131806
0.0042687749705286829
0.0047177794498897054
0.0055621980770415276
-0.0030658484119593906
-0.0061186911487859296
0.006560918230415976
-0.0019016250249879602
0.010834869365343759
-0.0075271741913436815
-0.00081494450870550053
-0.0014500952727316068
-0.0026678487009936906
-0.001821912039780021
-0.0011207684660782865
0.0043776902996044134
0.0070227240851398675
0.00079645577670398439
0.0081020810333665601
0.0080947117284266099
-0.0046779684418247671
0.0086404879357150407
0.0073931299611309917
0.0050061660909431309
-0.00040764165372161838
-0.00031187164981656413
0.017049874537282399
0.0060717768518000386
0.0064025698911569289
0.012887209719395836
0.0061269346691227482
0.00089623912506944282
0.0073254529896811015
0.010716964532874716
0.0037239771388841315
0.0024233197880364219
0.0039240637856633809
0.0042367967720769702
0.0067423433554320055
0.002663247838885335
0.0055141490827532221
-0.0012132753438181922
0.0068660491051423947
0.0075478644971514481
0.00060622596706380258
-0.0009017394482900027
-0.0046343855647111507
0.015761474659724464
-0.00026088234424913597
0.0054371473993391145
-0.0037514151465195427
0.01054620798148999
-0.0055277561035003671
6.422737244436923e-05
0.0031019078278165316
-0.000393276034239461
-0.00091846665756829154
-0.0047071379745368749
0.012539998135609687
0.0072972216808322079
0.0042549815656728884
0.0051199107765148655
0.0083421611192178342
0.0063964554332447358
-0.0030191947352796321
0.0047728705512446483
0.0052303528878352044
0.0039473259814950387
0.0078343811811344404
0.0019569221460385396
-0.0005407729515185583
0.00041859067758638147
0.0045909840255552318
0.0082711205538691084
0.0003856057760989887
-0.0015426843051988949
-0.0016687572537762269
0.0038225354282122588
0.0017513011729859936
0.0048785182205815939
0.0032740417360572803
-0.00101825542607771
0.0028202445922145105
0.0025143244415902276
0.0034412758912834769
0.0034423674851893696
-0.0035288225810566737
-0.0019999343998008973
0.0033770317430192104
-0.00054689054191827909
0.0035212456986888812
0.0046472725566999067
0.00072410826919552774
-0.0031068901229239399
0.0045400321628459861
-0.0036657178441065201
-0.00047038156017707624
0.0040412236932716259
0.0043114472881765238
0.00027760866348765066
-0.0025357543463396686
0.00075827018178001673
-0.0016229127837356966
0.0046530401248381908
-0.0017471458008891194
0.0029661945658563953
0.00060533942890229691
0.00098923950322772169
0.0037395389239620854
-0.00061307593074484679
0.0021924705762739324
0.0057859432706947756
0.0098038704114559137
0.0024652104607866912
-0.0003993795332536249
0.005035022875043281
0.0040632900989194609
-0.002275579180415464
0.00074096918813720228
0.00091994398157694461
0.0045240212713435809
-0.0012648029700170216
-0.0021999856401018021
-0.0024369608013003938
0.011786648911252234
-0.0012315245062407762
0.0021182327943972262
0.0032765753136228398
0.0013284764805666603
0.0085285485122538474
-0.0010180687557284547
0.0032900769008510872
0.32125125918856778
0
0
0
0
0
0
240
0.92045932371226036
0.20845985363735067
0.15693015614577327
0.1160221959684849
0.083439411365042446
0.097446557787775806
0.10222120296216676
0.086720245270922203
0.041895537938481907
0.082626874486051355
0.020536160265596334
-0.00017167382321939153
0.044888910403821383
0.0033059230882774783
0.048503445222384679
0.022064757876860474
0.010490805537268449
0.059826605152135705
-0.024113128461883931
-0.0074451597371073481
-0.022537353606679751
0.029827993940920259
0.036087792968050612
4.5309265076937006e-05
-0.0020919566971938702
0.0069170233130753499
-0.0089744841867278793
0.028185527832711003
0.0022727938434392385
-0.0053850306461383987
0.0042496902190211428
0.031313806847659137
-0.006969243326870855
-0.0050280906413871637
0.0069419285006374403
-0.00080104337661151442
-0.0045170369409138758
0.0056084909936054139
0.011114109744552358
0.030782793572680579
0.024728627536907837
0.012956536630015817
0.019914629697957639
-0.0094081481184519079
0.0065936033968618038
0.011078113133914415
-0.0085361616885682584
-0.011324417098047131
0.011560207313759317
0.026588353574205695
-0.0016495914712845842
0.014920555810980132
0.012804234055227133
0.023240364547371609
0.0048552423536438486
-0.0037589632752680572
-0.0010080851171783856
0.013342454903634419
-0.0083305755835343422
-0.0025709449717652016
0.010227580732095943
0.017197564862529463
0.02025560816876712
-0.002136259662693641
0.014254528950120728
0.0099298891468530583
-0.0018744062634714592
-0.01288098283427018
0.0036185291387829553
0.017843274479678047
0.008485249936990848
-0.0017944554829343526
0.0070581290989029039
-0.0056870233192570447
0.0021135373022328589
0.012209960581367489
0.0028334381106857797
0.012770275422248015
0.0045841302231683211
0.0021444579534453151
0.0016529070027729959
0.004174315675353724
0.0090509593224036705
0.0032124967540216876
-0.0019077337215392936
0.00563701934741414
-0.0053590707685135797
0.014227013956964431
0.0052251875125501317
-0.001924068085703667
6.0251162084108623e-05
0.016727842827736514
0.0013933623763686923
0.0034307777494385328
-0.0025216136839568441
0.010096392855828992
0.01073019061666004
0.0046873241637143646
0.010983119836495067
0.015123357464860744
0.0040118358987867924
0.0062572845244937957
0.00799223502115789
0.0028082605103056666
0.0012153092403585164
0.0073355788703924601
0.0070091772416497047
0.0044778899842373874
0.00032971208546480609
0.0042259321483630319
0.013304300369460365
-0.0040563147808238458
0.0026519818576406359
0.013450934376384397
-0.0094665998002969442
0.0034903518410659869
0.0028213911049965864
0.00027943504429503191
0.0094902597662300057
0.0036462648459206189
-0.00092764129777744646
0.0059619168481018277
0.0098052098698034416
-0.0038617304834137837
0.011380562332732132
0.002116332939601403
0.0024316589736466361
0.0051795050144535148
0.0050007914564490748
0.013114173525111308
0.0040975322239909249
0.0098877166868040507
0.013915114378859538
-0.005860089874384574
-0.0040703239323169665
0.0033124715249984418
0.00037300864322449735
0.00040794944033190896
-0.003636103535834758
0.00073227935236753138
-0.0013233120393710974
0.00057903366609102854
0.0059397681729814024
0.0098950279336329269
-0.0049635326161479292
0.0087348851228657258
0.0026222105231560738
0.003763150734694225
-0.0028800195319668015
0.0025019501807894652
0.0024617998549993792
0.0007685785989708367
-0.0013117100106930612
0.0091727518133030983
0.0045482973094802797
-0.00092334265521640073
0.013086775993501722
-0.0024751937665611311
0.0045997596696511186
0.00099754190648093806
0.00039273662495798394
0.0082284793145438115
0.0085175974011255998
-0.00069077778212056585
0.002938849365545958
0.0017160435484652654
0.0070936924108362699
0.0016169856234394056
-0.00082826627099901362
0.0034883993779007863
-0.0023609073239329033
0.0029256881280234339
0.0020386337226753729
0.0019963760697463695
0.00099912864070303919
0.0027799312649117872
-0.00065803048892900252
0.0025120252189161996
0.0016297021176779269
3.7566839604712353e-05
0.006047693470553458
-0.00057282034198378648
0.0042582477121652362
0.0041535777448358981
0.0018696185640997664
-0.001239845770153061
0.00082286748407795125
0.0067250147530501297
0.00064141912676744719
0.001078581717636265
0.0016298908238832313
0.00019335331715878044
0.0016488358652474088
0.00084365241077449804
0.0037079691026024029
0.0004364408778600665
0.0026057671689930324
0.0050202944837969658
-0.00056870832817099072
0.0013852031742223262
0.0021435027742560835
0.0010420556893617149
0.0025596145791095281
-0.00080221301263897458
-0.00066756405271485803
0.00023116553336016926
0.0008834258331882047
0.0033935237113009841
-0.0054914146797439131
0.0044621488477103524
-0.0001034621835062054
0.00021698927391428316
-0.0013165605216254796
0.0028802273350240341
0.00080150860788306391
0.0020424242579620356
0.00033525341201164684
2.5507063330555631e-05
0.0039543238289102053
4.0407123864655411e-06
0.0088883960275237921
-0.00088247845037880447
0.0016070397001424883
0.002902924403908381
0.00040622254777921183
0.00023530078070141066
0.0027387211677392057
-0.00021280897728321357
-0.00054878443255563885
-6.2761535537236008e-05
-5.5863470608012775e-05
0.00075359779496461253
0.003649396446607554
0.00076997794360760983
0.32025215848730598
0
0
0
0
0
240
0.81496045542691098
0.33854907319435329
0.19729956277045183
-0.0057774063209759877
0.15697229524194029
0.004599250017026108
-0.057871031125554001
0.12189063598849072
0.16746532422729976
-0.00051894702467333875
0.040327434189319646
0.016942326214752123
0.17803757154648303
0.17794586345902574
0.035719249620899701
0.0032409327712367929
-0.0052908159884074452
-0.00050277591427639223
0.068710755553275743
0.010238227086365551
-0.01934708805179387
0.0021298168199342525
0.017748644299533725
0.025742752479234396
0.065954258571104152
8.7342141341631438e-05
-0.022883634146829764
0.033037719251653525
0.018038743020085624
-0.0078115813570841493
0.0095117718724290999
-0.0025321641751881521
-0.01510081881107298
0.0068079550440764301
-0.00040733160686688913
0.031124546536860656
0.021399583879222649
0.01140959219264874
0.020807722270167507
0.027737119668258887
-0.0059299889946001407
-0.0004147222709083761
0.0050491751821025652
0.030184288658688083
0.023877220885319916
-0.0048205158388397824
-0.00099942825067241741
0.049392111779372028
-0.0053877705170030646
0.018364997144070999
0.040861787387125863
0.039612009782472743
0.021071407636132695
0.0090651807249796622
0.038637849495742033
0.0061706742132513316
0.021316896742483285
0.0182484892332146
-0.0055615382255246202
-0.00095610632098746271
-0.0053749126483025903
0.0041892625815265899
0.0072138664129939578
-0.003729616549062841
0.0046286349917856141
-0.0037340114638161137
0.0053416027691394821
-0.017827507437380635
0.0012023339987679437
-0.00036280427595950312
0.0092042982330771145
0.0015589743008017759
-0.013530820300494434
-0.0081593664144851696
-0.0073963249799625852
0.011133239354020592
-0.00020349955731970902
0.0084503843061959939
0.0064174760437146526
-0.0022849593517846106
0.02283796003816229
0.010103503833185439
1.9453424767565764e-05
0.031055808336353612
-0.00066910773210712682
0.0087820863583129884
0.0050006895029785208
0.030255811587773632
-0.001758730371317317
0.014245283328083029
0.013247136851819755
0.0078617465855496584
-0.009064651101080734
0.001783573905970174
0.010963310356414955
-0.0018868259975162226
0.018650174083429508
0.0030485985717985426
0.01728454565379791
-0.0013519155362657976
-0.0056006355242212138
0.0057587645683825385
0.0086455738881010876
-0.0050095471911474759
0.013061943337400307
-0.0024753890438312851
-0.0017533989398775453
0.0050250802883447894
0.0032147371432831359
0.0096792243356088378
0.014157177768622702
-0.0062719423885504262
-0.0060021319830267572
-0.0013554418064530679
-0.0031951605742619352
-0.0048851596016148309
-0.0028290888068688768
-0.0063337235297515008
0.0023479798085057711
-0.0039420548571026176
-0.0038706029769706939
-0.0029849855991210157
0.011987245842163255
0.0021417620514514249
0.0048030598479931264
-0.001099303828708981
-0.0023314467195938225
-0.0016563500861991219
0.004015249665889912
0.00047059859439786141
0.0063800728219794052
2.1194419346992819e-06
-0.0017003590852537134
0.013567366221608273
0.013384358327375679
0.0002378460019933492
0.00093431339440640953
-0.0041073773092678055
0.0016247760646572484
0.0010123151136184742
0.0091858554500284795
-0.0033710574222405184
-0.001598528534309483
-0.0014876622125660681
0.0073409326965872008
0.0077749099385049474
-0.0034433414731119345
-0.0014568026262105546
0.017567054143084307
0.0053712192410185532
0.0083923352356230808
0.0085244044616986318
-0.0074642410021764334
-0.00036481061712053151
0.012525598854774602
0.00018190260018066299
0.0018301954984861694
0.0046217632395843464
0.006132890635248061
-0.0029185077045636963
0.022692925747813477
-0.0009446667268879534
0.0022742795268636431
-0.0028637027822998023
-0.0035114326076521991
-0.0044939345172519251
0.0066081414324511648
-0.0025947300388655344
0.0085847108431500087
-0.0025491886590321062
0.013027491621524135
0.00079646342732048018
-0.00075437492880180786
0.017774372102366112
0.0027431948496599466
-0.0011764147927434436
-0.00089419715942541547
0.0012495168673902733
0.00069487637789495641
-0.00430075123211918
0.0047479461165880399
-0.0043357836111665785
-0.0013744276213490739
-0.00014231103434609598
-0.0034022444496012581
-0.0016510628896553806
0.015162854975484499
0.0017339246110003332
0.0015311430376430087
-0.0021192715326604924
-0.0012769619567129405
5.6956161946002664e-05
-0.0015207741246907984
-0.0032648129768190945
-0.0027811812791574027
0.0062492432231765916
0.0045450957436833266
-0.0015088317052705566
0.01156556114153906
0.0031262705932391228
-0.001619495574185605
-0.00062358565018393183
0.0085805249391870085
-0.000560360249537774
-0.0040688406291318887
0.010681912001946143
0.0034716907679750615
0.0045147090671637871
-0.0025437104675681559
0.0035042318154182347
-0.001925492369693183
-0.0021383040221077724
-0.00044154427035112261
-0.0012509673528523016
0.0039717709856315385
0.0056348313454623999
-0.0034585360923511865
0.0042653108143208239
-0.0034772167810943537
0.0085415513366939051
-0.00063434511019019055
-0.00055641738773524335
0.0037379477618141475
0.0001279358791005863
-0.0019499152489047169
-0.0013589172906294346
-0.00044215137448198725
-0.0030515438138420232
0.0035080446046144892
-9.671238002393557e-05
-0.002134201347175541
-0.0009333127937021698
0.0072161174309805414
0.0010181038305847896
0.0011871109643404323
0.32984619966199336
0
0
0
0
240
0.89718173293362213
0.27042588440276394
0.12004774038471029
0.015764724896953474
0.056635965087322257
0.042373312475095529
0.042543377058112779
-0.026801427380678117
0.19324121763495394
0.018550224332228069
0.048939759733020081
0.078852371816690789
0.028338596897442225
0.080475246556675054
0.011336635026507625
0.024375673348632786
-0.033028177538661892
0.022214327395903913
0.033075860981295495
0.05036732155609179
0.012258786974955988
-0.024232205403580981
-0.0046343921970856596
0.015280277809052853
0.02481996512305017
-0.024549700148087598
-0.013896255844497878
-0.015362962519251787
0.052017777551381858
0.056985281123945429
0.028003263922330008
0.010448481143891655
0.03347402339361441
0.00027496230540218999
-0.012938825767487908
-0.0097792444695238966
0.038723232488938553
0.0014924879526729924
-0.0026736668409277557
-0.026828279185873532
0.0094990912976019425
-0.0060830915522620292
0.011587577129789452
0.0027046261928253676
-0.0011612476149087767
-0.00031250657104922987
0.0024279798045326552
-0.022641939976858563
0.03551572144897059
0.032416275846799646
-0.022986931714724362
-0.0040346024985686499
-0.022520442585474098
0.008186213368310687
0.047519905333844266
-0.0074009019036101933
-0.001193096284971999
0.012269996160179384
0.043203791650037356
-0.0093013586223954087
0.011028512440288768
0.0038321007754019473
0.014386562176481165
0.015909433305377498
0.001950707018319424
0.010983977689860655
-0.014135075575016819
0.0200293531350983
0.00052984204230093661
0.0023116601747877083
-0.0042567079131461657
0.0039747397006418324
-0.009142731320984256
-0.01065353358445321
0.0041373437244138613
-0.0034733105814883512
0.0030060090191541215
0.0070157887588735953
-0.00099590305484788147
0.0039343889318526025
0.020959000404386887
0.00071485771872358765
0.0095487099001990705
-0.002865602865173227
-0.015845550638590659
0.019082827763716718
-0.0031774318796754146
-0.0096704918912673878
-0.0048437136671238079
-0.011419101562266533
0.0243855015708048
0.00085822975229212189
-0.0019656074230130485
-0.0025647860742171432
-0.0056453915171503334
0.0062156024538485019
-0.016778319900738477
0.0082730445345067204
-0.0038747456738553589
6.6975231650257788e-05
0.0022712317817107971
0.0058088642405964884
0.0045073838890181787
-0.0047997569975651126
-0.0033110291116724253
-0.0032736988954646055
0.012417257057160002
-0.0047807897900459901
5.5471414766651605e-06
0.0082818510221058794
-0.017309196959469815
0.0049177277295882321
-0.00056790353096416242
-0.0043600322503362402
0.021275367906528658
-0.0063492034673371779
-0.0041363294644437415
0.039067916322726513
0.0011637378507027383
0.002130044630763361
0.0089310773633127106
0.0064278583729600949
0.0093096723892654738
0.011184244077053023
0.0032608520108080396
0.018037927958128395
-0.0013427285421642003
-0.00032081170783315109
0.0072934634081505039
0.00096923055482596616
0.00063535942235365015
0.012174810010992314
-0.00030940893308986406
0.010499847856799728
0.00098122092373525266
0.0018875156074204544
0.00017028545958674109
0.0049358106789325418
0.015666001069842939
0.0094422513430398817
-0.00017691302336703192
-0.00030932310991276912
0.003551071679221978
-0.0037220185268001344
0.0033855149584879167
-0.0084751199089767339
-0.0013761573331539472
0.01274975394736437
-0.0050015524924069818
0.011016606107527445
0.0057178072368604229
0.0049264609194552269
0.0058044360545705083
-0.0027675444958133628
-0.0061918661314502091
0.0073801317267588023
-0.0084921341463245099
0.0011615540927452158
0.0023071576721944188
0.00012405401959090584
-0.011026199221378291
-0.0076557614986692739
0.0045150344383388568
0.003170809942914648
0.0008258271505372553
-0.0072149320101389525
0.0059505235096754166
-0.0023474598618614946
-0.0011686654075246895
-0.0022351289832974481
-0.0077268705562485909
0.0018900742984064663
-2.3317020078682847e-05
0.0047710888167667798
-0.0037168548321838126
-0.00076190140021403742
0.014770634299342755
0.0046615235043622749
0.0038737948601878023
0.0061034692729695795
-0.0013106053714268418
0.002926142277601595
0.00069844044895667917
-0.003452494594915746
0.00047546753863278099
0.0016446388256662796
0.0057993644758372485
0.0060274496683297742
0.0017145460142065584
-0.0027328706600652751
0.00015813040448202627
0.00096043505516257052
0.001569649992627751
-0.0013180356510560658
0.0071529349984928341
0.020680276309962473
-0.003903342617360769
-0.004405097075291479
-0.0013763912991605386
-0.00064056376062167158
-0.0034015728342687815
-0.00027154575568918385
0.0051400724243608597
0.015329896862175172
0.0026499675190131172
0.010543105855875243
0.00073618357673045024
-0.0042906164060398586
-0.0038003204399634006
-0.0020651179094717674
-0.0028651596210487727
0.0016699618078285293
0.0074923715143522286
-0.00064224908729706867
0.0019581710663143089
0.0028677717712858528
-0.0032899145675235543
0.0030061522818540139
0.00035415195241203523
-0.0027068244331368138
0.0024530630674685001
0.0024248069335384495
-0.0023389735258908541
0.0013225966717893888
0.0014044892250059972
-9.6309506043127163e-05
0.0044739850475571221
-0.00076526760947095095
0.0046643706796212752
0.000292070492095446
-0.0019652033402191554
0.0063340211778490675
0.0011951138316674541
-0.00032202564597203404
2.8094277743257506e-05
-0.00015573940426876599
0.32806494907822537
0
0
0
240
0.85425016974322499
0.16137434242058984
0.13944747224533061
0.11640903767813129
0.15261000537695849
0.085370648290528067
0.0030462630618927453
0.13197958513869465
0.075910300523451518
-0.017349789258498938
-0.001963764370436008
0.054609521312265173
0.12729514737616549
0.18953974488292114
0.037121785122849346
-0.01424753982447877
-0.07049399216656782
0.051598723369568215
0.039481776957368091
0.015060616144703498
-0.0119187669936153
0.044858585989501321
0.075649856014826281
0.042775379160858426
0.021610685122907959
0.043369571212140072
-0.029210816075173566
0.067072925095744459
0.033410840911255943
-0.0067198006704226911
0.013992189313423602
-0.022355728405652878
-0.021422348807430366
-0.006764156985511474
0.015274545152856783
0.092285927056274641
0.030516777741388394
0.016770860089468584
0.045202369979673383
0.072033892438662234
-0.0048806752346218897
0.0092616450119258412
0.023371630551682534
0.050593491427620735
0.011554755315388158
-0.013186215963539256
-0.0038661067954525665
0.035806209109450787
-0.011631507878760054
0.032825932226341219
0.021310119629062294
0.08022970259085084
0.015206315945698207
0.0049533836747134132
0.00027785340476034487
0.013156139419252338
0.0068296240485342411
0.0091001650940745644
0.010723503182809426
0.0076152309220565888
-0.0067867786968820887
0.017769045329708983
0.007394053717771589
-0.0033099091212179582
0.019439332795496995
-0.013068414144539672
0.039379787471615815
-0.017752055265263647
-0.0074039905228467512
0.0064239509556757142
0.033432568228889882
0.001132760647688123
-0.021734293960127177
-0.0082523533077911264
-0.0016286539005131711
0.013344214392991802
0.0082730192304268681
0.029378850567547708
0.0016948918730871614
-0.011737127674647583
0.0099258907125112546
0.013574942549178031
-0.001491174298759193
0.0266300110568784
-0.010168306768012902
0.012811720428298274
-0.015308026272077117
0.043266921991036905
0.0026281956943565218
0.022543481265042312
0.027929762504660723
-0.00015962603098882805
-0.012468316355360078
0.0051101662516480403
0.021472073279596247
0.0060915572641730776
0.048044219398399104
0.01188913059999362
0.029613280926351918
0.00028790885967198477
-0.010957464214506914
3.4731552588992186e-05
0.0054150467985036163
-0.0069665599180824093
0.019373322420011461
-0.011254571286967757
-0.0044324312984075302
0.0019171266710034736
-0.014121284299867767
0.020986385878281714
0.019902569252504533
-0.0024807275102096387
-0.0048974547070733399
-0.0060418199620565225
-0.0039279271528581969
-0.00044729805965467112
-0.015490899504935591
-0.013141021953163773
0.016929492671023044
-0.0037730604662444033
-0.014142785461237695
-0.0014440770622993013
0.00045324125436998705
0.0014530861672671736
-0.0038057246999465928
-0.007590746061392181
-0.0062034149331014104
-0.00028390365526702506
0.014181039567571337
0.0022459292055134164
-0.0026067712272765942
-0.0056449511324683198
-0.00088458495854242967
-0.0029852877051593559
0.01102275436367808
0.0089652495894148344
0.01737165131451213
-0.0079900152285423565
-0.010544862752735387
0.00019497374285584921
0.033814323523602773
-0.01027873778586871
0.0014970819141060094
-0.0066812570327598108
0.001241207349940788
0.03077219016766446
-0.0041725351574706457
-0.0035889589382630438
0.011737283792926823
0.00084313635030743624
0.013671287646350061
-0.0013961815646210353
-0.012274158164830655
0.0037319364934920618
0.0077970690047724283
0.0023677660300561345
0.0099782352780054696
0.00041397432871325551
0.0021092391362884356
-0.0050800302413713727
0.013340524463918535
0.0017183879983764239
-0.00095794104528538278
-0.0036840026682007777
-0.0084820867896743066
-0.0054917074307689381
-0.004644973468971924
-0.00066671780624518839
0.0070519100177465661
-0.0059405502219109672
0.024882557822411607
0.012991108464338737
0.011167212347509579
0.021906645195061213
0.0071082276806500944
0.0030762197534042611
0.0026238700565394393
0.0055626255091123346
0.0040142881670825166
-0.0015340845317864461
0.0089599904570345675
-0.0066835250196127871
0.0017047835121400145
0.0068634424321647458
-0.0037102731058689898
-0.0014790771579060225
0.0068644567905835957
-0.0045521572653284426
0.0012887048406640439
-0.0063624916316946589
-0.0031075178867636601
-0.0041585884155846634
-0.00429478029915485
-0.0038639155006481339
-0.0082814094946317557
-0.0045507091276719225
0.020390117630660384
-0.0030818048255651649
0.0080584611094599249
0.0020715134999925514
0.0012697345546480556
0.004619793407890144
0.0049124451625895951
0.0044481603285769977
-0.0030208609370614209
0.003789197010568185
-0.0052830344028626432
0.025463400575252891
-0.001557536841128483
0.014538583609622362
0.004452195364260573
-0.0011769997604156208
-0.00020980038516396428
-0.0016426342680645808
0.00020586124714496581
-0.0057305413800272341
0.0025741392437223466
0.0033307796489130616
-0.0049401416580650117
0.0025074004114113168
-0.0053915815895154663
0.0057172921330641462
0.0092677951954702256
0.0026469926224670188
-0.0036752557806579156
-0.00017900048978835456
0.0026516861170901842
-0.0040945138437972596
-0.0019597670495946581
0.0015441728445901803
0.0022893985462910647
0.00031742000060663666
0.0094933447794884138
0.0022671988524759616
-0.00063244136860989778
0.014334058222849699
-0.0030661635468436153
0.33863281726055178
0
0
240
0.89791961482030858
0.086938719469995138
0.19905778862574161
0.15519995047672006
0.0087973514062473848
0.10296339949191517
0.16521076517927033
0.11560370552963314
0.0020077420810089485
0.15069794665762157
-0.017656964370403875
0.032960448180325869
0.066098159173243701
-0.008784737372488553
0.073685555182694415
-0.0067712323487278854
0.0097785343680060876
0.053031177761692014
-0.028284151164414892
0.0018609823395853951
-0.039971204480978059
0.045463235355143433
0.050513574384638216
-0.0011509799816823529
0.00050011237003810024
-0.0012787716583917649
0.0069210262919015856
0.026886187168179868
-0.003589473163981343
-0.01236306088969185
0.0022107195830583406
0.0279199690315944
-0.010282618230467219
-0.0066041527652483511
0.019433412312329697
-0.0320878265693086
-0.0076528447095008788
0.0060451409944878584
0.0080781527564664415
0.029392946464039827
0.02474923256532183
0.029051977125851277
0.03260546531873821
-0.018862454646754578
-0.011431250335203879
0.0055481571427163602
-0.014122504348419001
-0.012809757040314482
0.010140323183570641
0.021348150737597986
-0.0086612908339992432
-0.0031007813068197687
-0.0060014132715772977
0.0095096627301172517
0.0075402040787529451
-0.014863770374741498
0.0082256388598165066
0.022271857421671259
-0.015811923936506319
0.0052799797983751539
0.030561066670243987
-0.0037819608154445726
0.040484760547483005
0.0043163241549650675
0.0057403770909120631
0.018315113078396606
0.00011312139178427877
-0.0076695070163021435
0.0054360458400124576
0.00013678317273580756
-0.00587404753038419
0.021196111790226933
0.0040482393966939697
-0.0028480852607380256
-0.0045916179968347555
0.0011582755593629861
0.029776996715572986
0.014997827190076462
-0.004215562086399078
0.0017902277088149465
0.010233326676004602
0.0037559609957301923
0.0072640571517626398
-0.00085358394064468908
-0.00090184610009916635
-0.002511461427353976
-0.002639085743988712
0.0086936041212492196
0.010686574646537675
-0.0075251371830099053
-0.0058029132642283023
0.010924880886577655
-0.0055473867154947594
-0.00059320159357939962
-0.00046661570519234547
-0.0010321155942772601
-0.0013925009064575278
0.0023641835229415015
0.0060671161050545909
0.023311752522614176
0.0097579639867902031
-0.0045415047580908774
-0.00055691309578098788
0.012447667281928315
0.0019176705276943652
0.016724845932803361
0.001203889887154584
0.0008591461735942982
0.001546710123012056
-0.0089652555735804801
0.012097808676650074
-0.0077158488278955585
-0.00020061906800074742
0.022966610306541207
-0.0059173318002547779
-0.0029972067043160296
0.0014036197928940016
-0.0022466957496974352
0.012025375963036765
-0.0019249265353538218
-0.0023429172554193297
0.0054428331685826481
0.0047660734416664794
-0.0066286577856270795
0.0045839449959501231
0.0041024197125345491
0.010624613873300952
0.0035764884008739452
0.0023075359999281319
0.0080052938131182274
0.00028518291890383115
0.0016253274297269992
0.010442368822354267
-0.00367405987074152
-0.0029956303689670978
0.0112481143879098
-0.0062007554310888266
0.011107097483580677
-0.002397225241474849
-0.0023253730120747756
-0.0085348575374655268
0.0010798215013412217
0.002428712605791479
0.017690335900193154
-0.0044071274652541063
0.010505039566185318
0.0010851943308822359
0.0027668205153633437
-0.0033729020867691441
-0.0015821045438698745
0.002945882949212992
0.00095258549708484013
-4.9180451089162009e-05
0.017769647131793492
0.0027803904711721692
-0.0023716864929596354
0.016649381801336533
-0.00072570745867914384
0.0036699719213450057
-0.0030865242231443617
-0.0024557201632670407
0.0025363007880665426
0.0067930883918038464
0.00082080026844440646
0.0071860971747724931
0.0051352633596412137
0.0032874752390420914
0.00045054391725528239
-0.0024624899221482783
0.0025511125176596893
-0.0024139707443567235
-0.0040597851121426934
-0.0031430013752346388
-0.002723253899184343
-0.001999901915994817
0.00040564166241166679
-0.002692126239560009
0.0078021934547193679
0.0045523213508600431
-0.0030435892359382119
0.0024640145583189909
-0.00050870502545096721
0.0017399392454468638
-0.00057377742193937909
-0.0003508298486355539
-0.00039128256043386903
-0.0014783048848578779
0.011459964821068183
0.0078492809226323838
0.0030570456883495527
0.01170764769372341
-0.0012670075719225207
-0.0024045520173229459
-0.00039837451852762205
0.0016083926783584737
-0.0017562329986262699
0.01104827016783373
0.0093702081890623644
-0.0017141951737508986
-9.5260512902167941e-05
0.0020319315267420821
0.005337753801795745
1.1934469385920526e-05
-0.0027150615555375877
-0.0016206356384967395
0.00038896676172328631
0.0005834476711114473
0.00065113929560562875
-0.0098833950143187386
0.0022762085109386747
0.0026092557020424277
0.0009620993748857056
-1.9017355779132918e-05
-0.0030686841061427685
-0.00054004772047609891
0.0016521808378336372
-0.0039193787607369867
-0.0013723056879778605
0.0080620098220295505
-4.6241207562268811e-05
0.0061054747330291839
-0.0036979008004545274
0.0050913838138016377
0.0095450849618527109
0.0066079457479747165
-0.0038312060444273218
-3.3442809579338317e-05
-0.0016134825756501704
-0.0010578211685387349
-0.0015242738290712759
-0.0031884591217004256
0.0002489609466465765
0.0042328993758789452
-0.0026894564621753308
0.007458239189834551
-0.00020148859077530391
-0.00081527555996236756
-0.0041406216045280783
0.32657285503648731
0
240
0.88995247674257971
0.28905170648504236
0.18724254471072463
0.14849517338693891
0.013558531397612211
0.13483772780203152
0.007174008746694974
0.077591198483012949
0.09298728085494673
0.0015954110683271498
0.010396448587756766
-0.0027421943191090229
-0.004356518054399048
0.023321476076237042
0.035221913501187425
-0.0093439872058601429
0.010698944916663988
0.046391930185615028
0.026601752147288396
0.058562534735765726
-0.0050505825245332637
0.054685723994446246
0.026358259799634402
0.048309227167895187
-0.018153177158991503
0.012204471875764353
-0.013991797459653585
0.00023179936316127748
0.0040802204690458012
0.036776744234389584
0.03132052816890124
0.039083562023864725
0.018166334135883318
0.0093254149730910233
0.015680493514366917
0.010704179540285168
-0.0013461768060108687
0.01693629872748462
0.0074771686288184402
-0.017647119541177952
0.015271674162191311
0.025833066679588151
-0.0040599745486056349
0.022222390246752249
0.031388692628520898
0.013673564157022321
-0.0062983031400529015
0.00016342627278107951
0.0074057567116717592
0.012394681226234685
0.0049366243977245275
0.010238398735836556
0.01637289501258091
-0.0014682350599876882
0.0082113761415216618
0.00038796987030312308
0.0062236284672131511
-0.0037578158332586429
0.011131688781396882
0.00098290337833009103
-0.00057568775040357865
0.0034119921581932749
0.0084922193786712667
-0.0018306164449186626
0.0051109556420790682
-0.002278508827205547
-0.0020679999208890057
-0.0013721499418979757
0.0054658768280372565
-0.00015372526493761754
-0.0024320723638378032
0.0027640495871513781
-0.0013294395911849703
-0.015870511666568023
0.012980362885635815
0.024442728914394259
-0.0064629428383459822
0.007285301060465728
0.018349314441147804
0.0084047743082586758
-0.0062345162512666219
0.018370429919317002
0.0033155409724944527
-0.005856402631249401
-0.0080342092571008446
0.0065503079257070128
-0.01113730696933349
0.002904177083195375
-0.0038579886852740625
0.0043397141957271174
0.0068549572554775359
-0.0025441464928541387
0.0034025909966850744
0.0061528238284244601
0.0070134326118572706
0.0043015981452907406
-0.0047274569316026645
0.0016620881741290746
0.0091796576267746
0.0084694191776434804
0.008684864648696505
0.0043061160238814216
-0.0015998125961925584
0.0068840282233121157
0.0088110513342867496
0.009978386567506185
0.0015112724906321603
0.012103649650112276
0.0038674427921491497
0.015876879891583609
-0.0076028308919410571
0.013474436053949124
0.015127638040174507
0.001733167325729051
0.0038609076449003486
0.012670019449871575
-0.00084377096589852716
0.00047625830823091645
0.0089069282890528317
0.010253114720087346
0.0046743686097249215
-0.0016821883021948456
0.006409068536663909
0.011551082703976227
0.0068441038342234332
0.00070901050740267201
-0.0032042935041365237
0.007063637042831074
0.0017649599998374682
0.0053155672153282225
0.015048724464953643
0.010322754315076408
0.0046991835461224971
-0.0017678479004593268
0.0038530406836243705
-0.00099373260330024764
-0.0035045559604244716
0.0056532235172873117
0.0021929570735432619
0.016475223681592432
0.00051438982971856542
-0.0025349831305513711
0.0053263316249187011
0.009312811155777246
-0.003484720618328213
-0.0015781605157718591
-0.0030599320123230367
-0.0018561873567342927
-3.2853227037086192e-05
0.0011232897759082439
-0.0021770394182196963
-0.0066619403968931484
0.0036828644806434917
0.0030971629771792621
-0.0061765091628668538
0.0082187038127984682
-0.0019471590310001859
-0.0026941426181558148
-0.0028575677366579032
0.0028869968182826536
-0.001568751318928761
0.006964749593996615
0.0033102494621765539
0.0096122096864976626
0.0053409268030487301
0.0023180186878836652
0.0013495042590395108
0.0070773797402049095
0.0045614740999333188
0.0016047090466604422
-0.001719261269049268
0.0041942275043561706
0.00093951767818661045
0.0039084157924608696
0.0023753329614065793
-0.0026867275119989487
0.0018543954861499666
-0.0021307698849729688
-0.00065887653079380265
0.0093559739651951253
0.001008235640983718
0.003219391401810252
0.0048252444484569194
-0.00083148844966918635
0.0045630178427422067
0.0026709376213987384
0.00054029478413105032
0.0018742425335309565
-0.0016883296661368242
0.0026394178421883367
0.0034991548710264597
0.0024555306026049256
0.0099889346158821245
0.001724012914331172
-0.00074262907274175139
0.0011437924596851884
-0.0027209061333717129
-0.004890603828902205
0.0039936226204043187
0.0064499850484325766
0.0093230298189290618
-0.00037988723790237464
0.00011084880110888903
0.0022288739407885349
0.0016196367474927891
-0.0013409020813868334
0.0045719980928834239
0.00097074302251289437
0.0018461723898462728
0.00024429782154556398
0.0040670892606197535
0.0042041720236621269
0.00367309051601955
0.0092466691954276748
0.0072943390172941465
-0.0042047092655344911
0.0018105595389734204
0.0063527493548314416
0.00048401123345784855
0.00061531222189836374
0.0014034005203096614
0.0061368482122674192
-0.0041742532562143893
0.002600167276179126
0.0024103471060962886
0.0051666102409360076
0.0041659051939577372
0.0018475192190384321
0.0038458326620584081
0.0040178952241533951
0.001957785728164079
0.00015604927960094256
-0.00046068443167942365
0.0043183284094215528
0.0016044323789805299
-0.00079084059078068632
0.0025670197493200798
0.00085947890733885867
-0.0016919029493398842
0.32151840093813489
