MLCPP_ARCHIVE_V1
100
256
4
206
42
0.55800473977878762
100
169
3
206
-0.21038306572341714
1
62
1
102
1.001460911914664
2
35
2
87
-1.3493623354538591
3
16
3
8
-1.1301844266922483
4
5
0
1
0
-1
-1
3
7
-0.32492665521219993
6
15
3
6
-0.64364129120248059
7
10
0
2
-0.58369551497834427
8
9
0
1
0
-1
-1
0
1
0
-1
-1
0
4
0.12391799820515725
11
14
0
3
-1.0017843171737479
12
13
0
2
0
-1
-1
0
1
0
-1
-1
0
1
0
-1
-1
0
1
0
-1
-1
3
79
-1.67360397417609
17
20
0
2
-1.0409528243118658
18
19
0
1
0
-1
-1
0
1
0
-1
-1
0
77
1.2995015280370403
21
34
0
76
-0.66775773815013872
22
27
3
44
-1.644614481792084
23
24
0
1
0
-1
-1
2
43
-1.0935799508436665
25
26
0
11
0
-1
-1
0
32
0
-1
-1
0
32
0.68350936933277751
28
31
2
25
-0.51316682355733712
29
30
0
17
0
-1
-1
0
8
0
-1
-1
0
7
0.90344511491804913
32
33
0
2
0
-1
-1
0
5
0
-1
-1
0
1
0
-1
-1
1
15
2.0197062559792522
36
61
2
14
-0.11620067226031927
37
54
3
10
-1.0593291546289951
38
41
2
2
-1.05108895393654
39
40
0
1
0
-1
-1
0
1
0
-1
-1
1
8
1.5791705582994022
42
49
2
5
-0.60058952509197616
43
46
1
2
1.1091615781319102
44
45
0
1
0
-1
-1
0
1
0
-1
-1
0
3
0.01192220080736528
47
48
0
1
0
-1
-1
0
2
0
-1
-1
2
3
-0.52155833751219471
50
53
0
2
-0.80150386520529349
51
52
0
1
0
-1
-1
0
1
0
-1
-1
0
1
0
-1
-1
2
4
0.13251219723513927
55
56
0
1
0
-1
-1
2
3
0.52718336909824792
57
60
2
2
0.38587598395547784
58
59
0
1
0
-1
-1
0
1
0
-1
-1
0
1
0
-1
-1
0
1
0
-1
-1
1
104
-1.6734182703362088
63
84
2
11
1.0960368112365808
64
83
2
10
0.7001683727160356
65
72
0
4
0.090479269447943322
66
71
1
3
-1.9058612381156617
67
70
2
2
0.59774647232548939
68
69
0
1
0
-1
-1
0
1
0
-1
-1
0
1
0
-1
-1
0
1
0
-1
-1
2
6
0.81643363708128081
73
76
0
2
0.54026870502016711
74
75
0
1
0
-1
-1
0
1
0
-1
-1
2
4
0.97190082453290882
77
82
0
3
-0.0060501876954465184
78
79
0
1
0
-1
-1
1
2
-1.7987617996622323
80
81
0
1
0
-1
-1
0
1
0
-1
-1
0
1
0
-1
-1
0
1
0
-1
-1
0
93
0.42291979591827422
85
120
3
46
0.12247886441385869
86
105
3
14
0.078251297972551315
87
96
2
9
0.74806604047259628
88
95
2
8
-0.46367878137976726
89
92
2
4
-0.67681853928765068
90
91
0
1
0
-1
-1
0
3
0
-1
-1
0
4
-0.081876142495825088
93
94
0
2
0
-1
-1
0
2
0
-1
-1
0
1
0
-1
-1
1
5
1.3578787327490185
97
104
0
4
-0.6526288620210221
98
101
0
2
-0.80384064400550337
99
100
0
1
0
-1
-1
0
1
0
-1
-1
2
2
-0.33786215841459877
102
103
0
1
0
-1
-1
0
1
0
-1
-1
0
1
0
-1
-1
0
32
-0.96775270442639783
106
107
0
1
0
-1
-1
1
31
-0.85151968951355483
108
115
2
18
0.77224745687589369
109
112
3
7
0.73770129632711945
110
111
0
4
0
-1
-1
0
3
0
-1
-1
0
11
0.0990101180156336
113
114
0
2
0
-1
-1
0
9
0
-1
-1
1
13
-0.18653948427952294
116
117
0
1
0
-1
-1
3
12
0.45087796507528632
118
119
0
5
0
-1
-1
0
7
0
-1
-1
2
47
1.4131196072960088
121
150
0
27
0.84263234974118995
122
135
3
8
1.050771281150884
123
128
0
4
0.56093786470693829
124
127
3
3
0.66353817049673103
125
126
0
1
0
-1
-1
0
2
0
-1
-1
0
1
0
-1
-1
0
4
0.77643661757111815
129
132
1
2
-0.86448047371679315
130
131
0
1
0
-1
-1
0
1
0
-1
-1
3
2
1.8377772149886025
133
134
0
1
0
-1
-1
0
1
0
-1
-1
1
19
0.33353713137705721
136
143
3
9
1.5404958217216844
137
140
2
5
0.78450123320748233
138
139
0
1
0
-1
-1
0
4
0
-1
-1
2
4
1.2413122540811046
141
142
0
3
0
-1
-1
0
1
0
-1
-1
1
10
1.1396759841248483
144
147
3
4
-0.095435065283680773
145
146
0
3
0
-1
-1
0
1
0
-1
-1
1
6
1.7810527007262249
148
149
0
5
0
-1
-1
0
1
0
-1
-1
3
20
2.1672453202633486
151
166
0
18
1.3902519583691544
152
159
1
14
-1.127065488838974
153
156
0
3
1.0222133601563856
154
155
0
1
0
-1
-1
0
2
0
-1
-1
2
11
1.5292871193162751
157
158
0
2
0
-1
-1
0
9
0
-1
-1
1
4
-0.21503753406518489
160
163
2
2
1.8628408471064071
161
162
0
1
0
-1
-1
0
1
0
-1
-1
0
2
2.1104284031739944
164
165
0
1
0
-1
-1
0
1
0
-1
-1
0
2
1.735033548049483
167
168
0
1
0
-1
-1
0
1
0
-1
-1
181
2
206
1.2414222307869234
1
128
0
178
0.96536301748581166
2
95
3
150
0.081705753159529104
3
54
0
105
-1.2202818643386144
4
25
0
25
-1.6970357270185101
5
12
3
4
-0.83567270980920194
6
11
0
3
-1.7710141740209935
7
8
0
1
0
-1
-1
3
2
-1.0163837405852891
9
10
0
1
0
-1
-1
0
1
0
-1
-1
0
1
0
-1
-1
0
21
-1.2831071673657326
13
20
1
18
0.72772574749000984
14
17
0
15
-1.3437636749538038
15
16
0
13
0
-1
-1
0
2
0
-1
-1
0
3
-1.4272954431978713
18
19
0
2
0
-1
-1
0
1
0
-1
-1
0
3
-1.246183770585338
21
22
0
1
0
-1
-1
3
2
-1.4850975774051385
23
24
0
1
0
-1
-1
0
1
0
-1
-1
2
80
-0.83923333098844299
26
39
3
27
-1.2904036179804965
27
32
3
3
-1.597692241304054
28
29
0
1
0
-1
-1
1
2
-0.10268392049798747
30
31
0
1
0
-1
-1
0
1
0
-1
-1
2
24
-1.1235552659599959
33
36
2
10
-1.5901313773088537
34
35
0
1
0
-1
-1
0
9
0
-1
-1
3
14
-0.67543379569363327
37
38
0
11
0
-1
-1
0
3
0
-1
-1
2
53
-0.1441891266707449
40
47
1
42
0.9097897062257041
41
44
1
32
0.028741686362012464
42
43
0
9
0
-1
-1
0
23
0
-1
-1
0
10
-0.44851243632150184
45
46
0
7
0
-1
-1
0
3
0
-1
-1
0
11
0.40500274641035905
48
51
3
7
-0.39208997368626169
49
50
0
1
0
-1
-1
0
6
0
-1
-1
1
4
0.34421269719525532
52
53
0
2
0
-1
-1
0
2
0
-1
-1
2
45
0.84993249088154332
55
72
3
28
0.22447140997918369
56
63
1
6
-0.32379045615364643
57
58
0
1
0
-1
-1
3
5
0.13063554778002029
59
60
0
1
0
-1
-1
0
4
0.43412961752591628
61
62
0
3
0
-1
-1
0
1
0
-1
-1
1
22
-1.9398884072279181
64
65
0
1
0
-1
-1
3
21
0.68424144515023466
66
69
2
12
-0.11799612148872973
67
68
0
7
0
-1
-1
0
5
0
-1
-1
1
9
0.13240836763224939
70
71
0
7
0
-1
-1
0
2
0
-1
-1
2
17
0.97119916216388302
73
84
0
7
0.18667132829307687
74
79
1
3
-1.1988323782093548
75
78
0
2
-0.52463315986543502
76
77
0
1
0
-1
-1
0
1
0
-1
-1
0
1
0
-1
-1
0
4
0.302129063258124
80
81
0
1
0
-1
-1
1
3
-1.6262379117511403
82
83
0
1
0
-1
-1
0
2
0
-1
-1
2
10
1.0668788492242693
85
90
1
4
-0.81313474263487961
86
89
3
3
1.5306940791325672
87
88
0
2
0
-1
-1
0
1
0
-1
-1
0
1
0
-1
-1
0
6
0.0034742364498006606
91
92
0
1
0
-1
-1
1
5
-1.6171261490531861
93
94
0
2
0
-1
-1
0
3
0
-1
-1
3
28
0.52571129873871869
96
115
2
21
-1.1198484053243458
97
98
0
1
0
-1
-1
3
20
0.42601769567131043
99
114
1
19
1.3682946989993496
100
107
1
15
1.0962889506230593
101
104
3
10
-0.59347516611542295
102
103
0
3
0
-1
-1
0
7
0
-1
-1
3
5
-0.47227447685925167
105
106
0
1
0
-1
-1
0
4
0
-1
-1
1
4
1.5086755746238605
108
111
0
2
1.6245900940386759
109
110
0
1
0
-1
-1
0
1
0
-1
-1
2
2
-0.13448078755817577
112
113
0
1
0
-1
-1
0
1
0
-1
-1
0
1
0
-1
-1
0
7
1.0415630039903718
116
119
1
2
-0.9891859015538722
117
118
0
1
0
-1
-1
0
1
0
-1
-1
1
5
-1.0476835042825785
120
127
1
4
-1.5039255861267906
121
124
0
2
1.1814279955259703
122
123
0
1
0
-1
-1
0
1
0
-1
-1
2
2
1.1653702270496507
125
126
0
1
0
-1
-1
0
1
0
-1
-1
0
1
0
-1
-1
2
28
1.7409007365189084
129
158
0
16
1.1028307058155964
130
151
2
12
1.4117962346231325
131
142
1
7
-1.3401562186902887
132
135
0
2
-0.071395229413961953
133
134
0
1
0
-1
-1
0
1
0
-1
-1
0
5
0.17665567979741248
136
137
0
1
0
-1
-1
0
4
0.22866833713112347
138
139
0
1
0
-1
-1
1
3
-0.50176455183439506
140
141
0
2
0
-1
-1
0
1
0
-1
-1
3
5
1.6365206471982841
143
148
3
3
1.4607089014111705
144
147
3
2
1.3931474016173115
145
146
0
1
0
-1
-1
0
1
0
-1
-1
0
1
0
-1
-1
3
2
1.9057455178648794
149
150
0
1
0
-1
-1
0
1
0
-1
-1
1
4
-0.98665598894574069
152
155
3
2
1.7117655673108967
153
154
0
1
0
-1
-1
0
1
0
-1
-1
0
2
1.1962791751981225
156
157
0
1
0
-1
-1
0
1
0
-1
-1
3
12
1.3153202441227156
159
160
0
1
0
-1
-1
1
11
-0.56333632453528637
161
168
3
4
1.9948897421050655
162
163
0
1
0
-1
-1
0
3
1.0289562357882274
164
165
0
1
0
-1
-1
3
2
2.2536125397850393
166
167
0
1
0
-1
-1
0
1
0
-1
-1
2
7
1.9517961270986084
169
174
3
3
1.7185015520776572
170
171
0
1
0
-1
-1
0
2
1.7610627377297825
172
173
0
1
0
-1
-1
0
1
0
-1
-1
3
4
2.0880698060154463
175
180
3
3
1.8598715833156185
176
177
0
1
0
-1
-1
0
2
1.0446044576251554
178
179
0
1
0
-1
-1
0
1
0
-1
-1
0
1
0
-1
-1
177
0
206
0.95075551736644814
1
104
0
159
0.010903964316237191
2
41
0
101
-0.15699175881193028
3
26
2
92
0.31829756367837492
4
19
2
88
0.14392912222504783
5
16
1
86
-0.48801267378523017
6
9
1
2
-0.6407523218565
7
8
0
1
0
-1
-1
0
1
0
-1
-1
0
84
-0.37471832336391508
10
13
0
77
-0.8212588909069134
11
12
0
53
0
-1
-1
0
24
0
-1
-1
1
7
0.47437295319087058
14
15
0
1
0
-1
-1
0
6
0
-1
-1
0
2
-0.51135999456179748
17
18
0
1
0
-1
-1
0
1
0
-1
-1
3
4
0.022931631591869533
20
21
0
1
0
-1
-1
1
3
-1.6400428767138242
22
23
0
1
0
-1
-1
0
2
-0.38628231532101542
24
25
0
1
0
-1
-1
0
1
0
-1
-1
0
9
-0.069088283193484756
27
40
1
8
-1.4826431443921217
28
31
0
2
-0.10488722109167627
29
30
0
1
0
-1
-1
0
1
0
-1
-1
2
6
-0.28352553655481461
32
35
2
2
-0.66385163994037777
33
34
0
1
0
-1
-1
0
1
0
-1
-1
3
4
0.66711019963038776
36
39
2
3
0.41151982071541582
37
38
0
1
0
-1
-1
0
2
0
-1
-1
0
1
0
-1
-1
0
1
0
-1
-1
3
58
-0.38811123291414518
42
63
3
16
-1.1980107217347857
43
46
0
2
0.3985255358827578
44
45
0
1
0
-1
-1
0
1
0
-1
-1
2
14
-0.87221594898037924
47
52
1
3
0.12498458789543532
48
49
0
1
0
-1
-1
1
2
0.30985431007091929
50
51
0
1
0
-1
-1
0
1
0
-1
-1
0
11
0.53444365249309089
53
58
1
8
0.51189805151873302
54
57
3
7
-1.0635030279672735
55
56
0
1
0
-1
-1
0
6
0
-1
-1
0
1
0
-1
-1
2
3
-0.26763573126718376
59
62
0
2
0.75341039355726147
60
61
0
1
0
-1
-1
0
1
0
-1
-1
0
1
0
-1
-1
3
42
0.63207750970140986
64
79
2
16
-0.16238378511415053
65
72
0
4
0.21718592398531641
66
67
0
1
0
-1
-1
1
3
1.5840331039337332
68
71
1
2
0.87774031138186981
69
70
0
1
0
-1
-1
0
1
0
-1
-1
0
1
0
-1
-1
3
12
-0.32761931401609679
73
74
0
1
0
-1
-1
2
11
0.54857000044604343
75
76
0
1
0
-1
-1
1
10
1.2378316755796499
77
78
0
9
0
-1
-1
0
1
0
-1
-1
3
26
1.0304250579886141
80
89
2
12
1.2838114332421759
81
88
0
11
0.19781762938560143
82
85
2
2
1.0978476273729891
83
84
0
1
0
-1
-1
0
1
0
-1
-1
2
9
1.0895387462525135
86
87
0
6
0
-1
-1
0
3
0
-1
-1
0
1
0
-1
-1
0
14
0.57760569687716123
90
97
2
7
1.1857821207556578
91
94
0
3
0.29584533397533408
92
93
0
2
0
-1
-1
0
1
0
-1
-1
1
4
-1.1561732418584585
95
96
0
2
0
-1
-1
0
2
0
-1
-1
3
7
1.7135153233359226
98
101
3
5
1.4704315011409888
99
100
0
1
0
-1
-1
0
4
0
-1
-1
3
2
2.080441886502236
102
103
0
1
0
-1
-1
0
1
0
-1
-1
3
47
0.23091712397731889
105
140
1
20
1.125355053944415
106
123
3
11
-0.66388328486225012
107
110
0
2
1.1790133552336486
108
109
0
1
0
-1
-1
0
1
0
-1
-1
2
9
-1.3393040583784903
111
112
0
1
0
-1
-1
0
8
1.1765842442037668
113
118
0
3
1.0975783905476317
114
115
0
1
0
-1
-1
1
2
0.79322628706012899
116
117
0
1
0
-1
-1
0
1
0
-1
-1
0
5
1.2503149404626972
119
120
0
1
0
-1
-1
0
4
1.4404183251699463
121
122
0
2
0
-1
-1
0
2
0
-1
-1
2
9
0.030858129658103639
124
133
2
5
-0.31100828538503417
125
130
1
3
1.5739287855915951
126
129
1
2
1.1580759928429025
127
128
0
1
0
-1
-1
0
1
0
-1
-1
0
1
0
-1
-1
0
2
1.4321728409082397
131
132
0
1
0
-1
-1
0
1
0
-1
-1
0
4
1.9108087127491515
134
139
1
3
1.4176111314161086
135
138
0
2
1.3439901403039851
136
137
0
1
0
-1
-1
0
1
0
-1
-1
0
1
0
-1
-1
0
1
0
-1
-1
1
27
-0.39257625403554042
141
164
1
20
-0.66340075879786975
142
153
0
14
1.0177861402467498
143
144
0
1
0
-1
-1
1
13
-1.2270376933811282
145
148
3
2
1.4339376584540038
146
147
0
1
0
-1
-1
0
1
0
-1
-1
3
11
2.0525525184018392
149
152
3
10
1.3725636428341033
150
151
0
4
0
-1
-1
0
6
0
-1
-1
0
1
0
-1
-1
2
6
2.0866636700055108
154
161
2
4
1.5456791464692223
155
156
0
1
0
-1
-1
0
3
1.0173532381123671
157
160
3
2
1.9486508928321415
158
159
0
1
0
-1
-1
0
1
0
-1
-1
0
1
0
-1
-1
3
2
1.8858049957865222
162
163
0
1
0
-1
-1
0
1
0
-1
-1
0
7
1.4968795984366001
165
170
2
3
2.0345325257180207
166
169
0
2
1.4547357227004283
167
168
0
1
0
-1
-1
0
1
0
-1
-1
0
1
0
-1
-1
0
4
2.3481270906731151
171
176
1
3
0.31070186883215439
172
173
0
1
0
-1
-1
3
2
0.44367505933628021
174
175
0
1
0
-1
-1
0
1
0
-1
-1
0
1
0
-1
-1
161
2
206
-1.3492188596101131
1
18
1
9
0.41100872440562553
2
7
0
3
-0.77933721432966307
3
6
1
2
0.1841099229501863
4
5
0
1
0
-1
-1
0
1
0
-1
-1
0
1
0
-1
-1
0
6
-1.0236435387292415
8
13
1
3
0.54844338911910528
9
10
0
1
0
-1
-1
1
2
0.98778236552445675
11
12
0
1
0
-1
-1
0
1
0
-1
-1
2
3
-1.4709650287475358
14
17
1
2
0.81172611303861131
15
16
0
1
0
-1
-1
0
1
0
-1
-1
0
1
0
-1
-1
1
197
0.038884842739262737
19
74
1
95
-0.17833414758161181
20
47
3
76
-1.8978144782879396
21
22
0
1
0
-1
-1
1
75
-0.59243311271675547
23
36
3
61
0.77542923530680263
24
29
0
24
-0.6716606909339895
25
26
0
1
0
-1
-1
2
23
1.3120349178720307
27
28
0
22
0
-1
-1
0
1
0
-1
-1
1
37
-1.0388679627549144
30
33
3
20
1.5011109503847939
31
32
0
14
0
-1
-1
0
6
0
-1
-1
3
17
1.9125418034998605
34
35
0
13
0
-1
-1
0
4
0
-1
-1
1
14
-0.49366468035850986
37
40
0
2
0.27954595533841031
38
39
0
1
0
-1
-1
0
1
0
-1
-1
2
12
1.5911704753571088
41
44
1
10
-0.34660669268618727
42
43
0
4
0
-1
-1
0
6
0
-1
-1
0
2
1.3190782807301937
45
46
0
1
0
-1
-1
0
1
0
-1
-1
1
19
-0.08487910566804209
48
63
2
8
-0.78393813200789642
49
54
0
3
-1.3496245364818615
50
51
0
1
0
-1
-1
1
2
-0.13968588857991185
52
53
0
1
0
-1
-1
0
1
0
-1
-1
2
5
0.12109344185803189
55
60
0
3
-0.45838543253898056
56
57
0
1
0
-1
-1
3
2
-0.71093992918173488
58
59
0
1
0
-1
-1
0
1
0
-1
-1
0
2
2.4649554658189863
61
62
0
1
0
-1
-1
0
1
0
-1
-1
3
11
0.86550485185911219
64
73
0
10
-0.75863845612287784
65
70
2
8
-0.61712136815771956
66
69
1
7
-0.033994895006535963
67
68
0
5
0
-1
-1
0
2
0
-1
-1
0
1
0
-1
-1
0
2
-0.2281405426228324
71
72
0
1
0
-1
-1
0
1
0
-1
-1
0
1
0
-1
-1
3
102
-0.34004278103906693
75
114
0
55
-0.68659782218327625
76
101
3
30
-0.87261672421246084
77
92
1
15
0.43163331419047246
78
85
2
10
-1.0283365702923628
79
82
0
2
-1.2025935610531826
80
81
0
1
0
-1
-1
0
1
0
-1
-1
0
8
-1.421983397487766
83
84
0
4
0
-1
-1
0
4
0
-1
-1
1
5
0.58388822164543108
86
89
0
2
-1.7046473850686366
87
88
0
1
0
-1
-1
0
1
0
-1
-1
2
3
-0.96828097120501222
90
91
0
1
0
-1
-1
0
2
0
-1
-1
1
15
0.20757843945706478
93
96
3
2
-0.79243096826179127
94
95
0
1
0
-1
-1
0
1
0
-1
-1
2
13
-1.1790688857055089
97
98
0
1
0
-1
-1
3
12
-0.37592888255196277
99
100
0
10
0
-1
-1
0
2
0
-1
-1
3
25
-0.4619944386447461
102
109
1
22
1.5842212707022072
103
108
2
21
-1.3272548240138673
104
105
0
1
0
-1
-1
1
20
0.41159141677956135
106
107
0
10
0
-1
-1
0
10
0
-1
-1
0
1
0
-1
-1
1
3
0.91490139700228745
110
113
2
2
-0.43226355364715158
111
112
0
1
0
-1
-1
0
1
0
-1
-1
0
1
0
-1
-1
1
47
1.1485984591657235
115
142
3
27
0.28765678918689763
116
131
0
20
-0.52099235116220888
117
124
1
6
0.58358131780412303
118
121
3
2
-0.22821699774511636
119
120
0
1
0
-1
-1
0
1
0
-1
-1
0
4
-0.92428613010366623
122
123
0
1
0
-1
-1
0
3
0
-1
-1
3
14
0.012556846154735402
125
128
1
12
0.37798715163433466
126
127
0
2
0
-1
-1
0
10
0
-1
-1
1
2
0.57385845023584559
129
130
0
1
0
-1
-1
0
1
0
-1
-1
2
7
0.31874019020638666
132
139
0
5
-0.54702599306757616
133
136
0
3
-1.0160058367896132
134
135
0
1
0
-1
-1
0
2
0
-1
-1
3
2
0.70996349555586546
137
138
0
1
0
-1
-1
0
1
0
-1
-1
2
2
1.9415636466379813
140
141
0
1
0
-1
-1
0
1
0
-1
-1
1
20
1.8088887568510592
143
156
1
17
1.2771664359390258
144
149
2
8
-0.54611879013547826
145
146
0
1
0
-1
-1
0
7
0.50905066905797147
147
148
0
4
0
-1
-1
0
3
0
-1
-1
2
9
-0.028557178257287763
150
153
2
3
-0.51491934914443604
151
152
0
2
0
-1
-1
0
1
0
-1
-1
2
6
0.40671618436394108
154
155
0
5
0
-1
-1
0
1
0
-1
-1
1
3
2.1024509918714203
157
160
1
2
2.0461913657040234
158
159
0
1
0
-1
-1
0
1
0
-1
-1
0
1
0
-1
-1
171
2
206
-0.15685303365501624
1
88
3
113
-0.85104349465081985
2
53
2
45
-1.0852875827633846
3
22
0
11
-1.4913731971641113
4
7
3
2
-1.0325490364807475
5
6
0
1
0
-1
-1
0
1
0
-1
-1
1
9
0.47491214876874388
8
19
2
7
-1.2137455673825888
9
14
3
3
-1.3871651669459195
10
11
0
1
0
-1
-1
3
2
-1.2782912595034759
12
13
0
1
0
-1
-1
0
1
0
-1
-1
2
4
-1.1272554024543051
15
16
0
1
0
-1
-1
3
3
-1.4070944593077639
17
18
0
1
0
-1
-1
0
2
0
-1
-1
3
2
-1.2424200112414525
20
21
0
1
0
-1
-1
0
1
0
-1
-1
1
34
0.69809869760449939
23
46
3
30
-1.3069720049933258
24
31
3
6
-1.8504447893823277
25
26
0
1
0
-1
-1
0
5
-1.6656280741376814
27
28
0
1
0
-1
-1
3
4
-1.4618741255150871
29
30
0
1
0
-1
-1
0
3
0
-1
-1
3
24
-1.0636247000649566
32
39
3
13
-1.1218730941871093
33
36
3
10
-1.1858387716760335
34
35
0
6
0
-1
-1
0
4
0
-1
-1
2
3
-0.47236357707904653
37
38
0
1
0
-1
-1
0
2
0
-1
-1
3
11
-0.93276413766235788
40
43
0
7
-1.3944025385217031
41
42
0
3
0
-1
-1
0
4
0
-1
-1
0
4
0.14750485933079593
44
45
0
3
0
-1
-1
0
1
0
-1
-1
0
4
0.95798556385047573
47
52
2
3
-0.70732300538984094
48
49
0
1
0
-1
-1
0
2
-0.80870538722740237
50
51
0
1
0
-1
-1
0
1
0
-1
-1
0
1
0
-1
-1
1
68
-0.071027788640794454
54
61
2
4
-0.81257080827861683
55
56
0
1
0
-1
-1
2
3
-0.43333500736501446
57
58
0
1
0
-1
-1
2
2
-0.27691401578686176
59
60
0
1
0
-1
-1
0
1
0
-1
-1
0
64
-1.6325596167673737
62
63
0
1
0
-1
-1
0
63
-0.74054157453999447
64
73
3
28
-0.81147880377408121
65
66
0
1
0
-1
-1
1
27
0.18479066686430212
67
70
2
3
-1.2090893570740486
68
69
0
1
0
-1
-1
0
2
0
-1
-1
1
24
1.9710137512970303
71
72
0
22
0
-1
-1
0
2
0
-1
-1
1
35
0.69051668116824794
74
81
2
19
-0.29771704090781692
75
78
0
16
0.061955327370171953
76
77
0
8
0
-1
-1
0
8
0
-1
-1
2
3
-0.19919181222980348
79
80
0
1
0
-1
-1
0
2
0
-1
-1
2
16
-1.2509671168480332
82
85
0
2
-0.61323104899134395
83
84
0
1
0
-1
-1
0
1
0
-1
-1
1
14
1.9970153566682789
86
87
0
13
0
-1
-1
0
1
0
-1
-1
0
93
1.9432048632727774
89
164
2
89
1.277186367060581
90
141
1
64
-1.274121136696603
91
112
0
30
-0.21177446720480214
92
97
0
3
-0.45366731702704899
93
94
0
1
0
-1
-1
3
2
0.24413774619773795
95
96
0
1
0
-1
-1
0
1
0
-1
-1
1
27
-1.7055038159555109
98
105
0
9
0.26559389078654388
99
102
2
3
0.71976434802862288
100
101
0
2
0
-1
-1
0
1
0
-1
-1
0
6
0.55131705403536779
103
104
0
4
0
-1
-1
0
2
0
-1
-1
2
18
1.0771769318716471
106
109
2
14
0.56644788150024261
107
108
0
2
0
-1
-1
0
12
0
-1
-1
1
4
-1.5876135825511066
110
111
0
2
0
-1
-1
0
2
0
-1
-1
0
34
0.26097744621774477
113
126
3
9
0.28627100389214621
114
121
1
5
1.1816699907422925
115
118
2
3
0.10433716247450624
116
117
0
2
0
-1
-1
0
1
0
-1
-1
0
2
-0.52758396367738458
119
120
0
1
0
-1
-1
0
1
0
-1
-1
0
4
-0.53015061736295033
122
123
0
1
0
-1
-1
1
3
-0.67575035136304096
124
125
0
2
0
-1
-1
0
1
0
-1
-1
3
25
-0.088047200427669781
127
134
0
12
1.4058807722519555
128
131
2
10
0.092164566696019926
129
130
0
4
0
-1
-1
0
6
0
-1
-1
1
2
0.94448502217810426
132
133
0
1
0
-1
-1
0
1
0
-1
-1
1
13
1.2852092244414848
135
138
2
10
0.63213369215712223
136
137
0
1
0
-1
-1
0
9
0
-1
-1
3
3
0.42208346551571463
139
140
0
2
0
-1
-1
0
1
0
-1
-1
0
25
-0.033538551228618367
142
143
0
1
0
-1
-1
0
24
0.45370686923266101
144
153
3
5
1.1743632268246427
145
150
2
3
1.3481851647251439
146
147
0
1
0
-1
-1
0
2
0.26393042109624359
148
149
0
1
0
-1
-1
0
1
0
-1
-1
0
2
0.37124861481048754
151
152
0
1
0
-1
-1
0
1
0
-1
-1
0
19
0.82768693262475057
154
157
3
2
1.5177479386350852
155
156
0
1
0
-1
-1
0
1
0
-1
-1
3
17
1.9223205285073546
158
161
3
12
1.7148733335362363
159
160
0
7
0
-1
-1
0
5
0
-1
-1
2
5
1.8756412106997167
162
163
0
1
0
-1
-1
0
4
0
-1
-1
3
4
0.13018300354291748
165
166
0
1
0
-1
-1
0
3
2.2432092685132319
167
170
2
2
1.9604190856949839
168
169
0
1
0
-1
-1
0
1
0
-1
-1
0
1
0
-1
-1
131
1
206
0.55389626113091817
1
86
0
140
-0.97733081422629398
2
41
1
29
0.28632086447390392
3
26
1
18
-0.32171039423652414
4
13
1
5
-0.51244194106166496
5
8
3
2
-1.3688798489114415
6
7
0
1
0
-1
-1
0
1
0
-1
-1
1
3
-0.37185007707600598
9
12
2
2
-0.56114343047072435
10
11
0
1
0
-1
-1
0
1
0
-1
-1
0
1
0
-1
-1
2
13
-1.4044908940464214
14
15
0
1
0
-1
-1
0
12
-1.5711321283662598
16
19
2
2
-0.85937603810776786
17
18
0
1
0
-1
-1
0
1
0
-1
-1
0
10
-1.3629228759369787
20
23
3
4
-0.66149717880374193
21
22
0
3
0
-1
-1
0
1
0
-1
-1
1
6
0.076688552061603077
24
25
0
5
0
-1
-1
0
1
0
-1
-1
3
11
-1.4701993965862956
27
28
0
1
0
-1
-1
0
10
-1.6074853632992594
29
30
0
1
0
-1
-1
1
9
0.39336388514031229
31
36
3
5
-0.80754509601961022
32
35
3
4
-0.96615910898908619
33
34
0
1
0
-1
-1
0
3
0
-1
-1
0
1
0
-1
-1
1
4
0.44517175164547751
37
38
0
1
0
-1
-1
0
3
-1.0969891892914045
39
40
0
2
0
-1
-1
0
1
0
-1
-1
1
111
-1.8484269974532519
42
51
0
5
-0.21600726345926863
43
46
0
2
-0.44645508159325553
44
45
0
1
0
-1
-1
0
1
0
-1
-1
0
3
0.23814453843698441
47
48
0
1
0
-1
-1
1
2
-2.0656585932595366
49
50
0
1
0
-1
-1
0
1
0
-1
-1
2
106
-1.1342456067059794
52
57
0
3
1.4797377857824463
53
56
2
2
-1.4058105795626521
54
55
0
1
0
-1
-1
0
1
0
-1
-1
0
1
0
-1
-1
1
103
-0.97094852583226143
58
73
0
40
0.99164120844068215
59
66
2
32
0.65437596842618484
60
63
0
5
0.2186564132789689
61
62
0
4
0
-1
-1
0
1
0
-1
-1
2
27
0.90124502206285406
64
65
0
9
0
-1
-1
0
18
0
-1
-1
3
8
1.889104377323132
67
70
3
6
1.4728239798561495
68
69
0
4
0
-1
-1
0
2
0
-1
-1
0
2
1.1174614114096164
71
72
0
1
0
-1
-1
0
1
0
-1
-1
2
63
1.102500637974015
74
79
3
43
1.6137321493074348
75
78
0
42
0.22052262449421633
76
77
0
21
0
-1
-1
0
21
0
-1
-1
0
1
0
-1
-1
3
20
1.9265891266493353
80
83
1
13
-0.013883523553347543
81
82
0
11
0
-1
-1
0
2
0
-1
-1
1
7
-0.67393274418425397
84
85
0
1
0
-1
-1
0
6
0
-1
-1
1
66
1.9949507821281196
87
126
0
63
0.35275807769332324
88
109
0
41
0.1490715459454488
89
104
2
38
-1.7818413940625546
90
91
0
1
0
-1
-1
0
37
-1.3554720079151048
92
97
2
4
-1.1180429500717706
93
94
0
1
0
-1
-1
1
3
1.140906643180599
95
96
0
2
0
-1
-1
0
1
0
-1
-1
0
33
-0.42887395495871494
98
101
1
24
1.6552829841032399
99
100
0
22
0
-1
-1
0
2
0
-1
-1
2
9
-0.73187107975686216
102
103
0
2
0
-1
-1
0
7
0
-1
-1
1
3
0.81599454392742476
105
106
0
1
0
-1
-1
1
2
1.1612853968545656
107
108
0
1
0
-1
-1
0
1
0
-1
-1
2
22
-0.57459631851182869
110
111
0
1
0
-1
-1
0
21
1.9626095325169608
112
125
0
20
1.0620246063915435
113
118
1
4
0.91563534845724126
114
115
0
1
0
-1
-1
3
3
-0.16343082824455038
116
117
0
2
0
-1
-1
0
1
0
-1
-1
3
16
-0.27549237423602357
119
122
0
9
1.1989773922185534
120
121
0
6
0
-1
-1
0
3
0
-1
-1
0
7
1.5429438086115994
123
124
0
4
0
-1
-1
0
3
0
-1
-1
0
1
0
-1
-1
3
3
-0.22090438655303596
127
128
0
1
0
-1
-1
2
2
-0.54354794743875656
129
130
0
1
0
-1
-1
0
1
0
-1
-1
123
3
206
1.5328621241328217
1
78
0
182
2.3911898147041049
2
77
2
181
-0.051228157911513028
3
40
2
116
-0.13141119974707416
4
33
0
112
-1.0087980984397782
5
18
1
41
0.71993889761551821
6
11
1
31
0.67372897460601988
7
10
3
30
-0.56489729227834973
8
9
0
26
0
-1
-1
0
4
0
-1
-1
0
1
0
-1
-1
2
10
-1.0704358732043737
12
15
3
3
-0.81466067624392335
13
14
0
2
0
-1
-1
0
1
0
-1
-1
0
7
-1.1019664183465256
16
17
0
5
0
-1
-1
0
2
0
-1
-1
1
71
-0.10552441199454446
19
26
2
7
-0.72674440943125473
20
23
0
2
-0.4908494646492132
21
22
0
1
0
-1
-1
0
1
0
-1
-1
0
5
-0.4965298619244638
24
25
0
1
0
-1
-1
0
4
0
-1
-1
0
64
1.1175876733237033
27
30
1
59
0.65160832780272193
28
29
0
31
0
-1
-1
0
28
0
-1
-1
3
5
-0.53819703943544361
31
32
0
1
0
-1
-1
0
4
0
-1
-1
0
4
-0.61930352193630711
34
37
1
2
0.24628232314381104
35
36
0
1
0
-1
-1
0
1
0
-1
-1
3
2
-0.59360965973414759
38
39
0
1
0
-1
-1
0
1
0
-1
-1
0
65
0.71939553006730694
41
58
1
42
1.3882047512878963
42
55
3
40
0.8986676428248882
43
50
3
32
0.87211729356423484
44
47
0
30
0.060426923981995784
45
46
0
12
0
-1
-1
0
18
0
-1
-1
1
2
-1.241805771725712
48
49
0
1
0
-1
-1
0
1
0
-1
-1
0
8
0.48870099451211141
51
54
2
7
1.1108592041153271
52
53
0
2
0
-1
-1
0
5
0
-1
-1
0
1
0
-1
-1
1
2
1.5037312334808695
56
57
0
1
0
-1
-1
0
1
0
-1
-1
0
23
1.7926476326099112
59
74
1
21
0.85090652611313966
60
67
3
12
-0.39697726091516028
61
64
0
2
1.172853073172349
62
63
0
1
0
-1
-1
0
1
0
-1
-1
3
10
0.3803416747476534
65
66
0
2
0
-1
-1
0
8
0
-1
-1
2
9
0.56866514244205324
68
71
0
6
1.0443011386026633
69
70
0
1
0
-1
-1
0
5
0
-1
-1
2
3
0.77086240051248212
72
73
0
2
0
-1
-1
0
1
0
-1
-1
3
2
0.098461020347968914
75
76
0
1
0
-1
-1
0
1
0
-1
-1
0
1
0
-1
-1
2
24
1.9352618881037218
79
102
0
13
1.4154344225990225
80
101
2
12
0.98788648731950168
81
84
1
2
-1.2070291234080011
82
83
0
1
0
-1
-1
0
1
0
-1
-1
1
10
-1.3774141660539398
85
88
1
2
-1.488886341523308
86
87
0
1
0
-1
-1
0
1
0
-1
-1
1
8
-0.82706606527703108
89
94
3
3
1.7848139577488018
90
93
2
2
1.5091675095627013
91
92
0
1
0
-1
-1
0
1
0
-1
-1
0
1
0
-1
-1
2
5
1.4197932962140176
95
98
0
2
0.5900729007190556
96
97
0
1
0
-1
-1
0
1
0
-1
-1
1
3
-0.69872440007247905
99
100
0
1
0
-1
-1
0
2
0
-1
-1
0
1
0
-1
-1
3
11
2.2055168321792746
103
120
3
9
1.7187884182415987
104
109
1
3
-0.57423187033198275
105
106
0
1
0
-1
-1
0
2
1.4652572133599728
107
108
0
1
0
-1
-1
0
1
0
-1
-1
2
6
2.0383073914726588
110
115
2
3
2.001800521143549
111
114
0
2
2.0924536079049276
112
113
0
1
0
-1
-1
0
1
0
-1
-1
0
1
0
-1
-1
3
3
2.0884242033829308
116
119
1
2
-0.51904215350429161
117
118
0
1
0
-1
-1
0
1
0
-1
-1
0
1
0
-1
-1
3
2
2.3597207705950871
121
122
0
1
0
-1
-1
0
1
0
-1
-1
131
3
206
0.041221002990415201
1
58
1
119
1.1344136707774812
2
29
2
101
0.45354612564977081
3
22
3
97
-1.848128648407245
4
5
0
1
0
-1
-1
3
96
-0.10260436357418179
6
19
2
94
-0.28626488893646007
7
12
2
79
-2.0463688134361036
8
9
0
1
0
-1
-1
1
78
-0.42768277612735905
10
11
0
2
0
-1
-1
0
76
0
-1
-1
1
15
-0.067212477125957792
13
16
3
3
-0.95889666356767123
14
15
0
1
0
-1
-1
0
2
0
-1
-1
3
12
-0.86617319063978837
17
18
0
2
0
-1
-1
0
10
0
-1
-1
0
2
0.98389816806508845
20
21
0
1
0
-1
-1
0
1
0
-1
-1
0
4
0.58623563908936749
23
28
3
3
-0.072749147679546711
24
25
0
1
0
-1
-1
0
2
-0.25273550809053091
26
27
0
1
0
-1
-1
0
1
0
-1
-1
0
1
0
-1
-1
3
18
-1.0552422997093316
30
31
0
1
0
-1
-1
1
17
1.5331032312383686
32
47
1
11
1.3783303804791129
33
44
1
9
1.2949869289654323
34
41
0
7
1.0093744069921948
35
38
3
4
-0.019753062681384215
36
37
0
3
0
-1
-1
0
1
0
-1
-1
3
3
-0.40497072344703106
39
40
0
1
0
-1
-1
0
2
0
-1
-1
2
2
0.20551988247918518
42
43
0
1
0
-1
-1
0
1
0
-1
-1
0
2
0.94265846995852476
45
46
0
1
0
-1
-1
0
1
0
-1
-1
1
6
1.641535926455576
48
49
0
1
0
-1
-1
3
5
-0.29335554390081486
50
55
3
3
-0.57889675038004074
51
52
0
1
0
-1
-1
0
2
-0.95572850450840963
53
54
0
1
0
-1
-1
0
1
0
-1
-1
2
2
-0.66668618644139166
56
57
0
1
0
-1
-1
0
1
0
-1
-1
1
87
-1.7769720768735064
59
68
0
5
-0.44950608218891025
60
61
0
1
0
-1
-1
0
4
0.059046124371027131
62
63
0
1
0
-1
-1
1
3
-2.0285217071075783
64
65
0
1
0
-1
-1
1
2
-1.8358302296736253
66
67
0
1
0
-1
-1
0
1
0
-1
-1
1
82
0.77561436402947814
69
110
1
69
-1.2612225344960102
70
87
1
24
-1.4755955536525649
71
80
0
14
0.76861084868119289
72
77
0
12
0.55352983977542025
73
76
1
11
-1.5117498607251914
74
75
0
9
0
-1
-1
0
2
0
-1
-1
0
1
0
-1
-1
3
2
1.7414616614809888
78
79
0
1
0
-1
-1
0
1
0
-1
-1
3
10
1.6099728271982179
81
86
3
9
1.4910451337803226
82
85
1
8
-1.3568324354144268
83
84
0
6
0
-1
-1
0
2
0
-1
-1
0
1
0
-1
-1
0
1
0
-1
-1
3
45
1.4937154176141767
88
97
2
24
-0.82065724813347418
89
90
0
1
0
-1
-1
2
23
0.65686385620276977
91
94
3
8
1.2332382273900329
92
93
0
7
0
-1
-1
0
1
0
-1
-1
1
15
-0.61796050184193574
95
96
0
14
0
-1
-1
0
1
0
-1
-1
2
21
1.5161659708648263
98
105
3
6
1.7240199038555457
99
102
2
4
0.91198016078628175
100
101
0
1
0
-1
-1
0
3
0
-1
-1
2
2
1.3271707164187436
103
104
0
1
0
-1
-1
0
1
0
-1
-1
0
15
2.5612197235786995
106
109
2
14
1.7076616982221553
107
108
0
3
0
-1
-1
0
11
0
-1
-1
0
1
0
-1
-1
2
13
-0.51888734282574289
111
118
0
4
0.16633741982862948
112
117
2
3
-0.910032130637488
113
114
0
1
0
-1
-1
3
2
0.090240784997508719
115
116
0
1
0
-1
-1
0
1
0
-1
-1
0
1
0
-1
-1
1
9
1.6298907673012795
119
130
2
8
-0.0038919378679533878
120
125
3
4
0.73722697867665965
121
124
2
3
-0.38960818398916058
122
123
0
1
0
-1
-1
0
2
0
-1
-1
0
1
0
-1
-1
1
4
1.4059365774075279
126
127
0
1
0
-1
-1
0
3
0.41302276609754252
128
129
0
1
0
-1
-1
0
2
0
-1
-1
0
1
0
-1
-1
205
1
206
-0.25641565432859115
1
98
1
73
-1.194150938148175
2
51
0
33
0.70610334620112214
3
46
1
30
-1.742661900255563
4
21
0
9
0.13146041737607761
5
12
2
4
0.97465214907753706
6
11
0
3
-0.34431606417485616
7
10
3
2
-0.024897365472719445
8
9
0
1
0
-1
-1
0
1
0
-1
-1
0
1
0
-1
-1
0
1
0
-1
-1
2
5
0.81617682779800393
13
16
0
2
0.33305218757772981
14
15
0
1
0
-1
-1
0
1
0
-1
-1
0
3
0.50996351597722089
17
20
1
2
-1.803856038459198
18
19
0
1
0
-1
-1
0
1
0
-1
-1
0
1
0
-1
-1
2
21
1.0069786609774813
22
33
3
13
0.36563471905131067
23
26
3
2
0.33559789909156068
24
25
0
1
0
-1
-1
0
1
0
-1
-1
1
11
-1.5097818208819251
27
30
0
4
-0.15943275358691006
28
29
0
1
0
-1
-1
0
3
0
-1
-1
0
7
-0.30195836980650842
31
32
0
1
0
-1
-1
0
6
0
-1
-1
2
8
1.097334971784222
34
41
0
4
0.27832269725880798
35
38
0
2
0.16529064375648961
36
37
0
1
0
-1
-1
0
1
0
-1
-1
1
2
-1.5321257365136975
39
40
0
1
0
-1
-1
0
1
0
-1
-1
3
4
0.8097217189062671
42
45
3
3
0.24229321872808887
43
44
0
1
0
-1
-1
0
2
0
-1
-1
0
1
0
-1
-1
1
3
-1.5323464596654093
47
50
0
2
1.297603653093883
48
49
0
1
0
-1
-1
0
1
0
-1
-1
0
1
0
-1
-1
2
40
-0.41073421619300698
52
65
2
7
-0.94947088974168814
53
60
2
4
-1.111517122072053
54
57
3
2
-1.415047160969704
55
56
0
1
0
-1
-1
0
1
0
-1
-1
3
2
-1.5968076511110554
58
59
0
1
0
-1
-1
0
1
0
-1
-1
3
3
-1.7662068286459491
61
62
0
1
0
-1
-1
3
2
-1.4179529958885839
63
64
0
1
0
-1
-1
0
1
0
-1
-1
1
33
-1.1021144108026191
66
79
2
7
1.2253585289866789
67
72
3
3
0.71286527344965855
68
69
0
1
0
-1
-1
0
2
0.76419671370543052
70
71
0
1
0
-1
-1
0
1
0
-1
-1
0
4
1.0647233632511428
73
76
0
2
0.52393339587876764
74
75
0
1
0
-1
-1
0
1
0
-1
-1
3
2
1.3928555826661557
77
78
0
1
0
-1
-1
0
1
0
-1
-1
1
26
-0.49817221565996173
80
91
3
22
0.82855546567575278
81
84
0
2
-1.3517730463401945
82
83
0
1
0
-1
-1
0
1
0
-1
-1
3
20
1.8326295689349461
85
88
3
13
1.4017914331284227
86
87
0
6
0
-1
-1
0
7
0
-1
-1
2
7
1.7986165575896487
89
90
0
3
0
-1
-1
0
4
0
-1
-1
1
4
-0.41693162869370115
92
97
0
3
0.81401165730741731
93
96
1
2
-0.4792006316966439
94
95
0
1
0
-1
-1
0
1
0
-1
-1
0
1
0
-1
-1
0
1
0
-1
-1
1
133
-0.11013975062652259
99
120
2
11
1.6618162703678685
100
115
0
8
0.36720028944406757
101
114
0
7
-1.3158599465248519
102
105
0
2
-1.3855353099837466
103
104
0
1
0
-1
-1
0
1
0
-1
-1
2
5
-0.61005400224900508
106
111
0
3
-1.015783201405196
107
110
1
2
-0.14635421667613377
108
109
0
1
0
-1
-1
0
1
0
-1
-1
0
1
0
-1
-1
2
2
-0.35266165064419441
112
113
0
1
0
-1
-1
0
1
0
-1
-1
0
1
0
-1
-1
0
3
1.6126240525077886
116
117
0
1
0
-1
-1
3
2
2.2839356135935724
118
119
0
1
0
-1
-1
0
1
0
-1
-1
0
122
-0.5671141313471959
121
156
1
62
-0.051045014587373864
122
133
2
6
-0.78730903069757985
123
130
2
4
-1.107268130802598
124
127
0
2
-1.619744169402636
125
126
0
1
0
-1
-1
0
1
0
-1
-1
0
2
-1.279427176655684
128
129
0
1
0
-1
-1
0
1
0
-1
-1
3
2
-1.2145943644546051
131
132
0
1
0
-1
-1
0
1
0
-1
-1
0
56
-1.5837109635010025
134
143
1
7
0.67409808935623194
135
140
2
5
-0.76289928837091003
136
139
1
4
0.47248744777174873
137
138
0
3
0
-1
-1
0
1
0
-1
-1
0
1
0
-1
-1
1
2
1.0241676303921079
141
142
0
1
0
-1
-1
0
1
0
-1
-1
0
49
-0.64443387381348105
144
151
3
46
-0.39383982797871753
145
148
3
30
-0.65273576259439814
146
147
0
19
0
-1
-1
0
11
0
-1
-1
1
16
1.0054611356471284
149
150
0
10
0
-1
-1
0
6
0
-1
-1
0
3
-0.6067447533322301
152
155
1
2
0.64338744510390011
153
154
0
1
0
-1
-1
0
1
0
-1
-1
0
1
0
-1
-1
3
60
-0.052940340177547229
157
184
3
41
-0.32849525174062388
158
171
1
25
1.1501504142199335
159
164
2
21
-1.4489253694918762
160
161
0
1
0
-1
-1
0
20
0.7994898665390715
162
163
0
13
0
-1
-1
0
7
0
-1
-1
2
4
-0.36496415278231098
165
168
0
2
1.3865906601222955
166
167
0
1
0
-1
-1
0
1
0
-1
-1
0
2
1.1401480935292232
169
170
0
1
0
-1
-1
0
1
0
-1
-1
2
16
-0.36789905449189386
172
177
3
3
-0.23733676043614493
173
174
0
1
0
-1
-1
0
2
-0.4456906285798235
175
176
0
1
0
-1
-1
0
1
0
-1
-1
0
13
0.2229673335432687
178
181
0
3
-0.087529943191838655
179
180
0
2
0
-1
-1
0
1
0
-1
-1
2
10
0.49473896209169999
182
183
0
8
0
-1
-1
0
2
0
-1
-1
3
19
1.0322375313224028
185
200
3
16
0.44095523643225076
186
193
1
11
1.1237168923502439
187
190
0
4
0.3012425324799386
188
189
0
2
0
-1
-1
0
2
0
-1
-1
1
7
1.6542239790910374
191
192
0
5
0
-1
-1
0
2
0
-1
-1
2
5
-0.012006138583622872
194
197
3
3
0.70844512144439431
195
196
0
2
0
-1
-1
0
1
0
-1
-1
0
2
0.97644806648522542
198
199
0
1
0
-1
-1
0
1
0
-1
-1
2
3
1.8153190135253876
201
202
0
1
0
-1
-1
0
2
1.2984079528693941
203
204
0
1
0
-1
-1
0
1
0
-1
-1
149
1
206
-0.96829792751268395
1
60
0
45
-0.049516045804052222
2
17
3
9
0.81195186535386654
3
16
3
8
0.23465717893581536
4
5
0
1
0
-1
-1
3
7
0.40914620655007461
6
7
0
1
0
-1
-1
1
6
-1.375180375237441
8
13
3
4
0.58005287665281602
9
10
0
1
0
-1
-1
3
3
0.63598457967259281
11
12
0
1
0
-1
-1
0
2
0
-1
-1
0
2
-0.32509584358433657
14
15
0
1
0
-1
-1
0
1
0
-1
-1
0
1
0
-1
-1
3
36
0.49618356888121223
18
31
1
7
-1.716928484821052
19
26
2
4
0.61953398129827164
20
21
0
1
0
-1
-1
0
3
0.31778848258052744
22
23
0
1
0
-1
-1
1
2
-2.111546444221307
24
25
0
1
0
-1
-1
0
1
0
-1
-1
2
3
0.99405506736630711
27
28
0
1
0
-1
-1
1
2
-1.5483323742323061
29
30
0
1
0
-1
-1
0
1
0
-1
-1
1
29
-1.4713437889587564
32
45
3
9
1.3749624240236216
33
42
3
7
0.86945497129513405
34
41
0
6
0.4871937072242245
35
38
2
4
0.79248412654986689
36
37
0
1
0
-1
-1
0
3
0
-1
-1
2
2
1.0494780837668507
39
40
0
1
0
-1
-1
0
1
0
-1
-1
0
1
0
-1
-1
3
2
1.6580351760852381
43
44
0
1
0
-1
-1
0
1
0
-1
-1
2
20
0.45118145925901459
46
47
0
1
0
-1
-1
0
19
0.84275751586598346
48
55
3
12
1.3577981146664193
49
52
3
8
0.74748515395798965
50
51
0
3
0
-1
-1
0
5
0
-1
-1
2
4
1.5032227957851867
53
54
0
3
0
-1
-1
0
1
0
-1
-1
3
7
1.9309233619030912
56
59
3
6
1.510156469939071
57
58
0
3
0
-1
-1
0
3
0
-1
-1
0
1
0
-1
-1
3
161
1.7102021996071273
61
128
1
150
-0.67901800695066084
62
75
1
7
-0.94111581179378756
63
64
0
1
0
-1
-1
3
6
1.519540568066486
65
74
0
5
1.0370665317169061
66
71
3
3
0.97876335091837796
67
70
1
2
-0.80379025540635984
68
69
0
1
0
-1
-1
0
1
0
-1
-1
0
1
0
-1
-1
3
2
1.3423828138919178
72
73
0
1
0
-1
-1
0
1
0
-1
-1
0
1
0
-1
-1
1
143
0.34605550329170509
76
105
0
59
-0.29078098791641405
77
90
2
34
-0.72662204467031288
78
85
0
23
-0.73124551025993867
79
82
3
20
-1.1711654261911426
80
81
0
7
0
-1
-1
0
13
0
-1
-1
1
3
0.13434633087642778
83
84
0
1
0
-1
-1
0
2
0
-1
-1
2
11
-0.16762051434762426
86
89
1
10
-0.053308939818968948
87
88
0
6
0
-1
-1
0
4
0
-1
-1
0
1
0
-1
-1
1
25
0.17361951552531618
91
98
3
20
-0.10842395814370609
92
95
2
14
-1.004457585624303
93
94
0
1
0
-1
-1
0
13
0
-1
-1
1
6
-0.19421053696595908
96
97
0
4
0
-1
-1
0
2
0
-1
-1
2
5
-0.34100914366684987
99
102
0
3
1.9467147907230522
100
101
0
2
0
-1
-1
0
1
0
-1
-1
1
2
0.28525082938310353
103
104
0
1
0
-1
-1
0
1
0
-1
-1
2
84
0.2887119745979585
106
119
0
76
-0.37520860458085004
107
112
2
46
-1.7082398936623162
108
109
0
1
0
-1
-1
1
45
0.96597000680040246
110
111
0
31
0
-1
-1
0
14
0
-1
-1
1
30
1.3629691910337709
113
116
3
23
0.41747833842855742
114
115
0
22
0
-1
-1
0
1
0
-1
-1
1
7
1.7510713333019006
117
118
0
5
0
-1
-1
0
2
0
-1
-1
1
8
1.3959427101990389
120
125
2
6
0.37613420325724889
121
122
0
1
0
-1
-1
1
5
1.2679803911134528
123
124
0
4
0
-1
-1
0
1
0
-1
-1
3
2
0.42096494230932446
126
127
0
1
0
-1
-1
0
1
0
-1
-1
2
11
1.7474242633626096
129
134
1
3
-0.62904383001508313
130
133
0
2
1.0293660092246899
131
132
0
1
0
-1
-1
0
1
0
-1
-1
0
1
0
-1
-1
0
8
1.8387064896033438
135
144
0
5
1.219314687196652
136
143
0
4
1.0061434228225492
137
140
1
2
-0.60082202955543829
138
139
0
1
0
-1
-1
0
1
0
-1
-1
1
2
-0.2529120674792617
141
142
0
1
0
-1
-1
0
1
0
-1
-1
0
1
0
-1
-1
1
3
-0.41368877497695444
145
146
0
1
0
-1
-1
2
2
2.0695409293837157
147
148
0
1
0
-1
-1
0
1
0
-1
-1
159
0
206
-0.62721213541830489
1
80
3
68
-0.65236301189056634
2
37
0
38
-1.5486280080649586
3
16
2
7
-0.87849385232718036
4
9
1
3
0.53230724034773114
5
8
3
2
-1.1790730959288176
6
7
0
1
0
-1
-1
0
1
0
-1
-1
0
1
0
-1
-1
1
4
0.76299601185677168
10
15
0
3
-1.7020066646220544
11
12
0
1
0
-1
-1
0
2
-1.647773962086204
13
14
0
1
0
-1
-1
0
1
0
-1
-1
0
1
0
-1
-1
0
31
-0.74517058387124258
17
34
0
29
-1.4390805194548302
18
25
0
4
-1.4916466073702079
19
22
0
2
-1.4997788336531801
20
21
0
1
0
-1
-1
0
1
0
-1
-1
3
2
-1.4269452895230097
23
24
0
1
0
-1
-1
0
1
0
-1
-1
0
25
-0.82292098147027359
26
31
1
23
1.5522527281137748
27
30
3
22
-0.86934463016536101
28
29
0
18
0
-1
-1
0
4
0
-1
-1
0
1
0
-1
-1
2
2
-0.95524520497775789
32
33
0
1
0
-1
-1
0
1
0
-1
-1
3
2
-1.1164157981375604
35
36
0
1
0
-1
-1
0
1
0
-1
-1
3
30
0.14220055604970483
38
69
0
24
-1.1733589807456859
39
52
3
7
-0.52940176724077093
40
43
1
2
0.30316125341986477
41
42
0
1
0
-1
-1
0
1
0
-1
-1
0
5
-1.3295719515271596
44
47
3
2
-0.47792613583888777
45
46
0
1
0
-1
-1
0
1
0
-1
-1
0
3
-1.2344297981149648
48
49
0
1
0
-1
-1
1
2
1.0193200486492522
50
51
0
1
0
-1
-1
0
1
0
-1
-1
3
17
-0.61718441337824337
53
56
0
2
-1.0737747731387965
54
55
0
1
0
-1
-1
0
1
0
-1
-1
0
15
-0.972130970240215
57
62
2
5
-0.20076901138199166
58
61
2
4
-0.62316722712781925
59
60
0
2
0
-1
-1
0
2
0
-1
-1
0
1
0
-1
-1
2
10
-0.34333228656786074
63
66
3
7
-0.44989986071775823
64
65
0
3
0
-1
-1
0
4
0
-1
-1
1
3
1.125729390547249
67
68
0
1
0
-1
-1
0
2
0
-1
-1
1
6
1.0743391930697375
70
79
3
5
0.33453213969312906
71
74
1
2
0.69600884765881288
72
73
0
1
0
-1
-1
0
1
0
-1
-1
3
3
0.56709256296376198
75
78
2
2
-0.33570397894908222
76
77
0
1
0
-1
-1
0
1
0
-1
-1
0
1
0
-1
-1
0
1
0
-1
-1
3
138
2.2859163516727827
81
158
1
137
-1.2586822843772767
82
117
2
32
0.68628965913553208
83
98
1
11
-1.479172606725935
84
91
0
7
0.44628936183990342
85
90
1
6
-1.951922011600226
86
87
0
1
0
-1
-1
2
5
0.5666843770759542
88
89
0
2
0
-1
-1
0
3
0
-1
-1
0
1
0
-1
-1
0
4
-0.1639728493902102
92
93
0
1
0
-1
-1
3
3
0.42416887982909524
94
95
0
1
0
-1
-1
3
2
0.97226704070045389
96
97
0
1
0
-1
-1
0
1
0
-1
-1
3
21
1.0566034698935276
99
110
3
17
0.64541473600034505
100
105
1
7
-2.1031466533745462
101
102
0
1
0
-1
-1
2
6
1.1475900103800398
103
104
0
5
0
-1
-1
0
1
0
-1
-1
1
10
-1.7675758799577752
106
107
0
1
0
-1
-1
0
9
0.23309841879579235
108
109
0
4
0
-1
-1
0
5
0
-1
-1
1
4
-1.518453030911838
111
114
1
2
-1.5508707858212833
112
113
0
1
0
-1
-1
0
1
0
-1
-1
3
2
2.0911372613279076
115
116
0
1
0
-1
-1
0
1
0
-1
-1
0
105
0.0045176632354934076
118
133
2
25
-1.4476069134493872
119
122
1
2
0.73920919506822902
120
121
0
1
0
-1
-1
0
1
0
-1
-1
1
23
-0.062747414791873846
123
128
2
4
0.59272878391313466
124
127
3
3
-1.0937152871912348
125
126
0
2
0
-1
-1
0
1
0
-1
-1
0
1
0
-1
-1
1
19
1.6294094017547742
129
132
1
18
1.5488428256299311
130
131
0
17
0
-1
-1
0
1
0
-1
-1
0
1
0
-1
-1
3
80
1.1287675174862122
134
149
1
54
-0.62152308353186758
135
142
3
9
0.73684658297676653
136
139
3
3
0.70549145505173982
137
138
0
1
0
-1
-1
0
2
0
-1
-1
2
6
1.6936991817335854
140
141
0
5
0
-1
-1
0
1
0
-1
-1
3
45
-0.13424725141571225
143
146
1
36
-0.16229711132222036
144
145
0
4
0
-1
-1
0
32
0
-1
-1
0
9
0.44177865759978108
147
148
0
2
0
-1
-1
0
7
0
-1
-1
2
26
0.85591749194466837
150
151
0
1
0
-1
-1
2
25
1.0603268406156359
152
155
0
2
0.92344895420718909
153
154
0
1
0
-1
-1
0
1
0
-1
-1
1
23
-0.26518941172929478
156
157
0
18
0
-1
-1
0
5
0
-1
-1
0
1
0
-1
-1
153
0
206
1.5178464748213039
1
136
3
197
0.50957622351496235
2
91
1
136
0.85009897471783979
3
56
3
102
-0.45697545584511712
4
33
3
71
-1.0435833905719492
5
18
1
28
-0.27478966929158222
6
13
3
8
-1.6400319735507458
7
10
3
2
-1.8888625880515124
8
9
0
1
0
-1
-1
0
1
0
-1
-1
2
6
-0.46939020594761527
11
12
0
4
0
-1
-1
0
2
0
-1
-1
0
20
0.022210165168867535
14
17
1
19
0.019522935473502673
15
16
0
8
0
-1
-1
0
11
0
-1
-1
0
1
0
-1
-1
2
43
-0.6654131629839698
19
26
2
28
-1.184373961588143
20
23
3
5
-0.73395596054890999
21
22
0
2
0
-1
-1
0
3
0
-1
-1
0
23
-1.1016638585786356
24
25
0
8
0
-1
-1
0
15
0
-1
-1
1
15
-0.11264474054383677
27
30
0
3
0.046666571975522597
28
29
0
1
0
-1
-1
0
2
0
-1
-1
2
12
0.091437146289640614
31
32
0
11
0
-1
-1
0
1
0
-1
-1
0
31
-0.41291565312876766
34
45
0
13
-0.87602705398127723
35
40
1
3
0.57175126866994663
36
39
3
2
-0.36155619428063795
37
38
0
1
0
-1
-1
0
1
0
-1
-1
0
1
0
-1
-1
2
10
0.29456411364243618
41
44
1
9
0.37229934612201299
42
43
0
2
0
-1
-1
0
7
0
-1
-1
0
1
0
-1
-1
2
18
1.0743377558598608
46
53
3
16
-0.26170956439890769
47
50
3
3
-0.30761273329878136
48
49
0
2
0
-1
-1
0
1
0
-1
-1
1
13
-2.0532008563847652
51
52
0
1
0
-1
-1
0
12
0
-1
-1
2
2
1.1334281050677395
54
55
0
1
0
-1
-1
0
1
0
-1
-1
1
34
1.2235656083112136
57
76
1
22
1.1863031419863059
58
67
0
17
1.2523133418621468
59
64
2
15
0.3481198285401137
60
63
1
14
1.1219458084037668
61
62
0
10
0
-1
-1
0
4
0
-1
-1
0
1
0
-1
-1
2
2
-0.1325230797400733
65
66
0
1
0
-1
-1
0
1
0
-1
-1
0
5
1.0805244760943649
68
73
2
3
0.60530488517992687
69
72
0
2
-0.34197764122367058
70
71
0
1
0
-1
-1
0
1
0
-1
-1
0
1
0
-1
-1
3
2
-0.3659497734454023
74
75
0
1
0
-1
-1
0
1
0
-1
-1
2
12
0.015576451336228092
77
86
2
9
-0.20708622564443957
78
85
0
8
0.84379326759348727
79
82
0
6
-0.80780055670513562
80
81
0
3
0
-1
-1
0
3
0
-1
-1
3
2
-1.0564084709540773
83
84
0
1
0
-1
-1
0
1
0
-1
-1
0
1
0
-1
-1
0
3
1.1923007865110105
87
90
3
2
0.13010071568692472
88
89
0
1
0
-1
-1
0
1
0
-1
-1
0
1
0
-1
-1
0
61
-0.18947992627471955
92
103
3
6
0.62018417946585036
93
96
1
2
-1.076650244921673
94
95
0
1
0
-1
-1
0
1
0
-1
-1
2
4
0.56307238547069027
97
100
1
2
1.4684054325558209
98
99
0
1
0
-1
-1
0
1
0
-1
-1
1
2
-1.3995834871136359
101
102
0
1
0
-1
-1
0
1
0
-1
-1
2
55
1.6587509689773625
104
119
0
42
-0.086488639487120558
105
108
0
2
-0.13914427319653941
106
107
0
1
0
-1
-1
0
1
0
-1
-1
3
40
0.6293601311336573
109
114
1
4
0.10032218866467346
110
113
2
3
0.91552019551421704
111
112
0
1
0
-1
-1
0
2
0
-1
-1
0
1
0
-1
-1
1
36
-0.38082741420629129
115
118
2
35
1.4768068428550252
116
117
0
32
0
-1
-1
0
3
0
-1
-1
0
1
0
-1
-1
2
13
1.9761797015602081
120
129
3
8
1.9072111299296355
121
128
3
7
1.7776530548554705
122
125
2
5
1.6774662135550404
123
124
0
1
0
-1
-1
0
4
0
-1
-1
1
2
-0.092581286579419553
126
127
0
1
0
-1
-1
0
1
0
-1
-1
0
1
0
-1
-1
3
5
2.1054115728646723
130
135
0
4
1.3489729272542785
131
134
1
3
-0.36925119535820666
132
133
0
2
0
-1
-1
0
1
0
-1
-1
0
1
0
-1
-1
0
1
0
-1
-1
2
9
-0.73760513823272411
137
138
0
1
0
-1
-1
3
8
0.97926649680418609
139
146
2
4
0.42664911821892171
140
145
3
3
0.25611152869971315
141
142
0
1
0
-1
-1
0
2
1.5959025346296272
143
144
0
1
0
-1
-1
0
1
0
-1
-1
0
1
0
-1
-1
1
4
-0.69149949286810253
147
148
0
1
0
-1
-1
2
3
1.9606924492882569
149
150
0
1
0
-1
-1
0
2
2.4598926318102095
151
152
0
1
0
-1
-1
0
1
0
-1
-1
127
1
206
-0.91326334973583201
1
62
3
46
1.5880461280730283
2
51
3
40
0.94577692964858784
3
32
3
30
0.54702734649599705
4
17
2
10
1.1084500689745478
5
16
1
9
-1.7724861539469812
6
11
1
3
-1.9834083296655911
7
8
0
1
0
-1
-1
1
2
-1.9631351338654628
9
10
0
1
0
-1
-1
0
1
0
-1
-1
2
6
1.010080976022153
12
15
0
5
0.27165552069394261
13
14
0
3
0
-1
-1
0
2
0
-1
-1
0
1
0
-1
-1
0
1
0
-1
-1
1
20
-1.0838623138241874
18
31
1
19
-1.4537350809645764
19
24
0
11
-0.32595762489567193
20
21
0
1
0
-1
-1
3
10
0.828008278203894
22
23
0
6
0
-1
-1
0
4
0
-1
-1
3
8
0.68644834989096515
25
28
0
2
0.27352762360988414
26
27
0
1
0
-1
-1
0
1
0
-1
-1
1
6
-1.4197100064923991
29
30
0
2
0
-1
-1
0
4
0
-1
-1
0
1
0
-1
-1
2
10
0.60045192091903732
33
34
0
1
0
-1
-1
3
9
1.3013030223516062
35
44
2
5
1.7256473617943593
36
43
2
4
1.3714149556872108
37
40
0
2
0.91344716149692895
38
39
0
1
0
-1
-1
0
1
0
-1
-1
0
2
0.20699410926573397
41
42
0
1
0
-1
-1
0
1
0
-1
-1
0
1
0
-1
-1
3
4
1.551321752156511
45
50
2
3
1.2806647850662511
46
47
0
1
0
-1
-1
3
2
1.4068353191478038
48
49
0
1
0
-1
-1
0
1
0
-1
-1
0
1
0
-1
-1
0
6
1.020683867385475
52
55
3
2
2.053025408803212
53
54
0
1
0
-1
-1
0
1
0
-1
-1
1
4
-1.5057594340286289
56
57
0
1
0
-1
-1
1
3
-1.0219699756509364
58
61
0
2
1.1980962056179842
59
60
0
1
0
-1
-1
0
1
0
-1
-1
0
1
0
-1
-1
0
160
2.4311041161713005
63
124
1
158
1.2496980594650529
64
95
3
139
2.2110507658708434
65
94
2
138
1.3524593407264303
66
81
3
123
-0.78048482016018617
67
74
0
51
-0.31902043300992133
68
71
1
37
0.89243564454888291
69
70
0
35
0
-1
-1
0
2
0
-1
-1
3
14
-1.7135794513325269
72
73
0
1
0
-1
-1
0
13
0
-1
-1
3
72
-0.47871723113442194
75
78
3
26
-0.72819706493473335
76
77
0
3
0
-1
-1
0
23
0
-1
-1
0
46
-0.31084746919222939
79
80
0
23
0
-1
-1
0
23
0
-1
-1
3
15
1.5887756152775934
82
87
2
4
1.4862806468045482
83
84
0
1
0
-1
-1
1
3
-0.32246050455131753
85
86
0
2
0
-1
-1
0
1
0
-1
-1
2
11
1.8192143289234546
88
91
1
4
-0.63569006785029081
89
90
0
3
0
-1
-1
0
1
0
-1
-1
3
7
2.0623554832051449
92
93
0
4
0
-1
-1
0
3
0
-1
-1
0
1
0
-1
-1
2
19
0.23174248242495543
96
117
0
15
1.1140828738758684
97
110
3
11
-0.24151465887492823
98
103
2
4
-0.76116822124428873
99
100
0
1
0
-1
-1
3
3
-0.45817513884741184
101
102
0
1
0
-1
-1
0
2
0
-1
-1
1
7
1.8174886829516963
104
107
3
5
0.54813453942974655
105
106
0
3
0
-1
-1
0
2
0
-1
-1
2
2
-0.66502273774875542
108
109
0
1
0
-1
-1
0
1
0
-1
-1
2
4
-0.032580562376662681
111
114
1
2
1.5080175323989975
112
113
0
1
0
-1
-1
0
1
0
-1
-1
1
2
1.4387063156373892
115
116
0
1
0
-1
-1
0
1
0
-1
-1
0
4
1.842707166527354
118
123
0
3
1.4385202058990707
119
120
0
1
0
-1
-1
1
2
1.46863174614003
121
122
0
1
0
-1
-1
0
1
0
-1
-1
0
1
0
-1
-1
3
2
1.6838265159916019
125
126
0
1
0
-1
-1
0
1
0
-1
-1
137
0
206
1.851515253342505
1
128
3
201
-0.11918107859922933
2
43
2
106
0.65105277221802949
3
42
1
105
0.9337860549471807
4
19
2
85
-1.9122249532518114
5
6
0
1
0
-1
-1
3
84
-1.5272209685620166
7
12
2
4
-1.1264694231460646
8
9
0
1
0
-1
-1
0
3
-0.52406339884944897
10
11
0
1
0
-1
-1
0
2
0
-1
-1
0
80
0.37990198416578003
13
16
2
64
-1.5141051613464063
14
15
0
1
0
-1
-1
0
63
0
-1
-1
3
16
-0.58874289715799255
17
18
0
10
0
-1
-1
0
6
0
-1
-1
3
20
-0.47070452374054572
20
29
2
10
-1.0442786348379511
21
22
0
1
0
-1
-1
1
9
1.4852729565784071
23
26
2
6
-0.46319467509699064
24
25
0
3
0
-1
-1
0
3
0
-1
-1
2
3
-0.71684090682826718
27
28
0
1
0
-1
-1
0
2
0
-1
-1
0
10
0.39402235303940025
30
37
0
5
-0.82507044537283392
31
34
3
2
-0.32407624587214079
32
33
0
1
0
-1
-1
0
1
0
-1
-1
2
3
-0.25806241944334218
35
36
0
1
0
-1
-1
0
2
0
-1
-1
2
5
-0.26131593402712405
38
39
0
1
0
-1
-1
3
4
-0.20406891285016077
40
41
0
2
0
-1
-1
0
2
0
-1
-1
0
1
0
-1
-1
0
95
0.6514668771596126
44
83
3
59
0.37519046537443218
45
68
1
24
1.0632675052066525
46
59
0
18
-0.73476402120813455
47
52
2
4
-0.98354814589346118
48
49
0
1
0
-1
-1
1
3
0.36160633576187623
50
51
0
1
0
-1
-1
0
2
0
-1
-1
0
14
-0.17034753934261126
53
56
1
5
0.62549662011664497
54
55
0
2
0
-1
-1
0
3
0
-1
-1
3
9
0.011728700503265049
57
58
0
3
0
-1
-1
0
6
0
-1
-1
1
6
1.585507436585825
60
65
0
4
-0.97140569044034686
61
62
0
1
0
-1
-1
2
3
-0.49570283931850428
63
64
0
1
0
-1
-1
0
2
0
-1
-1
0
2
-0.69341977187043924
66
67
0
1
0
-1
-1
0
1
0
-1
-1
3
35
1.158624269319203
69
76
0
31
-0.84150273784217355
70
71
0
1
0
-1
-1
0
30
-0.67348045695633785
72
73
0
1
0
-1
-1
1
29
-1.9927583102543549
74
75
0
1
0
-1
-1
0
28
0
-1
-1
3
4
1.4541539722381536
77
82
1
3
-0.20870063641570868
78
81
0
2
0.45080841132427152
79
80
0
1
0
-1
-1
0
1
0
-1
-1
0
1
0
-1
-1
0
1
0
-1
-1
1
36
-0.57403762202405617
84
107
1
23
-1.3210417411558242
85
92
0
4
0.71698533082082816
86
87
0
1
0
-1
-1
0
3
1.2290045297995662
88
91
3
2
2.0065175147612941
89
90
0
1
0
-1
-1
0
1
0
-1
-1
0
1
0
-1
-1
2
19
1.423126588562051
93
100
0
8
0.92528928267154231
94
97
3
2
0.75584907751548258
95
96
0
1
0
-1
-1
0
1
0
-1
-1
2
6
0.94321039094839576
98
99
0
1
0
-1
-1
0
5
0
-1
-1
2
11
1.5545601300557521
101
104
0
2
1.3315423272820854
102
103
0
1
0
-1
-1
0
1
0
-1
-1
2
9
2.0319248572771236
105
106
0
8
0
-1
-1
0
1
0
-1
-1
3
13
1.4446970240303496
108
119
0
7
1.5406756460816129
109
114
3
4
0.098803477000717052
110
113
1
3
0.93876374703776244
111
112
0
1
0
-1
-1
0
2
0
-1
-1
0
1
0
-1
-1
1
3
1.421477802226355
115
116
0
1
0
-1
-1
0
2
1.593661005750199
117
118
0
1
0
-1
-1
0
1
0
-1
-1
2
6
1.5609285893880591
120
121
0
1
0
-1
-1
2
5
1.9538011420957844
122
125
3
2
1.7313784193575823
123
124
0
1
0
-1
-1
0
1
0
-1
-1
1
3
-0.32905042373788351
126
127
0
2
0
-1
-1
0
1
0
-1
-1
1
5
0.27236540019357747
129
134
3
3
1.8650702925800964
130
131
0
1
0
-1
-1
1
2
-0.4245897866997343
132
133
0
1
0
-1
-1
0
1
0
-1
-1
3
2
-0.27921982627609243
135
136
0
1
0
-1
-1
0
1
0
-1
-1
113
2
206
-1.8631307366202703
1
2
0
1
0
-1
-1
3
205
-0.42214443856668993
3
60
2
83
-0.94409739017694383
4
19
0
34
1.0003361034352511
5
18
1
33
-0.63493705062294825
6
7
0
1
0
-1
-1
2
32
-1.4417269414919311
8
11
0
2
-0.63015140580213425
9
10
0
1
0
-1
-1
0
1
0
-1
-1
0
30
-0.20261483792705248
12
15
3
27
-1.0689323470392811
13
14
0
12
0
-1
-1
0
15
0
-1
-1
1
3
-0.22465801515407929
16
17
0
1
0
-1
-1
0
2
0
-1
-1
0
1
0
-1
-1
3
49
-1.0829023836305429
20
35
0
13
0.264998707115778
21
28
0
9
0.17475042764173354
22
27
0
8
-1.6477736377952534
23
24
0
1
0
-1
-1
3
7
-1.2719587693615868
25
26
0
3
0
-1
-1
0
4
0
-1
-1
0
1
0
-1
-1
2
4
-0.42922571799804504
29
30
0
1
0
-1
-1
1
3
-0.036042985859329579
31
32
0
1
0
-1
-1
2
2
-0.35168476583102898
33
34
0
1
0
-1
-1
0
1
0
-1
-1
2
36
-0.51153681339797219
36
47
1
21
1.5412449827895287
37
44
0
19
-0.37510698918385055
38
41
1
10
0.82711124389772406
39
40
0
9
0
-1
-1
0
1
0
-1
-1
1
9
0.38804175427308485
42
43
0
6
0
-1
-1
0
3
0
-1
-1
1
2
1.8916652127226055
45
46
0
1
0
-1
-1
0
1
0
-1
-1
2
15
-0.22486411217341334
48
55
3
9
-0.5444513099012942
49
52
0
7
-1.3527108681515947
50
51
0
2
0
-1
-1
0
5
0
-1
-1
0
2
1.3669274738603505
53
54
0
1
0
-1
-1
0
1
0
-1
-1
1
6
-0.3439032449272989
56
57
0
1
0
-1
-1
0
5
-0.22991032765184405
58
59
0
1
0
-1
-1
0
4
0
-1
-1
1
122
2.0255122702872188
61
110
0
120
0.85056719973326755
62
83
0
78
-1.1779593190333359
63
68
1
3
1.0410411906723389
64
65
0
1
0
-1
-1
3
2
-0.2320610782523132
66
67
0
1
0
-1
-1
0
1
0
-1
-1
1
75
-1.0999088161355925
69
76
0
34
-0.30567879258772679
70
73
0
3
-0.47669382714243397
71
72
0
1
0
-1
-1
0
2
0
-1
-1
2
31
0.68415908148050353
74
75
0
9
0
-1
-1
0
22
0
-1
-1
3
41
0.99028045585269975
77
80
3
35
-0.16245661790071605
78
79
0
14
0
-1
-1
0
21
0
-1
-1
3
6
1.240127404535875
81
82
0
1
0
-1
-1
0
5
0
-1
-1
0
42
1.1513876639304208
84
97
2
19
0.85058475849570048
85
90
3
5
1.0862627625348669
86
89
0
4
1.0686957260887739
87
88
0
3
0
-1
-1
0
1
0
-1
-1
0
1
0
-1
-1
1
14
-1.1160525872237017
91
94
0
4
1.0511668481150229
92
93
0
2
0
-1
-1
0
2
0
-1
-1
2
10
1.764166867423683
95
96
0
7
0
-1
-1
0
3
0
-1
-1
0
23
1.2445026445582381
98
105
0
7
1.2183109963323935
99
102
3
4
0.26156133349287647
100
101
0
1
0
-1
-1
0
3
0
-1
-1
2
3
1.4252041094797372
103
104
0
1
0
-1
-1
0
2
0
-1
-1
0
16
2.3853372911088764
106
109
1
15
0.0031676221080867428
107
108
0
6
0
-1
-1
0
9
0
-1
-1
0
1
0
-1
-1
1
2
2.0637822497880189
111
112
0
1
0
-1
-1
0
1
0
-1
-1
65
2
206
2.081723983240555
1
56
1
201
2.0871725189673254
2
53
0
199
-0.57701519838847015
3
24
1
70
-0.52728263012105847
4
7
0
2
-1.1846826610716146
5
6
0
1
0
-1
-1
0
1
0
-1
-1
0
68
-1.7855157726931565
8
9
0
1
0
-1
-1
0
67
-0.89055248212056348
10
17
3
43
-0.0027094112260335201
11
14
3
41
-0.63505803835521646
12
13
0
27
0
-1
-1
0
14
0
-1
-1
0
2
-1.2843786537985242
15
16
0
1
0
-1
-1
0
1
0
-1
-1
1
24
0.12431791692855414
18
21
2
3
-0.68809845202608777
19
20
0
2
0
-1
-1
0
1
0
-1
-1
1
21
0.92622587494628672
22
23
0
15
0
-1
-1
0
6
0
-1
-1
3
129
-1.806489336235142
25
26
0
1
0
-1
-1
1
128
-0.72564227711949769
27
40
3
51
1.306530206411777
28
33
3
39
1.2248086089141543
29
32
3
38
-0.10514495117757687
30
31
0
1
0
-1
-1
0
37
0
-1
-1
0
1
0
-1
-1
0
12
0.99898808813045581
34
37
1
6
-1.0081548438005346
35
36
0
5
0
-1
-1
0
1
0
-1
-1
3
6
1.6838232992921922
38
39
0
2
0
-1
-1
0
4
0
-1
-1
1
77
-0.070487942188041774
41
46
3
18
-1.4555255027818883
42
43
0
1
0
-1
-1
1
17
-0.28561059657347515
44
45
0
12
0
-1
-1
0
5
0
-1
-1
0
59
0.37529180070817514
47
50
2
25
0.92552634916144583
48
49
0
24
0
-1
-1
0
1
0
-1
-1
2
34
1.2888543992517119
51
52
0
32
0
-1
-1
0
2
0
-1
-1
0
2
-0.85624576255845741
54
55
0
1
0
-1
-1
0
1
0
-1
-1
0
5
2.6290448783018867
57
64
1
4
-0.39932596807478449
58
63
0
3
1.1026213720621256
59
60
0
1
0
-1
-1
0
2
1.5014150999939584
61
62
0
1
0
-1
-1
0
1
0
-1
-1
0
1
0
-1
-1
0
1
0
-1
-1
153
2
206
0.28864666853729215
1
94
0
129
0.91083171324970214
2
65
0
112
-0.052604872850488205
3
34
1
91
-0.18646252399023699
4
17
0
8
-0.3034057909023844
5
16
0
7
-0.57728799355583271
6
13
3
5
-1.3307614035248199
7
10
0
2
-1.2153161315359837
8
9
0
1
0
-1
-1
0
1
0
-1
-1
0
3
-1.3886961983515007
11
12
0
1
0
-1
-1
0
2
0
-1
-1
1
2
-0.24572358059241839
14
15
0
1
0
-1
-1
0
1
0
-1
-1
0
1
0
-1
-1
2
83
0.16268359713051916
18
33
1
82
0.65113462623061136
19
26
1
44
0.13664884688325055
20
23
3
15
-1.1888050445325344
21
22
0
6
0
-1
-1
0
9
0
-1
-1
2
29
-1.4777230309607658
24
25
0
1
0
-1
-1
0
28
0
-1
-1
1
38
1.2063088548618943
27
30
2
28
-2.0425156142545071
28
29
0
1
0
-1
-1
0
27
0
-1
-1
3
10
0.31946172450764809
31
32
0
9
0
-1
-1
0
1
0
-1
-1
0
1
0
-1
-1
0
21
0.49088604461090279
35
54
0
14
0.42034558131505639
36
49
1
11
0.39937798759559978
37
44
0
8
0.23701409898696174
38
41
1
3
0.083413453798303339
39
40
0
1
0
-1
-1
0
2
0
-1
-1
0
5
0.36712458764311928
42
43
0
4
0
-1
-1
0
1
0
-1
-1
2
3
-0.88354100604304597
45
46
0
1
0
-1
-1
1
2
0.99200458440149086
47
48
0
1
0
-1
-1
0
1
0
-1
-1
3
3
-0.89000232580490102
50
51
0
1
0
-1
-1
0
2
0.45489741564872604
52
53
0
1
0
-1
-1
0
1
0
-1
-1
1
7
-0.38205972622461032
55
56
0
1
0
-1
-1
0
6
0.72803724720857121
57
64
1
5
0.19332640837835652
58
61
3
3
-1.4661708377350842
59
60
0
1
0
-1
-1
0
2
0
-1
-1
0
2
0.60524982820955553
62
63
0
1
0
-1
-1
0
1
0
-1
-1
0
1
0
-1
-1
0
17
1.1387193675788843
66
77
1
6
0.79197163885775701
67
72
3
3
-0.60865896275317644
68
71
1
2
0.11939562220428353
69
70
0
1
0
-1
-1
0
1
0
-1
-1
0
1
0
-1
-1
0
3
1.0189939698448636
73
74
0
1
0
-1
-1
1
2
1.1008492209815701
75
76
0
1
0
-1
-1
0
1
0
-1
-1
3
11
-0.6082258632363623
78
83
2
3
-0.40793291173990653
79
80
0
1
0
-1
-1
2
2
-0.15065845936622313
81
82
0
1
0
-1
-1
0
1
0
-1
-1
3
8
-0.34989756517120157
84
87
3
2
-0.51462541231724468
85
86
0
1
0
-1
-1
0
1
0
-1
-1
0
6
1.2421167634180803
88
89
0
1
0
-1
-1
3
5
-0.00077349797154580013
90
93
0
4
1.3515273944056143
91
92
0
2
0
-1
-1
0
2
0
-1
-1
0
1
0
-1
-1
3
77
1.7773284390256947
95
134
0
64
-0.19236676762417737
96
105
1
5
-1.6657849958339777
97
100
1
2
-1.9638382869935231
98
99
0
1
0
-1
-1
0
1
0
-1
-1
2
3
0.59461318993796597
101
104
0
2
-0.45293648762552119
102
103
0
1
0
-1
-1
0
1
0
-1
-1
0
1
0
-1
-1
1
59
-2.0676967984674013
106
107
0
1
0
-1
-1
3
58
0.396601728400094
108
121
0
12
1.041031954609513
109
116
2
9
0.93295624084060158
110
113
1
6
-1.9146208753495535
111
112
0
1
0
-1
-1
0
5
0
-1
-1
3
3
0.14260718843062908
114
115
0
1
0
-1
-1
0
2
0
-1
-1
3
3
-0.11753159093059498
117
120
3
2
-0.26166630447524691
118
119
0
1
0
-1
-1
0
1
0
-1
-1
0
1
0
-1
-1
0
46
1.5330161247015273
122
129
3
43
1.2550031835319782
123
126
0
26
0.47904635538528212
124
125
0
17
0
-1
-1
0
9
0
-1
-1
0
17
0.29773482700069887
127
128
0
1
0
-1
-1
0
16
0
-1
-1
3
3
0.48066310634670018
130
133
0
2
1.7109928262217109
131
132
0
1
0
-1
-1
0
1
0
-1
-1
0
1
0
-1
-1
1
13
-0.77801913764697506
135
140
0
3
0.82210777271945013
136
137
0
1
0
-1
-1
0
2
1.0922716981631628
138
139
0
1
0
-1
-1
0
1
0
-1
-1
3
10
2.3834488516656136
141
152
0
9
1.868290134645793
142
149
3
7
2.1040845762191358
143
148
1
6
0.016802156312531347
144
147
3
5
2.0254477326779092
145
146
0
3
0
-1
-1
0
2
0
-1
-1
0
1
0
-1
-1
0
1
0
-1
-1
0
2
2.0386463498769385
150
151
0
1
0
-1
-1
0
1
0
-1
-1
0
1
0
-1
-1
127
2
206
-0.23965543714918924
1
62
1
108
-0.16126115313170264
2
23
2
11
-0.73048460338838939
3
16
1
7
-0.63990584436950404
4
5
0
1
0
-1
-1
3
6
-1.1436404874065786
6
15
0
5
-1.0000881854980641
7
12
1
3
-0.17592160974119317
8
9
0
1
0
-1
-1
0
2
-1.2558757797311033
10
11
0
1
0
-1
-1
0
1
0
-1
-1
3
2
-1.360585685255796
13
14
0
1
0
-1
-1
0
1
0
-1
-1
0
1
0
-1
-1
3
4
-0.81274775363857188
17
22
3
3
-1.3096258245333514
18
19
0
1
0
-1
-1
3
2
-1.1732673763893557
20
21
0
1
0
-1
-1
0
1
0
-1
-1
0
1
0
-1
-1
0
97
1.0599655915074446
24
49
0
90
0.71344204831747837
25
48
3
89
0.18940708850008736
26
39
0
82
-0.34619679760310218
27
32
0
62
-1.8597499641185395
28
29
0
1
0
-1
-1
3
61
-1.0149246170727584
30
31
0
18
0
-1
-1
0
43
0
-1
-1
3
20
-0.85285402818827649
33
36
2
4
-0.74088419127922966
34
35
0
1
0
-1
-1
0
3
0
-1
-1
3
16
-0.54073240227258634
37
38
0
8
0
-1
-1
0
8
0
-1
-1
3
7
0.48878444834935475
40
43
3
2
0.22039969847880095
41
42
0
1
0
-1
-1
0
1
0
-1
-1
1
5
0.55331081997272491
44
45
0
1
0
-1
-1
0
4
-0.29689265522767405
46
47
0
2
0
-1
-1
0
2
0
-1
-1
0
1
0
-1
-1
3
7
-1.1384077590288249
50
51
0
1
0
-1
-1
1
6
0.6903598868160612
52
55
1
2
0.35999689322349016
53
54
0
1
0
-1
-1
0
1
0
-1
-1
2
4
-0.2662564537141755
56
61
0
3
1.246755569490039
57
60
0
2
1.1302553114296836
58
59
0
1
0
-1
-1
0
1
0
-1
-1
0
1
0
-1
-1
0
1
0
-1
-1
2
98
0.014216869549429967
63
86
0
12
0.98952405536617727
64
81
2
9
-0.12954002659548619
65
70
1
3
0.16737962152284275
66
67
0
1
0
-1
-1
3
2
0.33160356574871441
68
69
0
1
0
-1
-1
0
1
0
-1
-1
3
6
-0.27461579423289151
71
76
3
3
-0.80023898915073066
72
73
0
1
0
-1
-1
1
2
-0.17161775464195639
74
75
0
1
0
-1
-1
0
1
0
-1
-1
0
3
-0.44590547743758446
77
80
0
2
-1.1056940791777974
78
79
0
1
0
-1
-1
0
1
0
-1
-1
0
1
0
-1
-1
2
3
-0.073096613459934054
82
85
1
2
0.071351533642662335
83
84
0
1
0
-1
-1
0
1
0
-1
-1
0
1
0
-1
-1
0
86
2.6678366206964665
87
126
0
85
1.7909941991836291
88
119
3
81
0.12286550934267021
89
104
0
13
0.66036719847171244
90
97
3
4
-0.096317758968486489
91
94
2
2
0.57425235692861809
92
93
0
1
0
-1
-1
0
1
0
-1
-1
3
2
0.0054398613819812078
95
96
0
1
0
-1
-1
0
1
0
-1
-1
2
9
0.24789447869139605
98
101
2
6
0.150127580957051
99
100
0
3
0
-1
-1
0
3
0
-1
-1
2
3
0.63275507004978659
102
103
0
1
0
-1
-1
0
2
0
-1
-1
0
68
1.1827281018562112
105
112
3
59
1.1523207247843665
106
109
3
38
0.66792791398498252
107
108
0
18
0
-1
-1
0
20
0
-1
-1
3
21
1.8936317081718967
110
111
0
13
0
-1
-1
0
8
0
-1
-1
3
9
0.81788016167596567
113
116
3
2
0.45544296543226703
114
115
0
1
0
-1
-1
0
1
0
-1
-1
1
7
-0.55564013130710532
117
118
0
4
0
-1
-1
0
3
0
-1
-1
0
4
1.865672926828541
120
121
0
1
0
-1
-1
1
3
1.1249789758896402
122
125
0
2
2.0650909594305222
123
124
0
1
0
-1
-1
0
1
0
-1
-1
0
1
0
-1
-1
0
1
0
-1
-1
123
1
206
-1.0057636746332994
1
54
0
45
1.2288195897205643
2
53
3
44
1.4913778673990734
3
40
2
37
1.1688142060609654
4
29
1
31
-1.5861750277385025
5
18
2
14
0.6312257109582361
6
11
3
3
0.62706013359632418
7
10
3
2
0.25406404977073427
8
9
0
1
0
-1
-1
0
1
0
-1
-1
0
1
0
-1
-1
3
11
0.6388901708077519
12
15
2
7
1.0648323777501223
13
14
0
6
0
-1
-1
0
1
0
-1
-1
0
4
0.42719929650089966
16
17
0
1
0
-1
-1
0
3
0
-1
-1
1
17
-1.142098385335419
19
26
1
15
-1.4461526324723468
20
23
1
4
-1.5451022190276453
21
22
0
2
0
-1
-1
0
2
0
-1
-1
0
11
0.089382711492549005
24
25
0
2
0
-1
-1
0
9
0
-1
-1
0
2
0.75897710300615662
27
28
0
1
0
-1
-1
0
1
0
-1
-1
3
6
1.3164921492385484
30
37
0
4
0.82923093021070204
31
36
3
3
0.87350401660742194
32
35
0
2
0.14959359198771133
33
34
0
1
0
-1
-1
0
1
0
-1
-1
0
1
0
-1
-1
0
1
0
-1
-1
0
2
0.48281839447613495
38
39
0
1
0
-1
-1
0
1
0
-1
-1
1
7
-1.2792638430701335
41
46
3
3
1.9792125231437767
42
45
3
2
1.5613940940606206
43
44
0
1
0
-1
-1
0
1
0
-1
-1
0
1
0
-1
-1
2
4
1.8331111047795148
47
52
2
3
1.518941501234901
48
51
2
2
1.372839604493316
49
50
0
1
0
-1
-1
0
1
0
-1
-1
0
1
0
-1
-1
0
1
0
-1
-1
0
1
0
-1
-1
1
161
-0.66492037389326508
55
72
3
9
1.8537912150480069
56
71
0
8
1.1170551581847397
57
66
0
5
1.0576273564270564
58
65
3
4
1.1434739589327949
59
64
0
3
0.73462070329721019
60
63
3
2
0.90828915050858638
61
62
0
1
0
-1
-1
0
1
0
-1
-1
0
1
0
-1
-1
0
1
0
-1
-1
0
1
0
-1
-1
0
3
1.4673986378067831
67
70
1
2
-0.70472574206513183
68
69
0
1
0
-1
-1
0
1
0
-1
-1
0
1
0
-1
-1
0
1
0
-1
-1
3
152
-1.3425579269204881
73
88
2
8
-0.74397342577403669
74
85
3
6
-1.6267769046464478
75
80
3
3
-1.6958931975226084
76
77
0
1
0
-1
-1
1
2
0.2062909419691647
78
79
0
1
0
-1
-1
0
1
0
-1
-1
0
3
-1.4195392556536441
81
82
0
1
0
-1
-1
2
2
-1.1742642943675261
83
84
0
1
0
-1
-1
0
1
0
-1
-1
2
2
-0.63181688145023851
86
87
0
1
0
-1
-1
0
1
0
-1
-1
3
144
2.0397050187594168
89
116
2
140
-1.0239793967933661
90
103
3
28
-1.2315758167102391
91
96
0
4
-1.4591830554646057
92
93
0
1
0
-1
-1
1
3
0.36411472417439256
94
95
0
1
0
-1
-1
0
2
0
-1
-1
0
24
-0.0091339913985046817
97
100
0
22
-1.2917202145810402
98
99
0
3
0
-1
-1
0
19
0
-1
-1
2
2
-1.1555528810089224
101
102
0
1
0
-1
-1
0
1
0
-1
-1
1
112
-0.45825731475254011
104
109
3
7
-0.0019038824681278932
105
106
0
1
0
-1
-1
1
6
-0.57785234975933242
107
108
0
4
0
-1
-1
0
2
0
-1
-1
0
105
0.85254048679311345
110
113
0
78
-1.7210902667446177
111
112
0
2
0
-1
-1
0
76
0
-1
-1
1
27
0.58622183981213472
114
115
0
7
0
-1
-1
0
20
0
-1
-1
3
4
2.2741960484878674
117
122
3
3
2.1154245297164502
118
121
0
2
0.87089336624304636
119
120
0
1
0
-1
-1
0
1
0
-1
-1
0
1
0
-1
-1
0
1
0
-1
-1
157
2
206
0.38367004389611603
1
108
3
133
-0.91422010010811516
2
59
0
43
-0.57408240704682134
3
42
0
31
-1.333521905502189
4
21
3
16
-1.5132574207702725
5
8
0
2
-1.3732450400577716
6
7
0
1
0
-1
-1
0
1
0
-1
-1
0
14
-1.604551663661782
9
16
0
4
-1.7172168175065385
10
13
1
2
0.2929131781493437
11
12
0
1
0
-1
-1
0
1
0
-1
-1
1
2
0.41246915635184139
14
15
0
1
0
-1
-1
0
1
0
-1
-1
0
10
-1.6018768172510562
17
18
0
1
0
-1
-1
2
9
-1.0314017216181675
19
20
0
2
0
-1
-1
0
7
0
-1
-1
2
15
-0.82006873251401635
22
31
0
9
-0.73741884876299768
23
30
3
8
-1.3827037777971576
24
27
3
2
-1.4744289602504737
25
26
0
1
0
-1
-1
0
1
0
-1
-1
0
6
-1.2408110595815987
28
29
0
1
0
-1
-1
0
5
0
-1
-1
0
1
0
-1
-1
2
6
-0.62710619248621047
32
37
0
3
-0.99626906990292685
33
34
0
1
0
-1
-1
3
2
-1.2573089748967818
35
36
0
1
0
-1
-1
0
1
0
-1
-1
3
3
-1.1795865698953882
38
39
0
1
0
-1
-1
2
2
-0.43298726235834917
40
41
0
1
0
-1
-1
0
1
0
-1
-1
2
12
-0.38586595296235182
43
54
3
9
-1.88024609104757
44
45
0
1
0
-1
-1
2
8
-1.1359025389644624
46
47
0
1
0
-1
-1
1
7
-0.24682324728039373
48
51
3
3
-1.6239776858179173
49
50
0
1
0
-1
-1
0
2
0
-1
-1
2
4
-0.61232132939859918
52
53
0
3
0
-1
-1
0
1
0
-1
-1
2
3
-0.13443112578405619
55
56
0
1
0
-1
-1
0
2
1.0053278314300185
57
58
0
1
0
-1
-1
0
1
0
-1
-1
1
90
1.9890063190685505
60
103
2
87
0.14809261331794743
61
88
1
79
1.4943256811502321
62
77
3
72
-0.41890624786145669
63
70
0
38
-0.99216663425471041
64
67
2
12
-0.81777370558966589
65
66
0
6
0
-1
-1
0
6
0
-1
-1
0
26
1.6138956508804472
68
69
0
25
0
-1
-1
0
1
0
-1
-1
2
34
-1.1418175081686572
71
74
2
4
-1.4613743757793947
72
73
0
2
0
-1
-1
0
2
0
-1
-1
0
30
-0.96016453888892883
75
76
0
4
0
-1
-1
0
26
0
-1
-1
1
7
1.7265124421403872
78
83
2
4
-0.14643927241253152
79
82
3
3
0.41812195817431885
80
81
0
2
0
-1
-1
0
1
0
-1
-1
0
1
0
-1
-1
0
3
-0.73805555428738723
84
87
3
2
-0.5441528095661915
85
86
0
1
0
-1
-1
0
1
0
-1
-1
0
1
0
-1
-1
1
8
1.3465554868859615
89
96
2
4
0.31490199431435251
90
95
1
3
0.89014480520481354
91
94
3
2
0.054038249348967907
92
93
0
1
0
-1
-1
0
1
0
-1
-1
0
1
0
-1
-1
0
1
0
-1
-1
2
4
0.2757643763733284
97
100
3
2
0.53748503596158237
98
99
0
1
0
-1
-1
0
1
0
-1
-1
1
2
1.4623494731878666
101
102
0
1
0
-1
-1
0
1
0
-1
-1
2
3
-0.68470712545687551
104
107
0
2
-0.56521669795427698
105
106
0
1
0
-1
-1
0
1
0
-1
-1
0
1
0
-1
-1
3
73
-0.15365745458229052
109
112
2
2
0.45538944584887608
110
111
0
1
0
-1
-1
0
1
0
-1
-1
3
71
0.15109306598011313
113
122
0
5
0.78017679665295014
114
119
1
3
-1.6940883398894886
115
118
0
2
0.2341377958124149
116
117
0
1
0
-1
-1
0
1
0
-1
-1
0
1
0
-1
-1
1
2
0.99467435172685426
120
121
0
1
0
-1
-1
0
1
0
-1
-1
0
66
2.0975015475789673
123
154
1
64
-0.68733511145211867
124
139
1
51
-1.0996356952793414
125
132
0
37
0.73551386451423451
126
129
2
30
1.2544656322993317
127
128
0
26
0
-1
-1
0
4
0
-1
-1
0
7
0.96417889480874053
130
131
0
2
0
-1
-1
0
5
0
-1
-1
3
14
1.332369564323846
133
136
3
6
0.97091862421783737
134
135
0
3
0
-1
-1
0
3
0
-1
-1
0
8
1.2987622478751297
137
138
0
7
0
-1
-1
0
1
0
-1
-1
2
13
1.8827440818843892
140
147
3
6
1.8408546907321599
141
144
2
4
1.3340169008000153
142
143
0
3
0
-1
-1
0
1
0
-1
-1
2
2
1.7186676238041294
145
146
0
1
0
-1
-1
0
1
0
-1
-1
3
7
1.7598246100967103
148
151
0
2
1.3937616783123066
149
150
0
1
0
-1
-1
0
1
0
-1
-1
2
5
2.0730907825185971
152
153
0
2
0
-1
-1
0
3
0
-1
-1
3
2
2.3334248784493372
155
156
0
1
0
-1
-1
0
1
0
-1
-1
175
2
206
0.83501666826614862
1
102
0
153
-1.3577693003870712
2
35
0
17
-1.6605987909185287
3
14
3
6
-1.0305471818650775
4
9
0
3
-1.7077853346343785
5
6
0
1
0
-1
-1
0
2
-1.6778406912213093
7
8
0
1
0
-1
-1
0
1
0
-1
-1
2
3
-0.67940270295133898
10
13
0
2
-1.8358947267118877
11
12
0
1
0
-1
-1
0
1
0
-1
-1
0
1
0
-1
-1
0
11
-1.4723479378306172
15
26
0
6
-1.5954370117610723
16
17
0
1
0
-1
-1
2
5
-0.82946402850767353
18
21
2
2
-1.0310254447379203
19
20
0
1
0
-1
-1
0
1
0
-1
-1
2
3
-0.48852235684956613
22
25
3
2
-1.2861319908159787
23
24
0
1
0
-1
-1
0
1
0
-1
-1
0
1
0
-1
-1
1
5
0.15190411834714795
27
32
3
3
-0.76238778548972197
28
31
0
2
-1.3953539659771057
29
30
0
1
0
-1
-1
0
1
0
-1
-1
0
1
0
-1
-1
2
2
-0.59079625336975095
33
34
0
1
0
-1
-1
0
1
0
-1
-1
3
136
-0.93798972276869241
36
67
0
30
-0.20967775548618928
37
54
0
20
-0.6598852518665993
38
47
1
16
0.89722528256963907
39
44
2
14
-2.0265367580273095
40
41
0
1
0
-1
-1
0
13
-1.0879351145510054
42
43
0
8
0
-1
-1
0
5
0
-1
-1
0
2
-1.1340401820612032
45
46
0
1
0
-1
-1
0
1
0
-1
-1
2
4
-1.1460463942906469
48
49
0
1
0
-1
-1
1
3
-0.29745390764710339
50
51
0
1
0
-1
-1
1
2
0.38116494377350718
52
53
0
1
0
-1
-1
0
1
0
-1
-1
2
10
-0.28859113664877045
55
62
3
7
-1.844587069868483
56
57
0
1
0
-1
-1
3
6
-0.95936194465809177
58
61
0
5
0.33412219948013955
59
60
0
2
0
-1
-1
0
3
0
-1
-1
0
1
0
-1
-1
0
3
1.1753559728002889
63
66
2
2
-0.12200135926066077
64
65
0
1
0
-1
-1
0
1
0
-1
-1
0
1
0
-1
-1
0
106
-1.1520625231534005
68
79
0
6
-1.2811422547620221
69
72
2
2
-1.0166368955193599
70
71
0
1
0
-1
-1
0
1
0
-1
-1
3
4
-0.79635999789751422
73
74
0
1
0
-1
-1
2
3
-1.0590554450917447
75
78
1
2
0.96460763655542614
76
77
0
1
0
-1
-1
0
1
0
-1
-1
0
1
0
-1
-1
2
100
-0.67837900630879411
80
91
2
33
-1.4709857282553565
81
86
3
3
-0.39153736350835017
82
85
0
2
-0.71866812456282192
83
84
0
1
0
-1
-1
0
1
0
-1
-1
0
1
0
-1
-1
0
30
1.178669345632243
87
90
3
29
0.25784912474869903
88
89
0
26
0
-1
-1
0
3
0
-1
-1
0
1
0
-1
-1
3
67
-0.76682641166197307
92
95
1
2
0.77736101228943888
93
94
0
1
0
-1
-1
0
1
0
-1
-1
0
65
0.65446752829841626
96
99
0
43
0.19968673656246394
97
98
0
28
0
-1
-1
0
15
0
-1
-1
1
22
1.0258640294844077
100
101
0
10
0
-1
-1
0
12
0
-1
-1
1
53
-1.5981239183742293
103
120
2
9
1.0376296262673022
104
109
1
3
-1.7872214886146138
105
108
0
2
0.0030254707928123459
106
107
0
1
0
-1
-1
0
1
0
-1
-1
0
1
0
-1
-1
0
6
1.1701598386554577
110
119
1
5
-1.7792588384944807
111
112
0
1
0
-1
-1
0
4
0.29061728242335727
113
116
2
2
1.2557263750731618
114
115
0
1
0
-1
-1
0
1
0
-1
-1
3
2
0.61095051679672485
117
118
0
1
0
-1
-1
0
1
0
-1
-1
0
1
0
-1
-1
1
44
-0.68646585734966348
121
154
1
29
-1.4151348329769249
122
133
3
6
0.73922493372222697
123
126
0
2
0.18501303892955917
124
125
0
1
0
-1
-1
0
1
0
-1
-1
3
4
1.4913610598609397
127
130
0
2
0.28379522906439097
128
129
0
1
0
-1
-1
0
1
0
-1
-1
0
2
1.0614427931299617
131
132
0
1
0
-1
-1
0
1
0
-1
-1
1
23
-0.76319803157099098
134
147
1
19
-0.95396209376737651
135
142
2
16
0.95992080535739266
136
139
1
3
-1.3463126564066485
137
138
0
1
0
-1
-1
0
2
0
-1
-1
3
13
1.7115100080550698
140
141
0
10
0
-1
-1
0
3
0
-1
-1
2
3
1.7786237495217008
143
146
3
2
1.0822933199594547
144
145
0
1
0
-1
-1
0
1
0
-1
-1
0
1
0
-1
-1
1
4
-0.7244288104195965
148
149
0
1
0
-1
-1
3
3
2.2139090634763425
150
153
3
2
1.5488085479450646
151
152
0
1
0
-1
-1
0
1
0
-1
-1
0
1
0
-1
-1
0
15
0.82014821246327529
155
160
3
3
1.5113095886792949
156
157
0
1
0
-1
-1
1
2
-0.57047697730266111
158
159
0
1
0
-1
-1
0
1
0
-1
-1
2
12
1.8769349392640968
161
166
1
3
-0.6115845695320582
162
163
0
1
0
-1
-1
0
2
1.0594173064187309
164
165
0
1
0
-1
-1
0
1
0
-1
-1
3
9
2.1896778893973807
167
174
2
8
2.0603004296956779
168
171
3
4
1.9138866335283529
169
170
0
3
0
-1
-1
0
1
0
-1
-1
0
4
1.0145648186652112
172
173
0
1
0
-1
-1
0
3
0
-1
-1
0
1
0
-1
-1
165
2
206
0.75015483280902684
1
96
1
150
-0.48030589177532512
2
29
0
16
-0.16406337499666357
3
12
2
5
0.52504135129449314
4
7
2
2
-0.94531653307284125
5
6
0
1
0
-1
-1
0
1
0
-1
-1
2
3
0.62971806226947602
8
9
0
1
0
-1
-1
0
2
-0.37537102285244622
10
11
0
1
0
-1
-1
0
1
0
-1
-1
2
11
0.72940154514625077
13
26
1
9
-0.96039416313179737
14
25
0
8
0.3054915328151161
15
22
1
6
-1.6784691243119689
16
19
2
3
0.58560331339993166
17
18
0
2
0
-1
-1
0
1
0
-1
-1
0
3
-0.0075374296937000818
20
21
0
1
0
-1
-1
0
2
0
-1
-1
2
2
0.61868811582762517
23
24
0
1
0
-1
-1
0
1
0
-1
-1
0
1
0
-1
-1
0
2
0.38024836395505285
27
28
0
1
0
-1
-1
0
1
0
-1
-1
0
134
0.3283870626352321
30
75
2
98
-0.53120582084734469
31
62
2
72
-1.0763738253774031
32
47
1
23
0.47109919967380171
33
40
2
13
-1.302592035206551
34
37
2
5
-1.5021505549863021
35
36
0
1
0
-1
-1
0
4
0
-1
-1
2
8
-1.1417649059233517
38
39
0
1
0
-1
-1
0
7
0
-1
-1
1
10
0.93288994209563314
41
44
2
7
-1.2716056909037521
42
43
0
4
0
-1
-1
0
3
0
-1
-1
1
3
1.0062857069243003
45
46
0
1
0
-1
-1
0
2
0
-1
-1
3
49
0.047123304049097481
48
55
0
43
-1.4978733043771006
49
52
2
7
-0.61909593794140694
50
51
0
5
0
-1
-1
0
2
0
-1
-1
3
36
-0.55244125666660659
53
54
0
25
0
-1
-1
0
11
0
-1
-1
1
6
1.0423660428709394
56
59
3
4
0.32452946071770261
57
58
0
3
0
-1
-1
0
1
0
-1
-1
1
2
1.5879096336419547
60
61
0
1
0
-1
-1
0
1
0
-1
-1
1
26
1.6515613178751627
63
74
1
25
1.3765771451568611
64
71
1
23
0.83536372009920323
65
68
3
15
-0.54280011582883958
66
67
0
6
0
-1
-1
0
9
0
-1
-1
2
8
-0.17756139147459798
69
70
0
7
0
-1
-1
0
1
0
-1
-1
3
2
0.13439550398593625
72
73
0
1
0
-1
-1
0
1
0
-1
-1
0
1
0
-1
-1
1
36
1.7011339384832278
76
95
3
35
0.18224624547580981
77
92
2
33
0.023253140691460006
78
85
1
25
0.0020680544757725738
79
82
3
4
-0.40580675803572785
80
81
0
3
0
-1
-1
0
1
0
-1
-1
2
21
-1.1254982913858367
83
84
0
1
0
-1
-1
0
20
0
-1
-1
2
8
0.54928226319440809
86
89
3
6
-0.18852385916617231
87
88
0
3
0
-1
-1
0
3
0
-1
-1
0
2
0.97541515491866271
90
91
0
1
0
-1
-1
0
1
0
-1
-1
3
2
0.45815859937265885
93
94
0
1
0
-1
-1
0
1
0
-1
-1
0
1
0
-1
-1
0
56
1.4811993913305224
97
156
2
51
1.4035024666957372
98
133
2
35
1.2491466499390789
99
122
1
28
-0.81729181780948923
100
113
3
23
0.86493040336058324
101
106
2
14
1.0976780235045862
102
105
0
13
0.84940659233024673
103
104
0
12
0
-1
-1
0
1
0
-1
-1
0
1
0
-1
-1
1
9
-1.701247102272367
107
110
1
2
-1.718048011926151
108
109
0
1
0
-1
-1
0
1
0
-1
-1
1
7
-1.4891213065075213
111
112
0
2
0
-1
-1
0
5
0
-1
-1
1
5
0.17620979071318099
114
121
3
4
1.0970241314749984
115
118
3
2
0.8864860290770803
116
117
0
1
0
-1
-1
0
1
0
-1
-1
0
2
0.59741373408028919
119
120
0
1
0
-1
-1
0
1
0
-1
-1
0
1
0
-1
-1
3
7
1.7316225185174712
123
132
1
6
-0.010518525297954939
124
131
3
5
0.66499644089958354
125
128
2
2
1.3626898726575079
126
127
0
1
0
-1
-1
0
1
0
-1
-1
1
3
-0.74222436528510982
129
130
0
2
0
-1
-1
0
1
0
-1
-1
0
1
0
-1
-1
0
1
0
-1
-1
3
16
1.3254190784221307
134
137
3
2
1.2541446227423505
135
136
0
1
0
-1
-1
0
1
0
-1
-1
2
14
1.6766702157540714
138
149
3
6
1.5179972942261832
139
144
3
3
1.3897824740652449
140
141
0
1
0
-1
-1
1
2
-0.75363070887775008
142
143
0
1
0
-1
-1
0
1
0
-1
-1
2
3
1.5687230407256509
145
146
0
1
0
-1
-1
1
2
-0.60140385073701852
147
148
0
1
0
-1
-1
0
1
0
-1
-1
2
8
1.763437346403429
150
151
0
1
0
-1
-1
1
7
-0.16564709110614229
152
155
2
6
2.0284284184792281
153
154
0
3
0
-1
-1
0
3
0
-1
-1
0
1
0
-1
-1
1
5
-0.73468836284960159
157
158
0
1
0
-1
-1
0
4
2.2572211978215631
159
164
1
3
-0.46962822217097766
160
161
0
1
0
-1
-1
3
2
1.7153186332235129
162
163
0
1
0
-1
-1
0
1
0
-1
-1
0
1
0
-1
-1
117
1
206
1.8008107594192935
1
108
1
201
0.0609434910661526
2
55
3
101
-1.2940532770607518
3
20
1
9
-0.48586436629960827
4
5
0
1
0
-1
-1
2
8
-0.98233442291024942
6
11
3
3
-1.5863116969686231
7
8
0
1
0
-1
-1
0
2
-1.2810422214210364
9
10
0
1
0
-1
-1
0
1
0
-1
-1
0
5
-0.77532248689588945
12
17
1
3
-0.11463195780409088
13
14
0
1
0
-1
-1
2
2
-0.90586882475154296
15
16
0
1
0
-1
-1
0
1
0
-1
-1
0
2
0.44967765290687634
18
19
0
1
0
-1
-1
0
1
0
-1
-1
3
92
0.88612452859575797
21
38
1
53
-2.1295478933218259
22
23
0
1
0
-1
-1
0
52
-0.080135220874680613
24
31
1
20
-0.70824747121209031
25
28
3
6
0.1153177917474219
26
27
0
1
0
-1
-1
0
5
0
-1
-1
1
14
-0.27339970434832067
29
30
0
4
0
-1
-1
0
10
0
-1
-1
0
32
0.14842085036947933
32
35
0
6
0.0099775704928011244
33
34
0
2
0
-1
-1
0
4
0
-1
-1
3
26
0.77432953848548403
36
37
0
21
0
-1
-1
0
5
0
-1
-1
0
39
0.77825962240863722
39
46
3
10
1.6254045984138632
40
45
1
9
-0.12257360434700115
41
44
0
8
-0.054755910999819649
42
43
0
1
0
-1
-1
0
7
0
-1
-1
0
1
0
-1
-1
0
1
0
-1
-1
0
29
2.3328907767218894
47
54
0
28
1.6316430882222823
48
51
1
26
-0.89425885552833506
49
50
0
9
0
-1
-1
0
17
0
-1
-1
2
2
2.0485072028556255
52
53
0
1
0
-1
-1
0
1
0
-1
-1
0
1
0
-1
-1
2
100
0.14801806244351834
56
89
1
88
1.2966813120859786
57
78
1
82
0.29455538351689731
58
69
2
12
-0.51815098404832505
59
66
0
10
-0.70757548822154459
60
63
0
6
-1.3334362420108983
61
62
0
1
0
-1
-1
0
5
0
-1
-1
3
4
-0.44942604026050692
64
65
0
3
0
-1
-1
0
1
0
-1
-1
3
2
0.4683461422844411
67
68
0
1
0
-1
-1
0
1
0
-1
-1
2
70
-1.9409095480442011
70
71
0
1
0
-1
-1
3
69
-0.98220590862452917
72
75
0
11
-0.44472440130825541
73
74
0
8
0
-1
-1
0
3
0
-1
-1
0
58
2.511310112168081
76
77
0
57
0
-1
-1
0
1
0
-1
-1
0
6
-0.77612966172597031
79
80
0
1
0
-1
-1
2
5
-0.61009828411265565
81
84
0
2
-0.31469041116632462
82
83
0
1
0
-1
-1
0
1
0
-1
-1
3
3
-0.46917226544015422
85
88
1
2
1.5704833795904316
86
87
0
1
0
-1
-1
0
1
0
-1
-1
0
1
0
-1
-1
3
12
0.61206437551224213
90
107
1
11
0.84902835179570069
91
94
2
2
0.19238814481256267
92
93
0
1
0
-1
-1
0
1
0
-1
-1
1
9
1.3416234444087232
95
102
2
5
0.58232850914962253
96
99
0
2
1.2669980395291385
97
98
0
1
0
-1
-1
0
1
0
-1
-1
1
3
1.2160557177973415
100
101
0
2
0
-1
-1
0
1
0
-1
-1
0
4
2.0492683408308681
103
106
3
3
0.057987600319005961
104
105
0
1
0
-1
-1
0
2
0
-1
-1
0
1
0
-1
-1
0
1
0
-1
-1
1
5
1.8498917774862798
109
110
0
1
0
-1
-1
0
4
0.25052989760468447
111
116
1
3
2.0979523361295818
112
113
0
1
0
-1
-1
0
2
-0.67929502064809633
114
115
0
1
0
-1
-1
0
1
0
-1
-1
0
1
0
-1
-1
147
0
206
-0.70406389329317087
1
84
1
63
0.46257414005980946
2
55
2
33
-0.99379010037147353
3
24
3
15
-0.60813115038614995
4
23
3
14
-1.3903035640078034
5
10
2
3
-1.2246830118730574
6
7
0
1
0
-1
-1
1
2
-0.092217233060289339
8
9
0
1
0
-1
-1
0
1
0
-1
-1
1
11
-0.10959455564175663
11
16
3
3
-0.8330316721936053
12
15
0
2
-1.4503884849881086
13
14
0
1
0
-1
-1
0
1
0
-1
-1
0
1
0
-1
-1
0
8
-1.2950669233057335
17
20
0
3
-1.6492647440967143
18
19
0
1
0
-1
-1
0
2
0
-1
-1
0
5
-0.7940610525926548
21
22
0
4
0
-1
-1
0
1
0
-1
-1
0
1
0
-1
-1
1
18
-0.0034793877879559787
25
40
2
9
-0.43654708411426391
26
33
0
5
-1.5838275070995285
27
28
0
1
0
-1
-1
1
4
-0.2156591301444335
29
30
0
1
0
-1
-1
0
3
-1.2391517826896941
31
32
0
2
0
-1
-1
0
1
0
-1
-1
3
4
-1.0970826891508441
34
35
0
1
0
-1
-1
3
3
-0.50707396112648562
36
39
0
2
-1.0281894680166865
37
38
0
1
0
-1
-1
0
1
0
-1
-1
0
1
0
-1
-1
1
9
0.28779857003849829
41
46
3
3
-1.1674810981050343
42
45
0
2
-1.3085087680805951
43
44
0
1
0
-1
-1
0
1
0
-1
-1
0
1
0
-1
-1
3
6
-1.0380575982186357
47
50
2
2
-0.73513602840586034
48
49
0
1
0
-1
-1
0
1
0
-1
-1
3
4
-0.84511821911495288
51
54
2
3
-0.59832998204778021
52
53
0
2
0
-1
-1
0
1
0
-1
-1
0
1
0
-1
-1
0
30
-1.769251400469926
56
57
0
1
0
-1
-1
0
29
-1.5459632523389886
58
67
0
5
-1.5727140052090081
59
66
3
4
-0.41978747914446268
60
65
3
3
-1.1969513222085428
61
62
0
1
0
-1
-1
1
2
0.55119435828630448
63
64
0
1
0
-1
-1
0
1
0
-1
-1
0
1
0
-1
-1
0
1
0
-1
-1
3
24
0.37685146095042721
68
81
1
22
1.399908775354775
69
76
3
18
-0.37727568931837652
70
73
0
10
-0.94581241064080657
71
72
0
7
0
-1
-1
0
3
0
-1
-1
3
8
0.21624718922768926
74
75
0
6
0
-1
-1
0
2
0
-1
-1
0
4
-0.7833010072579577
77
80
1
3
1.8681616675220596
78
79
0
1
0
-1
-1
0
2
0
-1
-1
0
1
0
-1
-1
2
2
-1.1525621611946344
82
83
0
1
0
-1
-1
0
1
0
-1
-1
2
143
-1.3803153372406325
85
90
3
3
-0.58317208863838221
86
89
1
2
0.67466343573512355
87
88
0
1
0
-1
-1
0
1
0
-1
-1
0
1
0
-1
-1
2
140
-0.46863806539194519
91
110
0
29
0.74705425587037022
92
103
1
25
1.6796023833571969
93
102
2
24
-1.2748124139709434
94
95
0
1
0
-1
-1
1
23
0.35947848103249652
96
99
3
13
-1.6649274373210714
97
98
0
1
0
-1
-1
0
12
0
-1
-1
2
10
-1.0526662696323776
100
101
0
1
0
-1
-1
0
9
0
-1
-1
0
1
0
-1
-1
1
4
0.38008341636868864
104
107
1
2
0.24743910224611143
105
106
0
1
0
-1
-1
0
1
0
-1
-1
3
2
-0.5002312922575628
108
109
0
1
0
-1
-1
0
1
0
-1
-1
1
111
-1.2396430691379632
111
124
1
32
-2.0199650422143534
112
113
0
1
0
-1
-1
0
31
0.99421968939390859
114
121
0
29
0.50845439320175445
115
118
0
24
-0.23383987778742238
116
117
0
3
0
-1
-1
0
21
0
-1
-1
3
5
0.71343454569580234
119
120
0
1
0
-1
-1
0
4
0
-1
-1
3
2
1.9060868737492536
122
123
0
1
0
-1
-1
0
1
0
-1
-1
1
79
0.086188703096414798
125
134
0
42
0.01710499121548234
126
127
0
1
0
-1
-1
2
41
0.3717586705039681
128
131
3
5
-0.98789150102990342
129
130
0
1
0
-1
-1
0
4
0
-1
-1
2
36
1.4929301870011074
132
133
0
17
0
-1
-1
0
19
0
-1
-1
1
37
1.131942484423647
135
142
0
21
1.1234036439590369
136
139
0
13
-0.10446987280795794
137
138
0
8
0
-1
-1
0
5
0
-1
-1
3
8
-0.51767503379479263
140
141
0
2
0
-1
-1
0
6
0
-1
-1
2
16
0.73591318026574437
143
146
2
15
0.35702997888720472
144
145
0
12
0
-1
-1
0
3
0
-1
-1
0
1
0
-1
-1
129
0
206
2.3531644305813906
1
126
3
204
-0.55268410757507658
2
53
3
72
-1.1550863906238806
3
22
2
20
-2.0380080300294927
4
5
0
1
0
-1
-1
2
19
-0.68845599177447503
6
19
3
17
-1.5007458283091322
7
12
0
4
-1.3643767420889454
8
9
0
1
0
-1
-1
0
3
-0.53296171883370247
10
11
0
2
0
-1
-1
0
1
0
-1
-1
3
13
-1.3324438820527968
13
16
1
3
-0.41330613798913562
14
15
0
1
0
-1
-1
0
2
0
-1
-1
1
10
0.13103009271942939
17
18
0
5
0
-1
-1
0
5
0
-1
-1
2
2
-0.40913265239508761
20
21
0
1
0
-1
-1
0
1
0
-1
-1
1
52
1.7862594654867696
23
52
3
51
-0.75815267160992761
24
39
1
32
0.32751750733811802
25
32
0
16
0.66066318411573355
26
29
0
14
-1.643323197430052
27
28
0
1
0
-1
-1
0
13
0
-1
-1
2
2
-0.56539460636635752
30
31
0
1
0
-1
-1
0
1
0
-1
-1
0
16
-0.30203167645037809
33
36
3
9
-1.0050855993188874
34
35
0
2
0
-1
-1
0
7
0
-1
-1
0
7
0.024271589392269699
37
38
0
1
0
-1
-1
0
6
0
-1
-1
0
19
-0.64929734130013506
40
45
2
12
-0.39657129764813059
41
44
1
11
-0.022918966108852037
42
43
0
2
0
-1
-1
0
9
0
-1
-1
0
1
0
-1
-1
1
7
-0.042068058012336873
46
49
2
2
-0.6877898997030677
47
48
0
1
0
-1
-1
0
1
0
-1
-1
0
5
0.43537920974715538
50
51
0
2
0
-1
-1
0
3
0
-1
-1
0
1
0
-1
-1
3
132
-0.074634536620321268
54
77
1
39
-0.68830994440507909
55
56
0
1
0
-1
-1
2
38
0.28649322627975393
57
70
1
34
0.37729018902493922
58
63
2
7
-0.83460327916480237
59
60
0
1
0
-1
-1
1
6
-0.19023754188092265
61
62
0
2
0
-1
-1
0
4
0
-1
-1
3
27
-0.35454884761493832
64
67
1
13
0.81771846591724295
65
66
0
4
0
-1
-1
0
9
0
-1
-1
2
14
-0.53546100652494577
68
69
0
6
0
-1
-1
0
8
0
-1
-1
2
4
0.62287713353249075
71
74
0
2
1.8400538658751515
72
73
0
1
0
-1
-1
0
1
0
-1
-1
0
2
1.163282804607956
75
76
0
1
0
-1
-1
0
1
0
-1
-1
3
93
0.65920383758784895
78
107
2
42
0.60046585679401399
79
94
3
27
0.23218511467188177
80
87
3
15
-0.046814816062673681
81
84
1
4
1.2262093783168493
82
83
0
2
0
-1
-1
0
2
0
-1
-1
2
11
-0.098659836944836043
85
86
0
8
0
-1
-1
0
3
0
-1
-1
2
12
0.42121577273685018
88
91
2
9
-0.42298849531733351
89
90
0
3
0
-1
-1
0
6
0
-1
-1
1
3
-1.6934800027220367
92
93
0
1
0
-1
-1
0
2
0
-1
-1
3
15
0.24122480209031008
95
100
1
4
0.63323869279383138
96
99
2
3
0.82206378469023211
97
98
0
2
0
-1
-1
0
1
0
-1
-1
0
1
0
-1
-1
3
11
0.58686398108886606
101
104
3
3
0.28384158495229495
102
103
0
2
0
-1
-1
0
1
0
-1
-1
3
8
0.62190186403639247
105
106
0
4
0
-1
-1
0
4
0
-1
-1
1
51
0.2460376408115601
108
123
3
49
0.82051510168040254
109
116
2
6
0.75791339654979795
110
113
2
2
0.59938114503068896
111
112
0
1
0
-1
-1
0
1
0
-1
-1
3
4
0.71359660820238924
114
115
0
1
0
-1
-1
0
3
0
-1
-1
0
43
0.67942504439863072
117
120
2
15
1.1920390120531776
118
119
0
10
0
-1
-1
0
5
0
-1
-1
1
28
-1.3356848755242732
121
122
0
3
0
-1
-1
0
25
0
-1
-1
0
2
-0.44396662242067642
124
125
0
1
0
-1
-1
0
1
0
-1
-1
3
2
1.6660274365747993
127
128
0
1
0
-1
-1
0
1
0
-1
-1
117
3
206
-1.8390092629925492
1
2
0
1
0
-1
-1
2
205
-0.99883756443532024
3
42
2
31
-1.159346034821203
4
25
2
17
-1.8814747701803398
5
6
0
1
0
-1
-1
0
16
-0.8203398405511344
7
18
0
10
-1.0437233396789014
8
15
1
8
0.91337465558522124
9
12
3
6
-1.6340186069835856
10
11
0
1
0
-1
-1
0
5
0
-1
-1
1
2
1.1545737463551791
13
14
0
1
0
-1
-1
0
1
0
-1
-1
0
2
-0.86897276975196003
16
17
0
1
0
-1
-1
0
1
0
-1
-1
0
6
0.31832618593158057
19
24
2
5
-1.2236096597483253
20
23
0
4
-0.43202888166640607
21
22
0
3
0
-1
-1
0
1
0
-1
-1
0
1
0
-1
-1
0
1
0
-1
-1
0
14
-1.7711184103452096
26
27
0
1
0
-1
-1
3
13
-0.7256146451300477
28
35
3
7
-1.4133847665007018
29
30
0
1
0
-1
-1
0
6
-1.3198752745465772
31
32
0
1
0
-1
-1
1
5
0.21828178832874617
33
34
0
4
0
-1
-1
0
1
0
-1
-1
3
6
-0.048081506415341257
36
41
3
5
-0.43884641869589308
37
40
1
4
0.08694649657975187
38
39
0
1
0
-1
-1
0
3
0
-1
-1
0
1
0
-1
-1
0
1
0
-1
-1
1
174
-1.2304947011589755
43
72
1
32
-1.4555251459250644
44
59
1
22
-2.0588054233343462
45
46
0
1
0
-1
-1
0
21
0.093246799860818519
47
54
3
7
0.52325082423181002
48
51
1
3
-1.8839469166005656
49
50
0
2
0
-1
-1
0
1
0
-1
-1
0
4
-0.53085205356281562
52
53
0
1
0
-1
-1
0
3
0
-1
-1
0
14
0.20194566178864626
55
56
0
1
0
-1
-1
0
13
1.147761637479392
57
58
0
12
0
-1
-1
0
1
0
-1
-1
3
10
1.4704448952375282
60
69
1
8
-1.370496505692949
61
66
3
6
0.47088505350196552
62
63
0
1
0
-1
-1
1
5
-1.4082549119572489
64
65
0
4
0
-1
-1
0
1
0
-1
-1
0
2
0.084828640379984444
67
68
0
1
0
-1
-1
0
1
0
-1
-1
1
2
-1.3991070517805069
70
71
0
1
0
-1
-1
0
1
0
-1
-1
3
142
0.67921296180351831
73
92
3
105
-1.595051646800169
74
77
1
2
-0.27343406759615357
75
76
0
1
0
-1
-1
0
1
0
-1
-1
1
103
1.5834127890760177
78
85
1
95
-0.23691336105616145
79
82
1
8
-0.4448044220170938
80
81
0
3
0
-1
-1
0
5
0
-1
-1
3
87
-1.1563196443960393
83
84
0
7
0
-1
-1
0
80
0
-1
-1
1
8
2.1057892961927509
86
89
3
6
-0.049450809695655296
87
88
0
3
0
-1
-1
0
3
0
-1
-1
0
2
-0.29659815061896255
90
91
0
1
0
-1
-1
0
1
0
-1
-1
3
37
2.0358574074555791
93
108
3
32
1.7368623018228488
94
101
3
23
1.6297384030970177
95
98
1
20
-0.54407871546831355
96
97
0
15
0
-1
-1
0
5
0
-1
-1
1
3
-0.98936658783339615
99
100
0
1
0
-1
-1
0
2
0
-1
-1
3
9
1.9255142925229793
102
105
3
6
1.8289475084322477
103
104
0
5
0
-1
-1
0
1
0
-1
-1
0
3
1.0501286547718534
106
107
0
1
0
-1
-1
0
2
0
-1
-1
2
5
2.0713879340841479
109
112
1
2
-0.55612783171177393
110
111
0
1
0
-1
-1
0
1
0
-1
-1
0
3
1.9384283061111942
113
114
0
1
0
-1
-1
3
2
2.1649189090845269
115
116
0
1
0
-1
-1
0
1
0
-1
-1
121
2
206
-1.6655987764888867
1
2
0
1
0
-1
-1
0
205
-0.9985624047448679
3
58
0
41
-1.2118276246662925
4
35
1
25
0.21087813132351751
5
20
2
12
-0.56680871868457583
6
17
1
10
-0.27759295177655829
7
10
3
2
-1.2121858118306583
8
9
0
1
0
-1
-1
0
1
0
-1
-1
1
8
-0.13521698841717489
11
14
0
2
-1.408781134804624
12
13
0
1
0
-1
-1
0
1
0
-1
-1
2
6
-0.92163806353835775
15
16
0
4
0
-1
-1
0
2
0
-1
-1
1
2
-0.26419457665586771
18
19
0
1
0
-1
-1
0
1
0
-1
-1
2
13
-1.2369566542672303
21
22
0
1
0
-1
-1
2
12
-0.81985698418429354
23
28
2
5
-1.1420444293185688
24
25
0
1
0
-1
-1
2
4
-1.0785210866706778
26
27
0
1
0
-1
-1
0
3
0
-1
-1
2
7
-0.74905575713922878
29
32
3
3
-0.8941531882230086
30
31
0
2
0
-1
-1
0
1
0
-1
-1
3
4
-0.7036852847185171
33
34
0
3
0
-1
-1
0
1
0
-1
-1
3
16
-0.25480209518574282
36
57
1
15
0.97172210847978235
37
50
2
11
-0.84271996340108002
38
45
2
7
-1.1512668271372322
39
42
2
3
-1.593650049159383
40
41
0
1
0
-1
-1
0
2
0
-1
-1
2
4
-1.0541829493539834
43
44
0
2
0
-1
-1
0
2
0
-1
-1
3
4
-0.64791586701871429
46
47
0
1
0
-1
-1
1
3
0.23784341375148738
48
49
0
1
0
-1
-1
0
2
0
-1
-1
3
4
-0.35372001994509883
51
56
0
3
-1.2074486053396485
52
53
0
1
0
-1
-1
2
2
-0.54883830735415806
54
55
0
1
0
-1
-1
0
1
0
-1
-1
0
1
0
-1
-1
0
1
0
-1
-1
0
164
1.9338858563794248
59
112
0
159
-0.10840284293734881
60
87
0
56
-0.38707689737832807
61
76
3
40
0.5402105287596044
62
69
0
35
-0.71274103911795028
63
66
1
19
0.7406605320305536
64
65
0
12
0
-1
-1
0
7
0
-1
-1
1
16
0.13685912374450687
67
68
0
3
0
-1
-1
0
13
0
-1
-1
0
5
-0.70692035733249436
70
73
3
2
0.62412143673527032
71
72
0
1
0
-1
-1
0
1
0
-1
-1
0
3
-0.42713235863703658
74
75
0
2
0
-1
-1
0
1
0
-1
-1
1
16
-0.58695926521113084
77
82
0
4
-0.30799836182126616
78
79
0
1
0
-1
-1
1
3
-1.5324530915828296
80
81
0
2
0
-1
-1
0
1
0
-1
-1
3
12
-1.3962641206249979
83
84
0
1
0
-1
-1
3
11
-0.30207797071663334
85
86
0
2
0
-1
-1
0
9
0
-1
-1
3
103
1.7298530542224155
88
101
2
90
1.7158810882580373
89
96
0
85
-0.076983088560949001
90
93
2
2
1.2070792740077454
91
92
0
1
0
-1
-1
0
1
0
-1
-1
0
83
0.81158319822915914
94
95
0
52
0
-1
-1
0
31
0
-1
-1
3
5
1.0814647800039059
97
98
0
1
0
-1
-1
3
4
1.4583376904807874
99
100
0
1
0
-1
-1
0
3
0
-1
-1
1
13
-0.51611316106906302
102
109
0
11
0.88445065845616644
103
106
0
2
0.8199511648931449
104
105
0
1
0
-1
-1
0
1
0
-1
-1
0
9
1.113600090778869
107
108
0
6
0
-1
-1
0
3
0
-1
-1
0
2
1.1263804117746981
110
111
0
1
0
-1
-1
0
1
0
-1
-1
2
5
-0.3663332275481701
113
114
0
1
0
-1
-1
0
4
2.322902750428232
115
120
3
3
-0.15046317427843234
116
117
0
1
0
-1
-1
0
2
2.0362681220762977
118
119
0
1
0
-1
-1
0
1
0
-1
-1
0
1
0
-1
-1
121
0
206
-1.6177414034525115
1
12
1
6
0.12708509699502774
2
5
2
2
-1.0113278454022006
3
4
0
1
0
-1
-1
0
1
0
-1
-1
1
4
0.89857035102776917
6
11
0
3
-1.7623024181463436
7
8
0
1
0
-1
-1
2
2
-1.0976384735177835
9
10
0
1
0
-1
-1
0
1
0
-1
-1
0
1
0
-1
-1
3
200
0.61843625602056673
13
94
3
141
-0.64892743905206363
14
49
0
55
-0.059801801053962489
15
28
1
39
1.6342250881217883
16
27
1
38
0.72551943888267989
17
22
2
32
-1.4619574550956205
18
19
0
1
0
-1
-1
2
31
-0.44908006970370506
20
21
0
27
0
-1
-1
0
4
0
-1
-1
2
6
-1.7547572651147108
23
24
0
1
0
-1
-1
3
5
-1.0398878657212181
25
26
0
1
0
-1
-1
0
4
0
-1
-1
0
1
0
-1
-1
2
16
-0.53421108612479284
29
40
0
9
0.39069782436431433
30
35
1
4
0.58962975382906735
31
34
2
3
-0.6003875820854423
32
33
0
2
0
-1
-1
0
1
0
-1
-1
0
1
0
-1
-1
0
5
0.9941369962047204
36
39
1
4
0.37803916063944182
37
38
0
3
0
-1
-1
0
1
0
-1
-1
0
1
0
-1
-1
1
7
0.75873035859643534
41
48
0
6
0.42862038813864789
42
45
2
2
-0.35408836885989592
43
44
0
1
0
-1
-1
0
1
0
-1
-1
3
4
-0.95284977732747456
46
47
0
3
0
-1
-1
0
1
0
-1
-1
0
1
0
-1
-1
2
86
-0.5484385764049009
50
71
2
36
-1.072506255647983
51
58
0
10
2.0795963243809688
52
57
3
9
0.39699090131653869
53
56
1
8
0.57060980690496388
54
55
0
5
0
-1
-1
0
3
0
-1
-1
0
1
0
-1
-1
0
1
0
-1
-1
3
26
-0.55409414808812796
59
66
2
5
-0.74107354925395907
60
63
0
2
-1.2109934154527842
61
62
0
1
0
-1
-1
0
1
0
-1
-1
2
3
-0.66371719879194158
64
65
0
2
0
-1
-1
0
1
0
-1
-1
3
21
0.48761992966963091
67
70
0
20
0.96839580580743645
68
69
0
19
0
-1
-1
0
1
0
-1
-1
0
1
0
-1
-1
2
50
-0.40609833147006502
72
79
1
4
1.529682163584055
73
78
3
3
-0.14747856723719738
74
77
3
2
-0.519196704613197
75
76
0
1
0
-1
-1
0
1
0
-1
-1
0
1
0
-1
-1
0
1
0
-1
-1
2
46
0.92644290636620652
80
87
3
40
-0.040198180817197837
81
84
0
24
-0.5071739804648624
82
83
0
4
0
-1
-1
0
20
0
-1
-1
0
16
1.2341219345529497
85
86
0
13
0
-1
-1
0
3
0
-1
-1
1
6
-1.6734915551454981
88
91
3
3
0.3255707859571626
89
90
0
1
0
-1
-1
0
2
0
-1
-1
0
3
0.4044300020414765
92
93
0
1
0
-1
-1
0
2
0
-1
-1
1
59
0.58235758986323605
95
116
2
56
0.010208127698734748
96
97
0
1
0
-1
-1
1
55
-1.6438062150952997
98
103
1
3
-1.8047674260149498
99
100
0
1
0
-1
-1
2
2
0.86677316310958885
101
102
0
1
0
-1
-1
0
1
0
-1
-1
0
52
1.6629271006277593
104
111
3
49
1.8855150913849652
105
108
2
41
1.1312427949826334
106
107
0
19
0
-1
-1
0
22
0
-1
-1
3
8
2.1259834094330747
109
110
0
6
0
-1
-1
0
2
0
-1
-1
0
3
2.1493942753733037
112
113
0
1
0
-1
-1
3
2
1.835710320399822
114
115
0
1
0
-1
-1
0
1
0
-1
-1
2
3
-0.064872017426073292
117
120
1
2
1.2499820649505522
118
119
0
1
0
-1
-1
0
1
0
-1
-1
0
1
0
-1
-1
187
2
206
0.38960661677738928
1
114
1
133
0.9901057627181894
2
75
1
103
-0.25895442987998341
3
22
0
10
-0.44665597703383031
4
15
2
6
-0.92623854641626258
5
10
0
3
-1.0976923115605066
6
9
3
2
-1.0825234352054005
7
8
0
1
0
-1
-1
0
1
0
-1
-1
0
1
0
-1
-1
3
3
-1.106824763379858
11
12
0
1
0
-1
-1
2
2
-0.39778911952193552
13
14
0
1
0
-1
-1
0
1
0
-1
-1
3
4
-1.6992299894169673
16
17
0
1
0
-1
-1
2
3
-0.34020433126025107
18
21
0
2
0.15481602162848188
19
20
0
1
0
-1
-1
0
1
0
-1
-1
0
1
0
-1
-1
0
93
0.38478494348005321
23
54
3
74
-0.5105975421441562
24
39
0
49
-1.1668158086033567
25
32
0
20
-1.5874895311425881
26
29
3
7
-1.0288016120036227
27
28
0
3
0
-1
-1
0
4
0
-1
-1
0
13
-1.4083472871691058
30
31
0
5
0
-1
-1
0
8
0
-1
-1
1
29
0.26199242031175707
33
36
1
16
-0.086321936198527655
34
35
0
4
0
-1
-1
0
12
0
-1
-1
0
13
-0.97653289439882629
37
38
0
3
0
-1
-1
0
10
0
-1
-1
0
25
-0.44723614566208614
40
47
1
16
0.19772458077298968
41
44
2
2
-0.91471721101800141
42
43
0
1
0
-1
-1
0
1
0
-1
-1
0
14
-1.5180084125270736
45
46
0
1
0
-1
-1
0
13
0
-1
-1
1
9
0.58623953429610354
48
51
3
4
-0.18436799048250183
49
50
0
2
0
-1
-1
0
2
0
-1
-1
0
5
0.25590370557131159
52
53
0
4
0
-1
-1
0
1
0
-1
-1
0
19
0.99164141439505737
55
64
0
9
0.76361238098421302
56
63
1
8
0.33855942008365747
57
60
0
5
0.54702552487863132
58
59
0
3
0
-1
-1
0
2
0
-1
-1
0
3
0.61780422080014175
61
62
0
2
0
-1
-1
0
1
0
-1
-1
0
1
0
-1
-1
2
10
-0.22886796512629148
65
70
1
3
0.47019699912820945
66
69
0
2
1.3646906943455166
67
68
0
1
0
-1
-1
0
1
0
-1
-1
0
1
0
-1
-1
0
7
1.1258624397155768
71
72
0
1
0
-1
-1
3
6
-0.78891390235330505
73
74
0
1
0
-1
-1
0
5
0
-1
-1
1
30
1.482005800803319
76
101
0
20
0.35716940723631918
77
88
0
12
-1.4893380867137076
78
79
0
1
0
-1
-1
3
11
-0.98976010827148453
80
81
0
1
0
-1
-1
2
10
-0.21163718964449474
82
85
1
7
1.133965194856378
83
84
0
4
0
-1
-1
0
3
0
-1
-1
0
3
-0.42239717317994296
86
87
0
1
0
-1
-1
0
2
0
-1
-1
3
8
-0.49693584456062767
89
92
0
2
1.1766724526960723
90
91
0
1
0
-1
-1
0
1
0
-1
-1
2
6
0.12773817386021635
93
94
0
1
0
-1
-1
3
5
-0.067302995496057866
95
98
0
3
1.4000678975446113
96
97
0
2
0
-1
-1
0
1
0
-1
-1
0
2
1.6349740122143597
99
100
0
1
0
-1
-1
0
1
0
-1
-1
2
10
-0.068225755161575918
102
111
0
8
0.60156036003802937
103
110
3
7
0.1181981506512948
104
109
2
6
-0.41445102963632818
105
108
0
5
-0.29491396446581364
106
107
0
4
0
-1
-1
0
1
0
-1
-1
0
1
0
-1
-1
0
1
0
-1
-1
0
1
0
-1
-1
0
2
-0.14602964051191392
112
113
0
1
0
-1
-1
0
1
0
-1
-1
2
73
1.8933676145675302
115
168
2
62
0.88288457554706379
116
133
1
23
1.0087052448914551
117
128
1
20
-2.128110395112019
118
119
0
1
0
-1
-1
2
19
0.50847269079851187
120
121
0
1
0
-1
-1
1
18
-1.3612529225486201
122
125
3
13
1.42348153391721
123
124
0
12
0
-1
-1
0
1
0
-1
-1
0
5
1.0896019214948152
126
127
0
4
0
-1
-1
0
1
0
-1
-1
3
3
0.036253930606523488
129
132
2
2
0.59501716992664488
130
131
0
1
0
-1
-1
0
1
0
-1
-1
0
1
0
-1
-1
3
39
0.31785504504921308
134
139
2
3
1.1209715834152163
135
138
2
2
1.0822785620998259
136
137
0
1
0
-1
-1
0
1
0
-1
-1
0
1
0
-1
-1
0
36
0.23480108411172074
140
153
2
8
1.2768266015497405
141
148
2
5
0.98140790134064815
142
145
1
2
-1.6572904228927239
143
144
0
1
0
-1
-1
0
1
0
-1
-1
2
3
1.0462978920805639
146
147
0
1
0
-1
-1
0
2
0
-1
-1
1
3
-0.40237174159995281
149
152
1
2
-1.1988202907558401
150
151
0
1
0
-1
-1
0
1
0
-1
-1
0
1
0
-1
-1
1
28
-1.1706386776700768
154
161
2
15
1.0644663469709228
155
158
1
4
-1.5922892806162807
156
157
0
1
0
-1
-1
0
3
0
-1
-1
3
11
1.4731941149127703
159
160
0
9
0
-1
-1
0
2
0
-1
-1
2
13
1.3384458631824203
162
165
3
4
1.4662306963536491
163
164
0
2
0
-1
-1
0
2
0
-1
-1
2
9
1.7125276989436187
166
167
0
7
0
-1
-1
0
2
0
-1
-1
3
11
2.243347020467902
169
184
3
9
1.9889314966537084
170
179
3
6
1.8497138955305381
171
178
2
5
1.9741054065115204
172
177
0
4
1.7121606004932644
173
176
1
3
-0.76316439527123014
174
175
0
1
0
-1
-1
0
2
0
-1
-1
0
1
0
-1
-1
0
1
0
-1
-1
0
1
0
-1
-1
0
3
1.8932985674495628
180
183
2
2
2.0271578825683969
181
182
0
1
0
-1
-1
0
1
0
-1
-1
0
1
0
-1
-1
2
2
2.025259004358416
185
186
0
1
0
-1
-1
0
1
0
-1
-1
171
2
206
-0.1080530169989411
1
116
2
117
-0.70539711451843701
2
65
0
59
-1.2486741461662576
3
28
0
16
-1.4566158112443415
4
15
3
8
-0.9454185025389944
5
12
1
6
0.5352291950703939
6
11
1
5
-0.12447049576234816
7
8
0
1
0
-1
-1
1
4
0.29646597000611419
9
10
0
2
0
-1
-1
0
2
0
-1
-1
0
1
0
-1
-1
1
2
0.90298205167650236
13
14
0
1
0
-1
-1
0
1
0
-1
-1
3
8
-1.4129806856211413
16
19
1
2
-0.099744755265737645
17
18
0
1
0
-1
-1
0
1
0
-1
-1
0
6
-1.3269898361692274
20
25
3
4
-0.92022468801819957
21
24
3
3
-1.327202508638069
22
23
0
2
0
-1
-1
0
1
0
-1
-1
0
1
0
-1
-1
3
2
-0.5973095508707047
26
27
0
1
0
-1
-1
0
1
0
-1
-1
0
43
0.14751855653565382
29
54
2
36
-1.3707776354172103
30
41
0
8
-0.74145015819817872
31
38
1
6
0.53290550397468595
32
35
0
3
-1.0545891924464346
33
34
0
2
0
-1
-1
0
1
0
-1
-1
3
3
-1.0112198773228644
36
37
0
2
0
-1
-1
0
1
0
-1
-1
1
2
0.88696682255213677
39
40
0
1
0
-1
-1
0
1
0
-1
-1
2
28
-1.0641965178524586
42
49
0
10
-0.75650589809569058
43
46
0
7
-1.05445635182403
44
45
0
5
0
-1
-1
0
2
0
-1
-1
0
3
-0.64335371494155069
47
48
0
1
0
-1
-1
0
2
0
-1
-1
0
18
-0.30812445887859019
50
53
2
17
-0.81520349787553448
51
52
0
11
0
-1
-1
0
6
0
-1
-1
0
1
0
-1
-1
1
7
0.50771889371793555
55
62
0
5
1.3492331682492691
56
61
3
4
-0.99287160907120287
57
58
0
1
0
-1
-1
1
3
0.045189796486837769
59
60
0
2
0
-1
-1
0
1
0
-1
-1
0
1
0
-1
-1
2
2
-0.80009444263902718
63
64
0
1
0
-1
-1
0
1
0
-1
-1
1
58
2.0985608062945076
66
113
0
56
-0.93109749324554003
67
88
3
14
-0.72384237236165994
68
79
2
8
-0.52959480632967104
69
74
3
4
-1.1246812354867639
70
71
0
1
0
-1
-1
1
3
0.34662504455945325
72
73
0
1
0
-1
-1
0
2
0
-1
-1
1
4
0.81747463941442033
75
78
3
3
-1.0616928486036656
76
77
0
2
0
-1
-1
0
1
0
-1
-1
0
1
0
-1
-1
1
6
-0.12364184736234102
80
81
0
1
0
-1
-1
0
5
-1.1254277208781838
82
85
1
3
1.0240149381338679
83
84
0
2
0
-1
-1
0
1
0
-1
-1
2
2
-0.45052124882561395
86
87
0
1
0
-1
-1
0
1
0
-1
-1
0
42
-0.63907748111214047
89
104
3
9
-0.95475018802511147
90
97
1
4
0.11526563171599601
91
94
3
2
-1.1403655137495345
92
93
0
1
0
-1
-1
0
1
0
-1
-1
3
2
-1.1994885583798351
95
96
0
1
0
-1
-1
0
1
0
-1
-1
2
5
-0.36501371344096534
98
101
1
3
0.70595928443989298
99
100
0
1
0
-1
-1
0
2
0
-1
-1
1
2
1.7126479387628395
102
103
0
1
0
-1
-1
0
1
0
-1
-1
1
33
-0.35409237057230847
105
106
0
1
0
-1
-1
0
32
-0.38253118984496259
107
110
1
4
0.24773506678221455
108
109
0
1
0
-1
-1
0
3
0
-1
-1
0
28
0.89761082903407241
111
112
0
21
0
-1
-1
0
7
0
-1
-1
0
2
-0.6192740837059173
114
115
0
1
0
-1
-1
0
1
0
-1
-1
0
89
2.0241787674593175
117
166
2
86
-0.029014702190007274
118
123
3
3
-0.56449716168252029
119
120
0
1
0
-1
-1
0
2
-0.3503808468784454
121
122
0
1
0
-1
-1
0
1
0
-1
-1
2
83
0.68490771995556421
124
149
1
27
0.948066923901419
125
136
1
19
0.30950030232299919
126
131
0
12
0.84679841207335105
127
130
0
11
0.35883517825542743
128
129
0
9
0
-1
-1
0
2
0
-1
-1
0
1
0
-1
-1
2
7
0.47483052946686005
132
135
1
6
0.87625313429085849
133
134
0
5
0
-1
-1
0
1
0
-1
-1
0
1
0
-1
-1
2
8
0.28028568903977519
137
142
1
4
1.385779971903472
138
139
0
1
0
-1
-1
2
3
0.069280433020512622
140
141
0
1
0
-1
-1
0
2
0
-1
-1
3
4
-0.25215971501764251
143
146
2
2
0.46583332924846693
144
145
0
1
0
-1
-1
0
1
0
-1
-1
0
2
1.6103602184992356
147
148
0
1
0
-1
-1
0
1
0
-1
-1
3
56
0.049266844615890357
150
151
0
1
0
-1
-1
2
55
1.3153496623995267
152
159
2
31
0.90113767647120946
153
156
3
8
0.86638517329359921
154
155
0
5
0
-1
-1
0
3
0
-1
-1
1
23
-0.19436020755586414
157
158
0
22
0
-1
-1
0
1
0
-1
-1
2
24
1.9536255117519148
160
163
0
18
0.45638432866901607
161
162
0
4
0
-1
-1
0
14
0
-1
-1
1
6
-0.29892845407539426
164
165
0
5
0
-1
-1
0
1
0
-1
-1
2
3
0.54818552702373213
167
168
0
1
0
-1
-1
2
2
2.0898567106367314
169
170
0
1
0
-1
-1
0
1
0
-1
-1
159
2
206
0.87363133726946129
1
100
0
153
1.4864620061934419
2
91
1
148
0.023977046828746573
3
50
2
44
-0.47365588150997195
4
31
3
20
-1.2952012633493095
5
18
1
9
-0.24739983492187156
6
13
2
4
-0.85671307830342303
7
10
1
2
-0.34831270718040863
8
9
0
1
0
-1
-1
0
1
0
-1
-1
2
2
-0.65745472225501533
11
12
0
1
0
-1
-1
0
1
0
-1
-1
2
5
-0.87964542050451322
14
17
2
4
-0.99424587878404802
15
16
0
3
0
-1
-1
0
1
0
-1
-1
0
1
0
-1
-1
2
11
-0.9295817061504501
19
24
0
6
-0.95160961040654224
20
23
3
5
-0.95622643480187197
21
22
0
3
0
-1
-1
0
2
0
-1
-1
0
1
0
-1
-1
1
5
-0.066272978455185816
25
28
1
2
-0.24227153534141391
26
27
0
1
0
-1
-1
0
1
0
-1
-1
0
3
-1.1851041316745237
29
30
0
1
0
-1
-1
0
2
0
-1
-1
0
24
-1.0479614033174345
32
35
0
2
-1.4079745477172554
33
34
0
1
0
-1
-1
0
1
0
-1
-1
1
22
-0.76797415560116611
36
43
3
16
0.8545071232355359
37
40
0
13
-0.081605831465118184
38
39
0
5
0
-1
-1
0
8
0
-1
-1
1
3
-1.0646463734621192
41
42
0
2
0
-1
-1
0
1
0
-1
-1
0
6
-0.20479916693297395
44
47
2
2
-0.15924360523024181
45
46
0
1
0
-1
-1
0
1
0
-1
-1
1
4
-0.39969074660132198
48
49
0
1
0
-1
-1
0
3
0
-1
-1
1
104
0.89652091273327739
51
72
2
69
-0.43791328969303178
52
61
3
50
-1.5083300219160678
53
54
0
1
0
-1
-1
2
49
-1.5747427030410079
55
58
2
2
-1.7379140631206156
56
57
0
1
0
-1
-1
0
1
0
-1
-1
0
47
-1.0737231682943369
59
60
0
13
0
-1
-1
0
34
0
-1
-1
0
19
-0.84353383278585969
62
65
0
2
-1.3848472850963849
63
64
0
1
0
-1
-1
0
1
0
-1
-1
1
17
0.50383982619590439
66
69
0
8
1.2620310285020055
67
68
0
7
0
-1
-1
0
1
0
-1
-1
0
9
0.11140482735290791
70
71
0
3
0
-1
-1
0
6
0
-1
-1
0
35
-1.4640002284803391
73
76
3
2
-0.49012062649159494
74
75
0
1
0
-1
-1
0
1
0
-1
-1
0
33
-0.77910582656197724
77
84
1
9
1.6218745625650166
78
81
3
6
0.16922902596861489
79
80
0
5
0
-1
-1
0
1
0
-1
-1
0
3
-0.9016861551777573
82
83
0
1
0
-1
-1
0
2
0
-1
-1
2
24
-0.085073314553848478
85
88
1
14
1.9659701481090304
86
87
0
13
0
-1
-1
0
1
0
-1
-1
1
10
1.0405679927524503
89
90
0
2
0
-1
-1
0
8
0
-1
-1
3
5
0.027870271596817542
92
95
1
2
0.70199681731317776
93
94
0
1
0
-1
-1
0
1
0
-1
-1
1
3
1.4755522206325229
96
99
0
2
1.7128391131038023
97
98
0
1
0
-1
-1
0
1
0
-1
-1
0
1
0
-1
-1
2
53
1.5849860971018548
101
128
3
36
1.8651195280399619
102
123
3
33
0.47162299225091026
103
108
2
3
1.0484526379956174
104
105
0
1
0
-1
-1
3
2
0.19529603481764418
106
107
0
1
0
-1
-1
0
1
0
-1
-1
2
30
1.4679245472554836
109
120
1
28
-0.54643425551303082
110
117
1
26
-0.64258249133406298
111
114
0
24
1.1837523781792929
112
113
0
22
0
-1
-1
0
2
0
-1
-1
3
2
1.6003257108800004
115
116
0
1
0
-1
-1
0
1
0
-1
-1
0
2
0.48203967608068976
118
119
0
1
0
-1
-1
0
1
0
-1
-1
0
2
1.0433052293337404
121
122
0
1
0
-1
-1
0
1
0
-1
-1
3
3
2.0001611149238441
124
127
0
2
1.105773790043642
125
126
0
1
0
-1
-1
0
1
0
-1
-1
0
1
0
-1
-1
0
17
2.4844663391669672
129
158
2
16
1.9878018908265283
130
147
3
10
1.5821133995801706
131
138
2
4
1.8742561075202744
132
137
3
3
1.0604901831388782
133
134
0
1
0
-1
-1
0
2
1.1469615257562444
135
136
0
1
0
-1
-1
0
1
0
-1
-1
0
1
0
-1
-1
0
6
0.95299176217571824
139
140
0
1
0
-1
-1
1
5
-0.3553096352900541
141
144
3
3
1.8599195151691805
142
143
0
1
0
-1
-1
0
2
0
-1
-1
0
2
1.5609098480106411
145
146
0
1
0
-1
-1
0
1
0
-1
-1
1
6
-0.47054079842258884
148
157
3
5
2.1161197487470269
149
154
1
3
-0.6287302307304371
150
151
0
1
0
-1
-1
1
2
-0.52518062418918154
152
153
0
1
0
-1
-1
0
1
0
-1
-1
0
2
1.0798472706233375
155
156
0
1
0
-1
-1
0
1
0
-1
-1
0
1
0
-1
-1
0
1
0
-1
-1
151
1
206
1.0412445690054937
1
110
0
175
0.75059101144124551
2
69
1
133
0.77332611216397451
3
46
3
120
-0.34463095274872235
4
19
2
66
-1.5376989967264625
5
8
1
2
0.71308559378957015
6
7
0
1
0
-1
-1
0
1
0
-1
-1
1
64
-0.51888966414336313
9
12
1
2
-0.6410750997509852
10
11
0
1
0
-1
-1
0
1
0
-1
-1
1
62
-0.31640192204572914
13
16
0
8
-0.77896622869639698
14
15
0
3
0
-1
-1
0
5
0
-1
-1
2
54
-0.82361092566262917
17
18
0
26
0
-1
-1
0
28
0
-1
-1
3
54
0.88926081892884012
20
33
1
44
-0.10591539908282277
21
28
1
29
-1.3130246407775257
22
25
0
25
0.14641719124581987
23
24
0
10
0
-1
-1
0
15
0
-1
-1
0
4
0.61867752205517135
26
27
0
3
0
-1
-1
0
1
0
-1
-1
3
15
0.38885725727638543
29
32
1
14
0.26045234553733937
30
31
0
1
0
-1
-1
0
13
0
-1
-1
0
1
0
-1
-1
0
10
0.2906741593686154
34
39
2
6
1.0082729381389959
35
36
0
1
0
-1
-1
3
5
1.0969086836664077
37
38
0
3
0
-1
-1
0
2
0
-1
-1
3
4
1.4700410040589627
40
43
3
2
1.4094749795669044
41
42
0
1
0
-1
-1
0
1
0
-1
-1
3
2
1.6585086527152371
44
45
0
1
0
-1
-1
0
1
0
-1
-1
3
13
0.36994281252915917
47
66
0
11
-0.90973565077879881
48
55
0
5
-1.0740205294577065
49
54
1
4
0.88162889627476104
50
51
0
1
0
-1
-1
1
3
0.90513520395343883
52
53
0
1
0
-1
-1
0
2
0
-1
-1
0
1
0
-1
-1
1
6
0.88350933420895217
56
61
3
3
-0.73828684602039774
57
58
0
1
0
-1
-1
2
2
-1.3125865695044123
59
60
0
1
0
-1
-1
0
1
0
-1
-1
0
3
0.16830225317870673
62
65
0
2
-0.65394097928677175
63
64
0
1
0
-1
-1
0
1
0
-1
-1
0
1
0
-1
-1
1
2
0.98881334334207394
67
68
0
1
0
-1
-1
0
1
0
-1
-1
2
42
-1.3642117641219165
70
71
0
1
0
-1
-1
1
41
-0.014318532567533016
72
93
1
29
-0.85524423214029854
73
84
2
11
1.5977011287698777
74
81
3
9
1.4523379855490099
75
78
1
3
-1.4517184572941442
76
77
0
1
0
-1
-1
0
2
0
-1
-1
1
6
-1.2146574457204227
79
80
0
2
0
-1
-1
0
4
0
-1
-1
0
2
1.0691780921129883
82
83
0
1
0
-1
-1
0
1
0
-1
-1
3
18
1.0990499036617556
85
86
0
1
0
-1
-1
3
17
2.2208061753899249
87
90
3
15
1.4612046633966926
88
89
0
1
0
-1
-1
0
14
0
-1
-1
1
2
-0.21688095468854313
91
92
0
1
0
-1
-1
0
1
0
-1
-1
3
12
-0.83576253086046437
94
99
1
3
0.37092728442885059
95
98
2
2
-0.76129028142130151
96
97
0
1
0
-1
-1
0
1
0
-1
-1
0
1
0
-1
-1
0
9
1.222196610778409
100
105
1
3
0.13626640343851615
101
102
0
1
0
-1
-1
2
2
-0.036668657155851631
103
104
0
1
0
-1
-1
0
1
0
-1
-1
3
6
1.4815597072781683
106
109
1
5
0.51452115405543886
107
108
0
1
0
-1
-1
0
4
0
-1
-1
0
1
0
-1
-1
0
31
-1.4377184085789496
111
112
0
1
0
-1
-1
3
30
0.43477146634956276
113
144
1
26
1.6549386790159786
114
133
1
20
1.2538640910904122
115
124
3
11
-0.98158428909024076
116
117
0
1
0
-1
-1
1
10
1.0864511709041604
118
121
0
2
-0.35042619099913286
119
120
0
1
0
-1
-1
0
1
0
-1
-1
0
8
1.0844077779422647
122
123
0
5
0
-1
-1
0
3
0
-1
-1
1
9
1.5827043606245979
125
132
0
8
0.12738409763939162
126
129
3
2
-0.17230856851045742
127
128
0
1
0
-1
-1
0
1
0
-1
-1
1
6
1.4069853936483503
130
131
0
3
0
-1
-1
0
3
0
-1
-1
0
1
0
-1
-1
0
6
0.39316983956425811
134
143
1
5
1.876157060966553
135
138
1
2
1.8086635593616898
136
137
0
1
0
-1
-1
0
1
0
-1
-1
3
3
-0.30923818875391362
139
140
0
1
0
-1
-1
1
2
2.0825999973916636
141
142
0
1
0
-1
-1
0
1
0
-1
-1
0
1
0
-1
-1
1
4
1.4647972335059398
145
146
0
1
0
-1
-1
0
3
0.63173016634185697
147
150
1
2
1.5242162989517756
148
149
0
1
0
-1
-1
0
1
0
-1
-1
0
1
0
-1
-1
131
3
206
0.76106029585270929
1
52
3
160
-1.5527324332329004
2
9
1
4
-0.17997348599688115
3
6
0
2
0.49438018556685337
4
5
0
1
0
-1
-1
0
1
0
-1
-1
0
2
-1.416447176016193
7
8
0
1
0
-1
-1
0
1
0
-1
-1
1
156
1.8477033112138099
10
45
1
152
0.36781999083438688
11
26
0
79
1.237375344791342
12
25
0
78
0.88740247088703117
13
20
3
75
-1.0639634683421182
14
17
2
20
-1.0489991679018171
15
16
0
5
0
-1
-1
0
15
0
-1
-1
1
55
-1.9720244673627263
18
19
0
1
0
-1
-1
0
54
0
-1
-1
0
3
1.0401025743541092
21
22
0
1
0
-1
-1
2
2
-0.59005047660826915
23
24
0
1
0
-1
-1
0
1
0
-1
-1
0
1
0
-1
-1
1
73
1.728196038393198
27
42
1
71
1.288552320484966
28
35
3
60
-0.48670421063673674
29
32
3
25
-0.66268082940475403
30
31
0
16
0
-1
-1
0
9
0
-1
-1
0
35
0.35777807331810751
33
34
0
25
0
-1
-1
0
10
0
-1
-1
0
11
-0.16387253794400103
36
39
2
3
-0.26051626146509366
37
38
0
1
0
-1
-1
0
2
0
-1
-1
2
8
-0.3200300868811497
40
41
0
2
0
-1
-1
0
6
0
-1
-1
1
2
1.823242307630724
43
44
0
1
0
-1
-1
0
1
0
-1
-1
3
4
-0.10729846037292895
46
47
0
1
0
-1
-1
2
3
-0.5194325273886693
48
49
0
1
0
-1
-1
2
2
-0.25422158018073027
50
51
0
1
0
-1
-1
0
1
0
-1
-1
3
46
1.1549241893628146
53
82
0
15
0.52847087457885078
54
75
0
11
0.32213092901564749
55
70
1
8
-1.3782360292242881
56
63
2
4
1.0670508220376025
57
62
2
3
0.95422383398922195
58
61
1
2
-1.4409491641832244
59
60
0
1
0
-1
-1
0
1
0
-1
-1
0
1
0
-1
-1
0
1
0
-1
-1
0
4
0.2216802221088372
64
69
2
3
0.98206727231978297
65
66
0
1
0
-1
-1
0
2
0.13916719445997278
67
68
0
1
0
-1
-1
0
1
0
-1
-1
0
1
0
-1
-1
3
3
0.80191633046432997
71
72
0
1
0
-1
-1
0
2
0.5043323955210216
73
74
0
1
0
-1
-1
0
1
0
-1
-1
3
4
1.0095593671366836
76
79
2
2
0.9112796158128077
77
78
0
1
0
-1
-1
0
1
0
-1
-1
1
2
-1.1438378632271866
80
81
0
1
0
-1
-1
0
1
0
-1
-1
2
31
1.3087733281235567
83
100
2
9
0.88720494353455981
84
89
3
3
1.8644377029297208
85
88
0
2
1.0113105653905916
86
87
0
1
0
-1
-1
0
1
0
-1
-1
0
1
0
-1
-1
2
6
1.1506802504819562
90
93
1
2
-1.1916690406494055
91
92
0
1
0
-1
-1
0
1
0
-1
-1
3
4
1.9208633738604464
94
97
2
2
1.2835327991401828
95
96
0
1
0
-1
-1
0
1
0
-1
-1
1
2
-1.1361404334472898
98
99
0
1
0
-1
-1
0
1
0
-1
-1
1
22
-0.68671991073255145
101
114
0
10
1.0297007616676062
102
107
0
3
0.78626503740376186
103
106
2
2
1.4630090292979763
104
105
0
1
0
-1
-1
0
1
0
-1
-1
0
1
0
-1
-1
1
7
-1.10118557855524
108
109
0
1
0
-1
-1
0
6
1.0807542179541063
110
111
0
1
0
-1
-1
2
5
1.510417189528624
112
113
0
2
0
-1
-1
0
3
0
-1
-1
0
12
1.3879727934253734
115
124
0
8
1.2702285226446235
116
123
0
7
0.93424106032977172
117
120
0
2
0.80911126139277378
118
119
0
1
0
-1
-1
0
1
0
-1
-1
1
5
-0.4414103051759623
121
122
0
3
0
-1
-1
0
2
0
-1
-1
0
1
0
-1
-1
3
4
2.3668038815884218
125
130
0
3
1.636543059085303
126
127
0
1
0
-1
-1
0
2
2.0170803809288027
128
129
0
1
0
-1
-1
0
1
0
-1
-1
0
1
0
-1
-1
97
0
206
-1.5739754722158803
1
16
2
8
-0.9888295462961838
2
5
3
2
-1.0231389830047382
3
4
0
1
0
-1
-1
0
1
0
-1
-1
0
6
-1.5957672683446789
6
15
3
5
-1.29920700127537
7
8
0
1
0
-1
-1
2
4
-0.67230022804719103
9
14
0
3
-1.6595721693036452
10
13
0
2
-1.7133724819470704
11
12
0
1
0
-1
-1
0
1
0
-1
-1
0
1
0
-1
-1
0
1
0
-1
-1
0
1
0
-1
-1
2
198
0.76497072826287793
17
52
2
142
-1.5991261181803207
18
21
1
2
0.71632088356142154
19
20
0
1
0
-1
-1
0
1
0
-1
-1
3
140
-1.8603699671060157
22
23
0
1
0
-1
-1
2
139
-0.29585115178247268
24
39
2
90
-0.68635026582013114
25
32
2
63
-1.3102295471128946
26
29
2
9
-1.4365144352795904
27
28
0
3
0
-1
-1
0
6
0
-1
-1
1
54
0.0058399819613519366
30
31
0
16
0
-1
-1
0
38
0
-1
-1
0
27
-0.3339383145080923
33
36
3
15
-1.1011959546788346
34
35
0
2
0
-1
-1
0
13
0
-1
-1
1
12
1.3761740924281605
37
38
0
11
0
-1
-1
0
1
0
-1
-1
1
49
1.2734113814241588
40
47
3
40
-0.51641987182423799
41
44
3
6
-1.0469186036251086
42
43
0
1
0
-1
-1
0
5
0
-1
-1
1
34
-0.41048662179812645
45
46
0
14
0
-1
-1
0
20
0
-1
-1
1
9
1.7042327997214579
48
51
3
8
-0.46069824938745496
49
50
0
1
0
-1
-1
0
7
0
-1
-1
0
1
0
-1
-1
1
56
0.68994367910410515
53
96
2
55
1.3001013579538601
54
69
0
27
-0.49028606400586139
55
56
0
1
0
-1
-1
3
26
1.6425971021400481
57
64
3
22
0.44754670834254978
58
61
0
3
0.27831321467569675
59
60
0
1
0
-1
-1
0
2
0
-1
-1
2
19
0.95087976191387513
62
63
0
7
0
-1
-1
0
12
0
-1
-1
3
4
1.7904990984823781
65
66
0
1
0
-1
-1
0
3
1.045481973384879
67
68
0
1
0
-1
-1
0
2
0
-1
-1
0
28
0.67700706649518128
70
81
2
7
1.3454145673366034
71
74
1
2
-0.76097117470536779
72
73
0
1
0
-1
-1
0
1
0
-1
-1
1
5
-1.0634666090791938
75
78
1
3
-1.3586275113198858
76
77
0
1
0
-1
-1
0
2
0
-1
-1
3
2
1.2740881993023874
79
80
0
1
0
-1
-1
0
1
0
-1
-1
2
21
1.7833042219305568
82
89
1
9
-0.86659342648767779
83
86
1
3
-1.0625934419041627
84
85
0
2
0
-1
-1
0
1
0
-1
-1
1
6
-0.714456090619635
87
88
0
1
0
-1
-1
0
5
0
-1
-1
1
12
-0.61848982371992034
90
93
2
5
1.9711961836604548
91
92
0
2
0
-1
-1
0
3
0
-1
-1
2
7
1.9828380125767007
94
95
0
3
0
-1
-1
0
4
0
-1
-1
0
1
0
-1
-1
111
1
206
-0.38737282267509987
1
42
3
66
-1.4002805273882681
2
3
0
1
0
-1
-1
2
65
0.50883017019207788
4
9
0
3
0.44615617625499926
5
8
3
2
1.0073252071845367
6
7
0
1
0
-1
-1
0
1
0
-1
-1
0
1
0
-1
-1
2
62
1.2184172958510446
10
27
0
37
-0.42703488696079678
11
12
0
1
0
-1
-1
3
36
0.6926598482794335
13
20
2
17
0.8456466574772814
14
17
0
9
-0.32835356944567451
15
16
0
2
0
-1
-1
0
7
0
-1
-1
3
8
0.56486016534800565
18
19
0
3
0
-1
-1
0
5
0
-1
-1
0
19
0.7393847040475805
21
24
0
13
0.17100578042727005
22
23
0
3
0
-1
-1
0
10
0
-1
-1
0
6
1.0425631304625931
25
26
0
4
0
-1
-1
0
2
0
-1
-1
0
25
-0.056864879555240666
28
29
0
1
0
-1
-1
0
24
0.60180115666291867
30
35
3
4
1.1909010073237514
31
34
2
3
1.3374185449918585
32
33
0
1
0
-1
-1
0
2
0
-1
-1
0
1
0
-1
-1
2
20
1.9294230252114102
36
39
2
14
1.7002824183947218
37
38
0
11
0
-1
-1
0
3
0
-1
-1
1
6
-0.67576579203090903
40
41
0
2
0
-1
-1
0
4
0
-1
-1
0
140
2.119731256120442
43
104
2
136
-1.1164870787022525
44
65
0
24
-0.45512339205002528
45
62
3
22
0.39697543021655113
46
61
1
21
0.22836159847956611
47
54
3
8
-1.0965183618996241
48
51
3
4
-1.7152659822110896
49
50
0
1
0
-1
-1
0
3
0
-1
-1
2
4
-1.3584500827649397
52
53
0
1
0
-1
-1
0
3
0
-1
-1
1
13
0.92007180819099466
55
58
2
11
-1.5203021196719968
56
57
0
2
0
-1
-1
0
9
0
-1
-1
1
2
1.1405423153242567
59
60
0
1
0
-1
-1
0
1
0
-1
-1
0
1
0
-1
-1
1
2
0.075007483290256249
63
64
0
1
0
-1
-1
0
1
0
-1
-1
2
112
0.36139091993828676
66
95
2
104
-0.62869176788511871
67
82
1
45
-0.024745972240645064
68
75
3
9
-1.3207453216363261
69
72
1
3
-0.21035478228930668
70
71
0
2
0
-1
-1
0
1
0
-1
-1
0
6
-1.1874854583305958
73
74
0
1
0
-1
-1
0
5
0
-1
-1
2
36
-0.88697155953914208
76
79
2
14
-0.9483560155335603
77
78
0
11
0
-1
-1
0
3
0
-1
-1
2
22
-0.74660663208706268
80
81
0
13
0
-1
-1
0
9
0
-1
-1
1
59
1.5885640875861766
83
90
3
56
-0.23579593718733238
84
87
0
32
0.23512817398036923
85
86
0
16
0
-1
-1
0
16
0
-1
-1
0
24
0.064862295626453292
88
89
0
15
0
-1
-1
0
9
0
-1
-1
0
3
0.89191218844858366
91
92
0
1
0
-1
-1
0
2
1.7578323678771968
93
94
0
1
0
-1
-1
0
1
0
-1
-1
2
8
0.43684220795898937
96
97
0
1
0
-1
-1
1
7
-0.096029219827348328
98
99
0
1
0
-1
-1
0
6
0.69379100832950358
100
101
0
1
0
-1
-1
2
5
1.0443539271727986
102
103
0
3
0
-1
-1
0
2
0
-1
-1
1
4
0.081457330097093203
105
108
3
2
2.3885526024958543
106
107
0
1
0
-1
-1
0
1
0
-1
-1
1
2
0.4807017899852935
109
110
0
1
0
-1
-1
0
1
0
-1
-1
169
1
206
-0.14191072958443085
1
52
1
78
-0.27377036079875516
2
43
1
73
-1.5692588695469367
3
16
3
17
1.3258297976226212
4
15
0
16
0.60862136862972682
5
14
3
15
0.89552100330460283
6
13
1
14
-1.9426304115732895
7
10
1
2
-2.0117667799669618
8
9
0
1
0
-1
-1
0
1
0
-1
-1
0
12
0.27795965760135921
11
12
0
5
0
-1
-1
0
7
0
-1
-1
0
1
0
-1
-1
0
1
0
-1
-1
0
1
0
-1
-1
2
56
-1.0719480027985546
17
20
3
2
-1.3753216741561394
18
19
0
1
0
-1
-1
0
1
0
-1
-1
2
54
-0.66335523082198378
21
28
3
4
-1.3836834426615168
22
25
0
2
-0.50396395465251309
23
24
0
1
0
-1
-1
0
1
0
-1
-1
3
2
-1.2383775518643279
26
27
0
1
0
-1
-1
0
1
0
-1
-1
3
50
0.15098461304174582
29
36
0
5
0.0037822379139136331
30
33
2
2
-0.29979124652772204
31
32
0
1
0
-1
-1
0
1
0
-1
-1
1
3
-1.0341863241033267
34
35
0
1
0
-1
-1
0
2
0
-1
-1
1
45
-0.55373638951895554
37
40
2
42
0.8484875424899494
38
39
0
8
0
-1
-1
0
34
0
-1
-1
0
3
1.1767972685828365
41
42
0
2
0
-1
-1
0
1
0
-1
-1
3
5
-1.1708700253640738
44
47
3
2
-1.4023258762009096
45
46
0
1
0
-1
-1
0
1
0
-1
-1
3
3
1.3243787805922289
48
51
0
2
0.065017647572334192
49
50
0
1
0
-1
-1
0
1
0
-1
-1
0
1
0
-1
-1
1
128
0.85870659597578469
53
120
1
85
0.38633335095300037
54
85
3
50
-1.3411659390621891
55
58
3
2
-1.5229622118911439
56
57
0
1
0
-1
-1
0
1
0
-1
-1
0
48
-0.92574340395737176
59
70
3
16
-1.1855036356721416
60
65
1
3
-0.0014854567851774851
61
64
0
2
-1.5619893218346554
62
63
0
1
0
-1
-1
0
1
0
-1
-1
0
1
0
-1
-1
3
13
-1.1287887465615052
66
67
0
1
0
-1
-1
1
12
-0.064334013166055526
68
69
0
2
0
-1
-1
0
10
0
-1
-1
1
32
0.27440490794657646
71
78
0
22
1.1010325329120747
72
75
0
18
0.2567192609929676
73
74
0
10
0
-1
-1
0
8
0
-1
-1
2
4
2.085970828729947
76
77
0
3
0
-1
-1
0
1
0
-1
-1
1
10
0.34648676773173959
79
82
3
6
-0.43975836078981101
80
81
0
5
0
-1
-1
0
1
0
-1
-1
3
4
-0.26809452283735491
83
84
0
3
0
-1
-1
0
1
0
-1
-1
0
35
1.1057732721898335
86
111
2
30
-1.2183594107361491
87
98
0
6
-0.62428334760524473
88
95
1
4
0.66445086369655881
89
92
0
2
-1.2567635255044336
90
91
0
1
0
-1
-1
0
1
0
-1
-1
0
2
-0.94778105760403575
93
94
0
1
0
-1
-1
0
1
0
-1
-1
1
2
0.69678355754460997
96
97
0
1
0
-1
-1
0
1
0
-1
-1
1
24
0.75824951467392965
99
106
1
21
0.51605232676108803
100
103
1
8
0.45495849760117901
101
102
0
2
0
-1
-1
0
6
0
-1
-1
1
13
0.65958359282429324
104
105
0
4
0
-1
-1
0
9
0
-1
-1
2
3
-1.1086866250722855
107
108
0
1
0
-1
-1
1
2
0.81096422762451148
109
110
0
1
0
-1
-1
0
1
0
-1
-1
2
5
-0.090863663753542392
112
113
0
1
0
-1
-1
3
4
-0.99338656663453384
114
115
0
1
0
-1
-1
0
3
1.4358466172131255
116
119
3
2
-0.13029412167092108
117
118
0
1
0
-1
-1
0
1
0
-1
-1
0
1
0
-1
-1
1
43
1.0936345397900327
121
140
2
14
0.1807897627882602
122
139
2
13
-1.1247862886967501
123
126
3
2
-0.26182503794436923
124
125
0
1
0
-1
-1
0
1
0
-1
-1
1
11
0.9242959729171194
127
132
2
3
-0.32060739402847827
128
131
2
2
-0.94226291161380338
129
130
0
1
0
-1
-1
0
1
0
-1
-1
0
1
0
-1
-1
3
8
-0.59270549566041031
133
136
3
3
-0.82215494614373741
134
135
0
2
0
-1
-1
0
1
0
-1
-1
2
5
-0.068722853751386204
137
138
0
4
0
-1
-1
0
1
0
-1
-1
0
1
0
-1
-1
3
29
0.11051492806913421
141
156
1
20
1.9413561752390878
142
151
2
17
-0.76571827929508918
143
146
3
2
-0.42455749472520943
144
145
0
1
0
-1
-1
0
1
0
-1
-1
2
15
0.64071639491788601
147
150
2
14
0.42983275288967637
148
149
0
13
0
-1
-1
0
1
0
-1
-1
0
1
0
-1
-1
2
3
-0.56601317622550462
152
155
3
2
-0.12339084602352168
153
154
0
1
0
-1
-1
0
1
0
-1
-1
0
1
0
-1
-1
2
9
0.6792039857455241
157
168
3
8
0.61925009968194344
158
165
1
6
1.23247253960532
159
162
3
2
0.15810669028726779
160
161
0
1
0
-1
-1
0
1
0
-1
-1
0
4
0.56053595279044544
163
164
0
1
0
-1
-1
0
3
0
-1
-1
3
2
0.66010745224798251
166
167
0
1
0
-1
-1
0
1
0
-1
-1
0
1
0
-1
-1
151
0
206
-0.75153525349643857
1
74
0
62
-1.5919775637548463
2
15
3
7
-0.86565777257854881
3
14
0
6
-1.6198876956360562
4
13
0
5
-1.7662196540743724
5
6
0
1
0
-1
-1
1
4
0.15303047360684657
7
8
0
1
0
-1
-1
1
3
0.59239476328616836
9
12
3
2
-1.3751893736064535
10
11
0
1
0
-1
-1
0
1
0
-1
-1
0
1
0
-1
-1
0
1
0
-1
-1
0
1
0
-1
-1
3
55
-0.64448105450752946
16
49
0
29
-0.90821093449750734
17
36
2
22
-0.51305754261622605
18
29
1
18
0.062153488908794463
19
24
1
9
-0.53601492332951572
20
21
0
1
0
-1
-1
3
8
-1.6999252229533797
22
23
0
1
0
-1
-1
0
7
0
-1
-1
1
9
1.0192772826333094
25
28
2
8
-0.8200418269757217
26
27
0
3
0
-1
-1
0
5
0
-1
-1
0
1
0
-1
-1
3
4
-0.97764596676792315
30
33
1
2
-0.4282004341682828
31
32
0
1
0
-1
-1
0
1
0
-1
-1
0
2
-1.0952534695200327
34
35
0
1
0
-1
-1
0
1
0
-1
-1
3
7
-0.7546748200017307
37
44
3
4
-0.96568465628736
38
41
3
2
-1.416079844043773
39
40
0
1
0
-1
-1
0
1
0
-1
-1
0
2
-0.84852829570503585
42
43
0
1
0
-1
-1
0
1
0
-1
-1
0
3
-0.89183365767658829
45
46
0
1
0
-1
-1
2
2
-0.93455199974739667
47
48
0
1
0
-1
-1
0
1
0
-1
-1
1
26
0.29535812322201488
50
59
0
5
-1.296402117634561
51
52
0
1
0
-1
-1
0
4
-1.0741877091710283
53
54
0
1
0
-1
-1
0
3
-0.94684906955378279
55
58
1
2
-0.14796505443449606
56
57
0
1
0
-1
-1
0
1
0
-1
-1
0
1
0
-1
-1
3
21
0.26106812552856196
60
69
0
18
-0.77132215980348329
61
66
2
16
-1.5504684163465599
62
63
0
1
0
-1
-1
0
15
-1.5295203020274348
64
65
0
2
0
-1
-1
0
13
0
-1
-1
2
2
-0.62302687083001596
67
68
0
1
0
-1
-1
0
1
0
-1
-1
3
3
0.5040925893097199
70
73
2
2
-0.82325403337557068
71
72
0
1
0
-1
-1
0
1
0
-1
-1
0
1
0
-1
-1
1
144
1.4438244912999338
75
134
0
135
-0.51722840953271088
76
97
3
11
0.094258644357513965
77
90
3
7
-0.92002073365399917
78
85
0
4
-0.58995934522762306
79
84
1
3
-0.0025828002535290898
80
81
0
1
0
-1
-1
1
2
0.38887237088259236
82
83
0
1
0
-1
-1
0
1
0
-1
-1
0
1
0
-1
-1
2
3
-1.4505440543508668
86
87
0
1
0
-1
-1
1
2
0.55607905747446207
88
89
0
1
0
-1
-1
0
1
0
-1
-1
3
4
0.29882309592960948
91
94
2
2
-0.56668563193958832
92
93
0
1
0
-1
-1
0
1
0
-1
-1
1
2
0.46309103066493784
95
96
0
1
0
-1
-1
0
1
0
-1
-1
0
124
1.4996629848988732
98
121
2
117
1.7703704309306139
99
112
1
108
-1.618415033058918
100
105
3
11
-0.020708452865275697
101
102
0
1
0
-1
-1
1
10
-1.714210110389311
103
104
0
7
0
-1
-1
0
3
0
-1
-1
0
97
0.37197612236891187
106
109
1
42
0.46706684624674577
107
108
0
30
0
-1
-1
0
12
0
-1
-1
0
55
1.0556146311271655
110
111
0
32
0
-1
-1
0
23
0
-1
-1
3
9
1.4549959348278205
113
114
0
1
0
-1
-1
2
8
1.9754660651641527
115
118
3
3
1.7768445387245366
116
117
0
2
0
-1
-1
0
1
0
-1
-1
2
5
2.0438834945573627
119
120
0
2
0
-1
-1
0
3
0
-1
-1
2
7
-0.90306076911425281
122
123
0
1
0
-1
-1
2
6
1.9934987269152118
124
131
3
4
0.96323168679698978
125
128
2
2
0.38155242052156385
126
127
0
1
0
-1
-1
0
1
0
-1
-1
3
2
1.6207938166271723
129
130
0
1
0
-1
-1
0
1
0
-1
-1
0
2
2.6095862237687912
132
133
0
1
0
-1
-1
0
1
0
-1
-1
0
9
0.44314775861679867
135
144
0
5
-0.40898903000814024
136
139
2
2
0.12385856700221273
137
138
0
1
0
-1
-1
0
1
0
-1
-1
2
3
-0.75119749955255566
140
141
0
1
0
-1
-1
1
2
1.7457107347204992
142
143
0
1
0
-1
-1
0
1
0
-1
-1
1
4
1.5031338169947892
145
148
3
2
-0.47237629698678696
146
147
0
1
0
-1
-1
0
1
0
-1
-1
0
2
1.727367278510149
149
150
0
1
0
-1
-1
0
1
0
-1
-1
135
3
206
-0.1350522835869179
1
82
1
108
-0.42993795663017942
2
7
0
3
-1.4584744767694284
3
4
0
1
0
-1
-1
0
2
0.72652355369225052
5
6
0
1
0
-1
-1
0
1
0
-1
-1
3
105
-0.98498511062608629
8
49
3
33
-1.2937276062526482
9
22
1
12
0.56794386828686738
10
21
2
11
-1.134078331335505
11
14
2
2
-1.3053030072534855
12
13
0
1
0
-1
-1
0
1
0
-1
-1
1
9
-0.31298722109124749
15
18
3
3
-1.8620996300787642
16
17
0
1
0
-1
-1
0
2
0
-1
-1
3
6
-1.5315473059508677
19
20
0
1
0
-1
-1
0
5
0
-1
-1
0
1
0
-1
-1
2
21
-1.0416283826516444
23
34
2
6
-1.163451986844243
24
29
2
3
-1.3188469651251751
25
28
1
2
0.34537881510741414
26
27
0
1
0
-1
-1
0
1
0
-1
-1
0
1
0
-1
-1
1
3
-0.14561406467005841
30
31
0
1
0
-1
-1
3
2
-1.133135412805806
32
33
0
1
0
-1
-1
0
1
0
-1
-1
0
15
0.13210590240745979
35
42
1
9
-0.054965299194932704
36
39
1
3
-0.29308963656357379
37
38
0
1
0
-1
-1
0
2
0
-1
-1
0
6
-1.2516837427667213
40
41
0
1
0
-1
-1
0
5
0
-1
-1
2
6
-0.66447797699195288
43
46
1
3
0.20328650282916344
44
45
0
2
0
-1
-1
0
1
0
-1
-1
3
3
-1.1285414271513883
47
48
0
2
0
-1
-1
0
1
0
-1
-1
0
72
2.1212441718284483
50
79
2
70
-0.8404664788300622
51
64
3
22
-0.42250837396589969
52
59
2
18
-1.3536012791938152
53
56
3
4
-0.61158558367242377
54
55
0
3
0
-1
-1
0
1
0
-1
-1
2
14
-1.2106955917714466
57
58
0
1
0
-1
-1
0
13
0
-1
-1
0
4
-0.64450178717198314
60
63
0
3
-1.1070280767721365
61
62
0
2
0
-1
-1
0
1
0
-1
-1
0
1
0
-1
-1
0
48
-0.087175637741166989
65
72
2
25
-0.60099936631424222
66
69
1
13
-0.18301257162532508
67
68
0
1
0
-1
-1
0
12
0
-1
-1
2
12
-0.24350906216615387
70
71
0
7
0
-1
-1
0
5
0
-1
-1
2
23
-0.55969743136362449
73
76
0
3
0.41673810796681876
74
75
0
1
0
-1
-1
0
2
0
-1
-1
0
20
1.3569715987129352
77
78
0
17
0
-1
-1
0
3
0
-1
-1
1
2
0.94295715789014589
80
81
0
1
0
-1
-1
0
1
0
-1
-1
0
98
-1.5277096918928394
83
84
0
1
0
-1
-1
3
97
2.1469166845570675
85
132
0
95
0.49403404640255566
86
109
0
53
-0.064279587824920936
87
100
1
27
0.082110109074662541
88
93
0
8
-0.4461930729270438
89
90
0
1
0
-1
-1
1
7
-1.8373173335054551
91
92
0
1
0
-1
-1
0
6
0
-1
-1
2
19
-0.38800542924931358
94
97
2
10
-0.50723627501257174
95
96
0
8
0
-1
-1
0
2
0
-1
-1
2
9
0.054675025491151164
98
99
0
7
0
-1
-1
0
2
0
-1
-1
0
26
0.45918832367741763
101
108
2
25
0.94004156710974285
102
105
0
10
0.26017173963747769
103
104
0
3
0
-1
-1
0
7
0
-1
-1
2
15
0.96454700369868895
106
107
0
4
0
-1
-1
0
11
0
-1
-1
0
1
0
-1
-1
2
42
1.6617012555307418
110
119
3
28
1.9852878681611683
111
118
2
27
0.57984766676625388
112
115
3
6
1.276903581864276
113
114
0
5
0
-1
-1
0
1
0
-1
-1
3
21
1.0100603741309488
116
117
0
8
0
-1
-1
0
13
0
-1
-1
0
1
0
-1
-1
3
14
1.9307998167095204
120
127
1
9
-0.6671572611504103
121
124
0
4
0.9287265698343492
122
123
0
1
0
-1
-1
0
3
0
-1
-1
2
5
1.7050416052510218
125
126
0
1
0
-1
-1
0
4
0
-1
-1
3
5
2.087214581893841
128
131
3
4
2.0523084577056134
129
130
0
2
0
-1
-1
0
2
0
-1
-1
0
1
0
-1
-1
3
2
2.2738824759566576
133
134
0
1
0
-1
-1
0
1
0
-1
-1
163
2
206
0.73457671467705765
1
104
1
148
-0.43167438092867738
2
27
3
15
-0.88924980064625259
3
8
0
3
-0.4782850181223024
4
7
2
2
-0.6374231029523314
5
6
0
1
0
-1
-1
0
1
0
-1
-1
0
1
0
-1
-1
1
12
-1.1447345787647856
9
26
0
11
-0.1915725027878169
10
15
2
3
0.64743019564907645
11
12
0
1
0
-1
-1
3
2
0.46156404710972221
13
14
0
1
0
-1
-1
0
1
0
-1
-1
0
8
-0.0060448062839367211
16
19
3
2
0.43001161788578229
17
18
0
1
0
-1
-1
0
1
0
-1
-1
2
6
0.63185550484492592
20
23
0
3
0.2824960198027659
21
22
0
2
0
-1
-1
0
1
0
-1
-1
1
3
-1.6664563082183035
24
25
0
1
0
-1
-1
0
2
0
-1
-1
0
1
0
-1
-1
2
133
-0.88538517976642761
28
55
3
43
0.37576103134855332
29
54
0
42
-0.63045712726418812
30
43
0
31
-1.2435326088431444
31
38
3
13
-1.5656003701830061
32
35
3
2
-1.6556601877578048
33
34
0
1
0
-1
-1
0
1
0
-1
-1
2
11
-1.0726357978682073
36
37
0
7
0
-1
-1
0
4
0
-1
-1
0
18
-0.72801267155282212
39
42
3
17
-1.1191436548600351
40
41
0
4
0
-1
-1
0
13
0
-1
-1
0
1
0
-1
-1
1
11
0.52777938428611226
44
49
0
7
0.80954048861907835
45
48
3
6
-1.3800284279595614
46
47
0
1
0
-1
-1
0
5
0
-1
-1
0
1
0
-1
-1
1
4
0.79055749781943452
50
53
2
3
-1.4126678066457772
51
52
0
1
0
-1
-1
0
2
0
-1
-1
0
1
0
-1
-1
0
1
0
-1
-1
3
90
-0.88804420830291186
56
73
2
22
-0.20545337067621372
57
72
0
21
-0.01158036878432811
58
65
3
14
-1.2960100273848227
59
62
2
3
-0.72192020686057734
60
61
0
1
0
-1
-1
0
2
0
-1
-1
2
11
-0.67426910046170718
63
64
0
5
0
-1
-1
0
6
0
-1
-1
0
7
1.0342937399597247
66
69
1
5
-0.24646440798961908
67
68
0
2
0
-1
-1
0
3
0
-1
-1
3
2
-1.0592789806721883
70
71
0
1
0
-1
-1
0
1
0
-1
-1
0
1
0
-1
-1
2
68
-0.22005039497030687
74
89
1
42
0.038670374916882883
75
82
2
4
-0.42055415930996587
76
79
2
2
-0.73025604948199685
77
78
0
1
0
-1
-1
0
1
0
-1
-1
2
2
-0.39932672973094496
80
81
0
1
0
-1
-1
0
1
0
-1
-1
3
38
-0.6892862854044246
83
86
0
5
-1.5051400656437051
84
85
0
1
0
-1
-1
0
4
0
-1
-1
1
33
0.2023610596689846
87
88
0
3
0
-1
-1
0
30
0
-1
-1
1
26
1.0432404328508493
90
97
0
14
-0.69958093037131408
91
94
2
3
-0.15441200336904634
92
93
0
1
0
-1
-1
0
2
0
-1
-1
2
11
0.42773586271557307
95
96
0
10
0
-1
-1
0
1
0
-1
-1
1
12
1.2947176188997467
98
101
2
4
-0.019226359622886047
99
100
0
2
0
-1
-1
0
2
0
-1
-1
0
8
1.3567424648974578
102
103
0
4
0
-1
-1
0
4
0
-1
-1
2
58
1.6373819787665533
105
140
1
42
-1.605830394628353
106
119
3
8
0.25091014718223342
107
108
0
1
0
-1
-1
1
7
-1.9730787013461646
109
110
0
1
0
-1
-1
0
6
-0.47124063003194416
111
112
0
1
0
-1
-1
1
5
-1.8011252103588429
113
116
0
2
0.46506525216146488
114
115
0
1
0
-1
-1
0
1
0
-1
-1
0
3
0.040221564453278055
117
118
0
1
0
-1
-1
0
2
0
-1
-1
1
34
-0.28413694108427467
120
137
2
32
0.78147294832662872
121
122
0
1
0
-1
-1
0
31
0.18056869013874349
123
130
1
5
-1.1818100967237151
124
127
1
3
-1.3669791747560538
125
126
0
2
0
-1
-1
0
1
0
-1
-1
3
2
0.65009678794241299
128
129
0
1
0
-1
-1
0
1
0
-1
-1
1
26
-0.79594263159558165
131
134
2
21
0.97110530628257119
132
133
0
3
0
-1
-1
0
18
0
-1
-1
3
5
1.0341457902565858
135
136
0
1
0
-1
-1
0
4
0
-1
-1
3
2
0.17080613428887692
138
139
0
1
0
-1
-1
0
1
0
-1
-1
1
16
-1.1576430946167158
141
144
3
2
1.2326987802763689
142
143
0
1
0
-1
-1
0
1
0
-1
-1
3
14
1.5786966182985789
145
150
1
3
-0.28811099314095812
146
149
3
2
1.336928022609011
147
148
0
1
0
-1
-1
0
1
0
-1
-1
0
1
0
-1
-1
1
11
-0.0039382863724067851
151
162
2
10
1.9360252053297118
152
155
1
2
-0.63377083202368811
153
154
0
1
0
-1
-1
0
1
0
-1
-1
1
8
-0.64508754033399429
156
159
0
3
0.92339691532637047
157
158
0
1
0
-1
-1
0
2
0
-1
-1
3
5
1.684397700940661
160
161
0
1
0
-1
-1
0
4
0
-1
-1
0
1
0
-1
-1
75
2
206
-1.5699613333727676
1
4
2
2
-1.813023894531276
2
3
0
1
0
-1
-1
0
1
0
-1
-1
2
204
1.7967188863069412
5
52
0
192
1.8067257181290601
6
47
1
189
1.6129391560365698
7
36
1
182
1.0288568875604782
8
23
1
160
-1.5349193878465588
9
16
0
20
1.0295532575202884
10
13
3
18
-0.060373542356339828
11
12
0
1
0
-1
-1
0
17
0
-1
-1
0
2
1.1453578224562004
14
15
0
1
0
-1
-1
0
1
0
-1
-1
2
140
1.4112030702221043
17
20
0
131
-0.71048210762686437
18
19
0
52
0
-1
-1
0
79
0
-1
-1
1
9
-0.80713388365086169
21
22
0
5
0
-1
-1
0
4
0
-1
-1
1
22
1.340903657402126
24
29
1
15
1.3045356116532714
25
28
2
14
-0.84056411888147098
26
27
0
2
0
-1
-1
0
12
0
-1
-1
0
1
0
-1
-1
1
7
1.5172301658803828
30
33
2
5
-0.15303286624764298
31
32
0
1
0
-1
-1
0
4
0
-1
-1
2
2
-0.19021045686922333
34
35
0
1
0
-1
-1
0
1
0
-1
-1
2
7
-0.43752713517525171
37
46
0
6
-0.054043710846756188
38
43
0
4
-0.57945231464424252
39
42
3
3
-0.65700015231784503
40
41
0
1
0
-1
-1
0
2
0
-1
-1
0
1
0
-1
-1
3
2
0.49352716305547284
44
45
0
1
0
-1
-1
0
1
0
-1
-1
0
1
0
-1
-1
1
3
0.78928963249999495
48
49
0
1
0
-1
-1
3
2
-0.090973847454676238
50
51
0
1
0
-1
-1
0
1
0
-1
-1
1
12
-0.30152365429418782
53
66
0
7
1.8522597662707614
54
65
1
6
-0.97431593172899278
55
56
0
1
0
-1
-1
3
5
1.3787399229551152
57
58
0
1
0
-1
-1
1
4
-0.62086462965934563
59
62
1
2
-0.65818314408389045
60
61
0
1
0
-1
-1
0
1
0
-1
-1
3
2
1.6918547038796117
63
64
0
1
0
-1
-1
0
1
0
-1
-1
0
1
0
-1
-1
2
5
2.0590445415873933
67
72
3
3
1.7003355824849216
68
69
0
1
0
-1
-1
1
2
-0.056745427530908804
70
71
0
1
0
-1
-1
0
1
0
-1
-1
0
2
1.6930163865319892
73
74
0
1
0
-1
-1
0
1
0
-1
-1
161
2
206
1.4635780789710195
1
130
3
187
-0.93776708338200554
2
51
1
42
0.68796514558494726
3
42
0
37
-0.058411478925417537
4
29
3
30
-1.2296261171709475
5
18
2
15
-1.0112840634439875
6
11
0
6
-0.58997061186015032
7
10
3
5
-1.5859701068899592
8
9
0
1
0
-1
-1
0
4
0
-1
-1
0
1
0
-1
-1
2
9
-0.80488889727442969
12
15
3
6
-1.5714807587514918
13
14
0
2
0
-1
-1
0
4
0
-1
-1
0
3
-1.0577935286502815
16
17
0
2
0
-1
-1
0
1
0
-1
-1
0
15
-0.84720631718911588
19
24
0
12
-1.7374427384789388
20
21
0
1
0
-1
-1
2
11
-0.72065300669788335
22
23
0
6
0
-1
-1
0
5
0
-1
-1
0
3
-0.6966495530316914
25
26
0
1
0
-1
-1
0
2
-0.66565979273459219
27
28
0
1
0
-1
-1
0
1
0
-1
-1
2
7
-0.24086771586823985
30
39
1
5
0.055408871041386143
31
34
3
2
-1.7208689523412981
32
33
0
1
0
-1
-1
0
1
0
-1
-1
0
3
0.84246764497297377
35
38
1
2
0.28603960732350397
36
37
0
1
0
-1
-1
0
1
0
-1
-1
0
1
0
-1
-1
0
2
1.072300937820363
40
41
0
1
0
-1
-1
0
1
0
-1
-1
0
5
-0.81658131782341969
43
48
1
3
0.83471336250450301
44
45
0
1
0
-1
-1
1
2
1.0786617302341499
46
47
0
1
0
-1
-1
0
1
0
-1
-1
3
2
-1.0541027342538452
49
50
0
1
0
-1
-1
0
1
0
-1
-1
3
145
0.42739513880698787
52
85
0
97
2.0098179604933311
53
82
1
95
0.3417256903564807
54
67
3
33
-0.80563998103964685
55
60
3
3
-0.84878001032008421
56
59
0
2
-0.44447447879857183
57
58
0
1
0
-1
-1
0
1
0
-1
-1
0
1
0
-1
-1
1
30
-1.4012567112172709
61
64
0
9
-0.31072617866672975
62
63
0
1
0
-1
-1
0
8
0
-1
-1
2
21
-1.199282793405037
65
66
0
2
0
-1
-1
0
19
0
-1
-1
3
62
-0.39357877299408317
68
75
2
21
-0.98925489903745134
69
72
1
4
0.71946163454127221
70
71
0
1
0
-1
-1
0
3
0
-1
-1
3
17
-0.56066015763143651
73
74
0
9
0
-1
-1
0
8
0
-1
-1
1
41
1.2441434605414052
76
79
1
31
1.1132211275301922
77
78
0
23
0
-1
-1
0
8
0
-1
-1
2
10
-0.67245605638515293
80
81
0
3
0
-1
-1
0
7
0
-1
-1
1
2
0.92958743767958585
83
84
0
1
0
-1
-1
0
1
0
-1
-1
1
48
-1.3169623806749904
86
113
0
23
0.17904177674474153
87
98
3
7
0.60867562634857086
88
91
1
2
-1.8371511053752441
89
90
0
1
0
-1
-1
0
1
0
-1
-1
1
5
-1.360714110252117
92
95
1
3
-1.681840746299653
93
94
0
1
0
-1
-1
0
2
0
-1
-1
3
2
0.80624901448813091
96
97
0
1
0
-1
-1
0
1
0
-1
-1
1
16
-1.5482391326866123
99
106
0
6
0.40143828568526596
100
103
1
2
-1.634215445425135
101
102
0
1
0
-1
-1
0
1
0
-1
-1
3
4
0.88758204991024681
104
105
0
3
0
-1
-1
0
1
0
-1
-1
1
10
-1.5077134385292839
107
110
2
2
1.0272106321199104
108
109
0
1
0
-1
-1
0
1
0
-1
-1
1
8
-1.4795754307128028
111
112
0
1
0
-1
-1
0
7
0
-1
-1
1
25
1.5435029062504493
114
129
1
24
-0.064601040453672098
115
122
2
17
1.0325262352830218
116
119
3
4
0.64711295463773022
117
118
0
1
0
-1
-1
0
3
0
-1
-1
2
13
1.24518038890014
120
121
0
7
0
-1
-1
0
6
0
-1
-1
1
7
0.75691247041035592
123
126
1
2
0.072873298833558614
124
125
0
1
0
-1
-1
0
1
0
-1
-1
1
5
1.3259614182393837
127
128
0
3
0
-1
-1
0
2
0
-1
-1
0
1
0
-1
-1
2
19
1.5432717159989997
131
134
1
2
-0.70544410686307868
132
133
0
1
0
-1
-1
0
1
0
-1
-1
3
17
1.966249959651249
135
152
1
12
-0.020698632917855786
136
151
1
11
-0.27344077620370111
137
146
3
8
1.8071474902316174
138
143
3
6
1.0918298834914113
139
140
0
1
0
-1
-1
1
5
-0.52444535612314847
141
142
0
4
0
-1
-1
0
1
0
-1
-1
3
2
1.9181432727152354
144
145
0
1
0
-1
-1
0
1
0
-1
-1
3
3
1.7280518872585995
147
148
0
1
0
-1
-1
1
2
-0.1198640304894997
149
150
0
1
0
-1
-1
0
1
0
-1
-1
0
1
0
-1
-1
0
5
2.1229186909875191
153
160
1
4
-0.61744610684610457
154
159
0
3
1.4692862028354148
155
158
1
2
-0.69296068097693297
156
157
0
1
0
-1
-1
0
1
0
-1
-1
0
1
0
-1
-1
0
1
0
-1
-1
0
1
0
-1
-1
135
1
206
1.7968634122416138
1
126
1
201
-1.2662403756932821
2
53
2
32
0.68160007480514184
3
24
2
11
0.55630910718601456
4
11
0
4
0.025740951023162706
5
10
1
3
-1.6215003119789022
6
9
0
2
-0.012053587517593778
7
8
0
1
0
-1
-1
0
1
0
-1
-1
0
1
0
-1
-1
0
1
0
-1
-1
0
7
-0.10458480167661044
12
17
3
3
0.30072802352938899
13
14
0
1
0
-1
-1
2
2
0.64175641790130045
15
16
0
1
0
-1
-1
0
1
0
-1
-1
2
4
0.62794147807588674
18
19
0
1
0
-1
-1
3
3
0.63580690337085444
20
23
3
2
0.10144992463213279
21
22
0
1
0
-1
-1
0
1
0
-1
-1
0
1
0
-1
-1
0
21
0.3592490385067596
25
36
3
11
-0.10275654384771003
26
27
0
1
0
-1
-1
2
10
0.75142456281982306
28
29
0
1
0
-1
-1
1
9
-1.6717458117559083
30
33
0
4
-0.54297517906125292
31
32
0
1
0
-1
-1
0
3
0
-1
-1
0
5
0.31726788919593552
34
35
0
4
0
-1
-1
0
1
0
-1
-1
1
10
-1.6903940169064575
37
42
1
3
-2.0530159775442671
38
39
0
1
0
-1
-1
1
2
-1.7411852178089484
40
41
0
1
0
-1
-1
0
1
0
-1
-1
0
7
0.73393180899967714
43
48
1
4
-1.6291311159834698
44
45
0
1
0
-1
-1
0
3
0.50481801192614939
46
47
0
1
0
-1
-1
0
2
0
-1
-1
2
3
1.1442582179922949
49
50
0
1
0
-1
-1
1
2
-1.6005527537572799
51
52
0
1
0
-1
-1
0
1
0
-1
-1
0
169
-1.0792799934580923
54
85
3
37
-1.5538422965015275
55
58
1
2
0.37409490358353742
56
57
0
1
0
-1
-1
0
1
0
-1
-1
3
35
-1.0115514927772677
59
72
0
15
-1.1300020615173956
60
67
3
12
-1.1278599949526402
61
64
2
8
-0.7549007235254569
62
63
0
7
0
-1
-1
0
1
0
-1
-1
2
4
-1.1240891227664878
65
66
0
1
0
-1
-1
0
3
0
-1
-1
1
3
-0.04348049425925149
68
71
1
2
-0.37220312218368429
69
70
0
1
0
-1
-1
0
1
0
-1
-1
0
1
0
-1
-1
0
20
-1.6518898385055254
73
78
1
3
0.73264287046478282
74
77
0
2
-1.7805561280261282
75
76
0
1
0
-1
-1
0
1
0
-1
-1
0
1
0
-1
-1
3
17
-0.48099001908166406
79
82
2
13
-0.96063546142621015
80
81
0
7
0
-1
-1
0
6
0
-1
-1
1
4
0.65420553164372819
83
84
0
1
0
-1
-1
0
3
0
-1
-1
2
132
-1.3736291606421116
86
95
3
5
-0.34566641261217956
87
94
2
4
-1.4456969307809495
88
89
0
1
0
-1
-1
0
3
1.142484487071755
90
93
1
2
0.40878829451565024
91
92
0
1
0
-1
-1
0
1
0
-1
-1
0
1
0
-1
-1
0
1
0
-1
-1
2
127
0.45773069377199782
96
111
1
87
0.14066117973825415
97
104
2
18
-0.58433373791165033
98
101
3
9
-0.80517356114687488
99
100
0
5
0
-1
-1
0
4
0
-1
-1
2
9
-0.17746106671384676
102
103
0
6
0
-1
-1
0
3
0
-1
-1
2
69
-0.25461723331357478
105
108
0
50
-0.95656095706772715
106
107
0
4
0
-1
-1
0
46
0
-1
-1
0
19
0.81620330063890112
109
110
0
7
0
-1
-1
0
12
0
-1
-1
1
40
-0.73231536688198817
112
119
0
19
0.60599401977237033
113
116
1
7
-0.92213154484007953
114
115
0
6
0
-1
-1
0
1
0
-1
-1
3
12
1.3605640936066181
117
118
0
6
0
-1
-1
0
6
0
-1
-1
0
21
1.408680817586299
120
123
2
17
1.7584224676096363
121
122
0
11
0
-1
-1
0
6
0
-1
-1
3
4
1.6983728909876401
124
125
0
1
0
-1
-1
0
3
0
-1
-1
1
5
1.8636626222443413
127
128
0
1
0
-1
-1
2
4
-0.29582420237388452
129
134
1
3
2.0800808011210461
130
131
0
1
0
-1
-1
0
2
-0.86550493160753295
132
133
0
1
0
-1
-1
0
1
0
-1
-1
0
1
0
-1
-1
199
2
206
0.8246867450547084
1
128
0
153
-0.10938371387614598
2
79
2
97
-1.094675255057175
3
32
0
24
-1.4776866477940342
4
9
3
3
-1.0779104235752415
5
8
1
2
0.16061591166952047
6
7
0
1
0
-1
-1
0
1
0
-1
-1
0
1
0
-1
-1
2
21
-1.303293179122865
10
21
3
10
-0.83633892045823999
11
16
3
4
-1.2039608241529745
12
15
0
3
-0.83063544516397558
13
14
0
2
0
-1
-1
0
1
0
-1
-1
0
1
0
-1
-1
1
6
0.29241577323356482
17
18
0
1
0
-1
-1
0
5
-1.1866262545592012
19
20
0
1
0
-1
-1
0
4
0
-1
-1
2
11
-1.2093646432277354
22
25
1
2
-0.08653771178803249
23
24
0
1
0
-1
-1
0
1
0
-1
-1
1
9
0.87583373650583507
26
29
0
7
-1.2278793879502587
27
28
0
4
0
-1
-1
0
3
0
-1
-1
3
2
0.26730239501645181
30
31
0
1
0
-1
-1
0
1
0
-1
-1
3
73
-0.83603492149328118
33
50
3
26
-1.4734120437477785
34
37
1
2
-0.15505187149797162
35
36
0
1
0
-1
-1
0
1
0
-1
-1
3
24
-0.96484762117830325
38
45
2
16
-0.95046645005019037
39
42
2
5
-1.0181133137015237
40
41
0
1
0
-1
-1
0
4
0
-1
-1
2
11
-0.67252881773685147
43
44
0
7
0
-1
-1
0
4
0
-1
-1
0
8
-0.51733929009435142
46
49
2
7
-0.47845043448664271
47
48
0
5
0
-1
-1
0
2
0
-1
-1
0
1
0
-1
-1
2
47
-0.31685216898206059
51
66
0
31
-0.87159191084863141
52
59
1
11
0.66966456008272846
53
56
3
3
-0.67712530633212786
54
55
0
1
0
-1
-1
0
2
0
-1
-1
0
8
-1.1340446244170748
57
58
0
5
0
-1
-1
0
3
0
-1
-1
2
20
-1.0464255540630267
60
63
0
2
-0.77905802660573797
61
62
0
1
0
-1
-1
0
1
0
-1
-1
1
18
0.13895903025008924
64
65
0
1
0
-1
-1
0
17
0
-1
-1
3
16
0.17896640368858274
67
74
0
8
-0.91629521178503759
68
71
1
2
-0.29326194920684412
69
70
0
1
0
-1
-1
0
1
0
-1
-1
3
6
-0.2133701270338394
72
73
0
2
0
-1
-1
0
4
0
-1
-1
0
8
-1.0370893378361898
75
76
0
1
0
-1
-1
0
7
-0.26228283710260158
77
78
0
3
0
-1
-1
0
4
0
-1
-1
0
56
1.2122527547599
80
111
1
43
1.1894257527875132
81
100
0
37
0.10028443022959205
82
85
2
2
0.52049894334551139
83
84
0
1
0
-1
-1
0
1
0
-1
-1
0
35
0.49398083365874401
86
93
1
20
-0.56481884255555759
87
90
0
8
0.23334606579446643
88
89
0
2
0
-1
-1
0
6
0
-1
-1
3
12
-0.091266262832216727
91
92
0
11
0
-1
-1
0
1
0
-1
-1
0
15
1.0836855465892488
94
97
1
10
0.37919198490731998
95
96
0
9
0
-1
-1
0
1
0
-1
-1
2
5
-0.51823949868361541
98
99
0
2
0
-1
-1
0
3
0
-1
-1
0
6
0.80486265875662522
101
102
0
1
0
-1
-1
2
5
-0.14836016321027165
103
106
0
2
1.1425992680217405
104
105
0
1
0
-1
-1
0
1
0
-1
-1
0
3
0.959380705199951
107
110
1
2
1.2362609094915777
108
109
0
1
0
-1
-1
0
1
0
-1
-1
0
1
0
-1
-1
3
13
0.33530060590867272
112
125
3
11
-0.40462592094694971
113
116
3
2
-0.54201611238147096
114
115
0
1
0
-1
-1
0
1
0
-1
-1
3
9
-0.28261154640267988
117
120
2
2
0.17450911056606344
118
119
0
1
0
-1
-1
0
1
0
-1
-1
2
7
-0.11874994473727449
121
122
0
1
0
-1
-1
1
6
1.1155096568248832
123
124
0
3
0
-1
-1
0
3
0
-1
-1
1
2
1.4519088556360007
126
127
0
1
0
-1
-1
0
1
0
-1
-1
1
53
-1.1884133326449695
129
158
0
18
0.48741203608270522
130
147
0
12
-0.2435878531455602
131
132
0
1
0
-1
-1
3
11
0.50327490375211847
133
138
1
3
-1.5608472781062104
134
137
1
2
-1.6685176473264645
135
136
0
1
0
-1
-1
0
1
0
-1
-1
0
1
0
-1
-1
3
8
1.0521263834795804
139
146
2
7
1.0914599231261064
140
143
1
4
-1.6546804949809022
141
142
0
1
0
-1
-1
0
3
0
-1
-1
0
3
0.20703813204218158
144
145
0
2
0
-1
-1
0
1
0
-1
-1
0
1
0
-1
-1
3
6
1.1014190079762847
148
151
3
2
0.84932449898176232
149
150
0
1
0
-1
-1
0
1
0
-1
-1
3
4
1.4961017859876602
152
153
0
1
0
-1
-1
0
3
0.70519113358036756
154
155
0
1
0
-1
-1
0
2
0.83854092319417262
156
157
0
1
0
-1
-1
0
1
0
-1
-1
3
35
1.2490071390077566
159
176
2
10
1.2485556612808719
160
171
3
7
0.96037551964705825
161
170
2
6
0.99922187687008335
162
163
0
1
0
-1
-1
3
5
0.82022169731363737
164
167
0
3
0.88844076703175412
165
166
0
2
0
-1
-1
0
1
0
-1
-1
1
2
-0.80281743367498026
168
169
0
1
0
-1
-1
0
1
0
-1
-1
0
1
0
-1
-1
0
3
0.92086090632809581
172
175
3
2
1.0746795579704254
173
174
0
1
0
-1
-1
0
1
0
-1
-1
0
1
0
-1
-1
0
25
0.7274678077756731
177
182
3
3
1.6628960317808841
178
181
0
2
0.45404442612540075
179
180
0
1
0
-1
-1
0
1
0
-1
-1
0
1
0
-1
-1
1
22
-0.20120206986153499
183
192
1
18
-0.24621372292341859
184
191
1
17
-0.66151309435402539
185
188
1
9
-0.78980712530352837
186
187
0
6
0
-1
-1
0
3
0
-1
-1
1
8
-0.56436131245964527
189
190
0
5
0
-1
-1
0
3
0
-1
-1
0
1
0
-1
-1
1
4
-0.0090515336206571095
193
198
0
3
1.8707257140799387
194
195
0
1
0
-1
-1
0
2
2.2091120678637748
196
197
0
1
0
-1
-1
0
1
0
-1
-1
0
1
0
-1
-1
119
2
206
1.8556189198981223
1
98
2
195
1.5611882448474885
2
87
1
189
-0.61182024954036418
3
38
0
49
0.16447301885485421
4
25
1
14
-1.3615446563798357
5
16
0
9
-0.23587964922090165
6
9
1
2
-1.9312705371712271
7
8
0
1
0
-1
-1
0
1
0
-1
-1
1
7
-1.6882979900392423
10
13
1
3
-1.7478705250155413
11
12
0
2
0
-1
-1
0
1
0
-1
-1
3
4
0.50441427531515814
14
15
0
2
0
-1
-1
0
2
0
-1
-1
3
5
-0.45357028851153725
17
18
0
1
0
-1
-1
0
4
-0.05837592885238102
19
22
2
2
0.67151536585852589
20
21
0
1
0
-1
-1
0
1
0
-1
-1
2
2
1.1122134156179733
23
24
0
1
0
-1
-1
0
1
0
-1
-1
2
35
0.50536512987625593
26
27
0
1
0
-1
-1
1
34
-1.7386777263847799
28
33
0
5
0.55720135722150754
29
32
0
4
0.37925480626579605
30
31
0
3
0
-1
-1
0
1
0
-1
-1
0
1
0
-1
-1
0
29
1.5094111796636536
34
37
3
28
1.9943910614783056
35
36
0
27
0
-1
-1
0
1
0
-1
-1
0
1
0
-1
-1
2
140
-1.048669123381023
39
56
1
30
0.77913267498781136
40
47
3
24
0.15342537540492462
41
46
3
23
-1.5766686330662629
42
43
0
1
0
-1
-1
2
22
-1.1148876542473576
44
45
0
18
0
-1
-1
0
4
0
-1
-1
0
1
0
-1
-1
3
6
-0.84070762767043639
48
49
0
1
0
-1
-1
0
5
-0.87352296738901525
50
53
3
2
-0.51365710716597213
51
52
0
1
0
-1
-1
0
1
0
-1
-1
0
3
-0.76632133963311255
54
55
0
1
0
-1
-1
0
2
0
-1
-1
3
110
-0.89640003567038207
57
72
0
31
0.11404338862328545
58
65
1
22
0.43018722188524816
59
62
0
19
-1.0161895452759242
60
61
0
11
0
-1
-1
0
8
0
-1
-1
1
3
0.49204811245610441
63
64
0
2
0
-1
-1
0
1
0
-1
-1
2
9
-0.42478235566645262
66
69
0
5
0.72910910074804003
67
68
0
3
0
-1
-1
0
2
0
-1
-1
0
4
0.83732434126316169
70
71
0
2
0
-1
-1
0
2
0
-1
-1
1
79
0.23266513070001005
73
80
1
18
0.095856280907464897
74
77
1
14
-0.59066770152551917
75
76
0
2
0
-1
-1
0
12
0
-1
-1
3
4
0.072992627884310601
78
79
0
3
0
-1
-1
0
1
0
-1
-1
0
61
1.6602818295596455
81
84
1
58
0.71965779786016237
82
83
0
17
0
-1
-1
0
41
0
-1
-1
1
3
1.8837065126831396
85
86
0
2
0
-1
-1
0
1
0
-1
-1
3
6
1.7180246649966704
88
93
0
3
1.2207227278625714
89
92
3
2
1.0452363328295338
90
91
0
1
0
-1
-1
0
1
0
-1
-1
0
1
0
-1
-1
0
3
1.1916884759357558
94
97
3
2
1.9106264507943453
95
96
0
1
0
-1
-1
0
1
0
-1
-1
0
1
0
-1
-1
2
11
1.9898058316086382
99
106
0
4
2.0961895605104859
100
105
3
3
1.6370730180695328
101
102
0
1
0
-1
-1
1
2
-0.013986576828116881
103
104
0
1
0
-1
-1
0
1
0
-1
-1
0
1
0
-1
-1
3
7
2.2978473343147385
107
118
2
6
2.0284032630267821
108
111
0
2
1.0490333593271002
109
110
0
1
0
-1
-1
0
1
0
-1
-1
3
4
1.9800651863840313
112
115
0
2
1.0885872077630032
113
114
0
1
0
-1
-1
0
1
0
-1
-1
3
2
2.1069701694056957
116
117
0
1
0
-1
-1
0
1
0
-1
-1
0
1
0
-1
-1
103
0
206
0.95714142438754046
1
34
2
159
-1.7326458312710349
2
3
0
1
0
-1
-1
2
158
2.0325623666566903
4
33
3
157
-1.8968675780068485
5
6
0
1
0
-1
-1
3
156
0.84977632260327418
7
22
0
140
-1.1513490298391513
8
15
3
29
-0.49295011090769791
9
12
0
25
-1.2842076915230285
10
11
0
21
0
-1
-1
0
4
0
-1
-1
3
4
-0.173688379886731
13
14
0
2
0
-1
-1
0
2
0
-1
-1
1
111
-1.4792189678847283
16
19
0
18
0.21852949879270911
17
18
0
8
0
-1
-1
0
10
0
-1
-1
0
93
0.072695859714146271
20
21
0
65
0
-1
-1
0
28
0
-1
-1
0
16
0.57885962181637574
23
28
0
9
0.47676492327276238
24
27
1
8
-1.0694870834116741
25
26
0
5
0
-1
-1
0
3
0
-1
-1
0
1
0
-1
-1
2
7
1.6411484864010246
29
32
0
6
0.65681573005521598
30
31
0
2
0
-1
-1
0
4
0
-1
-1
0
1
0
-1
-1
0
1
0
-1
-1
0
47
1.7925057515365941
35
92
3
41
0.65361942511910609
36
67
0
19
1.3173321816273429
37
54
2
12
-0.063865459659611656
38
45
1
6
1.3132060015663445
39
44
0
5
1.0897576245264966
40
41
0
1
0
-1
-1
1
4
0.70316174895549177
42
43
0
1
0
-1
-1
0
3
0
-1
-1
0
1
0
-1
-1
1
6
1.3756537713148891
46
53
2
5
0.15226427214338564
47
50
3
2
-0.61109485914015071
48
49
0
1
0
-1
-1
0
1
0
-1
-1
0
3
1.2401798595648867
51
52
0
2
0
-1
-1
0
1
0
-1
-1
0
1
0
-1
-1
2
7
-0.44905631671253488
55
56
0
1
0
-1
-1
3
6
-0.1184978357989242
57
62
2
3
0.086404924771439684
58
61
3
2
-0.3032812908914152
59
60
0
1
0
-1
-1
0
1
0
-1
-1
0
1
0
-1
-1
3
3
0.271368327346029
63
64
0
1
0
-1
-1
3
2
0.4148018254364515
65
66
0
1
0
-1
-1
0
1
0
-1
-1
1
22
-1.3007514851811663
68
71
1
2
-1.5520324088495008
69
70
0
1
0
-1
-1
0
1
0
-1
-1
3
20
1.5783702099669887
72
83
1
8
-1.1667626959217148
73
76
0
2
1.0870598939684506
74
75
0
1
0
-1
-1
0
1
0
-1
-1
3
6
1.2261859742389629
77
80
1
2
-0.86462225098713152
78
79
0
1
0
-1
-1
0
1
0
-1
-1
2
4
1.5092481745056807
81
82
0
1
0
-1
-1
0
3
0
-1
-1
3
12
2.0161509924385164
84
89
1
10
-1.130478352174614
85
86
0
1
0
-1
-1
0
9
1.0493849787626135
87
88
0
2
0
-1
-1
0
7
0
-1
-1
0
2
1.0411215080657277
90
91
0
1
0
-1
-1
0
1
0
-1
-1
3
6
-0.24253542078296819
93
94
0
1
0
-1
-1
2
5
0.66188582250082728
95
98
2
2
0.37892062034504115
96
97
0
1
0
-1
-1
0
1
0
-1
-1
0
3
2.5350697525338659
99
102
1
2
-0.17501602947843342
100
101
0
1
0
-1
-1
0
1
0
-1
-1
0
1
0
-1
-1
85
0
206
2.6381182079414716
1
84
0
205
1.7370963915140687
2
75
3
200
1.52181929638767
3
48
2
179
-0.82124154408136407
4
19
2
45
-1.6670008063692947
5
6
0
1
0
-1
-1
0
44
-0.062643980131926069
7
14
1
41
0.093971046515370027
8
11
1
14
-0.30240677288435375
9
10
0
4
0
-1
-1
0
10
0
-1
-1
2
27
-1.062034856427178
12
13
0
15
0
-1
-1
0
12
0
-1
-1
3
3
-0.71010024123945426
15
16
0
1
0
-1
-1
3
2
-0.66047864583332805
17
18
0
1
0
-1
-1
0
1
0
-1
-1
1
134
-0.96080166001733502
20
33
3
39
0.63102845773067939
21
28
2
14
0.74309828708824988
22
25
2
7
0.68120854929097463
23
24
0
6
0
-1
-1
0
1
0
-1
-1
1
7
-1.7856466085174294
26
27
0
2
0
-1
-1
0
5
0
-1
-1
1
25
-0.97178997503349707
29
32
1
24
-1.4502348712228086
30
31
0
9
0
-1
-1
0
15
0
-1
-1
0
1
0
-1
-1
3
95
-0.2038830566059282
34
41
0
58
1.3701570944886148
35
38
3
56
-0.60762731140953563
36
37
0
35
0
-1
-1
0
21
0
-1
-1
2
2
-0.062652973674192314
39
40
0
1
0
-1
-1
0
1
0
-1
-1
1
37
1.8831030949627265
42
45
2
35
-0.31227338936807625
43
44
0
11
0
-1
-1
0
24
0
-1
-1
0
2
-0.57022103021348336
46
47
0
1
0
-1
-1
0
1
0
-1
-1
1
21
-0.093470360960838939
49
72
2
19
1.4676400339935036
50
61
1
9
-0.74469382814200713
51
56
0
6
1.3744240753696388
52
55
2
5
1.0089262187273154
53
54
0
1
0
-1
-1
0
4
0
-1
-1
0
1
0
-1
-1
0
3
0.94202214639291204
57
60
2
2
1.1148469683475208
58
59
0
1
0
-1
-1
0
1
0
-1
-1
0
1
0
-1
-1
1
10
-0.82466794762410756
62
65
3
2
1.7396293034828716
63
64
0
1
0
-1
-1
0
1
0
-1
-1
1
8
-0.64596108918814654
66
69
0
4
0.938838435632943
67
68
0
1
0
-1
-1
0
3
0
-1
-1
1
4
-0.49987079970774934
70
71
0
2
0
-1
-1
0
2
0
-1
-1
3
2
1.7502940333972496
73
74
0
1
0
-1
-1
0
1
0
-1
-1
2
5
1.3726945504186823
76
81
2
3
0.26847835977553447
77
80
0
2
2.0269876300818446
78
79
0
1
0
-1
-1
0
1
0
-1
-1
0
1
0
-1
-1
0
2
2.1290138371664229
82
83
0
1
0
-1
-1
0
1
0
-1
-1
0
1
0
-1
-1
113
0
206
-1.6458826133456181
1
12
1
6
0.42478781903845958
2
5
3
2
-1.037375736195842
3
4
0
1
0
-1
-1
0
1
0
-1
-1
0
4
-1.7004103093107699
6
11
3
3
-1.0547967861747072
7
8
0
1
0
-1
-1
2
2
-0.67179267456782932
9
10
0
1
0
-1
-1
0
1
0
-1
-1
0
1
0
-1
-1
1
200
0.66743107088989273
13
68
1
139
-1.8703193951040877
14
19
0
3
0.38422114604030388
15
18
2
2
0.60209571335819723
16
17
0
1
0
-1
-1
0
1
0
-1
-1
0
1
0
-1
-1
0
136
-1.1420894655962257
20
43
2
17
-0.86499360682547777
21
34
0
9
-1.2561470239854988
22
29
1
6
0.14814663758900051
23
26
3
4
-0.68043789925826492
24
25
0
3
0
-1
-1
0
1
0
-1
-1
2
2
-1.154449970042803
27
28
0
1
0
-1
-1
0
1
0
-1
-1
3
3
-0.41317830886883655
30
33
3
2
-1.4693005041465692
31
32
0
1
0
-1
-1
0
1
0
-1
-1
0
1
0
-1
-1
0
8
-1.3385695665703694
35
42
3
7
-0.95760802794390021
36
39
2
4
-0.53081587505925865
37
38
0
2
0
-1
-1
0
2
0
-1
-1
1
3
0.32681419992892846
40
41
0
1
0
-1
-1
0
2
0
-1
-1
0
1
0
-1
-1
1
119
0.13131144486024882
44
57
3
88
-0.059248032129655126
45
50
1
23
-0.93400567951557323
46
47
0
1
0
-1
-1
0
22
-1.0481658879001943
48
49
0
4
0
-1
-1
0
18
0
-1
-1
3
65
0.62492459431164737
51
54
2
10
0.7118216129659708
52
53
0
4
0
-1
-1
0
6
0
-1
-1
1
55
-1.0663183601864417
55
56
0
29
0
-1
-1
0
26
0
-1
-1
1
31
0.60976634549034725
58
65
1
29
0.47531840909056916
59
62
3
27
-0.56944085230120312
60
61
0
15
0
-1
-1
0
12
0
-1
-1
3
2
-0.26176640320017958
63
64
0
1
0
-1
-1
0
1
0
-1
-1
3
2
-0.98539604573997397
66
67
0
1
0
-1
-1
0
1
0
-1
-1
3
61
-1.0813227326229906
69
74
0
3
1.027548404893198
70
73
0
2
-1.1245721426484701
71
72
0
1
0
-1
-1
0
1
0
-1
-1
0
1
0
-1
-1
0
58
0.20731673156272379
75
98
3
36
-0.59315138520395938
76
87
1
8
0.89431478897987382
77
82
1
5
0.74872748327537608
78
81
1
4
0.68861134855509509
79
80
0
2
0
-1
-1
0
2
0
-1
-1
0
1
0
-1
-1
3
3
-0.79862300538745146
83
86
3
2
-0.89118547957670025
84
85
0
1
0
-1
-1
0
1
0
-1
-1
0
1
0
-1
-1
2
28
-1.3852272188167358
88
91
0
2
-0.77907833794237369
89
90
0
1
0
-1
-1
0
1
0
-1
-1
0
26
-0.44609779337754318
92
95
2
17
-0.82801451506568657
93
94
0
6
0
-1
-1
0
11
0
-1
-1
3
9
0.71419116287789774
96
97
0
8
0
-1
-1
0
1
0
-1
-1
2
22
0.71031252410323364
99
112
3
21
0.27763028168778348
100
107
1
18
1.3022581110607647
101
104
0
13
0.41590106638740182
102
103
0
2
0
-1
-1
0
11
0
-1
-1
1
5
1.5799987526353081
105
106
0
3
0
-1
-1
0
2
0
-1
-1
1
3
1.5639721588131454
108
111
1
2
1.4705948370538071
109
110
0
1
0
-1
-1
0
1
0
-1
-1
0
1
0
-1
-1
0
1
0
-1
-1
221
2
206
0.32084432732965729
1
134
1
132
0.74379247035250684
2
65
0
87
-0.84907475015493106
3
40
2
40
-1.093342319269009
4
17
1
15
-0.40449254574766136
5
6
0
1
0
-1
-1
0
14
-1.7049487982990383
7
10
1
2
0.24426806724555394
8
9
0
1
0
-1
-1
0
1
0
-1
-1
0
12
-1.1817165395267308
11
14
0
7
-1.3476408947446106
12
13
0
2
0
-1
-1
0
5
0
-1
-1
3
5
-0.44462815502158948
15
16
0
4
0
-1
-1
0
1
0
-1
-1
3
25
-1.2846950139001239
18
25
0
5
-1.6000208526063595
19
20
0
1
0
-1
-1
1
4
-0.23499104591742087
21
22
0
1
0
-1
-1
2
3
-0.92431843070638209
23
24
0
1
0
-1
-1
0
2
0
-1
-1
1
20
-0.011685292165636962
26
33
3
5
-0.76555481037104378
27
30
3
3
-1.1324363019372974
28
29
0
1
0
-1
-1
0
2
0
-1
-1
3
2
-0.61689057597019326
31
32
0
1
0
-1
-1
0
1
0
-1
-1
2
15
-0.43166998373198573
34
37
2
12
-0.94138779233391845
35
36
0
2
0
-1
-1
0
10
0
-1
-1
2
3
-0.35184067254918489
38
39
0
1
0
-1
-1
0
2
0
-1
-1
1
47
0.51883476098856307
41
52
3
36
0.39224903917754772
42
51
2
35
0.068195638893226995
43
50
0
34
0.13328654000069529
44
47
3
15
0.16110832336908176
45
46
0
14
0
-1
-1
0
1
0
-1
-1
1
19
-0.36691696627273424
48
49
0
1
0
-1
-1
0
18
0
-1
-1
0
1
0
-1
-1
0
1
0
-1
-1
0
11
0.7020312118060501
53
64
2
10
-0.96850747570620377
54
57
2
2
-1.2972016463652012
55
56
0
1
0
-1
-1
0
1
0
-1
-1
0
8
-0.39660548377810417
58
61
3
4
0.11208190609921687
59
60
0
3
0
-1
-1
0
1
0
-1
-1
2
4
-0.57248528955088962
62
63
0
2
0
-1
-1
0
2
0
-1
-1
0
1
0
-1
-1
1
45
1.3924366531791321
66
107
2
30
-0.48612803968181784
67
88
2
14
-1.3903507074087607
68
73
2
3
-1.4341778888176768
69
70
0
1
0
-1
-1
3
2
-0.58426250716148176
71
72
0
1
0
-1
-1
0
1
0
-1
-1
0
11
-1.0838749791738747
74
81
1
5
1.1065545430328176
75
78
1
3
0.93449973615064186
76
77
0
2
0
-1
-1
0
1
0
-1
-1
3
2
-0.022205398870002779
79
80
0
1
0
-1
-1
0
1
0
-1
-1
3
6
-0.29669308377299164
82
85
1
4
1.0942400409597133
83
84
0
3
0
-1
-1
0
1
0
-1
-1
2
2
-1.016764933135897
86
87
0
1
0
-1
-1
0
1
0
-1
-1
2
16
-0.29125477995478977
89
96
0
4
-1.0516566112322394
90
91
0
1
0
-1
-1
2
3
-0.4056322195510339
92
95
0
2
-0.90375445633266549
93
94
0
1
0
-1
-1
0
1
0
-1
-1
0
1
0
-1
-1
0
12
1.1816984762241307
97
102
1
8
0.79001949780522218
98
99
0
1
0
-1
-1
0
7
-0.37061415859412661
100
101
0
1
0
-1
-1
0
6
0
-1
-1
2
4
-0.11747430351331695
103
104
0
1
0
-1
-1
3
3
-0.16539356197362834
105
106
0
2
0
-1
-1
0
1
0
-1
-1
3
15
-0.23154245680514352
108
119
0
6
-0.37010848640737981
109
116
0
4
-0.83652071294771058
110
111
0
1
0
-1
-1
3
3
-0.29051140231349509
112
115
2
2
-0.70626596174477274
113
114
0
1
0
-1
-1
0
1
0
-1
-1
0
1
0
-1
-1
2
2
-0.29457393638400975
117
118
0
1
0
-1
-1
0
1
0
-1
-1
1
9
1.6528648637657604
120
129
2
6
-0.47303255317867093
121
124
1
2
1.5839151477881386
122
123
0
1
0
-1
-1
0
1
0
-1
-1
0
4
0.60436414475615574
125
126
0
1
0
-1
-1
0
3
1.1250347977406601
127
128
0
1
0
-1
-1
0
2
0
-1
-1
0
3
0.24110785350240826
130
133
0
2
-0.38593550046327135
131
132
0
1
0
-1
-1
0
1
0
-1
-1
0
1
0
-1
-1
0
74
0.38350583614454536
135
178
0
25
-0.054276480975765484
136
151
1
9
-1.3578202453544721
137
148
3
7
0.26615665804990041
138
139
0
1
0
-1
-1
3
6
0.66059705839071348
140
147
0
5
-0.1534985830462558
141
144
3
2
0.62471082255611465
142
143
0
1
0
-1
-1
0
1
0
-1
-1
2
3
0.61734466207777761
145
146
0
2
0
-1
-1
0
1
0
-1
-1
0
1
0
-1
-1
1
2
-1.2063839443730253
149
150
0
1
0
-1
-1
0
1
0
-1
-1
1
16
-1.3594519718743556
152
169
1
11
-1.5222169267266421
153
162
1
6
-1.8980044654222334
154
155
0
1
0
-1
-1
3
5
0.44254212789100927
156
159
0
3
0.22305956724659584
157
158
0
1
0
-1
-1
0
2
0
-1
-1
3
2
0.65275778714619015
160
161
0
1
0
-1
-1
0
1
0
-1
-1
1
5
-1.4298854515028421
163
168
1
4
-1.4803157135924814
164
165
0
1
0
-1
-1
2
3
0.81499743727129714
166
167
0
2
0
-1
-1
0
1
0
-1
-1
0
1
0
-1
-1
1
5
-0.96059014739460813
170
175
2
3
0.99996100357213713
171
172
0
1
0
-1
-1
1
2
-1.1452637267864045
173
174
0
1
0
-1
-1
0
1
0
-1
-1
2
2
1.2829450591188576
176
177
0
1
0
-1
-1
0
1
0
-1
-1
3
49
-0.20631742486486465
179
184
2
3
0.47815293438558959
180
183
3
2
-0.25171176793325922
181
182
0
1
0
-1
-1
0
1
0
-1
-1
0
1
0
-1
-1
0
46
0.85494215011158492
185
198
0
17
0.73624321679875815
186
193
1
14
-0.61024262201807233
187
192
0
13
0.66595365514377702
188
191
1
12
-1.2631784111732651
189
190
0
9
0
-1
-1
0
3
0
-1
-1
0
1
0
-1
-1
0
1
0
-1
-1
0
3
0.83663435670462571
194
197
2
2
1.2291830629317033
195
196
0
1
0
-1
-1
0
1
0
-1
-1
0
1
0
-1
-1
2
29
1.4198346082832005
199
210
1
11
0.29406700283340492
200
207
3
9
1.3681138497057987
201
204
1
3
-0.98611270743982393
202
203
0
2
0
-1
-1
0
1
0
-1
-1
0
6
1.1100770227400281
205
206
0
4
0
-1
-1
0
2
0
-1
-1
0
2
1.081473375280857
208
209
0
1
0
-1
-1
0
1
0
-1
-1
3
18
2.1487005774354966
211
218
3
16
1.7658948730796387
212
215
0
9
1.1420303918955468
213
214
0
3
0
-1
-1
0
6
0
-1
-1
0
7
1.5755206745672905
216
217
0
5
0
-1
-1
0
2
0
-1
-1
0
2
1.6563265182212761
219
220
0
1
0
-1
-1
0
1
0
-1
-1
67
0
206
2.6346768506769385
1
66
0
205
1.9156084661928789
2
59
3
201
-1.5239237490938176
3
10
0
4
-0.15570619376520267
4
7
0
2
-1.4615004055837109
5
6
0
1
0
-1
-1
0
1
0
-1
-1
3
2
-1.6803572040976227
8
9
0
1
0
-1
-1
0
1
0
-1
-1
0
197
-0.36357155665985119
11
28
1
81
1.1185809496735069
12
21
2
71
-1.9257318769021128
13
14
0
1
0
-1
-1
0
70
-1.3940042896167513
15
18
1
14
0.70299375548934928
16
17
0
12
0
-1
-1
0
2
0
-1
-1
1
56
-1.7357527425086088
19
20
0
1
0
-1
-1
0
55
0
-1
-1
2
10
-1.0503529782452419
22
23
0
1
0
-1
-1
0
9
-1.5183615724574471
24
25
0
1
0
-1
-1
2
8
0.065496859154967391
26
27
0
7
0
-1
-1
0
1
0
-1
-1
0
116
0.38227578171949894
29
44
0
43
-0.097545520821596315
30
37
3
14
-0.61287966749155154
31
34
1
2
0.91614370836138426
32
33
0
1
0
-1
-1
0
1
0
-1
-1
2
12
-0.47820862362115973
35
36
0
3
0
-1
-1
0
9
0
-1
-1
0
29
0.21814493496331794
38
41
1
13
-1.769598784126748
39
40
0
1
0
-1
-1
0
12
0
-1
-1
1
16
1.2495599994402713
42
43
0
15
0
-1
-1
0
1
0
-1
-1
1
73
1.1416903816119053
45
52
3
61
1.6078573688411173
46
49
0
44
1.1745408501138899
47
48
0
34
0
-1
-1
0
10
0
-1
-1
0
17
1.2538888565536952
50
51
0
15
0
-1
-1
0
2
0
-1
-1
0
12
1.5104787997515414
53
56
1
9
1.5021395101412898
54
55
0
8
0
-1
-1
0
1
0
-1
-1
3
3
0.39350158244405464
57
58
0
1
0
-1
-1
0
2
0
-1
-1
0
4
2.1711758595770245
60
65
0
3
2.0461251097011144
61
62
0
1
0
-1
-1
2
2
1.538117154703555
63
64
0
1
0
-1
-1
0
1
0
-1
-1
0
1
0
-1
-1
0
1
0
-1
-1
109
0
206
-1.6171825403329458
1
12
1
6
0.87397217959965046
2
11
0
5
-1.7719235043343284
3
4
0
1
0
-1
-1
1
4
0.56390266585441917
5
10
1
3
0.015587946613019788
6
7
0
1
0
-1
-1
2
2
-0.796190024366906
8
9
0
1
0
-1
-1
0
1
0
-1
-1
0
1
0
-1
-1
0
1
0
-1
-1
0
200
0.44034726783199529
13
80
2
127
-0.20400064133178142
14
41
1
87
1.998486458830194
15
36
3
84
0.28451903143315738
16
29
1
78
1.532396121376566
17
24
1
75
1.0502717087264188
18
21
1
71
0.58652145306508696
19
20
0
49
0
-1
-1
0
22
0
-1
-1
3
4
-1.0404517822615929
22
23
0
1
0
-1
-1
0
3
0
-1
-1
3
3
-0.17091407468260866
25
28
0
2
-0.79209121248838232
26
27
0
1
0
-1
-1
0
1
0
-1
-1
0
1
0
-1
-1
2
6
-0.27385294660618487
30
35
3
5
0.52870476494784946
31
32
0
1
0
-1
-1
1
4
0.26795075718903216
33
34
0
1
0
-1
-1
0
3
0
-1
-1
0
1
0
-1
-1
3
3
-0.36154681969109026
37
38
0
1
0
-1
-1
0
2
-0.77809003648438246
39
40
0
1
0
-1
-1
0
1
0
-1
-1
0
40
-0.079744261811317108
42
61
3
15
0.55080687689895402
43
54
3
11
-0.29994052342442085
44
47
1
2
-0.13312199216909623
45
46
0
1
0
-1
-1
0
1
0
-1
-1
1
9
1.1129176602641453
48
51
1
6
-0.48903535699327971
49
50
0
3
0
-1
-1
0
3
0
-1
-1
3
3
0.10113676103283059
52
53
0
2
0
-1
-1
0
1
0
-1
-1
3
4
0.64856699122134198
55
56
0
1
0
-1
-1
2
3
0.52021240458061091
57
58
0
1
0
-1
-1
0
2
-0.20651825644044422
59
60
0
1
0
-1
-1
0
1
0
-1
-1
0
25
0.059684009744785396
62
69
1
4
-1.2061264644267224
63
68
0
3
-0.012765851012228394
64
67
2
2
1.2636084518893216
65
66
0
1
0
-1
-1
0
1
0
-1
-1
0
1
0
-1
-1
0
1
0
-1
-1
0
21
0.16480493441503635
70
75
0
4
0.10090949627859298
71
72
0
1
0
-1
-1
2
3
0.95440080906321789
73
74
0
1
0
-1
-1
0
2
0
-1
-1
1
17
-0.59336193536118342
76
79
2
16
1.3458393618772351
77
78
0
13
0
-1
-1
0
3
0
-1
-1
0
1
0
-1
-1
0
73
2.6548457769607192
81
108
1
72
-1.6985235342273421
82
85
3
2
0.81211236745525384
83
84
0
1
0
-1
-1
0
1
0
-1
-1
3
70
2.0304492157351985
86
101
2
65
-0.0088177070221131526
87
94
2
20
-0.15298946533632618
88
91
0
17
1.8581175130971603
89
90
0
16
0
-1
-1
0
1
0
-1
-1
0
3
0.93694077482329385
92
93
0
2
0
-1
-1
0
1
0
-1
-1
0
45
2.0725545345244991
95
98
3
43
1.0924701330502937
96
97
0
21
0
-1
-1
0
22
0
-1
-1
2
2
0.75417989244755534
99
100
0
1
0
-1
-1
0
1
0
-1
-1
2
5
2.0141332199847382
102
103
0
1
0
-1
-1
1
4
-0.59139911279744617
104
107
3
3
2.119076553542059
105
106
0
1
0
-1
-1
0
2
0
-1
-1
0
1
0
-1
-1
0
1
0
-1
-1
147
0
206
1.8312702449650893
1
136
3
200
0.22737389279056885
2
75
2
127
-0.72612326251233816
3
38
1
56
0.347937753927824
4
25
0
27
-1.4653031409475747
5
10
2
3
-1.0038561851929368
6
9
1
2
-0.14857592925324825
7
8
0
1
0
-1
-1
0
1
0
-1
-1
0
1
0
-1
-1
1
24
-0.098171424239907323
11
18
3
7
-1.3679370951819561
12
15
3
4
-1.6109825158065136
13
14
0
1
0
-1
-1
0
3
0
-1
-1
1
3
-0.28996104716680182
16
17
0
2
0
-1
-1
0
1
0
-1
-1
3
17
-1.3151082008020429
19
22
2
2
-1.0124152909062636
20
21
0
1
0
-1
-1
0
1
0
-1
-1
3
15
-0.59441179232224828
23
24
0
13
0
-1
-1
0
2
0
-1
-1
0
29
0.78635325824670388
26
37
0
28
0.14526508043177899
27
34
1
26
1.2962628116603838
28
31
3
24
-1.2492426152039413
29
30
0
4
0
-1
-1
0
20
0
-1
-1
1
2
1.5892551719905792
32
33
0
1
0
-1
-1
0
1
0
-1
-1
1
2
0.77117681018848716
35
36
0
1
0
-1
-1
0
1
0
-1
-1
0
1
0
-1
-1
2
71
0.28808090465530567
39
66
3
62
-0.71434949092538291
40
51
2
22
-0.16414530882697997
41
48
2
20
-0.52818878261797053
42
45
2
11
-0.64733720990456056
43
44
0
6
0
-1
-1
0
5
0
-1
-1
0
9
0.0042001493393122313
46
47
0
6
0
-1
-1
0
3
0
-1
-1
3
2
-1.0583654610269861
49
50
0
1
0
-1
-1
0
1
0
-1
-1
2
40
-0.62812412001703888
52
59
1
5
0.92174374777320212
53
56
0
2
0.34131381756095702
54
55
0
1
0
-1
-1
0
1
0
-1
-1
1
3
1.9748105811257068
57
58
0
1
0
-1
-1
0
2
0
-1
-1
3
35
-0.31679495632742427
60
63
3
14
-0.50480768879553317
61
62
0
7
0
-1
-1
0
7
0
-1
-1
0
21
0.78672647947813568
64
65
0
15
0
-1
-1
0
6
0
-1
-1
2
9
0.93707578902179867
67
74
2
8
0.32890726612061466
68
69
0
1
0
-1
-1
2
7
0.43377815624151056
70
71
0
1
0
-1
-1
3
6
0.11121793293169713
72
73
0
4
0
-1
-1
0
2
0
-1
-1
0
1
0
-1
-1
2
73
0.42377509733749452
76
97
3
11
0.61546392726278842
77
90
1
7
1.0933843835999899
78
83
2
3
-0.46444907733932317
79
82
0
2
-0.76906851149306377
80
81
0
1
0
-1
-1
0
1
0
-1
-1
0
1
0
-1
-1
0
4
0.55621821939974236
84
87
2
2
-0.63569537325246661
85
86
0
1
0
-1
-1
0
1
0
-1
-1
3
2
0.40752945363831977
88
89
0
1
0
-1
-1
0
1
0
-1
-1
0
4
-0.33809927643622117
91
94
2
2
-0.38562317512201766
92
93
0
1
0
-1
-1
0
1
0
-1
-1
3
2
0.74766110779184536
95
96
0
1
0
-1
-1
0
1
0
-1
-1
0
62
0.77553102429764942
98
115
0
35
0.51033134419893367
99
108
0
28
-0.44704981928781184
100
101
0
1
0
-1
-1
0
27
0.32264291304881332
102
105
3
19
0.62576593404607683
103
104
0
6
0
-1
-1
0
13
0
-1
-1
0
8
0.38424108466549706
106
107
0
1
0
-1
-1
0
7
0
-1
-1
2
7
1.123812011666169
109
114
2
6
0.95167470684977906
110
111
0
1
0
-1
-1
0
5
0.67677846542380371
112
113
0
4
0
-1
-1
0
1
0
-1
-1
0
1
0
-1
-1
1
27
-0.81969493255912895
116
127
3
11
1.5161881582143866
117
122
1
4
-1.1231022262722941
118
121
0
3
1.062654128041234
119
120
0
1
0
-1
-1
0
2
0
-1
-1
0
1
0
-1
-1
0
7
0.90654240945502562
123
124
0
1
0
-1
-1
0
6
1.5342945894612483
125
126
0
5
0
-1
-1
0
1
0
-1
-1
1
16
-0.015289555619708795
128
135
2
15
1.0635077322458151
129
132
3
2
1.4951250286729121
130
131
0
1
0
-1
-1
0
1
0
-1
-1
1
13
-0.29117913331728695
133
134
0
11
0
-1
-1
0
2
0
-1
-1
0
1
0
-1
-1
3
6
2.0688486102246451
137
144
1
4
1.7241135316812686
138
143
1
3
1.1177271659097057
139
142
2
2
-0.58754658560835271
140
141
0
1
0
-1
-1
0
1
0
-1
-1
0
1
0
-1
-1
0
1
0
-1
-1
1
2
-0.18077712063901535
145
146
0
1
0
-1
-1
0
1
0
-1
-1
165
0
206
-0.83636398061544481
1
64
3
54
-0.77606719593398565
2
31
2
29
-1.2717390640490787
3
8
1
3
0.60097952300440705
4
5
0
1
0
-1
-1
1
2
1.063368660976731
6
7
0
1
0
-1
-1
0
1
0
-1
-1
1
26
-0.24933008581836369
9
16
2
4
-0.5771831077649886
10
15
1
3
-0.5021410837752327
11
12
0
1
0
-1
-1
3
2
-1.2772792961832042
13
14
0
1
0
-1
-1
0
1
0
-1
-1
0
1
0
-1
-1
1
22
-0.15770132480045118
17
20
0
2
-1.3559243170592226
18
19
0
1
0
-1
-1
0
1
0
-1
-1
2
20
-1.1453943872030716
21
24
0
2
-1.4811825239962004
22
23
0
1
0
-1
-1
0
1
0
-1
-1
2
18
-0.55415105293268541
25
28
0
13
-1.0702995876905741
26
27
0
9
0
-1
-1
0
4
0
-1
-1
0
5
-1.1236077389597419
29
30
0
4
0
-1
-1
0
1
0
-1
-1
1
25
1.7488732547090442
32
61
1
23
0.49505403308670087
33
44
3
10
-0.31410122900331472
34
43
0
9
-0.93372726737544154
35
42
1
8
0.21638771573290511
36
39
2
5
-0.46855118573593169
37
38
0
3
0
-1
-1
0
2
0
-1
-1
1
3
0.42003026033706037
40
41
0
1
0
-1
-1
0
2
0
-1
-1
0
1
0
-1
-1
0
1
0
-1
-1
2
13
-0.80036360748182334
45
52
3
6
-0.63650998933724989
46
47
0
1
0
-1
-1
1
5
0.82646178878332754
48
49
0
1
0
-1
-1
0
4
-1.0327807615100917
50
51
0
3
0
-1
-1
0
1
0
-1
-1
2
7
-0.34480587470605811
53
60
0
6
-1.4664356324987216
54
57
2
2
-0.72467003028369092
55
56
0
1
0
-1
-1
0
1
0
-1
-1
3
4
-0.024517475446419912
58
59
0
2
0
-1
-1
0
2
0
-1
-1
0
1
0
-1
-1
1
2
2.1024491828573617
62
63
0
1
0
-1
-1
0
1
0
-1
-1
2
152
-0.56007665978724086
65
112
3
35
-0.91615394101737091
66
79
2
10
-0.64567246606908768
67
78
3
9
-1.6451051634411415
68
69
0
1
0
-1
-1
2
8
-1.1206997329955097
70
71
0
1
0
-1
-1
3
7
-1.2000461553237307
72
75
1
3
-0.02843321086468531
73
74
0
2
0
-1
-1
0
1
0
-1
-1
2
4
-0.75345091167283518
76
77
0
3
0
-1
-1
0
1
0
-1
-1
0
1
0
-1
-1
1
25
1.3771860141856962
80
103
2
20
-1.2356220947735173
81
88
1
4
0.66293706205714598
82
83
0
1
0
-1
-1
3
3
-0.54471187767240137
84
87
1
2
0.70435114516942732
85
86
0
1
0
-1
-1
0
1
0
-1
-1
0
1
0
-1
-1
0
16
-0.30887460219092966
89
96
0
10
-0.71517821613742638
90
93
1
5
0.90018973709675576
91
92
0
4
0
-1
-1
0
1
0
-1
-1
3
5
-0.11713739256849587
94
95
0
4
0
-1
-1
0
1
0
-1
-1
2
6
-0.91301711590059353
97
100
2
2
-1.1132932965943025
98
99
0
1
0
-1
-1
0
1
0
-1
-1
3
4
-0.67341027101657092
101
102
0
2
0
-1
-1
0
2
0
-1
-1
1
5
1.8147684326116007
104
109
3
3
-0.0061402768110675465
105
106
0
1
0
-1
-1
1
2
1.6079800902426415
107
108
0
1
0
-1
-1
0
1
0
-1
-1
0
2
-0.33486381431536344
110
111
0
1
0
-1
-1
0
1
0
-1
-1
3
117
-0.5167513720350364
113
130
3
13
-1.1266162014772036
114
119
0
3
0.81398689978871064
115
118
0
2
0.22498804554838525
116
117
0
1
0
-1
-1
0
1
0
-1
-1
0
1
0
-1
-1
1
10
-0.33660669004825933
120
121
0
1
0
-1
-1
2
9
-0.094872579013609237
122
129
2
8
-0.4789486785874344
123
126
0
2
-0.47500325229575574
124
125
0
1
0
-1
-1
0
1
0
-1
-1
1
6
1.2311440004512564
127
128
0
5
0
-1
-1
0
1
0
-1
-1
0
1
0
-1
-1
1
104
-1.6255889898198959
131
144
3
12
0.88849490328976932
132
143
1
11
-1.9006612145863793
133
138
1
3
-2.0714980784497943
134
135
0
1
0
-1
-1
1
2
-1.955357102839254
136
137
0
1
0
-1
-1
0
1
0
-1
-1
3
8
0.16441920800339546
139
140
0
1
0
-1
-1
1
7
-1.6975772889721397
141
142
0
6
0
-1
-1
0
1
0
-1
-1
0
1
0
-1
-1
1
92
0.59947964969171452
145
154
0
66
2.7607590470214349
146
153
0
65
0.064451768888426186
147
150
2
8
-0.34197437997160762
148
149
0
1
0
-1
-1
0
7
0
-1
-1
0
57
2.012829778790592
151
152
0
56
0
-1
-1
0
1
0
-1
-1
0
1
0
-1
-1
0
26
-0.57951773278273999
155
158
2
2
-0.1135000453575396
156
157
0
1
0
-1
-1
0
1
0
-1
-1
3
24
0.20446912665112965
159
162
0
19
0.52305190845046556
160
161
0
5
0
-1
-1
0
14
0
-1
-1
3
5
0.39213154061475231
163
164
0
1
0
-1
-1
0
4
0
-1
-1
161
0
206
-0.3038867352709258
1
86
1
88
-0.48282091921228165
2
11
2
5
-0.96438241109293177
3
4
0
1
0
-1
-1
0
4
-1.1231737436043299
5
6
0
1
0
-1
-1
1
3
-1.8251607926829503
7
10
0
2
-0.48178427826194031
8
9
0
1
0
-1
-1
0
1
0
-1
-1
0
1
0
-1
-1
3
83
-0.31526252421700374
12
53
0
60
-0.97155903304737712
13
38
3
36
-0.79536418574725987
14
27
1
23
0.22308478010357363
15
20
0
12
-1.7020525953307977
16
17
0
1
0
-1
-1
0
11
-1.2584814350666191
18
19
0
7
0
-1
-1
0
4
0
-1
-1
1
11
0.65358852681096768
21
24
3
8
-1.6088723074357141
22
23
0
1
0
-1
-1
0
7
0
-1
-1
0
3
-1.107927953049558
25
26
0
2
0
-1
-1
0
1
0
-1
-1
1
13
-0.11411695115110354
28
31
2
2
-0.2611108910597606
29
30
0
1
0
-1
-1
0
1
0
-1
-1
0
11
-1.4126558724656204
32
35
3
3
-0.65985391684837691
33
34
0
1
0
-1
-1
0
2
0
-1
-1
3
8
-0.48131646242387949
36
37
0
6
0
-1
-1
0
2
0
-1
-1
2
24
-0.15054323621329724
39
52
3
23
-0.65986425891555756
40
45
0
16
-0.43387694296102008
41
44
1
15
-0.12162071115060399
42
43
0
1
0
-1
-1
0
14
0
-1
-1
0
1
0
-1
-1
0
7
-0.80396811075907326
46
49
0
2
-0.90796951424423122
47
48
0
1
0
-1
-1
0
1
0
-1
-1
0
5
-0.51548687978512375
50
51
0
4
0
-1
-1
0
1
0
-1
-1
0
1
0
-1
-1
2
23
-0.42609673826512084
54
71
2
12
-1.4733723645083923
55
56
0
1
0
-1
-1
2
11
-0.90185540131193032
57
64
2
4
-1.0995259691071251
58
61
0
2
-1.0014784851037108
59
60
0
1
0
-1
-1
0
1
0
-1
-1
3
2
0.19275049763743457
62
63
0
1
0
-1
-1
0
1
0
-1
-1
2
7
-0.608970273318027
65
68
1
5
0.47085610570694425
66
67
0
1
0
-1
-1
0
4
0
-1
-1
0
2
-0.99937165813426676
69
70
0
1
0
-1
-1
0
1
0
-1
-1
1
11
1.5167650861033772
72
83
3
9
0.1421130833942271
73
78
1
3
1.0413506117621667
74
75
0
1
0
-1
-1
3
2
-0.11432254093275962
76
77
0
1
0
-1
-1
0
1
0
-1
-1
0
6
-1.123711347947542
79
80
0
1
0
-1
-1
2
5
0.16229607962841147
81
82
0
3
0
-1
-1
0
2
0
-1
-1
2
2
-0.10646789795804545
84
85
0
1
0
-1
-1
0
1
0
-1
-1
3
118
-1.8627769005314017
87
88
0
1
0
-1
-1
1
117
-1.082611942042168
89
114
0
37
1.1097298211279711
90
109
3
34
0.29303757418911897
91
100
3
6
0.12363324752368375
92
95
3
2
-0.085602086025566598
93
94
0
1
0
-1
-1
0
1
0
-1
-1
3
4
0.21992882861935503
96
97
0
1
0
-1
-1
2
3
1.1137831552194213
98
99
0
2
0
-1
-1
0
1
0
-1
-1
3
28
1.8036204012856492
101
108
2
27
1.3435297305594545
102
105
2
22
0.76199117403153305
103
104
0
8
0
-1
-1
0
14
0
-1
-1
0
5
0.88962774953936608
106
107
0
3
0
-1
-1
0
2
0
-1
-1
0
1
0
-1
-1
2
3
1.3565583203458529
110
113
1
2
-1.5746365083997091
111
112
0
1
0
-1
-1
0
1
0
-1
-1
0
1
0
-1
-1
2
80
0.65328218734906729
115
136
0
49
1.5379689233926139
116
127
3
44
-0.049893130354674353
117
122
3
36
-1.4348165392509213
118
119
0
1
0
-1
-1
0
35
-0.10691122264599903
120
121
0
2
0
-1
-1
0
33
0
-1
-1
1
8
-0.14747821428557717
123
124
0
1
0
-1
-1
0
7
1.2291284183963997
125
126
0
6
0
-1
-1
0
1
0
-1
-1
2
5
0.097456627648597749
128
131
1
2
1.654979037764932
129
130
0
1
0
-1
-1
0
1
0
-1
-1
0
3
2.0798869981223347
132
135
1
2
1.4246809340177
133
134
0
1
0
-1
-1
0
1
0
-1
-1
0
1
0
-1
-1
3
31
0.89969482295764169
137
146
1
5
0.54612359944377253
138
141
3
2
0.61996350329373262
139
140
0
1
0
-1
-1
0
1
0
-1
-1
0
3
1.1599551129189631
142
145
1
2
1.2526982338819959
143
144
0
1
0
-1
-1
0
1
0
-1
-1
0
1
0
-1
-1
2
26
1.659350857611217
147
154
1
12
-0.83946506954116629
148
151
0
6
1.2540193674911908
149
150
0
5
0
-1
-1
0
1
0
-1
-1
1
6
-0.34422172330388723
152
153
0
5
0
-1
-1
0
1
0
-1
-1
3
14
1.5329236570017404
155
158
0
2
1.1744298331431513
156
157
0
1
0
-1
-1
0
1
0
-1
-1
3
12
1.7041689839864322
159
160
0
2
0
-1
-1
0
10
0
-1
-1
135
1
206
-1.4586423471535572
1
32
0
22
1.0309818454569413
2
29
0
20
-0.26766502489057475
3
6
3
2
0.35324092022781139
4
5
0
1
0
-1
-1
0
1
0
-1
-1
0
18
0.44157741257365707
7
22
3
14
0.88077557929433714
8
21
3
13
0.36340249747993303
9
14
2
6
0.56106691067275283
10
11
0
1
0
-1
-1
0
5
0.23572982635801121
12
13
0
2
0
-1
-1
0
3
0
-1
-1
2
7
1.0411311162525063
15
18
2
5
0.7693629701447855
16
17
0
3
0
-1
-1
0
2
0
-1
-1
2
2
1.3266835368721444
19
20
0
1
0
-1
-1
0
1
0
-1
-1
0
1
0
-1
-1
1
4
-1.7527817152463832
23
24
0
1
0
-1
-1
3
3
0.85476491455550796
25
28
0
2
0.49798126921317365
26
27
0
1
0
-1
-1
0
1
0
-1
-1
0
1
0
-1
-1
3
2
1.7282162322900496
30
31
0
1
0
-1
-1
0
1
0
-1
-1
2
184
1.4803689397848934
33
104
0
165
0.60131440911141865
34
67
3
125
1.5955937469468167
35
66
3
124
-0.93637263638508428
36
51
0
37
-1.5747460665093311
37
44
1
5
0.46480285513409436
38
41
1
3
0.34323484015530153
39
40
0
2
0
-1
-1
0
1
0
-1
-1
2
2
-1.1544922114298648
42
43
0
1
0
-1
-1
0
1
0
-1
-1
0
32
-0.072529588356270214
45
48
3
28
-1.4407738578890001
46
47
0
5
0
-1
-1
0
23
0
-1
-1
2
4
-0.45759938220025054
49
50
0
3
0
-1
-1
0
1
0
-1
-1
3
87
-0.055139320450233176
52
59
0
51
0.38531188963680818
53
56
2
47
-0.23117377759684943
54
55
0
41
0
-1
-1
0
6
0
-1
-1
1
4
0.16292144751887516
57
58
0
2
0
-1
-1
0
2
0
-1
-1
0
36
0.14068161049354355
60
63
2
25
-0.5888519054455269
61
62
0
6
0
-1
-1
0
19
0
-1
-1
1
11
-1.4369601874484126
64
65
0
4
0
-1
-1
0
7
0
-1
-1
0
1
0
-1
-1
1
40
0.055954638146680891
68
83
3
15
2.1232293408328262
69
82
2
14
0.54925515234869449
70
75
2
4
0.48875257352782164
71
74
3
3
-0.53482079999970811
72
73
0
2
0
-1
-1
0
1
0
-1
-1
0
1
0
-1
-1
3
10
0.92362205313170598
76
79
0
2
0.72821092740080251
77
78
0
1
0
-1
-1
0
1
0
-1
-1
3
8
1.4162848946307702
80
81
0
2
0
-1
-1
0
6
0
-1
-1
0
1
0
-1
-1
1
25
0.54743932893930713
84
91
1
4
0.28177682486109312
85
86
0
1
0
-1
-1
2
3
-0.96476153696964828
87
88
0
1
0
-1
-1
3
2
-0.42856898521608378
89
90
0
1
0
-1
-1
0
1
0
-1
-1
0
21
1.1136858816554698
92
97
3
5
-0.41575384533133014
93
94
0
1
0
-1
-1
2
4
0.33537467478579247
95
96
0
2
0
-1
-1
0
2
0
-1
-1
0
16
1.3939281481531187
98
101
3
9
-0.15207951042381229
99
100
0
7
0
-1
-1
0
2
0
-1
-1
3
7
-0.33877668309454223
102
103
0
1
0
-1
-1
0
6
0
-1
-1
2
19
1.5324538387386712
105
108
1
2
-0.80488321490498094
106
107
0
1
0
-1
-1
0
1
0
-1
-1
2
17
1.7260933563143319
109
114
2
3
1.5949682508172862
110
111
0
1
0
-1
-1
3
2
1.6512572443054281
112
113
0
1
0
-1
-1
0
1
0
-1
-1
1
14
-0.46024487240214107
115
126
1
9
-0.78736872331519914
116
121
1
3
-1.0618483926944342
117
120
3
2
1.5460181316329193
118
119
0
1
0
-1
-1
0
1
0
-1
-1
0
1
0
-1
-1
1
6
-0.50959660255192607
122
125
3
5
2.1629316297745804
123
124
0
4
0
-1
-1
0
1
0
-1
-1
0
1
0
-1
-1
2
5
2.0790414253238159
127
132
1
3
-0.094050851190042292
128
129
0
1
0
-1
-1
1
2
-0.042587536509795923
130
131
0
1
0
-1
-1
0
1
0
-1
-1
0
2
2.7385350189690296
133
134
0
1
0
-1
-1
0
1
0
-1
-1
147
0
206
1.1815924168810896
1
104
2
182
1.4996337625850003
2
85
1
171
-0.77679787211669371
3
46
3
43
0.81682731750936755
4
21
0
25
0.89848542502430639
5
20
2
24
0.82597734411622192
6
13
0
12
-0.035048846901544528
7
10
3
5
0.51171418431316562
8
9
0
3
0
-1
-1
0
2
0
-1
-1
0
7
0.18096990643584127
11
12
0
1
0
-1
-1
0
6
0
-1
-1
2
12
1.1211004361456762
14
17
3
9
0.25777527578982434
15
16
0
1
0
-1
-1
0
8
0
-1
-1
2
3
1.246843992640031
18
19
0
1
0
-1
-1
0
2
0
-1
-1
0
1
0
-1
-1
2
18
1.0839278283558045
22
31
0
9
0.17387846061268575
23
24
0
1
0
-1
-1
0
8
0.57025813462249531
25
28
2
4
0.77873442986588826
26
27
0
2
0
-1
-1
0
2
0
-1
-1
0
4
0.71095571744172481
29
30
0
2
0
-1
-1
0
2
0
-1
-1
3
9
1.1837123964240097
32
39
3
5
0.98737679448169136
33
36
3
2
0.90290885961575784
34
35
0
1
0
-1
-1
0
1
0
-1
-1
3
3
1.0852961302952218
37
38
0
2
0
-1
-1
0
1
0
-1
-1
1
4
-1.0923171523547361
40
43
2
2
1.3195756814161033
41
42
0
1
0
-1
-1
0
1
0
-1
-1
2
2
1.350801547804511
44
45
0
1
0
-1
-1
0
1
0
-1
-1
3
128
-0.56643116138915617
47
62
2
68
-1.817645563737627
48
49
0
1
0
-1
-1
3
67
-0.73530829643317008
50
57
0
54
-0.7819969067553354
51
54
1
31
0.076143593260586728
52
53
0
14
0
-1
-1
0
17
0
-1
-1
2
23
-0.060465981295772853
55
56
0
22
0
-1
-1
0
1
0
-1
-1
3
13
-0.71549047724364367
58
59
0
1
0
-1
-1
1
12
0.35796213038573277
60
61
0
9
0
-1
-1
0
3
0
-1
-1
2
60
0.86217526593067162
63
78
0
55
-0.44866158420611746
64
71
2
31
-0.35596879376778134
65
68
0
23
-0.73255023970207944
66
67
0
19
0
-1
-1
0
4
0
-1
-1
2
8
0.012447400234103789
69
70
0
6
0
-1
-1
0
2
0
-1
-1
0
24
0.32573804834510101
72
75
0
14
-0.10653722302147228
73
74
0
11
0
-1
-1
0
3
0
-1
-1
2
10
0.74194259916073524
76
77
0
9
0
-1
-1
0
1
0
-1
-1
3
5
1.2318744262185048
79
80
0
1
0
-1
-1
1
4
-0.46729870491758752
81
84
1
3
-0.50237475680606281
82
83
0
2
0
-1
-1
0
1
0
-1
-1
0
1
0
-1
-1
1
11
-0.92104686778892675
86
91
2
3
1.5938174344772453
87
88
0
1
0
-1
-1
3
2
1.2306123004710494
89
90
0
1
0
-1
-1
0
1
0
-1
-1
3
8
1.6988775335838833
92
93
0
1
0
-1
-1
1
7
-0.55050727300028923
94
101
0
5
0.91432723718652587
95
96
0
1
0
-1
-1
2
4
1.9217845698351046
97
100
2
3
1.7068471589510985
98
99
0
2
0
-1
-1
0
1
0
-1
-1
0
1
0
-1
-1
1
2
-0.28698652419704102
102
103
0
1
0
-1
-1
0
1
0
-1
-1
0
24
2.2822875732077437
105
144
2
22
-0.16683009102623686
106
111
2
3
-0.43478418593231349
107
110
3
2
-0.50848804382107626
108
109
0
1
0
-1
-1
0
1
0
-1
-1
0
1
0
-1
-1
2
19
1.1446032699652839
112
129
2
10
0.063710355795767157
113
118
0
3
1.6034525160807576
114
117
0
2
1.3418089073539947
115
116
0
1
0
-1
-1
0
1
0
-1
-1
0
1
0
-1
-1
1
7
1.2919071476048165
119
124
1
3
1.1431091297306728
120
123
1
2
0.88548973374483397
121
122
0
1
0
-1
-1
0
1
0
-1
-1
0
1
0
-1
-1
0
4
1.7936327077041547
125
128
2
3
0.19952847409652519
126
127
0
1
0
-1
-1
0
2
0
-1
-1
0
1
0
-1
-1
3
9
1.4277302531463232
130
133
3
2
1.3522734617624248
131
132
0
1
0
-1
-1
0
1
0
-1
-1
2
7
1.7204879854463944
134
137
0
2
1.2502296636035701
135
136
0
1
0
-1
-1
0
1
0
-1
-1
2
5
2.0043176266860976
138
141
1
3
0.035832611025952657
139
140
0
2
0
-1
-1
0
1
0
-1
-1
1
2
-0.56533433236528019
142
143
0
1
0
-1
-1
0
1
0
-1
-1
2
2
-0.84283009179826607
145
146
0
1
0
-1
-1
0
1
0
-1
-1
163
1
206
-0.02051848506856313
1
70
2
92
-1.1485351307310732
2
5
2
2
-1.2402238672354773
3
4
0
1
0
-1
-1
0
1
0
-1
-1
2
90
0.78669811107709786
6
35
3
37
-0.094127291031701921
7
26
2
23
-0.21711388154030375
8
21
3
20
-0.87184464654328941
9
16
2
15
-0.42858537943695441
10
13
2
12
-0.92836398964730804
11
12
0
7
0
-1
-1
0
5
0
-1
-1
1
3
-0.36398508234417765
14
15
0
1
0
-1
-1
0
2
0
-1
-1
3
5
-0.77214949481090889
17
18
0
1
0
-1
-1
2
4
-0.68810015531951119
19
20
0
3
0
-1
-1
0
1
0
-1
-1
1
3
-0.34387612642000531
22
25
1
2
-0.39271858964621781
23
24
0
1
0
-1
-1
0
1
0
-1
-1
0
1
0
-1
-1
3
14
-0.029838846792394451
27
28
0
1
0
-1
-1
3
13
0.024464965799915941
29
30
0
1
0
-1
-1
0
12
0.81000200784839305
31
34
2
11
0.71010222219291508
32
33
0
9
0
-1
-1
0
2
0
-1
-1
0
1
0
-1
-1
3
53
1.3218942501389008
36
57
0
26
0.077764094622206681
37
44
1
4
-1.6090971719843568
38
41
1
2
-1.7971987361453996
39
40
0
1
0
-1
-1
0
1
0
-1
-1
2
2
1.1295127638587683
42
43
0
1
0
-1
-1
0
1
0
-1
-1
0
22
1.0794780770313388
45
52
2
19
0.8448644167064645
46
49
3
2
0.82358744317566135
47
48
0
1
0
-1
-1
0
1
0
-1
-1
1
17
-1.5436412573103899
50
51
0
7
0
-1
-1
0
10
0
-1
-1
1
3
-0.8677016938057962
53
56
1
2
-1.0825149664757272
54
55
0
1
0
-1
-1
0
1
0
-1
-1
0
1
0
-1
-1
2
27
0.95500749630219672
58
61
1
2
-0.83896676698830541
59
60
0
1
0
-1
-1
0
1
0
-1
-1
3
25
2.2871524624707726
62
69
0
24
0.95341821637638158
63
66
3
7
1.8572305940708094
64
65
0
6
0
-1
-1
0
1
0
-1
-1
2
17
1.5670875758556944
67
68
0
6
0
-1
-1
0
11
0
-1
-1
0
1
0
-1
-1
1
114
1.7540419459784891
71
152
3
108
-0.25331367265860139
72
123
0
72
-0.93294079543380992
73
92
3
29
-1.2693501494814168
74
81
2
5
-1.8410696968957263
75
76
0
1
0
-1
-1
3
4
-1.5631230108027154
77
78
0
1
0
-1
-1
3
3
-1.299977909929432
79
80
0
2
0
-1
-1
0
1
0
-1
-1
3
24
-0.32224638083571522
82
89
1
22
0.51191491760121299
83
86
0
12
-1.6931716143917679
84
85
0
1
0
-1
-1
0
11
0
-1
-1
0
10
-1.604966644247551
87
88
0
2
0
-1
-1
0
8
0
-1
-1
2
2
-1.001181431637314
90
91
0
1
0
-1
-1
0
1
0
-1
-1
1
43
0.41340302125461309
93
108
1
20
0.20675394381247511
94
101
3
10
-0.71267847940170514
95
98
3
5
-1.2138947434820211
96
97
0
1
0
-1
-1
0
4
0
-1
-1
0
5
0.92765828815189066
99
100
0
4
0
-1
-1
0
1
0
-1
-1
2
10
-0.66647509362902668
102
105
3
7
-1.1408576217260711
103
104
0
1
0
-1
-1
0
6
0
-1
-1
1
3
0.31671311920911055
106
107
0
2
0
-1
-1
0
1
0
-1
-1
3
23
-0.86701952616271083
109
116
1
5
0.65790547879799477
110
113
1
2
0.57036061237684899
111
112
0
1
0
-1
-1
0
1
0
-1
-1
0
3
0.48693843189407893
114
115
0
2
0
-1
-1
0
1
0
-1
-1
2
18
-1.2344123313012105
117
120
0
4
-0.57636586307764337
118
119
0
3
0
-1
-1
0
1
0
-1
-1
2
14
-0.67659581109768396
121
122
0
3
0
-1
-1
0
11
0
-1
-1
1
36
1.3212452286361005
124
139
0
29
-1.5063272267942369
125
126
0
1
0
-1
-1
0
28
-0.11701824957406792
127
134
0
18
-0.22581373502015545
128
131
0
14
-0.93282933639632404
129
130
0
1
0
-1
-1
0
13
0
-1
-1
2
4
-0.60793929618815723
132
133
0
1
0
-1
-1
0
3
0
-1
-1
3
10
1.7078600079599473
135
138
1
9
0.47396202803838922
136
137
0
3
0
-1
-1
0
6
0
-1
-1
0
1
0
-1
-1
1
7
1.4288519403359448
140
145
1
3
1.4086229288558669
141
142
0
1
0
-1
-1
0
2
1.072400778573888
143
144
0
1
0
-1
-1
0
1
0
-1
-1
1
4
1.5245554494908622
146
149
3
2
0.61266078743365315
147
148
0
1
0
-1
-1
0
1
0
-1
-1
0
2
-0.054316305673529186
150
151
0
1
0
-1
-1
0
1
0
-1
-1
3
6
-0.27641503644307303
153
158
1
3
1.8506221948354917
154
157
0
2
-0.79574323911246259
155
156
0
1
0
-1
-1
0
1
0
-1
-1
0
1
0
-1
-1
1
3
2.1023653160959777
159
162
0
2
-0.4707470737399676
160
161
0
1
0
-1
-1
0
1
0
-1
-1
0
1
0
-1
-1
133
3
206
1.2392620737953453
1
94
0
175
0.37969351825318731
2
71
1
126
-0.17990560636118325
3
22
3
33
-1.4829757859893258
4
5
0
1
0
-1
-1
0
32
-0.64421567911158162
6
13
0
5
-1.4469796608251033
7
8
0
1
0
-1
-1
0
4
-1.2520541446107525
9
10
0
1
0
-1
-1
1
3
-0.38306577118277846
11
12
0
1
0
-1
-1
0
2
0
-1
-1
2
27
-0.82610969420997538
14
15
0
1
0
-1
-1
2
26
-0.47570872249900498
16
19
0
2
-0.15373577069582539
17
18
0
1
0
-1
-1
0
1
0
-1
-1
2
24
1.2245289858272868
20
21
0
20
0
-1
-1
0
4
0
-1
-1
3
93
-0.19585583980786958
23
52
3
68
-0.64862692187254867
24
39
1
44
0.65027592723422944
25
32
3
33
-1.2522545751113454
26
29
0
11
-1.2787242961626091
27
28
0
7
0
-1
-1
0
4
0
-1
-1
1
22
0.41506818608890395
30
31
0
20
0
-1
-1
0
2
0
-1
-1
0
11
-0.43820148937141479
33
36
1
8
1.6991916276353289
34
35
0
7
0
-1
-1
0
1
0
-1
-1
2
3
-1.3410591118169914
37
38
0
1
0
-1
-1
0
2
0
-1
-1
2
24
-0.31792384784555727
40
47
1
20
0.74835830996383612
41
44
2
11
-0.74525252355579841
42
43
0
9
0
-1
-1
0
2
0
-1
-1
0
9
-1.1365379666621616
45
46
0
4
0
-1
-1
0
5
0
-1
-1
0
4
0.12624650569836582
48
51
1
3
1.2353299989784816
49
50
0
2
0
-1
-1
0
1
0
-1
-1
0
1
0
-1
-1
3
25
-0.16994649267564466
53
58
2
3
-0.2225865614929417
54
57
1
2
0.29665984891523389
55
56
0
1
0
-1
-1
0
1
0
-1
-1
0
1
0
-1
-1
3
22
0.12338045845687863
59
64
1
10
0.66604551830848779
60
61
0
1
0
-1
-1
2
9
-0.51718547271225457
62
63
0
5
0
-1
-1
0
4
0
-1
-1
3
12
0.50876895843220415
65
68
0
6
-0.90630123436514154
66
67
0
1
0
-1
-1
0
5
0
-1
-1
3
6
0.7404269579455065
69
70
0
5
0
-1
-1
0
1
0
-1
-1
2
49
1.5560506651321733
72
93
3
48
-1.442052750632576
73
74
0
1
0
-1
-1
0
47
2.0580282452137957
75
90
3
45
-0.34599190768607779
76
83
2
19
-0.36029496578278597
77
80
1
11
1.1356003065864537
78
79
0
9
0
-1
-1
0
2
0
-1
-1
3
8
-0.71266178551012838
81
82
0
3
0
-1
-1
0
5
0
-1
-1
1
26
-0.4061475662428855
84
87
1
13
-1.0601250854720907
85
86
0
12
0
-1
-1
0
1
0
-1
-1
3
13
0.31465353078050129
88
89
0
11
0
-1
-1
0
2
0
-1
-1
1
2
0.39636187699994369
91
92
0
1
0
-1
-1
0
1
0
-1
-1
0
1
0
-1
-1
1
31
-1.3640542225387395
95
102
0
4
1.2101754637742408
96
101
3
3
1.9795237137654305
97
100
2
2
1.1331000117483636
98
99
0
1
0
-1
-1
0
1
0
-1
-1
0
1
0
-1
-1
0
1
0
-1
-1
0
27
2.3755105618068137
103
132
0
26
1.7947559151198311
104
129
0
24
1.1340323502292038
105
118
0
17
0.68141606705701574
106
111
1
4
-0.15167778918271901
107
110
2
3
1.5098514006885333
108
109
0
2
0
-1
-1
0
1
0
-1
-1
0
1
0
-1
-1
2
13
1.1814922852984719
112
115
3
2
1.5020566906916961
113
114
0
1
0
-1
-1
0
1
0
-1
-1
1
11
-0.98017114980110864
116
117
0
3
0
-1
-1
0
8
0
-1
-1
3
7
1.6288778945439479
119
124
3
3
1.3188024327476899
120
121
0
1
0
-1
-1
0
2
1.5063355709046178
122
123
0
1
0
-1
-1
0
1
0
-1
-1
0
4
1.3157599251334555
125
128
2
3
1.6868411907721828
126
127
0
2
0
-1
-1
0
1
0
-1
-1
0
1
0
-1
-1
0
2
2.0514358931119085
130
131
0
1
0
-1
-1
0
1
0
-1
-1
0
1
0
-1
-1
95
2
206
1.8910906824603582
1
74
0
195
2.4290807275110611
2
73
3
194
0.36577835307570994
3
36
1
135
1.7571091795295508
4
25
1
129
-1.0678815474736134
5
16
0
8
-0.017814733639216485
6
9
2
2
0.60050758926589021
7
8
0
1
0
-1
-1
0
1
0
-1
-1
0
6
0.13147656329702398
10
13
0
2
0.026982000973640403
11
12
0
1
0
-1
-1
0
1
0
-1
-1
2
4
0.95293975999323888
14
15
0
3
0
-1
-1
0
1
0
-1
-1
0
121
1.8416066748430702
17
24
1
120
-0.45543473396655187
18
21
2
2
-0.48032051062666503
19
20
0
1
0
-1
-1
0
1
0
-1
-1
0
118
-1.6268284841863132
22
23
0
6
0
-1
-1
0
112
0
-1
-1
0
1
0
-1
-1
1
6
1.987990525025549
26
31
0
3
-0.72770936045628365
27
30
2
2
-0.71508568743800849
28
29
0
1
0
-1
-1
0
1
0
-1
-1
0
1
0
-1
-1
2
3
-0.38153320739033797
32
35
3
2
-0.25787724687851921
33
34
0
1
0
-1
-1
0
1
0
-1
-1
0
1
0
-1
-1
3
59
1.2816371239279276
37
60
2
39
0.29325835449198689
38
45
3
7
0.41260461189922532
39
40
0
1
0
-1
-1
1
6
0.38051329703937997
41
42
0
1
0
-1
-1
0
5
-0.44939445799919936
43
44
0
3
0
-1
-1
0
2
0
-1
-1
3
32
0.57292769722472303
46
53
1
4
0.87274384253637027
47
50
0
2
0.14854910275664029
48
49
0
1
0
-1
-1
0
1
0
-1
-1
3
2
0.4074894093663618
51
52
0
1
0
-1
-1
0
1
0
-1
-1
1
28
-1.0839711959962872
54
57
0
23
-0.19449129547837429
55
56
0
3
0
-1
-1
0
20
0
-1
-1
0
5
0.096505755356003517
58
59
0
1
0
-1
-1
0
4
0
-1
-1
3
20
2.112565630994248
61
72
1
19
-0.91551033188782771
62
67
3
8
1.3801073169984848
63
64
0
1
0
-1
-1
1
7
-1.2991410741426384
65
66
0
3
0
-1
-1
0
4
0
-1
-1
1
11
0.00021676891030086853
68
71
1
10
-0.51452456001841385
69
70
0
9
0
-1
-1
0
1
0
-1
-1
0
1
0
-1
-1
0
1
0
-1
-1
0
1
0
-1
-1
1
11
-0.50970026762881526
75
84
2
5
2.0678732632517813
76
81
1
3
-0.81065861860615973
77
78
0
1
0
-1
-1
3
2
2.1372254691418755
79
80
0
1
0
-1
-1
0
1
0
-1
-1
3
2
2.0830227376260506
82
83
0
1
0
-1
-1
0
1
0
-1
-1
2
6
1.9902091157795856
85
90
1
3
0.030134711436705222
86
89
3
2
1.7635083399548375
87
88
0
1
0
-1
-1
0
1
0
-1
-1
0
1
0
-1
-1
3
3
1.9606162129414439
91
94
1
2
-0.44045985499490636
92
93
0
1
0
-1
-1
0
1
0
-1
-1
0
1
0
-1
-1
131
3
206
0.8586516377971567
1
96
3
165
0.46939758724797342
2
79
2
140
-0.77118566398621735
3
30
1
45
0.53827207836706126
4
15
2
31
-0.86594947660634425
5
14
0
30
2.3623220456451426
6
13
2
29
-1.2027978734367406
7
10
2
6
-1.3670039584534703
8
9
0
3
0
-1
-1
0
3
0
-1
-1
2
23
-1.1207222541261401
11
12
0
1
0
-1
-1
0
22
0
-1
-1
0
1
0
-1
-1
0
1
0
-1
-1
0
14
-0.23766380372575635
16
29
3
13
-0.32920483760195052
17
24
3
10
-0.5840912528478579
18
21
3
6
-0.82078559042830646
19
20
0
3
0
-1
-1
0
3
0
-1
-1
1
4
0.90442577240402744
22
23
0
3
0
-1
-1
0
1
0
-1
-1
3
3
-0.14340813665740054
25
28
1
2
0.95502025515125777
26
27
0
1
0
-1
-1
0
1
0
-1
-1
0
1
0
-1
-1
0
1
0
-1
-1
1
95
0.39634876066817259
31
60
0
41
-0.21687823091692593
32
45
0
17
-0.80830179606677821
33
40
2
12
-0.53579365015241187
34
37
1
7
-0.28521738449995504
35
36
0
1
0
-1
-1
0
6
0
-1
-1
0
5
-1.2112952395210845
38
39
0
3
0
-1
-1
0
2
0
-1
-1
2
5
-0.49933326636341557
41
44
3
4
-0.86362010294978098
42
43
0
1
0
-1
-1
0
3
0
-1
-1
0
1
0
-1
-1
3
24
-0.4287540040604334
46
53
0
13
0.33903119281016453
47
50
0
4
0.24691545026437925
48
49
0
1
0
-1
-1
0
3
0
-1
-1
0
9
0.85127254630918969
51
52
0
7
0
-1
-1
0
2
0
-1
-1
3
11
0.05954267571868016
54
57
0
5
0.4395324790855174
55
56
0
4
0
-1
-1
0
1
0
-1
-1
1
6
-1.9011327362996127
58
59
0
2
0
-1
-1
0
4
0
-1
-1
3
54
0.39805079640227192
61
76
2
52
-0.32899194968944073
62
69
0
27
-1.310629621045905
63
66
3
3
-0.79154576213030825
64
65
0
1
0
-1
-1
0
2
0
-1
-1
0
24
-0.55575309606006473
67
68
0
13
0
-1
-1
0
11
0
-1
-1
1
25
0.50990143615658179
70
73
3
2
-0.15230369641426558
71
72
0
1
0
-1
-1
0
1
0
-1
-1
0
23
0.82163917483186033
74
75
0
8
0
-1
-1
0
15
0
-1
-1
1
2
1.4330220811656493
77
78
0
1
0
-1
-1
0
1
0
-1
-1
2
25
1.2091944436482849
80
93
3
23
0.49885063744958558
81
82
0
1
0
-1
-1
2
22
-0.75477257333519365
83
84
0
1
0
-1
-1
2
21
-0.48923125513408322
85
86
0
1
0
-1
-1
1
20
0.37814652360328638
87
90
1
17
-0.37553617870814904
88
89
0
16
0
-1
-1
0
1
0
-1
-1
3
3
0.65421270174156299
91
92
0
1
0
-1
-1
0
2
0
-1
-1
0
2
0.3167496799762935
94
95
0
1
0
-1
-1
0
1
0
-1
-1
0
41
2.3310376399791175
97
130
2
40
0.47500521448915595
98
99
0
1
0
-1
-1
2
39
1.8445254292627471
100
115
3
29
1.9289083613142401
101
108
1
25
-0.26674398931513221
102
107
3
24
1.8360859537470535
103
106
3
23
1.3195045428728551
104
105
0
10
0
-1
-1
0
13
0
-1
-1
0
1
0
-1
-1
0
1
0
-1
-1
0
4
1.1085389725504529
109
114
2
3
0.98547623017782027
110
111
0
1
0
-1
-1
1
2
-0.86875210589792817
112
113
0
1
0
-1
-1
0
1
0
-1
-1
0
1
0
-1
-1
1
10
-0.6837628861467131
116
119
0
2
0.99154302403632966
117
118
0
1
0
-1
-1
0
1
0
-1
-1
2
8
2.0802969232408541
120
125
2
4
1.9896197748022322
121
124
1
3
-0.028330280953957052
122
123
0
2
0
-1
-1
0
1
0
-1
-1
0
1
0
-1
-1
0
4
0.91381951522595628
126
127
0
1
0
-1
-1
3
3
1.9670022514448844
128
129
0
2
0
-1
-1
0
1
0
-1
-1
0
1
0
-1
-1
175
2
206
0.29665585719114951
1
80
0
129
-1.2309716271989344
2
41
1
25
-0.16810772869837076
3
12
1
5
-0.34699771041359229
4
7
2
2
-0.96021570666379485
5
6
0
1
0
-1
-1
0
1
0
-1
-1
2
3
-0.86399366635418262
8
11
3
2
-1.3358483898128339
9
10
0
1
0
-1
-1
0
1
0
-1
-1
0
1
0
-1
-1
3
20
-0.778902155261604
13
30
0
14
-1.2824744829944508
14
29
1
13
0.1936229710877671
15
22
3
6
-1.1338530080767542
16
19
3
4
-1.6766280318414513
17
18
0
1
0
-1
-1
0
3
0
-1
-1
3
2
-1.0259059692132335
20
21
0
1
0
-1
-1
0
1
0
-1
-1
3
7
-1.2013755060029461
23
26
3
2
-1.5021591781822159
24
25
0
1
0
-1
-1
0
1
0
-1
-1
1
5
0.37796318428352621
27
28
0
3
0
-1
-1
0
2
0
-1
-1
0
1
0
-1
-1
1
6
1.1179283659112496
31
40
1
5
0.47864032466048223
32
35
1
2
0.10149427106494514
33
34
0
1
0
-1
-1
0
1
0
-1
-1
2
3
-0.78482134638475443
36
39
0
2
-1.545747579304406
37
38
0
1
0
-1
-1
0
1
0
-1
-1
0
1
0
-1
-1
0
1
0
-1
-1
1
104
1.9539239237085559
42
75
3
101
-1.8384003119276626
43
44
0
1
0
-1
-1
3
100
-0.46122119891299018
45
60
0
57
0.075616342468144193
46
53
3
34
-0.76436906909295887
47
50
1
21
0.69263062501275685
48
49
0
16
0
-1
-1
0
5
0
-1
-1
1
13
1.2088388410866997
51
52
0
12
0
-1
-1
0
1
0
-1
-1
1
23
0.38662704035333478
54
57
2
15
-1.0659419424270644
55
56
0
2
0
-1
-1
0
13
0
-1
-1
0
8
1.070518436438221
58
59
0
2
0
-1
-1
0
6
0
-1
-1
2
43
-0.96398955086505123
61
68
1
6
0.88151925327350145
62
65
2
3
-1.1606767004395906
63
64
0
1
0
-1
-1
0
2
0
-1
-1
2
3
-1.2070649792480459
66
67
0
1
0
-1
-1
0
2
0
-1
-1
2
37
-0.13010286125053416
69
72
3
25
0.29796569682271296
70
71
0
20
0
-1
-1
0
5
0
-1
-1
1
12
1.0840602330568334
73
74
0
6
0
-1
-1
0
6
0
-1
-1
0
3
-0.65019929893714934
76
79
2
2
-0.35628564428738385
77
78
0
1
0
-1
-1
0
1
0
-1
-1
0
1
0
-1
-1
3
77
1.9677084752299048
81
164
2
71
0.90912214169975769
82
119
1
26
-0.90296306012591754
83
104
2
16
0.77723341049605277
84
99
0
13
0.065917918237582529
85
92
0
6
-0.24098771313989284
86
89
1
2
-1.5125922939198051
87
88
0
1
0
-1
-1
0
1
0
-1
-1
3
4
0.64640786281792573
90
91
0
3
0
-1
-1
0
1
0
-1
-1
1
7
-1.614973017759884
93
96
1
2
-1.8808642517571004
94
95
0
1
0
-1
-1
0
1
0
-1
-1
3
5
1.0096369612208047
97
98
0
4
0
-1
-1
0
1
0
-1
-1
0
3
0.46995778853681908
100
103
2
2
0.82408175018514151
101
102
0
1
0
-1
-1
0
1
0
-1
-1
0
1
0
-1
-1
2
10
0.73616331903503807
105
116
3
8
0.27811231893394772
106
111
0
5
1.7525259139853919
107
110
2
4
0.50671066009502241
108
109
0
2
0
-1
-1
0
2
0
-1
-1
0
1
0
-1
-1
1
3
1.1920494228641323
112
113
0
1
0
-1
-1
0
2
1.6302993785075262
114
115
0
1
0
-1
-1
0
1
0
-1
-1
3
2
1.2562064674082316
117
118
0
1
0
-1
-1
0
1
0
-1
-1
0
45
1.0342353585896311
120
143
3
29
1.6411074756792783
121
136
1
25
-1.5059570176448314
122
129
2
10
1.3043987676675584
123
126
0
8
0.27103328448619646
124
125
0
3
0
-1
-1
0
5
0
-1
-1
2
2
1.3260477244668927
127
128
0
1
0
-1
-1
0
1
0
-1
-1
3
15
1.3653542449998675
130
133
2
12
1.4088174712871528
131
132
0
11
0
-1
-1
0
1
0
-1
-1
0
3
0.65075173917710682
134
135
0
1
0
-1
-1
0
2
0
-1
-1
3
4
1.8838378497627386
137
142
2
3
1.8207974457469613
138
141
3
2
1.8516214801428887
139
140
0
1
0
-1
-1
0
1
0
-1
-1
0
1
0
-1
-1
0
1
0
-1
-1
3
16
1.4848069230232963
144
151
1
4
-1.0479762563825856
145
150
2
3
1.6842157753738021
146
149
1
2
-1.4429032624316041
147
148
0
1
0
-1
-1
0
1
0
-1
-1
0
1
0
-1
-1
0
1
0
-1
-1
2
12
1.3870148139842613
152
157
2
3
1.316862747790418
153
156
0
2
1.1122741518021821
154
155
0
1
0
-1
-1
0
1
0
-1
-1
0
1
0
-1
-1
1
9
-0.10799669666143052
158
161
2
7
1.9704789422507998
159
160
0
5
0
-1
-1
0
2
0
-1
-1
3
2
1.6737889048526438
162
163
0
1
0
-1
-1
0
1
0
-1
-1
1
6
-1.2991219524631186
165
166
0
1
0
-1
-1
0
5
2.8118215138575469
167
174
2
4
2.0261035754236394
168
171
0
2
1.0207539534699586
169
170
0
1
0
-1
-1
0
1
0
-1
-1
0
2
1.7310066387679592
172
173
0
1
0
-1
-1
0
1
0
-1
-1
0
1
0
-1
-1
123
1
206
-1.4909582428523469
1
44
3
22
0.80813511310054287
2
33
3
16
0.1143619596721875
3
8
1
3
-1.891814671667905
4
5
0
1
0
-1
-1
3
2
-0.10325857232187678
6
7
0
1
0
-1
-1
0
1
0
-1
-1
3
13
0.39106880490330692
9
16
2
4
0.71651590254489639
10
13
0
2
0.079985245652608589
11
12
0
1
0
-1
-1
0
1
0
-1
-1
1
2
-1.6897313213505676
14
15
0
1
0
-1
-1
0
1
0
-1
-1
0
9
0.30131938388617607
17
26
3
5
0.57020429911189929
18
19
0
1
0
-1
-1
3
4
0.65426823958729863
20
23
0
2
0.051851045604332624
21
22
0
1
0
-1
-1
0
1
0
-1
-1
2
2
0.99412609121579965
24
25
0
1
0
-1
-1
0
1
0
-1
-1
0
4
0.42115419996621761
27
32
1
3
-1.6921077467129806
28
29
0
1
0
-1
-1
3
2
0.60385413237398933
30
31
0
1
0
-1
-1
0
1
0
-1
-1
0
1
0
-1
-1
2
6
1.1876472894736299
34
41
2
4
0.98589837541840586
35
38
3
2
0.87784595612214422
36
37
0
1
0
-1
-1
0
1
0
-1
-1
0
2
0.15538068962195234
39
40
0
1
0
-1
-1
0
1
0
-1
-1
0
2
1.1482947619901296
42
43
0
1
0
-1
-1
0
1
0
-1
-1
2
184
-1.3853900634781784
45
62
1
9
0.89520720481152449
46
61
3
8
-1.2221582240353071
47
48
0
1
0
-1
-1
2
7
-1.6190775927214303
49
50
0
1
0
-1
-1
1
6
0.40937796274472776
51
56
3
3
-0.68698775925422628
52
53
0
1
0
-1
-1
2
2
-1.4564225652488907
54
55
0
1
0
-1
-1
0
1
0
-1
-1
3
3
-0.63933824495533986
57
58
0
1
0
-1
-1
0
2
-0.65845332816242785
59
60
0
1
0
-1
-1
0
1
0
-1
-1
0
1
0
-1
-1
2
175
0.25557487887668229
63
104
0
120
-1.0935730747467005
64
83
1
33
1.0764108434925084
65
80
1
31
0.36497372842498266
66
73
0
20
-1.2813639443303066
67
70
1
14
0.34287227987637614
68
69
0
12
0
-1
-1
0
2
0
-1
-1
3
6
-1.2328236947903441
71
72
0
2
0
-1
-1
0
4
0
-1
-1
1
11
0.51817002407081125
74
77
2
4
-0.85674009756603364
75
76
0
2
0
-1
-1
0
2
0
-1
-1
0
7
-1.4408788677618503
78
79
0
3
0
-1
-1
0
4
0
-1
-1
2
2
-0.84233907315382717
81
82
0
1
0
-1
-1
0
1
0
-1
-1
2
87
-1.1221065714133667
84
89
2
3
-1.2351620567853279
85
88
0
2
-0.57859677410319554
86
87
0
1
0
-1
-1
0
1
0
-1
-1
0
1
0
-1
-1
2
84
-0.51769228970502768
90
97
0
44
-0.42740887877880507
91
94
0
25
-0.83417974966113684
92
93
0
10
0
-1
-1
0
15
0
-1
-1
3
19
-0.71267037296835967
95
96
0
9
0
-1
-1
0
10
0
-1
-1
3
40
0.63426628995142575
98
101
3
37
-0.68272812856050613
99
100
0
9
0
-1
-1
0
28
0
-1
-1
0
3
-0.34434666830686134
102
103
0
1
0
-1
-1
0
2
0
-1
-1
0
55
2.7445370032902936
105
122
3
54
2.2322678813862469
106
121
0
53
1.4306660422337434
107
114
2
45
1.9719434749677316
108
111
3
41
0.24924197600910603
109
110
0
4
0
-1
-1
0
37
0
-1
-1
2
4
2.0492363340267374
112
113
0
1
0
-1
-1
0
3
0
-1
-1
0
8
1.8655201747250418
115
118
0
5
1.6540528434751867
116
117
0
4
0
-1
-1
0
1
0
-1
-1
0
3
2.0165086913837436
119
120
0
1
0
-1
-1
0
2
0
-1
-1
0
1
0
-1
-1
0
1
0
-1
-1
165
1
206
-1.1782191052715199
1
64
3
33
0.7784818785785399
2
37
1
19
-2.0090735450368129
3
4
0
1
0
-1
-1
1
18
-1.655301182678669
5
20
0
8
-0.48108581376730397
6
7
0
1
0
-1
-1
3
7
0.24554303777372463
8
13
3
3
0.085001391961806116
9
12
3
2
-0.037455052796263932
10
11
0
1
0
-1
-1
0
1
0
-1
-1
0
1
0
-1
-1
1
4
-1.7879551778555776
14
17
0
2
0.53212709911513634
15
16
0
1
0
-1
-1
0
1
0
-1
-1
2
2
0.53037309084679241
18
19
0
1
0
-1
-1
0
1
0
-1
-1
2
10
0.69656942011733369
21
28
2
4
0.64332758418389191
22
25
0
2
-0.18538200936660471
23
24
0
1
0
-1
-1
0
1
0
-1
-1
1
2
-1.4233609474034874
26
27
0
1
0
-1
-1
0
1
0
-1
-1
2
6
1.3672011022424275
29
36
1
5
-1.5040944194827239
30
33
1
3
-1.5543470014490282
31
32
0
2
0
-1
-1
0
1
0
-1
-1
1
2
-1.4459971802909986
34
35
0
1
0
-1
-1
0
1
0
-1
-1
0
1
0
-1
-1
2
14
0.89109630495355718
38
49
1
6
-1.5571022087053725
39
42
3
2
0.87339912251023244
40
41
0
1
0
-1
-1
0
1
0
-1
-1
0
4
0.54355642233858048
43
48
2
3
0.61928047201315151
44
47
2
2
0.48266191248513252
45
46
0
1
0
-1
-1
0
1
0
-1
-1
0
1
0
-1
-1
0
1
0
-1
-1
2
8
1.1414555469730565
50
57
3
4
1.4447714885917944
51
56
0
3
0.14595699064341019
52
53
0
1
0
-1
-1
3
2
1.025387408257562
54
55
0
1
0
-1
-1
0
1
0
-1
-1
0
1
0
-1
-1
2
4
1.2197706537550836
58
59
0
1
0
-1
-1
0
3
1.248819815253251
60
63
0
2
0.72217023773756783
61
62
0
1
0
-1
-1
0
1
0
-1
-1
0
1
0
-1
-1
3
173
1.4938619282743393
65
126
3
152
-0.20522286828469061
66
89
3
102
-1.7527505283714577
67
68
0
1
0
-1
-1
3
101
-1.1608979988233838
69
82
1
19
-0.072833271057103133
70
77
3
7
-1.4137369405955891
71
74
0
4
-1.0255406541095811
72
73
0
3
0
-1
-1
0
1
0
-1
-1
0
3
-0.9880840803755544
75
76
0
1
0
-1
-1
0
2
0
-1
-1
0
12
-0.56248841475865996
78
81
1
11
0.11525913093983005
79
80
0
4
0
-1
-1
0
7
0
-1
-1
0
1
0
-1
-1
2
82
0.48481515675770681
83
88
1
81
1.9639486782756979
84
87
0
80
2.1639089345572637
85
86
0
79
0
-1
-1
0
1
0
-1
-1
0
1
0
-1
-1
0
1
0
-1
-1
1
50
1.5092624808807373
90
117
1
45
-0.1156289781612998
91
104
1
14
-1.0515190553264548
92
97
2
7
1.3915747408400012
93
96
1
6
-1.0978366433041169
94
95
0
4
0
-1
-1
0
2
0
-1
-1
0
1
0
-1
-1
1
7
-0.8867089878286849
98
101
2
2
1.4778867081742149
99
100
0
1
0
-1
-1
0
1
0
-1
-1
1
5
-0.74445508486132916
102
103
0
4
0
-1
-1
0
1
0
-1
-1
2
31
0.55156699190665104
105
112
2
28
-0.2186438970879393
106
109
1
17
0.59170831176267424
107
108
0
5
0
-1
-1
0
12
0
-1
-1
3
11
-0.054802343025825762
110
111
0
5
0
-1
-1
0
6
0
-1
-1
2
3
0.70758405695071602
113
114
0
1
0
-1
-1
2
2
1.0441932914328325
115
116
0
1
0
-1
-1
0
1
0
-1
-1
1
5
1.849220640798964
118
121
0
2
-0.29849397193428007
119
120
0
1
0
-1
-1
0
1
0
-1
-1
0
3
1.359269660459691
122
125
1
2
2.1078709106172666
123
124
0
1
0
-1
-1
0
1
0
-1
-1
0
1
0
-1
-1
1
21
-0.82865658656042229
127
136
3
5
1.7016060434939766
128
131
2
2
1.8658696035985072
129
130
0
1
0
-1
-1
0
1
0
-1
-1
3
3
1.7687007321194885
132
135
0
2
1.1396517337270411
133
134
0
1
0
-1
-1
0
1
0
-1
-1
0
1
0
-1
-1
2
16
1.8082811407259585
137
148
0
6
0.88227670792161117
138
141
2
2
1.2068705750746904
139
140
0
1
0
-1
-1
0
1
0
-1
-1
3
4
1.7599596598038085
142
145
0
2
1.0945146991649941
143
144
0
1
0
-1
-1
0
1
0
-1
-1
0
2
1.0042452126893535
146
147
0
1
0
-1
-1
0
1
0
-1
-1
3
10
2.1154956959996625
149
160
2
7
1.9974126349433028
150
155
1
3
0.037027110240092434
151
154
0
2
1.78502867981127
152
153
0
1
0
-1
-1
0
1
0
-1
-1
0
1
0
-1
-1
1
4
-0.43464373478101448
156
159
0
3
0.93667522250501367
157
158
0
1
0
-1
-1
0
2
0
-1
-1
0
1
0
-1
-1
1
3
-0.32202031498458966
161
164
1
2
-0.6876831329370926
162
163
0
1
0
-1
-1
0
1
0
-1
-1
0
1
0
-1
-1
123
2
206
0.57601636423053959
1
62
3
139
0.65960580601918273
2
55
3
135
-1.4457006393053606
3
16
3
7
-1.5392564973054623
4
11
2
4
-1.0918178620591752
5
6
0
1
0
-1
-1
0
3
-0.1764413479767295
7
8
0
1
0
-1
-1
3
2
-1.7893625606712615
9
10
0
1
0
-1
-1
0
1
0
-1
-1
1
3
-0.26055590905745735
12
13
0
1
0
-1
-1
2
2
-0.94982510935980868
14
15
0
1
0
-1
-1
0
1
0
-1
-1
3
128
-1.2053975435494597
17
34
0
10
-1.2173756959156932
18
27
0
5
-1.5286531891939172
19
20
0
1
0
-1
-1
0
4
-1.4086689232314304
21
24
1
2
0.039978925979408358
22
23
0
1
0
-1
-1
0
1
0
-1
-1
1
2
0.078998016080505523
25
26
0
1
0
-1
-1
0
1
0
-1
-1
3
5
-1.4273630400285993
28
29
0
1
0
-1
-1
0
4
-0.93788046975397354
30
31
0
1
0
-1
-1
2
3
-1.1262254611850606
32
33
0
1
0
-1
-1
0
2
0
-1
-1
1
118
-0.85312402861591741
35
40
0
3
-0.028911592896033317
36
39
3
2
0.48490804932117915
37
38
0
1
0
-1
-1
0
1
0
-1
-1
0
1
0
-1
-1
3
115
-0.59392641623597286
41
48
2
52
-0.14964431445687887
42
45
0
50
1.5421558492277978
43
44
0
49
0
-1
-1
0
1
0
-1
-1
1
2
-0.29591388881644409
46
47
0
1
0
-1
-1
0
1
0
-1
-1
1
63
0.37916094635397996
49
52
3
10
0.40084045600812057
50
51
0
9
0
-1
-1
0
1
0
-1
-1
2
53
-1.089453771841093
53
54
0
6
0
-1
-1
0
47
0
-1
-1
1
4
1.4340377538606048
56
61
1
3
-0.82267834879880075
57
58
0
1
0
-1
-1
3
2
1.3643894089226185
59
60
0
1
0
-1
-1
0
1
0
-1
-1
0
1
0
-1
-1
1
67
-1.8486918595887594
63
70
2
4
0.93664505257680841
64
67
0
2
0.21652403514767071
65
66
0
1
0
-1
-1
0
1
0
-1
-1
0
2
-0.16395897688550826
68
69
0
1
0
-1
-1
0
1
0
-1
-1
1
63
-0.96834979120962639
71
102
3
37
1.3161456420072633
72
91
0
27
0.9632360213983201
73
86
1
24
-1.6656561065883875
74
79
2
5
1.1529889728367784
75
78
3
4
0.42766643389748427
76
77
0
2
0
-1
-1
0
2
0
-1
-1
0
1
0
-1
-1
1
19
-1.4217906451696203
80
83
3
12
0.65094153093941876
81
82
0
4
0
-1
-1
0
8
0
-1
-1
1
7
-1.309568820250971
84
85
0
3
0
-1
-1
0
4
0
-1
-1
2
3
1.1960369468396896
87
90
3
2
1.0152442486272257
88
89
0
1
0
-1
-1
0
1
0
-1
-1
0
1
0
-1
-1
0
10
0.42132976971373853
92
93
0
1
0
-1
-1
0
9
1.1722759341128484
94
99
2
7
1.6586586544351924
95
98
3
6
2.1297879012262539
96
97
0
5
0
-1
-1
0
1
0
-1
-1
0
1
0
-1
-1
2
2
1.5881831595864084
100
101
0
1
0
-1
-1
0
1
0
-1
-1
1
26
0.86839386111546357
103
118
0
23
0.39938602260528311
104
109
3
3
1.273874079731915
105
108
0
2
0.13529874665709019
106
107
0
1
0
-1
-1
0
1
0
-1
-1
0
1
0
-1
-1
2
20
0.88575588442543207
110
111
0
1
0
-1
-1
1
19
-0.27660066294217101
112
115
0
14
1.3019269119592827
113
114
0
11
0
-1
-1
0
3
0
-1
-1
0
5
2.0646047561303349
116
117
0
3
0
-1
-1
0
2
0
-1
-1
1
3
1.2456652356875908
119
122
0
2
0.9359620845373321
120
121
0
1
0
-1
-1
0
1
0
-1
-1
0
1
0
-1
-1
41
3
206
-1.7778819585620917
1
2
0
1
0
-1
-1
3
205
-1.6409137962491998
3
8
0
3
-1.5424216957770887
4
5
0
1
0
-1
-1
3
2
-1.6859512860269481
6
7
0
1
0
-1
-1
0
1
0
-1
-1
0
202
2.5260860878737397
9
38
1
200
1.8886516638649611
10
31
0
196
-1.7546873945074508
11
16
2
3
-0.94679699228568914
12
13
0
1
0
-1
-1
3
2
-0.77488106259909817
14
15
0
1
0
-1
-1
0
1
0
-1
-1
0
193
0.30351107646262476
17
24
0
112
-0.64181796669367319
18
21
2
61
-0.89162013641646443
19
20
0
30
0
-1
-1
0
31
0
-1
-1
3
51
1.3614750745446038
22
23
0
50
0
-1
-1
0
1
0
-1
-1
0
81
1.7402977717887085
25
28
2
78
1.5230414228402083
26
27
0
64
0
-1
-1
0
14
0
-1
-1
0
3
2.1473094334779796
29
30
0
2
0
-1
-1
0
1
0
-1
-1
3
4
-0.49543512992804478
32
33
0
1
0
-1
-1
3
3
0.025886149477555381
34
37
0
2
-0.58644814100233411
35
36
0
1
0
-1
-1
0
1
0
-1
-1
0
1
0
-1
-1
0
2
2.5509376741447487
39
40
0
1
0
-1
-1
0
1
0
-1
-1
109
2
206
0.3664912821369728
1
76
1
132
0.65195991797084318
2
31
2
75
0.1256797655829025
3
30
3
74
0.29195001001407417
4
27
1
72
0.25429364852717207
5
20
1
42
-0.30953965426661051
6
13
0
10
0.040386075948052991
7
10
2
7
-0.90707510182157591
8
9
0
4
0
-1
-1
0
3
0
-1
-1
1
3
-0.33768387463839961
11
12
0
1
0
-1
-1
0
2
0
-1
-1
1
32
-0.020463927906280321
14
17
2
15
-0.8526645287400918
15
16
0
7
0
-1
-1
0
8
0
-1
-1
0
17
0.081944808546862369
18
19
0
11
0
-1
-1
0
6
0
-1
-1
2
30
-1.5316964298120292
21
22
0
1
0
-1
-1
3
29
-0.11744090733936385
23
26
1
28
0.47637019843072026
24
25
0
23
0
-1
-1
0
5
0
-1
-1
0
1
0
-1
-1
3
2
0.44314328389514313
28
29
0
1
0
-1
-1
0
1
0
-1
-1
0
1
0
-1
-1
1
57
1.572559664009344
32
61
2
48
-2.0320930470992442
33
34
0
1
0
-1
-1
3
47
-0.32649157779556803
35
50
0
21
-1.0743063344394566
36
43
1
7
1.0360411153176559
37
40
3
5
-0.53234380341234722
38
39
0
3
0
-1
-1
0
2
0
-1
-1
3
2
-1.129605554490408
41
42
0
1
0
-1
-1
0
1
0
-1
-1
1
14
0.7995664084204287
44
47
3
8
-0.83009166586903382
45
46
0
2
0
-1
-1
0
6
0
-1
-1
2
6
-0.12979839499212714
48
49
0
5
0
-1
-1
0
1
0
-1
-1
2
26
-0.995387512968406
51
54
0
2
-0.61810618015263041
52
53
0
1
0
-1
-1
0
1
0
-1
-1
2
24
-0.15895223513517343
55
58
0
13
0.41504083144709636
56
57
0
12
0
-1
-1
0
1
0
-1
-1
1
11
0.85509704209087567
59
60
0
3
0
-1
-1
0
8
0
-1
-1
2
9
-0.53504429089424366
62
71
3
6
0.36650459034914551
63
70
3
5
0.019796087698413567
64
69
0
4
-0.94979270464765586
65
66
0
1
0
-1
-1
2
3
-0.72406060653411297
67
68
0
1
0
-1
-1
0
2
0
-1
-1
0
1
0
-1
-1
0
1
0
-1
-1
2
3
-0.24398962713492336
72
75
2
2
-0.44529583358335934
73
74
0
1
0
-1
-1
0
1
0
-1
-1
0
1
0
-1
-1
0
74
-0.45888106029373987
77
78
0
1
0
-1
-1
3
73
2.3492483341722727
79
108
0
72
1.8563146190924362
80
103
3
69
2.0138955683304953
81
96
2
65
1.2549605853087835
82
89
3
43
0.76619565240250698
83
86
1
24
-1.4940689891825643
84
85
0
13
0
-1
-1
0
11
0
-1
-1
3
19
1.3936841981644079
87
88
0
12
0
-1
-1
0
7
0
-1
-1
2
22
1.7272171263106562
90
93
0
14
-0.016319739989511133
91
92
0
1
0
-1
-1
0
13
0
-1
-1
2
8
1.9510575336510079
94
95
0
6
0
-1
-1
0
2
0
-1
-1
3
4
2.0968810848318093
97
100
0
2
0.87805176783893413
98
99
0
1
0
-1
-1
0
1
0
-1
-1
1
2
-0.8704851643931425
101
102
0
1
0
-1
-1
0
1
0
-1
-1
3
3
1.8948437268764446
104
107
2
2
1.8526100151525791
105
106
0
1
0
-1
-1
0
1
0
-1
-1
0
1
0
-1
-1
0
1
0
-1
-1
179
2
206
0.92568242117965127
1
104
2
156
0.47149216027966023
2
71
0
135
0.29615482818253347
3
36
1
98
-1.38655885786961
4
5
0
1
0
-1
-1
1
97
1.2328259615507573
6
21
3
88
-1.2203859857763404
7
14
3
16
-1.4360361062148463
8
11
2
6
-1.1304889854421489
9
10
0
1
0
-1
-1
0
5
0
-1
-1
3
10
-1.4252239283015544
12
13
0
1
0
-1
-1
0
9
0
-1
-1
0
72
-0.090164652284550728
15
18
3
67
-0.093419945801371362
16
17
0
53
0
-1
-1
0
14
0
-1
-1
2
5
-0.68722215470803694
19
20
0
2
0
-1
-1
0
3
0
-1
-1
1
9
1.6597470877197757
22
29
3
4
0.56203325161844697
23
26
3
2
-0.052456798159393081
24
25
0
1
0
-1
-1
0
1
0
-1
-1
3
2
0.68245815695710021
27
28
0
1
0
-1
-1
0
1
0
-1
-1
3
5
-0.35677963759534492
30
33
3
3
-0.41883333548525165
31
32
0
2
0
-1
-1
0
1
0
-1
-1
2
2
-0.37541446103496373
34
35
0
1
0
-1
-1
0
1
0
-1
-1
2
37
-0.52019995145714326
37
48
1
13
-0.22442317165353995
38
39
0
1
0
-1
-1
3
12
-0.18116637721511542
40
47
0
11
0.82401978418790356
41
44
1
8
0.28168523678886348
42
43
0
5
0
-1
-1
0
3
0
-1
-1
0
3
2.2914870950044302
45
46
0
2
0
-1
-1
0
1
0
-1
-1
0
1
0
-1
-1
2
24
0.27348996812140736
49
64
2
20
-0.17377265597169145
50
57
2
10
-0.33032782493966428
51
54
2
5
-0.46049979864068885
52
53
0
1
0
-1
-1
0
4
0
-1
-1
0
5
0.78637522902664014
55
56
0
1
0
-1
-1
0
4
0
-1
-1
0
10
1.2406458412674837
58
61
3
6
-0.67726252113124907
59
60
0
2
0
-1
-1
0
4
0
-1
-1
1
4
0.66680676550599716
62
63
0
1
0
-1
-1
0
3
0
-1
-1
0
4
1.7646555294181479
65
70
1
3
1.2575467889904262
66
67
0
1
0
-1
-1
3
2
0.4353723670885124
68
69
0
1
0
-1
-1
0
1
0
-1
-1
0
1
0
-1
-1
1
21
-0.68079954315333402
72
97
2
17
0.67757612442426629
73
88
3
11
0.99737907669354686
74
87
3
10
0.43524599348524007
75
82
3
5
0.09627601715018666
76
79
3
2
-0.027054491037391999
77
78
0
1
0
-1
-1
0
1
0
-1
-1
3
3
0.31709656541578246
80
81
0
2
0
-1
-1
0
1
0
-1
-1
2
5
0.52260985200849597
83
84
0
1
0
-1
-1
2
4
0.60178231958021144
85
86
0
2
0
-1
-1
0
2
0
-1
-1
0
1
0
-1
-1
0
6
-0.058288352002084654
89
90
0
1
0
-1
-1
3
5
0.43275984320107441
91
92
0
1
0
-1
-1
1
4
-1.6796103103652227
93
94
0
1
0
-1
-1
3
3
2.032721183981093
95
96
0
2
0
-1
-1
0
1
0
-1
-1
3
4
1.5288099821314205
98
103
0
3
0.97570889409021977
99
102
2
2
0.76570078996329638
100
101
0
1
0
-1
-1
0
1
0
-1
-1
0
1
0
-1
-1
0
1
0
-1
-1
2
50
1.1454024108316787
105
128
3
16
1.4160877783051522
106
125
1
14
-1.6882127298447107
107
114
3
4
0.57371577243676364
108
109
0
1
0
-1
-1
2
3
0.97275358502567588
110
113
0
2
-0.14932528708864029
111
112
0
1
0
-1
-1
0
1
0
-1
-1
0
1
0
-1
-1
0
10
1.1541204993390564
115
124
0
9
0.72605480152155577
116
121
3
7
0.54601239047568428
117
118
0
1
0
-1
-1
1
6
-1.1855040863083035
119
120
0
4
0
-1
-1
0
2
0
-1
-1
1
2
-0.91278148151528549
122
123
0
1
0
-1
-1
0
1
0
-1
-1
0
1
0
-1
-1
0
2
0.53930552587482439
126
127
0
1
0
-1
-1
0
1
0
-1
-1
0
34
0.18652892820044198
129
136
2
4
1.223565568808239
130
133
0
2
0.096626284777347624
131
132
0
1
0
-1
-1
0
1
0
-1
-1
0
2
0.062972447824547709
134
135
0
1
0
-1
-1
0
1
0
-1
-1
1
30
-0.72833994362213128
137
162
1
15
-1.0838088119569629
138
151
2
9
1.3150770416958362
139
146
0
4
0.71082910441395963
140
143
3
2
0.37807570843601501
141
142
0
1
0
-1
-1
0
1
0
-1
-1
1
2
-1.5665304118265366
144
145
0
1
0
-1
-1
0
1
0
-1
-1
2
5
1.8335861013615755
147
150
3
4
1.101211270605551
148
149
0
2
0
-1
-1
0
2
0
-1
-1
0
1
0
-1
-1
2
6
1.4242851237009855
152
157
3
3
1.1203057026538892
153
154
0
1
0
-1
-1
2
2
1.3122987209459691
155
156
0
1
0
-1
-1
0
1
0
-1
-1
1
3
-0.91044805937654216
158
159
0
1
0
-1
-1
3
2
1.4006783336836592
160
161
0
1
0
-1
-1
0
1
0
-1
-1
2
15
1.7410028124674437
163
172
2
5
1.4342040300951808
164
165
0
1
0
-1
-1
1
4
-0.68916593103450474
166
169
2
2
1.5226572511822301
167
168
0
1
0
-1
-1
0
1
0
-1
-1
1
2
-0.62958286548742137
170
171
0
1
0
-1
-1
0
1
0
-1
-1
0
10
0.91872156225477886
173
174
0
1
0
-1
-1
3
9
2.3244212398931103
175
178
3
8
1.5635137636606906
176
177
0
1
0
-1
-1
0
7
0
-1
-1
0
1
0
-1
-1
143
3
206
1.9948208672264085
1
132
0
200
-0.03675006021095939
2
57
3
101
-0.97649645011542918
3
26
0
29
-1.4651304471515361
4
17
0
7
-1.5671592569098913
5
12
3
4
-1.3780842436547027
6
7
0
1
0
-1
-1
1
3
0.090456845115963178
8
11
0
2
-1.698581083400905
9
10
0
1
0
-1
-1
0
1
0
-1
-1
0
1
0
-1
-1
2
3
-0.72618133077163205
13
14
0
1
0
-1
-1
0
2
-1.5097493301322231
15
16
0
1
0
-1
-1
0
1
0
-1
-1
1
22
-0.5965900175033455
18
19
0
1
0
-1
-1
1
21
1.0638954784684391
20
25
2
20
-1.3688211893239597
21
22
0
1
0
-1
-1
0
19
-1.0481866352727658
23
24
0
9
0
-1
-1
0
10
0
-1
-1
0
1
0
-1
-1
2
72
0.99481709645150107
27
54
1
70
0.53202715876330609
28
39
1
32
-1.750186113389713
29
32
1
2
-1.9679144315932642
30
31
0
1
0
-1
-1
0
1
0
-1
-1
2
30
0.34391051523145921
33
36
0
25
-0.18783687274232519
34
35
0
24
0
-1
-1
0
1
0
-1
-1
1
5
-1.4839415812917403
37
38
0
2
0
-1
-1
0
3
0
-1
-1
2
38
-0.81697158414233662
40
47
1
11
0.94845075094740428
41
44
0
8
-0.98572873042404219
42
43
0
2
0
-1
-1
0
6
0
-1
-1
1
3
1.1405833824667895
45
46
0
2
0
-1
-1
0
1
0
-1
-1
0
27
-0.35167828490953057
48
51
3
19
0.57053583020975551
49
50
0
17
0
-1
-1
0
2
0
-1
-1
3
8
-0.077408684149958829
52
53
0
3
0
-1
-1
0
5
0
-1
-1
1
2
-1.6679225177308366
55
56
0
1
0
-1
-1
0
1
0
-1
-1
0
99
0.7283370619012437
58
95
2
49
1.0474521204982219
59
80
0
37
0.21768105804145974
60
69
2
6
0.74558850005219846
61
66
1
4
-0.32827208555139076
62
65
1
3
-1.6165541344113459
63
64
0
1
0
-1
-1
0
2
0
-1
-1
0
1
0
-1
-1
2
2
0.99166816895374288
67
68
0
1
0
-1
-1
0
1
0
-1
-1
3
31
1.5314243241958987
70
77
2
29
-0.30055573796234902
71
74
0
15
0.3919319379928729
72
73
0
7
0
-1
-1
0
8
0
-1
-1
1
14
-1.0849671805648322
75
76
0
11
0
-1
-1
0
3
0
-1
-1
1
2
-0.93161878713261748
78
79
0
1
0
-1
-1
0
1
0
-1
-1
3
12
0.079108598491904145
81
82
0
1
0
-1
-1
3
11
1.3135620494313867
83
90
1
8
-1.6286646476557596
84
87
2
2
1.1628097056770568
85
86
0
1
0
-1
-1
0
1
0
-1
-1
2
6
1.2723195507534184
88
89
0
3
0
-1
-1
0
3
0
-1
-1
1
3
-0.5770378115639152
91
94
3
2
1.4138015589506017
92
93
0
1
0
-1
-1
0
1
0
-1
-1
0
1
0
-1
-1
3
50
1.2891327589629027
96
117
2
30
0.6605104188156985
97
106
3
23
0.24357562706632785
98
103
2
21
-1.3704688051057703
99
100
0
1
0
-1
-1
2
20
-0.60562090738360941
101
102
0
2
0
-1
-1
0
18
0
-1
-1
1
2
1.437140057583727
104
105
0
1
0
-1
-1
0
1
0
-1
-1
3
7
0.89823347223506456
107
112
2
4
0.87629906913886146
108
111
0
3
1.1195658413220864
109
110
0
2
0
-1
-1
0
1
0
-1
-1
0
1
0
-1
-1
0
3
1.1699228864394933
113
116
3
2
1.0175626948755194
114
115
0
1
0
-1
-1
0
1
0
-1
-1
0
1
0
-1
-1
2
20
1.1486544933795919
118
121
3
2
1.5233090101853304
119
120
0
1
0
-1
-1
0
1
0
-1
-1
3
18
1.4825971075640143
122
125
0
2
1.2589217244412549
123
124
0
1
0
-1
-1
0
1
0
-1
-1
0
16
1.3408567637458515
126
129
2
12
2.067602007226407
127
128
0
11
0
-1
-1
0
1
0
-1
-1
2
4
1.9737153470037807
130
131
0
3
0
-1
-1
0
1
0
-1
-1
2
6
1.5940389512657969
133
134
0
1
0
-1
-1
2
5
2.0319924415507526
135
138
0
2
1.043153729703191
136
137
0
1
0
-1
-1
0
1
0
-1
-1
1
3
-0.14289462679485154
139
142
0
2
1.1757526416541286
140
141
0
1
0
-1
-1
0
1
0
-1
-1
0
1
0
-1
-1
137
2
206
-0.29362967040278498
1
82
3
101
-1.6436915680651076
2
9
2
4
-0.89290041256021713
3
8
1
3
0.16688646243409055
4
7
2
2
-1.0195404192312909
5
6
0
1
0
-1
-1
0
1
0
-1
-1
0
1
0
-1
-1
0
1
0
-1
-1
0
97
-0.95661430087129806
10
45
2
39
-1.3337469181531358
11
20
1
5
0.38887353032416849
12
13
0
1
0
-1
-1
3
4
-0.8625049295534859
14
19
3
3
-1.1899423105727909
15
18
1
2
0.63448195374571392
16
17
0
1
0
-1
-1
0
1
0
-1
-1
0
1
0
-1
-1
0
1
0
-1
-1
2
34
-0.90831001570042147
21
30
2
16
-1.2493382629036802
22
23
0
1
0
-1
-1
0
15
-1.7054844710695383
24
27
1
2
0.58223656506446142
25
26
0
1
0
-1
-1
0
1
0
-1
-1
3
13
-0.87342544109331566
28
29
0
6
0
-1
-1
0
7
0
-1
-1
1
18
0.11264009304879863
31
38
2
4
-0.49411124220691438
32
35
3
2
-1.4331132689198427
33
34
0
1
0
-1
-1
0
1
0
-1
-1
1
2
-0.4118153789031424
36
37
0
1
0
-1
-1
0
1
0
-1
-1
2
14
-0.60890137587367443
39
42
1
8
1.0557459144645942
40
41
0
7
0
-1
-1
0
1
0
-1
-1
3
6
-0.91271589778409146
43
44
0
2
0
-1
-1
0
4
0
-1
-1
1
58
0.19619800884898092
46
63
2
15
-0.54049056517988814
47
60
0
13
-0.77962396033998849
48
53
3
3
-1.0442126167647157
49
50
0
1
0
-1
-1
1
2
0.14221021944673079
51
52
0
1
0
-1
-1
0
1
0
-1
-1
2
10
-0.71363279737951901
54
57
2
5
-1.0303897358969674
55
56
0
1
0
-1
-1
0
4
0
-1
-1
2
5
-0.6131593767675334
58
59
0
3
0
-1
-1
0
2
0
-1
-1
3
2
-0.74789663537225337
61
62
0
1
0
-1
-1
0
1
0
-1
-1
0
43
1.3032368002928136
64
79
0
41
-0.25061461229073734
65
72
3
28
-0.23739886078785921
66
69
1
17
0.56944142683359911
67
68
0
8
0
-1
-1
0
9
0
-1
-1
1
11
1.2950044714043887
70
71
0
8
0
-1
-1
0
3
0
-1
-1
2
13
-0.3401921257346433
73
76
1
11
0.88038420266658135
74
75
0
9
0
-1
-1
0
2
0
-1
-1
3
2
0.47925618456449659
77
78
0
1
0
-1
-1
0
1
0
-1
-1
1
2
1.0795477769037387
80
81
0
1
0
-1
-1
0
1
0
-1
-1
1
105
0.74587696427438921
83
120
0
81
-1.0328692099440249
84
87
1
2
0.22688356358527467
85
86
0
1
0
-1
-1
0
1
0
-1
-1
1
79
0.54684813370333929
88
117
1
77
-1.3455231558105876
89
102
3
30
0.84797311559982191
90
95
0
20
-0.54070659900348894
91
92
0
1
0
-1
-1
2
19
1.0025458362199624
93
94
0
14
0
-1
-1
0
5
0
-1
-1
2
10
1.0926701091596671
96
99
1
7
-1.5120745051070539
97
98
0
3
0
-1
-1
0
4
0
-1
-1
3
3
1.089117333276276
100
101
0
1
0
-1
-1
0
2
0
-1
-1
3
47
2.058293632462056
103
110
1
42
-0.14844517849272276
104
107
2
32
1.7930276074413185
105
106
0
28
0
-1
-1
0
4
0
-1
-1
0
10
-0.30099416657663303
108
109
0
2
0
-1
-1
0
8
0
-1
-1
0
5
1.6989795135235974
111
114
1
3
-0.62526194231516663
112
113
0
2
0
-1
-1
0
1
0
-1
-1
0
2
2.4778072028273979
115
116
0
1
0
-1
-1
0
1
0
-1
-1
2
2
-0.045019878138198938
118
119
0
1
0
-1
-1
0
1
0
-1
-1
3
24
-0.9405361224137212
121
122
0
1
0
-1
-1
1
23
0.80689647128846465
123
124
0
1
0
-1
-1
3
22
0.70644709365256897
125
136
1
21
0.84697991765389635
126
129
0
2
1.139195938209369
127
128
0
1
0
-1
-1
0
1
0
-1
-1
2
19
0.29355296593132851
130
133
0
12
1.1030516657546263
131
132
0
8
0
-1
-1
0
4
0
-1
-1
3
7
0.11369002936156991
134
135
0
4
0
-1
-1
0
3
0
-1
-1
0
1
0
-1
-1
165
1
206
-0.020834042444304757
1
84
3
92
-0.65909402168526809
2
43
1
21
-0.31253476057055901
3
20
3
9
-1.044463474473712
4
19
2
8
-0.91704936838971562
5
10
3
3
-1.4499175218963192
6
7
0
1
0
-1
-1
1
2
-0.49122869031097471
8
9
0
1
0
-1
-1
0
1
0
-1
-1
1
5
-0.4229542836141979
11
14
2
2
-0.29140504077947765
12
13
0
1
0
-1
-1
0
1
0
-1
-1
0
3
-0.71474144605842904
15
16
0
1
0
-1
-1
0
2
0.4868235613036016
17
18
0
1
0
-1
-1
0
1
0
-1
-1
0
1
0
-1
-1
3
12
-1.2605665987876624
21
28
1
4
-0.093537020955644909
22
25
0
2
-1.4163774611983182
23
24
0
1
0
-1
-1
0
1
0
-1
-1
3
2
-1.6085523747517689
26
27
0
1
0
-1
-1
0
1
0
-1
-1
0
8
-0.76801002678173091
29
36
0
4
-1.4229795959491289
30
31
0
1
0
-1
-1
3
3
-1.1103488496140266
32
33
0
1
0
-1
-1
2
2
-0.78509625791354631
34
35
0
1
0
-1
-1
0
1
0
-1
-1
2
4
-0.33886989620112168
37
42
2
3
-0.62385644408667607
38
39
0
1
0
-1
-1
1
2
-0.072734561681823323
40
41
0
1
0
-1
-1
0
1
0
-1
-1
0
1
0
-1
-1
1
71
-0.28115724160739153
44
71
2
64
0.68024437966007145
45
60
2
13
-0.038113798321696174
46
47
0
1
0
-1
-1
3
12
0.78108525622405434
48
55
3
8
0.46711586927008153
49
52
1
5
-1.7225198992581037
50
51
0
3
0
-1
-1
0
2
0
-1
-1
1
3
-1.4359105928448082
53
54
0
2
0
-1
-1
0
1
0
-1
-1
0
4
0.49741227146987643
56
59
3
3
0.92103555739994769
57
58
0
2
0
-1
-1
0
1
0
-1
-1
0
1
0
-1
-1
0
51
-0.53571458656857796
61
62
0
1
0
-1
-1
1
50
-2.0163346530341193
63
64
0
1
0
-1
-1
0
49
0.12934028352107374
65
68
2
6
1.0056146171763078
66
67
0
2
0
-1
-1
0
4
0
-1
-1
2
43
1.0122108736126332
69
70
0
8
0
-1
-1
0
35
0
-1
-1
0
7
-0.48025611874066831
72
75
1
2
-0.099851128410819834
73
74
0
1
0
-1
-1
0
1
0
-1
-1
3
5
1.5762004177326885
76
79
3
2
-0.0069825429607065503
77
78
0
1
0
-1
-1
0
1
0
-1
-1
3
3
2.1569057435881325
80
83
0
2
2.0999339242732029
81
82
0
1
0
-1
-1
0
1
0
-1
-1
0
1
0
-1
-1
0
114
-1.2439811474574367
85
116
1
16
0.50194688779349594
86
105
3
10
-1.2541400552379678
87
96
1
5
0.023421669515162974
88
91
3
2
-1.3115334318826446
89
90
0
1
0
-1
-1
0
1
0
-1
-1
3
3
-1.3961282510085296
92
93
0
1
0
-1
-1
3
2
-1.3272123488188772
94
95
0
1
0
-1
-1
0
1
0
-1
-1
1
5
0.3382074087093751
97
100
2
2
-0.49376011752848803
98
99
0
1
0
-1
-1
0
1
0
-1
-1
0
3
-1.4354664082657747
101
104
3
2
-0.92257476294260465
102
103
0
1
0
-1
-1
0
1
0
-1
-1
0
1
0
-1
-1
3
6
-0.69067933004659132
106
111
3
3
-1.0989270528455128
107
108
0
1
0
-1
-1
1
2
0.72251715968871011
109
110
0
1
0
-1
-1
0
1
0
-1
-1
0
3
-1.5674742442929301
112
113
0
1
0
-1
-1
1
2
0.86885069538366899
114
115
0
1
0
-1
-1
0
1
0
-1
-1
2
98
-0.74434278284310462
117
138
1
35
1.2008509424334761
118
135
3
33
-0.062451791701485515
119
128
2
29
-1.6795293447734274
120
121
0
1
0
-1
-1
0
28
-0.69989979107653633
122
125
1
16
1.1250815322005994
123
124
0
15
0
-1
-1
0
1
0
-1
-1
3
12
-0.92739922877118763
126
127
0
4
0
-1
-1
0
8
0
-1
-1
1
4
0.57013764701802649
129
130
0
1
0
-1
-1
3
3
0.26757046451753513
131
134
3
2
0.12341054450744848
132
133
0
1
0
-1
-1
0
1
0
-1
-1
0
1
0
-1
-1
0
2
-0.78573894917569298
136
137
0
1
0
-1
-1
0
1
0
-1
-1
0
63
1.7592156651982582
139
162
1
61
1.7944713111878443
140
155
1
57
0.6015363262470953
141
148
2
22
0.69230240095294859
142
145
2
20
-0.059081893212056147
143
144
0
18
0
-1
-1
0
2
0
-1
-1
3
2
1.3740086402410689
146
147
0
1
0
-1
-1
0
1
0
-1
-1
0
35
1.0192152007054265
149
152
2
20
0.50423408771874256
150
151
0
18
0
-1
-1
0
2
0
-1
-1
0
15
1.2221721251883906
153
154
0
7
0
-1
-1
0
8
0
-1
-1
0
4
-0.43695692177336876
156
161
2
3
-0.61232899777057148
157
160
0
2
-0.88672296380266158
158
159
0
1
0
-1
-1
0
1
0
-1
-1
0
1
0
-1
-1
0
1
0
-1
-1
1
2
1.7796971946906051
163
164
0
1
0
-1
-1
0
1
0
-1
-1
147
2
206
-1.3308485819570701
1
22
1
11
0.75434545217531102
2
17
1
8
0.28276335089037552
3
6
3
2
-0.8186716574474231
4
5
0
1
0
-1
-1
0
1
0
-1
-1
0
6
0.021659298881810507
7
16
0
5
-0.79646956133621416
8
15
3
4
-0.42462280963539178
9
14
2
3
-1.578973845769944
10
11
0
1
0
-1
-1
1
2
0.33839295052288065
12
13
0
1
0
-1
-1
0
1
0
-1
-1
0
1
0
-1
-1
0
1
0
-1
-1
0
1
0
-1
-1
2
3
-1.4560736980583318
18
19
0
1
0
-1
-1
0
2
-0.97654307855701494
20
21
0
1
0
-1
-1
0
1
0
-1
-1
3
195
-0.52802594304401262
23
76
1
66
-0.35898640654851582
24
31
2
4
-0.97272690033824549
25
28
1
2
-0.49365015345705376
26
27
0
1
0
-1
-1
0
1
0
-1
-1
3
2
-1.1018177805772349
29
30
0
1
0
-1
-1
0
1
0
-1
-1
0
62
-1.214172601073255
32
51
3
19
-0.98943246299705534
33
42
1
11
-0.27592523790205292
34
35
0
1
0
-1
-1
2
10
-1.1082814118472695
36
39
1
5
0.38500894505408079
37
38
0
4
0
-1
-1
0
1
0
-1
-1
1
5
0.17918662440248873
40
41
0
4
0
-1
-1
0
1
0
-1
-1
3
8
-0.6498636177384054
43
48
0
6
-1.8104530187723202
44
45
0
1
0
-1
-1
0
5
-1.6547456159940706
46
47
0
1
0
-1
-1
0
4
0
-1
-1
0
2
-1.4180448213132821
49
50
0
1
0
-1
-1
0
1
0
-1
-1
2
43
-0.95356289987984266
52
63
1
12
0.55824027815799382
53
60
1
10
0.067607719881087269
54
57
2
5
-1.0638846634150028
55
56
0
2
0
-1
-1
0
3
0
-1
-1
0
5
-0.35584420494547586
58
59
0
4
0
-1
-1
0
1
0
-1
-1
3
2
-0.76663093123179316
61
62
0
1
0
-1
-1
0
1
0
-1
-1
0
31
1.0557506194375927
64
71
0
26
0.043989448737387304
65
68
1
14
1.500350112084865
66
67
0
13
0
-1
-1
0
1
0
-1
-1
3
12
-1.0401073398117124
69
70
0
3
0
-1
-1
0
9
0
-1
-1
1
5
1.5536734681662685
72
75
2
4
-0.25580064543391645
73
74
0
2
0
-1
-1
0
2
0
-1
-1
0
1
0
-1
-1
1
129
-0.54080532234491097
77
100
1
60
-1.9703614008235182
78
81
3
2
0.077569457065495007
79
80
0
1
0
-1
-1
0
1
0
-1
-1
0
58
-0.27746488648329809
82
85
0
2
-0.52503839200252411
83
84
0
1
0
-1
-1
0
1
0
-1
-1
3
56
1.2088560627480087
86
93
3
34
1.0446933774217972
87
90
3
32
0.021389806660530822
88
89
0
2
0
-1
-1
0
30
0
-1
-1
2
2
0.91923799826941366
91
92
0
1
0
-1
-1
0
1
0
-1
-1
1
22
-0.77821677607717876
94
97
0
13
0.45141093719208913
95
96
0
1
0
-1
-1
0
12
0
-1
-1
1
9
-0.63122227376028484
98
99
0
6
0
-1
-1
0
3
0
-1
-1
1
69
0.43638208003593093
101
124
1
19
0.1529955609404795
102
115
3
14
1.1918236898211789
103
110
2
5
-0.35879242883187723
104
107
1
2
0.1115912516366694
105
106
0
1
0
-1
-1
0
1
0
-1
-1
2
3
-0.14535838216749333
108
109
0
2
0
-1
-1
0
1
0
-1
-1
3
9
1.4656468781566669
111
112
0
1
0
-1
-1
1
8
-0.49317327354486107
113
114
0
1
0
-1
-1
0
7
0
-1
-1
2
5
-0.58657125022645706
116
117
0
1
0
-1
-1
2
4
-0.40522293489921213
118
121
3
2
-0.2009018417410281
119
120
0
1
0
-1
-1
0
1
0
-1
-1
2
2
-0.2278033772430148
122
123
0
1
0
-1
-1
0
1
0
-1
-1
2
50
-0.62350583597365539
125
134
0
15
-0.19668850046323949
126
133
1
14
1.872383434346377
127
130
0
12
-0.71904129784666659
128
129
0
10
0
-1
-1
0
2
0
-1
-1
3
2
-0.33543733933214881
131
132
0
1
0
-1
-1
0
1
0
-1
-1
0
1
0
-1
-1
3
35
0.16724513953032399
135
140
0
27
-1.3401311037929213
136
137
0
1
0
-1
-1
1
26
0.67643757286912498
138
139
0
4
0
-1
-1
0
22
0
-1
-1
2
8
-0.18411151752264934
141
144
2
4
-0.26405131034883234
142
143
0
3
0
-1
-1
0
1
0
-1
-1
0
4
1.1149615457333266
145
146
0
2
0
-1
-1
0
2
0
-1
-1
141
2
206
1.5060839495275267
1
106
0
187
-1.1577572863252694
2
51
1
28
0.40431485521660893
3
30
1
17
0.055023554242621731
4
21
1
11
-0.26305394991011416
5
10
0
3
-1.272615496443676
6
9
2
2
-0.44579485825755827
7
8
0
1
0
-1
-1
0
1
0
-1
-1
0
1
0
-1
-1
1
8
-0.14198034091844752
11
14
3
2
-1.4127443283813448
12
13
0
1
0
-1
-1
0
1
0
-1
-1
1
6
-0.040057458297624124
15
18
1
4
-0.095859387367766835
16
17
0
1
0
-1
-1
0
3
0
-1
-1
3
2
-1.3049271549854391
19
20
0
1
0
-1
-1
0
1
0
-1
-1
2
6
-0.64374021567403172
22
29
3
5
-1.2974567895525466
23
24
0
1
0
-1
-1
3
4
-0.6537800428238697
25
28
2
3
-0.74127195866598428
26
27
0
2
0
-1
-1
0
1
0
-1
-1
0
1
0
-1
-1
0
1
0
-1
-1
3
11
-0.70252832999692316
31
42
3
6
-0.97064836917835362
32
37
0
3
-1.380442972086791
33
36
3
2
-1.4338310199415023
34
35
0
1
0
-1
-1
0
1
0
-1
-1
0
1
0
-1
-1
1
3
0.56856451617645476
38
39
0
1
0
-1
-1
3
2
-0.86553838324044297
40
41
0
1
0
-1
-1
0
1
0
-1
-1
2
5
-0.6888990668552345
43
50
0
4
-1.2767402747736405
44
47
0
2
-1.3956685280824701
45
46
0
1
0
-1
-1
0
1
0
-1
-1
2
2
-1.5453721588330103
48
49
0
1
0
-1
-1
0
1
0
-1
-1
0
1
0
-1
-1
3
159
1.6088302370208549
52
95
2
153
0.59198510345370092
53
78
2
111
-0.25350827583497382
54
63
0
80
2.1268231042272814
55
62
1
79
0.82264560020299415
56
59
0
55
0.089980719876944892
57
58
0
39
0
-1
-1
0
16
0
-1
-1
1
24
1.2744259866407188
60
61
0
15
0
-1
-1
0
9
0
-1
-1
0
1
0
-1
-1
2
31
0.19582683624563005
64
71
2
21
0.035937610725648078
65
68
2
16
-0.048258184827090128
66
67
0
12
0
-1
-1
0
4
0
-1
-1
2
5
0.1179749957742631
69
70
0
1
0
-1
-1
0
4
0
-1
-1
2
10
0.35812373986911494
72
75
1
3
1.4337077492132884
73
74
0
2
0
-1
-1
0
1
0
-1
-1
0
7
0.92411944669103352
76
77
0
5
0
-1
-1
0
2
0
-1
-1
1
42
1.0041210203290509
79
92
1
40
-1.5361061389223614
80
87
3
17
0.49996339784626448
81
84
0
6
0.32872077578869119
82
83
0
4
0
-1
-1
0
2
0
-1
-1
1
11
-1.8525553519984206
85
86
0
2
0
-1
-1
0
9
0
-1
-1
3
23
0.006979619599919093
88
89
0
1
0
-1
-1
3
22
0.86286250370158113
90
91
0
11
0
-1
-1
0
11
0
-1
-1
3
2
0.073276374782675013
93
94
0
1
0
-1
-1
0
1
0
-1
-1
0
6
0.99575741602576395
96
99
0
2
0.71854226261611709
97
98
0
1
0
-1
-1
0
1
0
-1
-1
2
4
1.2927839905516563
100
103
0
2
1.0907567016672437
101
102
0
1
0
-1
-1
0
1
0
-1
-1
0
2
1.4172452409151222
104
105
0
1
0
-1
-1
0
1
0
-1
-1
3
19
1.1689012940521017
107
108
0
1
0
-1
-1
3
18
1.9621872699404996
109
132
1
13
-0.53069197445036476
110
123
3
8
1.7959597784206409
111
120
1
6
-0.75351739745186452
112
117
3
4
1.7136650046332136
113
116
0
3
1.1976805781262601
114
115
0
2
0
-1
-1
0
1
0
-1
-1
0
1
0
-1
-1
0
2
1.1542310364100792
118
119
0
1
0
-1
-1
0
1
0
-1
-1
0
2
1.009191130328263
121
122
0
1
0
-1
-1
0
1
0
-1
-1
0
5
1.4994723655103923
124
131
3
4
1.8505998725451684
125
130
1
3
-0.41693855388753243
126
127
0
1
0
-1
-1
1
2
0.028236296218560761
128
129
0
1
0
-1
-1
0
1
0
-1
-1
0
1
0
-1
-1
0
1
0
-1
-1
1
5
-0.1234502049313434
133
140
1
4
-0.6282266533520835
134
139
3
3
2.2487151548192843
135
138
3
2
2.0922547895888743
136
137
0
1
0
-1
-1
0
1
0
-1
-1
0
1
0
-1
-1
0
1
0
-1
-1
0
1
0
-1
-1
123
2
206
1.5142605832614944
1
86
3
187
-0.15629847924687157
2
47
3
108
-1.6099795777385535
3
10
0
4
0.37348658152511405
4
9
0
3
-0.23195088111813633
5
8
3
2
-1.688019129178435
6
7
0
1
0
-1
-1
0
1
0
-1
-1
0
1
0
-1
-1
0
1
0
-1
-1
3
104
-0.23523501947105774
11
36
2
98
-1.0421865743312464
12
21
0
28
-1.6339351530375963
13
16
0
2
-1.7318316447213649
14
15
0
1
0
-1
-1
0
1
0
-1
-1
0
26
1.0994018724041255
17
20
0
25
-0.5691883842007569
18
19
0
22
0
-1
-1
0
3
0
-1
-1
0
1
0
-1
-1
1
70
0.54742829012981442
22
29
1
41
-0.25043130121204121
23
26
2
6
-0.16529596959523152
24
25
0
5
0
-1
-1
0
1
0
-1
-1
1
35
0.16552752218429592
27
28
0
18
0
-1
-1
0
17
0
-1
-1
2
29
-0.24429968586016948
30
33
1
20
1.9561107821991111
31
32
0
19
0
-1
-1
0
1
0
-1
-1
1
9
0.95409156756355173
34
35
0
5
0
-1
-1
0
4
0
-1
-1
0
6
0.99327687545265175
37
44
0
4
-0.33698284885439583
38
41
1
2
1.0512114521508491
39
40
0
1
0
-1
-1
0
1
0
-1
-1
2
2
0.0011637033105855177
42
43
0
1
0
-1
-1
0
1
0
-1
-1
0
2
1.325508973627691
45
46
0
1
0
-1
-1
0
1
0
-1
-1
0
79
-1.5373428104421976
48
49
0
1
0
-1
-1
1
78
1.4918400967438337
50
77
0
73
-0.68942488308697836
51
62
3
6
0.28042529579058323
52
55
1
2
0.44942961951163446
53
54
0
1
0
-1
-1
0
1
0
-1
-1
3
4
0.42588793642386225
56
59
0
2
-0.86956714414565461
57
58
0
1
0
-1
-1
0
1
0
-1
-1
0
2
-0.77828782323320267
60
61
0
1
0
-1
-1
0
1
0
-1
-1
3
67
0.048800433714480659
63
70
3
8
-0.07090321870085052
64
67
1
4
-1.5181933539905821
65
66
0
1
0
-1
-1
0
3
0
-1
-1
3
4
-0.027310409423718627
68
69
0
3
0
-1
-1
0
1
0
-1
-1
1
59
-0.039039004442027014
71
74
2
46
0.65789082110577479
72
73
0
7
0
-1
-1
0
39
0
-1
-1
2
13
0.47815448574230801
75
76
0
11
0
-1
-1
0
2
0
-1
-1
3
5
0.4384419558467072
78
85
0
4
-0.28245288848825134
79
84
2
3
-0.4669529885323786
80
83
1
2
1.8941740627679247
81
82
0
1
0
-1
-1
0
1
0
-1
-1
0
1
0
-1
-1
0
1
0
-1
-1
0
1
0
-1
-1
3
19
1.8505752366884658
87
108
2
11
1.6760798256249276
88
95
0
4
0.62401918629978492
89
90
0
1
0
-1
-1
1
3
-1.0816284023005842
91
92
0
1
0
-1
-1
2
2
1.6333712890129366
93
94
0
1
0
-1
-1
0
1
0
-1
-1
2
7
1.8704333910638573
96
99
3
2
1.2961144983633197
97
98
0
1
0
-1
-1
0
1
0
-1
-1
2
5
2.0244390558638679
100
107
3
4
1.6279268625818462
101
102
0
1
0
-1
-1
1
3
-0.26915998493875259
103
104
0
1
0
-1
-1
1
2
-0.092167048827954401
105
106
0
1
0
-1
-1
0
1
0
-1
-1
0
1
0
-1
-1
2
8
1.6894716125786393
109
110
0
1
0
-1
-1
0
7
1.0920849852507846
111
120
3
5
2.1225915806881668
112
119
3
4
1.9820469511020575
113
116
1
2
-0.51867084860895341
114
115
0
1
0
-1
-1
0
1
0
-1
-1
0
2
0.87544518341256494
117
118
0
1
0
-1
-1
0
1
0
-1
-1
0
1
0
-1
-1
0
2
2.6686408746397103
121
122
0
1
0
-1
-1
0
1
0
-1
-1
75
2
206
1.6795392819255213
1
50
1
192
-2.0254734938423797
2
3
0
1
0
-1
-1
0
191
1.7754975388279057
4
45
0
188
-0.88693970406931444
5
22
1
47
1.6166447096364247
6
21
0
46
-1.2796348621261528
7
14
2
23
-1.1020525072997756
8
11
2
6
-1.1432212849117378
9
10
0
3
0
-1
-1
0
3
0
-1
-1
3
17
-1.1119416764243812
12
13
0
5
0
-1
-1
0
12
0
-1
-1
1
23
1.0343478348177682
15
18
3
20
-0.51538122878807435
16
17
0
16
0
-1
-1
0
4
0
-1
-1
2
3
-1.3548207508241754
19
20
0
1
0
-1
-1
0
2
0
-1
-1
0
1
0
-1
-1
3
141
0.77612260586587767
23
34
3
109
-1.539208694486359
24
27
2
2
-0.82231403751561494
25
26
0
1
0
-1
-1
0
1
0
-1
-1
2
107
0.24733260910414523
28
31
3
78
0.23455140502764582
29
30
0
70
0
-1
-1
0
8
0
-1
-1
1
29
-1.0674997090663116
32
33
0
22
0
-1
-1
0
7
0
-1
-1
1
32
-0.50865194779711786
35
42
3
30
0.79656327431325713
36
39
2
2
0.62378788772057281
37
38
0
1
0
-1
-1
0
1
0
-1
-1
1
28
-0.65514398025722276
40
41
0
25
0
-1
-1
0
3
0
-1
-1
3
2
1.3718975984149091
43
44
0
1
0
-1
-1
0
1
0
-1
-1
2
3
-0.094113607937780897
46
47
0
1
0
-1
-1
2
2
0.40850222817411402
48
49
0
1
0
-1
-1
0
1
0
-1
-1
0
14
1.9329996868617649
51
70
0
11
1.3903981037186832
52
69
2
10
1.737910642796902
53
56
3
2
1.791260048840958
54
55
0
1
0
-1
-1
0
1
0
-1
-1
0
8
1.1847817235556621
57
64
1
5
-0.84504182823978802
58
59
0
1
0
-1
-1
3
4
2.0034824985961324
60
61
0
1
0
-1
-1
3
3
2.2078024508523439
62
63
0
2
0
-1
-1
0
1
0
-1
-1
1
3
-0.7861086597494491
65
66
0
1
0
-1
-1
1
2
-0.33094614918663168
67
68
0
1
0
-1
-1
0
1
0
-1
-1
0
1
0
-1
-1
1
3
-0.57124929113874179
71
72
0
1
0
-1
-1
0
2
2.464599882381552
73
74
0
1
0
-1
-1
0
1
0
-1
-1
137
1
206
-2.0568885542803672
1
2
0
1
0
-1
-1
2
205
-0.50950333847904439
3
44
2
84
-0.64407925720128789
4
23
2
71
-1.4794231100970441
5
8
1
2
0.53383495594258845
6
7
0
1
0
-1
-1
0
1
0
-1
-1
0
69
2.1827052737576835
9
22
3
68
-0.38200993237563896
10
17
1
54
1.5536548393455498
11
14
0
52
-1.4703400655127634
12
13
0
9
0
-1
-1
0
43
0
-1
-1
3
2
-0.60325336482793546
15
16
0
1
0
-1
-1
0
1
0
-1
-1
1
14
1.8803365171396418
18
21
0
13
-0.86524353623767447
19
20
0
3
0
-1
-1
0
10
0
-1
-1
0
1
0
-1
-1
0
1
0
-1
-1
1
13
0.24055764803954277
24
29
1
3
-0.048269526588734513
25
28
1
2
-0.32369698591746249
26
27
0
1
0
-1
-1
0
1
0
-1
-1
0
1
0
-1
-1
2
10
-0.60101206628877013
30
35
1
3
0.49658000898447474
31
32
0
1
0
-1
-1
3
2
-0.12427011344363109
33
34
0
1
0
-1
-1
0
1
0
-1
-1
1
7
1.1394309130827021
36
41
0
5
-1.7411609456664794
37
38
0
1
0
-1
-1
3
4
-0.58244503468268261
39
40
0
1
0
-1
-1
0
3
0
-1
-1
0
2
0.11794745920167982
42
43
0
1
0
-1
-1
0
1
0
-1
-1
1
121
0.58283704147299642
45
98
3
86
1.5400347288159819
46
73
1
62
-1.2869314589968681
47
58
3
28
0.72720644629434861
48
53
3
18
0.69676739391128739
49
52
3
17
0.59399275832634379
50
51
0
12
0
-1
-1
0
5
0
-1
-1
0
1
0
-1
-1
0
10
0.014406439120851433
54
55
0
1
0
-1
-1
3
9
1.1640884741038426
56
57
0
8
0
-1
-1
0
1
0
-1
-1
1
34
-0.34896872181771443
59
66
1
18
-0.80063227495127742
60
63
0
13
0.3120223065744836
61
62
0
4
0
-1
-1
0
9
0
-1
-1
1
5
-0.59806734840673481
64
65
0
2
0
-1
-1
0
3
0
-1
-1
1
16
0.43163374636674212
67
70
0
13
-0.3935373987043207
68
69
0
4
0
-1
-1
0
9
0
-1
-1
0
3
0.82894848704953605
71
72
0
2
0
-1
-1
0
1
0
-1
-1
2
24
1.333337464695415
74
85
2
6
0.98131235328971955
75
78
0
2
0.99250304512395171
76
77
0
1
0
-1
-1
0
1
0
-1
-1
0
4
0.67224584253026287
79
82
1
2
-0.99222880167515404
80
81
0
1
0
-1
-1
0
1
0
-1
-1
1
2
-1.5098687810621803
83
84
0
1
0
-1
-1
0
1
0
-1
-1
2
18
1.4486015970649126
86
91
0
3
1.3066974261870001
87
90
1
2
-0.7657940004471917
88
89
0
1
0
-1
-1
0
1
0
-1
-1
0
1
0
-1
-1
1
15
-0.77446838847574195
92
95
3
2
1.7463281385903113
93
94
0
1
0
-1
-1
0
1
0
-1
-1
0
13
2.7413568090286118
96
97
0
12
0
-1
-1
0
1
0
-1
-1
0
35
0.51405106123343547
99
116
3
16
-0.22192485106533755
100
107
1
5
1.4334246556107253
101
106
1
4
0.71527414110712773
102
103
0
1
0
-1
-1
2
3
-0.36174366739041608
104
105
0
2
0
-1
-1
0
1
0
-1
-1
0
1
0
-1
-1
0
11
0.27581670086362764
108
115
2
10
-0.13061238105787193
109
112
3
7
0.51714587191927142
110
111
0
5
0
-1
-1
0
2
0
-1
-1
0
3
-0.81993168136285721
113
114
0
1
0
-1
-1
0
2
0
-1
-1
0
1
0
-1
-1
3
19
-0.50829300081338424
117
124
0
4
1.1730739642124366
118
121
1
2
0.97587319157215202
119
120
0
1
0
-1
-1
0
1
0
-1
-1
2
2
-0.30736187649093294
122
123
0
1
0
-1
-1
0
1
0
-1
-1
3
15
0.12616633710987218
125
132
3
11
-0.30719202641233467
126
129
3
2
-0.43716549230262869
127
128
0
1
0
-1
-1
0
1
0
-1
-1
1
9
1.3445413921164733
130
131
0
7
0
-1
-1
0
2
0
-1
-1
0
4
1.4305637785723251
133
134
0
1
0
-1
-1
3
3
0.34515548589469058
135
136
0
1
0
-1
-1
0
2
0
-1
-1
159
3
206
0.78905615284984676
1
96
2
162
0.70548096837648755
2
73
3
145
0.0023571718645998274
3
38
0
116
-0.099053767694817774
4
21
3
76
-1.6863810317857422
5
6
0
1
0
-1
-1
3
75
-0.3626958184874649
7
14
1
63
0.92561773124482338
8
11
1
54
-0.12910626336024056
9
10
0
10
0
-1
-1
0
44
0
-1
-1
3
9
-0.49358534829224898
12
13
0
7
0
-1
-1
0
2
0
-1
-1
3
12
-0.057697612026610584
15
18
0
9
-0.156911938881378
16
17
0
8
0
-1
-1
0
1
0
-1
-1
1
3
-1.4845667568493959
19
20
0
1
0
-1
-1
0
2
0
-1
-1
3
40
-1.6740563090568483
22
23
0
1
0
-1
-1
0
39
0.63241008110954988
24
31
1
15
0.77632817255542497
25
28
3
13
-0.64185465604561243
26
27
0
8
0
-1
-1
0
5
0
-1
-1
3
2
-0.28243260231188905
29
30
0
1
0
-1
-1
0
1
0
-1
-1
2
24
-0.47066206398452071
32
35
3
5
-0.59490282257842964
33
34
0
3
0
-1
-1
0
2
0
-1
-1
1
19
0.44752254530761487
36
37
0
3
0
-1
-1
0
16
0
-1
-1
0
29
-0.1318591466890815
39
56
0
18
-1.5259085427359174
40
41
0
1
0
-1
-1
2
17
-0.17488826040491645
42
49
1
12
0.98202216496561301
43
46
3
7
0.49791957553553168
44
45
0
6
0
-1
-1
0
1
0
-1
-1
0
5
-0.59976816469375149
47
48
0
2
0
-1
-1
0
3
0
-1
-1
1
5
0.26518274657085228
50
53
1
2
-1.5418236018911275
51
52
0
1
0
-1
-1
0
1
0
-1
-1
1
3
1.294104302456029
54
55
0
2
0
-1
-1
0
1
0
-1
-1
3
11
0.25964559869211956
57
62
2
3
0.28708606943715076
58
59
0
1
0
-1
-1
0
2
0.045565748062024507
60
61
0
1
0
-1
-1
0
1
0
-1
-1
1
8
-0.26406969996145913
63
68
1
4
-1.6774753159328379
64
65
0
1
0
-1
-1
0
3
-0.12911046336083001
66
67
0
1
0
-1
-1
0
2
0
-1
-1
0
4
0.21686174951035506
69
70
0
1
0
-1
-1
2
3
0.06118769203131047
71
72
0
1
0
-1
-1
0
2
0
-1
-1
1
17
-0.36499240668880084
74
95
2
16
0.79069276181884163
75
78
1
2
-2.1036734922803144
76
77
0
1
0
-1
-1
0
1
0
-1
-1
2
14
0.89270327406342154
79
82
1
2
-1.0900783510286836
80
81
0
1
0
-1
-1
0
1
0
-1
-1
1
12
-1.3974160714642849
83
90
1
9
-1.6820399885391146
84
87
3
4
0.3768474328873041
85
86
0
1
0
-1
-1
0
3
0
-1
-1
1
5
-1.5973448371181793
88
89
0
3
0
-1
-1
0
2
0
-1
-1
0
3
0.81116573078840049
91
94
3
2
0.67284423791612136
92
93
0
1
0
-1
-1
0
1
0
-1
-1
0
1
0
-1
-1
0
1
0
-1
-1
3
44
0.91820831899948141
97
108
0
6
0.30877916451810761
98
103
3
3
0.87994213338552607
99
100
0
1
0
-1
-1
0
2
-0.0075062212445495755
101
102
0
1
0
-1
-1
0
1
0
-1
-1
3
3
0.85905362485458581
104
107
0
2
0.50674621654649665
105
106
0
1
0
-1
-1
0
1
0
-1
-1
0
1
0
-1
-1
3
38
1.6890865288782875
109
136
1
22
-0.44937936894153707
110
133
2
20
1.5264711003664564
111
124
0
15
0.36620644597930363
112
119
3
4
1.1029850260891294
113
116
0
2
0.26058302238417297
114
115
0
1
0
-1
-1
0
1
0
-1
-1
0
2
0.20625608305698348
117
118
0
1
0
-1
-1
0
1
0
-1
-1
0
11
1.4688063349039322
120
123
1
10
-1.5636896917116136
121
122
0
1
0
-1
-1
0
9
0
-1
-1
0
1
0
-1
-1
1
5
-0.59900007881950346
125
132
1
4
-1.0627611266142636
126
129
0
2
1.0720456785817554
127
128
0
1
0
-1
-1
0
1
0
-1
-1
0
2
1.0937866917826855
130
131
0
1
0
-1
-1
0
1
0
-1
-1
0
1
0
-1
-1
1
2
0.034911554070589559
134
135
0
1
0
-1
-1
0
1
0
-1
-1
3
16
1.7716950247419352
137
142
1
3
-0.84302485162338681
138
141
0
2
1.159571413589733
139
140
0
1
0
-1
-1
0
1
0
-1
-1
0
1
0
-1
-1
0
13
0.94369276815606384
143
146
3
2
2.071577090070726
144
145
0
1
0
-1
-1
0
1
0
-1
-1
1
11
-0.63661395181811653
147
152
0
5
1.7697117209862556
148
151
1
4
-1.1296435692191347
149
150
0
1
0
-1
-1
0
3
0
-1
-1
0
1
0
-1
-1
3
6
2.0533211876394191
153
156
3
4
1.8479169027715827
154
155
0
2
0
-1
-1
0
2
0
-1
-1
1
2
-0.23714839289370254
157
158
0
1
0
-1
-1
0
1
0
-1
-1
183
0
206
0.30109834316542305
1
108
1
121
1.1141989964700254
2
81
0
106
-1.1647402031184533
3
38
1
26
0.54882194433697484
4
29
0
21
-1.4454316824159157
5
18
0
8
-1.5196780284204274
6
13
1
5
0.074863579360410396
7
10
2
2
-1.0727381442632591
8
9
0
1
0
-1
-1
0
1
0
-1
-1
2
3
-0.58097803666602832
11
12
0
2
0
-1
-1
0
1
0
-1
-1
2
3
-0.42833861777763738
14
17
1
2
-0.12761997910567058
15
16
0
1
0
-1
-1
0
1
0
-1
-1
0
1
0
-1
-1
2
13
-0.42590732006718346
19
26
1
11
-0.088513383538966761
20
23
2
3
-1.0019795332550498
21
22
0
2
0
-1
-1
0
1
0
-1
-1
1
8
0.4397705972851913
24
25
0
7
0
-1
-1
0
1
0
-1
-1
3
2
-1.0956268703172927
27
28
0
1
0
-1
-1
0
1
0
-1
-1
2
5
-0.80734607877454345
30
35
1
3
0.62978716798391066
31
32
0
1
0
-1
-1
0
2
-1.3768280606629735
33
34
0
1
0
-1
-1
0
1
0
-1
-1
1
2
0.78034894864068294
36
37
0
1
0
-1
-1
0
1
0
-1
-1
0
80
-0.57632299963234124
39
56
0
37
-1.0800849243337092
40
47
1
9
-0.20454187492065107
41
42
0
1
0
-1
-1
0
8
-1.1432619084573077
43
44
0
1
0
-1
-1
1
7
0.93765547841195818
45
46
0
5
0
-1
-1
0
2
0
-1
-1
3
28
-1.3366087147050012
48
49
0
1
0
-1
-1
1
27
0.43339492728816326
50
53
0
13
-0.96392863583269472
51
52
0
2
0
-1
-1
0
11
0
-1
-1
0
14
-0.71269058581903355
54
55
0
10
0
-1
-1
0
4
0
-1
-1
2
43
-0.72257961320935649
57
66
1
6
0.46193380288862113
58
63
2
4
-1.1022496470758467
59
60
0
1
0
-1
-1
0
3
-0.34802598117440064
61
62
0
2
0
-1
-1
0
1
0
-1
-1
1
2
0.76395812516861861
64
65
0
1
0
-1
-1
0
1
0
-1
-1
3
37
0.39657305956909927
67
74
3
18
0.079959511267990724
68
71
3
14
-0.82764123439710935
69
70
0
3
0
-1
-1
0
11
0
-1
-1
2
4
0.58084657583590804
72
73
0
3
0
-1
-1
0
1
0
-1
-1
2
19
0.19091868933063133
75
78
1
2
0.93950418405337999
76
77
0
1
0
-1
-1
0
1
0
-1
-1
0
17
-0.40830880727643548
79
80
0
1
0
-1
-1
0
16
0
-1
-1
0
15
0.097195032133646553
82
107
1
14
1.3885612995602816
83
94
2
6
-0.37540892834169381
84
89
3
3
0.48391679458288761
85
88
0
2
-1.301566953699548
86
87
0
1
0
-1
-1
0
1
0
-1
-1
0
1
0
-1
-1
0
3
-0.35400797734290979
90
91
0
1
0
-1
-1
0
2
-0.3156034125092313
92
93
0
1
0
-1
-1
0
1
0
-1
-1
1
8
2.0075279466068854
95
102
2
5
0.11214852428332633
96
101
0
4
-0.49504226406587176
97
100
2
3
-0.18113576331284198
98
99
0
2
0
-1
-1
0
1
0
-1
-1
0
1
0
-1
-1
0
1
0
-1
-1
0
3
-0.79220372237246783
103
106
3
2
-0.29649831830988466
104
105
0
1
0
-1
-1
0
1
0
-1
-1
0
1
0
-1
-1
0
1
0
-1
-1
3
85
-0.80417668036437373
109
124
1
8
1.2696025267335889
110
123
2
7
-0.7480780035338892
111
114
1
2
0.65682221316122291
112
113
0
1
0
-1
-1
0
1
0
-1
-1
2
5
-0.53870448393103343
115
118
1
2
-0.31989768418752706
116
117
0
1
0
-1
-1
0
1
0
-1
-1
3
3
-1.0996328894390364
119
122
1
2
-0.40085682553627333
120
121
0
1
0
-1
-1
0
1
0
-1
-1
0
1
0
-1
-1
0
1
0
-1
-1
3
77
1.9380888890333896
125
164
1
67
-1.2475918518436824
126
141
1
12
-1.743938276898702
127
132
0
3
0.52026563255982061
128
131
3
2
0.35781680344542233
129
130
0
1
0
-1
-1
0
1
0
-1
-1
0
1
0
-1
-1
0
9
1.0590368410413058
133
140
0
8
0.52296657917253597
134
137
3
6
0.37943812839780605
135
136
0
1
0
-1
-1
0
5
0
-1
-1
3
2
1.4327734355817363
138
139
0
1
0
-1
-1
0
1
0
-1
-1
0
1
0
-1
-1
0
55
1.7985247500903312
142
157
1
51
-0.70624558736589504
143
150
2
14
1.1623970760462821
144
147
3
6
0.84483673812946836
145
146
0
3
0
-1
-1
0
3
0
-1
-1
2
8
1.7614106728713357
148
149
0
6
0
-1
-1
0
2
0
-1
-1
1
37
0.2218130957441441
151
154
0
16
0.65706735184221876
152
153
0
7
0
-1
-1
0
9
0
-1
-1
1
21
0.80244949194080939
155
156
0
5
0
-1
-1
0
16
0
-1
-1
1
4
1.6880341884868388
158
163
3
3
-0.34593408443575485
159
160
0
1
0
-1
-1
0
2
2.1348752170838736
161
162
0
1
0
-1
-1
0
1
0
-1
-1
0
1
0
-1
-1
0
10
0.86353925923288344
165
168
2
2
2.0506486814959342
166
167
0
1
0
-1
-1
0
1
0
-1
-1
2
8
2.0401000123120769
169
178
1
5
-1.1106634388497265
170
171
0
1
0
-1
-1
3
4
2.0172301653746829
172
175
1
2
-0.97661487465706398
173
174
0
1
0
-1
-1
0
1
0
-1
-1
3
2
2.1110173329958357
176
177
0
1
0
-1
-1
0
1
0
-1
-1
0
3
2.0584374320541015
179
182
3
2
2.1175353743870122
180
181
0
1
0
-1
-1
0
1
0
-1
-1
0
1
0
-1
-1
173
0
206
1.0538187891199831
1
130
3
165
-0.93445208279462832
2
61
3
39
-1.1358845985540638
3
38
0
24
-1.0814901354579773
4
23
0
13
-1.1709776641853771
5
16
3
9
-1.4018909281878411
6
11
3
4
-1.6726505238301912
7
8
0
1
0
-1
-1
3
3
-1.6291779943487714
9
10
0
1
0
-1
-1
0
2
0
-1
-1
2
5
-1.2634626387741794
12
13
0
1
0
-1
-1
0
4
-1.4004271428624491
14
15
0
3
0
-1
-1
0
1
0
-1
-1
3
4
-1.2657886628579391
17
20
1
2
0.17987916402050452
18
19
0
1
0
-1
-1
0
1
0
-1
-1
1
2
0.0013263942033606424
21
22
0
1
0
-1
-1
0
1
0
-1
-1
2
11
-1.2751428666323412
24
25
0
1
0
-1
-1
2
10
-0.78560769539766162
26
31
0
4
-0.48975973957960572
27
30
2
3
-0.91406626774799149
28
29
0
2
0
-1
-1
0
1
0
-1
-1
0
1
0
-1
-1
2
6
-0.45905241645639766
32
35
1
4
-0.2941320805193185
33
34
0
2
0
-1
-1
0
2
0
-1
-1
0
2
-0.046595681578641357
36
37
0
1
0
-1
-1
0
1
0
-1
-1
0
15
-0.69647421319418457
39
54
1
11
0.88028292996478608
40
53
2
10
-0.57979799053843406
41
48
3
7
-1.0703329038234795
42
45
0
2
-1.7061464202807333
43
44
0
1
0
-1
-1
0
1
0
-1
-1
1
5
0.25407782028144971
46
47
0
3
0
-1
-1
0
2
0
-1
-1
1
3
-0.36834650760626952
49
50
0
1
0
-1
-1
1
2
0.14456906968900479
51
52
0
1
0
-1
-1
0
1
0
-1
-1
0
1
0
-1
-1
1
4
0.71898171291293278
55
60
2
3
-0.66512063047618375
56
57
0
1
0
-1
-1
3
2
-1.0832747408589112
58
59
0
1
0
-1
-1
0
1
0
-1
-1
0
1
0
-1
-1
2
126
1.1050344114074846
62
105
0
110
-1.2056943954335273
63
80
0
10
-1.7560478279646181
64
67
3
2
-0.8669105581458304
65
66
0
1
0
-1
-1
0
1
0
-1
-1
0
8
-1.4162483744870265
68
73
0
3
-1.5827575445154254
69
70
0
1
0
-1
-1
3
2
-0.54957313197508628
71
72
0
1
0
-1
-1
0
1
0
-1
-1
3
5
-0.52830871941548296
74
77
0
2
-1.2874260314674204
75
76
0
1
0
-1
-1
0
1
0
-1
-1
3
3
-0.4765738375917597
78
79
0
1
0
-1
-1
0
2
0
-1
-1
0
100
-0.33069395979306493
81
94
3
44
0.36271561356958226
82
89
1
38
0.90322883643516749
83
86
2
28
-0.44058431796997377
84
85
0
22
0
-1
-1
0
6
0
-1
-1
1
10
1.3058059895732632
87
88
0
4
0
-1
-1
0
6
0
-1
-1
3
6
0.4453733674897683
90
91
0
1
0
-1
-1
0
5
-0.51230605037600252
92
93
0
4
0
-1
-1
0
1
0
-1
-1
3
56
1.6087167867165788
95
102
0
54
-0.18007522384232877
96
99
0
6
-0.24180078191534476
97
98
0
3
0
-1
-1
0
3
0
-1
-1
3
48
-0.50114530089846854
100
101
0
9
0
-1
-1
0
39
0
-1
-1
1
2
-1.2842025952871314
103
104
0
1
0
-1
-1
0
1
0
-1
-1
2
16
1.2720479749998352
106
111
1
3
-0.96579525166122626
107
110
3
2
0.46198747543325658
108
109
0
1
0
-1
-1
0
1
0
-1
-1
0
1
0
-1
-1
0
13
0.96796107675482446
112
125
0
10
0.2849064335121152
113
118
1
4
-0.010435248576273315
114
117
0
3
-0.028048309065984225
115
116
0
1
0
-1
-1
0
2
0
-1
-1
0
1
0
-1
-1
2
6
1.4597531374292001
119
122
2
3
1.418915564960451
120
121
0
2
0
-1
-1
0
1
0
-1
-1
3
3
1.9821212828406929
123
124
0
2
0
-1
-1
0
1
0
-1
-1
3
3
1.9949944975610745
126
129
0
2
1.0138871531666664
127
128
0
1
0
-1
-1
0
1
0
-1
-1
0
1
0
-1
-1
0
41
2.2498498985216506
131
170
1
39
-0.24632744509461224
132
145
0
15
1.8554059792230497
133
144
2
14
1.9216264548645139
134
141
1
12
-1.5723354071583528
135
136
0
1
0
-1
-1
0
11
1.2907334537569604
137
140
0
10
1.1795013729431403
138
139
0
6
0
-1
-1
0
4
0
-1
-1
0
1
0
-1
-1
0
2
1.0554131077613689
142
143
0
1
0
-1
-1
0
1
0
-1
-1
0
1
0
-1
-1
2
24
0.87141104058901919
146
163
3
20
-0.51070314791497273
147
154
0
6
1.3845599462829234
148
153
1
5
0.29325513799534131
149
150
0
1
0
-1
-1
0
4
1.1095280169594699
151
152
0
1
0
-1
-1
0
3
0
-1
-1
0
1
0
-1
-1
3
14
-0.4007958026473431
155
158
2
2
-0.011720757960667294
156
157
0
1
0
-1
-1
0
1
0
-1
-1
3
12
-0.33763905873405586
159
160
0
1
0
-1
-1
1
11
0.51110730206349686
161
162
0
1
0
-1
-1
0
10
0
-1
-1
3
4
1.8914628021547339
164
169
0
3
1.7371445900603213
165
168
0
2
1.3135922906924582
166
167
0
1
0
-1
-1
0
1
0
-1
-1
0
1
0
-1
-1
0
1
0
-1
-1
3
2
2.0645201952729924
171
172
0
1
0
-1
-1
0
1
0
-1
-1
177
1
206
0.95045654262874457
1
116
0
173
0.51679249429193441
2
53
1
121
-0.88767543063781762
3
24
0
31
-0.41307167012438778
4
5
0
1
0
-1
-1
2
30
1.0237342851030236
6
15
1
21
-1.2902292327907785
7
14
2
20
0.52091162553293657
8
11
0
4
0.18635395643871935
9
10
0
3
0
-1
-1
0
1
0
-1
-1
0
16
0.21698155605108271
12
13
0
6
0
-1
-1
0
10
0
-1
-1
0
1
0
-1
-1
3
9
1.3918853931691064
16
23
3
8
0.66373333382464228
17
20
0
5
0.16424189538548567
18
19
0
2
0
-1
-1
0
3
0
-1
-1
0
3
0.083247255475522683
21
22
0
1
0
-1
-1
0
2
0
-1
-1
0
1
0
-1
-1
2
90
1.1642366320386874
25
52
0
89
0.32541885246137103
26
41
3
81
-1.224272673041902
27
34
1
16
-0.038519305640532187
28
31
0
8
-0.44885963087458025
29
30
0
7
0
-1
-1
0
1
0
-1
-1
1
8
0.42452411048067951
32
33
0
6
0
-1
-1
0
2
0
-1
-1
2
65
-1.4763300366474383
35
38
1
4
0.21337743838596052
36
37
0
1
0
-1
-1
0
3
0
-1
-1
1
61
-0.30029650241347849
39
40
0
5
0
-1
-1
0
56
0
-1
-1
3
8
-0.94224636958045627
42
45
0
2
0.47654522193549886
43
44
0
1
0
-1
-1
0
1
0
-1
-1
0
6
0.46968504835910374
46
49
0
4
0.36213746207560349
47
48
0
2
0
-1
-1
0
2
0
-1
-1
2
2
-0.040032459348045446
50
51
0
1
0
-1
-1
0
1
0
-1
-1
0
1
0
-1
-1
2
52
0.74959929790664237
54
81
0
18
1.2217743496157698
55
72
0
12
1.0979044736675863
56
65
0
8
0.55930493381848945
57
60
2
2
-0.91746830849762029
58
59
0
1
0
-1
-1
0
1
0
-1
-1
1
6
-0.76576402204561811
61
62
0
1
0
-1
-1
0
5
0.97050354084783153
63
64
0
4
0
-1
-1
0
1
0
-1
-1
1
4
0.68826497278450494
66
69
0
2
1.1626837539672721
67
68
0
1
0
-1
-1
0
1
0
-1
-1
1
2
0.80780408674298387
70
71
0
1
0
-1
-1
0
1
0
-1
-1
0
6
1.4743783054391959
73
80
3
5
-0.10659343215420292
74
79
2
4
0.1929536583967556
75
78
1
3
0.89382056970779211
76
77
0
2
0
-1
-1
0
1
0
-1
-1
0
1
0
-1
-1
0
1
0
-1
-1
0
1
0
-1
-1
0
34
0.77449640829301802
82
91
1
5
-1.2142081401374565
83
88
2
3
1.0313743885607478
84
87
1
2
-1.4742644252568051
85
86
0
1
0
-1
-1
0
1
0
-1
-1
0
1
0
-1
-1
1
2
-1.1046032985804488
89
90
0
1
0
-1
-1
0
1
0
-1
-1
0
29
1.1131419956561479
92
105
2
16
1.2749105514149424
93
98
1
5
-1.2087636746314336
94
95
0
1
0
-1
-1
1
4
-0.60003623880897472
96
97
0
3
0
-1
-1
0
1
0
-1
-1
2
11
1.5247429912358827
99
102
1
2
-0.69258794286502312
100
101
0
1
0
-1
-1
0
1
0
-1
-1
1
9
-0.87357696502380944
103
104
0
2
0
-1
-1
0
7
0
-1
-1
1
13
-1.4142568077673385
106
109
1
2
-1.5565605863894187
107
108
0
1
0
-1
-1
0
1
0
-1
-1
2
11
1.8538074654021188
110
113
3
5
1.6097267731578642
111
112
0
2
0
-1
-1
0
3
0
-1
-1
0
6
2.5809891859325766
114
115
0
5
0
-1
-1
0
1
0
-1
-1
0
33
0.5977299616968974
117
154
1
20
1.742710901683107
118
145
1
15
1.1296517687834609
119
128
0
5
-0.49644421094534774
120
127
0
4
-0.75872236325751463
121
126
0
3
-1.1208339322844107
122
125
2
2
-0.76584160138657453
123
124
0
1
0
-1
-1
0
1
0
-1
-1
0
1
0
-1
-1
0
1
0
-1
-1
0
1
0
-1
-1
0
10
-0.66683463711391955
129
136
2
4
-1.1088271835354755
130
131
0
1
0
-1
-1
2
3
-0.25198709748692161
132
135
3
2
0.21318123932346827
133
134
0
1
0
-1
-1
0
1
0
-1
-1
0
1
0
-1
-1
2
6
-0.69185398013824884
137
140
2
2
-0.70404955245350576
138
139
0
1
0
-1
-1
0
1
0
-1
-1
1
4
1.2755311576227106
141
144
1
3
1.2058534355883204
142
143
0
1
0
-1
-1
0
2
0
-1
-1
0
1
0
-1
-1
2
5
-0.66490389878229461
146
153
1
4
1.9864742373009487
147
150
0
2
-0.78536074144819379
148
149
0
1
0
-1
-1
0
1
0
-1
-1
3
2
-0.29690677342275962
151
152
0
1
0
-1
-1
0
1
0
-1
-1
0
1
0
-1
-1
0
13
1.3530853359854214
155
166
1
7
1.1795840588878508
156
157
0
1
0
-1
-1
3
6
-1.0885447729584454
158
159
0
1
0
-1
-1
3
5
0.06063656802469064
160
165
1
4
1.3531189861603272
161
164
3
3
-0.29372046355231374
162
163
0
2
0
-1
-1
0
1
0
-1
-1
0
1
0
-1
-1
0
1
0
-1
-1
2
6
-0.02867258952817997
167
168
0
1
0
-1
-1
0
5
1.8193134179860884
169
174
3
3
0.38031234426882699
170
171
0
1
0
-1
-1
1
2
1.452741313377317
172
173
0
1
0
-1
-1
0
1
0
-1
-1
1
2
1.4062497932666538
175
176
0
1
0
-1
-1
0
1
0
-1
-1
87
1
206
1.6782735628236924
1
76
0
200
1.7001219054820031
2
65
3
194
-1.4798785445095723
3
12
2
5
-1.1378125324315957
4
5
0
1
0
-1
-1
1
4
0.40870747879377439
6
11
0
3
0.31981149766507277
7
10
2
2
-1.1159868858553019
8
9
0
1
0
-1
-1
0
1
0
-1
-1
0
1
0
-1
-1
0
1
0
-1
-1
0
189
0.26443647222851552
13
40
0
106
0.19997709142818754
14
29
2
99
0.18014151027231406
15
22
0
83
-0.35397209173898059
16
19
0
73
-1.8619110512305874
17
18
0
1
0
-1
-1
0
72
0
-1
-1
3
10
0.092256202678746901
20
21
0
7
0
-1
-1
0
3
0
-1
-1
1
16
-0.57812856074615127
23
26
1
14
-1.3497432018775386
24
25
0
9
0
-1
-1
0
5
0
-1
-1
2
2
1.295965401180013
27
28
0
1
0
-1
-1
0
1
0
-1
-1
3
7
-0.25384363233778018
30
35
2
3
-0.59491367278970597
31
34
2
2
-0.74030634504076853
32
33
0
1
0
-1
-1
0
1
0
-1
-1
0
1
0
-1
-1
0
4
0.21374332992448611
36
39
1
3
-1.4755869397082648
37
38
0
1
0
-1
-1
0
2
0
-1
-1
0
1
0
-1
-1
2
83
0.96150609252198915
41
50
3
48
1.8840057422414205
42
49
1
47
1.022133893278268
43
46
0
36
1.1075080342175385
44
45
0
27
0
-1
-1
0
9
0
-1
-1
2
11
-0.57558133222894148
47
48
0
1
0
-1
-1
0
10
0
-1
-1
0
1
0
-1
-1
3
35
1.7370960204398695
51
58
2
23
1.6817471179453012
52
55
2
18
1.2702130990018634
53
54
0
11
0
-1
-1
0
7
0
-1
-1
3
5
1.1805942850943887
56
57
0
1
0
-1
-1
0
4
0
-1
-1
2
12
1.4175546406033055
59
62
3
3
1.9373409501351471
60
61
0
1
0
-1
-1
0
2
0
-1
-1
2
9
1.9566396911060278
63
64
0
5
0
-1
-1
0
4
0
-1
-1
3
6
1.7263439006004029
66
71
0
3
1.7846537981190145
67
68
0
1
0
-1
-1
1
2
1.2488732242821656
69
70
0
1
0
-1
-1
0
1
0
-1
-1
2
3
2.0065803496108181
72
73
0
1
0
-1
-1
0
2
2.7250253566387004
74
75
0
1
0
-1
-1
0
1
0
-1
-1
1
6
1.8733612339411458
77
80
3
2
-0.46473831756224926
78
79
0
1
0
-1
-1
0
1
0
-1
-1
0
4
0.72145729432522365
81
86
2
3
-0.35198096661647599
82
85
3
2
-0.073464891619704265
83
84
0
1
0
-1
-1
0
1
0
-1
-1
0
1
0
-1
-1
0
1
0
-1
-1
183
1
206
-0.74340248144615639
1
82
1
51
-1.4463721823118936
2
39
3
22
1.5524541099540516
3
38
1
21
-1.6282918192400975
4
21
0
12
0.0055132234360560917
5
12
1
4
-1.8575143396809901
6
9
0
2
-0.41926461124487502
7
8
0
1
0
-1
-1
0
1
0
-1
-1
3
2
0.52926281626752791
10
11
0
1
0
-1
-1
0
1
0
-1
-1
3
8
0.14791657154209115
13
14
0
1
0
-1
-1
1
7
-1.7437838560750236
15
18
0
5
0.17935950031273604
16
17
0
1
0
-1
-1
0
4
0
-1
-1
2
2
1.1467372773167741
19
20
0
1
0
-1
-1
0
1
0
-1
-1
0
9
0.4024569984194038
22
31
2
5
1.0379042411301977
23
26
0
2
0.17359496879922781
24
25
0
1
0
-1
-1
0
1
0
-1
-1
0
3
0.28146178378189696
27
30
1
2
-1.5629777538372509
28
29
0
1
0
-1
-1
0
1
0
-1
-1
0
1
0
-1
-1
1
4
-1.5346094810355837
32
37
3
3
1.0302798800475637
33
36
0
2
0.48277125234786566
34
35
0
1
0
-1
-1
0
1
0
-1
-1
0
1
0
-1
-1
0
1
0
-1
-1
0
1
0
-1
-1
3
29
1.2157364592610747
40
61
1
18
-1.1305273144556098
41
52
0
13
0.73956727057183114
42
49
0
11
0.54644659366589832
43
48
3
10
0.53720712263376802
44
45
0
1
0
-1
-1
0
9
0.41041294999985289
46
47
0
8
0
-1
-1
0
1
0
-1
-1
0
1
0
-1
-1
3
2
0.93411202182289155
50
51
0
1
0
-1
-1
0
1
0
-1
-1
1
5
-1.0299325942409567
53
56
3
2
0.75473174696764078
54
55
0
1
0
-1
-1
0
1
0
-1
-1
3
3
1.0471691087296253
57
60
0
2
0.5736180382988183
58
59
0
1
0
-1
-1
0
1
0
-1
-1
0
1
0
-1
-1
1
11
-1.0994695072906704
62
71
0
5
0.83446086961525245
63
68
2
3
1.0510018048082772
64
67
1
2
-1.388890902972413
65
66
0
1
0
-1
-1
0
1
0
-1
-1
0
1
0
-1
-1
0
2
0.98224077832331158
69
70
0
1
0
-1
-1
0
1
0
-1
-1
2
6
0.79977985595670842
72
73
0
1
0
-1
-1
2
5
1.3030926666928404
74
75
0
1
0
-1
-1
0
4
1.2169384774875613
76
79
0
2
0.73620750587405537
77
78
0
1
0
-1
-1
0
1
0
-1
-1
3
2
1.6103907998871794
80
81
0
1
0
-1
-1
0
1
0
-1
-1
3
155
-1.1412612980838808
83
114
2
20
-1.8642928940614778
84
85
0
1
0
-1
-1
1
19
0.14927802412426938
86
103
0
13
-0.86587580368836581
87
96
0
9
-1.1219683461422458
88
93
0
7
-1.611109935320904
89
90
0
1
0
-1
-1
3
6
-1.6056699694529044
91
92
0
1
0
-1
-1
0
5
0
-1
-1
2
2
-0.78831332688104716
94
95
0
1
0
-1
-1
0
1
0
-1
-1
2
4
-0.77944329775153076
97
100
0
2
-0.43390813895293534
98
99
0
1
0
-1
-1
0
1
0
-1
-1
0
2
0.42704446154455045
101
102
0
1
0
-1
-1
0
1
0
-1
-1
3
6
-1.6284538893290574
104
105
0
1
0
-1
-1
0
5
-0.98405424228307337
106
107
0
1
0
-1
-1
1
4
0.25494655408000483
108
111
2
2
-1.0984419410114259
109
110
0
1
0
-1
-1
0
1
0
-1
-1
2
2
-0.78861907626807737
112
113
0
1
0
-1
-1
0
1
0
-1
-1
3
135
-0.066730739884811818
115
150
1
91
1.666829500876793
116
145
3
88
-0.61442950122606022
117
132
2
48
-1.1464586503043726
118
125
2
7
-1.4332589560342439
119
122
0
2
-0.69980080602500361
120
121
0
1
0
-1
-1
0
1
0
-1
-1
2
5
-1.3970810965635956
123
124
0
3
0
-1
-1
0
2
0
-1
-1
2
41
-0.79058899511374714
126
129
3
14
-0.73294207369625797
127
128
0
9
0
-1
-1
0
5
0
-1
-1
2
27
-0.75289118352925888
130
131
0
7
0
-1
-1
0
20
0
-1
-1
3
40
-0.20631854523932158
133
140
3
31
-0.51357857663036599
134
137
3
6
-0.55882964007303726
135
136
0
4
0
-1
-1
0
2
0
-1
-1
2
25
-0.65000852708130608
138
139
0
10
0
-1
-1
0
15
0
-1
-1
1
9
1.3826457036778399
141
144
2
8
0.35799070489803275
142
143
0
7
0
-1
-1
0
1
0
-1
-1
0
1
0
-1
-1
2
3
-0.71797039884535196
146
147
0
1
0
-1
-1
0
2
-0.90432711385950504
148
149
0
1
0
-1
-1
0
1
0
-1
-1
2
44
0.76046244646755379
151
168
1
25
0.4623566687352253
152
155
2
2
-0.38778865088801462
153
154
0
1
0
-1
-1
0
1
0
-1
-1
3
23
0.51726320526355585
156
163
1
18
0.79839301342124513
157
160
0
6
-0.84061357298590522
158
159
0
2
0
-1
-1
0
4
0
-1
-1
0
12
0.28719526868645606
161
162
0
7
0
-1
-1
0
5
0
-1
-1
3
5
0.57662313530920084
164
165
0
1
0
-1
-1
2
4
-1.1142084168372868
166
167
0
1
0
-1
-1
0
3
0
-1
-1
3
19
0.34228518664106333
169
170
0
1
0
-1
-1
2
18
1.3482366266838106
171
176
1
3
-0.45387668823699795
172
175
2
2
0.94287116822906492
173
174
0
1
0
-1
-1
0
1
0
-1
-1
0
1
0
-1
-1
3
15
1.68102698992406
177
180
1
3
-0.37730857967002007
178
179
0
2
0
-1
-1
0
1
0
-1
-1
2
12
1.6490001507308789
181
182
0
1
0
-1
-1
0
11
0
-1
-1
165
2
206
-0.28454257282382733
1
76
1
101
1.0786448240065116
2
51
3
87
-1.2498835238436796
3
20
1
17
0.45496263351842436
4
17
0
15
-0.1738991955764897
5
14
0
13
-1.6530454230552283
6
7
0
1
0
-1
-1
3
12
-1.4977848285690849
8
11
3
2
-1.6151004724232862
9
10
0
1
0
-1
-1
0
1
0
-1
-1
2
10
-0.90934537145793248
12
13
0
7
0
-1
-1
0
3
0
-1
-1
0
2
0.069791386152371931
15
16
0
1
0
-1
-1
0
1
0
-1
-1
1
2
0.64756448847200454
18
19
0
1
0
-1
-1
0
1
0
-1
-1
0
70
1.5814133119002778
21
50
2
69
-0.867494614791123
22
35
2
29
-1.3473074145889468
23
28
0
6
-0.59987415998691884
24
27
0
5
-0.74406833666333128
25
26
0
4
0
-1
-1
0
1
0
-1
-1
0
1
0
-1
-1
3
23
0.21045810183826763
29
32
1
21
-0.01882995862938347
30
31
0
5
0
-1
-1
0
16
0
-1
-1
0
2
-0.75697254302127759
33
34
0
1
0
-1
-1
0
1
0
-1
-1
1
40
0.50820468814017006
36
43
0
26
0.56615357148672096
37
40
3
24
-0.62467302048147877
38
39
0
18
0
-1
-1
0
6
0
-1
-1
0
2
0.99161027183597972
41
42
0
1
0
-1
-1
0
1
0
-1
-1
0
14
-0.93818772483504242
44
47
0
6
-1.3676412328736325
45
46
0
1
0
-1
-1
0
5
0
-1
-1
3
8
-0.83587958147594366
48
49
0
1
0
-1
-1
0
7
0
-1
-1
0
1
0
-1
-1
0
14
0.80493401717117496
52
71
3
11
-0.46626016674386284
53
58
3
3
-0.61134527914791692
54
57
1
2
1.1522100844250605
55
56
0
1
0
-1
-1
0
1
0
-1
-1
0
1
0
-1
-1
3
8
-0.16181792805471049
59
62
0
2
-0.97884983431267369
60
61
0
1
0
-1
-1
0
1
0
-1
-1
3
6
0.43438794005480996
63
68
0
4
-0.95291430001144872
64
65
0
1
0
-1
-1
1
3
1.7852626043557749
66
67
0
1
0
-1
-1
0
2
0
-1
-1
2
2
-0.51395283737741537
69
70
0
1
0
-1
-1
0
1
0
-1
-1
1
3
1.1706869693616437
72
73
0
1
0
-1
-1
2
2
-0.41081877154567825
74
75
0
1
0
-1
-1
0
1
0
-1
-1
3
105
0.80931970436945222
77
140
3
61
0.1110310016916487
78
115
3
29
-0.58941770782834035
79
88
2
5
-0.18190009269449972
80
85
3
3
-0.74407203760033513
81
84
1
2
1.2745634202304705
82
83
0
1
0
-1
-1
0
1
0
-1
-1
0
1
0
-1
-1
0
2
1.1349638613909476
86
87
0
1
0
-1
-1
0
1
0
-1
-1
3
24
-0.11282219155694112
89
102
3
17
-0.45766550732744027
90
97
2
4
-0.16427749879017806
91
94
3
2
-0.51163240710306146
92
93
0
1
0
-1
-1
0
1
0
-1
-1
3
2
-0.49831227759893681
95
96
0
1
0
-1
-1
0
1
0
-1
-1
0
13
-0.44114884870288074
98
99
0
1
0
-1
-1
0
12
1.0440473075848775
100
101
0
7
0
-1
-1
0
5
0
-1
-1
2
7
0.5904907700656844
103
108
3
3
-0.071327680880822406
104
105
0
1
0
-1
-1
1
2
0.94049031246513537
106
107
0
1
0
-1
-1
0
1
0
-1
-1
3
4
-0.058728024170007852
109
112
2
2
0.76633095323248701
110
111
0
1
0
-1
-1
0
1
0
-1
-1
0
2
-0.045623590619636056
113
114
0
1
0
-1
-1
0
1
0
-1
-1
0
32
0.57008005466942513
116
127
0
25
-0.69641519576695954
117
118
0
1
0
-1
-1
3
24
0.13137944998124543
119
120
0
1
0
-1
-1
3
23
0.32264898723353419
121
124
3
5
0.23622944608297583
122
123
0
2
0
-1
-1
0
3
0
-1
-1
0
18
-0.37251014387128889
125
126
0
4
0
-1
-1
0
14
0
-1
-1
2
7
0.88894110451901398
128
135
3
4
0.37323616449573921
129
132
2
2
0.33830622284279321
130
131
0
1
0
-1
-1
0
1
0
-1
-1
1
2
1.4351935501576234
133
134
0
1
0
-1
-1
0
1
0
-1
-1
0
3
1.015010024247295
136
139
0
2
0.62253004495381359
137
138
0
1
0
-1
-1
0
1
0
-1
-1
0
1
0
-1
-1
2
44
0.72117946835128877
141
146
1
3
-1.4062873816243087
142
145
3
2
1.0849106319899178
143
144
0
1
0
-1
-1
0
1
0
-1
-1
0
1
0
-1
-1
1
41
-1.6345924666153511
147
150
0
2
0.14033873459106833
148
149
0
1
0
-1
-1
0
1
0
-1
-1
0
39
2.6558586206312391
151
164
2
38
1.1609064180063506
152
157
3
9
2.0352973294739405
153
156
0
8
0.68342137414563231
154
155
0
5
0
-1
-1
0
3
0
-1
-1
0
1
0
-1
-1
2
29
1.53534047632535
158
161
2
13
1.3782593686542981
159
160
0
9
0
-1
-1
0
4
0
-1
-1
2
16
1.8085371955967953
162
163
0
6
0
-1
-1
0
10
0
-1
-1
0
1
0
-1
-1
149
1
206
1.1704926124075481
1
106
2
182
1.0301399413383634
2
59
3
141
-1.5716926633999275
3
10
1
4
0.11688917495851675
4
9
0
3
-1.0274070880204649
5
6
0
1
0
-1
-1
3
2
-1.6758849910952966
7
8
0
1
0
-1
-1
0
1
0
-1
-1
0
1
0
-1
-1
0
137
0.35921854773111517
11
38
2
104
0.44165482560758473
12
25
1
87
-0.24784344112882506
13
20
3
7
-1.1553170887515913
14
17
3
4
-1.3592075229750629
15
16
0
2
0
-1
-1
0
2
0
-1
-1
2
3
-0.53763098581492597
18
19
0
1
0
-1
-1
0
2
0
-1
-1
2
80
0.22128409154034889
21
24
2
79
-1.0797746277144911
22
23
0
21
0
-1
-1
0
58
0
-1
-1
0
1
0
-1
-1
2
17
0.86847434514858601
26
31
3
11
1.0174930257354244
27
30
0
10
-0.39681298297374168
28
29
0
1
0
-1
-1
0
9
0
-1
-1
0
1
0
-1
-1
3
6
0.72085235387976954
32
35
1
4
-1.2593438513153163
33
34
0
3
0
-1
-1
0
1
0
-1
-1
1
2
-1.3469743636953433
36
37
0
1
0
-1
-1
0
1
0
-1
-1
1
33
-0.4338541973783494
39
50
3
12
1.3227347644282725
40
45
2
7
-0.09940707414750756
41
42
0
1
0
-1
-1
0
6
0.39678531143256462
43
44
0
1
0
-1
-1
0
5
0
-1
-1
0
5
0.97724485689348839
46
49
3
4
1.5259685689902474
47
48
0
1
0
-1
-1
0
3
0
-1
-1
0
1
0
-1
-1
0
21
2.0890814501334494
51
58
0
20
0.79655485682027005
52
55
1
8
0.41419614325380205
53
54
0
6
0
-1
-1
0
2
0
-1
-1
3
12
-0.69751595237003561
56
57
0
3
0
-1
-1
0
9
0
-1
-1
0
1
0
-1
-1
0
41
2.0343064789614815
60
103
2
39
1.5111224751715908
61
88
0
22
0.62321560950101007
62
77
3
12
0.72753723566513773
63
70
2
6
1.1654854154687579
64
67
0
4
0.25269011576808487
65
66
0
1
0
-1
-1
0
3
0
-1
-1
0
2
0.26265464439610037
68
69
0
1
0
-1
-1
0
1
0
-1
-1
2
6
1.3374926316521876
71
74
2
3
1.2801073593450665
72
73
0
2
0
-1
-1
0
1
0
-1
-1
1
3
-1.1057891251303122
75
76
0
2
0
-1
-1
0
1
0
-1
-1
0
10
0.84812693825179875
78
81
1
2
-0.53972244773118749
79
80
0
1
0
-1
-1
0
1
0
-1
-1
1
8
-1.425853827490918
82
85
1
2
-1.5648133149539725
83
84
0
1
0
-1
-1
0
1
0
-1
-1
1
6
-0.91054113946731929
86
87
0
4
0
-1
-1
0
2
0
-1
-1
3
17
1.347194742427094
89
92
0
2
1.1571360599202019
90
91
0
1
0
-1
-1
0
1
0
-1
-1
2
15
1.5405155838120503
93
96
0
2
0.85244371570627286
94
95
0
1
0
-1
-1
0
1
0
-1
-1
2
13
1.7706405787570567
97
100
1
4
-0.607117027112823
98
99
0
3
0
-1
-1
0
1
0
-1
-1
0
9
1.7629150054460845
101
102
0
8
0
-1
-1
0
1
0
-1
-1
3
2
2.0953895270841945
104
105
0
1
0
-1
-1
0
1
0
-1
-1
0
24
1.9849991662132598
107
148
1
23
1.4569709608838504
108
125
2
10
0.41067950451465912
109
122
3
8
-0.12634605137195307
110
117
0
5
-0.24355213259306124
111
112
0
1
0
-1
-1
0
4
1.3120211385342655
113
116
0
3
1.1699307629397979
114
115
0
2
0
-1
-1
0
1
0
-1
-1
0
1
0
-1
-1
1
3
1.3343818343540192
118
121
3
2
0.27803449434114591
119
120
0
1
0
-1
-1
0
1
0
-1
-1
0
1
0
-1
-1
2
2
0.73092566865518538
123
124
0
1
0
-1
-1
0
1
0
-1
-1
1
13
1.6565344431499536
126
137
0
7
-0.44244255689621403
127
130
2
2
-0.038352847285711256
128
129
0
1
0
-1
-1
0
1
0
-1
-1
0
5
1.585072815901007
131
136
3
4
0.18240768186381184
132
135
1
3
1.5335611268193448
133
134
0
1
0
-1
-1
0
2
0
-1
-1
0
1
0
-1
-1
0
1
0
-1
-1
0
6
0.47910028741591038
138
147
1
5
1.9870930311300137
139
142
2
2
-0.75356892876942994
140
141
0
1
0
-1
-1
0
1
0
-1
-1
1
3
2.102156193216389
143
144
0
1
0
-1
-1
0
2
-0.82742289010843573
145
146
0
1
0
-1
-1
0
1
0
-1
-1
0
1
0
-1
-1
0
1
0
-1
-1
131
3
206
0.44013714811519766
1
74
1
139
-0.87527966025508053
2
19
3
9
0.29988966626194308
3
16
1
7
-1.5927761583004854
4
13
3
5
-0.011877366759351304
5
6
0
1
0
-1
-1
0
4
0.1185021060240527
7
8
0
1
0
-1
-1
1
3
-1.72693876863193
9
12
2
2
0.70362868502810905
10
11
0
1
0
-1
-1
0
1
0
-1
-1
0
1
0
-1
-1
2
2
0.94600236436606822
14
15
0
1
0
-1
-1
0
1
0
-1
-1
0
2
0.083114706959626639
17
18
0
1
0
-1
-1
0
1
0
-1
-1
2
130
0.74465923128964695
20
73
3
129
-0.92643841330665766
21
46
1
42
0.40038391860263556
22
33
0
32
-0.64078819545162991
23
28
2
22
-1.2540625979895232
24
25
0
1
0
-1
-1
0
21
-1.564794992244593
26
27
0
3
0
-1
-1
0
18
0
-1
-1
2
10
-1.2875375447587389
29
30
0
1
0
-1
-1
1
9
0.28785364831904153
31
32
0
6
0
-1
-1
0
3
0
-1
-1
3
10
-1.2313533804120289
34
39
0
3
-1.2109661961954705
35
38
0
2
-1.4114537553499598
36
37
0
1
0
-1
-1
0
1
0
-1
-1
0
1
0
-1
-1
3
7
-1.1194304308761374
40
43
0
3
1.070276985182069
41
42
0
2
0
-1
-1
0
1
0
-1
-1
0
4
-0.54856018966306697
44
45
0
2
0
-1
-1
0
2
0
-1
-1
1
87
1.7350064796596323
47
62
1
81
1.3081448241596652
48
55
3
74
-0.12786778063203785
49
52
2
58
0.53088042391022428
50
51
0
57
0
-1
-1
0
1
0
-1
-1
2
16
0.44228950765522579
53
54
0
15
0
-1
-1
0
1
0
-1
-1
0
7
1.3238948212804151
56
59
1
4
1.5637216823416389
57
58
0
3
0
-1
-1
0
1
0
-1
-1
1
3
1.5302615809704279
60
61
0
2
0
-1
-1
0
1
0
-1
-1
3
6
-0.32251477555522362
63
68
3
3
-0.64968612303584738
64
65
0
1
0
-1
-1
3
2
-0.39471614892379336
66
67
0
1
0
-1
-1
0
1
0
-1
-1
0
3
1.5252571301311162
69
72
2
2
-0.5020791526310685
70
71
0
1
0
-1
-1
0
1
0
-1
-1
0
1
0
-1
-1
0
1
0
-1
-1
3
67
0.60689532125042089
75
90
3
8
0.55681912811540646
76
81
3
3
0.50462233806048729
77
80
1
2
-1.1665506215366745
78
79
0
1
0
-1
-1
0
1
0
-1
-1
0
1
0
-1
-1
1
5
0.71458372399225545
82
89
2
4
0.92558279679447952
83
84
0
1
0
-1
-1
1
3
-1.6129643618779697
85
88
0
2
-0.32511494701880561
86
87
0
1
0
-1
-1
0
1
0
-1
-1
0
1
0
-1
-1
0
1
0
-1
-1
3
59
2.088323571583929
91
124
0
55
-0.20200604518609688
92
99
0
4
-0.72731415552433099
93
94
0
1
0
-1
-1
2
3
0.3858606912266741
95
96
0
1
0
-1
-1
0
2
-0.37717846000796074
97
98
0
1
0
-1
-1
0
1
0
-1
-1
0
51
0.4974959688309169
100
111
0
18
-0.10498726856462406
101
104
1
2
0.92379276025370627
102
103
0
1
0
-1
-1
0
1
0
-1
-1
0
16
0.23989215004833647
105
108
3
8
1.3615048346894443
106
107
0
7
0
-1
-1
0
1
0
-1
-1
2
8
1.4283625027682674
109
110
0
7
0
-1
-1
0
1
0
-1
-1
3
33
1.8254290101052222
112
117
0
26
1.5737904975431061
113
116
1
25
-1.3729090994726272
114
115
0
5
0
-1
-1
0
20
0
-1
-1
0
1
0
-1
-1
2
7
1.7205785882530586
118
121
2
3
1.5016906749704386
119
120
0
2
0
-1
-1
0
1
0
-1
-1
2
4
2.0713157594918075
122
123
0
2
0
-1
-1
0
2
0
-1
-1
0
4
2.6661144596541457
125
130
0
3
0.95815576387387003
126
127
0
1
0
-1
-1
3
2
2.2585354298998008
128
129
0
1
0
-1
-1
0
1
0
-1
-1
0
1
0
-1
-1
115
3
206
-1.0454288656062816
1
48
1
30
-0.40801329140026876
2
7
0
3
-0.82417321879560812
3
6
0
2
-1.3263761429588246
4
5
0
1
0
-1
-1
0
1
0
-1
-1
0
1
0
-1
-1
1
27
-0.15042100702714434
8
21
0
7
-0.95453746331587463
9
14
0
3
-1.3529124300121389
10
13
0
2
-1.4522901346430714
11
12
0
1
0
-1
-1
0
1
0
-1
-1
0
1
0
-1
-1
0
4
0.34765498167358855
15
20
3
3
-1.4081076689054823
16
17
0
1
0
-1
-1
2
2
-0.70577989004952069
18
19
0
1
0
-1
-1
0
1
0
-1
-1
0
1
0
-1
-1
1
20
0.21371123115222401
22
35
0
9
-0.92323714109038268
23
30
0
6
-1.1963517277538753
24
29
1
5
0.14353170442237217
25
28
3
4
-1.6244617493301623
26
27
0
1
0
-1
-1
0
3
0
-1
-1
0
1
0
-1
-1
0
1
0
-1
-1
1
3
0.044403951174635553
31
32
0
1
0
-1
-1
0
2
-0.7855271938583791
33
34
0
1
0
-1
-1
0
1
0
-1
-1
1
11
0.35680733845029305
36
39
3
2
-1.0936668739633642
37
38
0
1
0
-1
-1
0
1
0
-1
-1
2
9
-1.9905272137071621
40
41
0
1
0
-1
-1
2
8
-0.74686793314453714
42
45
0
5
-0.83912310282311131
43
44
0
4
0
-1
-1
0
1
0
-1
-1
1
3
0.53194479505594139
46
47
0
2
0
-1
-1
0
1
0
-1
-1
3
176
2.300490073716019
49
114
0
175
-0.84777030935704234
50
85
1
35
1.1381393846092438
51
76
1
30
0.16451897957688771
52
63
3
8
-0.64287102591961065
53
58
0
4
-1.3081227588062838
54
55
0
1
0
-1
-1
0
3
-1.1798315197458642
56
57
0
1
0
-1
-1
0
2
0
-1
-1
1
4
-0.33897911839399236
59
60
0
1
0
-1
-1
3
3
-0.58561181403894347
61
62
0
2
0
-1
-1
0
1
0
-1
-1
2
22
-1.2150114920533035
64
69
1
3
0.70797071222000285
65
68
3
2
-0.59622060566140211
66
67
0
1
0
-1
-1
0
1
0
-1
-1
0
1
0
-1
-1
3
19
-0.74998512582805565
70
73
1
8
0.85654543620899926
71
72
0
6
0
-1
-1
0
2
0
-1
-1
2
11
-0.89372995747778328
74
75
0
5
0
-1
-1
0
6
0
-1
-1
0
5
-1.3223310003081712
77
78
0
1
0
-1
-1
2
4
-0.36236549401220952
79
84
3
3
0.17209897199969365
80
83
0
2
-1.1605257408373937
81
82
0
1
0
-1
-1
0
1
0
-1
-1
0
1
0
-1
-1
0
1
0
-1
-1
1
140
2.0064895031294472
86
113
0
139
-0.47467738732749759
87
100
2
20
-1.1669240343455627
88
93
3
3
-0.58656629294005158
89
90
0
1
0
-1
-1
0
2
-0.6190470039423972
91
92
0
1
0
-1
-1
0
1
0
-1
-1
3
17
-0.22584832545721822
94
97
0
9
-0.69315965391495937
95
96
0
5
0
-1
-1
0
4
0
-1
-1
1
8
-1.195076389115155
98
99
0
1
0
-1
-1
0
7
0
-1
-1
0
119
0.67479727650600607
101
108
3
65
0.72344089331500239
102
105
0
47
-0.41664215295391088
103
104
0
2
0
-1
-1
0
45
0
-1
-1
2
18
1.4654582210579294
106
107
0
17
0
-1
-1
0
1
0
-1
-1
0
54
0.73638821494027151
109
110
0
1
0
-1
-1
0
53
1.7091773981211844
111
112
0
47
0
-1
-1
0
6
0
-1
-1
0
1
0
-1
-1
0
1
0
-1
-1
163
1
206
-0.77899682684174976
1
58
3
50
1.0930657880310286
2
29
1
35
-1.8810251975817587
3
8
1
3
-2.0062208984280145
4
5
0
1
0
-1
-1
0
2
-0.15561319567786647
6
7
0
1
0
-1
-1
0
1
0
-1
-1
2
32
1.5318001723092873
9
28
2
31
1.2415111341016978
10
23
0
28
-0.046331741485484745
11
16
3
7
0.77375191263176335
12
15
2
6
0.7576836559653235
13
14
0
4
0
-1
-1
0
2
0
-1
-1
0
1
0
-1
-1
0
21
0.60939348773685376
17
20
1
17
-1.4934874288527702
18
19
0
10
0
-1
-1
0
7
0
-1
-1
1
4
-1.6358909069003358
21
22
0
1
0
-1
-1
0
3
0
-1
-1
3
3
1.0148581051382894
24
27
0
2
0.27346042500855861
25
26
0
1
0
-1
-1
0
1
0
-1
-1
0
1
0
-1
-1
0
1
0
-1
-1
1
15
-1.2656099994831469
30
39
2
5
1.198954624366334
31
36
1
3
-1.4189815995151311
32
35
0
2
0.37342808569761127
33
34
0
1
0
-1
-1
0
1
0
-1
-1
0
1
0
-1
-1
3
2
1.6306093846605281
37
38
0
1
0
-1
-1
0
1
0
-1
-1
3
10
1.5720734904652784
40
49
0
5
0.52182689449495234
41
44
3
2
1.269174711684474
42
43
0
1
0
-1
-1
0
1
0
-1
-1
0
3
1.0720707752587038
45
48
0
2
0.60642450506761036
46
47
0
1
0
-1
-1
0
1
0
-1
-1
0
1
0
-1
-1
0
5
0.98933001349225935
50
51
0
1
0
-1
-1
1
4
-0.91439809148157081
52
57
2
3
1.3170306842739925
53
54
0
1
0
-1
-1
1
2
-1.0768952383719299
55
56
0
1
0
-1
-1
0
1
0
-1
-1
0
1
0
-1
-1
1
156
1.1082573830659559
59
132
2
128
1.4919479821881105
60
107
3
114
-1.1305197488849943
61
84
0
24
-1.2712688775553596
62
71
3
8
-1.6808567178537837
63
64
0
1
0
-1
-1
1
7
0.039174446065368018
65
68
2
4
-1.0496784207525753
66
67
0
1
0
-1
-1
0
3
0
-1
-1
2
3
-0.79553140160567992
69
70
0
2
0
-1
-1
0
1
0
-1
-1
2
16
-0.90567474402271064
72
79
3
10
-1.1481697151012966
73
76
1
7
0.55356776503172334
74
75
0
6
0
-1
-1
0
1
0
-1
-1
2
3
-1.1869968734231815
77
78
0
1
0
-1
-1
0
2
0
-1
-1
3
6
-1.6949438251367568
80
81
0
1
0
-1
-1
3
5
-1.2299474584791161
82
83
0
1
0
-1
-1
0
4
0
-1
-1
1
90
-0.19179423396018025
85
92
2
10
-1.0042344342946148
86
87
0
1
0
-1
-1
0
9
-1.1374944383336019
88
89
0
1
0
-1
-1
1
8
-0.73962237031175304
90
91
0
1
0
-1
-1
0
7
0
-1
-1
2
80
-0.35330988621004811
93
100
3
58
-0.70407596215776203
94
97
0
25
-0.72825632072393609
95
96
0
16
0
-1
-1
0
9
0
-1
-1
1
33
1.0056656222654148
98
99
0
32
0
-1
-1
0
1
0
-1
-1
0
22
0.22335324808637136
101
104
2
10
-0.092303601990358253
102
103
0
7
0
-1
-1
0
3
0
-1
-1
1
12
0.30606408927763895
105
106
0
2
0
-1
-1
0
10
0
-1
-1
3
14
2.096554593998714
108
127
2
11
1.8810230890209696
109
116
3
4
1.7518387194819751
110
113
3
2
1.6213199952954973
111
112
0
1
0
-1
-1
0
1
0
-1
-1
3
2
1.9042500506087308
114
115
0
1
0
-1
-1
0
1
0
-1
-1
2
7
2.0095911161898652
117
122
3
3
1.6094716468628445
118
119
0
1
0
-1
-1
1
2
0.016379793757133623
120
121
0
1
0
-1
-1
0
1
0
-1
-1
3
4
1.8169984453654939
123
124
0
1
0
-1
-1
1
3
-0.59207823517397551
125
126
0
1
0
-1
-1
0
2
0
-1
-1
3
3
2.3241273848470585
128
131
1
2
-0.68936863010244898
129
130
0
1
0
-1
-1
0
1
0
-1
-1
0
1
0
-1
-1
3
28
0.17167495722748383
133
152
3
22
-0.82020952781040812
134
135
0
1
0
-1
-1
2
21
-1.1492456801198851
136
137
0
1
0
-1
-1
2
20
0.088830508749559445
138
145
3
14
0.029165470694098916
139
142
1
11
1.7681464321736202
140
141
0
6
0
-1
-1
0
5
0
-1
-1
3
3
0.090932226403537889
143
144
0
1
0
-1
-1
0
2
0
-1
-1
2
6
0.4327328599558623
146
149
1
3
1.2759222379620554
147
148
0
1
0
-1
-1
0
2
0
-1
-1
2
3
0.66386685029713355
150
151
0
2
0
-1
-1
0
1
0
-1
-1
3
6
0.48509982802661789
153
158
1
3
1.2111638593060554
154
155
0
1
0
-1
-1
0
2
1.6012626476023428
156
157
0
1
0
-1
-1
0
1
0
-1
-1
0
3
-0.33551670234254716
159
162
0
2
-0.66945567848232457
160
161
0
1
0
-1
-1
0
1
0
-1
-1
0
1
0
-1
-1
191
3
206
-0.57626595816179149
1
70
0
69
-0.52627830654494079
2
37
0
46
-0.76652274479483595
3
26
0
40
-1.8129121799130665
4
5
0
1
0
-1
-1
0
39
-1.1003381574099778
6
19
3
27
-0.81761895809487894
7
14
2
23
-0.86671098895513665
8
11
1
12
-0.30083414956388266
9
10
0
2
0
-1
-1
0
10
0
-1
-1
3
11
-1.169980109773249
12
13
0
3
0
-1
-1
0
8
0
-1
-1
1
4
0.073019927914481128
15
18
0
3
-1.1439135530964537
16
17
0
1
0
-1
-1
0
2
0
-1
-1
0
1
0
-1
-1
0
12
-1.0519495394093399
20
21
0
1
0
-1
-1
2
11
-0.68218990291467185
22
25
1
10
0.36459857251028965
23
24
0
7
0
-1
-1
0
3
0
-1
-1
0
1
0
-1
-1
2
6
-0.51613559983311863
27
36
2
5
-1.0994330654116682
28
29
0
1
0
-1
-1
2
4
-0.81465874651988268
30
33
0
2
-0.55346897591456012
31
32
0
1
0
-1
-1
0
1
0
-1
-1
1
2
-0.17197642434505958
34
35
0
1
0
-1
-1
0
1
0
-1
-1
0
1
0
-1
-1
3
23
-1.0720734011206032
38
51
0
7
0.8895622515709658
39
50
1
6
0.064914583770957102
40
47
0
4
0.61929560907760051
41
46
3
3
-1.3541279097339274
42
45
0
2
0.28029590157268813
43
44
0
1
0
-1
-1
0
1
0
-1
-1
0
1
0
-1
-1
0
1
0
-1
-1
0
2
-0.27443297073578454
48
49
0
1
0
-1
-1
0
1
0
-1
-1
0
1
0
-1
-1
2
16
-0.19390796866774829
52
67
2
14
-0.49106032186238546
53
62
0
11
1.8575478501202878
54
61
0
10
0.44106237499614209
55
58
1
5
0.55831902761379248
56
57
0
3
0
-1
-1
0
2
0
-1
-1
1
5
0.3829484497830038
59
60
0
4
0
-1
-1
0
1
0
-1
-1
0
1
0
-1
-1
3
3
-0.82292216516266448
63
66
0
2
0.22873782133747586
64
65
0
1
0
-1
-1
0
1
0
-1
-1
0
1
0
-1
-1
3
2
-0.78942442696630266
68
69
0
1
0
-1
-1
0
1
0
-1
-1
3
137
1.6033000894130103
71
154
1
117
-0.72997561718853388
72
103
2
44
1.2001252262085702
73
90
0
35
-0.4495961671082021
74
75
0
1
0
-1
-1
3
34
0.80636206646397468
76
83
1
22
-1.6209363728005317
77
80
3
9
0.49042376761629924
78
79
0
6
0
-1
-1
0
3
0
-1
-1
1
13
-1.0770845389570294
81
82
0
12
0
-1
-1
0
1
0
-1
-1
2
12
0.88446316796604241
84
87
3
4
1.1513741606585179
85
86
0
3
0
-1
-1
0
1
0
-1
-1
0
8
0.6414928261831282
88
89
0
5
0
-1
-1
0
3
0
-1
-1
0
9
0.8319971810569986
91
98
0
6
0.53393886200264529
92
97
3
5
1.3040409869105516
93
96
3
4
0.9433275912287501
94
95
0
2
0
-1
-1
0
2
0
-1
-1
0
1
0
-1
-1
0
1
0
-1
-1
1
3
-1.5713034764504177
99
100
0
1
0
-1
-1
0
2
1.1340032373937581
101
102
0
1
0
-1
-1
0
1
0
-1
-1
1
73
0.59113123486729702
104
127
0
24
0.16798272467324771
105
114
2
15
0.9516501878519763
106
113
0
14
-0.80514920287832847
107
110
2
5
-1.2903787963234898
108
109
0
1
0
-1
-1
0
4
0
-1
-1
0
9
-0.55221905569050733
111
112
0
3
0
-1
-1
0
6
0
-1
-1
0
1
0
-1
-1
3
9
1.287873682457918
115
122
1
5
0.3903925294204541
116
119
0
3
0.54793940816473896
117
118
0
2
0
-1
-1
0
1
0
-1
-1
1
2
0.53926423128086776
120
121
0
1
0
-1
-1
0
1
0
-1
-1
0
4
0.8764524176807571
123
124
0
1
0
-1
-1
3
3
1.5489791418369832
125
126
0
1
0
-1
-1
0
2
0
-1
-1
0
49
0.34959643878558455
128
143
0
31
-1.197370568689113
129
136
0
4
-1.4597745995729547
130
133
3
2
-0.34592781645403337
131
132
0
1
0
-1
-1
0
1
0
-1
-1
1
2
0.97616646345528491
134
135
0
1
0
-1
-1
0
1
0
-1
-1
0
27
-0.067474474254274108
137
140
1
25
1.9805789381623247
138
139
0
22
0
-1
-1
0
3
0
-1
-1
0
2
0.30015160709804523
141
142
0
1
0
-1
-1
0
1
0
-1
-1
3
18
0.35369182254787757
144
151
2
16
0.55913473255061297
145
148
1
13
1.7101759145050868
146
147
0
12
0
-1
-1
0
1
0
-1
-1
1
3
1.1496089847034159
149
150
0
1
0
-1
-1
0
2
0
-1
-1
0
2
1.6680902253388663
152
153
0
1
0
-1
-1
0
1
0
-1
-1
3
20
1.9995273965614806
155
180
3
14
1.7542816001437482
156
167
1
7
-0.69088446080992527
157
164
2
5
1.4411436823057671
158
159
0
1
0
-1
-1
3
4
1.6568243452558389
160
161
0
1
0
-1
-1
3
3
1.7460794677818048
162
163
0
1
0
-1
-1
0
2
0
-1
-1
2
2
1.0895162963869183
165
166
0
1
0
-1
-1
0
1
0
-1
-1
2
7
1.8791035795117796
168
175
0
4
1.0440090348297595
169
172
0
2
1.0099013714804852
170
171
0
1
0
-1
-1
0
1
0
-1
-1
1
2
-1.5230474624670378
173
174
0
1
0
-1
-1
0
1
0
-1
-1
0
3
1.539079142490843
176
179
3
2
1.8715297705877534
177
178
0
1
0
-1
-1
0
1
0
-1
-1
0
1
0
-1
-1
0
6
1.3068339115169501
181
188
0
4
0.90011870641840508
182
185
3
2
2.0700920044804656
183
184
0
1
0
-1
-1
0
1
0
-1
-1
3
2
2.237007248141095
186
187
0
1
0
-1
-1
0
1
0
-1
-1
1
2
-0.41927698129251967
189
190
0
1
0
-1
-1
0
1
0
-1
-1
155
0
206
0.021675621689022373
1
76
0
102
-0.045442003329958292
2
75
1
101
-0.091597830000569092
3
36
1
21
-0.36740979480539893
4
21
1
13
-0.69977047316160368
5
14
0
9
-0.41695359283527256
6
7
0
1
0
-1
-1
1
8
-1.5492714854075573
8
11
1
5
-1.9519815238771174
9
10
0
1
0
-1
-1
0
4
0
-1
-1
1
3
-1.1118946214727932
12
13
0
2
0
-1
-1
0
1
0
-1
-1
0
4
-1.1002427786677111
15
20
2
3
-0.764561743867609
16
19
3
2
-1.0353741895168631
17
18
0
1
0
-1
-1
0
1
0
-1
-1
0
1
0
-1
-1
0
1
0
-1
-1
2
8
-1.0482340131829049
22
27
1
3
-0.16366949227558611
23
26
0
2
-1.2889422324550408
24
25
0
1
0
-1
-1
0
1
0
-1
-1
0
1
0
-1
-1
0
5
-0.26650887541719936
28
35
0
4
-1.0835427959557444
29
32
0
2
-1.3887307732654086
30
31
0
1
0
-1
-1
0
1
0
-1
-1
3
2
-1.2088738329302882
33
34
0
1
0
-1
-1
0
1
0
-1
-1
0
1
0
-1
-1
3
80
-0.73593721541083124
37
52
3
32
-1.3732603773501213
38
43
1
3
0.10403180013274503
39
42
2
2
-0.98993759550631433
40
41
0
1
0
-1
-1
0
1
0
-1
-1
0
1
0
-1
-1
2
29
-0.34658901722831792
44
51
1
28
0.46810269631876011
45
48
3
20
-0.84904711120980636
46
47
0
19
0
-1
-1
0
1
0
-1
-1
2
8
-1.8100911517727725
49
50
0
1
0
-1
-1
0
7
0
-1
-1
0
1
0
-1
-1
3
48
0.18135455571422032
53
68
2
39
-0.60529995644205825
54
61
3
27
-0.1542511648551611
55
58
2
22
-1.305870341400643
56
57
0
5
0
-1
-1
0
17
0
-1
-1
3
5
0.14277673639119964
59
60
0
4
0
-1
-1
0
1
0
-1
-1
3
12
-0.087315800763705043
62
65
3
6
-0.22067808760702817
63
64
0
5
0
-1
-1
0
1
0
-1
-1
2
6
-0.37486416229803055
66
67
0
3
0
-1
-1
0
3
0
-1
-1
3
9
0.73803367094888861
69
74
1
8
0.22870308173317799
70
71
0
1
0
-1
-1
3
7
0.64382428015303805
72
73
0
6
0
-1
-1
0
1
0
-1
-1
0
1
0
-1
-1
0
1
0
-1
-1
0
104
0.11041326014634432
77
86
2
5
1.1626701391710565
78
83
3
3
0.25640352622402091
79
82
3
2
-0.17297530132839023
80
81
0
1
0
-1
-1
0
1
0
-1
-1
0
1
0
-1
-1
2
2
1.2282005288206863
84
85
0
1
0
-1
-1
0
1
0
-1
-1
3
99
1.0285075549678904
87
132
2
63
-0.74596150278788476
88
101
0
7
0.39390004042557281
89
92
2
2
-0.87997628732537758
90
91
0
1
0
-1
-1
0
1
0
-1
-1
0
5
0.64693584362925804
93
98
0
3
0.47827779599933001
94
97
2
2
-0.81880646365564724
95
96
0
1
0
-1
-1
0
1
0
-1
-1
0
1
0
-1
-1
2
2
-1.1632992654981067
99
100
0
1
0
-1
-1
0
1
0
-1
-1
0
56
0.68448116857381303
102
117
1
30
-0.53885126344535172
103
110
2
17
0.80491380630300458
104
107
0
6
0.29790528593894022
105
106
0
3
0
-1
-1
0
3
0
-1
-1
1
11
-1.176906478151263
108
109
0
9
0
-1
-1
0
2
0
-1
-1
3
13
-0.088484195448376379
111
114
0
11
0.65490055558340743
112
113
0
10
0
-1
-1
0
1
0
-1
-1
0
2
0.30050103609203332
115
116
0
1
0
-1
-1
0
1
0
-1
-1
3
26
-0.90074575766766818
118
125
0
4
0.87746400187707441
119
122
1
2
-0.091340962998819275
120
121
0
1
0
-1
-1
0
1
0
-1
-1
1
2
1.0105855202547993
123
124
0
1
0
-1
-1
0
1
0
-1
-1
2
22
0.55610049642696058
126
129
1
17
0.11748862331171189
127
128
0
1
0
-1
-1
0
16
0
-1
-1
3
5
0.78606943727840661
130
131
0
4
0
-1
-1
0
1
0
-1
-1
2
36
0.74722391468432037
133
136
0
2
0.22424761785932038
134
135
0
1
0
-1
-1
0
1
0
-1
-1
0
34
1.9256091762046175
137
150
2
31
1.5366395057573716
138
145
3
17
1.8618941700677549
139
142
3
14
1.2288181599526995
140
141
0
4
0
-1
-1
0
10
0
-1
-1
1
3
-1.2194767904461103
143
144
0
2
0
-1
-1
0
1
0
-1
-1
2
14
1.6433480014919417
146
147
0
1
0
-1
-1
2
13
1.9387762777974871
148
149
0
5
0
-1
-1
0
8
0
-1
-1
2
3
2.002441038647421
151
152
0
1
0
-1
-1
1
2
-0.32179885199132069
153
154
0
1
0
-1
-1
0
1
0
-1
-1
187
0
206
-0.81185983100294501
1
82
0
55
-1.086080293844371
2
45
3
36
-0.23207662848181076
3
42
3
34
-1.1366932010888759
4
21
2
12
-1.0673917320006954
5
12
3
6
-1.5626045326659557
6
7
0
1
0
-1
-1
2
5
-1.335699844627799
8
9
0
1
0
-1
-1
1
4
-0.12264186309107106
10
11
0
3
0
-1
-1
0
1
0
-1
-1
3
6
-1.440121039944704
13
16
2
2
-0.78653579749418334
14
15
0
1
0
-1
-1
0
1
0
-1
-1
3
4
-1.3078389955995331
17
18
0
1
0
-1
-1
0
3
-1.5448643690683128
19
20
0
1
0
-1
-1
0
2
0
-1
-1
1
22
0.4040175027656312
22
33
2
12
-0.50782886780081704
23
28
1
9
-0.31878628645341417
24
25
0
1
0
-1
-1
3
8
-1.0105994086825707
26
27
0
2
0
-1
-1
0
6
0
-1
-1
0
3
-1.4784741685743428
29
30
0
1
0
-1
-1
1
2
-0.044786170543286263
31
32
0
1
0
-1
-1
0
1
0
-1
-1
3
10
-0.40296637358889842
34
39
3
8
-0.97326518934457651
35
36
0
1
0
-1
-1
3
7
-0.83591966783138438
37
38
0
2
0
-1
-1
0
5
0
-1
-1
2
2
-1.5776085945777789
40
41
0
1
0
-1
-1
0
1
0
-1
-1
3
2
0.12796184347520723
43
44
0
1
0
-1
-1
0
1
0
-1
-1
1
19
0.2417584222162969
46
57
2
6
-0.37765190802951565
47
54
1
4
0.048990011339142214
48
49
0
1
0
-1
-1
3
3
-0.87889125273154978
50
53
2
2
-0.9355215330500114
51
52
0
1
0
-1
-1
0
1
0
-1
-1
0
1
0
-1
-1
1
2
-0.28059994089515738
55
56
0
1
0
-1
-1
0
1
0
-1
-1
2
13
-1.1072661379569988
58
67
0
5
-0.94229381355926534
59
62
2
2
-1.4562251652186464
60
61
0
1
0
-1
-1
0
1
0
-1
-1
1
3
0.78117771647805578
63
64
0
1
0
-1
-1
0
2
-0.87017840421841719
65
66
0
1
0
-1
-1
0
1
0
-1
-1
3
8
-0.61184237086202087
68
73
2
3
-0.55790177843001798
69
72
1
2
0.99547968589347025
70
71
0
1
0
-1
-1
0
1
0
-1
-1
0
1
0
-1
-1
1
5
1.170170750065366
74
77
1
2
0.91440375023282183
75
76
0
1
0
-1
-1
0
1
0
-1
-1
1
3
1.3264931535392794
78
79
0
1
0
-1
-1
0
2
-0.9376590815843977
80
81
0
1
0
-1
-1
0
1
0
-1
-1
1
151
1.3434250591239003
83
162
0
138
0.9432305687797724
84
131
0
98
-0.55165104911808693
85
102
0
14
-0.63961734362698563
86
97
1
11
0.84914093260395096
87
94
0
9
-0.71069239857979605
88
91
1
6
0.47076525450806123
89
90
0
5
0
-1
-1
0
1
0
-1
-1
2
3
-0.42814252423664811
92
93
0
1
0
-1
-1
0
2
0
-1
-1
0
2
-0.69377573334535003
95
96
0
1
0
-1
-1
0
1
0
-1
-1
1
3
0.78619197430752974
98
101
0
2
-0.61147652762992788
99
100
0
1
0
-1
-1
0
1
0
-1
-1
0
1
0
-1
-1
1
84
-0.75516941688997585
103
116
3
40
1.452752268098211
104
111
2
36
1.1956082897225737
105
108
2
30
0.60325456255975918
106
107
0
6
0
-1
-1
0
24
0
-1
-1
1
6
-1.3749544526522519
109
110
0
2
0
-1
-1
0
4
0
-1
-1
1
4
-0.95294588393273993
112
115
3
3
1.6836805023999393
113
114
0
2
0
-1
-1
0
1
0
-1
-1
0
1
0
-1
-1
0
44
0.59755040281099059
117
124
0
36
0.26821542133252729
118
121
0
23
-0.50239621829826775
119
120
0
6
0
-1
-1
0
17
0
-1
-1
1
13
-0.21838620124364383
122
123
0
2
0
-1
-1
0
11
0
-1
-1
0
8
0.90887254597351674
125
128
1
6
0.42197047486655792
126
127
0
5
0
-1
-1
0
1
0
-1
-1
2
2
0.69189488540661093
129
130
0
1
0
-1
-1
0
1
0
-1
-1
1
40
0.094206966084448895
132
149
1
26
0.0057606473260571889
133
146
1
24
-0.22548879744144634
134
139
0
20
0.99151677622815693
135
136
0
1
0
-1
-1
1
19
-1.0737208168434935
137
138
0
5
0
-1
-1
0
14
0
-1
-1
3
4
1.879581064887097
140
143
3
2
1.6568033873616914
141
142
0
1
0
-1
-1
0
1
0
-1
-1
1
2
-0.17678593183417349
144
145
0
1
0
-1
-1
0
1
0
-1
-1
0
2
1.0764087970352514
147
148
0
1
0
-1
-1
0
1
0
-1
-1
3
14
-0.13646473608987464
150
157
2
11
-0.8486296352697239
151
152
0
1
0
-1
-1
2
10
0.20640199697300632
153
156
3
9
-0.7985817036377042
154
155
0
2
0
-1
-1
0
7
0
-1
-1
0
1
0
-1
-1
1
3
0.85057980009388534
158
159
0
1
0
-1
-1
2
2
0.34120568107555826
160
161
0
1
0
-1
-1
0
1
0
-1
-1
1
13
1.9929397741006376
163
186
1
12
1.4987490719008996
164
175
3
6
0.58499212624596142
165
174
3
5
-0.17833049461523742
166
169
2
2
0.11923795210735999
167
168
0
1
0
-1
-1
0
1
0
-1
-1
3
3
-0.12916700814280929
170
171
0
1
0
-1
-1
1
2
1.4679919819630165
172
173
0
1
0
-1
-1
0
1
0
-1
-1
0
1
0
-1
-1
2
6
-0.4509348573775338
176
183
2
4
-0.61632171248134782
177
182
3
3
0.52251449597397148
178
181
1
2
1.6941178354157802
179
180
0
1
0
-1
-1
0
1
0
-1
-1
0
1
0
-1
-1
0
1
0
-1
-1
1
2
1.8840863812745448
184
185
0
1
0
-1
-1
0
1
0
-1
-1
0
1
0
-1
-1
165
1
206
0.76483200697286602
1
94
1
156
-1.4068525215115848
2
45
0
28
0.0014470682476840357
3
16
0
7
-0.11010620532633342
4
13
1
5
-1.6026983249469922
5
10
2
3
0.67982125459843301
6
9
3
2
0.47670357106228645
7
8
0
1
0
-1
-1
0
1
0
-1
-1
0
1
0
-1
-1
1
2
-1.5754066050452475
11
12
0
1
0
-1
-1
0
1
0
-1
-1
3
2
0.86593966591394689
14
15
0
1
0
-1
-1
0
1
0
-1
-1
1
21
-1.6345275490666262
17
32
0
8
0.33669815728469943
18
25
1
4
-1.835867544167096
19
22
1
2
-1.9170044994239863
20
21
0
1
0
-1
-1
0
1
0
-1
-1
2
2
0.67710668297820753
23
24
0
1
0
-1
-1
0
1
0
-1
-1
2
4
1.0982167255937516
26
31
2
3
0.80548273627701938
27
28
0
1
0
-1
-1
2
2
1.0596801139776484
29
30
0
1
0
-1
-1
0
1
0
-1
-1
0
1
0
-1
-1
0
13
0.74314851433453044
33
42
0
11
0.55034010820769186
34
41
0
10
0.25890587876536253
35
38
0
4
0.15043566450865539
36
37
0
1
0
-1
-1
0
3
0
-1
-1
2
6
0.66610160281875852
39
40
0
2
0
-1
-1
0
4
0
-1
-1
0
1
0
-1
-1
3
2
1.5533956700933147
43
44
0
1
0
-1
-1
0
1
0
-1
-1
2
128
0.54299460834910862
46
69
1
88
-0.52139018670449477
47
52
0
3
0.2283646083170574
48
51
0
2
-1.1857002520178499
49
50
0
1
0
-1
-1
0
1
0
-1
-1
0
1
0
-1
-1
2
85
-1.9918660867242137
53
54
0
1
0
-1
-1
1
84
0.60824107814333939
55
62
0
70
1.2185530234263264
56
59
1
68
0.18609391334596476
57
58
0
37
0
-1
-1
0
31
0
-1
-1
1
2
0.36109183037730558
60
61
0
1
0
-1
-1
0
1
0
-1
-1
2
14
-0.33348410421706598
63
66
3
11
0.099308950589994671
64
65
0
10
0
-1
-1
0
1
0
-1
-1
1
3
0.63356498027463293
67
68
0
1
0
-1
-1
0
2
0
-1
-1
0
40
2.649924011835715
70
93
2
39
0.96441555432946346
71
80
1
6
-0.79813732651760561
72
79
1
5
-1.3639781377905755
73
76
2
2
0.78395442863373521
74
75
0
1
0
-1
-1
0
1
0
-1
-1
2
3
0.91996996861193969
77
78
0
2
0
-1
-1
0
1
0
-1
-1
0
1
0
-1
-1
3
33
1.7843702981783749
81
86
2
23
2.059476028516054
82
85
0
22
1.1248702279737131
83
84
0
16
0
-1
-1
0
6
0
-1
-1
0
1
0
-1
-1
0
10
1.7661204897165779
87
90
1
8
-0.24526264556001687
88
89
0
6
0
-1
-1
0
2
0
-1
-1
0
2
2.0991736797064702
91
92
0
1
0
-1
-1
0
1
0
-1
-1
0
1
0
-1
-1
0
50
0.15524276313493579
95
128
2
28
-0.52979912048429112
96
115
3
17
0.54927904811932859
97
114
3
16
-0.15203915320824546
98
107
3
12
-0.95312169953433323
99
100
0
1
0
-1
-1
3
11
-0.3361134480088549
101
104
1
9
1.6926621777679243
102
103
0
6
0
-1
-1
0
3
0
-1
-1
1
2
0.92311169554036498
105
106
0
1
0
-1
-1
0
1
0
-1
-1
2
4
-0.78597776373740713
108
109
0
1
0
-1
-1
1
3
2.0103155759242068
110
113
1
2
1.4315685476996363
111
112
0
1
0
-1
-1
0
1
0
-1
-1
0
1
0
-1
-1
0
1
0
-1
-1
1
11
1.6112194648091573
116
127
2
10
-0.45260937917447253
117
118
0
1
0
-1
-1
2
9
-0.29275122713411095
119
122
1
2
1.0698288270809952
120
121
0
1
0
-1
-1
0
1
0
-1
-1
3
7
-0.45946931346389508
123
124
0
1
0
-1
-1
3
6
0.29186012004015105
125
126
0
3
0
-1
-1
0
3
0
-1
-1
0
1
0
-1
-1
1
22
1.2066124802843627
129
142
2
9
0.41473965783857258
130
141
2
8
-0.77891533164546356
131
132
0
1
0
-1
-1
0
7
0.97628376227160252
133
134
0
1
0
-1
-1
2
6
-0.12640962840124609
135
138
1
3
0.88389447749846306
136
137
0
1
0
-1
-1
0
2
0
-1
-1
3
3
-0.16567116879057603
139
140
0
2
0
-1
-1
0
1
0
-1
-1
0
1
0
-1
-1
2
13
-0.65175849292637633
143
144
0
1
0
-1
-1
0
12
1.5187651287335862
145
158
0
8
1.060072890495827
146
151
3
3
-0.27214472246822657
147
148
0
1
0
-1
-1
1
2
1.3044814349511697
149
150
0
1
0
-1
-1
0
1
0
-1
-1
2
5
-0.061417135221447261
152
155
3
3
-1.0816249962823627
153
154
0
1
0
-1
-1
0
2
0
-1
-1
1
2
1.249864358966317
156
157
0
1
0
-1
-1
0
1
0
-1
-1
2
4
0.33140767609657434
159
164
0
3
1.8399767335929731
160
163
3
2
0.46035639959209151
161
162
0
1
0
-1
-1
0
1
0
-1
-1
0
1
0
-1
-1
0
1
0
-1
-1
163
2
206
0.22728766232008324
1
86
3
129
0.43472771157452006
2
75
1
123
-0.14546197331306709
3
30
0
14
0.29333787862888316
4
25
0
11
-0.59463407286538772
5
18
3
7
-1.3334116077691516
6
11
2
3
-0.96005781622953357
7
10
0
2
-1.2265081978587851
8
9
0
1
0
-1
-1
0
1
0
-1
-1
0
1
0
-1
-1
0
4
-1.3600942443677835
12
15
3
2
-1.3003473304612658
13
14
0
1
0
-1
-1
0
1
0
-1
-1
2
2
-0.53599155087452599
16
17
0
1
0
-1
-1
0
1
0
-1
-1
3
4
-1.4599469956882123
19
20
0
1
0
-1
-1
0
3
-0.43098673960866019
21
24
1
2
-0.30584424720018644
22
23
0
1
0
-1
-1
0
1
0
-1
-1
0
1
0
-1
-1
1
3
-0.38157974440716946
26
27
0
1
0
-1
-1
3
2
-0.75745907747114005
28
29
0
1
0
-1
-1
0
1
0
-1
-1
0
109
-1.3930405803405159
31
52
0
13
-1.6305134651698818
32
43
0
6
-1.7136580855525705
33
38
3
3
-0.90280134344949181
34
37
2
2
-1.0485881470576235
35
36
0
1
0
-1
-1
0
1
0
-1
-1
0
1
0
-1
-1
3
3
-1.2599352767554171
39
42
2
2
-0.87779969642041034
40
41
0
1
0
-1
-1
0
1
0
-1
-1
0
1
0
-1
-1
3
7
-0.39340904300775892
44
51
0
6
-1.5311862766831803
45
48
1
2
0.75021050787437382
46
47
0
1
0
-1
-1
0
1
0
-1
-1
1
4
0.0027304957900031179
49
50
0
1
0
-1
-1
0
3
0
-1
-1
0
1
0
-1
-1
3
96
-0.083892660103686456
53
62
3
81
-1.6910294597638489
54
55
0
1
0
-1
-1
0
80
-0.41217627546173496
56
59
1
46
0.29743938010010873
57
58
0
15
0
-1
-1
0
31
0
-1
-1
1
34
1.3344162904567467
60
61
0
31
0
-1
-1
0
3
0
-1
-1
2
15
-0.59758456246662883
63
68
3
5
0.16019379360887856
64
67
1
4
0.79264284660797646
65
66
0
1
0
-1
-1
0
3
0
-1
-1
0
1
0
-1
-1
2
10
-0.3490976917127524
69
72
1
2
0.50915173766207944
70
71
0
1
0
-1
-1
0
1
0
-1
-1
0
8
-1.0604730456018474
73
74
0
1
0
-1
-1
0
7
0
-1
-1
0
6
-0.70498212297847851
76
79
3
2
0.61375197806764559
77
78
0
1
0
-1
-1
0
1
0
-1
-1
2
4
-0.57829718873594749
80
81
0
1
0
-1
-1
2
3
0.028600962882214587
82
85
2
2
-0.30295128458585946
83
84
0
1
0
-1
-1
0
1
0
-1
-1
0
1
0
-1
-1
0
77
1.6620889999414583
87
154
0
72
1.0716204237330631
88
133
0
54
0.11880308467813405
89
112
1
15
-1.3662265284588404
90
103
3
9
0.61081294166599454
91
98
0
6
-0.30512243348205548
92
95
3
2
-0.0095789336872795922
93
94
0
1
0
-1
-1
0
1
0
-1
-1
1
4
-1.8460820100132707
96
97
0
1
0
-1
-1
0
3
0
-1
-1
3
3
0.74683394638936695
99
102
2
2
1.0324017795375122
100
101
0
1
0
-1
-1
0
1
0
-1
-1
0
1
0
-1
-1
1
6
-0.4900656078889517
104
109
0
4
-0.1387120909452203
105
106
0
1
0
-1
-1
1
3
-0.98594122642819337
107
108
0
2
0
-1
-1
0
1
0
-1
-1
2
2
1.2786447008585917
110
111
0
1
0
-1
-1
0
1
0
-1
-1
1
39
-1.5995602631753076
113
122
3
9
0.02421839140013899
114
115
0
1
0
-1
-1
0
8
0.42900814689569333
116
119
1
5
-1.7229911104927107
117
118
0
3
0
-1
-1
0
2
0
-1
-1
3
3
0.84945155684786233
120
121
0
1
0
-1
-1
0
2
0
-1
-1
0
30
0.90975555495346139
123
128
2
20
1.8621415775899548
124
127
2
19
1.1988410450819704
125
126
0
14
0
-1
-1
0
5
0
-1
-1
0
1
0
-1
-1
2
10
0.7955612928204846
129
130
0
1
0
-1
-1
0
9
1.0086929188535576
131
132
0
5
0
-1
-1
0
4
0
-1
-1
0
18
1.3307879796694264
134
145
1
13
0.80340727000799927
135
144
2
12
1.8092823300421208
136
143
0
11
1.1054502751315471
137
140
0
4
1.0861373348977446
138
139
0
1
0
-1
-1
0
3
0
-1
-1
3
7
1.8667761282866575
141
142
0
6
0
-1
-1
0
1
0
-1
-1
0
1
0
-1
-1
0
1
0
-1
-1
2
5
1.7631703584146357
146
151
0
3
1.4664446905334276
147
148
0
1
0
-1
-1
2
2
0.67128644738630161
149
150
0
1
0
-1
-1
0
1
0
-1
-1
0
2
1.4638635862929146
152
153
0
1
0
-1
-1
0
1
0
-1
-1
3
5
0.43733088780496543
155
158
2
2
0.39255590628611831
156
157
0
1
0
-1
-1
0
1
0
-1
-1
2
3
2.0729291788902158
159
160
0
1
0
-1
-1
1
2
-0.40387541565661478
161
162
0
1
0
-1
-1
0
1
0
-1
-1
125
1
206
-1.498188173064003
1
40
1
20
-1.8337095795354701
2
11
1
5
-2.0074162653387884
3
4
0
1
0
-1
-1
2
4
0.90111638073497979
5
8
3
2
0.17795344523707327
6
7
0
1
0
-1
-1
0
1
0
-1
-1
0
2
0.082502953565134152
9
10
0
1
0
-1
-1
0
1
0
-1
-1
3
15
0.79194189044764984
12
29
1
9
-1.6132584346902654
13
22
1
5
-1.7312885055751244
14
19
0
3
0.31334402427143082
15
16
0
1
0
-1
-1
2
2
1.0102022432046116
17
18
0
1
0
-1
-1
0
1
0
-1
-1
0
2
0.31759708131852582
20
21
0
1
0
-1
-1
0
1
0
-1
-1
3
4
0.11812017086119013
23
24
0
1
0
-1
-1
2
3
0.82587957946781199
25
26
0
1
0
-1
-1
2
2
1.3255257759831807
27
28
0
1
0
-1
-1
0
1
0
-1
-1
1
6
-1.7425141456731925
30
31
0
1
0
-1
-1
0
5
0.57341165247113268
32
35
1
2
-1.5757673859888919
33
34
0
1
0
-1
-1
0
1
0
-1
-1
1
3
-1.5925705450772958
36
39
3
2
0.99587431234522605
37
38
0
1
0
-1
-1
0
1
0
-1
-1
0
1
0
-1
-1
2
186
1.4075828877954106
41
90
2
165
1.0286355385171704
42
67
0
153
-1.7504534709547341
43
48
0
3
-1.828031773108159
44
45
0
1
0
-1
-1
0
2
-1.7689874679755788
46
47
0
1
0
-1
-1
0
1
0
-1
-1
2
150
-1.4564142367833433
49
58
3
5
-0.811760544903109
50
53
2
2
-1.7692853352341504
51
52
0
1
0
-1
-1
0
1
0
-1
-1
2
3
-1.5849854099991028
54
55
0
1
0
-1
-1
1
2
0.80004811346276672
56
57
0
1
0
-1
-1
0
1
0
-1
-1
3
145
-1.7967352035260236
59
60
0
1
0
-1
-1
0
144
1.1181302149596608
61
64
3
126
1.1235201857063593
62
63
0
121
0
-1
-1
0
5
0
-1
-1
3
18
-1.0271049728634223
65
66
0
1
0
-1
-1
0
17
0
-1
-1
2
12
1.3707978439398438
68
83
2
8
1.1441244071103649
69
78
3
5
0.67266791242679747
70
71
0
1
0
-1
-1
3
4
0.79100007059198629
72
75
0
2
0.73938394022223142
73
74
0
1
0
-1
-1
0
1
0
-1
-1
0
2
1.1317689993082958
76
77
0
1
0
-1
-1
0
1
0
-1
-1
3
3
1.4464852610163721
79
82
0
2
0.093320330150403183
80
81
0
1
0
-1
-1
0
1
0
-1
-1
0
1
0
-1
-1
0
4
0.23065077140573781
84
85
0
1
0
-1
-1
0
3
0.8071217582615644
86
89
1
2
-0.87962461428084071
87
88
0
1
0
-1
-1
0
1
0
-1
-1
0
1
0
-1
-1
3
21
1.6829726665640168
91
104
0
7
1.4179716598550935
92
101
3
5
1.1252183212076032
93
94
0
1
0
-1
-1
1
4
-0.76043233849198399
95
100
0
3
0.59482601784035638
96
97
0
1
0
-1
-1
0
2
0.95964959850548481
98
99
0
1
0
-1
-1
0
1
0
-1
-1
0
1
0
-1
-1
3
2
1.5833100167308709
102
103
0
1
0
-1
-1
0
1
0
-1
-1
3
14
1.6973956956711544
105
108
1
2
-1.0895859674158472
106
107
0
1
0
-1
-1
0
1
0
-1
-1
2
12
1.9274256692879219
109
116
1
4
-1.1302294962304029
110
111
0
1
0
-1
-1
0
3
1.145800929851692
112
115
1
2
-0.61336744706352542
113
114
0
1
0
-1
-1
0
1
0
-1
-1
0
1
0
-1
-1
0
8
2.5007800757042702
117
124
2
7
2.0746055912031749
118
121
0
4
1.9726790217666141
119
120
0
3
0
-1
-1
0
1
0
-1
-1
3
3
1.9972091763400681
122
123
0
1
0
-1
-1
0
2
0
-1
-1
0
1
0
-1
-1
175
0
206
0.87424297314934951
1
118
3
156
-1.0734370450132258
2
35
2
29
-0.4500875067573662
3
26
3
24
-1.1373934970825004
4
23
2
22
-1.1277404541083271
5
14
1
6
0.64017855132203405
6
11
1
4
-0.63760599066280987
7
8
0
1
0
-1
-1
3
3
-1.459916313838846
9
10
0
1
0
-1
-1
0
2
0
-1
-1
2
2
-1.6433490668211646
12
13
0
1
0
-1
-1
0
1
0
-1
-1
3
16
-1.8265815825811806
15
16
0
1
0
-1
-1
2
15
-0.7239076752688236
17
20
3
11
-1.1473472519727013
18
19
0
9
0
-1
-1
0
2
0
-1
-1
3
4
-1.4445920151693208
21
22
0
1
0
-1
-1
0
3
0
-1
-1
0
2
-1.5537176646170245
24
25
0
1
0
-1
-1
0
1
0
-1
-1
0
5
-1.3715549295645313
27
28
0
1
0
-1
-1
1
4
-0.25865868327532843
29
30
0
1
0
-1
-1
3
3
-1.2002418565892146
31
32
0
1
0
-1
-1
0
2
-1.1268572360440636
33
34
0
1
0
-1
-1
0
1
0
-1
-1
0
127
0.3273260781549554
36
91
1
98
-0.3099689251854385
37
62
3
25
0.68247513797262438
38
53
0
16
-0.29183930915866985
39
46
2
5
0.14805752017230889
40
43
0
2
-1.1372332988283711
41
42
0
1
0
-1
-1
0
1
0
-1
-1
0
3
-0.42168157150554791
44
45
0
1
0
-1
-1
0
2
0
-1
-1
0
11
0.12611071720290329
47
50
1
7
-1.1122425719928204
48
49
0
6
0
-1
-1
0
1
0
-1
-1
0
4
0.24103168211830356
51
52
0
1
0
-1
-1
0
3
0
-1
-1
0
9
-0.025435293228225103
54
55
0
1
0
-1
-1
1
8
-1.3252746639506332
56
59
0
5
0.22925515833418414
57
58
0
3
0
-1
-1
0
2
0
-1
-1
0
3
0.18901298975283629
60
61
0
1
0
-1
-1
0
2
0
-1
-1
3
73
-0.80108260797306341
63
78
3
16
-0.94546314762555728
64
71
1
7
-0.042328650210527494
65
68
0
2
-1.0838466760448398
66
67
0
1
0
-1
-1
0
1
0
-1
-1
1
5
0.46387554520907059
69
70
0
4
0
-1
-1
0
1
0
-1
-1
2
9
-0.9525292359528329
72
75
2
4
-1.1969838651731823
73
74
0
2
0
-1
-1
0
2
0
-1
-1
2
5
-0.39037417170086042
76
77
0
3
0
-1
-1
0
2
0
-1
-1
1
57
0.76738233354216323
79
84
3
31
1.0164497992259589
80
83
1
30
0.11013093020072048
81
82
0
8
0
-1
-1
0
22
0
-1
-1
0
1
0
-1
-1
1
26
2.0905922386837625
85
88
3
24
-0.0054007058465118662
86
87
0
14
0
-1
-1
0
10
0
-1
-1
3
2
-0.42191697529118116
89
90
0
1
0
-1
-1
0
1
0
-1
-1
1
29
0.54835980536766593
92
113
0
26
0.66845603781710505
93
104
1
20
0.23751840706568306
94
101
2
18
0.28408021612047896
95
98
0
4
0.40979874272491856
96
97
0
2
0
-1
-1
0
2
0
-1
-1
0
14
0.54107790204941209
99
100
0
10
0
-1
-1
0
4
0
-1
-1
3
2
-0.52694045460154237
102
103
0
1
0
-1
-1
0
1
0
-1
-1
2
6
0.3203601196709247
105
106
0
1
0
-1
-1
1
5
-1.1695181501296457
107
110
1
2
-1.1782605043052272
108
109
0
1
0
-1
-1
0
1
0
-1
-1
2
3
1.0552185728293089
111
112
0
1
0
-1
-1
0
2
0
-1
-1
0
3
0.53816203191522993
114
117
2
2
-0.47159906024804066
115
116
0
1
0
-1
-1
0
1
0
-1
-1
0
1
0
-1
-1
1
50
1.0816644231663426
119
154
0
37
2.8020319133518763
120
153
3
36
0.76896100426374092
121
132
1
12
-0.34872390310485302
122
123
0
1
0
-1
-1
2
11
-1.2457256444689186
124
125
0
1
0
-1
-1
1
10
0.91964713026541289
126
129
0
7
1.2197114541640797
127
128
0
5
0
-1
-1
0
2
0
-1
-1
2
3
-0.18963121880373665
130
131
0
1
0
-1
-1
0
2
0
-1
-1
0
24
1.3921754713002596
133
146
1
20
-0.92398151119707772
134
139
2
8
1.9364908906243858
135
138
2
7
1.1172694020147023
136
137
0
1
0
-1
-1
0
6
0
-1
-1
0
1
0
-1
-1
0
12
1.0221380560490818
140
143
1
4
-0.68308154964138756
141
142
0
1
0
-1
-1
0
3
0
-1
-1
0
8
1.1628116462821874
144
145
0
4
0
-1
-1
0
4
0
-1
-1
3
4
1.6816648813931332
147
150
1
2
-0.36832074195046943
148
149
0
1
0
-1
-1
0
1
0
-1
-1
0
2
2.0624024633938549
151
152
0
1
0
-1
-1
0
1
0
-1
-1
0
1
0
-1
-1
0
13
2.0683456942600489
155
174
1
12
1.412463263877223
156
165
3
6
-0.015333948609866033
157
164
2
5
0.54479744971997579
158
163
0
4
1.1089804268595105
159
160
0
1
0
-1
-1
2
3
-0.51933134240279488
161
162
0
1
0
-1
-1
0
2
0
-1
-1
0
1
0
-1
-1
0
1
0
-1
-1
0
6
1.7624689958596256
166
173
1
5
1.4974033306501036
167
172
3
4
0.44884567945878073
168
171
2
3
0.26900374068835387
169
170
0
2
0
-1
-1
0
1
0
-1
-1
0
1
0
-1
-1
0
1
0
-1
-1
0
1
0
-1
-1
0
1
0
-1
-1
143
2
206
1.3774363979003232
1
102
3
185
-1.1527986400014316
2
37
1
20
0.7109680329650282
3
36
2
19
-1.0907845135817369
4
15
3
6
-1.5314226041386823
5
6
0
1
0
-1
-1
0
5
-0.73579800429014763
7
14
3
4
-1.4213189689825751
8
11
0
2
-1.2019256359675794
9
10
0
1
0
-1
-1
0
1
0
-1
-1
2
2
-1.263035149868631
12
13
0
1
0
-1
-1
0
1
0
-1
-1
0
1
0
-1
-1
2
13
-0.88201866220528835
16
23
0
5
-1.4740639847427377
17
18
0
1
0
-1
-1
0
4
-1.1627778157868738
19
20
0
1
0
-1
-1
0
3
-0.59560662948619181
21
22
0
1
0
-1
-1
0
2
0
-1
-1
1
8
0.14655375728327352
24
31
1
5
-0.080735503138909731
25
28
0
3
-1.3523565655648861
26
27
0
1
0
-1
-1
0
2
0
-1
-1
3
2
-1.42483051543314
29
30
0
1
0
-1
-1
0
1
0
-1
-1
0
3
-1.382651102658806
32
33
0
1
0
-1
-1
1
2
0.35710090921548276
34
35
0
1
0
-1
-1
0
1
0
-1
-1
0
1
0
-1
-1
2
165
1.1711613216127714
38
85
1
155
0.22567889602463742
39
62
2
66
0.25945466787381455
40
49
3
28
0.54218308972344675
41
48
2
27
-0.91429778258589389
42
45
0
11
0.53012293109372233
43
44
0
10
0
-1
-1
0
1
0
-1
-1
3
16
-0.8256217485582874
46
47
0
6
0
-1
-1
0
10
0
-1
-1
0
1
0
-1
-1
3
38
0.087283169788268514
50
55
0
3
-0.16279943722620718
51
52
0
1
0
-1
-1
2
2
1.0286441142443776
53
54
0
1
0
-1
-1
0
1
0
-1
-1
3
35
0.55758122284276701
56
59
1
7
-1.7767753428802249
57
58
0
2
0
-1
-1
0
5
0
-1
-1
2
28
0.82193699632531692
60
61
0
9
0
-1
-1
0
19
0
-1
-1
3
89
0.45310590483494928
63
76
2
83
0.41227498173543409
64
71
3
79
-0.31382389458686399
65
68
3
45
-1.1230558447858918
66
67
0
4
0
-1
-1
0
41
0
-1
-1
2
34
-0.77032677542515349
69
70
0
5
0
-1
-1
0
29
0
-1
-1
0
4
2.0076794756854461
72
75
1
3
1.2264629209767117
73
74
0
2
0
-1
-1
0
1
0
-1
-1
0
1
0
-1
-1
2
6
-0.17400842837904906
77
82
2
4
-0.36755713422505365
78
81
2
3
-0.93658878481464725
79
80
0
1
0
-1
-1
0
2
0
-1
-1
0
1
0
-1
-1
0
2
0.17890759407690338
83
84
0
1
0
-1
-1
0
1
0
-1
-1
0
10
-0.01405964181452285
86
87
0
1
0
-1
-1
3
9
0.81092234637092919
88
89
0
1
0
-1
-1
0
8
0.32243907726601173
90
95
3
3
1.1032279002504151
91
92
0
1
0
-1
-1
3
2
1.1870840162446124
93
94
0
1
0
-1
-1
0
1
0
-1
-1
1
5
-1.3954356931115306
96
99
3
2
1.8701383209562386
97
98
0
1
0
-1
-1
0
1
0
-1
-1
1
3
-0.66302053265724747
100
101
0
2
0
-1
-1
0
1
0
-1
-1
3
21
2.0548085727418588
103
134
3
16
1.7321089057541257
104
121
2
9
1.6895645534244517
105
112
3
4
1.5647032929450566
106
111
1
3
-0.8499825263326839
107
110
0
2
0.52913031863891313
108
109
0
1
0
-1
-1
0
1
0
-1
-1
0
1
0
-1
-1
0
1
0
-1
-1
0
5
1.1590608905800102
113
116
3
2
1.1821677544193416
114
115
0
1
0
-1
-1
0
1
0
-1
-1
3
3
1.3430415515288134
117
118
0
1
0
-1
-1
1
2
-0.19184671470134129
119
120
0
1
0
-1
-1
0
1
0
-1
-1
3
7
1.8868066455361041
122
131
0
5
1.7798772614816101
123
130
2
4
1.7409849617398037
124
129
3
3
1.8739182659254849
125
128
0
2
1.1908655360108749
126
127
0
1
0
-1
-1
0
1
0
-1
-1
0
1
0
-1
-1
0
1
0
-1
-1
0
1
0
-1
-1
1
2
-0.50663701049783205
132
133
0
1
0
-1
-1
0
1
0
-1
-1
3
5
2.2255436978084204
135
140
1
3
-0.58958613974563401
136
139
3
2
2.0813718429704622
137
138
0
1
0
-1
-1
0
1
0
-1
-1
0
1
0
-1
-1
3
2
2.3440356494786934
141
142
0
1
0
-1
-1
0
1
0
-1
-1
115
2
206
-1.6524121697724967
1
2
0
1
0
-1
-1
3
205
-0.30936007721796521
3
78
3
90
-0.49920783813977199
4
53
3
74
-0.94521751088143768
5
28
1
41
0.45667558186040369
6
19
2
34
-0.68589470003759789
7
12
1
26
0.3810163898010358
8
11
1
25
0.32444081526199398
9
10
0
21
0
-1
-1
0
4
0
-1
-1
0
1
0
-1
-1
0
8
0.017297460592094582
13
16
0
5
-1.2457885815655265
14
15
0
3
0
-1
-1
0
2
0
-1
-1
1
3
-0.38535424194988277
17
18
0
1
0
-1
-1
0
2
0
-1
-1
3
7
-1.5192958945472739
20
21
0
1
0
-1
-1
1
6
0.92859997663061278
22
25
1
3
0.66134758984376285
23
24
0
2
0
-1
-1
0
1
0
-1
-1
0
3
0.70131493421937319
26
27
0
2
0
-1
-1
0
1
0
-1
-1
1
33
0.27643466307548636
29
40
3
14
-0.74320159101918781
30
35
2
6
-0.41262731869409208
31
34
2
5
-1.0604418464707601
32
33
0
1
0
-1
-1
0
4
0
-1
-1
0
1
0
-1
-1
3
8
-0.61373476037113084
36
39
2
7
-1.2224937224369719
37
38
0
1
0
-1
-1
0
6
0
-1
-1
0
1
0
-1
-1
3
19
-0.57853816415233961
41
48
3
14
-0.78742605774706498
42
45
3
6
-0.90083268489118551
43
44
0
1
0
-1
-1
0
5
0
-1
-1
1
8
1.2124781638339177
46
47
0
7
0
-1
-1
0
1
0
-1
-1
1
5
1.0469119912805196
49
52
2
4
-0.71386834784910447
50
51
0
1
0
-1
-1
0
3
0
-1
-1
0
1
0
-1
-1
0
16
-1.4446104304150025
54
55
0
1
0
-1
-1
1
15
0.62788366870995005
56
65
1
8
0.60327485341033005
57
64
2
7
-0.93279367298256832
58
61
1
2
0.35980882862392793
59
60
0
1
0
-1
-1
0
1
0
-1
-1
0
5
-0.93594265026604417
62
63
0
1
0
-1
-1
0
4
0
-1
-1
0
1
0
-1
-1
3
7
-0.42850981650324299
66
73
0
4
-0.12011254942143457
67
70
0
2
-1.0668155393905137
68
69
0
1
0
-1
-1
0
1
0
-1
-1
2
2
-0.075422919137808297
71
72
0
1
0
-1
-1
0
1
0
-1
-1
1
3
1.6098428434209671
74
77
1
2
1.1811080452670244
75
76
0
1
0
-1
-1
0
1
0
-1
-1
0
1
0
-1
-1
3
115
2.2806693529266568
79
114
1
114
1.9242292816257724
80
111
0
112
-0.14883025657298399
81
96
3
28
0.13704852763309466
82
89
1
15
1.377157335481298
83
86
1
13
-0.26030367732357962
84
85
0
1
0
-1
-1
0
12
0
-1
-1
0
2
-0.49646642611175329
87
88
0
1
0
-1
-1
0
1
0
-1
-1
0
13
-0.71315367726243339
90
93
0
4
-0.85990786275379538
91
92
0
1
0
-1
-1
0
3
0
-1
-1
2
9
0.34369132945895198
94
95
0
6
0
-1
-1
0
3
0
-1
-1
1
84
0.048043292009419591
97
104
3
64
0.5755641684853614
98
101
0
9
0.079111690192255057
99
100
0
3
0
-1
-1
0
6
0
-1
-1
2
55
1.6484809819546777
102
103
0
40
0
-1
-1
0
15
0
-1
-1
2
20
-0.40896193824681154
105
108
1
2
1.5758539823944511
106
107
0
1
0
-1
-1
0
1
0
-1
-1
2
18
0.34238400988020723
109
110
0
13
0
-1
-1
0
5
0
-1
-1
2
2
-0.4935209173191627
112
113
0
1
0
-1
-1
0
1
0
-1
-1
0
1
0
-1
-1
193
1
206
0.36236178999776625
1
110
3
128
-0.99347640743771837
2
41
2
28
-0.63664125175580066
3
30
0
22
-1.3467444857141788
4
17
0
7
-1.4681953033823747
5
12
2
4
-0.72524330988301866
6
11
1
3
-0.10363320767931075
7
8
0
1
0
-1
-1
1
2
-0.023096119825945546
9
10
0
1
0
-1
-1
0
1
0
-1
-1
0
1
0
-1
-1
3
3
-1.6414435872224504
13
14
0
1
0
-1
-1
0
2
-1.4289701504637875
15
16
0
1
0
-1
-1
0
1
0
-1
-1
0
15
0.49258275411438346
18
27
2
13
-1.2067845545172491
19
22
2
2
-1.3332005483840126
20
21
0
1
0
-1
-1
0
1
0
-1
-1
3
11
-1.6428862082736189
23
24
0
1
0
-1
-1
1
10
-0.35624563974419349
25
26
0
1
0
-1
-1
0
9
0
-1
-1
1
2
0.22145948686280753
28
29
0
1
0
-1
-1
0
1
0
-1
-1
0
6
-0.20340180315366041
31
36
3
3
-1.0162358952049375
32
35
3
2
-1.0782824669054984
33
34
0
1
0
-1
-1
0
1
0
-1
-1
0
1
0
-1
-1
1
3
0.2561022418927304
37
40
3
2
-1.149603889018854
38
39
0
1
0
-1
-1
0
1
0
-1
-1
0
1
0
-1
-1
3
100
-0.032434352276326184
42
77
0
31
0.3288759460887567
43
62
3
23
-0.5304418776335651
44
53
0
16
-1.4590542388939562
45
46
0
1
0
-1
-1
1
15
-0.029471291262590654
47
50
1
5
-0.19712695453044968
48
49
0
1
0
-1
-1
0
4
0
-1
-1
0
10
0.17713911316757325
51
52
0
9
0
-1
-1
0
1
0
-1
-1
1
7
-1.6591570354205927
54
55
0
1
0
-1
-1
3
6
-0.36352102902907701
56
59
3
3
-0.47112591800342918
57
58
0
1
0
-1
-1
0
2
0
-1
-1
2
3
-0.22465298187355109
60
61
0
1
0
-1
-1
0
2
0
-1
-1
1
8
0.017297692127451747
63
66
0
2
0.43345235468755733
64
65
0
1
0
-1
-1
0
1
0
-1
-1
1
6
0.060832240312361292
67
70
0
2
1.025504214748995
68
69
0
1
0
-1
-1
0
1
0
-1
-1
2
4
-0.7728406628538016
71
74
1
2
0.20029871684990552
72
73
0
1
0
-1
-1
0
1
0
-1
-1
2
2
-0.67563784003650162
75
76
0
1
0
-1
-1
0
1
0
-1
-1
0
69
1.6341575586842148
78
105
3
66
1.6682293484544242
79
92
0
50
0.78929668076118853
80
87
3
38
1.4124857804714124
81
84
3
36
0.10420040483503415
82
83
0
2
0
-1
-1
0
34
0
-1
-1
3
2
1.4925434401054061
85
86
0
1
0
-1
-1
0
1
0
-1
-1
3
12
0.73777280976444637
88
89
0
1
0
-1
-1
1
11
-0.8969033183945091
90
91
0
3
0
-1
-1
0
8
0
-1
-1
1
16
-1.150503780086606
93
98
3
4
1.740552038279005
94
95
0
1
0
-1
-1
0
3
1.1783327884627022
96
97
0
2
0
-1
-1
0
1
0
-1
-1
1
12
-0.69476314039763309
99
102
1
4
-0.82883662606716113
100
101
0
2
0
-1
-1
0
2
0
-1
-1
1
8
-0.11373063514134119
103
104
0
7
0
-1
-1
0
1
0
-1
-1
3
3
2.2087402542844794
106
109
2
2
2.0566069141606058
107
108
0
1
0
-1
-1
0
1
0
-1
-1
0
1
0
-1
-1
3
78
-1.1171017890030248
111
122
2
6
-1.826489021323618
112
113
0
1
0
-1
-1
3
5
-1.2800968102385539
114
117
1
2
0.46645152487321029
115
116
0
1
0
-1
-1
0
1
0
-1
-1
0
3
0.02984959133003473
118
121
1
2
0.72508661576935718
119
120
0
1
0
-1
-1
0
1
0
-1
-1
0
1
0
-1
-1
2
72
-0.60484016371019433
123
154
3
30
-0.85187939963491321
124
127
3
2
-0.9988149184841778
125
126
0
1
0
-1
-1
0
1
0
-1
-1
2
28
-1.0294594402893806
128
141
1
10
0.69572426942352361
129
134
0
4
-0.45832860543843035
130
133
3
3
0.10638965857524429
131
132
0
2
0
-1
-1
0
1
0
-1
-1
0
1
0
-1
-1
1
6
0.94499624333626697
135
138
3
4
-0.61194852587567428
136
137
0
2
0
-1
-1
0
2
0
-1
-1
0
2
-1.1604850610580424
139
140
0
1
0
-1
-1
0
1
0
-1
-1
3
18
-0.63179827138268296
142
147
0
3
-0.95089937873961716
143
144
0
1
0
-1
-1
2
2
-0.81078023402170996
145
146
0
1
0
-1
-1
0
1
0
-1
-1
2
15
-0.76287726646719811
148
151
3
8
0.058074732714855859
149
150
0
5
0
-1
-1
0
3
0
-1
-1
2
7
-0.67764705245401058
152
153
0
4
0
-1
-1
0
3
0
-1
-1
3
42
-0.39930292381059662
155
170
1
12
1.1182524555582058
156
167
1
10
0.96326347349998265
157
164
0
8
0.28251115683277694
158
161
0
4
-1.4911816956010102
159
160
0
1
0
-1
-1
0
3
0
-1
-1
2
4
-0.23516387732209573
162
163
0
1
0
-1
-1
0
3
0
-1
-1
1
2
1.0237258474251494
165
166
0
1
0
-1
-1
0
1
0
-1
-1
2
2
-0.49549933418758407
168
169
0
1
0
-1
-1
0
1
0
-1
-1
2
30
-0.31914547511365021
171
180
3
6
0.39545619209080562
172
179
3
5
-0.045590031234305606
173
176
1
2
2.0053034458378081
174
175
0
1
0
-1
-1
0
1
0
-1
-1
2
3
-0.43226041560639578
177
178
0
1
0
-1
-1
0
2
0
-1
-1
0
1
0
-1
-1
2
24
0.1623967556085314
181
186
0
12
1.836121411305089
182
185
2
11
-0.21357604708070027
183
184
0
4
0
-1
-1
0
7
0
-1
-1
0
1
0
-1
-1
1
12
1.268711870826813
187
190
1
6
0.66619041172066218
188
189
0
1
0
-1
-1
0
5
0
-1
-1
2
6
0.41008247158937405
191
192
0
5
0
-1
-1
0
1
0
-1
-1
129
2
206
1.0261552657723954
1
82
3
165
1.0974274992798823
2
71
3
159
-0.57738027426184346
3
22
2
69
-1.5762412973442457
4
5
0
1
0
-1
-1
1
68
-0.61532297690331916
6
7
0
1
0
-1
-1
0
67
-1.2063552498730523
8
15
2
22
-0.79656122178692468
9
12
0
12
-1.7298432892060411
10
11
0
1
0
-1
-1
0
11
0
-1
-1
3
10
-0.92809190239602835
13
14
0
7
0
-1
-1
0
3
0
-1
-1
0
45
1.1058617088457845
16
19
0
41
-0.37098355369678482
17
18
0
23
0
-1
-1
0
18
0
-1
-1
0
4
2.4322203578080117
20
21
0
3
0
-1
-1
0
1
0
-1
-1
3
90
-0.43759846942342084
23
42
3
14
-0.5588882147672819
24
31
1
4
0.21582602566360098
25
26
0
1
0
-1
-1
1
3
0.48945606708810674
27
28
0
1
0
-1
-1
2
2
-0.5697496022957218
29
30
0
1
0
-1
-1
0
1
0
-1
-1
3
10
-0.50430463393567615
32
35
0
2
1.2802980810478268
33
34
0
1
0
-1
-1
0
1
0
-1
-1
1
8
0.57441646237672961
36
39
3
3
-0.4676858462074121
37
38
0
2
0
-1
-1
0
1
0
-1
-1
0
5
-1.2750186034601838
40
41
0
2
0
-1
-1
0
3
0
-1
-1
3
76
-0.24763709809969264
43
58
1
17
1.0082866681152758
44
51
2
10
-0.62611832048684546
45
48
3
5
-0.32812800577324486
46
47
0
3
0
-1
-1
0
2
0
-1
-1
1
5
0.54166827686792629
49
50
0
3
0
-1
-1
0
2
0
-1
-1
1
7
1.5210682002322042
52
55
3
5
-0.30911485323384225
53
54
0
2
0
-1
-1
0
3
0
-1
-1
3
2
-0.31535516794412288
56
57
0
1
0
-1
-1
0
1
0
-1
-1
0
59
1.551473190218454
59
66
3
55
0.35681341886626261
60
63
2
32
-0.24929713006394083
61
62
0
16
0
-1
-1
0
16
0
-1
-1
0
23
-0.14827611406002017
64
65
0
8
0
-1
-1
0
15
0
-1
-1
2
4
0.11778950937078154
67
68
0
1
0
-1
-1
2
3
0.31657948761500249
69
70
0
2
0
-1
-1
0
1
0
-1
-1
3
6
1.5933359156524007
72
79
3
4
1.1722320866206379
73
74
0
1
0
-1
-1
2
3
0.55540690591458686
75
76
0
1
0
-1
-1
2
2
1.0064590122367563
77
78
0
1
0
-1
-1
0
1
0
-1
-1
3
2
1.8009749410947724
80
81
0
1
0
-1
-1
0
1
0
-1
-1
1
41
-0.27817193574079235
83
118
1
35
-0.66772655136599646
84
105
1
28
-1.7492518951540577
85
88
0
2
0.057809455560644693
86
87
0
1
0
-1
-1
0
1
0
-1
-1
0
26
-0.019670773051133295
89
90
0
1
0
-1
-1
2
25
1.5007942716374059
91
98
1
17
-1.481484992965266
92
95
2
5
1.2291103815370037
93
94
0
2
0
-1
-1
0
3
0
-1
-1
1
12
-1.0063670777829046
96
97
0
8
0
-1
-1
0
4
0
-1
-1
2
8
1.8753998687078415
99
102
3
6
1.2302044954406588
100
101
0
1
0
-1
-1
0
5
0
-1
-1
0
2
1.0414028960234807
103
104
0
1
0
-1
-1
0
1
0
-1
-1
1
7
-0.64206507660626166
106
111
2
3
1.9662223083373929
107
108
0
1
0
-1
-1
0
2
0.8708144867590627
109
110
0
1
0
-1
-1
0
1
0
-1
-1
2
4
1.6031656864549102
112
113
0
1
0
-1
-1
1
3
-0.50680051001706938
114
117
2
2
1.7033928286123319
115
116
0
1
0
-1
-1
0
1
0
-1
-1
0
1
0
-1
-1
3
6
2.0930198316469055
119
128
1
5
-0.2010145225653871
120
121
0
1
0
-1
-1
2
4
1.9476646850050636
122
123
0
1
0
-1
-1
1
3
-0.11097591832332435
124
125
0
1
0
-1
-1
3
2
1.7959791848247657
126
127
0
1
0
-1
-1
0
1
0
-1
-1
0
1
0
-1
-1
141
3
206
0.33404223667676436
1
82
1
133
-0.30842651824774459
2
35
2
17
-0.078818300342764269
3
22
3
10
-1.0205530752412857
4
19
0
8
0.21389828883682127
5
14
2
5
-0.7955033755744112
6
11
0
3
-0.22196387261780814
7
10
2
2
-1.1801682195486605
8
9
0
1
0
-1
-1
0
1
0
-1
-1
0
1
0
-1
-1
2
2
-0.74314231816641652
12
13
0
1
0
-1
-1
0
1
0
-1
-1
1
3
-0.34917570998972747
15
16
0
1
0
-1
-1
3
2
-1.3013243281708893
17
18
0
1
0
-1
-1
0
1
0
-1
-1
3
2
-0.90565565399675452
20
21
0
1
0
-1
-1
0
1
0
-1
-1
3
7
0.043899477999954153
23
28
3
3
-0.030583801759358098
24
27
1
2
-1.5509385816584487
25
26
0
1
0
-1
-1
0
1
0
-1
-1
0
1
0
-1
-1
0
4
0.19616619475098418
29
30
0
1
0
-1
-1
3
3
0.24176365314471693
31
32
0
1
0
-1
-1
1
2
-1.5201185690329657
33
34
0
1
0
-1
-1
0
1
0
-1
-1
1
116
1.7131575152870726
36
71
3
110
-0.90209358187277733
37
54
2
34
-0.81023763893405842
38
45
2
16
-1.576497902747876
39
40
0
1
0
-1
-1
2
15
-1.3470696767043171
41
42
0
1
0
-1
-1
3
14
-1.0067466608147342
43
44
0
13
0
-1
-1
0
1
0
-1
-1
1
18
0.80208554044171831
46
51
1
16
0.72191828240277089
47
50
0
15
1.162322724970644
48
49
0
14
0
-1
-1
0
1
0
-1
-1
0
1
0
-1
-1
2
2
-0.29505016032693404
52
53
0
1
0
-1
-1
0
1
0
-1
-1
2
76
0.69603933524650707
55
70
2
75
-0.65477139436848653
56
63
2
33
-0.8706420724587397
57
60
0
23
2.3344743073147614
58
59
0
22
0
-1
-1
0
1
0
-1
-1
0
10
-1.2443771509456769
61
62
0
1
0
-1
-1
0
9
0
-1
-1
3
42
-0.52626665445433951
64
67
1
11
0.22750081420578627
65
66
0
5
0
-1
-1
0
6
0
-1
-1
0
31
0.68421612232329831
68
69
0
18
0
-1
-1
0
13
0
-1
-1
0
1
0
-1
-1
0
6
1.63052928446686
72
81
1
5
1.9071525249463046
73
76
2
2
-0.70678833882344771
74
75
0
1
0
-1
-1
0
1
0
-1
-1
1
3
2.0636613887262629
77
78
0
1
0
-1
-1
0
2
-0.40436413528333315
79
80
0
1
0
-1
-1
0
1
0
-1
-1
0
1
0
-1
-1
3
73
2.0570941790330202
83
130
1
67
0.26518388736344489
84
113
0
57
-0.12535682436476991
85
94
1
5
-0.59117784660472883
86
93
2
4
0.86117711764651061
87
92
2
3
0.52077307376154902
88
89
0
1
0
-1
-1
2
2
0.6601598730982875
90
91
0
1
0
-1
-1
0
1
0
-1
-1
0
1
0
-1
-1
0
1
0
-1
-1
2
52
1.6841832370975918
95
104
1
43
-0.43393893443153519
96
103
1
42
-1.4619956928585345
97
100
1
13
-1.9040169311932715
98
99
0
1
0
-1
-1
0
12
0
-1
-1
2
29
1.6185906636416783
101
102
0
27
0
-1
-1
0
2
0
-1
-1
0
1
0
-1
-1
0
9
1.6800770393663589
105
112
2
8
2.062304716892478
106
109
2
6
1.8494516532495102
107
108
0
3
0
-1
-1
0
3
0
-1
-1
3
2
1.8739099807286759
110
111
0
1
0
-1
-1
0
1
0
-1
-1
0
1
0
-1
-1
1
10
0.93502881415729866
114
117
1
2
0.61843536180287872
115
116
0
1
0
-1
-1
0
1
0
-1
-1
0
8
0.034822012610701281
118
125
0
5
-0.25121614685239646
119
124
1
4
1.4233044632377041
120
123
2
3
-0.86653805563137554
121
122
0
1
0
-1
-1
0
2
0
-1
-1
0
1
0
-1
-1
0
1
0
-1
-1
2
3
-0.001387610167204012
126
127
0
1
0
-1
-1
0
2
1.6206110491213974
128
129
0
1
0
-1
-1
0
1
0
-1
-1
0
6
1.5048823121711461
131
138
2
4
2.0780635035820119
132
137
3
3
2.190142618694257
133
136
0
2
0.87824892073135419
134
135
0
1
0
-1
-1
0
1
0
-1
-1
0
1
0
-1
-1
0
1
0
-1
-1
3
2
2.1736669883768025
139
140
0
1
0
-1
-1
0
1
0
-1
-1
165
3
206
0.77866997046218622
1
102
1
160
-0.77773739008047382
2
41
2
23
0.93014041027409733
3
20
3
11
0.056561431552467081
4
7
3
2
0.01489073683623289
5
6
0
1
0
-1
-1
0
1
0
-1
-1
3
9
0.21360419802582828
8
9
0
1
0
-1
-1
0
8
0.17292924757584049
10
15
1
5
-1.7043239343321988
11
12
0
1
0
-1
-1
2
4
0.57334689849313802
13
14
0
1
0
-1
-1
0
3
0
-1
-1
0
3
0.32220703566164438
16
19
3
2
0.39808158417509176
17
18
0
1
0
-1
-1
0
1
0
-1
-1
0
1
0
-1
-1
2
12
0.96623969346913552
21
28
1
4
-1.7184059999123498
22
27
3
3
0.50333328494897189
23
24
0
1
0
-1
-1
0
2
-0.36440462795241491
25
26
0
1
0
-1
-1
0
1
0
-1
-1
0
1
0
-1
-1
3
8
0.62866820156725056
29
32
0
2
0.38395420477233477
30
31
0
1
0
-1
-1
0
1
0
-1
-1
0
6
0.8467516316599486
33
40
0
5
0.60352810031914794
34
37
2
3
1.1576879731737497
35
36
0
1
0
-1
-1
0
2
0
-1
-1
3
2
0.69029555079999538
38
39
0
1
0
-1
-1
0
1
0
-1
-1
0
1
0
-1
-1
3
137
0.48141921389833331
42
91
0
131
0.42472333236533344
43
68
3
97
-1.1089128431248887
44
57
3
22
-1.3969491495821207
45
52
2
7
-1.019385803329544
46
49
2
3
-1.2065096771235335
47
48
0
1
0
-1
-1
0
2
0
-1
-1
3
4
-1.5501615374086406
50
51
0
2
0
-1
-1
0
2
0
-1
-1
2
15
-1.6931249363737835
53
54
0
1
0
-1
-1
2
14
-1.2534308099658809
55
56
0
3
0
-1
-1
0
11
0
-1
-1
1
75
1.5648304262020607
58
63
1
69
1.3867516131395128
59
62
3
68
-0.46252634285887095
60
61
0
42
0
-1
-1
0
26
0
-1
-1
0
1
0
-1
-1
2
6
-0.64200421266095897
64
67
2
5
-0.72591994460594433
65
66
0
2
0
-1
-1
0
3
0
-1
-1
0
1
0
-1
-1
2
34
0.24840876565261638
69
78
2
27
-1.3278338806452679
70
71
0
1
0
-1
-1
0
26
0.87420096485774379
72
75
1
10
-0.31399217558157966
73
74
0
2
0
-1
-1
0
8
0
-1
-1
2
16
-0.62335379302442018
76
77
0
1
0
-1
-1
0
15
0
-1
-1
2
7
0.50664320939837371
79
86
0
4
1.6806397681249894
80
83
3
2
0.30398858049860644
81
82
0
1
0
-1
-1
0
1
0
-1
-1
2
2
0.33740725497266694
84
85
0
1
0
-1
-1
0
1
0
-1
-1
1
3
0.97284593413183318
87
88
0
1
0
-1
-1
2
2
0.74409745636737834
89
90
0
1
0
-1
-1
0
1
0
-1
-1
2
6
-1.0882403736047859
92
93
0
1
0
-1
-1
3
5
0.72296988455645772
94
101
1
4
0.8607300818029372
95
96
0
1
0
-1
-1
0
3
0.27585002307379569
97
100
1
2
1.2759010329231768
98
99
0
1
0
-1
-1
0
1
0
-1
-1
0
1
0
-1
-1
0
1
0
-1
-1
0
46
1.2204392270007181
103
148
3
37
1.3245505736595597
104
125
3
15
0.79669369453044603
105
108
1
2
-1.3941897163828845
106
107
0
1
0
-1
-1
0
1
0
-1
-1
0
13
1.0093474587317104
109
122
1
11
-1.1752876220868289
110
117
3
8
1.0028316084027962
111
114
0
5
-0.035215840663797141
112
113
0
1
0
-1
-1
0
4
0
-1
-1
0
3
0.24366338752303215
115
116
0
2
0
-1
-1
0
1
0
-1
-1
2
3
1.3626222196232276
118
121
1
2
-0.78668099957646243
119
120
0
1
0
-1
-1
0
1
0
-1
-1
0
1
0
-1
-1
0
2
1.1795564781031576
123
124
0
1
0
-1
-1
0
1
0
-1
-1
1
22
0.024420184627801156
126
147
1
21
-1.3273030559373629
127
132
1
3
-1.4719846645682169
128
129
0
1
0
-1
-1
1
2
-1.4317790397759929
130
131
0
1
0
-1
-1
0
1
0
-1
-1
0
18
0.9569138786505117
133
140
0
7
0.77374770306496332
134
137
3
3
1.6249627980324928
135
136
0
2
0
-1
-1
0
1
0
-1
-1
3
4
2.0159419818228148
138
139
0
3
0
-1
-1
0
1
0
-1
-1
2
11
1.8822219043669994
141
144
0
8
1.2096645759962448
142
143
0
7
0
-1
-1
0
1
0
-1
-1
2
3
2.0643302492583655
145
146
0
2
0
-1
-1
0
1
0
-1
-1
0
1
0
-1
-1
0
9
2.67218265510789
149
164
2
8
1.2812315727796555
150
151
0
1
0
-1
-1
0
7
1.3037071096793185
152
155
3
2
1.3342998949290412
153
154
0
1
0
-1
-1
0
1
0
-1
-1
1
5
-0.71226527115506699
156
157
0
1
0
-1
-1
1
4
-0.21753414165335039
158
161
3
2
1.8574880683010113
159
160
0
1
0
-1
-1
0
1
0
-1
-1
0
2
1.6070706843573437
162
163
0
1
0
-1
-1
0
1
0
-1
-1
0
1
0
-1
-1
109
3
206
2.0076564739200453
1
98
3
200
-1.1179757020973824
2
35
1
25
1.2665936748076358
3
34
3
24
-1.4878542547501779
4
13
3
5
-1.7027978437247548
5
8
3
2
-1.853347494481296
6
7
0
1
0
-1
-1
0
1
0
-1
-1
1
3
-0.090073052122866565
9
12
1
2
-0.25085707809402813
10
11
0
1
0
-1
-1
0
1
0
-1
-1
0
1
0
-1
-1
3
19
-1.220325167248856
14
25
0
12
-0.5732475126402794
15
22
0
10
-1.4176844456015465
16
19
2
4
-1.0169178582165868
17
18
0
1
0
-1
-1
0
3
0
-1
-1
3
6
-1.3651044435189001
20
21
0
2
0
-1
-1
0
4
0
-1
-1
0
2
-0.51681362195803837
23
24
0
1
0
-1
-1
0
1
0
-1
-1
2
7
-1.3435189604440512
26
27
0
1
0
-1
-1
1
6
0.24592420248108054
28
31
3
3
-1.1441040911035889
29
30
0
2
0
-1
-1
0
1
0
-1
-1
0
3
0.16024449555950959
32
33
0
2
0
-1
-1
0
1
0
-1
-1
0
1
0
-1
-1
2
175
1.7483101795616045
36
85
0
168
-0.53058722946114423
37
56
1
55
1.3069438854887376
38
47
2
50
0.76605245307960845
39
46
1
49
-0.12024792038189358
40
43
1
4
-0.48212194453673296
41
42
0
1
0
-1
-1
0
3
0
-1
-1
0
45
-1.6769532781641854
44
45
0
4
0
-1
-1
0
41
0
-1
-1
0
1
0
-1
-1
1
5
1.9549944238497294
48
53
3
3
-0.45198457114337032
49
50
0
1
0
-1
-1
3
2
-0.32645159360388337
51
52
0
1
0
-1
-1
0
1
0
-1
-1
2
2
-0.63294524238290795
54
55
0
1
0
-1
-1
0
1
0
-1
-1
3
113
-0.80209001504674682
57
70
3
9
-0.91625654849628624
58
63
3
5
-1.0267092095931694
59
60
0
1
0
-1
-1
2
4
-0.091439124847924491
61
62
0
3
0
-1
-1
0
1
0
-1
-1
0
4
-0.074642738560630861
64
67
0
2
-0.22178879803376012
65
66
0
1
0
-1
-1
0
1
0
-1
-1
0
2
0.28160711050228743
68
69
0
1
0
-1
-1
0
1
0
-1
-1
3
104
-0.21935206238111105
71
78
1
24
-0.082067655311596932
72
75
0
2
0.32811919276908708
73
74
0
1
0
-1
-1
0
1
0
-1
-1
3
22
-0.75039794600912568
76
77
0
2
0
-1
-1
0
20
0
-1
-1
2
80
1.005451392531806
79
82
2
47
0.28985809254023009
80
81
0
20
0
-1
-1
0
27
0
-1
-1
1
33
-1.2728477515632259
83
84
0
11
0
-1
-1
0
22
0
-1
-1
2
7
1.889882477838061
86
87
0
1
0
-1
-1
0
6
1.8408191442750024
88
97
2
5
2.0140021595258659
89
94
0
3
1.4667698774476643
90
93
1
2
-1.0736986494033114
91
92
0
1
0
-1
-1
0
1
0
-1
-1
0
1
0
-1
-1
1
2
-0.41751409893817448
95
96
0
1
0
-1
-1
0
1
0
-1
-1
0
1
0
-1
-1
1
6
-0.4903183317521087
99
108
3
5
2.2003612966993118
100
107
0
4
1.3767876770539353
101
106
2
3
1.5612682660044053
102
103
0
1
0
-1
-1
2
2
2.0662992086475067
104
105
0
1
0
-1
-1
0
1
0
-1
-1
0
1
0
-1
-1
0
1
0
-1
-1
0
1
0
-1
-1
117
0
206
2.2219499957660629
1
114
3
204
0.36058498769161029
2
69
3
135
-0.51153678072450282
3
24
1
74
-0.51160664665933875
4
7
1
2
-0.60512689673237152
5
6
0
1
0
-1
-1
0
1
0
-1
-1
2
72
-1.6532904352522677
8
9
0
1
0
-1
-1
1
71
0.73866816162465398
10
17
0
59
0.62604181341973786
11
14
2
54
-1.0678023150226075
12
13
0
15
0
-1
-1
0
39
0
-1
-1
0
5
1.1432817545891878
15
16
0
4
0
-1
-1
0
1
0
-1
-1
1
12
0.78800311435946702
18
21
2
4
-1.3946901002934664
19
20
0
1
0
-1
-1
0
3
0
-1
-1
2
8
-1.220690657705487
22
23
0
1
0
-1
-1
0
7
0
-1
-1
1
61
1.1361426849897753
25
50
2
41
0.042342482855540764
26
37
2
29
-1.4267499483034649
27
30
3
2
-0.32972160987410304
28
29
0
1
0
-1
-1
0
1
0
-1
-1
2
27
-0.91834394087870719
31
34
0
5
-1.3422847374491722
32
33
0
1
0
-1
-1
0
4
0
-1
-1
3
22
-0.4387361980312518
35
36
0
2
0
-1
-1
0
20
0
-1
-1
1
12
-0.26121607385487944
38
45
2
8
1.0681526317361016
39
42
1
6
-1.6811038905882238
40
41
0
4
0
-1
-1
0
2
0
-1
-1
2
2
1.127021069563257
43
44
0
1
0
-1
-1
0
1
0
-1
-1
0
4
0.731934002811373
46
47
0
1
0
-1
-1
1
3
0.88098692204320306
48
49
0
2
0
-1
-1
0
1
0
-1
-1
1
20
1.5934178719989982
51
62
1
15
1.3390879835906326
52
57
3
11
0.29467580695485401
53
56
2
10
-0.015001054811859982
54
55
0
6
0
-1
-1
0
4
0
-1
-1
0
1
0
-1
-1
2
4
0.37409877713224393
58
61
0
3
0.87155632328495569
59
60
0
2
0
-1
-1
0
1
0
-1
-1
0
1
0
-1
-1
2
5
-0.12651582087094693
63
68
1
4
1.8448966712281332
64
65
0
1
0
-1
-1
3
3
-0.48201675089845791
66
67
0
1
0
-1
-1
0
2
0
-1
-1
0
1
0
-1
-1
0
69
1.3495196794641755
70
101
3
62
2.1306151152374078
71
98
1
60
-0.61890316723419514
72
85
1
45
-1.7857509150914939
73
78
0
4
-0.46244551003492829
74
75
0
1
0
-1
-1
1
3
-1.8583615603022965
76
77
0
2
0
-1
-1
0
1
0
-1
-1
0
41
0.42587018544138877
79
82
3
18
1.0312234287393527
80
81
0
13
0
-1
-1
0
5
0
-1
-1
2
23
0.86176138013401482
83
84
0
3
0
-1
-1
0
20
0
-1
-1
3
15
0.68114445539061008
86
91
1
5
1.5221275808043211
87
90
2
4
-0.68368241047128442
88
89
0
1
0
-1
-1
0
3
0
-1
-1
0
1
0
-1
-1
0
10
0.11281555724306458
92
95
0
3
-0.50258113898530965
93
94
0
1
0
-1
-1
0
2
0
-1
-1
1
7
-0.37760429497858833
96
97
0
5
0
-1
-1
0
2
0
-1
-1
1
2
-1.1485332013654612
99
100
0
1
0
-1
-1
0
1
0
-1
-1
1
7
0.80353559199431557
102
111
1
5
-0.29820146264565717
103
108
3
3
1.8613561270997558
104
107
2
2
1.5423747460100328
105
106
0
1
0
-1
-1
0
1
0
-1
-1
0
1
0
-1
-1
1
2
-0.11335850731728302
109
110
0
1
0
-1
-1
0
1
0
-1
-1
1
2
1.432471248185579
112
113
0
1
0
-1
-1
0
1
0
-1
-1
3
2
0.75149519443878354
115
116
0
1
0
-1
-1
0
1
0
-1
-1
