MLCPP_ARCHIVE_V1
"KNNClassifier"
3
2
454
30
1.8218040123976604
-0.38971938642887693
1.6785900680494759
1.9103230752638898
-0.87226447498142357
-0.51532661151215686
-0.050836872427412638
0.52056117264139201
-0.018231632469118318
-0.86914901604745431
0.51275796473797752
-0.90661692444556563
0.27433905516889584
0.82801517067815156
-0.62440778399065455
-0.71884497128032265
-0.44987850117650985
0.22805646186017747
-0.7978411091239267
-0.11565260131019796
1.8189209681575496
-0.41021035304656472
1.5486196981779088
1.9460313970677641
-0.41991295821439245
-0.45506216864121168
-0.16961832259995777
1.07500846973352
-0.253675228716849
0.26689904882200144
30
1.5711024209579167
0.40210861383695745
1.5586471142933915
1.558365743275508
0.92065195086513651
1.031129416275641
1.3213254318980929
2.0031467453604601
0.90624920770104056
-0.40015144009499143
1.2682112169356545
-0.81153682475859412
0.88891234860785695
1.3124098993030406
-0.32246540326504136
0.77036272714202192
0.17568087928802448
1.4049967502134044
0.21631910101707258
0.27258309518966417
1.5212003770356299
-0.068183012465058729
1.3580865560907558
1.4986499732716965
0.49488141548505327
1.0533409779261982
0.81666316097762159
1.9524183265666031
1.1068315465688121
0.18774394754278903
30
-0.78492276223149615
0.20415161377049865
-0.60942517394589502
-0.77914600063757355
3.293417454097308
3.3909687892228102
1.8677068019462584
1.4201796138738352
2.8055717120194985
4.890197722380826
0.33370694652784044
-0.14938465882536525
0.29867346527136507
-0.3095233273707732
0.64375021505692021
2.675753748251708
0.75587768804544497
1.0919109632002197
4.5898113893487
2.0052577098863527
-0.29447590403185459
0.088310629216101777
-0.2638646201209891
-0.56854200639815067
3.3991315145114473
3.8545705288025403
1.9337875425202338
2.1756190796206329
5.8756994437172771
4.8831805803694106
30
1.742035324212287
-1.1701705476104318
1.7695812743471944
1.8273412652828893
0.24993100314297204
0.51539032751057445
1.3287760869442045
1.3970663795858191
-0.02902323760729119
-0.56401806301814106
1.3115722150825768
-0.82158302397080252
1.3305560042973545
1.322364878688314
1.4206398000590381
-0.082426707277000424
0.76444264913699789
1.1214164300391587
-0.36555679190935447
0.47585568315494298
1.3052481172781807
-1.4975991622538047
1.3490135493247006
1.255941022710267
0.18402895840271719
-0.33839710812485885
0.57859521666579206
0.71326931823216122
-0.86219853724554618
-0.40591931205130538
30
-0.49148794497815962
-0.86072052451803704
-0.40304057420697798
-0.51875480380064076
2.2332456335042101
1.2233421393947255
0.82958219885474427
0.7958654743830933
0.97099883853007873
1.8798548478184856
-0.26848760532295468
-0.62622032857625187
-0.33712771783145223
-0.31049454487177547
0.12147150245045456
0.40551236070126229
0.1249255543010441
-0.10469963637896615
0.11619875506819341
0.46352480925263745
-0.17706496668799868
-0.35535691163254968
-0.12686221795356031
-0.2535637489158179
2.0358214527360614
1.6899264168306456
1.2186389955200161
0.89182992067538513
1.6932840615239295
2.2116959121959874
30
1.1608634531474262
0.11313690109626513
1.1285068663405378
1.0919507423478152
-0.15899241337150838
0.062453415606198423
0.26954129455537496
0.61892082522261538
-0.082981263298156541
-0.76320076846783169
0.15091791123607204
-0.83611413354560382
0.16146881256595269
0.33827874579774991
-0.92178022598096077
-0.67799939319164448
-0.32489351339607037
-0.26534051139096648
-0.82139883758248644
-0.62121843130472465
1.3765333292369502
0.27545766462862387
1.3792569052115502
1.3120901082879111
0.48599991671127202
-0.0048872068661544752
0.47656609767500802
1.1858391884913833
0.23976465617818221
-0.02663445175507835
30
-0.33479945032831943
0.53180457939774073
-0.19913755282163467
-0.39657124220792628
2.1971853674976423
1.6648604736880668
1.178521210180959
1.1204780092725617
1.9170628889765835
1.5634227483806786
-0.37389968702495613
-0.42565513716109332
-0.23927232401513912
-0.38017940056868932
-0.45923714112885961
0.49217122232183619
0.08717628134197726
0.041188505213564791
0.09028525376377787
-0.034567763831400922
-0.1728717189257182
0.77075197386693661
-0.042180821470381456
-0.25772964881351418
1.6450355066896962
1.7863019016050239
1.2351714916527823
1.3828715773942508
2.3128427668394163
1.26623220247206
30
-0.48863906325725298
1.0369362347397382
-0.34513707929024751
-0.52218853386882025
1.5697367389833594
2.5478971422747492
1.6926164083626418
0.91245890068041824
0.7659583409047912
2.7698201274873147
-0.40642043563514818
0.64534145742611282
-0.42928782417697459
-0.38940596682821099
0.0036323679186206531
2.54272963582777
1.4163313544385283
0.37886218125919802
-0.32668653995273073
2.3310917111836389
-0.25673667417132956
2.3760218034829661
-0.30076151430294562
-0.30826382583339385
2.3111479147232723
5.0700429255951942
3.9087122948372164
1.6137689081397992
2.2939249437763474
6.7796048818505454
30
0.52556282938534749
0.85490680939127039
0.4295289634171513
0.39890955692028612
-1.065547500776628
-0.74274661559859778
-0.72027822832051691
-0.42810868802450691
-1.0398369188828351
-0.82676971701560498
-0.10027683664954826
-0.093771770329211898
-0.20820711962900793
0.012920882961984931
-1.0148111216639877
-0.92919969843701489
-0.6906490740834984
-0.72415052073646546
-0.71421117309603943
-0.29874739561715885
0.60287911709618647
1.2789529752026649
0.49010224213817166
0.48615517204901654
-0.67303567326715152
-0.65478767985127229
-0.62166400257301502
-0.25265118205338205
0.058468851823777583
0.019539357324461954
30
0.45718966808359901
-0.36241497262660655
0.46675263872076328
0.35083733596577554
0.019145300700937406
0.44687886184436648
0.10612359387733296
0.41501073605945243
0.089684418912612376
-0.28290204610687619
0.37183472076047941
-0.45633192404122941
0.36028612063719195
0.3443488551790142
-0.44618017331369791
0.8007209270727963
-0.15454595390851716
0.13298329093470779
-0.06872941333150083
0.113029060150741
0.86076385447644133
0.21415087716590128
0.87419286190116186
0.75603303498672547
0.28172544491430879
1.9181841439278571
0.56206272053302619
0.99804269281833713
1.3890224072595805
1.1343070336733725
30
-0.126831084702168
0.71155863692935228
0.053156246458404159
-0.22917690138418376
1.1730738129111125
2.3518782266186538
1.5125589114149507
0.7794293966671707
0.90624920770104056
1.9773272355917377
-0.7260208961146204
-0.12606312493988148
-0.41789724923539329
-0.504252436321731
-0.23139305275428898
1.8356595610764646
0.70512236305846454
0.70014393128319863
-0.12409007520911655
1.5886236371266358
-0.26931641745817136
0.97725904742558123
0.036451903835427381
-0.33307809913706227
1.414116538571389
3.2598323398659148
1.968741962915225
1.6106902770631917
1.080031297229465
3.2396128524190955
30
0.10392833469123239
1.8333149706392842
0.18261191723652295
0.0011691573561799062
1.2307702385216208
1.0235170312016182
0.90533052515687618
0.60967553150740905
1.7479944084785395
1.1226780384494492
-0.13578799892504523
-0.3700422486649404
0.005625037228861352
-0.18035139973746955
-0.49971374135586066
0.89952306866567977
0.46403456937030729
-0.18174168868063978
-0.24659026319362742
0.60701134193401107
0.24016318565891756
1.803287341660162
0.49917524890422643
0.11158643342137763
1.5340167720174331
2.5319438101225828
2.0079475966014986
0.84718977006457896
2.0606051259985052
2.7448934694240164
30
0.1438126787839191
0.14726741834910251
0.10030623517631312
0.07470820964968744
0.13237453596155999
-0.64169220374094083
-0.21164684383931584
0.069082662882147136
-0.83119921954482257
-0.50892497427673722
0.24810635535848477
0.0013083293577593853
0.16923511366248531
0.13165222245951413
-0.4634806556687871
-0.79943219291474166
-0.40610203337523909
-0.1505970292395378
-0.77310549424243891
-0.65634273878401916
0.57771963052250286
0.7949520215495901
0.47800489978343208
0.46442004214799298
0.58369640322286365
-0.4518919224315282
0.065615479517683192
0.68864026961930247
0.1861641574994885
-0.11018705866091424
30
0.55690052831531534
0.27241264827617417
0.65287101523882485
0.40177099864376886
1.4543438877623427
1.8361391378535867
1.0083979199614164
1.358544322439126
1.2479833704098544
1.5168055194456451
0.60882500373590098
-0.29828368286345247
0.51043460850349254
0.34483446392951539
-0.03651780811300135
-0.060348016418255448
-0.028609303784571945
0.15757117996715697
-0.44447518224552984
0.11228173445969208
0.9739815440580164
0.89175221228020518
0.88326586866721712
0.78501320818809017
2.0269399539622799
1.045732387022958
0.94892313003974893
1.4028826793921987
1.2534446753075912
1.651013944801565
30
-0.31200839656106993
-0.85844515670118082
-0.276480078174696
-0.39599895386322959
0.76919883363755071
0.40501074393723918
-0.56269687409526203
-0.48281000917281142
0.53933463300315698
0.74691492036705542
-0.82657355561050116
-0.88186021924405233
-0.76893405879867516
-0.61448562268549023
-0.99261427637821276
-0.39318428111383513
-0.50126826772582755
-0.90462562623464127
-0.45743193289773765
-0.52929737130571974
-0.3804374831586062
-0.88130461460222398
-0.34794114948643107
-0.45479482658279419
-0.091297503584493817
0.12192264152118569
-0.41807812162381158
-0.66703492496472583
0.43051937206412083
-0.12832676937073362
30
-1.3307684999571208
-1.6024904328130427
-1.3224653542062019
-1.1001997620123414
0.40138412037055782
-0.77643141955115003
-0.76287113966745335
-0.7483553897706835
-0.0074400273309454482
0.87970339066684844
-0.48230218239226263
-0.47086303361603066
-0.49659576701359215
-0.58947677203468152
0.80565661596492455
-0.65040102961821344
-0.41022590353043131
0.36083106263540221
-0.04634957129586912
-0.32639844618596514
-1.2756958804055067
-1.6605461499836733
-1.2842754477432954
-1.0264287429797132
-0.038008510941808613
-0.91030952435176238
-0.89199393219535628
-0.82958664580959185
-0.72662080529355677
-0.35369893273515862
30
0.33183887236372717
-1.1883734901452787
0.42125703557190403
0.13165089994699467
0.75477472723492411
2.0511890161947401
1.4492283435230042
1.2239739361400106
2.5321843818524479
1.0591090899016751
0.12138757629118527
-0.95021025316996954
0.26709050747879842
0.1197548080722361
-0.11388034241783417
1.5000634600235416
1.0048960012628181
1.7230001150330783
1.8912735944206747
0.2064447715318436
0.36805724240847465
-1.1087850628191689
0.52941860479107605
0.17987096652709311
0.25508094859296615
2.1369311323960192
1.6673781762665199
1.8954636516493681
2.7684470056083104
0.84077353309629277
30
0.70504237780243662
0.43168839545608317
0.73145432976867331
0.70451153298824709
1.1009532808979765
0.76088974614782023
0.76376807928076074
1.0734810995535959
0.64005628095943878
0.067433492556408403
1.4969778623314871
-0.60558974090832418
1.3393578122067586
1.5204932488927796
-0.35576067119370341
-0.40201575745733309
-0.17040699296694856
-0.11617398459410913
-0.70478808171261542
-0.38880014138854163
2.1271246786851719
0.9046589043776202
2.0990487753185714
2.4151479507648554
2.0979919441525277
0.63043013355441924
0.90688335415928689
1.4367476212348786
1.1068315465688121
0.63079263942504815
30
0.84463758212684015
-0.70144477733812804
0.97961216512608884
0.72768921094845762
1.5697367389833594
2.3195255900540555
1.637978271357825
2.3164594768202313
4.3991320707563872
1.5973261876061584
2.3911115482576837
-0.47229820493206048
2.2821867653258385
1.7341610991132825
0.29088565985217668
0.6561055019480172
0.14395880117116167
1.9606830423467527
0.28463651354689606
1.3461164503812939
1.2444460247251126
-0.73449099199412471
1.355062220502071
1.0494572886505433
0.94339710356099493
0.86566240231293479
0.50915873290817493
2.1371361911630418
1.8209793671996404
1.1947727360394371
30
0.11532386157485738
0.46581891270892134
0.21073647191036307
-0.038891026772578989
0.6177457164099649
1.5430623125036964
0.63959049517890487
0.97409419211512738
1.5645371211295978
0.90654361338701883
-0.56752897185345519
-0.45938166308779266
-0.39252733232005288
-0.45957643127562603
-0.87673368701865306
0.24544185197536164
-0.18944023983706623
0.24772677308613675
-0.72127849163360724
-0.048766951961328603
0.27370916775716209
1.1708594288868115
0.44776154389658246
0.027725057219928344
0.85458211582318455
2.5737910600904055
1.3055526894751281
2.3695728374468938
2.133123447740267
2.3820992552276259
30
0.96713949612580585
-1.0086194326136666
0.93825252589985286
0.84901434002412735
0.11795042955893337
0.18996086559608574
0.09631356473328638
0.76093880923675805
-0.28082735749799614
-0.18825494493574618
0.72507733497463278
-0.74767170119527004
0.92515508705834337
0.51285509160291054
-0.49318525744827985
0.23329857200305185
0.040862047291357714
0.25100515829046316
-0.16649398643452409
-0.037183403750071814
0.77480227534968971
-1.0377982562833845
0.82580349248220264
0.62562225558058426
-0.34442021863725347
0.14474841423090684
-0.13513625923733166
0.45312499225884362
-0.24421631718531503
-0.27344445504929016
30
1.2691209585418608
1.2804005911433136
1.3435769903169648
1.2292999450749886
0.68986624842310085
1.5792211416053066
1.7497380970494953
1.9132619453515085
1.3163302029516166
-0.12044806648478856
1.5863164705824742
0.40674422613616573
1.4009704675725851
1.578766298952917
-0.29047583211789535
0.42151941157385225
0.60837002480203295
-0.070276591733537494
-0.069907299754428776
0.26847280388889544
1.4331421740277377
1.2999263498609641
1.6000334031855528
1.4280108010933699
0.70359663666890782
1.0609495688294388
1.5861327666997844
1.0565366832738761
0.84040553843060006
0.75062466775052272
30
-0.66526972995343658
-0.17811017946128335
-0.59494930021671211
-0.62319742670776213
1.014408642482213
0.8731724259896616
0.3825428960880638
0.049308006880177939
1.7408000050530905
2.1426065018159495
0.28473892275847096
-0.37542414110005179
0.31420606746443075
0.024818297349262955
-0.51799349629708691
0.44359810243259706
0.29400423066392262
-0.25714454838015016
0.24341048874441645
0.68211757388441741
0.10597925726593936
0.34967114418876205
0.3570314762360336
0.012872718454229048
1.3519460471549225
2.0234363180893498
1.9748826043359664
0.59166339070617224
2.9166366196023459
3.0802032734540137
30
0.81045100147596572
1.0232840278386033
0.8472613196021338
0.68934589185378814
1.6490693241978094
0.83511050061954595
1.8714321294693135
1.8079683224838805
1.5501483142786998
0.14089094421161427
0.72732014522361166
0.28475466427363627
0.58550885243664275
0.67504841427029194
0.3689010425477674
0.26034496830501441
0.55951802450206423
-0.14567945143304789
0.041991910423730211
0.0046668349486619857
0.95720855300889374
0.99016573952299747
0.86209551954642183
0.83753977211556374
1.33862379899425
0.61838319795762187
1.3286981840610006
1.0549973677355726
0.97598327038258936
0.036030003424298379
30
1.4514493886798567
1.5898506142357085
1.4717918719182963
1.441046632612714
-0.20370714321965333
1.259500968496335
0.92768249029521022
0.66848587208469412
0.12925363775257992
-0.030038895216843779
0.55873557484204195
-1.1357061457668156
0.34164699800551324
0.68451778490506421
-0.69295686502025289
0.39060924437160949
0.069411917596534159
-0.38778819877256254
-0.61644659999301632
0.020360674460687345
1.642804562141766
0.79817869457394386
1.6272524234837176
1.687021099080567
0.78353012563293678
2.5401864502677607
1.5662937713404654
0.95955980436074573
1.1998441766288983
1.5465731861692709
30
0.55690052831531534
-0.36469034044346277
0.60737541208996559
0.42580710912102449
0.51677697159157465
0.95500556553541016
0.55142441046658741
0.70931925266018914
0.65084788609761168
0.32877250325281127
-0.2703566138637703
-0.99308599623635851
-0.35473133365026005
-0.12013591467532786
-0.96388894718485696
0.14222397221072916
-0.19483299311693292
-0.48220569265716684
-0.42798477232453785
-0.0091586903357410744
0.8167347529724952
0.21092420414154753
0.759268109531133
0.68720512363348429
0.50376291425883457
2.0418237461055142
1.1803780758984721
1.0811657318867347
2.1425823592718007
2.1512302098299227
30
0.7306823132905923
0.47947111961005617
0.73559029369129669
0.60407492849400146
-0.052975231312198598
0.53061509765862069
0.54397375542047621
0.26400427204441496
0.28393331139972705
-0.88468809235913204
0.20624056404421476
-0.57329838629765462
0.072415226659043319
0.12655333057925211
-0.44454805233680278
-0.061451950961192846
0.13222163226792236
-0.0096264654534964581
0.85119988297525939
-0.4396182883798615
0.77480227534968971
0.49487143028468411
0.78346279424061305
0.62924477723075478
1.023330592525024
0.79338078873215123
1.2441462752677124
1.002660639433248
3.0774381156384263
0.11903292212680586
30
0.021310764784953352
0.50905090122918195
0.054397035635191278
-0.072656039109675649
0.10064150187578046
0.07767818575424458
0.50796225603093792
0.15614251203367399
0.24436409255975952
-0.22215838416122596
-0.44978143378207075
-0.39515774669546117
-0.10931621899982387
-0.36585394242890568
-0.41125278440814039
0.21232381568724429
0.48750890717678569
-0.065359013927047599
-0.045171684872941174
0.067442192996763087
-0.089006763680106835
0.7110585229163906
0.26025273739811472
-0.14851062106087076
0.50376291425883457
1.0489026332326414
1.1388106570503747
0.43927115241411058
1.0721488709531866
0.94741304454189845
30
-0.32625280516560107
-0.24182047833324649
-0.4013861886379283
-0.38512547531399516
-0.50517096703456177
-1.2952154623458263
-0.81179710780358449
-0.53083417374902231
-1.2592662233590204
-0.59227092903937362
-0.83143297781662184
1.9782568171887498
-0.87921553436944078
-0.6268686458232694
-0.90937610655655721
-1.1704093960688031
-0.61388164504069054
-0.060441436120557988
0.71220928506975656
-0.77143089520553754
-0.63203234889543991
-0.5070105437771798
-0.69967137845049243
-0.60802749238501019
-1.6095897189623602
-1.3453307092445324
-1.0825427590512928
-1.0164595521596553
-1.4565334784769419
-1.2353988108730536
30
0.2321280121320109
1.3008789014950164
0.13339394655730233
0.11562682629549105
-0.21380401770149246
-1.0354428216947869
-0.83216223159628888
-0.53699770289249327
-0.90674045551203364
-1.0994098741205005
3.0190984179717346
1.7019863388530219
2.6969072438806894
1.6030467364779741
-0.083196468052204195
-0.83696596737460793
-0.46320177398559209
1.1738705933083833
-1.505515272019063
-0.78002514065259898
-0.27770291298273231
-0.12142311736689719
-0.36457499522419828
-0.33108571222946864
-1.7490292497107225
-1.3128673880573734
-1.1975616964321072
-1.3418708569570481
-2.1218102561948431
-1.6009414660860841
30
-0.19805312772482256
0.30426779771215612
-0.16191387751802211
-0.28383043830270455
0.34368769476004846
0.37646429990965241
0.19006764073018745
0.11530913145817911
-0.34917419003975936
0.19315874635089406
-0.7226566807411523
-1.1622568151133661
-0.68505800695612118
-0.52100593821402053
-0.57805554824683048
-0.2049634415430347
-0.072702992367011193
0.10019943889144234
-0.81197574619906265
-0.24456628301611932
-0.16448522340115726
0.010870476631609822
-0.008913129994847049
-0.25573726190592033
1.2320458137088783
1.0406599930874643
1.0651229600014753
1.6876560539783745
-0.16381556916727488
1.2607353204387812
30
1.3944717542617333
1.2121395566376383
1.488335727608791
1.2750830126507129
-0.43449284566168794
2.1558593109625583
1.486481618753561
1.2766207475738249
1.7731748204676101
0.085797855470210363
2.1485142396598147
0.76553705514360493
3.0867755589266355
1.5763382552004115
-0.19254857350418303
4.1119725886130656
2.044428501152411
2.3557284594681001
3.8477429429040666
1.4215963451772247
1.6302248188549247
1.164406082838104
2.1111461176733113
1.3935968454167493
-0.37994621373237736
3.081664502881702
2.1099767155922824
2.0493952054797333
2.7731764613740779
1.079338213340586
30
-0.25503076214294651
0.18139793560194067
-0.20658228788235741
-0.32389062243146344
0.52398902479288845
0.72092472450919898
0.092836592378434377
0.29995819204799545
0.56451504499222671
0.70594826463626825
-0.13429279209239267
-0.74336618724718084
-0.22839950247999324
-0.20997353351803916
-0.67435068588364766
-0.25574443051814805
-0.34678174729670563
-0.40139349737051766
-0.40913858955768995
-0.19599011309794606
0.2233901946097949
0.33031110604263891
0.16649833414888066
0.046381043718307001
0.87678586275763715
0.72300132287717755
0.41988325379123903
0.50854035163777511
1.3054686887310294
1.0188725109745207
30
1.2748187219836731
-0.42840063931542588
1.2980813871681054
1.1949626443931951
0.9422881104690769
1.1966987916356442
1.3213254318980929
1.3097497167199812
0.32350253023969555
-0.32951927504190964
0.83198462350928692
-1.0332707930851917
0.73772835392868541
0.76682846811500771
-0.27546031913045943
0.76373911988439869
0.72193506446040168
0.80996983562813774
0.42598288429825482
-0.11453161277362474
1.3639535859501088
-0.74739768409153984
1.3006241799057414
1.2414509361095845
1.5384575214043232
1.5891125873627101
2.1586294899258509
1.8723739185748132
1.4000578040463709
0.42246081036378719
30
-1.7034022290516493
-0.60132859339647049
-1.6793990407286179
-1.3062235661031014
-0.78139260464487248
-0.88091140469211759
-0.93274607471879212
-1.1295439859229288
-0.17291130611626546
0.31182078364007232
-0.93460224926964452
-0.5069217129312783
-0.91856479325854024
-0.77145865128498436
0.59739797931309646
-0.53228003352392816
-0.53616255365437659
-0.99855136233859643
0.59795430204574129
-0.47063230455838739
-1.5411284637578664
-0.64414414731221714
-1.522290658572802
-1.1581074049634144
-0.15790874438785155
-0.77779323278699219
-0.98585127452623034
-1.3934379274902207
0.30597703689892097
-0.55378543874650099
30
-0.60544321381440647
-1.1041848809216122
-0.59039973990182615
-0.59830288371346196
0.45186849277975244
-0.28162638973964688
-0.31136144387310594
-0.57551976003918648
-0.5110482671123544
-0.33799513484828009
-0.53351301641061077
-0.91468976309823291
-0.52817872480615879
-0.48822734755519337
-0.53855822060596659
-0.65316086597555656
-0.30332250027660362
-1.0406786122141924
-0.75190353862973514
-0.53041835984229302
-0.53558765036298717
-0.84742454784650867
-0.53575238954376747
-0.54155422010437981
0.71691888482957911
-0.27118788847956848
0.12985603591928796
-0.78017461703004465
-0.25840468448261644
-0.063463561378045513
30
-0.19520424600391642
0.64102223460682139
-0.223539739965114
-0.27867984320043571
-0.67176939598490526
-0.54691800956935277
-0.53997237620462246
-0.41244305145151838
-0.02902323760729119
-0.79710420769331047
-0.64490592544322212
0.20402627774696255
-0.58668485973337248
-0.48021480317192455
-0.87575441443251612
-0.67799939319164448
-0.37533161760188222
-0.027657584077292532
-0.50101373054607312
-0.70454524585666811
-0.24415693088448778
0.94660565369422023
-0.2599329838556988
-0.33108571222946864
-0.75740991161807114
-0.55333980114140013
-0.23291416493683317
0.18528408859400775
-0.062920512830910394
-0.82423203478381091
30
-0.1524710201903236
-0.71509698423926282
-0.21113184819724334
-0.24777627258682181
-1.4412954725650657
-0.85883548797745046
-0.89934230459539277
-0.83901063092256845
-1.6693472186095966
-0.46513303194382682
-0.81909752144723869
-0.566660718961017
-0.73476233397393087
-0.61739927518849713
-0.86857308213417705
-0.79115268384271231
-0.69762793126920819
-0.66431999075750614
-0.8732258401913181
-0.48221585276964418
-0.34479487717922142
-0.44570375631445663
-0.34824358304529973
-0.40733979296555939
-1.0815846168610785
-0.63513215335123441
-0.8148580288101942
-0.46646211032375967
-0.89057527184014851
-0.21517750549653619
30
-0.63678091274437487
-0.28277709903665244
-0.68676769929895631
-0.63178175187821051
-1.0258812081694026
-1.1077604798980067
-0.88506188242367934
-0.93505896007499012
0.18321166344344525
-0.24334803367715011
-0.6692030364738254
-1.0878073030943225
-0.69800184211700911
-0.54650039761533042
0.023544243836742255
-0.97826958887057558
-0.62403271003808647
-0.6571075433079876
-0.082864050406636955
-0.45082817374559364
-0.67396482651824585
-0.74578434757936318
-0.72356362960110343
-0.64189806981410502
-0.83734340058210022
-1.0735137992262691
-0.87612273590790102
-0.81896536859529667
-0.19849824478289976
-0.55433512694982934
30
0.26346571106197875
0.5773119357348574
0.20453252602642805
0.15568701042424996
-0.45252297866497193
-0.66433904933615961
-0.47763522898549077
-0.42528373716708279
-0.72328316816309179
-0.84513407992940603
-0.35820001528210493
-0.72722050994184606
-0.39925812660371457
-0.24445175480362019
-0.80394109144912684
-0.87229187274859987
-0.53140424193684721
-0.45679820732363635
-1.1441397174647558
-0.82673299634315012
0.37434711405189575
0.92563227903592049
0.30561777122838912
0.26880387303878112
0.25064019920607489
-0.33395876343130193
-0.029800641019994484
0.56703434209331394
-0.37191162286102591
-0.29873011240237207
30
1.4343560983544199
-0.20768996108040913
1.3725287377753299
1.4124322153778863
0.6105336632086521
0.39930145513172188
0.51292935939501227
1.0282818858348093
0.35947454736693912
-0.45383188553533327
1.2005531077581288
-0.083007985458988714
1.0193862070296076
1.5180652051402741
-0.22192675108829665
-0.16798163435463695
-0.10569395360854847
0.55261659708850452
-0.25247969530826753
-0.46091707057475273
2.0600327144886825
0.35289781721311581
1.8903696196993089
2.2883596930088848
1.2942163051253448
0.5879488343446605
0.52144001574965848
1.4305903590816644
0.9870186671693798
-0.06731137880134061
30
0.15235932394663798
0.47947111961005617
0.13380754294956429
-0.0042675819184373074
1.2163461321189932
0.58580488944528852
0.4756760841644555
0.80459714066967691
0.75516673576661741
0.67204482541078847
0.060831699568758744
-0.16014844369558842
-0.068931453297853468
0.0027230992014610827
-1.1355880739542328
0.13504839768163696
-0.22401730498444669
0.1165913649130752
-0.29370572011074714
0.099577197711862075
0.32612476478566915
0.76591196433040565
0.24513105945468991
0.1882027663224855
0.15738446208137458
1.0818731938133497
0.38351176229915401
1.034986265737625
1.2408327932655461
1.38716360720419
30
-0.32055504172378829
-0.039312742633076915
-0.4013861886379283
-0.3753965734541535
-1.1708434775158056
-1.2908383409282627
-1.1213469894526904
-1.1744863859274044
0.0069487795199523776
-1.1036478040236848
-0.0086954181495824193
-0.045334738413207759
-0.14141693019882598
-0.17039642035219604
0.11526944273825279
-0.96651268598829376
-1.0179574760932888
-1.2854100677171685
0.14564591564139318
-0.31817786358442818
-0.43704632794939374
-0.59735738845908681
-0.52486478142450155
-0.46638689586334003
-1.3835555751696333
-1.2456581684120833
-1.3021179255460429
-1.6171004752057416
-0.74396214310136921
-1.1694362264737099
30
-1.5831794204294083
-1.7503893409086728
-1.5706231895636174
-1.2415549831523907
0.049435924146453772
-1.0086091643088555
-0.87401007743861425
-1.0812116448895444
-0.48227065341055975
1.2780688015662296
-0.93609745610229711
-1.1834255920248051
-0.94341695676744508
-0.7686178400945527
0.97017441043596109
-0.8584926909618843
-0.41149478665510575
-1.0272372328764539
0.027857273348594086
-0.39365775838035894
-1.4272817870119492
-1.702492899300273
-1.442448199031519
-1.0988791759831251
1.7782579882964116
-0.85261104333552262
-0.75911989899115462
-1.1078948951348926
0.48727284125332559
0.33506038603465693
30
-1.5888771838712206
0.34067368278184967
-1.5573881050112222
-1.2492808758057941
1.9808237714582342
-0.30617633160337143
-0.75740732596697169
-1.0437168426000962
0.03932359493447099
0.6706321821097273
-0.17989660048829395
1.4849166773035212
-0.19422777765524907
-0.52416239509227791
1.564266446025816
0.30450235002250436
-0.08824681064427399
-0.45073319469563217
1.5202393711983579
-0.29650541854401241
-1.4151213685013357
0.17543080087365501
-1.3771225503159237
-1.1006904368082104
1.3608275459287027
-0.56158244128657719
-0.88566434796166871
-1.3604965749705225
0.096304497949914372
-0.38722991313815835
30
0.021310764784953352
0.60689171735398317
0.16979042907638972
-0.036315729221444229
0.58168545040339681
1.8094957900945061
1.5212513423020806
0.94070840925465971
0.47458500217411775
1.4263963481777004
1.1112144995071416
0.051539325418800928
1.2969020328790462
0.50508535159489221
0.74069820108449558
2.4538629051213219
1.1485970151322062
1.060766303759118
-0.43151843159332165
0.84877120298830433
0.28419228716286365
0.57392491938135326
0.34795846946997838
0.14110998487026785
1.3652682953155939
2.3227075602834724
1.9588224652355655
0.95955980436074573
-0.10548561472281461
1.5960451244687786
30
-1.4250664849191153
-1.2793882028195127
-1.3696153429241109
-1.1373985044176176
-1.4153320810403369
-0.34652197249569394
-0.38636470467062684
-0.72164676348230961
1.8846880735620648
0.96163670212842278
0.012985080923878758
1.8401215780208859
-0.13468613591516426
-0.39960375058873504
0.5223204143759167
0.73282895268215553
0.32794685424896586
0.58867883433609636
2.5037745343432292
0.74003531494070085
-1.3218216057905929
-1.0845850151365148
-1.2703635040353445
-1.0351227949401227
-1.5496396022393382
-0.57426342612531123
-0.65095013857962902
-1.0050686171762084
0.58501492707917813
0.040427509050921115
30
-0.42596366539731734
0.99142887840262139
-0.3980774174998295
-0.45608923005636798
1.1081653340992892
0.389785973789193
0.27078307039639354
0.48357999778056654
0.31630812681424664
0.43472075083243383
0.071671949105489435
-0.10991744763454689
0.030477200737766292
-0.085414889014496218
0.20993245939817454
0.02079117248763207
-0.096811771735826918
0.14609683175201399
-0.50808104908364116
-0.089869864969013655
0.16258810205672689
1.212806178203411
0.12718197149597624
0.012148214124194767
2.3022664159494908
0.93667591740984557
0.58993178544254565
0.85334703221779373
0.74423993786000298
1.040860039107635
30
0.17230149599298081
1.0141825565711802
0.21032287551810108
0.028352853729266301
1.4687679941649694
0.80275786405494753
0.44338991229797314
1.0372703658357041
0.48897380902501558
0.52512992210037868
-0.18176560902910957
0.074860859304284294
-0.21649117413197624
-0.11503702279506585
-0.14195282322043173
-0.16577376526876253
-0.30554304574478408
-0.027657584077292532
-0.19594114700772389
-0.23074075773171629
0.20871382744181288
1.1998994861059957
0.21186336797915509
0.078802612487333737
1.4007942904107178
0.52771415636067387
0.11757475307780475
0.69633684731082079
0.64649785203415033
0.27184624265195184
30
-1.3418791386686548
0.34749978623241751
-1.3319780712282363
-1.113076249768014
0.54562518439682983
-0.53264478755555955
-0.86022636560330823
-0.89525283435674052
-0.3599657951779322
0.87122753086047799
-0.64004650323710155
1.3844546851814379
-0.62551636521603649
-0.62589742832226714
1.1040083305413682
-0.47211560093384825
-0.49619273522712948
-0.43860316943962407
0.25047780728198454
0.14777970478451122
-1.2379566505449817
0.9046589043776202
-1.226813071558281
-0.99781082194336568
0.95671935172166622
-0.58314011551242517
-0.86625047393147803
-0.78494649519878579
-0.051885116044120889
0.43675270365031144
30
-0.816260461161464
-0.10074767368818464
-0.84848388867353863
-0.75625446684971132
-1.1138682572254284
-1.1172759612405356
-0.669365418838756
-0.70880607776674509
-1.0830033394355265
-0.86914901604745431
-0.49949706096776636
-0.53167841813279171
-0.53698053271556268
-0.52998970009829161
0.69989517666211543
-0.93212512497579847
-0.38548268259927831
-0.49892545719923215
0.13740071068089718
-0.63354930520703023
-0.83540486536604741
-0.34083688302295745
-0.89504345747954073
-0.75147934973176556
-0.18899399009608542
-1.0581698075714008
-0.62874935805848609
-0.71660088529810351
-0.80544506805634142
-0.97594597890230161
30
-1.4660903817001643
-0.48983557037053443
-1.3865727950068678
-1.1671574983418385
0.70429035482572844
0.67715351033356608
2.7568183041155452
-0.15794066056903175
1.0573316796354637
2.4915293971781729
-0.29502752660253662
-0.081214021313951723
-0.50902184876804457
-0.54164431011031899
0.78705043682831932
3.3094121758976875
8.5972581777527584
3.4769361993477759
2.509663966457869
2.136413368665421
-1.2589228893563844
-0.5328239279720105
-1.2730854060651611
-1.0086783868938776
0.66362989218689261
1.1294268869586024
4.6030771324133859
0.90568376052011779
2.0763699785510621
1.8324110518997605
30
-0.39747484818825563
-0.68096646698642549
-0.45267214127846062
-0.44607418402417826
0.1064111444368311
-1.0158409301291775
-0.6763193635484599
-0.54598618289338841
-0.81681041269392474
-0.88892602226231732
-0.6336918741983284
-0.65671771904188425
-0.72337175903234952
-0.52561922134378136
0.26901523876178118
-1.1310541296130903
-0.53711421599788245
-0.54859299304477938
0.22103064670878475
-0.72322838813288859
-0.59848636679719536
-0.99907817999113824
-0.66307691782740419
-0.59172614495924247
-0.16234949377474281
-1.1904958843635902
-0.82005395616620624
-0.88269303188106807
-0.83224531739568774
-1.102923953871038
30
1.3574362918899532
0.41576082073809223
1.2939454232454815
1.3494804974612653
-0.48641962871114569
-0.053635456772654147
0.21117783002750284
0.76042518180813534
-0.84558802639571939
-1.1601535360661508
1.4296935548621243
-0.79252080482120002
1.3554081678062595
1.3614563831036557
-0.87934508058168548
-0.52896822989511638
-0.32013520167854104
0.27723223992507551
-0.8013747683927106
-0.8009502600019659
1.7916648577027261
0.10121732131351682
1.7633475249745407
1.7830179228100878
-0.61974668062446503
-0.15705902493096249
-0.041609566829113022
0.96571706651396061
-0.56739579451273203
-1.0045297654753502
30
-1.5062596139649416
-1.1019095131047565
-1.3865727950068678
-1.1857568695444765
0.071793289070526248
0.90171887001724838
-0.061267789491968615
-0.54393167317889801
0.30551652167607379
3.8109382403697389
0.4480902692257569
-0.69439096608766537
0.15525577168872645
-0.35298531054062537
3.287786197627153
3.7300112367567779
0.75904989585713134
0.92635251038172961
0.55908405008911755
6.7589964306478976
-1.3798980872981788
-1.6589328134714965
-1.3620008723724988
-1.0816721981448147
-0.55757618920799801
-0.093654100737292412
-0.63347292838213354
-1.0514020148791485
-1.0356119153236722
1.3321947868714035
30
-0.10688891265582465
-0.84024221416633449
-0.077953809888763159
-0.21258053938798344
0.27877921594822624
0.42404170662229701
-0.16272087570318469
0.020288057163002384
-0.55781188937777182
0.40081731160695405
-0.47706895847797881
-1.1100524584927836
-0.47174360350468719
-0.40373142496799469
-0.79023127524320724
-0.301005746778575
-0.48191780007454116
-0.45942091548709735
-0.99690391459875694
-0.26586506521101078
0.053563660237432302
-0.82161116365167797
0.081816937665701805
-0.12532648249977907
0.34833668571766652
0.60760436084469804
0.0018472801484430874
0.34075495796267685
-0.50748935481301527
1.0353631570743562
30
-0.53137228907084588
-0.6741403635358576
-0.54283615479165515
-0.53649574248623411
-0.36886316152973464
-0.71229707530250519
-0.71121326468108137
-0.69801990176567097
-0.34917419003975936
-0.52022612068523078
-0.58248104017998026
-0.38439396182523794
-0.58409609270119489
-0.49284063068495426
-0.74551116047627863
-0.43678969555985625
-0.46066400773624316
-0.66284471741555917
-0.8013747683927106
-0.5745105756141734
-0.46220581452307735
-0.44247708329010288
-0.54089376004453193
-0.48993328658944885
-0.69523942020160412
-0.46964530120575582
-0.50640888667601813
-0.45507117534031277
-0.46177128241060095
-0.44384779808092784
30
0.53980723798987862
0.038049763140021807
0.48743245833388121
0.45585224721759365
-0.37174798281026
-0.40875322047583318
0.083150740818489596
0.42322877491741367
-0.068592456447259711
-1.2590385671404649
1.2749396476825905
-0.40053963913057256
1.1187948610652274
0.95354503268269675
1.2019355891550805
-0.22483426331590509
0.070363579940040111
0.99683779227475011
-0.60820139503252035
-0.70753454862086329
0.72448330220232249
-0.22467665414621979
0.64131902157242016
0.618377212280243
0.74356338115092169
-0.34156735433454238
0.025465131766680162
0.5516411867102774
-0.41132375424241824
-1.1155667825475795
30
-0.18380871912029195
-1.9437956053414196
-0.18218010073887808
-0.28383043830270455
2.3270023251212866
-0.019379723939550154
-0.27597083240407716
0.40217005034388797
2.1077145797509753
0.50676555918657673
0.014106486048368217
-0.40412756742064693
-0.11190498603200141
-0.17792335598496381
2.0441100132330066
0.12621692133813897
-0.67129860643221206
-0.61793084011628563
0.59559852919988543
0.86782800811004923
-0.46849568616649806
-2.171973824343755
-0.4909922228312299
-0.50007634720992655
0.52596666119328717
-0.76384414946438473
-0.90748724285691984
-0.64794741228976072
-0.31673463892707671
-0.67361746707197556
30
1.1038858187293028
-0.75832897275952416
1.1533226498762796
0.99466172374940076
0.69707830162441464
2.072123075148304
0.96121043800271133
1.4920874538809958
1.2048169498571619
0.55197014482054907
2.1466452311189994
-1.2356299486453874
1.7825547281155629
2.3023233371996188
0.2618339064634419
1.7821187357440078
0.43770524453331122
1.4246670614393635
0.61797837123551713
1.2003879406267741
1.2737987590610766
-1.1362117835261762
1.2855025019623165
1.3193351515882521
0.64586689463933011
1.9340353749762751
0.47751081173973736
1.4475228300030043
1.3243865117940972
1.464119955670091
30
1.7106976252823192
1.0210086600217472
2.1252741716928232
1.6785462956617847
2.2909420591147187
4.5613729943538655
3.5316864289111249
2.8377913168721465
3.9171070412513251
2.6271431540800902
1.9638561958272311
1.1584152029067512
2.9930621923618062
1.8555632867385681
1.0583089431883026
2.3318781381267559
2.4209695683995731
2.2819647923707533
6.865487958445577
0.80168968445222866
1.4792678994128245
0.9304722885724509
1.8964182908766793
1.342881542314361
1.3608275459287027
2.2700814732027257
2.3173414528004037
2.0724849385542887
3.9870701079209603
0.85066792075619424
30
-0.37468379442100613
-0.33738592664119238
-0.37739759788671151
-0.43520070547494366
0.18069529241036134
-0.19522581914948434
-0.64701345370042196
-0.68697691205028566
-0.35636859346520727
-0.40297672669711454
-0.52641078395551133
-0.25881647167263411
-0.56442146325664511
-0.47657273754316598
-0.60221093870487963
-0.52400052445189882
-0.38294491634992933
-0.62776599572926506
-0.37497988329277843
-0.37123798764889443
-0.43494970406825351
-0.18272990482961979
-0.47526567777006823
-0.47000941751351061
-0.19343473948297665
-0.28069862710861898
-0.4931828897698054
-0.56805693585180106
-0.20795715631443462
-0.27399414325261784
30
-0.77637611706877785
0.33839831496499351
-0.76535101382880422
-0.73507979809593882
0.96392427007301829
-0.23024279048999088
-0.55984078966091932
-0.7080356366238113
0.089684418912612376
1.0209677207730119
-0.30362496589028859
1.6768708408225006
-0.40961319473242497
-0.37289526931117217
1.0550447012345123
-0.49916199723581078
-0.21957621404808589
-0.73808365785485319
-0.29488360653367507
0.05025370210264022
-0.67186820263710556
1.0014590951082347
-0.69755434353841272
-0.64570171754678418
0.99668609620368132
-0.57553152460918466
-0.48184632099305169
-0.8449798011926285
-0.23475740565378103
0.23886495045228048
30
-0.23793747181750927
-0.82431463944834349
-0.24091078844013314
-0.39599895386322959
0.79083499324149209
0.90933125509127122
0.32169587987815451
0.51285676121205348
0.44940459018504808
0.87546546076366327
-0.44978143378207075
-0.40053963913057256
-0.69023554102047635
-0.65600517085333787
-0.11224822144093902
0.53246483313904536
0.22262955490098149
0.29854174375319803
0.079684275957425985
0.28454030624644527
-0.16448522340115726
-0.44570375631445663
-0.33070243663092702
-0.48305049545412482
0.90343035907897973
1.3995318640236367
0.9838775504347399
0.84103250791136464
0.97125381461682281
0.95840680860845529
30
3.1465340126190346
1.2348932348061969
3.2750721421821818
3.489838906626384
0.68265419522178805
3.0598300385028048
3.0163494548884233
3.4567123683623517
0.042920796647195947
0.70594826463626825
1.8352684082191157
0.42109593929646327
2.3370686264080036
1.9429728618287734
0.33560577461910535
1.701531514109589
0.77776592194608019
1.3590993573528325
-1.1794763101525956
0.76656537697293392
2.8693295326088313
1.2370062258860643
3.148493224592253
3.0436554570694527
1.067738086393929
2.2142851399122967
1.7481512288008907
2.6250992168053005
-0.87638690454284751
1.1507976797732082
30
1.4030183994244521
1.5488939935323034
1.5214234389897789
1.3552033809082309
1.7788862818214537
1.3965238998287515
1.2753797257804065
2.4910928025519077
-0.65853353733405362
1.3303366037055093
0.42117654623801193
2.9972284515698777
1.5185004908334483
0.6585377167532529
0.13289634928872079
1.8985838300238873
-0.36296000713630566
1.0525703407483014
1.1656955578970327
2.4469271932962058
0.84189423954617804
1.0918059397901423
1.0193609701580404
0.75422177416164016
0.26396244736674623
0.14791866044059035
-0.16206061008212197
1.0457614745057509
-0.94575225577409772
0.43235519802368871
30
-0.6196876224189376
-0.87209736360231604
-0.63548174665842339
-0.61547153405435873
0.028520969862644449
-0.64835304068071087
-0.61447892666573578
-0.80305671091898789
0.94222122482828408
-0.44394338242790271
-0.66995063989015158
0.028217791533317153
-0.73890436122541503
-0.57830777077315521
-0.3815481826286477
-0.44065346646013664
-0.40324704634472142
-0.81660098349847365
-0.11113332455690837
-0.46129073342027721
-0.55445726529324968
-0.16982321273220474
-0.59926343690615147
-0.56817975423313372
0.19735120656338848
-0.36819742249588366
-0.23999952042230419
-0.61331281267792848
0.73793399683897998
-0.27069601403265037
30
1.2206899692864563
-0.21906680016468852
1.1905463251798918
1.1921012026697124
0.13742297320247954
-0.0079611463285154012
0.527830669487235
0.97717595668686275
1.1328729156026749
-0.3676606441705737
1.0966362328887798
0.42288990344150068
0.99090976967565425
0.98632362334152368
-0.21768323654836913
-0.53062413170952216
-0.14978764219098772
0.35919187003323905
0.35766547176843133
-0.032325786758254489
1.3870164486426517
0.27868433765297762
1.3490135493247006
1.3066563258126551
0.29060694368809004
-0.31366918768932744
0.1803982383823152
0.73943768238332352
1.2361033374997787
0.089349759147101207
30
0.086835044365795658
0.4498913379909304
0.080040011955457735
-0.029162124912737286
-0.17269531445400488
-0.11891165878240251
0.36515803431380384
-0.013354539411776351
0.92783241797738625
-0.9129409583803646
0.052608061989170056
1.7593931914942122
0.22411697474465048
-0.026899034579108715
0.72829408166009202
0.2057002084296207
0.66388366150654288
0.91815654737091368
0.414204020068975
-0.22139918659360591
-0.021914799483617738
0.53197817006475323
0.024354561480687788
-0.13166589538757761
-0.11794199990583765
-0.38531675202817461
0.27109078859634544
0.097543102910699259
0.17197579020218709
-0.86325989722008944
30
1.3802273456572021
1.1620814646668098
1.2277700004835044
1.1949626443931951
-0.4719955223085191
0.28321258275286909
0.69298685634270318
0.84260557038774775
0.48897380902501558
-0.9228294614877961
0.53518606722776507
-1.0327326038416806
0.096749636761512797
0.42908758214146347
-1.0660597203384969
-0.42409444831607807
0.13697994398545191
-0.0014305024426801646
-0.12055641594033233
-0.18851685618745787
1.7287661412685176
0.71912520547727532
1.3701838984454957
1.342881542314361
-0.37106471495859666
0.39456381555396669
1.4075818084659126
1.2227827614106708
1.6475659891215142
0.47907869530655744
30
-0.51712788046631519
0.52725384376402906
-0.51843396764817584
-0.55023066275895127
-0.65734528958227767
-0.21444709146139268
-0.38301190989987671
-0.31973330058514338
0.40623816963235559
0.17196909683496991
-0.40567283221882183
0.47132693535750486
-0.34437626552154965
-0.46200447502813174
-0.0084453273104037711
-0.064763754590004441
-0.1824613826513565
0.15101440955850387
-0.12762373447790037
0.23222750787302773
-0.52091128319500513
0.73364523408686755
-0.48796788724254508
-0.55586318062255358
-0.12682349867961892
-0.076534771205001628
-0.16111589601739246
0.06675679214462614
0.096304497949914372
0.46423711381670474
30
0.13241715190029463
-0.96538744409340571
0.14290666357933615
-0.018574790535851201
1.1802858661124254
0.53632438646413794
0.10761372488655517
0.53263141721402252
1.0753176881990856
0.090035785373395572
0.3931414181257773
-0.90069684276694295
0.48972447224607174
0.067551867393363385
-0.53202973669838582
0.99446143935828291
0.36728223111387565
0.6919479682723827
0.42480499787532688
0.37347206348125467
0.0053413109712057219
-1.2443053298420297
0.054597917367537406
-0.14126557776052959
-0.24672373212566187
0.32038005424737281
-0.080815200515386404
0.36230537549892777
0.37849535864068262
0.03108280959434722
30
0.12671938845848188
1.0323854991060266
0.093275096507852942
0.012328780077763002
-0.51166181491574347
-0.37411686838902791
-0.74474121238858249
-0.52210250746243858
-0.47507624998511083
-0.58803299913618934
-0.12793816305361963
-0.23011304535203894
-0.30502700663245014
-0.15097207033215043
-0.7409412217409721
-0.43734166283132486
-0.68430465846012589
-0.55777247161689347
0.021967841233954375
-0.35442315960029586
-0.042881038295020858
0.50939145889427628
-0.1419838958969851
-0.14108445167802103
-0.96612513280192502
-0.51846709283488157
-0.87678403575321162
-0.71890985860555923
-0.61311386691514724
-0.64338461588894325
30
-0.25787964386385259
-1.0746050993024865
-0.31329015708604602
-0.30529125122882539
-1.6792932282084141
-1.0499063533354309
-0.72499697651638739
-0.60145794518462659
-1.5506395620896929
-1.3621615281179644
-0.0023407891108093624
-0.15476655126047664
-0.086535069116661006
-0.088085737142252485
-0.86726738535266101
-0.86787613457685087
-0.60912333332316093
-0.19485522949794595
-1.1747647644608834
-0.8992235883748857
0.0095345587334861974
-0.58122402333731737
-0.093594526478025894
-0.092361535483226634
-1.4501668159729912
-0.8532450925774594
-0.67315091910077174
-0.24726357766931942
-1.3934740682667142
-1.2150603473499229
30
0.25207018417835425
0.079006383843426967
0.33026582927418485
0.13508463001517412
0.50956491839026186
0.94358698792437523
0.98107885145900842
0.98231223097308862
0.13644804117802883
0.0024519007075729593
0.2634322253931729
-0.49310818901449183
0.43380710435103564
0.1739001837531135
0.68944960240998587
0.60974025114465291
0.5040043877975543
1.0656838815656076
-0.6694514890247758
-0.12013655545649082
0.4016032245067192
-0.27791675904805768
0.48102923537211684
0.25974756891335465
0.97004159988233751
1.026710909764857
1.1468407266005753
1.4675339320009517
-0.12125046727537153
-0.10029267100101269
30
1.7334886790495692
0.80712408523729817
1.6579102484363579
1.7329136884079575
-0.43665646162208216
0.48684388348298774
0.68926152881964731
0.94841282068399857
0.99977645223187339
-0.89457659546656365
1.3130674219152296
0.48388468437276505
0.87286199300835599
1.1628424041486889
-0.36620624544583302
0.48113187689246339
0.30256919175547575
0.11167378710658532
0.69571887514876452
0.21279703990575843
1.6574809293097481
0.90949891391415116
1.4669626372834141
1.5729116671001935
-0.63306892878513699
0.60570221311888783
0.62488620583753662
0.63322491024037109
1.2266444259682447
-0.02663445175507835
30
-0.56840775144262645
-0.37379181171088594
-0.60073964970838512
-0.59315228861119296
0.55283723759814263
-0.66890648038057354
-0.82073789385891827
-0.52621152689141915
0.29832211825062488
0.49828969938020823
-0.15036626554340718
0.48747261266283942
-0.23720131038939704
-0.37726574806568247
-0.55651155135181374
-0.79004874929977498
-0.68113245064843952
0.52147193764740252
0.18098250832923307
-0.16198679415522479
-0.73057367130903339
-0.81193114457861615
-0.76983596410798338
-0.69985841621683464
-0.85510639812966216
-1.0448547734907303
-1.0755991106755312
-0.88269303188106807
-1.0781770172155756
-0.57192514945632034
30
-0.733642891255185
-1.5114757201388087
-0.74343040503889912
-0.70331779496527991
-0.50517096703456177
-0.57984157501450295
-0.60889093538115235
-0.42117471773810217
-0.70889436131219397
0.42341960442394122
-0.65350336473097403
-1.2560811398988114
-0.72130074540660738
-0.58826275015842866
-0.32148613067890436
-0.70670169130801297
-0.50285437163167057
-0.84004143770940842
-0.4892348663167933
-0.48221585276964418
-0.6823513220428068
-1.4185456731571362
-0.74503641228076689
-0.66852360394285903
0.43715167345547684
-0.46457290727026224
-0.40296269658813988
-0.48755073319851988
-0.21899255310122412
0.18664457113613298
30
0.069741754040358428
0.065354176942292175
0.089552728977492155
-0.045472342736589254
0.049435924146453772
0.15951132529999315
0.035839081275682652
0.21803461718269435
0.22278088228341378
0.15219209062010688
-0.43669837399636136
1.0974204219754864
-0.25480492620820483
-0.31874989363029488
0.28305147916307982
0.15712708854038193
0.013581060110855721
0.36574864044189187
-0.71185540025018346
0.22811721657225933
0.0032446870900651121
0.79172534852523635
0.057622252956222197
-0.099968830948584941
0.43715167345547684
0.28043495200536056
0.19787544857981079
0.62091038593394188
-0.30412275688503171
0.51480842852286857
30
-0.16101766535304246
1.2508208095241879
-0.17638975124720505
-0.21658655780085928
-0.14096228036822436
-0.39219628293983272
-0.058908415394033409
-0.12866389713754484
-0.74846358015216252
-0.58096978263088095
0.18755047863605845
0.091006536609619285
-0.0036945240869778848
0.076778433652885142
-0.4132113295804149
-0.61949086241597051
-0.2002257463967996
-0.34221864443242389
-0.70832174098139944
-0.5554537704924285
0.14162186324532378
1.5032067503952562
0.030403232658057368
0.045113161140747218
-0.30001272476834828
-0.40624037701208571
0.18606652277069227
0.034431165840249536
-0.40974726898716274
-0.56038169718643582
30
-2.0495413581417505
-1.3772290189443139
-2.0069673834004065
-1.4733317627544957
1.4543438877623427
-0.57165826105992801
-1.1299400782725388
-1.2815006606809181
0.40623816963235559
2.1694467245361198
-0.68116469113504541
0.48209072022772803
-0.68091597970463702
-0.73193009899419148
0.99628834606628436
-0.84248564008929416
-1.0399091541501577
-1.9684616250386027
0.69807464799462049
0.09658789494766705
-1.7579193730677718
-1.0345715832590308
-1.7294576463977218
-1.2613492719932762
1.1165863296497256
-0.87607086528718059
-1.3108329127931722
-1.7881184315112777
0.03324508773968668
0.53074938641937652
30
-0.56840775144262645
0.23600676320648059
-0.62431464406733983
-0.57140533151272399
-1.2047401275619793
-1.243451243842469
-0.83402489535781665
-0.82694038634993772
-0.28082735749799614
-0.85502258303683754
-0.79965983262275619
0.59511046136507129
-0.87248474008577903
-0.61424281831023975
-0.67173929232061524
-1.1042285202197153
-0.70080013908089456
-0.85430241334822887
-0.72952369659410321
-0.86297829235901791
-0.62364585337087897
1.1111659779362659
-0.69604217574407035
-0.60458609681734821
-0.93059913770680114
-1.0763036158907906
-0.76998411073554374
-0.64425305499783181
-0.34195840301116848
-0.84566987471359778
30
-1.049868762275771
-0.043863478266788505
-1.0300527048767143
-0.92221808681171247
0.22036158501758674
-0.37944553794084418
-0.75802821388748098
-0.97306738979306084
1.4386350611842451
0.28074263101671665
-0.1918582551495141
0.52873378799869519
-0.29311867828443317
-0.40907312122350731
0.14921755905767303
-0.2160027869724071
-0.12631330438450933
-0.55646111753516292
0.7581468555639479
-0.14591929179767513
-1.00103815197613
-0.42634371816833411
-1.0093633427318323
-0.86721891645471583
-0.50428719656531218
-0.6960008805771577
-0.9335613510434535
-1.2950756645926169
-0.13386234931741656
-0.47518002567061624
30
-0.72224736437156001
-0.26229878868494988
-0.70910190448112342
-0.70360393913762831
1.2524063981255613
-0.076472611994723647
-0.252004558672419
-0.38650486630607833
-0.057800851309085841
0.33583571975811866
-0.37502109214944557
0.74939137783827037
-0.36922842903045455
-0.47001701941140056
0.45768842369086704
-0.16577376526876253
-0.10569395360854847
0.32312963278564688
-0.59053309868860038
-0.00056444488867963855
-0.66557833099368446
0.53359150657693033
-0.66791585476929993
-0.65186000435207414
1.5784242658863383
0.048372929456528463
0.046248841190728834
0.086767894142573798
-0.16539205442253041
0.37408824847093475
30
-0.51712788046631519
-0.21451606453097694
-0.55028088985237733
-0.54851379772486175
-0.87010085902102929
-0.7149614100784133
-0.80173872349133424
-0.78816151548893321
-0.77364399214123225
-0.30550433892386236
-1.0706660710410221
-0.61868567916709571
-1.0457250298791039
-0.74664404413437602
-1.201525761420799
-0.86290842913363319
-0.66971250252636894
-1.057398376756258
-0.96038943548798927
-0.92874295317131406
-0.63412897277658054
0.24803094392161604
-0.66640368697495755
-0.61128776187016365
-0.65971342510647957
-0.39355939217335167
-0.39587734110266876
-0.48862825407533245
0.11364583575772683
-0.67691559629194298
30
2.3061139049517112
0.042600498773734209
2.5016468886515706
2.4339669106612383
2.5794241871672625
3.2558489541588997
4.1649921078305887
3.4002133512138673
2.6580864417978005
1.0689975930091065
3.0228364350533661
0.54846739359410412
3.7184347147779691
3.1569947380816279
-0.2033205719516914
3.3436341467287418
2.2591869700035723
2.0967360283263035
1.2316571975809998
0.44670998120403899
2.533869711626386
0.33192444255481607
3.0003007807466902
2.6777807704022232
1.6361540079159149
2.7982444917359972
3.2275734541672594
2.6912897849523572
1.8036380293918279
0.75447248517381782
30
-0.8077138159987457
0.40438398165381362
-0.82035933399969785
-0.74938700671335279
-0.66672095874398574
-0.76063572052255202
-0.4925365390777135
-0.79381141720378157
-1.1873221891045334
0.34854950946767427
-0.64266311519424346
-0.45417916706718481
-0.65813482982147409
-0.57223766139189092
0.64472948764305715
-0.58140512068463557
-0.26493878575519969
-0.91364118554653928
-0.58699943941981658
-0.50986690333845053
-0.69283444144850836
0.51584480494298379
-0.71388575571731172
-0.65838054332238127
1.6272725091421336
-0.24582591880210061
0.16292102818481988
-0.51387302890351227
-0.12913289355165
0.22842087458905053
30
-1.2529940289763821
-0.56719807614363316
-1.2331285334775324
-1.053558261919572
0.49514081198763427
-0.4125594130128446
-0.59175442877509621
-0.82488587663544732
-0.83839362297027042
1.1057263188367104
-0.012433435231213678
0.33139773204460338
-0.062718412420627229
-0.41538603498002208
2.1910009011535747
0.17754987758472091
-0.17643418780915249
-0.29156759302557883
1.4307200030558302
0.29761850583979943
-1.1037727221520035
-0.72319763640888635
-1.0861814666844301
-0.93206205399276942
0.59701865138353494
-0.51910114207681846
-0.69676877071900878
-0.96704752338010824
-0.59577252910733391
0.028334368577708199
30
-0.44020807400184792
0.29061559081102134
-0.42041162268199656
-0.50931204611314773
0.17997408709023024
0.28892187155838633
0.19255119241222446
0.26477471318734891
-0.29521616434889397
1.1127895353420179
-0.23895727037806791
1.0113101430137008
-0.081357535052305932
-0.47341628066490854
1.8841621574972762
0.79023354891489228
0.57823405059101329
1.7934853969260993
0.091463140186705816
0.7658180512818854
-0.62574247725201926
-0.077863031538120575
-0.56236654272419495
-0.64153581764908818
-0.20231623825675671
-0.21158725973751868
-0.26408972907290607
-0.087174761685739247
-1.0797535024708316
0.038228756237609747
30
-1.0441709988339589
0.16091962525023809
-0.97918034862844394
-0.92765482608632988
1.1081653340992892
0.46781292079792991
-0.32576604362892131
-0.49359618517388554
0.37746055593056094
2.1185915656979013
-0.27185182069642289
1.1135660992808214
-0.42825231736410369
-0.48725613005419111
1.547945236256864
0.62740320383164883
0.41645145219501306
0.56245175270148429
0.25990089866540844
1.1024882750993787
-1.0807098594594604
-0.51669056285024106
-1.0577527121507915
-0.91865872388713821
-0.14458649622718026
-0.33903115736679551
-0.6991305558808325
-0.8435944172081552
-0.83224531739568774
0.33506038603465693
30
-1.5524114978436214
-0.83114074289891093
-1.5085837307242635
-1.223241756122101
1.3101028237360708
-0.45119226726351203
-0.61683830076367108
-0.78739107434599942
-0.60457551164318823
1.9081077138397169
-0.89647447503700561
-1.1712266358385521
-0.78394890758530522
-0.7529812383284159
0.36661607318011408
-0.21931459060121888
-0.0060866283215992882
-0.26370131878880326
-0.42209534020989775
-0.013268981636509644
-1.4019126380501516
-1.0216648911616151
-1.3039336290697474
-1.0816721981448147
1.7382912438143965
-0.13930564615673491
-0.15072404130536812
-0.17183711629244033
0.023786176208152699
0.96390369064173409
30
-0.63962979446528101
0.46581891270892134
-0.65285279513344252
-0.62892031015472771
0.060975209268556048
-0.51818125591491548
-0.71667707838156314
-0.76581872234385118
-0.46428464484693793
-0.1246859963879728
-0.3533405930759842
-0.56791649386254306
-0.44948020702795993
-0.36876759493191252
0.21711379169651354
-0.057036212789443846
-0.45780902070572543
-0.70448020951050616
-0.92858650206893367
0.0054141606397109044
-0.55445726529324968
0.031843851289909547
-0.6065218423189952
-0.54082971577434569
0.74356338115092169
-0.11711392268895038
-0.6008802931489664
-0.67257646090261902
-0.7455386283566251
0.068461607420642043
30
0.19794143148113641
-0.64000984628301949
0.2616088281586334
0.068985326202721881
1.3966474621518332
1.1262842297009301
0.96866109304882286
1.0100481121187077
1.2228029584207838
0.68617125842140514
0.07578376789528378
-0.52091463326256848
0.062577911936768385
0.029188776103773222
-0.049901200123542114
-0.026126045587200882
-0.084757382051419
0.11495217231091201
-0.5469513010402649
0.015876720314394313
0.52320740961285528
0.22867090577549348
0.58990531656477529
0.38653582666932529
2.4221666493955349
1.2023425497813229
0.91113456745056964
1.3320741646302301
1.0626899594216526
1.2277540282391093
30
0.45718966808359901
0.77981967143502784
0.55360788109585901
0.35541564272334808
1.3461630897426387
1.3223031453570258
1.5187677906200434
1.1528365372757838
1.0033736539445983
1.4814894369191043
0.5445311099318435
-0.30007764700848949
0.37788973645599949
0.45288241091601955
0.50958987075613438
0.75380370899796312
0.84755449380317838
0.31001609196834068
-0.67298514829355982
0.80056869591565527
0.81254150521021473
0.73364523408686755
0.68668405540269462
0.70712899270942253
2.3200294134970534
1.4844944624431544
2.163825417281863
1.3428493733983558
0.57240304503713313
2.2556709684622174
30
1.0753970015202405
0.11996300454683292
0.90516481451886432
0.92598712238581404
-0.92419125803088131
-0.73266020537551713
-0.22431295741770521
0.15562888460505142
1.122081310464502
-1.7760660153290224
0.53929788601755946
-0.045334738413207759
0.25311116550503959
0.34143520267600741
-1.0164432426408827
-0.97595132633040726
-0.31315634449283114
-0.35172596152497071
3.4719971739900366
-0.72472303951498618
0.8943098365746851
0.30288438533563111
0.65341636392715929
0.68720512363348429
-1.1570773564382171
-0.87607086528718059
-0.24850194700486963
0.035970481378553028
3.1073913354882845
-1.2672807266660699
30
-0.78777164395240229
-1.9711000191436896
-0.78479004426513499
-0.72992920299366981
-0.22390089218333156
-0.73970166156898842
-0.69382840290682157
-0.60787828804240884
-0.53982588081415006
-0.23911010377396585
-0.99254151403492907
-1.3967279288697276
-0.91390501260062051
-0.71573504716497838
-0.35837206475673583
-0.59686020428575703
-0.55963689146085505
-0.90954320404113109
-0.85084599815568618
-0.61112953447556562
-0.73267029519017357
-1.6105327181061888
-0.72144659468902417
-0.67214612559302955
0.95671935172166622
-0.12282036586638076
-0.31793843076248651
-0.40919957229886372
0.16566984918116415
0.058567219760740495
30
1.2776676037045798
-0.5376182945245066
1.2029542169477629
1.197824086116678
0.6177457164099649
0.081484378291256251
0.67932732209149882
0.94379017382639541
0.53573743129043205
-0.097845773667802366
1.1456042566581492
0.61305010281544325
1.0494159046028677
1.2259715417138373
0.31471462611484674
-0.28113492500570464
0.020242696515396747
0.65588573102479053
-0.025147615683165345
0.27220943234413975
1.2444460247251126
-0.16982321273220474
1.1433587292941236
1.2088482412580492
0.75688562931159298
-0.18559124081811404
0.23471929710426048
0.78869577960904014
-0.026661351960029986
0.021738110137773325
30
2.8701924856911356
0.16319499306709348
3.0558660542831313
3.1550502249788988
3.4520826245262075
3.4442554847409728
4.1699592111946631
3.8855912712622032
3.0142094113575122
0.84014937823712232
4.121813457052955
3.3739609220276887
3.592620637014138
4.6866623021602249
5.2855022733468848
3.9717729016600343
3.014172429184907
1.018147296102873
2.9219242144826651
2.2544908278511349
2.034873227914999
-0.31663683534030396
2.2169978632772849
2.1579489136027434
1.6139502609814622
1.0527069286842616
1.4302549460194203
1.6722628985953381
0.49042581176383665
-0.22397251674978241
30
-0.092644504051294027
-0.51713998417280405
-0.16025949194897302
-0.1994179074599626
-0.6479696204205706
-0.84418164670995599
-0.9536079088479037
-0.98847621265173802
-0.73047757158854076
-0.55412955991070956
-0.70209758679218037
-0.68739450592202034
-0.71094567727789704
-0.5358170051043053
-0.82874933029793418
-0.93471937115170112
-0.75038174717755102
-1.1793543063572052
-0.96510098117970122
-0.79721363154672165
-0.1728717189257182
-0.38278363233955748
-0.22061662120279438
-0.28200054386965706
-0.77961365855252374
-0.78223157748054895
-0.92751518102918484
-1.0024517807610922
-0.86219853724554618
-0.6785646609019268
30
1.3745295822153898
-0.13032745530731041
1.2856734954002347
1.3723720312491274
-1.0576142422551822
-0.48411583270866199
0.021310303935765475
0.16359010974870131
0.46379339703594491
-1.7492257926088519
1.058882260364304
0.18429267215155357
1.2156147480686696
1.0016202989823098
-0.8845678677077502
0.066604456019527816
0.24166280177109903
0.26247950650560614
-0.04281591202708529
-0.43177136862384879
1.2591223918930947
-0.035916282221520553
1.2280401257773021
1.188924372182111
-1.3835555751696333
-0.20271057035040499
0.20401609000055229
0.086767894142573798
-0.11021507048858116
-1.0309147992350882
30
0.26346571106197875
-0.70372014515498338
0.30048688903129506
0.046093792414859655
1.3101028237360708
1.426973440124844
0.28320082880657915
0.91014757725161644
0.66163949123578447
0.26096562480185365
0.091857241346298274
-0.30725350358863823
-0.037348495505286829
-0.0033470101798031902
0.60980209873750002
0.86916486873490539
-0.023533771285873882
1.7328352706460579
0.33764140257865549
0.42690585039124523
-0.042881038295020858
-1.2297853012324376
-0.051253828236436254
-0.21552727158902668
0.23731795104540362
0.18976591040841254
-0.38501312935827969
0.40232757949482306
-0.50591286955775983
-0.35040080351519121
30
1.5995912381669779
1.2826759589601699
1.5751909699838862
1.5268898843171974
0.33647564155873561
1.0120984535905837
2.0303794371196893
1.6692889167557847
1.3846770354933797
-0.23911010377396585
0.33258554140335117
-0.072244200588765531
-0.053398851104787759
0.56700046728378772
-0.6870812295034302
0.31388579363747077
0.4684756603066681
-0.25878374098231338
-0.57522057519053671
-0.23074075773171629
1.3241177322084432
1.2305528798373568
1.2431618037207268
1.2812986742614609
-0.25560523089944315
0.80986606902250535
1.3688485318120038
0.87797608083065204
0.62127408795005945
0.026685303967724481
30
-0.56555886972172031
-1.4090841683802959
-0.5473857151065411
-0.57970351251082397
0.70429035482572844
-0.20226727534295591
-0.77541307566174078
-0.54136353603578524
0.22637808399613774
0.26661619800609992
-0.76938189426154291
-0.75879427889450068
-0.46345954900171893
-0.60064577329620772
-0.11910312954389866
-0.085186543634343623
-0.71697839892049442
-0.6416991328476529
0.70160830726340473
0.11265539730521655
-0.62364585337087897
-1.313678799865637
-0.49038735571349301
-0.6092953749625698
0.41938867590791429
0.00081923631127590272
-0.84249091520353137
-0.52788080030207563
0.87981766981199228
0.45324334975014791
30
0.36602545301460165
-0.00063148974652714799
0.38816932419091538
0.2589850566419783
0.89180373805988222
0.3155652193174675
0.69050330466066601
0.79535184695447048
0.40983537134507952
-0.68691803021050357
0.25408718268909475
-0.81333078890363142
0.11694201961249788
0.20230829565743036
-0.29308722568092771
-0.62169873150184496
-0.14756709672280741
-0.17682411087414987
-0.7884180177405028
-0.515845508866841
0.61755548426416851
0.0076438036072560634
0.52336993361370654
0.49702273699952831
0.94783785294788492
-0.12028416889863389
0.47987259690156109
0.54240529348045563
-0.1165210115096041
-0.21847563471650361
30
0.56544717347803419
0.46809428052577678
0.57428770070897694
0.43324685760207943
0.28599126914954004
0.4316540916963198
0.16523212390981629
0.15999471774834326
1.2335945635589567
-0.5527169166096485
0.10045468063405005
0.046157432983689135
-0.01249633199638189
0.089889869916415954
-0.73800340398256059
-0.36337804845452953
-0.33599624073697232
-0.45532293398168938
-0.62586969137644011
-0.54872783927298907
0.66158458576811385
0.92401894252374339
0.66853804187058419
0.5314366926761489
0.27728469552741875
0.29882238002152495
0.10245932804213312
0.23146355474311742
0.89715900761980472
-0.43835091604764981
30
0.43724749603725616
-1.2634606281015217
0.40057721595878604
0.29561151070255809
-0.15971361869164044
-0.21121182780493306
-0.24393301570579839
0.24217510632795555
-0.0038428256182204928
-0.79004099118800208
-0.35371439478414746
-0.76022945021053046
-0.46397730240815449
-0.29228421672798266
-0.62701917755368664
-0.60458774608631771
-0.50761268334920007
0.11003459450442211
-0.46803291070408953
-0.56479534163053879
0.2485496811834785
-1.0813583421121611
0.20279036121310029
0.074636712589637444
-0.48652419901774957
-0.40243608156046556
-0.50357474448182971
0.32690111811794376
-0.29624033060875321
-0.73958005147131978
30
1.2178410875655497
0.55228288974944328
1.1533226498762796
1.1921012026697124
-0.18279218893584401
-0.16420534997284025
0.30182746642185754
0.47690284120847315
-0.4498958379960411
-0.78439041798375575
0.70863005981545535
-0.06686230815365414
0.46487230873716678
0.68888826365957423
-0.37110260837651843
-0.65592070233289967
-0.13424382391372502
-0.46892823257964444
-0.67651880756234384
-0.61150319732109004
1.3010548695159001
0.87723218367061295
1.1494074004714931
1.2831099350865462
0.58813715260975363
-0.19573602868910117
0.56206272053302619
0.33459769580946203
0.31228297791994392
-0.44329810987760021
30
-0.40032372990916171
0.67970348749337028
-0.43819626754927826
-0.43520070547494366
-0.45324418398510302
-0.91554775677892275
-0.54493947956869659
-0.58707637718319439
-0.83479642125754649
-0.30691698222492347
-0.63406567590649154
0.25246330966296671
-0.73062030672244671
-0.48822734755519337
0.1178808363012849
-0.77735350205599674
-0.30015029246491737
-0.50630182390896683
-0.49394641200850548
-0.45307015081874025
-0.38253410703974644
1.1966728130816415
-0.47042674082817193
-0.41295470152332381
0.3838626808127904
-0.67254105862549984
-0.2825116533351309
-0.35178310272013741
-0.12913289355165
-0.19209060095676564
30
-0.70230519232521671
-0.64000984628301949
-0.72771374213292961
-0.6718419360069694
0.5961095568060244
-0.85198434141082968
-0.68389419617867309
-0.6137850034715685
-1.7197080425877378
-0.47643417835231944
0.15914154881566092
2.2760548652649244
0.20185357826792308
-0.13616100344186563
-0.18275584764281191
-0.67910332773458182
-0.19546743467927014
0.17396310598878956
-0.83317770181176642
-0.050261603343426282
-0.62574247725201926
-0.076249695025943406
-0.64825767344284801
-0.60657848372494183
-0.2733682284470057
-0.98639543338416646
-0.81674745693965312
-0.71552336442129094
-1.8900669236722569
-0.59006486016614046
30
-0.78207388051059012
-0.93125692684056793
-0.79637074324848112
-0.73994424902585954
-0.032060277028389275
-0.70087849769147048
-0.69494600116373828
-0.54316123203596411
-0.29881336606161796
-0.58944564243725039
-0.86133711446967187
-0.44036564315039828
-0.89319487634319983
-0.66304649773560442
-0.65443880996552606
-0.60127594245750604
-0.58501455395434532
-0.5584281486577588
-0.66591782975599167
-0.84205317300965099
-0.8375014892471877
-0.63446412823915588
-0.83667378061792075
-0.75999227560966642
-0.63306892878513699
-0.59328490338341222
-0.65000542451489951
-0.48339458124509993
-0.37033513760577041
-0.90778464168964612
30
0.2207324852483859
-0.43522674276599371
0.18757507394367087
0.056394982619397724
1.4327077281584013
0.47161911333494155
0.78115294105502076
0.93326081153963236
0.50336261587591336
-0.093607843764617157
3.3256158186654976
0.38162872810564497
2.8739789088816372
1.50349694262524
0.9342677489442669
0.48002794234952623
1.046451923595908
2.6229168536207128
3.653391683120947
-0.35666513667344246
0.46869518870320831
-0.72965098245759386
0.41751818800973284
0.16266398868878282
0.34833668571766652
-0.2661154945440749
0.27392493079053409
0.77792057084091448
0.79311098077292919
-0.69780374801840139
30
-0.82480710632418286
-1.386330490211737
-0.79885232160205533
-0.78286587487810122
1.4110715685544608
0.14999584395746451
-0.55437697596043756
-0.049822086843979235
-0.16571690269081654
-0.29702847911749197
-0.25390933870459298
0.18608663629659056
-0.52662546458685233
-0.33137572114332464
1.3488264770756491
0.48996335323596141
-0.34614730573436842
1.2525518382122205
-0.5728648023446804
-0.14928225740739479
-0.92136644449279903
-1.6427994483497272
-0.93950119063320969
-0.81070757871205468
0.15294371269448331
-0.48296033528642646
-0.90134660143617817
-0.46261382147800051
-1.2752376741225373
-0.89734056582641686
30
0.55120276487350306
-0.32600908755691299
0.52879209756011714
0.44240347111722444
0.027078559222382288
0.15189894022597009
0.043165558737692053
0.24474324347106832
0.15803125145437455
-0.048403258130644757
1.1160739217132623
0.1663530307011816
0.86198917147321008
0.82801517067815156
-0.12008240213003592
-0.37110559025509016
-0.066993018305975899
-0.0555238583140681
-0.22538830758092365
-0.15227156017159013
0.75593266041942719
-0.11012976178165874
0.64736769274978978
0.63648982053109604
-0.082416004810713775
-0.22046394912463257
0.012711491892832246
0.083689263065966399
-0.18746284799611027
-0.14206897445393024
30
-0.78207388051059012
-0.49438630600424605
-0.7715549597127398
-0.74509484412812854
0.89180373805988222
-0.2066443967605191
-0.8777354049616698
-0.80357033834761049
-0.61896431849408506
0.39516673840270777
-0.45613606282084379
1.1996763782426063
-0.48209867163339759
-0.45156388689235721
-0.15468336684021433
-0.48315494636322065
-0.67256748955688661
-0.40795026777917071
0.25401146655076834
-0.1178945783833444
-0.74105679071473485
0.13025737853270181
-0.75410941904682161
-0.6857305817811693
0.35721818449144777
-0.50198181254452745
-0.94674011224642984
-0.80264862388927805
-0.51537178108929382
-0.17614964306025763
30
-0.36328826753738114
-0.81066243254720827
-0.35464979631228188
-0.41831819930639513
-0.72585979499475728
-0.20226727534295591
-0.52221498167805702
-0.48845991088765972
-0.14053649070174584
-0.066767621044445738
-0.71779725853503173
-0.83970206183567819
-0.61050151642940631
-0.56665316076112782
-0.59209178864812939
-0.57809331705582379
-0.56090577458552948
-0.72529795555797971
0.044347683269586088
-0.73032798219785244
-0.38463073092088668
-0.66673085848269409
-0.31527832512863352
-0.43070505760915984
-0.091297503584493817
-0.022640585640381888
-0.32360671515086342
-0.23033110674797916
1.0059364902324477
-0.16405650258704471
30
-0.97579783753221039
-1.0268223751485135
-0.99489701153441334
-0.86727840572084314
-1.3634052979908791
-1.0339203446799825
-0.85041633645926162
-1.0792598606607786
-1.5038759398242765
-0.8394835067251597
-0.57500500601671767
-0.00048563478727761358
-0.5499243678764506
-0.53994467948356506
-0.19287499769956212
-0.45776445187566406
-0.39975761775186658
-1.0485467367045762
-0.46567713785823361
-0.55358545626480637
-0.91507657284937838
-0.84419787482215491
-0.90139456221577896
-0.79766650077144052
-1.1393143588906551
-0.86275583120650978
-0.85004862772136736
-1.2627500382882404
-0.96309359358191016
-0.90558588887633473
30
-0.67666525683706102
-0.66048815663472282
-0.55110808263690247
-0.64780582552971411
0.88459168485856843
1.2233421393947255
0.93016604197724739
0.62277303093728464
3.096945050750171
1.5379951689615694
-0.32381025813109743
0.3349856603346778
-0.30399149981957901
-0.37046722555866651
-0.55847009652408797
0.56447893488422574
0.43485025750279338
1.0525703407483014
4.1952194376678227
0.29649751730322638
-0.53978089812526764
0.06895059106997864
-0.47375350997572541
-0.52507174659610356
0.23287720165851358
0.95633144390988323
0.81666316097762159
1.0827050474250381
4.513616183176361
1.0353631570743562
30
0.2207324852483859
-0.16218260474329238
0.22852111677764481
0.08901541826710134
-1.1145894625455603
0.20899182828114357
-0.0061329421507446821
-0.36673021030410913
-0.26284134893437439
0.2976943506294556
0.058588889319780034
1.2014703423876438
0.2085843725515848
-0.013301989565076687
-0.43997811360149619
1.2511262205911926
0.64231264838707613
0.53458547846470872
1.5190614847754296
2.0650437651702584
-0.013528303959056789
-0.077863031538120575
-0.014961801172217059
-0.13021688672750925
-1.4901335604550057
-0.039759915172673022
-0.12994033188131957
-0.4943237215670559
-0.09287373268076872
0.44060052107360653
30
-0.33479945032831943
0.29516632644473295
-0.36416251333431576
-0.39771581889731933
1.2019220257163667
-0.56766175889606585
-0.74051917452911931
-0.60222838632756048
2.600531214394211
-0.2758388296015678
0.051860458572843889
0.1484133892508096
0.00251851679024835
-0.12620602405659212
-0.039455625871412825
-0.81047153834411412
-0.4216458516525019
-0.078472554744353787
1.0420174834895939
-0.86260462951349348
-0.45172269511737578
-0.29727679719418082
-0.50732363501012889
-0.47979022596897114
-0.15790874438785155
-0.93757364175504065
-0.92765688813889424
-0.81896536859529667
0.44943719512718877
-1.0891817487878415
30
-1.6968498010935653
0.27696338390988579
-1.6148780035356898
-1.3005006826561358
-0.200822321939128
0.47161911333494155
0.5104458077129751
-0.72472852805404497
1.456621069747867
2.7952477069064239
-0.79554801383296181
1.296550442074615
-0.84141953569964778
-0.72277637404724493
1.7274785437153366
1.5486365799127804
1.4195035622502146
-0.29320678562774205
0.285814399969824
2.9663185485751353
-1.5142916780792708
0.60780498613706802
-1.4974911067455852
-1.1443418226927657
1.3208608014466887
1.0945541786520838
1.2309202783614994
-0.57529171888182817
0.64807433728940589
3.5419413642494213
30
-1.2660988848925503
-0.94263376592484738
-1.1801881952679505
-1.0249438446847443
0.74756267403361021
1.031129416275641
3.9712750766316942
0.73628469266287433
2.6293088280960069
4.2573335235052143
1.5631407646763604
2.5559132718907271
0.6238226045128713
0.23970016944601824
1.2508992184619367
3.8503401019369385
11.522033780127508
6.6848361217812915
1.7428599051317475
9.71466953874598
-1.1100625937954245
-1.0426382658199154
-1.1055372144520139
-0.9076100328541179
-0.18011249132230414
0.11938644455343882
2.5700524651155399
0.63014627916376365
0.31070649266468836
2.2941491426951681
30
-0.86184256869596299
-1.4568668925342685
-0.88694835315393772
-0.79116405587620142
0.050878334786716932
-1.0388683949780975
-0.88382010658266075
-0.82283136692095715
0.046517998359919904
-0.25041125018245847
-0.67742667405341417
-0.82122423114179521
-0.74511740210264132
-0.59481846829019402
0.61404561327742724
-0.94487556894672375
-0.66051309987247875
-0.61907827493779988
0.3788674273811351
-0.83046962479839437
-0.90669007732481699
-1.5572926132043508
-0.94796933028152763
-0.79839100510147465
0.037484228635330401
-1.0693924791536804
-0.97470364856242242
-0.94057129612128543
-0.081838335893979222
-0.90393682426635102
30
-0.29206622451472658
-0.94263376592484738
-0.28971516272709119
-0.34191770528940518
-0.21596763366188568
-0.39467030808889031
0.024042210786006275
-0.38701849373470087
0.017740384658125247
-0.10632163347417183
-0.5058516900065394
-0.80113183271737853
-0.54319357359278886
-0.41732846998202672
0.4720510882875445
-0.32750017580906898
-0.073337433929348425
-0.40532755961570971
0.82764215451669942
-0.13545673212299172
-0.32382863836781867
-0.87969127809004677
-0.30015664718520874
-0.37002781996880246
0.64586689463933011
-0.20778296428589857
0.11048939759233363
-0.29159586517246455
1.4788820668091556
0.11903292212680586
30
-0.54846557939628304
-0.35103813354232716
-0.58088702287979233
-0.56682702475515145
-0.74244751735777814
-0.74084351933009196
-0.64751016403682937
-0.68286789262130498
0.55012623814132988
-0.076656124151877267
-0.69649056116973351
-0.46099623081832619
-0.71664096474868777
-0.5698096176393852
-0.52876549474459522
-0.57864528432729245
-0.40737091649991364
-0.66956540708442847
-0.31490767572345091
-0.50725126341977955
-0.5712302563423719
-0.11819644434254344
-0.63495059685263422
-0.57488141928594916
-0.51316869533909282
-0.50451800951227432
-0.39304319890848033
-0.52418644301014672
0.31858891894096686
-0.15636086774045455
30
0.9984771950557737
0.28606485517730895
1.0375156600428193
0.87362273884607933
1.0576809616900946
1.156733769997023
1.1735541068168847
1.4253158881600607
0.55372343985405381
-0.1642400088176989
1.513798939198828
0.28834259256371064
1.3833668517537776
1.3094962468000335
0.61992124879425015
1.2936277004942767
0.61154223261371932
1.0492919555439748
-0.33964329060493853
0.42092724486285488
0.87124697388214212
-0.1359431459764894
0.7653167807085034
0.7614668174619813
0.37942193142590036
0.57970619419948322
0.38162233416969504
0.54394460901875907
-0.70612649697523289
-0.37293801985163327
30
-0.60259433209350044
-1.5342293983073672
-0.64003130697330934
-0.60030589291989989
-0.26861562203147554
-1.0145087627412235
-0.88506188242367934
-0.77737533948785908
-0.81681041269392474
-0.53011462379266228
-0.837787606855395
-0.9163043308287665
-0.87869778096300521
-0.64896384397107132
-0.52550125279080495
-0.90049740032064651
-0.7752835784992882
-0.94019610570158418
-0.70832174098139944
-0.49006277252565672
-0.66557833099368446
-1.2168786091350219
-0.71116385368749513
-0.63175500919362759
-0.25560523089944315
-0.8570493880290796
-0.9029053796429819
-0.70674926585296016
-0.62572574895719224
-0.28498790731917545
30
-0.93306461171861754
-1.4841713063365385
-0.9771123666671323
-0.83437182590079129
-1.5639003769873974
-1.3043503244346542
-1.0915692047850656
-1.1123117856926414
-1.3491962661771293
-0.76178812516676964
-0.46548110552492195
-0.85728291045704286
-0.54888886106357959
-0.52052032946351934
-0.32507679682807372
-1.1022414380424281
-0.98169914080571452
-1.3822863505050178
-0.50572527623778529
-0.4396182883798615
-0.82911499372262676
-1.2507586758907372
-0.89292642256746146
-0.74550218900898402
-0.71744316713605671
-1.112317612832795
-1.2232579189927493
-1.1796269992198427
-0.27259305177991783
-0.40207149462801028
30
-0.69090966544159216
0.1586442574333819
-0.67063744000072434
-0.68271541455620399
0.87016757845594084
0.15951132529999315
-0.28019287026354017
-0.32153099658532242
0.63286187753398981
0.24118861858699059
0.35688265243395434
0.8139740870596095
0.54771285376684997
-0.039767666467388829
0.74918523016435057
-0.11333687447924339
0.28194984097951481
-0.080111747346516979
1.5673548281154772
0.45567788949662508
-0.62783910113315944
0.0415238703629714
-0.56508844475401154
-0.61165001403518071
0.11297696821246941
-0.4385768883508574
-0.38690255748773872
-0.57067377226691729
0.40529560798002995
-0.23606565722299533
30
1.4286583349126076
-0.80611169691349671
1.4056164491563186
1.4267394239953002
-0.71359930455252396
0.24324756111424758
0.35149850006259986
1.2011175155663063
-0.27363295407254723
-1.5627568768687161
2.2191627625026458
-1.0865515281927964
2.1242719763630054
1.9259765555612329
0.74037177688911615
0.24544185197536164
0.33809791924636196
2.6114425054055701
1.2834842001898312
-0.17917528504934765
1.1983202993400266
-1.313678799865637
1.1796507563583429
1.1110401567034434
-0.92615838831991049
-0.3599547823507066
-0.24141659151939851
0.94724528005431663
-0.73765620208034666
-1.1903243782001689
30
1.5426136037488545
-0.30325540938835505
1.5875988617517562
1.5898416022338187
1.0937412276966627
1.1586368662655286
1.9844337310020028
2.0211237053622497
0.75516673576661741
-0.28290204610687619
1.2338214597846471
-0.34313278648938222
0.99608730374000931
1.386222429379214
-1.0056712441933744
-0.18398868522722711
0.23817337317824416
0.16740633558013646
-0.44800884151431369
-0.19561645025242161
2.1837335234759592
0.070563927582155808
2.0355377279561875
2.4459393847913056
0.46823691916371069
0.80035533039345486
1.9059184776107145
1.6707235830570346
1.154126104226483
0.44334896209024632
30
-0.52282564390812747
0.62281929207197417
-0.51553879290233962
-0.55480896951652381
0.31483948195479422
-0.080278804531735068
-0.46310645164557368
-0.55677235889446253
-0.95710127949017498
0.67628275531397364
-0.41651308175555252
0.74759741369323296
-0.47277911031755826
-0.44743621251309745
1.3716761707521816
0.31167792455159637
-0.048594212998195462
-0.10797802158329255
-0.22067676188921148
0.56291912616213069
-0.57332688022351219
0.44001798887066906
-0.61196564637862838
-0.59516754052690457
0.53040741058017715
-0.15579092644708906
-0.51349424216148931
-0.52680327942526306
-1.0135411217500925
0.36584292542101693
30
2.5910020770423294
0.58186267136856906
2.472695141193205
2.9404420957176902
-0.89750666118602029
0.16712371037401649
0.51417113523603064
1.2101059955672011
-0.057800851309085841
-1.0301903523684799
0.9639366264908702
-0.68739450592202034
0.89823190992369617
1.4051611706487586
-0.72723140553505217
-0.036613423745104672
-0.14471210969228976
0.6919479682723827
-0.12997950732375627
-0.037930729441120734
2.4521013802619156
0.36580450931053088
2.3168009377038885
2.755664985880891
-0.46432045208329703
0.63360037976410277
0.55403265098282539
1.8231158213490961
1.0689959004426755
0.42356018677044249
30
0.9386506789167437
1.1825597750185124
0.98374812904871212
0.93342687086686926
0.58168545040339681
1.0387418013496643
1.551053962486526
1.3970663795858191
-1.0038649017555914
0.11687600809356601
2.5481082656861966
0.30628223401408261
2.3137697231184053
1.9988178681364042
-0.31463122257594445
0.56503090215569418
0.43326415359695042
0.60343156775556583
-1.0852453963183561
0.47772399738256527
1.431045550146598
1.0288858158152425
1.442767952573935
1.4098981928425169
0.19291045717649846
0.7902105425224677
0.99899297547041144
0.86104360990931206
-1.1838015293177071
0.48567495374649156
30
0.22643024869019865
-0.57629954741105638
0.16151850123114242
0.078714228062563271
0.12372007211998401
-0.5113301093482947
-0.80683000443951025
-0.31048800686993688
-0.13334208727629793
-0.8931639521655016
-0.50473028488205018
-0.039952845978095966
-0.50487982151656041
-0.38115061806969158
-0.67173929232061524
-0.68462300044926805
-0.80909931377186395
-0.48122217709586901
-0.84377867961811837
-0.79796095723777061
-0.042881038295020858
-0.47635715004581825
-0.09057019088934111
-0.15919705992887398
-0.51760944472598347
-0.60025944504471596
-0.99680995767709246
-0.48200919726062674
-0.79913912703531842
-1.0930295662111364
30
-0.52852340734993974
-1.6138672718973217
-0.55689843212857548
-0.55595354620591686
0.43023233317581205
-0.6833700120212175
-0.63484405045844006
-0.33128991772915134
0.51055701930136133
-0.46230774534170371
-0.63668228786363346
-1.0291446755516063
-0.62033883115168131
-0.54747161511633269
0.29610844697824151
-0.78949678202830642
-0.50602657944335683
0.06577639424601367
-0.16767187285745205
-0.59543569496354043
-0.59009987127263441
-1.6637728230080271
-0.62376055517449969
-0.60223145774473719
0.23287720165851358
-0.83549171380323184
-0.72416547859616376
-0.34254720949031564
-0.13228586406216103
-0.90448651246967859
30
-0.21229753632935366
0.03349902750631021
-0.26779455393718615
-0.26608949961711154
-0.4582926212260226
-0.81525458342866797
-0.4025077906038681
-0.39857511087870884
-0.78803279899213008
-0.86349844284320698
0.236892304113591
-0.16553033613069981
0.14179418312140282
0.08309134740939994
-0.37044975998576052
-0.85407695279013529
-0.357567253856439
-0.42057205081582799
-0.64353798772035997
-0.73742757626281619
0.34918762747821214
0.63200503381972206
0.2723500797528543
0.20287397900567644
0.30392919184876133
-0.65795792606095582
-0.061920919220796747
-0.0025124070790381618
-0.042426204512586912
-0.57467359047296007
30
0.36602545301460165
-1.7276356627401139
0.42125703557190403
0.22464775596018496
2.0817925162766255
0.94739318046138687
1.3933484306771691
1.5357457853139149
0.53573743129043205
1.1113768920409568
0.05447707052998569
-1.0422406138103777
-0.032688714847366983
0.11319908994047079
-0.56956851916697537
-0.15970212528260755
0.32509186721844818
0.19527260981691202
-0.32315288068394693
0.12199696844332673
0.5190141618505747
-1.4379057113032594
0.5263942692023913
0.39921465244492238
0.88122661214452835
0.63360037976410277
1.443008585893268
1.0242110569694993
0.48096690023230265
0.9254255164087839
30
-0.88178474074230639
-1.0859819383867655
-0.9142457150432538
-0.81748931973224293
0.27156716274691245
-0.91897333006223314
-0.83650844703985383
-0.61815083661486037
-0.90314325379930971
0.54631957161630273
-0.74396337810645041
1.0148980713037752
-0.7720405792372883
-0.5074088931999885
2.55333175802431
-0.27009557957633223
-0.57898735911214128
0.6263802641858518
1.1963206048931603
0.35254694413188786
-1.0408740057177952
-1.4733991145711511
-1.0762011592417697
-0.8786298596527532
-0.51760944472598347
-1.1157414787392532
-1.1248187134479373
-1.125289160717724
-1.5905347251736752
-0.6065555062659761
30
3.7163103568002711
0.54318141848202006
3.7134843179802823
4.554295227761977
0.90622784446250892
1.6306047408549622
2.4351983612917389
3.541460894085076
-0.061398053021810797
-0.72364675603810558
1.6065017628232827
0.43365368831172391
1.5283378055557231
2.1542126682967697
-0.81830375604580485
-0.040477194645385066
-0.053669745496893517
0.06577639424601367
-0.5787542344593205
-0.40897793504685986
3.5234761835245991
1.1127793144484426
3.423707763162585
4.2282200366752356
0.61922239831798742
0.91955658787755445
1.2115536400345452
2.3495617354489458
-0.086567791659745777
-0.18384527790684782
30
-0.78777164395240229
-1.0381992142327929
-0.77693171281215034
-0.73364907723419748
-0.45035936270457771
-0.45994651009863868
-0.36239843093896873
-0.67516348119196634
-2.3384267371763263
-0.092195200463555088
-0.26886140703111799
-0.23549493778715033
-0.5002200408586408
-0.41781407873252785
0.071202176362082065
0.61691582567374492
0.83645176646227648
0.8378361098649133
0.11619875506819341
0.35217328128636338
-0.82701836984148647
-1.3314255014995828
-0.86117089888626908
-0.7505737193192229
-0.93948063648058189
-0.61737877457700685
-0.5323885234560789
-0.81896536859529667
-1.7339948834019432
-0.54389105108659941
30
-1.1666729128329245
-0.99496722571253193
-1.1810153880524752
-0.97544090286849228
-0.30034865611725503
-1.1184178190016392
-1.1101089180914725
-1.2197626437604843
-0.4103266191560726
-0.33093191834297175
0.067933932023858182
0.051539325418800928
-0.097407890651806869
-0.32894767739081887
2.3672699666582573
-0.77845743659893396
-0.98924899539752775
-1.5743997234785529
0.55555039082033375
-0.13881969773271138
-0.9318495638985006
-0.76998439526201667
-0.97397861634421823
-0.80527379623679873
0.83681911827562327
-0.99210187656159676
-1.2781458061535322
-1.6277217524200369
0.0348215729949422
-0.39547523618807617
30
-0.67381637511615489
-0.47618336346939888
-0.70496594055850004
-0.65667629487251078
0.27877921594822624
-0.95341937252218778
-0.83775022288087242
-0.88266896235548731
-0.35636859346520727
-0.7095203230274898
-0.82395694365335925
1.2319677328532759
-0.9615383259926884
-0.61934171019050177
0.2262536691671265
-0.95641168492041806
-0.54631361865177275
-0.94560544128872304
1.2634601310000559
-0.69258803479988695
-0.78508589221868064
0.085083956191748022
-0.84756138873718712
-0.71018260291982072
0.10409546943868814
-1.0041488121583941
-0.89501701720249061
-1.125289160717724
0.45574313614821171
-1.0116757121186126
30
-0.53422117079175191
-0.81521316818091993
-0.55772562491310007
-0.55709812289531002
-1.1564193711131792
-0.63160579351786017
-0.6526014449850055
-0.8567307772100472
-0.53982588081415006
-1.1417891731523497
-0.62845865028404468
-0.72435016730978652
-0.61153702324227743
-0.52586202571903184
-0.37273472935341384
-0.2198665578726875
-0.36835276041617238
-0.91396902406697178
-0.048705344141725004
-0.79086136317280686
-0.62154922948973879
-1.0265049006981459
-0.6334384290582914
-0.60657848372494183
-1.0504993711528448
-0.59201680489953878
-0.63866885573814558
-1.0469379998180679
-0.67617327712537445
-1.1600915270171359
30
0.012764119622234988
0.82760239558900084
0.085003168662606238
-0.13875534292212791
0.76919883363755071
2.5802497788393475
1.3300178627852228
0.41809250063118808
2.0393677472092118
1.779557173443109
-0.44978143378207075
1.56205713554012
-0.39149182550718176
-0.20050416288326689
0.27162663232481327
6.0328186933238728
2.6588851542760437
0.7624332501654032
3.5886079298599083
2.9438987778436707
-0.12045612189721114
1.8113540242210462
-0.03613215029301145
-0.21588952375404383
0.89010811091830844
4.2755792254485092
2.69853357791875
0.9395487023627983
3.5551131479808995
3.3220660829182753
30
-0.40032372990916171
0.43851449890665101
-0.4257883757814076
-0.43205311957911269
-0.67393301194529953
-0.75568767022443706
-0.7434994365475639
-0.54598618289338841
-0.44270143457059219
0.0066898306107581774
1.214009969252001
0.91264211503665515
1.1648749142379888
0.33196583204123514
-0.83788920776854714
-0.45279674643244644
-0.34963673432722331
0.91159977696226024
1.5390855539652057
0.7598394457534946
-0.53768427424412735
-0.3956903244369725
-0.56115680848872085
-0.54716912866214418
-1.7485851747720331
-1.0689486446843248
-1.0658685558088175
-1.0534031250789433
-1.1538483094678489
-0.84951769213689288
30
-1.269232654785547
-0.28732783467036405
-1.3063350949079702
-1.0595672895388859
-1.9713813828616145
-1.5658357517273482
-1.1299400782725388
-1.2815006606809181
-0.59018670479229041
0.23271275878062014
-0.19597007393930843
6.5403076380183389
-0.33039692354779054
-0.44403695125958947
-1.7708095581618466
-1.0690130083000171
-1.0399091541501577
-1.9684616250386027
2.0408651701325295
-0.80468688845720993
-1.3306274260913822
-0.82645117318820893
-1.3713763126974223
-1.0465337381381599
-2.7570793605348687
-1.4651660159705688
-1.3108329127931722
-1.7881184315112777
-1.5794993283868857
-1.0210204115751866
30
-0.52282564390812747
1.6785899590930866
-0.46177126190823248
-0.517896371283596
0.47350465238369382
0.56296773422321911
0.21738670923259562
-0.10991649599282075
0.45300179189777201
0.92490797630082089
-0.0038359959434619076
1.0220739278839239
-0.11708252009635672
-0.13446137281511161
0.63983312471237175
0.68149599643557357
0.15379264538738904
0.19691180241907522
-0.22185464831213941
0.68398588811203942
-0.13932573682747365
2.1598347108512601
-0.17827592296120473
-0.20411632839098939
2.0091769564147173
1.3456376784590172
0.77934695542080701
0.4577429388737545
0.47939041497704715
1.9973175128981202
30
0.1950925497602303
0.84808070594070339
0.33440179319680885
0.037223323072062976
0.54562518439682983
1.7562090945763442
0.97735352393595254
0.99849149497469958
-0.28802176092344506
0.55055750151948801
-0.47370474310451066
-0.49705491013357361
0.37426546261095106
-0.35881261554663912
0.30785971801188683
1.3863582021010052
0.72098340211689582
1.1181380448348321
0.56379559578082972
0.17580441819884179
-0.049170909938441948
0.294817702774747
0.33283679152655354
-0.17549840735464162
-0.073534506036932498
1.3088628224266885
0.85681350872862438
0.87027950313913383
0.14044608509707324
0.15641171995310069
30
-0.1154355578185435
0.63874686678996517
-0.069681882043516455
-0.19884561911526624
1.6707054838017497
0.39930145513172188
0.58991946153816288
0.39446563891454944
0.060906805210817726
0.84014937823712232
0.79535205610930049
1.5656450638301949
1.0551111920736584
0.23605810381725972
2.1746796913846227
0.40716826251566829
0.43992579000149146
1.408275135417731
0.73341124068246033
0.17356244112569535
0.015824430376907284
1.2999263498609641
0.12113330031860622
-0.13528841703774819
1.7960209858439729
0.34130367923128374
0.48837502348412654
0.78715646407073669
0.26656490551752865
0.50381466445631096
30
1.1124324638920207
0.53635531503145228
1.0375156600428193
1.0461676747720907
-1.6677539430863129
-0.36726572182240713
0.23973867437092961
0.20236898060970579
-0.1693141044035415
-1.3310833754946079
0.85927214820519493
0.11791599878517706
0.7475656686509603
0.88337456823528171
-0.52484840440004676
1.4824005073365456
0.89830981879015892
0.39853249248515732
0.086751594494993631
0.44633631835851456
0.72238667832118264
-0.2020899429757429
0.65039202833847454
0.62743351640566958
-1.9999315900700361
-0.39355939217335167
-0.11340783574855362
-0.37487283579469227
-0.85431611096926763
-1.0215700997785142
30
1.4258094531917009
0.68425422312708195
1.4552480162278019
1.4009864484839551
-0.83692541429498657
0.70569995436115285
0.2533982086221338
0.45764181263512649
-0.18010570954171437
-1.0640937915939597
0.10979972333812819
-0.29828368286345247
0.49956178696834663
0.34580568143051765
-0.52680694957232099
0.60035680752968612
-0.18150972030785054
0.032992542202748498
-0.76721606212779903
-0.16609708545599336
1.4771712755316839
0.9853257299864665
1.7784692029179656
1.4606134959449051
-0.046890009715588654
1.913111749992364
0.514827017296552
0.84103250791136464
0.44470773936142138
0.44224958568359024
30
0.078288399203076786
0.16774572870080506
0.089966325369754144
-0.044900054391892569
0.13598056256221738
0.28321258275286909
0.33535541412935849
0.25424535090058603
0.47818220388684268
0.25955298150079059
-0.73686114565135108
-1.0555159484836529
-0.73631559419323755
-0.49915354444146903
-1.0099147587333019
-0.55932642982589054
-0.40546759181290187
-0.77135926767876761
-0.64118221487450411
-0.69707198894617994
0.42256946331812156
0.67233844662414488
0.31166644240575914
0.29416152458997524
0.97448234926922872
0.93350567120016203
1.0353644669624964
1.0411435278908394
2.9040247375603001
0.94191616250861965
30
-0.55416334283809532
0.017571452788319231
-0.56971992028870821
-0.56482401554871353
-0.070284158995351523
-0.47288756472447802
-0.61000853363806906
-0.2267667360044569
0.58250105355584847
-0.38037443388012837
-0.19783908248012408
0.1555892458309584
-0.29001215784582013
-0.30928052299552267
0.1227771992319706
-0.45886838641860123
-0.59548283973290994
-0.099782058572476254
-0.66356205691013581
-0.18814319334193355
-0.39301722644544801
0.38839122048100777
-0.46709997168061851
-0.44048586606462037
0.42827017468169554
-0.34346950206035243
-0.66039727922692382
-0.12565765014333063
-0.3829470196478163
-0.13327396320068477
30
0.958592850963087
-0.037037374816220707
0.94238848982247625
0.83899929399193762
-0.51598904683653202
0.26798781260482291
0.1565396930226863
0.64152043208200893
-1.11897535656277
-1.1177742370343013
-0.034487736012838145
-0.73744610556855794
0.11383549917388489
0.018262579217497462
-0.34205085498778387
-0.022814241958389089
-0.17928917483967011
0.23625242487099377
-0.5563743924236888
-0.4422339282985322
0.86076385447644133
-0.018169580587574587
0.96492292956171077
0.64735738548160782
0.21511420411095103
0.53025035332842074
0.34619555674233943
1.1966143972595085
0.026939146718663733
-0.30202824162233877
30
2.5966998404841419
1.6353579705728261
2.7539406879316095
2.9375806539942078
1.2451943449242475
1.9541311065009455
3.2448362096358383
2.878881511161953
1.377482632067931
-0.075243480850816169
0.5516333423869425
0.57537685576966235
0.93136812793556945
1.0484815434056698
0.7145842654541722
1.3858062348295366
1.8017546035584113
2.0721481392938546
0.12797761929747323
0.50574871079689587
1.8461770786123739
1.0853525937414348
2.0990487753185714
2.0003692218203231
0.90343035907897973
1.0038851370551358
2.4170087866293639
2.4188309346726102
0.45259016563769983
0.18994270035610042
30
-0.10404003093491852
0.97095056805091884
-0.031217417563116773
-0.17337878777626958
2.5577880275633222
1.3527526856531187
0.80474668203437305
1.0750219818394635
1.5609399194168727
1.6086273340146511
0.59237772857672322
1.2391435894334248
0.53891104585744587
0.30938502514293204
0.55039289517851453
0.2746961173631986
-0.052718083153387676
0.14773602435417718
-0.080508277560780661
0.24829501023057723
0.60497574097732632
2.5647821754076654
0.63224601480636489
0.49158895452427243
3.9675474360334331
1.6645644471531775
0.88373785957341477
1.3105237470939792
2.3979729706232229
1.3431885509379611
30
-0.4857901815363469
-0.20086385762984132
-0.46425284026180674
-0.50501988352792349
0.20305265733443381
0.0015543350140135156
-0.1358985175371839
-0.30021545829748542
0.38825216106873378
0.12817715450205863
-0.038225753094469406
-0.35030864306953102
-0.19215676402950699
-0.23522518854409852
-0.060346774375671396
-0.38600870658474312
-0.18309582421369372
-0.26861889659529287
-0.33493174491322675
-0.09547480765187974
-0.28189616074501278
-0.21176996204880419
-0.34915088372190523
-0.36894106347375122
0.41494792652102425
-0.13042895676962102
-0.049167279346948832
-0.22571316013306808
0.16251687867065312
0.18334644191616553
30
-1.2247900999394108
-0.50348777727166927
-1.2157574850025132
-1.0386787649574618
0.87016757845594084
-0.63560229568172233
-0.91188424058968021
-0.78020029034528326
0.42062697648325242
0.0038645440086360057
-0.72004006878401039
0.18429267215155357
-0.69955510233631568
-0.67130184649412394
0.84254255004275636
-0.75141104029697148
-0.78692558116817701
-0.73464135339031034
0.16920364409995325
-0.51173521756607265
-1.2358600266638413
-0.44086374677792628
-1.2253009037639386
-0.99618068720078878
0.36609968326522785
-0.8475386494000291
-1.0173574885849586
-0.92794890870719549
0.1231047472892608
-0.56972639664300895
30
0.80760211975506002
0.17684719996822906
0.7190464380008027
0.703653100471202
-0.65734528958227767
-0.62190000254848077
-0.26690586876464156
0.10272525945692605
0.75156953405389337
-1.4963626417188196
0.67087608729097969
-0.68865028082354618
0.64090846692524317
0.69155911178733054
-0.68544910852653507
-0.61121135334394117
-0.4225975139960077
-0.12764833280925184
0.26814610362590408
-0.47100596740391187
0.73077317384574358
-0.14562316504955067
0.67761104863663935
0.59483082155413425
-0.98388813034948697
-0.6960008805771577
-0.39823912626449243
-0.10102860153047211
0.57397953029238868
-1.0704923498746943
30
0.31189670031738381
-1.4955481454208177
0.24216979772230257
0.19202732031248135
-1.0828564284597799
-0.82629254178600153
-0.39828575274440498
-0.47073976460018085
-1.6477640083332508
-1.0683317214971448
-0.72116147390849983
-1.5723570186688691
-0.69541307508483152
-0.48507089067693598
-0.92928798247467881
-0.7585866148260636
-0.45590569601871372
-0.75988491946362458
-1.3103394917398952
-0.81664409951399108
0.2233901946097949
-1.6185994006670736
0.18464434768099067
0.092568194757982031
-0.49096494840464022
-0.2521664112214676
0.088288617071190886
-0.19492684936699517
-0.93156388847679639
-0.51805570553018987
30
-0.66526972995343658
-0.12350135185674262
-0.69503962714420298
-0.65925159242364528
-0.58594596288927381
-0.69878509179611414
-0.79851010630468588
-0.92375915664529351
-1.0218509103192133
-0.31821812863341703
-0.68826692359014474
-0.67106943220218185
-0.73735110100610857
-0.55499855074910043
-0.52909191893997431
-0.4875706845349696
-0.39119265666031361
-0.86249837635904514
-0.53046089111927286
-0.34358693708008797
-0.63203234889543991
-0.15530318412261254
-0.67668642797648659
-0.60730298805497607
-0.23340148396499055
-0.44618547925409785
-0.61599571818463805
-0.72398959988196121
-0.59261955859682292
-0.23276752800302791
30
3.9698608299609215
-0.23044363924896791
3.9781860090281924
5.2667942169091893
1.2524063981255613
0.8731724259896616
2.8449843888278625
2.8146780825841309
-0.60817271335591228
-1.0697443647982059
9.2204687563979881
0.4246838675865377
9.8952328535537113
11.791118321991929
2.0604312230019586
0.089235114149741404
0.98681441673620618
0.3378823662051163
3.1999054102936708
0.23708512486484506
2.4730676190733178
-1.2071985900619606
2.4468473680173419
2.929546025089079
-0.84622489935588152
-0.67697940331905659
0.20118194780636389
0.6670898520830516
-1.9909619800086209
-1.5893980138161987
30
0.92440627031221356
1.3827921429018266
0.91757270628673493
0.82869810378739961
0.27156716274691245
0.16902680664252206
0.95872688632067415
0.41269941263065102
-1.8312212956821925
-0.58803299913618934
0.46079952730330304
0.76733101928864234
0.46539006214360223
0.45045436716351378
7.8316109973034056
3.281261845052788
3.5217256790547125
4.4686477236565532
0.12797761929747323
3.2577755680841749
0.36805724240847465
0.34160446162787739
0.38727483212288322
0.25250252561301351
-0.39770921127993991
-0.50134776330259079
0.013183848925196934
-0.096410654915561222
-2.0619038164951271
-0.87865116691326905
30
-0.089795622330387917
-0.58085028304476793
-0.056033201098858676
-0.22746003635009401
0.41580822677318441
0.8750755222581672
0.09954218191993458
0.1571697668909191
1.0393456710718421
0.89524246697852627
-0.560800541106519
-0.081214021313951723
-0.48416968525913967
-0.41975651373453238
-0.38448600038705916
0.45684531694784425
0.20010687943800881
0.3837797590656879
-0.15000357651353211
0.26847280388889544
-0.1183594980160709
0.15768409923970905
-0.096618862066710678
-0.23816803190259286
0.56593340567530104
1.1325971331682858
0.87901428924976732
0.75790946884296706
1.1336317959081585
1.1947727360394371
30
-0.65102532134890545
-0.25774805305123749
-0.62017868014471655
-0.64723353718501764
-0.23111294538464436
0.1842515767905685
-0.30589763017262434
-0.47459197031485029
0.53933463300315698
0.044831199739423185
-0.41127985784126869
0.58075874820477369
-0.40443566066806969
-0.44962145189035257
0.56606125655670836
0.87302863963518584
0.84628561067850383
0.95749716982283217
0.85591142866697123
0.34881031567664356
-0.64251546830114148
0.18511081994671685
-0.6470479392073738
-0.63465302651376387
0.32169218939632388
0.29311593684409454
0.014600920022291264
-0.036377348921718677
0.76631073143358286
-0.028283516365062069
30
1.6024401198878846
0.47264501615948834
1.5462392225255204
1.6356246698095431
-0.21668883898201777
0.47352220960344715
0.44959879150306592
0.95046733039848874
0.99617925051914946
-0.99063633993875466
2.0520733989537292
-0.095565734474249306
1.8736793276482142
2.0498067869390248
-0.10898397948714846
0.30836612092278476
0.053233657756934026
0.8378361098649133
-0.19947480627650771
0.076036438443824364
1.9740711353619309
0.43356464282196155
1.8964182908766793
2.0420282207972846
0.090773221278016833
0.41295124357013108
0.39768247327009626
1.0134358482013737
0.25080005296497171
-0.088749218731127427
30
1.5255203134234179
2.9550713043492158
1.4759278358409198
1.6155945777451637
-0.9112095622685169
0.13857726634642975
0.29189325969370911
0.42297196120310249
-1.3995570901552696
-1.3692247446232728
1.2442879076132143
0.14661942510577222
0.95984456528952322
1.6977404428256968
-0.52191058664163559
0.018583303401757668
-0.19483299311693292
-0.20141199990659905
-0.86498063523082214
-0.59244639219934503
2.4290385175693721
3.1391299737426461
2.1958275141564898
2.8896982869372025
0.33501443755699523
0.95950169011956665
0.57623343150396844
0.71326931823216122
-0.31200518316131015
-0.46638501441737074
30
-0.14962213846941746
-1.4386639499994216
-0.18342088991566521
-0.25607445358492181
-0.027011839787469717
-0.35413435756971706
-0.64713763128452384
-0.62328711090108613
-1.6441668066205257
0.087210498771271447
-0.73312312856971984
-1.4453443572002358
-0.764792031547191
-0.54820002824208447
-0.98086300534456716
-0.50523363722196557
-0.5158604236595844
-0.876923271258082
-0.81904306473663047
-0.41346188919315269
-0.20432107714282252
-1.5492259306434659
-0.23846020117603575
-0.31768238212383726
-0.095738252971385066
-0.069560229543697824
-0.47995689286359267
-0.5480458338538533
-0.83697477316145519
0.16575641940967381
30
-0.17526207395757307
-1.2702867315520889
-0.15405554606503738
-0.277821410683391
0.5961095568060244
0.25656923499378814
-0.15390426723195291
-0.13842281828137376
0.52134862443953522
0.029292123427745356
-0.55855773085754012
-1.3296336698453366
-0.44378491955716914
-0.46006204002612716
-0.42006623768337459
-0.16356589618288794
-0.23289948685716824
-0.59809660963011013
-0.2642585595375474
-0.34508158846218567
-0.27979953686387254
-1.4233856826936671
-0.19642193649331477
-0.35318309429550909
0.19291045717649846
0.072466800650122884
-0.093568840389234589
-0.38888060719325562
0.24291762668869327
-0.13162489859070106
30
-1.1381840956238629
-0.44432821403341688
-1.1247662787047941
-0.98803124645181639
0.66823008881916046
-0.39390906958148802
-0.91039410958045797
-0.789702397774801
0.33429413537786845
0.88394132057003372
-0.59668550509017904
-0.039952845978095966
-0.63535367993831127
-0.60525905642596856
0.24845051445290139
-0.66806398230520936
-0.76919293950085066
-0.71874118514932661
0.67216114669020488
-0.030083809685108057
-1.0786132355783202
-0.50217053424064884
-1.0783181941538496
-0.91648521089703583
0.32613293878321392
-0.72516714570624596
-1.0003998711230644
-0.92995001890699014
0.22715277413613633
0.20918178747257585
30
0.44864302292088065
0.17457183215137287
0.42539299949452736
0.29446693401316471
0.40859617357187061
0.27940639021585739
0.29437681137574612
0.37802956119862696
0.42422417819597735
0.029292123427745356
-0.22064098667807472
-0.5711456293236099
-0.32314837585769318
-0.18909235724649007
-0.7742364896696341
-0.13044785989477059
-0.28365481184414876
-0.55269097455018734
-0.34671060914250657
-0.2654914023654863
0.68045420069837637
0.69976516733115213
0.5536132895005561
0.37385700089372825
0.97448234926922872
1.2023425497813229
0.56725864788903824
0.48852924963982763
1.7058959435659744
1.2222571462058305
30
-0.25787964386385259
-0.56037197269306538
-0.32114848853903072
-0.32045689236328434
-0.89317942926523286
-1.0615152405733161
-0.68861294437454368
-0.65076617833239403
-1.1549473736900135
-0.8592605129400227
-0.42473671933514118
-0.62532334650373322
-0.42669905714479706
-0.37143844305966878
-0.36098345831976819
-0.83144629465992181
-0.32330740949022729
-0.48384488525933006
-0.6882976717916236
-0.50276730927348667
-0.24625355476562802
-0.37955695931520317
-0.26477192079759465
-0.31297310397861566
-0.25116448151255311
-0.80695949791608035
-0.46720325298974463
-0.29836885354100062
-0.63833763099923813
-0.4361521632343377
30
0.04695070027310895
-1.3681275476768904
0.0080742397018074598
-0.049192216977116732
0.1605015434466831
-0.56100092195629558
-0.41914758687351678
-0.099387133706057909
0.92783241797738625
-1.1785178989799516
0.4323905974829057
-0.76632892830365684
0.46331904851786015
0.20182268690692914
-0.015953083804121863
-0.652608898704088
-0.29126811059219582
0.13954006134336089
0.23516528378392046
-0.88876102870020224
0.095496137860237806
-1.4604924224737361
0.08484127325438702
-0.015201824334593023
-0.15790874438785155
-0.67127296014162641
-0.53994623597391478
-0.11488244137520497
0.23818817092292671
-1.2887185665958565
30
0.23497689385291701
-0.90395251303829804
0.21239085747941278
0.07470820964968744
-0.94654862295495279
0.073871993217233173
-0.32216489368996748
-0.31074482058424824
0.22997528570886169
-0.53011462379266228
-0.65238195960648471
-1.3323246160628925
-0.30658026685175677
-0.48798454317994283
-0.9854329440798737
0.32934087723859234
0.11604337242832244
-0.075194169540027375
-0.79548533627807061
-0.23821401464220449
0.020017678139187759
-1.0716783230390998
0.19976602562441548
-0.1329337779651372
-0.8728693956772241
0.66149854640931771
0.29612571131167686
0.33459769580946203
0.06792776335531156
-0.029932580975045787
30
-0.44305695572275455
1.0210086600217472
-0.45349933406298576
-0.46352897853742325
-1.2840727127764293
-0.57908033650710067
-0.45466237592664754
-0.75862793834313513
-1.0901977428609755
-0.37189857407375893
-0.60341393583711522
-0.31084143187871266
-0.73683334759967301
-0.52124874258927101
-0.64268753893188069
-0.17460524161226054
-0.083171278145575928
-0.54383933449850563
-0.82611038327419839
-0.16236045700074925
-0.44333619959281484
0.86432549157319738
-0.51186013839315603
-0.46656802194584862
-0.46876120147018768
0.55180802755426828
0.53655544078533002
0.028273903687034745
-0.13386234931741656
0.64233609169493333
30
-0.38323043958372449
0.6478483380573884
-0.29178314468840288
-0.44407117481774033
0.86295552525462704
1.4117486699767976
0.9748699722539157
0.48049823320883123
1.1004981001881553
1.3727159027373577
-0.37464729044128248
-0.30545953944360127
-0.31641758157403144
-0.36051224617339311
-0.05055404851430028
0.68867157096466602
0.44563576406252675
0.48868808560413712
-0.45507616005188173
0.66343443160819671
-0.23367381147878657
0.67717845616067529
-0.069399841768546286
-0.31804463428885443
1.9736509613195936
1.7495270455726952
1.656513964522131
1.2551083877150473
0.78207558398613974
2.2061990301627086
30
0.81899764663868457
-0.091646202420761463
0.87207710313787568
0.67704169244281232
1.2451943449242475
0.97974581702598529
1.2418517780729053
1.5177688253121246
1.129275713889951
0.060370276051101006
-0.41277506467392122
-1.0051055560081077
-0.37026393584332551
-0.19419124912675201
-0.52419555600928891
-0.3324678812522866
-0.070799667679999387
0.30018093635536119
-1.0475530307846606
-0.56255336455739235
0.68674407234179746
-0.17143654924438134
0.78346279424061305
0.55679434422734297
1.6450355066896962
0.85615166368388473
1.0594546756130985
2.1263609823949166
0.31228297791994392
0.35429947315113164
30
-0.81341157944055797
1.7286480510639151
-0.8501382742425877
-0.751676160092139
-2.0197021393104158
-1.286270909883849
-0.92715808343420847
-1.2012463749586404
0.18680886515617021
-0.92424210478885815
-1.0665542522512279
-0.62173541821365874
-0.93668616248378345
-0.7617464762749615
-1.1375466191265069
-0.53172806625245961
-0.52188761850178833
-1.4562139368625813
-0.62351391853058413
-0.66867361268632475
-0.88782046239455448
1.2579796005443646
-0.84000054976547467
-0.77756150561299375
-1.8307390384295077
-0.7302395396417396
-0.7964361045479692
-1.4674790048826263
-0.097603188446536149
-0.73078504021807356
30
-0.84190039664961969
3.2599705918079001
-0.89025712429203652
-0.77714299143113563
-1.372780967152587
-1.3317549107011373
-1.0682610722491472
-1.1162667168930351
0.10047602405078525
-0.64171344457653123
-0.6819122945513717
0.73145173638789829
-0.71405219771651018
-0.5953040770406951
-0.907091137188904
-1.0647628603097088
-0.9376688963795089
-1.4080216743589811
-0.17709496424087598
-0.48856812114355919
-0.82911499372262676
2.553488819822427
-0.88173638088932704
-0.74387205426640723
-1.4794757619264682
-1.2016551510216762
-1.2013405526910252
-1.3260159069125204
0.00013889737931731207
-0.60985363548594351
30
1.8047107220722238
1.8947499016943918
1.7406295268888299
1.8902929831995103
-0.37823883069144171
0.032003875310105838
0.79977957867029903
0.86032571667522661
-1.3276130559007826
-0.97509726362707683
0.43986663164616824
-0.090183842039137513
0.46539006214360223
0.72919378995116935
-0.69132474404335775
-0.302661648592981
0.056723086349788905
-0.18010249607847656
-0.9050287736103737
-0.35666513667344246
1.7098965263382551
1.8436207544645851
1.6665687861366216
1.7938854877605994
-0.48652419901774957
0.11241190289213518
0.64755934339104426
0.61783175485733444
-0.74711511361188065
-0.048621979888192814
30
-1.3128205451154116
-0.81293780036406416
-1.3278421073056126
-1.0838895441884895
-0.87947652818273636
-1.2341260721267908
-0.92479870933627328
-0.85339219892400031
-0.95710127949017498
0.17055645353390883
-0.71443304316156353
-0.7340375736929875
-0.85591663107984239
-0.6637749108613562
1.4696034293658939
-0.86677220003391364
-0.66368530768416489
-0.39106658397688926
0.37297799526649539
-0.1126632985460026
-1.2169904117335788
-1.0958783707217532
-1.2658270006523173
-0.98839226565292215
0.76132637869848419
-1.034900200392324
-0.9725780419167811
-0.67642474974837818
-0.2426398319300595
-0.13107521038737263
30
-0.041364633074982837
0.40210861383695745
-0.10442397899355417
-0.15735471412476595
-0.44242610418313283
-0.69022115858783828
-0.94839245031562591
-0.79458185834671546
-1.0794061377228026
-0.63182494146909973
-0.55108169669427765
0.47312089950254183
-0.62189209137098778
-0.4348103850000678
0.081974174809590433
-0.67744742592017593
-0.80827453974082564
-0.32271225246668084
-0.94625479841285332
-0.34246594854351481
-0.20641770102396276
0.69815183081897558
-0.28201063365309914
-0.30083765645054411
-0.20231623825675671
-0.67888155104486692
-1.0165072459267019
-0.56236146836007739
-1.0797535024708316
-0.43945029245430511
30
2.5739087867168928
1.7036190050785009
2.5305986361099353
2.8946590281419655
-0.12581696864546668
1.1890864065616209
1.2915228117136477
1.8952849853497187
0.33069693366514347
0.037767983234113831
2.435967753237259
-0.49472275674502536
2.2671719165392088
2.8122125252258177
-0.23171947694966805
0.13946413585338596
0.38663269876516215
0.84439288027356674
-0.56108593811540064
-0.29463710431639029
3.0810885446040004
1.3805931754698098
2.9761060960372103
3.7355570922520354
0.65918914280000263
0.97788911813573109
1.4382850155696205
2.2033267593100985
0.30282406638840992
0.14321920307323169
30
1.7961640769095049
0.4498913379909304
1.6620462123589814
1.8530942407942343
-0.95808790807705502
-0.42321675211647708
-0.0071263628235594878
0.26503152690166026
-1.2592662233590204
-1.5613442335676551
1.0506586227847152
-0.3556905355046428
1.1783365028053121
1.0567368921641893
0.26803596617564418
0.28849529914991401
0.31049971128469123
0.77062921317621924
-0.8543796574244702
0.034186199745090406
1.6574809293097481
0.035070524314263885
1.6363254302497718
1.5729116671001935
-0.46432045208329703
-0.17291025597938001
0.18087059541468015
0.43619252133750314
-1.0608356794077631
-0.708797512084959
30
0.012764119622234988
1.9038513729618158
0.0097286252708565675
-0.098695158793369001
-1.0532870103343945
-0.034604494087596312
0.23973867437092961
-0.14946580799675915
-1.708916437449564
-0.21650781095697966
-0.26512338994948675
1.94596546257808
-0.39511609935223041
-0.24323773292736731
-0.27121680459053188
0.12952872496695075
0.18139085334905977
-0.31123790425153813
-1.0381299394012367
-0.09435381911530652
-0.1183594980160709
2.3534350923124894
-0.15408123825172512
-0.2129915064339073
-1.1171106119562024
-0.099994593156659428
0.13646903437239441
-0.5229549905795039
-1.6094525482367437
-0.3410561040586173
30
0.935801797195838
4.5045967876280475
0.87207710313787568
0.75029460056397146
0.092708243354335571
0.45829743945540097
0.6296562884507565
0.9812849761158432
-0.02902323760729119
-0.44676866903002588
0.48696564687472182
-0.68739450592202034
0.069308706220430089
0.21906179754971969
-0.74355261530400441
0.096410688678833401
-0.21450068154938781
0.28378901033372861
-0.98983659606118901
-0.40449398090056682
1.2989582456347604
3.052009802085093
1.0163366345693547
0.95346046492102265
0.14406221392070329
0.72997586453848118
0.22007622910095354
1.392107470624073
-0.091297247425513206
0.043725638270887789
30
-0.1524710201903236
-0.88347420268659538
-0.20410070952878318
-0.23776122655463208
-0.18784062617676356
-0.75016869104577033
-0.54568454507330766
-0.32332869258550129
-0.3599657951779322
-0.87903751915488582
-0.30698918126375674
-1.0370381177897698
-0.45155122065370201
-0.31049454487177547
-0.21800966074374822
-0.75196300756844003
-0.46573954023494113
-0.16043218485251728
-0.19829691985357975
-0.76507862683162253
-0.30705564731869639
-1.1136250723556993
-0.40782299414239342
-0.3589791289357821
-0.24228298273877186
-0.81964048275481438
-0.58670958217802416
-0.36856164208764736
-0.60050198487310136
-1.0479551335382515
30
-0.81910934288237014
-0.29415393812093105
-0.76038785712165569
-0.76970324295008052
-0.065956927074563035
0.50968103870505721
0.7923289236241875
-0.54855432003650129
0.85229118201017517
1.9589628726779358
-0.61126377170854096
0.72248191566271214
-0.25842920005325326
-0.5727232701423921
-0.15500979103559342
1.8235162811041545
1.7770113826272584
0.18543745420393254
-0.084041936829564901
1.8060954132218427
-0.78298926833754035
0.3238577599939314
-0.61801431755599834
-0.74024953261623672
0.064128724956673003
1.4356726708140286
2.2016139798710426
0.086767894142573798
0.62600354371582601
2.5030306599597565
30
-0.12113332126035575
0.97550130368463039
-0.15612352802634907
-0.19569803321943513
-1.1831039679580391
-0.71648388709321786
-0.5466779657461226
-0.67952931433525832
-0.15852249926536763
-1.205358121700123
0.10606170625649694
-0.32698710918404761
-0.020262633092914512
-0.0011617708025481416
-0.9097025307519363
0.031278550645535863
0.02944209916928691
-0.3177946746601909
0.6262235761960131
-0.28193256756856044
-0.27350966522045184
0.062497245021271124
-0.29017633974254842
-0.31804463428885443
-1.7574666735458144
-0.72389904722237253
-0.6688997058094891
-0.84821236382306608
-0.3908294459240948
-1.1518462039672182
30
1.4884848510516366
0.91406637262952273
1.5214234389897789
1.4210165405483346
0.42302027997449826
0.95310246926690412
1.4144586199744846
1.0005460046891899
0.57890385184312454
-0.39873879679393032
0.44098803677065745
1.0095161788686637
0.60518348188119242
0.49610158971062102
1.1333865081254817
0.35417940445468032
0.20201020412502052
0.58703964173393319
0.14093436994968142
0.040164805273481111
1.1186485918566953
0.7384852436233984
1.1282370513506987
0.96976181234679026
0.57925565383597355
0.24366009597303212
0.32257770512410233
0.61937107039563843
0.014327264676617844
-0.44109935706428882
30
-1.0527176439966772
0.085832487293994758
-1.058590855942817
-0.91763978005414015
0.73313856763098262
-0.87558273514030138
-0.53003816947647397
-0.49308255774526288
-0.28802176092344506
0.22282425567318861
-0.12868576646994578
2.462627136348793
-0.18180169590079662
-0.40688788184625219
2.9058698890336747
-0.67579152410577004
-0.44829239727066666
-0.11125640678761924
1.6604078555267883
-0.10519004163551454
-1.0136178952629713
0.56585823682046854
-1.0256947549107309
-0.86721891645471583
0.81017462195427936
-0.9876635318680399
-0.75297925757041306
-0.75123548490993586
-0.044002689767842426
-0.36744113781835525
30
-0.27782181591019595
-0.46708189220197566
-0.33851953701404985
-0.33419181263600151
-1.7802619730268043
-1.150960765193088
-0.59150607360689245
-0.99772150636694434
-1.1873221891045334
-0.91435360168142665
-0.90955753482271506
0.64892938571618719
-1.0329882960807899
-0.64143690833830358
-0.2862323175779678
-0.57478151342701211
-0.0631863689319523
-1.0860842472941152
-0.12291218878618862
-0.59468836927249158
-0.49784842050246214
0.30127104882345451
-0.58414175896272669
-0.50641576009772504
-1.028295624218392
-0.68205179725455034
-0.22535645241899724
-1.0230786089743613
-0.22687497937750259
-0.66976964964868047
30
-0.36613714925828728
-1.2225040073981164
-0.30460463284853612
-0.41831819930639513
-0.66599975342385465
0.54964606034367847
0.57625992728695863
-0.25938207772199051
-0.79522720241757894
0.1790323133402773
-0.76190586009828043
-1.4335041938429904
-0.24600311829880103
-0.57369448764339437
-0.53431470606603915
1.6457828196912578
1.5479779786235088
0.27723223992507551
-0.94272113914406952
1.3875930262345035
-0.40350034585114919
-1.3314255014995828
-0.078472848534601083
-0.43921798348706059
-0.34886096802414346
2.0703559619926653
2.3390698762891819
0.61475312378072711
-0.42866509205023068
1.8489016979995969
30
-1.0042866547412721
1.3054296371287279
-1.0052369213409724
-0.89102837202575025
-0.019078581266024835
-0.63522167642802108
-0.83452160569422418
-0.86674651206818754
0.28753051311245198
0.066020849255347319
-0.58547145384528521
0.45518125805217025
-0.70991017046502602
-0.56665316076112782
0.01668933573378233
-0.86953203639125687
-0.69699348970687092
-0.9447858449876414
0.10795355010769742
-0.45680677927398433
-0.85217785641516974
1.4903000582978398
-0.89564832459727761
-0.77140321880770379
0.7391226317640317
-0.75179721386758736
-0.77943125138283853
-0.8435944172081552
0.78522855449665074
-0.1481155446905367
30
1.9272126360711896
0.92771857953065751
1.9267479034068915
2.0190578607562353
0.27877921594822624
1.0444510901551816
2.2377560025697885
2.0827589967969593
1.3954686406315526
-0.542828413502217
2.2341148308291712
-0.75072144024183329
1.8141376859081295
2.3775926935272955
-0.6054751806586699
0.71626993453809673
1.9793982410128428
1.0869933853937301
0.39417995087919916
0.43363178161068489
1.9426217771448262
0.1689774548249475
1.7452015114424313
2.0438394816223697
-0.53981319166043606
0.37300614132811877
1.9914151004687328
1.4521407766179153
0.3390832272592903
-0.31192262928224029
30
-0.76213170846424672
-0.23499437488267952
-0.78727162261870931
-0.71819729192739057
-0.24409464114700882
-0.87177654260328985
-0.80235961141184353
-0.75015308577086259
0.060906805210817726
-0.49197325466399827
-0.050935011172015723
-0.71107483263651128
-0.09533687702606479
-0.31535063237678695
-0.24738783832786185
-0.85297301824719807
-0.64496928159521594
-0.46450241255380348
0.26579033078004816
-0.88950835439125098
-0.70122093697306931
-0.5634773217033715
-0.74019747533887059
-0.67504414291316606
-0.66415417449337022
-0.97308039930349577
-0.92798753806154954
-0.78079034324536611
-0.26944008126940594
-1.0605979622147927
30
1.5824979478415413
0.076731016026571577
1.5875988617517562
1.5669500684459563
0.67544214202047426
1.5069034834020869
1.8714321294693135
1.2198649167110303
-0.30241056777434189
0.58587358404602885
1.3448405671090951
-0.82391517735935083
0.64556824758316311
1.2827877655224709
0.43875582035888239
1.3504803294555445
1.1171921577965123
1.2623869938251997
-0.70596596813554335
1.2769888239592779
1.8797230607106183
-0.058502993391997445
1.5788630540647584
1.9043723980908023
1.67612075239793
2.1375651816379557
2.6990059349511148
2.0709456230159842
-0.25525171397210539
2.5030306599597565
30
0.89021968966133913
-0.5467197657919306
0.85553324744738102
0.77204155766244065
0.28599126914954004
-0.030798301550584908
0.44214813645695439
0.86366429496127306
-0.014634430756394362
-0.94543175430478232
-0.36268563578006235
-0.68613873102049416
-0.34955379958590471
-0.15412852721040776
-0.77717430742804561
-0.61121135334394117
-0.30015029246491737
0.10019943889144234
-0.79195167700928681
-0.55283813057375764
0.74125629325144515
-0.13916981900084316
0.70483006893480415
0.6165659514551578
0.37054043265211911
-0.11330962723733025
0.28478914253492299
1.070390523118609
0.35800105032235918
-0.1668049436036845
30
1.5027292596561679
-0.034762006999365318
1.4138883770015658
1.4610767246770935
0.48071670558500662
0.24895684991976508
0.58246880649205135
0.92478595896735993
-0.14773089412719476
-0.89740188206868676
0.70863005981545535
-1.0854751497057742
0.48092266433666797
0.75323142310097568
-0.81242812052898195
-0.44727707371776027
-0.16786922671759955
0.10839540190225891
-0.82611038327419839
-0.4825895156151685
1.9677812637185099
-0.22306331763404263
1.6786661284913615
1.9750115702691287
0.7302411329902504
0.36603159966681514
0.72833239592541477
1.2889733295577279
0.73793399683897998
0.2932840825817386
30
-0.061306805121325685
-0.5535458692424976
-0.036594170662527251
-0.16021615584824872
0.92065195086513651
0.42213861035379141
0.085634292500526787
0.065744084596100441
0.32709973195241954
-0.2150951676559176
0.069802940564673802
-0.77045504583724256
-0.15798503920476259
-0.1028968040325373
-0.25685413999385415
0.037902157903159449
-0.050497537685207261
0.23133484706450388
-0.0051235464933895147
-0.42840840301412914
0.015824430376907284
-0.62639744567827116
0.015281554714632561
-0.10069333527861903
0.79685237379360807
0.43007057310242186
0.20496080406528192
0.32690111811794376
0.24764708245446068
-0.25255630332283102
30
1.5312180768652301
2.1131852121125534
1.7075418155078406
1.5698115101694392
-0.30539709335817461
1.9141660848623241
1.0853880221045671
1.6564482310402204
0.27314170626155415
-0.07100555094763096
1.6307988738538861
-0.072244200588765531
2.2210918633664476
1.612758911487997
-0.25522201901695901
1.1893058861867067
0.18551472350425188
0.52147193764740252
-0.15353723578231634
0.5270474929917871
1.8315007114443917
1.6645404016129475
2.1474381447375306
1.8916935723152051
-0.22896073457810054
1.7406503561855817
0.69715683178934185
1.199693028336116
-0.14647423135946244
0.89794110624239065
30
0.32614110892191489
-0.50348777727166927
0.45020878303026923
0.15711773128599132
2.644332665979086
2.3347503602021016
1.9099271805408888
1.908125671065283
2.0897285711873534
1.8558399117004372
0.94524654108271389
-0.32339918089397324
0.6176095636356449
0.47303517406181689
0.98323137825112272
1.0916076791367604
0.54080199841311516
1.51810103976267
-0.21478732977457177
1.8004904705389762
0.29677203044970507
-0.53121059145983329
0.36912881859077318
0.085504277540149207
1.9203619686769071
1.2169256823458667
0.78123638355026603
1.6430159033675684
0.54717928095304136
1.9203611644322192
30
0.42300308743272508
0.84580533812384717
0.73972625761392063
0.3293765230396547
1.014408642482213
3.9143202630619007
2.8139399928023989
2.2548241853855218
2.438657137321615
2.573462708639747
3.3106637503389726
2.1791808014329161
3.7546774532284548
2.3921609560423294
1.7046288500388036
1.8682256300931133
1.5714523164299874
2.9884568039031216
0.31879521981180758
0.82224114095607093
0.74125629325144515
0.91756559647503577
1.0919450242864788
0.62381099475549895
0.76132637869848419
1.6411046252015193
1.6088059042532921
2.0016764237923201
0.57713250080289968
0.9748974547082917
30
0.38596762506094445
3.2030863963865039
0.47088860264338722
0.2475392897480472
0.68265419522178805
1.1072532670158723
1.0444094193509548
0.87547772581959238
0.98538764538097656
0.51947934889613234
-0.61462798708200905
0.069478966869172903
-0.4997022874522053
-0.41174396935126356
-0.58523688054516942
-0.029989816487481277
-0.12345831735399168
-0.29320678562774205
-1.2622817256844332
-0.18029627358592087
0.45611544541636612
3.8054379532717122
0.56571063185529569
0.27786017716420763
2.4443703963299876
1.889651928040706
1.3830192427829462
1.3120630626322827
0.94760653578798748
1.9918206308648414
30
1.7477330876540993
1.7240973154302035
1.6785900680494759
1.8015882897715443
0.22829484353903162
0.058647223069186752
0.75631742423464954
1.1153417349863357
-0.011037229043669406
-1.0033501296483094
-0.032244925763859435
-0.3700422486649404
-0.14555895745031014
0.30015845888341047
-0.68381698754963993
-0.56981380798379455
-0.36835276041617238
-0.62678248016796723
-0.92387495637722161
-0.72845966797023032
1.680543792002291
2.1307946536320745
1.6544714437818824
1.7431701846582113
0.84125986766251326
0.22907696340848785
0.47845552580446704
0.8241000369900241
0.37849535864068262
-0.22946939878306047
30
0.90446409826587015
0.81395018868786517
0.77281396899490928
0.78606262210750621
-0.73667787479672753
-0.81487396417496694
-0.77094268263407395
-0.55292015317979315
-0.91033765722475757
-1.3777006044296423
-0.021030874518965657
0.13944356852562342
-0.15073649151466545
0.10761458930970755
-0.46086926210575474
-0.83034236011698448
-0.64465206081404736
-0.71103697991915926
-0.77192760781951097
-0.84578980146489513
0.74125629325144515
0.89013887576802797
0.62317300804030973
0.60932090815481654
-0.4110314594406112
-0.6960008805771577
-0.73880854659947082
-0.52049208571821792
-0.72346783478304533
-1.0452066925216124
30
0.88737080794043244
0.60234098172027162
0.91343674236411154
0.82812581544270292
-0.49363168191245949
0.41072003274275642
0.074209954763156005
0.64639989265392328
1.0465400744972899
-1.1559156061629654
1.6016423406171623
0.70633623835737758
1.6971254160537022
1.2373833473506142
-0.13738288448512512
1.8604980882925524
0.43136082890993849
1.5541632770102616
0.80172865321228381
0.74601392046909165
0.85447398283302023
0.20769753111719319
0.91653356014275156
0.74878799168638432
-0.88175089445100541
0.1796211225374254
-0.22535645241899724
0.5639557110167065
0.24607059719920429
-0.51255882349691106
30
0.40875867882819394
-0.023385167915085929
0.31785793750631425
0.28674104135976142
-1.3295086479447054
-0.9431426526722565
-0.60727662678782812
-0.55035201603668027
-0.97149008634107181
-1.18558111548526
-0.65985799376974719
-0.43139582242521229
-0.6907532944269118
-0.43213953687231155
-1.407499428704974
-0.93825196168910019
-0.62403271003808647
-1.1203433726793275
-1.2407264041448509
-0.93285324447208262
0.3345112603102301
0.92240560601156674
0.25117973063205995
0.19381767488024998
-1.1037883637955312
-0.49247107391547695
-0.2433060196488574
-0.46923287829270627
-0.35929974081898092
-0.87260459667666268
30
0.85888199073137128
0.58868877481913684
0.7976297525306506
0.77232770183478872
0.030684585823038686
-0.30008642354415294
-0.0047669887256242818
0.39472245262886063
0.17961446173072129
-0.99204898323981583
0.052234260281006972
-0.89872348220740206
-0.025440167157269822
0.13213783121001535
-0.86335029500811256
-0.77514563297012218
-0.3902409943168077
-0.34975893040237477
-1.0864232827412841
-0.84691079000146829
1.1039722246887134
0.54488486216216825
0.99516628544856034
1.0041757680234109
1.0011268455905713
-0.010593650043584852
0.52616358607330582
1.2658835964831732
0.48096690023230265
-0.46528563801071465
30
1.8673861199321595
2.6478966490736773
1.7943970578829358
2.1764371555477884
-0.15466518145072089
0.16331751783700482
0.56756749639982862
0.93891071325448061
-0.17291130611626546
-0.8592605129400227
2.8621017005432217
0.67763281203678238
2.5270841265698389
3.8781237325758231
-0.8444176916761279
-0.62501053513065674
-0.36010502010578804
-0.44729089023108926
-0.82375461042834253
-0.57637888984179553
3.3913888790127622
3.4214638633736061
3.2180529431320073
4.6194523748936591
0.30392919184876133
0.038228141585541324
0.31501999260626651
0.76560604653448527
-0.067649968596677809
-0.10908768225425818
30
-1.0185310633458031
-0.12122598403988723
-0.95271017952365289
-0.89274523705983999
0.0032787836580466453
0.17092990291102791
-0.33681784861398645
-0.60299882747049438
0.37746055593056094
0.29486906402733143
0.1651223761462709
-0.07583212887883993
0.29090716417483248
-0.31267978424903059
0.10841453463529288
0.53577663676785736
0.024049345889420346
0.26903627691425924
1.6933886753687724
-0.19561645025242161
-0.92975294001735997
-0.48603716911887951
-0.8865753178312229
-0.82737117830283935
-0.53093169288665476
-0.043564210624293158
-0.40579683878232836
-0.56805693585180106
0.045856969781731691
-0.45594093855414075
30
-0.16671542879485471
0.53635531503145228
-0.21319983015855501
-0.27867984320043571
-1.2458488308094671
-0.44015430890617857
-0.62428895580978239
-0.73140568462613853
-0.65493633562132869
-0.59792150224361995
-0.25540454553724529
1.214028091402904
-0.14348794382456806
-0.32093513300755
-0.55553227876567679
-0.11278490720777459
-0.05684195330857978
-0.34254648295285628
-0.04281591202708529
-0.31107826951946438
-0.31753876672439757
0.65943175452672931
-0.3004590807440774
-0.39864574100515004
-1.4546075653598811
-0.54129286554460299
-0.62449814476720344
-0.83543604485514578
-0.73292674631457921
-0.76541539702772932
30
-0.3718349127001
-0.7446767658583886
-0.41089890565996273
-0.41831819930639513
-0.18639821553650041
-0.82838594768135787
-0.6456475002753016
-0.86674651206818754
0.69401430665030406
-0.72505939933916763
-0.64228931348608032
-0.036364917688021574
-0.68454025354968562
-0.52780446072103648
-0.52876549474459522
-0.23863344510262066
-0.21862455170458003
-0.93085270786925356
0.62033414408137344
-0.62943901390626167
-0.50623491602702309
-0.3731036132664956
-0.55420083663474573
-0.51456643381060896
-0.33997946925036343
-0.49183702467354035
-0.3698977043226081
-0.89839405037176534
1.0926431792715108
-0.74452724530127012
30
-0.98719336441583483
0.20642698158735484
-0.94361105889388108
-0.89703739964506413
0.81968320604674627
0.44116957303884874
-0.080887847780061792
-0.54521574175045451
-0.53622867910142513
0.81895972872119827
-0.32343645642293434
0.44800540147202145
-0.33039692354779054
-0.46710336690839377
0.57585398241807972
1.2003452316160792
1.2881741588464024
0.89192946573630127
0.77934881117665167
1.4081444827383458
-0.96958879375902562
-0.11980978085472004
-0.94010605775094658
-0.85345333418406766
0.010839732313987801
-0.021372487156508625
-0.11388019278091831
-0.46430706857013476
-0.48226559072892439
0.15641171995310069
30
-0.82195822460327683
-1.465968363801692
-0.83069924380625682
-0.77370926136295637
0.10857476039722533
-0.56404587598590494
-0.72450026617997998
-0.57397887775331868
-0.17291130611626546
-0.017325105507288125
-0.80713586678601867
-1.2736619885201761
-0.88232205480805392
-0.65090627897307585
-0.21735681235299004
-0.82151088377348647
-0.63323211269197677
-0.51794009138432628
-0.4409415229767456
-0.38282153586015105
-0.8375014892471877
-1.5766526513504737
-0.88687775139009151
-0.76814294932255023
0.11297696821246941
-0.682685846496487
-0.7085776965281273
-0.4412173354955799
-0.28047547805619633
-0.2168265701065199
30
2.1579720554645898
0.34294905059870506
2.2741688729072731
2.3824609596385482
-0.20370714321965333
1.7200502654747341
1.5957578927631939
1.5126325510258987
-0.34557698832703437
-0.1246859963879728
2.8434116151350657
0.20223231360192556
3.1059324349647501
2.8364929627508748
-0.47359980572553734
1.2969395041230882
0.96778116986608842
0.59031802693825985
-0.16767187285745205
0.28865059754721367
2.4898406101224406
0.35935116326182331
2.6706482015800295
2.7212510302042703
-0.26892747906011444
1.3576846140558143
1.4321443741488791
1.0457614745057509
-0.12282695253062705
0.24271276787557558
30
-1.2629651149995533
-0.86754662796860449
-1.2744881727037685
-1.0544166944366169
-0.46622587974746749
-1.1195596767627425
-0.992972203008192
-0.92016376464493543
0.94941562825373305
0.042005913137299046
-0.51557053441878065
0.30448826986904565
-0.57891855863683972
-0.5727232701423921
2.1746796913846227
-0.85186908370426073
-0.77512496810870402
-0.41581839226955458
-0.31608556214637884
0.15674761307709695
-1.166671438586212
-0.81838449062732421
-1.1947551143182205
-0.95343493172877603
0.59701865138353494
-1.0440939144004062
-1.1198589646081074
-0.99398554530042227
-0.11021507048858116
-0.13272427499735637
30
1.0696992380784283
1.1370524186813957
0.94652445374510019
0.97434548751267291
-0.59748524801137504
-0.67461576918609079
-0.42225202647606314
-0.06317639998816621
-1.0038649017555914
-1.09093401431413
0.055598475654475149
0.34754340934993838
-0.053398851104787759
0.14160720184478762
-0.55292088520264437
-0.79556842201446121
-0.52537704709464328
-0.57154168947506501
-0.76250451643608708
-0.40748328366476216
0.96559504853345546
1.4096332326889942
0.83185216365957226
0.79406951231351663
-0.077975255423822512
-0.49310512315741356
-0.32833028547451087
-0.039455979998325862
-0.64149060150974913
-0.25750349715278215
30
-0.65102532134890545
-0.48300946691996666
-0.6665014760781004
-0.63750463532517609
1.8510068138345896
-0.639789107472435
-0.39369118213263632
0.61994808007986046
0.71200031521392593
-0.57531920942663473
0.87796223361335124
1.8903525740819274
0.5968994273782241
0.21517692754571063
2.2987208856286583
-0.61893889514450184
-0.63799042440950615
1.1623962450932404
0.72045449003025253
-0.3136939094381353
-0.82072849819806537
-1.1233050914287612
-0.85088815788474048
-0.74115516302877937
0.11741771759935944
-1.1076256484424636
-0.97295592754267302
-0.41104675094482823
-1.0892124140023656
-1.3101564065256432
30
-0.81056269771965184
-1.2111271683138372
-0.84889748506580054
-0.74910086254100439
-0.2195736602625431
-1.2750426418996648
-1.111474871516593
-1.1959046497009655
0.49257101073773951
-0.65160194768396273
-0.6310752622411866
0.073066895159247303
-0.67470293882741073
-0.5557269638748521
0.42047606541765592
-0.94415801149381462
-0.9927384239903827
-1.4221187307375853
0.34353083469329559
-0.82748032203419897
-0.86266097582087131
-1.1233050914287612
-0.91409677168825587
-0.76723731891000757
-0.32665722108969092
-1.172298671120007
-1.2874276218394993
-1.6171004752057416
-0.241063346674804
-1.116116470750907
30
1.3204008295181719
0.11313690109626513
1.182274397334645
1.2693601292037475
-0.54844328624244254
-0.89213967267630156
-0.13403585377565611
0.21906187203993965
-0.96069848120289902
-1.8170326710598106
-0.29166331122906863
-0.73780489839756558
-0.26153572049186652
-0.078616366507480204
0.14138337836857587
-0.82592662194523547
-0.20783904514484669
0.42967715192625955
-0.16060455431988399
-0.80917084260350292
0.76431915594398814
-0.26662340346281926
0.64736769274978978
0.64192360300635187
-0.39770921127993991
-0.90270093344852209
-0.26692387126709449
0.20375587505365128
-0.54217203042864104
-1.4728641147106916
30
-0.16671542879485471
-0.37379181171088594
-0.25125069824669211
-0.24634555172508044
-1.2516184733705187
-1.2407869090665609
-0.88195744282113298
-0.96356528236354311
-0.87796284181023898
-1.0768075813035143
-0.55444591206774574
-0.13144501737499326
-0.61360803686801946
-0.43116831937130928
-1.1088212899331513
-1.1497106233887298
-0.70206902220556899
-1.1416528765074498
-0.85084599815568618
-1.0146854076419283
-0.17077509504457797
0.023777168729025435
-0.26265488588551539
-0.25809190097853113
-1.2547738429498085
-1.1549257218909412
-0.81013445848654675
-0.98998332490083263
-0.90791660964796095
-1.1837281197602341
30
-0.092644504051294027
-0.97903965099454093
-0.13751169037454336
-0.20313778170049041
-0.12076853140454713
-0.54882110583785859
-0.57374867908032712
-0.32846496687172722
1.0537344779227389
-0.60639736204999029
-0.5921998845922215
-0.57365717912666203
-0.53749828612199813
-0.49939634881671968
-0.94756773741590505
-0.59023659702813347
-0.57771847598746684
-0.25878374098231338
-0.63411489633693607
-0.84018485878202898
-0.27979953686387254
-0.67963755058010966
-0.27898629806441394
-0.38325002399192504
-0.65527267571958958
-0.54509716099622307
-0.62308107367010923
-0.24988041408443548
0.069504248610567088
-0.82698047580044998
30
1.4201116897498889
1.6194303958548351
1.4014804852336953
1.3723720312491274
0.37253590756530264
0.75327736107379739
1.2555113123241093
1.2003470744233724
0.30551652167607379
-0.087957270560370851
0.85889834649703189
-0.42744910130613073
0.75222544930887969
0.72045283244214875
0.082953447395727686
-0.089050314534623823
0.22516732115033039
0.15101440955850387
-0.74365833366923917
-0.14778760602529728
1.552649735252734
1.604846950662401
1.5788630540647584
1.5258188856479757
1.9958547082540461
0.79718508418377132
1.4071094514335478
1.093480256193164
0.54717928095304136
0.71654399914419464
30
1.4884848510516366
-0.29642930593778727
1.4428401244599312
1.3924021233135069
0.49514081198763427
0.73234330212023346
0.88918743922363497
1.1489843315611146
0.27314170626155415
-0.55130427330858645
0.24137792461154842
-0.43803348976185003
0.018051118983313821
0.3200684176539571
-0.48437180417304571
-0.22704213240177967
-0.069530784555324923
0.48868808560413712
-0.52221568615877689
-0.70118228024694829
1.5673261024207159
0.4351779793341381
1.355062220502071
1.3519378464397875
0.82349687011495076
0.73885255392559501
0.72786003889305007
1.6784201607485527
1.070572385697931
-0.34600329788856843
30
0.58823822724528319
-0.16218260474329238
0.68182276269719011
0.41979808150171061
0.70429035482572844
1.4174579587823148
1.2890392600316105
1.043177081264864
0.21198927714523991
0.5675092211322269
-0.44492201157595002
-0.57760390024574382
-0.20924262644187908
-0.28864215109922409
-0.84050060133157944
0.480579909620995
0.18836971053476953
0.013322230976789222
-0.79901899554685474
0.089488300882703292
0.46869518870320831
-0.13916981900084316
0.58385664538740567
0.27061513386386643
0.14406221392070329
1.3456376784590172
1.0632335318720165
0.87797608083065204
-0.22214552361173515
1.2167602641725523
30
-0.36613714925828728
-0.86072052451803704
-0.34058751897536155
-0.40572785572307102
-1.3453751649875951
-0.18875529183656481
0.25463998446315239
-0.4109021691656507
-1.3851682833043728
-0.49056061136293622
-0.429969943249425
0.26860898696830166
-0.26981977499483484
-0.40518825121949814
-0.23498371890345834
0.74552419992593399
1.4746999781735557
0.93946605119903581
-0.22185464831213941
-0.054371894644194688
-0.50623491602702309
-1.0103715355763767
-0.468007272357224
-0.51800782937827095
-1.5096728577573237
-0.16910596052775989
0.26872900343452177
-0.22263452905646089
-1.4376156554138735
-0.708797512084959
30
-0.63678091274437487
0.29061559081102134
-0.59743087857028632
-0.62205285001836907
-0.77778657804421503
-0.08789118960575841
-0.3135966403869393
-0.30791986972682411
-0.8240048161193736
0.68334597181928103
-0.4938900353453195
0.27040295111333867
0.17078837388179191
-0.43869525500407691
-0.13673003609436696
1.4051250893309384
0.35173841283661295
0.70833989429401523
-0.22892196684970748
1.559477935175732
-0.64461209218228177
0.21576421367807788
-0.46558780388627613
-0.60766524021999302
-0.96168438341503437
0.14538246347284348
-0.19370853125055967
-0.010208984770556442
-0.70297352646472133
0.86001262021276748
30
-0.36613714925828728
-1.4477654212668452
-0.43116512888081809
-0.40773086492950905
-1.9677753562609581
-1.3022569185392978
-0.84929873820234503
-0.98077180122239949
-1.7269024460131859
-0.99063633993875466
-0.94619010222270139
-1.3818380264659189
-0.90769197172339433
-0.66280369336035394
-0.78566133650790071
-0.69842218223598362
-0.5158604236595844
-1.0005183934611925
-0.52692723185048906
-0.65783739016611686
-0.56494038469895125
-1.6799061881297965
-0.61075591214315417
-0.55169728072485746
-1.6473360887509299
-0.91094357359369915
-0.75061747240858934
-0.96212171365753651
-0.94890522628460927
-0.82533141119046627
30
-0.83050486976599514
0.10858616546255354
-0.76907338135916559
-0.75625446684971132
-1.1996916903210608
0.23563517604022449
0.021682836688071069
0.15357437489056103
2.7983773085940506
-0.069592907646568891
0.30006479279315912
1.1942944858074951
0.0045895304159901985
-0.12863406780909786
2.8079426304199631
3.1195354345124811
1.5292619525345601
3.7474029787047152
1.5920904429969651
0.99973099258016596
-0.93394618777964089
-0.5844506963616718
-0.88687775139009151
-0.80418703974174754
-1.3524703294613996
-0.46964530120575582
-0.5805689407572826
-0.35439993913525369
0.069504248610567088
-0.77366072007764719
30
-0.79916717083602729
-0.13487819094102202
-0.83318082215983114
-0.75081772757509413
-0.69989640347002835
-1.058850905797408
-0.832038054012187
-0.72344445948248859
0.70480591178847696
-0.46230774534170371
-0.52603698224734829
1.3180780118150615
-0.47329686372399382
-0.54601478886482935
-0.1958128154579733
-0.67082381866255247
-0.60341335926212569
-0.3417268866517747
1.5897346701511093
-0.34134496000694159
-0.82911499372262676
0.030230514777732954
-0.85602952838550461
-0.76488267983739666
-0.95280288464125373
-1.0226630500229457
-0.95519530312575862
-0.83328100310152065
0.5613676482503428
-0.78190604312756495
30
0.066892872319452304
0.056252705674868994
0.15366016977815769
-0.021150088086985635
-0.66816336938424892
1.1776678289505864
0.56135861719473579
0.41398348120220729
-0.3707574003161051
1.2851320180715369
1.7747125314966894
0.95210932622747346
0.77241783215986526
0.90158489637907457
0.20373039968597279
4.4321136060648669
2.1196098262893766
2.5737410755558146
2.3683175957065106
7.1065028769855978
-0.11416625025379043
-0.6167174266052099
-0.17827592296120473
-0.20701434571112592
-1.4843605862520477
-0.070828328027571261
-0.26220030094344704
-0.21647726690324631
-1.0072351807290696
0.21028116387923115
30
0.22358136696929251
-0.087095466787049061
0.19501980900439361
0.082720246475439088
-0.49868011915337906
-0.14251005251187429
-0.39232522870751591
-0.04391537141481975
0.22278088228341378
-0.60781000535105145
-0.44342680474329749
-0.52252920099310196
-0.36094437452748623
-0.36682515992990794
-0.58948039508509698
-0.27340738320514402
-0.55265803427514526
-0.022740006270802641
-0.64118221487450411
-0.38356886155120001
-0.013528303959056789
0.038297197338617639
0.045524910601482178
-0.13003576064500089
-0.086856754197603789
0.28297114897310743
-0.4587008264071793
0.50392240502286423
0.080539645397357459
0.030533121391019571
30
-0.66242084823253045
-0.46025578875140788
-0.69379883796741593
-0.64580281632327619
-0.9458274176348217
-0.93819460237414154
-0.7961507322067507
-0.69596539205118069
0.20839207543251595
-0.80134213759649564
-0.74508478323093985
-0.0022795989323150107
-0.84607931635756761
-0.63366716833028536
0.14921755905767303
-0.61286725515834706
-0.5919934111400551
-0.56236221090295069
-0.32315288068394693
-0.76881525528686656
-0.6823513220428068
-0.032689609197166791
-0.70299814759804591
-0.65892392156990698
0.16182521146826459
-0.52353948677037521
-0.68921105820117301
-0.38118402950173735
0.29967109587789803
-0.77476009648430322
30
-0.41456813851369234
-1.2975911453543594
-0.43571468919570405
-0.47583317794839908
-0.011866528064711035
-0.41465281890820094
-0.96999934994934867
-0.78739107434599942
-0.64414473048315579
-0.25747446668776686
-0.84339463247784185
-0.97981066156308316
-0.79119745527540253
-0.64580738709281382
-0.35053788406763892
-0.78949678202830642
-0.83168543339107037
-0.66071376703274676
-0.81550940546784645
-0.91529109073243531
-0.59009987127263441
-1.3669189047674748
-0.57627848643214563
-0.59389965794934474
-0.15346799500096153
-0.70487756996427153
-1.0636484777567032
-0.81173058556526945
-0.85431611096926763
-0.82148359376717117
30
-0.1154355578185435
-1.4136349040140075
-0.17597615485494247
-0.21658655780085928
-0.35011182320631856
-0.82800532842765673
-0.99793930637226624
-0.7891887703461784
-0.80961600926847577
-0.52305140728735389
-0.69985477654320172
-0.97711971534552744
-0.71922973178086536
-0.53994467948356506
-0.91068180333807336
-0.99079924593291313
-0.90439243643491996
-0.84905699702130644
0.10324200441598565
-0.76208932406742735
-0.34479487717922142
-1.4556524129372053
-0.40600839278918238
-0.39937024533518412
-0.7218839165229467
-0.95849726673895153
-1.134549268314651
-0.89500755618749717
-0.13859180508318397
-0.89184368379313805
30
-0.9302157299977114
-1.6229687431647453
-0.95850052901532601
-0.84324229524358796
-0.84053144089564302
-1.113469768703524
-0.97645658432264526
-0.92992268578876436
-1.3240158541880587
-0.35494685446101903
-0.86357992471865064
-0.38080603353516357
-0.82899345394519552
-0.70140958902519468
-1.1946708533178392
-0.76686612389809283
-0.69984847673738859
-0.42876801382664431
1.0302386192603137
-0.15451353724473657
-1.0366807579555148
-1.7960664170065341
-1.0638013833281617
-0.88641828120061994
-1.7823348701124015
-1.162280693097407
-1.1746051446591808
-1.2964610485770904
-1.210601778657054
-0.97484660249564559
30
0.024159646505859472
-0.29870467375464266
-0.045279694900037123
-0.072369894937327303
-2.2411121725907437
-1.0185052649050854
-0.82260055762044593
-0.92863861721720786
-0.65493633562132869
-0.98357312343344638
-0.65911039035342089
-1.0230451974584795
-0.62499861180960092
-0.47147384566290401
-1.2955359296899629
-0.68075922954898771
-0.69762793126920819
-1.1090329437244009
-1.1347166260813319
-0.70417158301114369
-0.019818175602477874
-0.11174309829383534
-0.054278163825121475
-0.1121042784766563
-1.7232729032667571
-0.2642133468182648
-0.5715941571423524
-0.62901383116862564
-0.43339454781599812
-0.40701868845796146
30
-1.0441709988339589
0.82077629213843295
-1.0532141028434066
-0.92765482608632988
0.33647564155873561
-0.71838698336172369
-0.82011700593840886
-0.79997494634725252
-0.43910423285786726
0.38669087859633733
-0.44679102011676564
-0.17270619271084861
-0.29984947256809485
-0.47147384566290401
0.98975986215870382
-0.64432938963205855
-0.4495612803953411
0.080529127665483341
1.6462732184516522
-0.69894030317380196
-1.128932208725687
-0.27953009556023489
-1.1339659689856529
-0.93985047554063628
-0.84178414996899087
-1.0920280370908209
-1.1144268587359127
-1.3070823257913855
-1.0781770172155756
-0.90118838324971196
30
1.5255203134234179
-0.1326028231241666
1.5379672946802736
1.5984259274042669
1.3101028237360708
1.11296255582139
1.5982414444452315
1.445860985304964
-0.090175666723605455
0.38104030539209105
2.6340826585637154
-0.14041483810017905
2.2619943824748536
2.2586185496545155
-0.35314927763067133
0.32713300815271795
0.7485816100785665
0.8722591545103423
-0.21478732977457177
0.35329426982293644
2.0160036129847363
0.046363879899501755
1.9206129755861585
2.1217236971010376
0.72135963421646909
0.97154862571636413
1.5804644823114076
1.2597263343299587
0.089998556928891429
0.83142883363971887
30
-0.48863906325725298
0.09265859074456255
-0.49155020215112227
-0.53535116579684083
-0.88885219734444443
-0.082181900800240903
-0.28180717885686435
-0.4856349600302356
-0.12974488556357297
-0.046990614829583673
-0.1574684979985064
-0.35748449964967982
-0.14970098470179427
-0.28305765046846099
-0.19842420902100569
0.41875957521650908
0.45483516671641711
0.33132559579646348
0.79348344825178785
0.30247612283161673
-0.59848636679719536
-0.46506379446057977
-0.58867826234575427
-0.59824668392954961
-1.2547738429498085
-0.26991978999569521
-0.41146512317070516
-0.61439033355474104
-0.35614677030846903
-0.35864612656510902
30
1.6850576897941636
0.99597961403633306
1.7530374186566999
1.6842691791087503
0.80525909964411868
1.4859694244485229
1.7050341667728273
2.0057148825035727
1.5537455159914237
1.6764342124656106
2.4882999923800968
0.90367229431146934
2.5555605639237928
2.2052015870993902
0.26966808715253932
1.1710909662282423
1.3865126010086772
1.2050152527494853
0.78877190256007568
0.77964357656628847
1.544263239728173
0.56101822728393758
1.5486196981779088
1.4751035825455876
0.064128724956673003
0.5118629253122563
1.0188319708297309
1.1719853486466503
0.60393275014224701
0.57857226010890062
30
-1.049868762275771
-0.19858848981298594
-1.0528005064511439
-0.92736868191398159
0.71871446122835603
-0.74103382895694248
-0.8447041675905762
-0.82437224920682495
-1.205308197668155
0.44884718384305061
-0.96375878250636826
0.58075874820477369
-0.94911224423823592
-0.72593283092550231
0.56704052914284531
-0.92406640281235652
-0.46637398179727846
-0.46056835030861165
-0.32433076710687486
-0.19599011309794606
-1.1016760982708633
-0.22790332717057357
-1.1140053541003319
-0.916847463062053
0.35721818449144777
-0.9762506455131793
-0.91296658443235079
-0.78325324810665176
-1.1002478107891556
-0.31577044670553539
30
-0.77352723534787127
-0.30098004157149882
-0.77445013445857602
-0.73050149133836639
-0.59892765865163822
-0.54767924807675528
-0.71469023703593337
-0.89576646178536312
-1.460709519271584
-0.055466474635953132
-0.29353231976988425
-0.32339918089397324
-0.20354733897108832
-0.41392920872851868
-0.15860045718476279
0.022999041573506473
-0.3353617991746351
-0.68874396052973885
-0.20300846554529195
-0.16086580561865158
-0.76202302952613765
-0.7006109252384094
-0.75320211837021611
-0.70963922467229512
-0.83734340058210022
-0.50388396027033755
-0.73172319111399975
-0.94010950145979433
-1.108130237065434
-0.42790684018441982
30
-0.733642891255185
1.1393277864982509
-0.74797996535378508
-0.69015516303725932
-1.5934697951127825
-0.92944035953901494
-0.8848135272554758
-0.94430425379019645
0.42422417819597735
-0.57108127952344945
-0.57986442822283846
0.98081275254806866
-0.46967258987894511
-0.52853287384678815
-0.3316052807356546
-0.15087064893910976
-0.53362478740502761
-0.82135464204474717
1.3282438842610955
-0.6092612202479436
-0.81234200267350443
0.91433892345068202
-0.7925184810231205
-0.73372899364592958
-1.6788654093978526
-0.77525703581924532
-0.96889365706433606
-1.0469379998180679
0.52510848737946236
-0.91877840575620373
30
-0.27782181591019595
-0.83341611071576671
-0.34100111536762412
-0.34649601204697766
-0.84557987813656255
-1.0126056664727177
-1.1117977332352578
-1.1977537084440071
-0.66572794075950148
-0.54847898670646322
-0.80750966849418182
-1.1943687733095318
-0.86161191855063313
-0.59433285953969284
-1.144401527229467
-1.006916690259797
-1.0041266500343367
-1.5773502701624469
-0.85084599815568618
-0.46951131602181417
-0.39930709808886872
-0.88775796065093149
-0.47163647506364614
-0.44320275730224834
-0.90839539077234854
-0.78476777444829582
-1.2579289251683212
-1.4032895469353641
-0.40974726898716274
-0.017289752298505216
30
-0.19235536428301031
-1.5410555017579346
-0.27399849982112173
-0.2638003462383251
-1.6641479164856554
-1.324142525627114
-1.0956919005772472
-1.1680146803267599
-1.6261807980569041
-1.338146591999916
-0.68004328601055608
-0.99183022133483245
-0.70369712958779984
-0.47560152004216372
-1.240370240670905
-1.2340512224691353
-0.97551333557292619
-1.4370353834172709
-0.69065344463747957
-0.85027375561118812
-0.28189616074501278
-1.4540390764250282
-0.36638959657740933
-0.33126683831197701
-1.9106725273935368
-1.268166916500836
-1.2456948780300743
-1.4479296975461697
-1.015117607005348
-1.2227559821965126
30
-0.70515407404612329
-0.084820098970193658
-0.74384400143116169
-0.68586300045203508
-0.62705466613676131
-1.0122250472190164
-0.9333669626393013
-0.98667851665155903
0.42782137990870134
-0.21792045425804074
-0.92039778435944575
0.3421615169148266
-0.91079849216200748
-0.69679630589543373
-0.35053788406763892
-0.93797597805336597
-0.70936510017244747
-0.716446315506298
0.33292985688694371
-0.81477578528636896
-0.77669939669411969
0.096377311776986468
-0.80673285828993979
-0.72177467220036662
-0.48652419901774957
-0.94898652810990103
-0.93696232167647964
-0.90439738097114941
0.90819440440659516
-0.80169481844736812
30
0.12387050673757574
-0.86299589233489282
0.015105378370267635
0.018623951869424921
-1.489616229013867
-1.3429831786853212
-0.95025511407715368
-0.79946131891862993
-0.66572794075950148
-1.4511580560848472
-0.337640921333133
-0.58800889228695963
-0.47329686372399382
-0.26897499670392788
-0.68773407789418839
-1.1084786682100236
-0.87098908817786336
-0.9318362234305515
-0.67416303471648775
-1.101076257527172
0.030500797544889317
-0.67802421406793256
-0.1177892111875055
-0.073886675067356744
-1.4279630690385385
-1.188847356334555
-1.0866522652328661
-0.89331430909536313
-0.60050198487310136
-1.4959510192504617
30
-0.75073618158062227
-1.9938536973122478
-0.76865978496690301
-0.71333284099746963
-0.78355622060526564
-0.87596335439400252
-0.96018932080530206
-1.0527566853438537
0.057309603498092776
-0.25747446668776686
-1.0284264780185888
-1.5770213254459657
-0.91183399897487849
-0.74152087181658888
-0.98380082310297856
-0.70118201859332674
-0.72173671063802392
-1.2034504376090052
-0.040460139181229003
-0.7060398972387657
-0.83330824148490723
-2.1106670368810327
-0.79735741796501636
-0.7494869628241716
-1.0682623687004067
-0.60723398670601969
-0.91764291905276185
-1.0623311552011045
0.75527533464679331
-0.54004323366330431
30
-1.5891620720433115
-0.20086385762984132
-1.5809630993701764
-1.2509977408398838
0.76198678043623691
-0.89918112886977297
-1.1299400782725388
-1.2815006606809181
1.2443861686971296
1.5210434493488305
-0.25989016603520293
2.7586312202799306
-0.3345389507992747
-0.53824504885681101
4.4433278492689592
-0.66640808049080347
-1.0399091541501577
-1.9684616250386027
4.805364604744522
1.112950834774062
-1.5436444124152349
-0.56670399472772526
-1.5407391056637803
-1.1619110526960932
0.064128724956673003
-1.1457320078828592
-1.3108329127931722
-1.7881184315112777
0.36430699134338124
-0.16515587899370079
30
-0.48009241809453462
-0.59905322557961427
-0.54283615479165515
-0.50587831604496825
-0.84557987813656255
-1.2822744077199868
-1.0743954449037787
-1.1165492119787777
-2.1657610549655577
-0.86067315624108387
-0.87741058792068627
-0.94034345037226508
-0.94289920336100963
-0.66256088898510335
-0.72135577001822959
-1.2745656201949322
-0.95679730948397712
-1.4127753329052544
-0.79312956343221475
-0.93322690731760716
-0.62364585337087897
-1.007144862552023
-0.6990665113327551
-0.61110663578765501
-1.0149733760577209
-1.3241534645638466
-1.2192901199208854
-1.35957298564754
-1.5668874463448399
-1.2326503698564142
30
-1.4623868354629863
-0.1326028231241666
-1.3336324567972857
-1.184326148682735
0.20521627329482806
1.7409843244282976
1.3225672077391115
-0.021058950841115042
1.8451188547220974
3.4761417780181301
0.22044502895441342
1.2050582706777182
0.46642556895647341
-0.38309305307169622
0.88367199866051527
2.1966461566169437
2.2179482684516509
2.1737780806279776
1.6780761518707079
1.5079124624933635
-1.3113384863848914
-0.41182368955874188
-1.17872613569819
-1.0586691856662314
-0.49540569779153087
0.73821850468365835
0.86626064937591918
-0.025602140153593002
0.35327159455659174
1.1727852079063226
30
-0.49718570841997189
-0.56492270832677693
-0.56723834193513456
-0.51818251545594418
-1.53360975354188
-1.3545920659232065
-0.96329376040784853
-0.84517416006603907
-1.2412802147953985
-1.0188892059599872
-0.10663146568832131
1.7235139085934681
-0.19733429809386208
-0.21410120789729883
0.071528600557461144
-0.84524547644663739
-0.72398897818432106
-0.13256591061574172
1.6097587393408848
-0.32901408610463601
-0.71589730414105135
-0.92647803694317721
-0.78132843934498608
-0.66236531713756897
-2.1833345397486146
-1.3394340512945211
-1.2051666446531797
-1.3521842710636827
-1.5921112104289312
-1.3656749150617578
30
-1.1182419235775194
-0.75150286930895638
-1.0668627837880642
-0.9562692433211577
0.66823008881916046
0.10241843724481993
-0.29472164760345732
-0.26323428343665994
-0.26643855064709832
1.4080319852638985
-0.14438543821279698
0.41571404686135188
-0.65813482982147409
-0.41999931810978297
1.0942156046799967
0.91332225045239535
0.23024285364902847
0.56245175270148429
0.76874783337029984
1.4029132029010043
-1.0555503728857774
-0.86194457645610079
-1.0907179700674579
-0.88967855068577351
0.30836994123565137
-0.14184184312448178
-0.4142992653648937
-0.28820937098819654
-0.47753613496315789
0.70664961148429306
30
-0.37468379442100613
-1.402258064929728
-0.39270066440041901
-0.4394928680601678
1.194709972515053
-0.33072627346709604
-0.65806525868548715
-0.40833403202253776
-0.98587889319196964
0.27367941451140732
-0.69200494067177598
-0.35389657135960539
-0.64933302191207021
-0.56835279138788175
-0.40080721015601112
-0.32805214308053759
-0.43655522836742744
-0.31123790425153813
-1.0181058702114609
-0.27445931065807222
-0.47688218169105939
-0.786117760383786
-0.44744179035416654
-0.51094391216043833
0.95227860233477613
-0.22363419533431608
-0.46484146782792091
-0.010208984770556442
-0.83382180265094374
0.075057865860576153
30
1.7562797328168183
0.46126817707520978
1.8026689857281837
1.7329136884079575
1.4543438877623427
1.5563839863832369
2.0552149539400606
2.5809776025608584
2.7048500640632178
0.5477322149173639
0.61256302081753233
-0.38798189011531237
0.59223964672030427
0.70612737430236505
-0.53953749319210365
-0.098985725421059212
-0.027974862222234713
0.27559304732291234
0.82646426809377149
-0.18552755342326266
1.8839163084728989
0.95305899974292774
1.9206129755861585
1.9134287022162286
1.1521123247448493
1.2099511406845631
1.2134430681640038
2.3449437888340352
4.1730953680411309
1.0023818648746849
30
-0.56270998800081418
-0.97221354754397316
-0.5916405290786132
-0.5736944848915102
-0.72874461627528264
-0.76634500932806959
-0.88232997557343862
-0.84697185606621817
-0.64414473048315579
-0.21650781095697966
-0.55631492060856147
-0.77493995619983547
-0.47070809669181618
-0.50910852382674243
-0.5663042772131851
-0.65812857141877412
-0.7065101131419298
-1.1255887890062499
-0.86380274880789421
-0.66381599569450744
-0.53768427424412735
-0.73771766501847846
-0.49855306180294229
-0.54064858969183716
-0.33997946925036343
-0.4157511156411362
-0.75959225602351943
-0.9328747184297671
-0.3939824164346058
-0.25035755050951963
30
-0.42881254711822342
-0.49666167382110143
-0.45763529798560909
-0.4821283497400613
0.43023233317581205
-0.55338853688227252
-0.73344105223531353
-0.74039416462703367
-0.39593781230517577
-0.42134108961091654
-0.73387073198604613
-0.51804429063050894
-0.67418518542097516
-0.54310113636182245
-0.10735185851025332
-0.91567650028603353
-0.61832273597705123
-0.90724833439810249
-0.011012978608029224
-0.76881525528686656
-0.54607076976868829
-0.78289108735943169
-0.57143954949024978
-0.55640655887007928
0.22843645227162235
-0.86973037286781363
-0.82902873978113645
-0.92579386695357024
-0.35141731454270247
-0.84017299268031898
30
-0.018573579307733359
-1.5023742488713852
-0.094497665579257761
-0.1198698275471415
-0.27005803267173767
-1.0021386369959357
-0.9107666423327635
-0.57962877946816715
-1.5974031843551093
-0.82253178711241981
-0.55781012744121394
-0.28393196970315487
-0.67832721267245932
-0.38989157557871212
-0.1455434893696011
-0.81599121105880035
-0.85855403355605309
-0.88216868758500444
-0.76603817570487087
-0.51024056618397495
-0.16448522340115726
-1.2830254061342754
-0.27807899738780839
-0.23853028406761001
-0.22896073457810054
-0.93503744478729378
-1.060153035717204
-0.88146157945042503
-1.2783906446330486
-0.73298379303138483
30
-0.6111409772562193
-0.35331350135918338
-0.67105103639298624
-0.60774564140095522
-1.4427378832053288
-1.2712364493626531
-1.1107422237703919
-1.1378904316380456
-1.5650283689405906
-0.29985376571961608
-0.64602733056771156
-0.59123802774802658
-0.7259605260645271
-0.558640616377859
-0.7863141848986589
-1.0606783025008408
-1.0023502136597922
-1.3208166279238953
-0.70714385455847151
-0.77965147780707444
-0.6802546981616665
-0.59735738845908681
-0.75168995057587373
-0.64878086094942933
-1.4190815702647572
-1.1696356643038728
-1.2743102670507302
-1.3577258070015759
-1.1664601915098947
-0.7582694503844668
30
0.59678487240800204
0.27923875172674195
0.60323944816734221
0.44440648032366253
1.4471318345610289
0.49826246109402222
0.7054046147528884
0.89833414639329712
0.47098780046139382
-0.0074366023998566023
0.11652815408506455
-0.013043383802538198
0.20806661914514932
0.10761458930970755
-0.14391136839270596
-0.29107033589213982
-0.0095760569144541629
0.3132944771726674
-0.62469180495351218
-0.39328409553483462
0.62174873202644898
0.71428519594074436
0.67156237745926983
0.43362860812154297
1.1432308259710682
0.23034506189236145
0.38823533262280147
0.64861806562340762
0.30282406638840992
-0.11898206991415972
30
0.59393599068709635
0.54545678629887551
0.62805523170308353
0.4818913669012867
1.4182836217557746
0.42975099542781425
1.1040146597198455
0.76812959323747421
0.18680886515617021
0.35278743937085949
0.61405822765018458
0.39059854883083112
0.048080816556573841
0.43078721276821752
1.1170652983565297
0.6323709092748665
0.81234298709346064
-0.024379198872965843
2.3035338424454705
0.87642225355711045
0.29677203044970507
-0.11980978085472004
0.18464434768099067
0.16954677982410707
0.41494792652102425
-0.29654985815703649
0.26872900343452177
-0.17645506290735122
-0.27574602229042888
-0.25475505613614235
30
-0.34049721377013165
-0.030211271365652916
-0.32238927771581782
-0.41316760420412629
-0.075332596236271074
0.12906178500390084
-0.24740998806065037
-0.52390020346261756
-0.20168891981806011
0.3640885857793521
-0.51557053441878065
-1.2071059187392961
-0.20872487303544363
-0.46928860628564889
-0.46054283791037565
0.35583530626908633
0.35364173752362466
-0.3602497630562197
0.80644019890399565
0.27295675803518832
-0.39721047420772848
-0.64575748382439435
-0.25358187911946056
-0.44791203544747016
-0.19787548886986669
0.42436412992499151
0.31360292150917218
-0.27066117385153488
1.080031297229465
0.41201673450055798
30
-0.84190039664961969
0.085832487293994758
-0.84269353918186551
-0.77571227056939429
0.6177457164099649
-0.72181255664503408
-1.0677767796711499
-1.0867588211186683
0.44221018675959917
-0.35918478436420426
-0.40642043563514818
1.303726298654764
-0.47070809669181618
-0.49429745693645766
1.8776336735896957
-0.83144629465992181
-0.93532146259886106
-1.1542746595441071
2.563846741912557
-0.70192960593799725
-0.90878670120595728
-0.027849599660635868
-0.928008715396207
-0.80690393097937552
0.40606642774724294
-1.0251358420664989
-1.2477732489724791
-1.4768688296662786
0.60077977963173512
-1.0413588750983174
30
-0.83335375148690127
-1.0700543636687749
-0.86585493714855777
-0.76798637791599078
-0.99342696876349201
-1.163521200565226
-1.1178489069085413
-1.2059717473019682
-0.15852249926536763
-0.28431468940793725
-0.71742345682686848
-0.43623952561681278
-0.6933420614590895
-0.60477344767546748
-0.49644949940207039
-1.0475966781670345
-1.0090213666877683
-1.4863750807423854
-0.43151843159332165
-0.67689419528786166
-0.74525003847701532
-0.62801078219044837
-0.77165056546119437
-0.70438656827954782
-0.7396469140705092
-1.01721022654229
-1.2847682517472856
-1.5315145312760583
-0.15120368712522986
-0.54883824491655053
30
-0.53422117079175191
-0.10529840932189624
-0.5970172821780243
-0.55509511368887221
-0.98837853152257238
-1.212240465038974
-1.0336279440431395
-1.0623101555162335
-1.0002677000428666
-0.47643417835231944
-0.8310591761084587
0.52514585970862082
-0.86420068558281071
-0.64920664834632191
0.24257487893607901
-0.97539935905893849
-0.81772771901965069
-0.89938020990771883
-0.15000357651353211
-0.60515092894717504
-0.62154922948973879
0.4045245856027771
-0.69755434353841272
-0.6109255097051467
-0.49096494840464022
-1.0642566802939932
-1.1398869027803724
-1.1750090526049319
-0.56266633874696459
-0.66482245581873012
30
-0.33764833204922551
-1.1951995935958462
-0.34058751897536155
-0.41230917168708159
-0.15971361869164044
-0.1154860854990921
-0.66576426889980223
-0.74270548805583525
-0.59378390650501445
1.3501136099203723
-0.84077802052069994
-1.0729174006905138
-1.0076701545060931
-0.62079853644200511
-0.62244923881837999
-0.16853360162610553
-0.05240086237221895
-0.7693922365561715
-0.50336950339192943
0.69482211063224741
-0.54397414588754811
-1.458879085961559
-0.6113607792608915
-0.55350854154994278
-0.84622489935588152
-0.38595080127011122
-0.62591521586429777
-0.88761884160363957
-0.7549975398881591
0.91992863437550509
30
1.3090053026345476
0.44306523454036256
1.2649936757871167
1.2407457119689196
-0.40925065945709016
0.65621945138000215
0.18634231320713168
0.28249485947482789
0.48897380902501558
-0.28148940280581414
0.88170025069498248
0.52155793141854634
0.77707761281778465
1.1720689704082106
0.13387562187485805
0.71019829455194194
0.20169298334385199
1.0083121404898931
0.11973241433697765
0.22550157665358844
1.724572893506237
1.358006464299333
1.6181794167176624
1.7956967485856847
0.73468188237714038
1.4223576367333579
0.8780695751850377
1.3643997909346073
1.2108795734156876
0.79899722964337438
30
2.6593752383440785
1.0892696945274227
2.5967740588719126
3.1149900408501399
0.72592651442966882
0.42975099542781425
1.7360785627982913
2.3395727111082469
-0.072189658159983669
-1.0965845875183773
2.2528049162373267
-0.5646873584014761
1.8607354924873261
3.0137401566837911
-0.27611316752121762
-0.35289067029662574
0.096375683995867434
0.16412795037581004
-0.69183133106040773
-0.27034901935730365
3.0098033326452307
0.77075197386693661
2.867230014844552
3.6667291808987943
0.81017462195427936
0.059785815811388865
0.9654556261725149
1.4275117280050569
-0.50118341379199327
-0.37293801985163327
30
-0.88748250418411856
-1.0290977429653694
-0.86130537683367181
-0.81405558966406366
0.46629259918238003
-0.28067484160539408
-0.45975365687482361
-0.42348604116690375
-0.14773089412719476
0.88252867726897255
-0.92039778435944575
-0.74767170119527004
-0.78343115417886977
-0.70845091590746123
0.090787628084824587
-0.40477559381467632
-0.1650142396870819
-0.3128770968537013
0.33175197046401578
-0.34545525130771015
-0.92136644449279903
-0.97649146882066185
-0.84181515111868532
-0.7998400137615429
0.37942193142590036
-0.23694922941498672
-0.22488409538663257
-0.13335422783484893
0.61496814692903645
0.36474354901436162
30
1.5682535392370101
0.49994942996175873
1.5545111503707683
1.532612767764163
0.081890163552365378
0.53632438646413794
1.1834883135450329
1.551154608172592
0.95301282996645698
-0.80134213759649564
0.80843511589501005
1.8742068967765919
1.1933513515919423
0.67213476176728493
-0.7775007316234247
0.41820760794504069
0.3384151400275307
0.99192021446826051
1.9902160539466258
-0.20682633561815394
1.3492772187821267
1.4047932231524634
1.5123276711136886
1.1925468938322816
-0.50872794595220217
0.55434422452201515
0.92530527842151189
1.6830381073634637
1.787873176839271
-0.27399414325261784
30
-0.70230519232521671
-0.91760471993943316
-0.71489225397279643
-0.68128469369446254
1.3101028237360708
-0.62627712396604396
-0.63248467636050487
-0.44685608916923103
0.69041710493757913
0.31605871354325754
-0.23073363279847903
-0.89657072523335724
-0.26567774774335068
-0.37508050868842729
0.78280692228839155
-0.83531006556020204
-0.51617764444075298
-0.13092671801357852
-0.13351316659254051
-0.27707495057674308
-0.6823513220428068
-1.2572120219394447
-0.70874438521654726
-0.66145968672502642
0.56593340567530104
-0.93123314933567358
-0.79738081861269861
-0.57760069218928356
-0.23002794988801362
-0.3355592220253385
30
-1.1153930418566134
-1.0859819383867655
-1.0800978683404594
-0.96370899180221281
0.14319261576353118
-0.26887564474065806
-0.68526014960379356
-0.75837112462882383
-0.66213073904677755
1.0209677207730119
-0.25540454553724529
2.2778488294099613
-0.24548536489236533
-0.50133878381872432
3.3367498269340095
1.1374209626686564
-0.21164569451887016
0.15593198736499347
1.894807253689458
1.0897837383515487
-1.1394153281313883
-1.044251602332092
-1.1100737178350415
-0.94999353616111382
0.12185846698625069
-0.60089349428665273
-0.9725308062135446
-1.1610012812063688
-0.75184456937764765
0.039328132644265053
30
0.16660373255116859
-1.079155834936198
0.10568298827572419
0.029497430418659674
-0.58306114160874845
-0.5313126201676055
-0.55772977073118768
-0.37546187659069291
-1.0650173308719046
-0.52305140728735389
-0.23746206354541538
-1.5090300843490561
-0.17144662777208622
-0.26509012669991877
-0.78533491231252162
-0.60955545152953527
-0.45146460508235292
-0.21944311853039483
0.11384298222233753
-0.39552607260798106
0.20032733191725191
-1.2943187617195138
0.19976602562441548
-0.0014362420639449462
-0.49984644717842153
-0.36439312704426352
-0.29479293617661412
0.13756530690659416
0.31228297791994392
-0.12612801655742226
30
-0.77067835362696513
-0.78563338656179371
-0.79802512881753085
-0.73164606802775956
-0.43809887226234534
-0.89175905342260042
-0.80869266820103813
-0.68517921605010657
-0.65853353733405362
0.12676451120099752
-0.88077480329415447
-0.85710351404253915
-0.92063580688428226
-0.67324428149612847
0.67019057488262235
-0.96899653870990254
-0.74172161985164753
-0.93331149677249836
-0.3667346783322824
-0.31107826951946438
-0.79766563550552239
-0.83290451923691644
-0.8445370531485018
-0.7349968762234893
0.88122661214452835
-0.92806290312599005
-0.84683659990128712
-0.78017461703004465
-0.094450217936024233
0.19049238855942807
30
-0.63393203102346873
-1.0290977429653694
-0.62390104767507726
-0.66297146666417284
1.3677992493465791
0.28321258275286909
-0.98452812728926586
-0.82257455320664596
2.3091578756635385
0.42200696112287822
-0.16943015265972655
-0.3395448581993078
-0.21390240709979871
-0.32360598113530636
-0.43671387164770586
-0.10671326722161981
-0.79196939158875812
-0.24403100756284399
0.78641612971421981
-0.2718436707394013
-0.73476691907131386
-1.3281988284752291
-0.74110477601547609
-0.69804715539174933
-0.1756717419354141
-0.44301523304441431
-1.1633630472889001
-1.0544806459557556
0.3359302567487793
-0.45429187394415782
30
-0.71654960092974773
-0.54899513360878593
-0.76990057414369018
-0.67928168448802473
-1.5307249322613545
-1.3210975715975048
-1.0267981769175376
-0.98308312465120107
-0.52543707396325223
-0.77873984477950953
-0.19783908248012408
-1.0169457193653533
-0.33298569057996807
-0.33865985240084168
-0.1811237266659165
-1.0549378428775671
-0.851194511432941
-0.93642596271660861
0.1762709626375209
-0.43849729984328828
-0.63622559665772083
-1.0023048530154925
-0.72537823095431442
-0.61418577919030015
-1.4954624597192741
-1.2275877650168874
-1.1669529607348721
-1.1320621490862601
-0.28362844856670733
-0.87480334948997396
30
0.44864302292088065
-0.059791052984779491
0.61151137601258898
0.28674104135976142
1.9808237714582342
2.4869980616825642
2.4885947224555367
1.908125671065283
2.0069929317946924
1.8657284148078688
0.42640977015229553
0.152001317540884
0.31524157427730171
0.27296436885534642
0.71523711384493038
2.1795351712014162
2.1173892808211954
1.7738150857001398
4.0950990917189429
1.303518885991511
0.21919694684751442
-0.287596778121119
0.3570314762360336
0.06105225640149773
0.96560085049544742
1.5612144207174956
1.9352046136173284
1.498320242767025
2.1031702278904087
1.1453007977399294
30
3.2918269803852507
-0.46025578875140788
3.3867431680930182
3.8675492141261105
1.302890770534757
2.4850949654140586
3.0523609542779617
3.6313456940940272
0.49976541416318843
-0.22780895736547227
2.1997250736781631
-0.69672311947621368
2.2542280813783209
2.7466553439081629
-0.25097850447703152
0.90117897048008577
0.3133546983152089
0.50344081902360649
0.31643944696595172
-0.17058103960228621
3.5255728074057404
-0.38278363233955748
3.6807762882008066
4.2608227315267708
0.87678586275763715
2.1261522952830951
1.7363423029917724
2.4542351920535945
1.2282209112235001
0.2190761751324774
30
0.25776794762016647
1.4237487636052317
0.2351386590538424
0.16656048897348469
0.40138412037055782
-0.15278677236180549
0.4036530853853792
0.40139960920095441
-0.61176991506863621
0.25672769489866842
0.92356604200925252
0.4785027919376536
0.6761156985628588
0.56797168478478999
1.1040083305413682
-0.098985725421059212
0.51827932295014256
0.89356865833846444
0.063193866036433982
0.38318729746488933
0.46030869317864737
1.1724727653989879
0.41146951683236282
0.30502908954048702
1.4540832830534043
-0.14437804009222849
0.59229357060436938
0.5608770799400995
-0.4050178132213953
0.5615319258057373
30
-0.86469145041686912
-1.2316054786655397
-0.87164528664023078
-0.7834381632227978
-1.7377108591390547
-0.85788393984319755
-0.57052006189367888
-0.90372768692901295
-0.45709024142148902
-0.28148940280581414
0.05933649273610641
-0.77153142432426469
0.23913182353128049
-0.27043182295543128
-0.5212577382508774
0.42869498610294426
0.38917046501451108
0.44279069274356575
1.21987833335172
0.36973543502601069
-0.87943396686999353
-1.6347327657888426
-0.84604922094284429
-0.77538799262289138
-1.9812804426450963
-0.84183220622259891
-0.74353211692311827
-1.1843988773885843
-0.52798366313133971
-0.76871352624769596
30
-0.46015024604819127
-0.093921570237616853
-0.42992433970403099
-0.4938602608063406
-0.66599975342385465
-0.036507590356102147
0.14908903797657494
-0.15383164114005113
-1.0218509103192133
-0.13881242939858954
-0.17242056632503144
0.42827179587661207
0.1780369215718893
-0.30321041361425838
0.88628339222354791
0.89676323230833654
0.94938236455830805
1.2541910308143838
0.67451691953606074
0.13582249372773011
-0.61735598172745831
-0.56831733123990236
-0.56176167560645807
-0.60531060114738222
-1.0504993711528448
-0.36883147173782049
-0.1828443195061705
-0.36194258527294165
-1.2452844542726789
-0.67526653168195927
30
-0.086946740609481793
-0.7446767658583886
-0.15695072081087419
-0.18511069884254872
-0.67826024386608796
-0.96674104640172831
-0.94342534695155156
-0.74527362519894813
-1.4139458970061676
-0.56401806301814106
-0.56827657526978137
0.22196591919733452
-0.58564935292050135
-0.46710336690839377
-0.48959459129911048
-1.0026113455423415
-0.87324135572416051
-0.97806145481155571
-0.61526871357008817
-0.65559541309297042
-0.25254342640904909
-0.060116329904174613
-0.32828296815997909
-0.33905525985984386
-0.79737665610008568
-0.9990764182229005
-1.0611922211884066
-0.9328747184297671
-0.86535150775605763
-0.7164931469315492
30
-1.3501408956592826
-0.26457415650180527
-1.3439723666038448
-1.0867509859119722
0.29320332235085383
-0.87843737954306
-0.79341882535650987
-0.92042057835924662
-1.11897535656277
0.95598612892417645
0.37968455663190498
0.01386607837301997
0.20651335892584272
-0.23061190541433765
-0.09853840523501918
-0.94504115912816433
-0.29507475996621935
-0.89233168171841681
-0.14646991724474828
-0.42168247179468971
-0.90040020568139634
-0.1504631745860816
-0.9618812739894782
-0.80056451809157692
0.0019582335402065229
-0.97308039930349577
-0.77045646776790844
-1.0104562215602713
-0.72031486427253377
-0.15416211492714318
30
-0.46584800949000404
-0.32145835192320144
-0.53332343776962077
-0.47640546629309577
-1.6208755972777746
-1.5076010059110714
-1.1151132747307773
-1.141562867752697
-1.0398369188828351
-1.5500430871591613
-0.20643652176787583
-0.51409756951142715
-0.27913933631067406
-0.28354325921896212
-0.44226308296914946
-1.1817799218610567
-1.0147567184112973
-1.3755656608361482
-0.02750338852902123
-1.0400944811375883
-0.54397414588754811
-0.80225112550555489
-0.62829705855752738
-0.53593931154661534
-1.7907722939474933
-1.3638449471090841
-1.2939178074641908
-1.53644034099863
-1.0687181056840416
-1.5915967666295101
30
-0.24933299870113373
0.47492038397634456
-0.29261033747292803
-0.32131532488032905
-0.79437430040723689
-0.79907826514636904
-0.71469023703593337
-0.65898421719035516
-0.0074400273309454482
-0.82818236031666703
-0.53912004203305763
0.53770360872388101
-0.43498311164776537
-0.46127606190238002
-0.53529397865217609
-0.31204509220794757
-0.47049785195247057
-0.91954227891432694
-0.27957108303561101
-0.70454524585666811
-0.44333619959281484
0.52391148750386851
-0.44320772053000757
-0.47163955225608734
-0.85510639812966216
-0.58123796778661507
-0.738336189567106
-0.92394668830760585
-0.43181806256074262
-0.96660127944572771
30
-0.40317261163006785
-0.14625503002530141
-0.43199232166534268
-0.46295669019272656
-0.0053756801835293149
-0.49857936434930611
-0.7961507322067507
-0.82411543549251365
-0.20888332324350903
-0.14022507269965062
-0.69163113896361295
0.082036715884433092
-0.69023554102047635
-0.55159928949559234
-0.49938731716048157
-0.53228003352392816
-0.55487857974332566
-0.3297607806559828
-0.185340169201372
-0.63840692219884754
-0.53768427424412735
0.0060304670950788964
-0.5980537026706777
-0.54680687649712711
-0.15346799500096153
-0.47218149817350247
-0.7180248371754222
-0.50863935607327992
-0.26313414024838389
-0.64778212151556602
30
0.66230915198884432
-0.27140025995237305
0.59083155639947105
0.51422565837664225
0.0018363730177844858
-0.40037959689440755
-0.40201108026746069
-0.039806351985839129
-1.1585445754027386
-0.97368462032601477
-0.2520403301637773
0.35830719422016155
-0.27137303521414141
-0.1553425490866607
0.038886181019557237
-0.44451723736041704
-0.4587606830492314
-0.27517566700394597
-0.43858575013088974
-0.68773041780806954
0.38063698569531607
-0.081089704562474343
0.29049609328496434
0.23076739571198995
0.024161980474659103
-0.57362937688337468
-0.52530316797060783
-0.38380086591685342
-0.8149039795878753
-1.0704923498746943
30
-0.22084418149207202
-0.57629954741105638
-0.28268402405863102
-0.30328824202238763
-1.2595517318919636
-0.92791788252421037
-0.85910876734639163
-0.90321405950039035
-0.60097830993046331
-0.82111914381135875
-0.92675241339821879
-1.1245835680675849
-0.94859449083180036
-0.6496922570968231
-0.89566629035063738
-0.75085907302550281
-0.57962180067447855
-1.069528402012266
-0.91327397857086978
-0.66045303008478773
-0.33221513389237961
-0.68609089662881717
-0.41840816870279063
-0.39502321935497947
-0.53093169288665476
-0.57553152460918466
-0.66653792064766548
-0.71259866489851409
-0.26786359601415038
-0.45868937957078054
30
1.7847685500258805
0.52270310813031751
1.7158137433530884
1.8158954983889581
-0.38472967857262441
0.1404803626149356
0.08687606834154521
0.71779410523246157
-0.71608876473764294
-1.0245397791642334
0.64209335576241888
-0.57850088231826258
0.6988968484460214
0.78819525313705785
-0.30353279993305698
-0.38876854294208613
-0.28650979887466638
0.42639876672193289
-0.7318794694399593
-0.72322838813288859
1.6763505442400106
0.067337254557802054
1.6212037523063472
1.6272494918527523
-0.02468626278113608
-0.13169705525349445
-0.034524211343641899
0.92877349359467265
-0.47595964970790144
-0.92427528778948254
30
1.7163953887241314
1.6717638556425189
1.7116777794304641
1.6470704367034743
0.15978033812655201
1.1643461550710459
0.90781407683891335
1.9671928253568793
0.20839207543251595
-0.37048593077269781
2.1298241542516587
1.1709729519220111
2.2055592611733821
1.5447736864178367
0.42471957995758375
1.139076864483062
0.83296233786942164
2.1885308140474469
1.9360332784919381
0.16608918421520713
1.6511910576663276
1.2676596196174266
1.5849117252421279
1.4298220619184552
-0.24228298273877186
0.52771415636067387
0.43830517805346397
1.5244886069181871
0.56767358927136569
-0.43120496940438729
30
-0.55986110627990759
-0.33283519100748082
-0.57923263731074259
-0.57226376402976886
-0.32631204764198396
-0.64644994441220538
-0.58455212889718855
-0.76093926177193671
-0.43910423285786726
-0.51740083408310766
-0.5742574026003916
-0.82642672716240306
-0.5147171362388353
-0.51979191633776756
-0.4259418732001975
-0.67468758956283281
-0.40546759181290187
-0.806765827885494
-0.15118146293646004
-0.70305059447457052
-0.42446658466255233
-0.30857015277941929
-0.41568626667297448
-0.46548126545079738
0.15738446208137458
-0.26231119909245476
-0.17103539369705212
-0.42905674274298106
0.48411987074281371
-0.52025445834350126
30
2.232042980208151
0.55000752193258706
2.2700329089846489
2.3567079841272034
0.68265419522178805
1.7067285915951935
1.9099271805408888
2.5732731911315199
0.024934788083574161
-0.20096873464530085
2.2490668991556961
-0.96761170537683039
2.4297464861599618
2.1906333245843554
-1.0314587556283186
0.11628151045170378
0.094472359308855738
0.44279069274356575
-0.64589376056621595
-0.017005610091753755
2.3787195444220055
-0.024622926636282107
2.6434291812818644
2.4368830806658788
-0.17123099254852409
0.82508325082898626
0.93569713313353631
1.9554969576432104
-0.26786359601415038
0.086601318130461416
30
0.61957592617525203
0.86628364847554973
0.69009469054243744
0.52080697434065248
0.042223870945140969
0.83701359688805155
1.1189159698120683
0.97152605497201439
1.2875525892498221
-0.090782557162494004
0.09297864647078774
-0.38977585426034939
0.053776104027364616
0.13408026621201988
-0.49057386388524743
0.72123763998131474
0.88625542910575117
0.74604132414377
1.3317775435298789
0.090982952264800812
0.64271497083785134
0.81915206923224415
0.65644069951584494
0.51332408442529598
0.36609968326522785
1.3196416595396125
2.0367613755757477
1.6722628985953381
3.0159551906834539
0.6582770495914414
30
2.0497145500701555
-0.99724259352938771
2.0260110375498579
2.0820095786728565
0.23550689674034442
0.87126932972115556
1.2691708465753138
1.9415114539257503
0.56091784327950267
-0.14022507269965062
-0.24269528745969918
0.12509185536532585
-0.23875457060870364
-0.022285751449347749
-0.88522071609850816
0.035694288817284855
0.050378670726416379
0.23297403966666708
-0.46096559216652144
0.19635587470268448
1.3366974754952854
-0.66350418545834033
1.3459892137360157
1.1834905897068551
-0.62418743001135568
0.16250179300513426
0.58993178544254565
1.2381759167937074
-0.28520493382196288
0.13717263283662523
30
1.841746184444004
-0.48528483473682205
1.7571733825793243
1.9360760507752348
-0.17125290381374172
0.035810067847117509
0.76625163096279791
1.0146707589763109
-0.88515724523568784
-1.1361385999481024
0.77516676386849181
-1.0436757851264076
0.64763926120890492
0.89939965700181934
-0.30255352734691976
-0.39484018292824091
-0.18944023983706623
0.051023660826544283
-0.93094227491478954
-0.79609264301014859
1.8985926756408809
-0.44893042933881039
1.7905665452727058
1.9279187888169111
1.0188898431381339
0.29882238002152495
0.65369998481178582
1.462915985386041
-0.34984082928744692
-0.74837506272456522
30
-0.138226611585793
-0.77653191529437049
-0.18507527548471431
-0.22688774800539735
-0.99631179004401726
-0.79888795551951819
-0.81254217330819567
-0.75991200691469152
0.19760047029434308
-0.86632372944533109
-0.88152240671048065
-1.3143849746125202
-0.77462934626946589
-0.63075351582727857
-0.94919985839280019
-0.56484610254057699
-0.66907806096403166
-0.93003311156817181
-0.14529203082182032
-0.62196575699577339
-0.30915227119983663
-0.92647803694317721
-0.25509404691380294
-0.38216326749687379
-1.0105326266708301
-0.30923084299577053
-0.67504034723023076
-0.71259866489851409
0.64965082254466144
-0.39327648337476478
30
0.56829605519894077
-0.77653191529437049
0.57842366463160033
0.37229814889189639
0.14175020512326802
0.72473091704621062
-0.30403496641109651
0.10452295545710491
0.62207027239581703
0.4092931714133245
-0.8665703383839557
-1.345958743565175
-0.78653767461748292
-0.60865831767947653
-0.85780108368666874
-0.44065346646013664
-0.42101141009016463
-0.0079872728513332557
-0.15589300862817221
-0.054371894644194688
0.1374286154830433
-1.099105043746107
0.16649833414888066
-0.036393575988091058
-0.4332352063750638
-0.021372487156508625
-0.3122701463741096
0.13756530690659416
0.38164832915119457
0.29878096461501746
30
-1.0270777085085216
0.16774572870080506
-0.91672729339682746
-0.91592291502005041
-0.44026248822273861
1.1472182886544942
1.7013088392497713
0.24422961604244578
1.3343162115152385
3.0622372908070732
-1.1020654145267248
-0.014837347947575196
-0.26153572049186652
-0.7951806387469651
0.44430503168032598
2.7778676934734037
3.8294298367882811
2.8163415806759788
-0.52928300469634493
3.1232569436953876
-1.1457051997748093
-0.50539720726500259
-0.94010605775094658
-0.95941209245155734
-0.84178414996899087
0.65642615247382397
1.5374799923662161
0.46697883210357627
-0.49487747277097033
1.9698331027317268
30
-0.20375089116663478
1.9857646143686263
-0.26572657197587446
-0.27553225730460457
-1.5624579663471341
-1.1125182205692712
-0.97211036887908031
-0.99463974179520909
-1.4247375021443405
-0.73353525914553708
-0.88750323404109066
-0.16014844369558842
-0.76013225088927139
-0.60865831767947653
-0.71678583128292295
-0.77680153478452807
-0.80173979164875186
-1.1195237763782457
-0.7354131287087432
-0.80618153983930774
-0.34060162941694094
1.5612868648336249
-0.31709292648184456
-0.36405065924602087
-0.99721037851015892
-0.71438830859332203
-0.93606484331498663
-0.89824011881793486
-0.34195840301116848
-0.7450769335045978
30
-0.14677325674851135
-0.98586575444510827
-0.16729063061743318
-0.22259558542017319
-1.020832770928483
-0.57546445359693943
-0.60230952342375399
-0.64691397261772465
-0.090175666723605455
-0.54424105680327806
-0.99478432428390773
-1.2514168331217148
-0.91494051941349164
-0.6950966752686798
-0.62865129853058199
0.20625217570108928
-0.26493878575519969
-0.59875228667097524
-0.29252783368781882
0.38356096031041376
-0.37205098763404526
-1.0184382181372613
-0.29138607397802258
-0.40679641471803385
-0.25560523089944315
0.32989079287642337
-0.097347696648152363
-0.16567985413922573
0.75054587888102586
0.67146956647130962
30
-0.88178474074230639
-0.1485303978421576
-0.78644442983418472
-0.84925132286290161
1.7860983350227675
2.0873478452963501
0.96741931720780405
0.35363225833905476
1.363093825217033
2.3559156402762556
-0.72863750807176231
-0.38080603353516357
-0.5949689142363408
-0.63099632020252905
0.087196961935655223
1.0700809555494843
0.4154997898515071
0.22641726925801428
-0.38675874752205824
0.22176494819834416
-0.64461209218228177
1.1079393049119117
-0.47889488047648987
-0.6764931515732342
3.7810359617840326
4.308549786029217
2.6579108731353815
2.0971139871671469
1.9597100696621408
3.0857001554872934
30
-0.827655988045089
-1.4841713063365385
-0.79223477932585773
-0.77857371229287708
1.9375514522503534
0.10241843724481993
-0.1489371638678787
0.1438154537467321
0.72279192035209872
0.89241718037640216
-0.56117434281468215
-0.45471735631069587
-0.54837110765714414
-0.58122142327616211
-0.16414966850620635
-0.45997232096153845
-0.3734282929148704
-0.060441436120557988
0.049059228961298267
-0.045030323506084498
-0.7284770474278931
-0.87485126855351592
-0.6854570011836727
-0.73445349797596371
1.2320458137088783
-0.098092445430849357
-0.24944666106959901
0.24069944797293918
0.68118052764977521
0.43895145646362282
30
-0.89318026762593139
-1.035923846415937
-0.89522028099918494
-0.81748931973224293
-1.2234914658853955
-0.66471966858986065
-0.6896063650473585
-0.7488690171993061
0.66883389466123344
-0.05122854473276791
-0.90507191432475753
-0.37363017695501477
-0.82174490625509822
-0.68708413088541098
-0.60123166611874235
-0.39042444475649213
-0.49333774819661186
-0.82758357393296766
-0.21949887546628352
-0.71015018853953427
-0.8857238385134143
-0.82645117318820893
-0.84272245179529082
-0.78698006190343728
-1.0549401205397353
-0.38151245657655447
-0.57726244153072936
-0.74846471694098926
0.45889610665872277
-0.62084739955250046
30
-0.60544321381440647
0.73658768291476651
-0.56103439605119887
-0.60259504629868621
-1.9821994626635857
0.030100779041600266
-0.14359752775149892
-0.51670941946190141
-2.2089274755182493
0.53219313860568607
-1.0725350795818378
0.3493373734949754
-0.56442146325664511
-0.73882574325130768
-0.68414341174501903
1.0761525955356392
0.3257263087807854
0.76407244276756636
0.47545411406123045
1.3139814456661947
-0.78508589221868064
0.44485799840719997
-0.61196564637862838
-0.71217498982741467
-2.0101453136598844
0.39963620948946044
0.064670765452953805
-0.10718586368368668
-1.1349304864047809
0.51260967570955718
30
-0.50858123530359634
-0.45570505311769627
-0.48286467791361298
-0.55938727627409635
0.53120107799420224
0.45639434318689542
-0.39828575274440498
-0.54187716346440773
-0.13693928898902188
0.43189546423030972
-0.54397946423917842
-0.65707651187089167
-0.38890305847500423
-0.50449524069698171
-0.1380357328758833
0.60422057842996646
0.46911010186900537
-0.24567020016500721
-0.26897010522925913
1.1368652568876245
-0.44752944735509531
-0.45538377538751851
-0.37395043554912172
-0.50913265133535301
0.41938867590791429
0.63994087218346973
0.20354373296818759
-0.27897347775837461
-0.14489774610420691
1.5190887760028775
30
0.12102162501666962
0.86628364847554973
0.068459312972111636
0.018051663524728558
-0.72225376839410094
-0.74902683328466679
-0.088090147657969395
0.072164427453882657
-0.68371394932312335
-1.2237224846139241
0.035039381705503227
0.69557245348715435
0.023746406454104595
-0.16918239847594327
0.38326370714444541
-0.47929117546294026
0.03515207323032242
0.61490591597070876
-0.38440297467620238
-0.36264374220183299
-0.10997300249150996
0.92885895206027425
-0.16315424501777992
-0.22349681921940193
-0.091297503584493817
-0.63576620259317129
-0.047277851217489814
0.30381138504338889
-0.684055703401653
-0.86875677925336758
30
-0.55986110627990759
-1.2270547430318282
-0.55979360687441182
-0.56196257382523074
-1.1362256221495008
-0.52312930621303066
-0.28068958059994753
-0.63073470861611347
-0.61536711678136113
-0.18119172843043879
-0.52229896516571706
-0.73260240237695762
-0.39925812660371457
-0.48604210817793825
-0.89207562420146802
0.22943480110277145
0.33809791924636196
-0.18665926648712966
-0.17120553212623588
0.29163990031140902
-0.66767495487482476
-1.0749049960634536
-0.60319507317144183
-0.63700766558637489
-1.3613518282351809
-0.09682434694697592
0.14213731876077121
-0.38118402950173735
-0.36875865235051491
0.2240233689624278
30
-0.827655988045089
-0.90622788085515382
-0.78313565869608592
-0.7622634944690253
-0.95087585487574122
0.10812772605033717
0.12052819363314815
-0.5734652503246962
-0.025426035894567232
1.3698906161352353
-0.28343967364947975
-0.30904746773367564
-0.15487851876614958
-0.41295799122751642
1.0583089431883026
2.2402515710629647
1.9648060850790858
1.3869656315896082
-0.99808180102168509
3.1718331136135616
-0.89620695791911587
-1.1329851105018225
-0.84272245179529082
-0.78172740551068987
-1.0238548748315015
0.1428462665050966
0.11615768198071041
-0.51479661822649447
-1.1885309850834742
1.1068226235069791
30
1.5312180768652301
0.84808070594070339
1.5131515111445324
1.4753839332945076
0.30041537555216763
0.49635936482551662
1.174795882657903
1.3405673624373355
0.61847307068309199
-0.562605419717079
0.7639527126235981
2.8644751048371244
1.3020795669434011
0.73137902932842414
1.3390337512142778
0.82059174884566666
1.3294128603983244
3.6720001190052054
0.82646426809377149
0.89622638436990421
0.94462880972205232
0.72396521501380617
1.0405313192788348
0.78139068653791954
-0.36218321618481603
-0.10760318405989987
0.49782216413142139
1.021132425892892
-0.52798366313133971
-0.44769561550422293
30
-1.1153930418566134
-1.6525485247838709
-1.0987097059922657
-0.96370899180221281
0.22541002225850529
-0.57660631135804297
-0.8911465840446704
-0.7760912709163027
-0.061398053021810797
0.40505524151013927
-0.80451925482887687
-1.2406530482514917
-0.78705542802391837
-0.68222804338039955
-0.47523192670243247
-0.68738283680661116
-0.77039837846929138
-0.83266507099967368
-0.15118146293646004
-0.54947516496403803
-1.0345841340743742
-1.6621594864958502
-1.0393042650598134
-0.88225238130292383
0.046365727409111678
-0.59201680489953878
-0.9038973294109478
-0.75739274706315041
0.041127514015965143
-0.38173303110487955
30
0.37457209817732001
0.11086153327940894
0.41712107164928064
0.24696700140335084
1.3822233557492067
0.9607148543409274
1.2182580370935525
1.0588427178378526
0.40264096791963061
0.65226781919592536
0.89964273268681261
0.16455906655614419
0.93551015518705349
0.65392443362349217
0.042803271364105687
0.17534200849884651
0.53731256982026032
0.71817504990699443
-0.25247969530826753
0.1459113905568889
1.0243005172053827
0.55779155425958382
1.0435556548675196
0.86470868449184313
1.5473390201781045
0.84283662960321371
1.3121656879282348
1.4767698252307739
0.43524882782988739
0.9748974547082917
30
2.1180877113719032
0.63647149897310984
2.1542259191511888
2.1420998548659949
1.4327077281584013
1.9598403953064627
2.359450034989607
2.7299295568614057
1.2407889669844054
0.45732304364941906
0.81441594322561983
-0.5711456293236099
0.66783164405989048
0.99579299397629595
-0.62767202594444482
0.6158118911308077
0.45673849140342881
0.14281844654768758
-0.025147615683165345
0.069684170069909526
2.0789023294189453
0.44969800794373033
1.9478319958843233
2.172439000203426
0.75244487992470299
1.9866614620570209
2.0207012364753467
1.940103802260174
1.4457758764487851
0.90893487030894748
30
-0.59119880520987589
-0.40109622551315632
-0.58915895072503954
-0.60717335305625875
0.43744438637712585
-0.15488017825716183
-0.53599869351336304
-0.42733824688157318
0.43141858162142627
-0.17130322532300726
-0.45688366623716997
0.74042155711308411
-0.51730590327101289
-0.43116831937130928
0.32907729071152475
-0.5405595425959574
-0.45527125445637651
-0.73693622303333894
-0.060484208371004829
-0.76358397544952483
-0.57752012798579266
-0.024622926636282107
-0.58262959116838431
-0.58339434516385014
0.44159242284236683
-0.51402874814132471
-0.55364458991249232
-0.82358331521020778
0.21769386260460236
-0.73408316943804097
30
-0.032817987912263966
-0.52396608762337182
-0.10607836456260386
-0.14104449630091398
-1.1816615573177769
-0.99167160751915406
-0.79701997529546365
-0.44659927545491984
-0.63335312534498289
-0.73212261584447602
-0.95665655005126882
0.7996223738993119
-0.84452605613826093
-0.66304649773560442
-0.57674985146531443
-0.73816382578172446
-0.68081522986727094
-0.46778079775813014
-0.40913858955768995
-0.89586062276516598
-0.29237928015071435
-0.098836406196420298
-0.33796084204377075
-0.35698674202818825
-1.1837218527595601
-0.85768343727101637
-0.91121886341260128
-0.57036590915925645
-0.6115373816598908
-0.99353600140879339
30
-0.18950648256210417
-0.13487819094102202
-0.17432176928589335
-0.28697802419853569
0.65380598241653287
0.17092990291102791
-0.064496406678616822
0.10041393602812429
-0.039814842745464062
-0.28713997601006142
-0.72041387049217354
0.1663530307011816
-0.70162611596205782
-0.50231000131972658
-0.55357373359340256
-0.36061821209718636
0.0081883068309889367
0.27231466211858563
-0.88500470442059798
-0.51472452033026783
-0.31753876672439757
0.20124418506848565
-0.31043938818673772
-0.3738314677014814
0.4238294252948055
-0.008691502317774609
0.31313056447680748
0.44850704564393273
-0.38609999015832736
-0.40152180642468266
30
-0.88748250418411856
-1.0586775245844955
-0.91010975112062986
-0.80175139025308761
-1.4009079746377091
-1.1045252162415469
-0.79317047018830633
-1.0954134432909586
-1.0146565068937643
-0.096433130366740311
-0.82545215048601184
-0.9887804822882692
-0.83106446757093755
-0.65551956210283679
-0.93973355672680814
-0.62997824057387442
-0.42450083868301952
-1.2852461484569522
-1.0310626208636686
-0.11378428708257582
-0.76202302952613765
-0.90389132577270026
-0.81066449455523015
-0.69714152497920667
-0.94392138586747243
-0.44681952849603446
-0.32880264250687552
-0.9328747184297671
-0.50591286955775983
0.40761922887393448
30
-0.67666525683706102
-0.5057631450885246
-0.70537953695076205
-0.64809196970206251
-0.43016561374089946
-0.82591192253230039
-0.77566143082994454
-0.86083979663902788
0.10767042747623416
-0.37189857407375893
-0.23372404646378411
-0.17808808514596042
-0.33298569057996807
-0.3622118768001471
-0.54671882549044259
-0.35675444119690597
-0.38040715010058029
-1.0836254583908702
-0.69418710390626359
-0.28791117309695097
-0.60058299067833598
-0.23597000973145824
-0.65309661038474387
-0.57886619310113685
-0.39326846189304926
-0.54382906251234964
-0.62638757289666236
-0.96366102919584029
-0.20795715631443462
-0.162407437977061
30
1.064001474636616
0.3497751540492729
1.3270331346264708
0.96032442306760735
1.8870670798411577
2.89045447060579
2.8300830787356404
1.7951276367683162
1.0645260830609116
1.1763584838897923
-0.012433435231213678
-0.83342318732804799
0.13195686839912812
0.037201320487042021
0.0068966098724112142
0.61139615295905847
0.91575696175443355
-0.24567020016500721
-0.55990805169247271
0.46987707762655256
0.94043556195977185
0.294817702774747
1.2703808240188916
0.76508933911215193
2.3999629024610827
2.113471310444361
2.9564405175898987
1.2350972857170999
0.52668497263471792
1.9588393386651699
30
-0.63962979446528101
-1.9506217087919868
-0.66898305443167461
-0.61718839908844847
-0.58522475756914272
-1.0143184531143727
-0.80633329410310284
-0.82026322977784416
-0.77724119385395718
-1.0471420719812197
-0.57612641114120722
-0.348514678924494
-0.63121165268682711
-0.51056535007824588
-0.31430479838056535
-0.7762495675130594
-0.60341335926212569
-1.0124844994569842
-1.1429618310418279
-0.74153786756358464
-0.52720115483842578
-0.93777139252841568
-0.60349750673031044
-0.52905652041129125
0.18402895840271719
-0.63957049804479138
-0.59568436579295425
-0.72968506737368466
-0.71085595274099977
-0.63458960463569702
30
-0.34619497721194392
-0.27140025995237305
-0.33645155505273761
-0.38111945690111904
-1.6821780494889393
-0.5086657745723866
-0.62615161957131016
-0.79792043663276224
0.20479487371979199
-0.54141577020115494
-0.63780369298812289
0.10715221391495386
-0.24393210467305895
-0.47997199879667396
-1.145380799815604
0.60863631660171569
0.055136982443945937
-0.22272150373472152
0.66627171457556478
-0.051008929034475035
-0.45801256676079649
-0.21660997158533513
-0.34128761119132417
-0.47037166967852778
-1.7747855961546875
-0.16847191128582309
-0.55317223288012762
-0.77093872380022266
0.46677853293500121
-0.6428349276856149
30
-0.35189274065375664
-0.75377823712581171
-0.37781119427897353
-0.431480831234416
0.14102899980313693
-0.33034565421339501
-0.72065076107282244
-0.667715883476939
-0.29521616434889397
-0.11621013658160335
-0.97385142862677276
-0.59966965922970128
-0.96852799697956782
-0.69485387089342932
-1.3875875527868524
-0.731540218524101
-0.52823203412516095
-0.77053967137768586
-0.23127773969556337
-0.69856664032827764
-0.51462141155158436
-0.47313047702146449
-0.54149862716226882
-0.54463336350702485
-0.71300241774916606
-0.39672963838303521
-0.45586668421299092
-0.49694055798217218
0.60866220590801356
-0.32016795233215811
30
-0.52282564390812747
-1.0313731107822255
-0.58005983009526718
-0.541646337588503
-0.72225376839410094
-1.1420162127311106
-0.86804955340172518
-0.75400529148553186
-0.88515724523568784
-0.81123064070392714
-0.086072371739349604
-0.59464655962359714
-0.13779265635377749
-0.23862444979760652
0.18414494796323028
-0.97214275215727386
-0.62530159316276113
-0.28009324481043585
1.0643973255252255
-0.90034457691145886
-0.65719183546912352
-1.4685591050346203
-0.71025655301088964
-0.63121163094610189
-1.2636553417235892
-1.2105952453329836
-1.0783860171664832
-1.050324494002336
-0.96624656409242171
-1.3425880105219874
30
-0.9216690848349931
-0.20313922544669755
-0.90680097998253106
-0.82521521238564632
0.2571430563442858
-0.59221170075979046
-0.51600610247296419
-0.52852285032022073
-1.1909193908172573
0.47003683335897473
-0.09990303494138518
0.90367229431146934
0.077592760723398393
-0.34472996178210596
0.77725771096694796
-0.26292000504724006
-0.40863979962458813
-0.075194169540027375
0.014900522696386316
-0.4261664259409827
-0.82072849819806537
-0.060116329904174613
-0.7510850834581364
-0.74115516302877937
0.13518071514692201
-0.59582110035115909
-0.64386478309415784
-0.57406026645118524
-1.0403413710894394
-0.37623614907160075
30
0.55974941003622192
-1.051851421133928
0.49570438617912854
0.40520472871194835
-0.13591384312730481
-0.39409937920833854
-0.44696336571233242
-0.11864816227940456
-0.29521616434889397
-0.57531920942663473
-0.62658964174322906
-1.0800932572706625
-0.58979138017198551
-0.44063769000608155
-1.0379872395358996
-0.75306694211137726
-0.45907790383039998
-0.53465985592639154
-0.66709571617891983
-0.82972229910734541
0.2925787826874246
-1.0281182372103232
0.25117973063205995
0.12009935929927838
-0.56201693859488866
-0.54636525948009651
-0.21968816803062033
-0.050231188766451544
-0.20953364156969015
-0.77201165546766337
30
-0.37753267614191227
0.42941302763922778
-0.40055899585340377
-0.4117368833423849
-1.5379369854626683
-0.42930666017569558
-0.36922819806457075
-0.80202945606174281
-0.85278242982116825
-0.2376974604729038
0.34753760972987618
1.002340322288515
-0.16368032667555338
0.030645602355276705
-0.36783836642272816
1.0319952138181492
0.60170838839749174
0.22969565446234069
0.70985351222390025
1.4533576870467997
-0.40140372197000895
0.17059079133712465
-0.48282651674178062
-0.42708253595898926
-1.7423681256303862
-0.41067872170564262
-0.44264068730677819
-0.92594779850740072
-0.66671436559384056
-0.14591679187722534
30
1.0867925284038651
0.26786191264246256
1.0540595157333132
0.95374310710359711
0.48792875878632042
0.46971601706643545
0.36143270679074824
0.98462355440189009
0.62926467582126488
-0.30126640902067714
0.17708403080749086
-0.65653832262738054
0.099856157200125792
0.23872895194501598
0.030399151939701895
0.089235114149741404
-0.24400221419807022
0.45754342616303512
-0.76839394855072696
-0.18889051903298232
0.99914103063169923
-0.087543050611181852
0.92258223132012107
0.8465960762409902
0.66362989218689261
0.72997586453848118
0.24841765104283803
1.2504904411001365
0.2350352004124148
0.047573455694182878
30
-0.54276781595447088
-0.35558886917603877
-0.57509667338811921
-0.55023066275895127
-0.72009015243370667
-0.7699608922382305
-0.73120585572148022
-0.60017387661307009
0.53573743129043205
-0.96803404712176855
-0.26960901044744418
0.97184293182288251
-0.40857768791955384
-0.34448715740685543
-0.40798854245435012
-0.16577376526876253
-0.38675156572395281
-0.20632957771308894
0.60266584773745346
-0.58833610089857657
-0.46430243840421759
0.47228471911420722
-0.56236654272419495
-0.49156342133202557
-0.4110314594406112
-0.50007966481871735
-0.66039727922692382
-0.32084286040023402
0.8577468762384125
-0.8357754870536962
30
-0.80201605255693342
-0.43522674276599371
-0.81994573760743594
-0.73994424902585954
-0.59532163205098076
-1.0008064696079819
-0.78435386171707433
-0.74219186062721254
-0.77724119385395718
-0.52163876398629183
-0.80265024628806125
0.56640703504447609
-0.78136014055312764
-0.63900886458579798
-0.57022136755773356
-0.89177631743144237
-0.67098138565104337
-1.0059277290483313
-0.8543796574244702
-0.81552311097741792
-0.68444794592394698
1.6726070841738316
-0.68122293135951417
-0.65258450868210849
0.53484815996706847
-0.60977018367376645
-0.45539432718062611
-0.44922177629475879
0.0978809832051699
-0.36909020242833823
30
-0.89318026762593139
-0.60360396121332671
-0.88488037119262597
-0.81605859887050147
0.7836229400401783
-0.52674518912319157
-0.75169515709828638
-0.64460264918892307
-0.3707574003161051
0.081559925567025141
-0.78358635917174169
0.26502105867822728
-0.7901619484625314
-0.64192251708880477
-0.64627820508105005
-0.92445277990238461
-0.70492400923608667
-0.74185380083982866
-0.41031647598061788
-0.61411883723976091
-0.81863187431692519
0.0786306101430405
-0.83667378061792075
-0.74296642385386469
0.16182521146826459
-0.69853707754490457
-0.8068279592599934
-0.64425305499783181
0.13729311458656221
-0.29433260677574857
30
-1.3612515343708167
0.49994942996175873
-1.3468675413496811
-1.1147931148021035
-1.23647316164776
-0.85997734573855389
-0.66613680165210776
-1.1498065879820893
-1.9535261539148201
0.62401495317469191
-1.075525493247143
-0.10274159105439809
-0.87714452074369875
-0.8055241051326395
-0.5297447673307325
0.035142321545816257
0.1449104635146676
-1.1278836586492784
-0.1358689394383964
0.27706704933595705
-1.3312564132557243
0.32869776953046176
-1.2395152810307579
-1.0516052684483987
-1.0949068650217499
-0.44174713456054088
-0.42846997633583594
-1.3934379274902207
-0.84328071418247774
0.43400426263367242
30
0.2321280121320109
0.59779024608656006
0.21569962861751157
0.10103347350572914
-0.84269505685603729
-0.061247841846677489
-0.27820602891791052
-0.28609070401036446
0.456598993610496
-0.52163876398629183
-0.32792207692089176
0.1735288872813304
-0.28897665103294901
-0.27844436733870009
-0.87771295960479034
0.10910593592261178
0.010726073080337857
-0.0079872728513332557
-0.18887382847015582
0.064826553078092194
0.093399513979097945
0.90304556786544365
0.078792602077017021
-0.026250515367613362
-1.1348736095037644
0.4826966601831682
0.16008688599063148
0.22530629258990262
0.39741318170375145
0.45874023178342593
30
0.2720123562246976
2.3498234650655609
0.18178472445199781
0.1748586699715847
-0.98333009428165286
-1.1355456854181911
-0.54804391917124295
-0.57808789718229936
0.12565643603985596
-1.3960649673434431
0.23091147678298102
0.69557245348715435
0.090536595884286558
0.13116661370901309
-0.10017052621191432
-0.65316086597555656
-0.25034662982144285
-0.47892730745284046
1.277594768075192
-0.78151979203469657
0.19823070803611206
1.7677939383922689
0.075768266488331792
0.090213555685371011
-0.81958040303453827
-1.0126450720003459
-0.58009658372491779
-0.77601846507662464
0.50776714957164903
-1.237597563686365
30
-0.65102532134890545
0.38390567130211106
-0.65864314462511564
-0.6426552304274451
0.064581235869212453
-0.46660734703840895
-0.81266635089229744
-0.72190357719662079
0.72638912206482276
0.010927760513943396
-0.49202102680450382
-0.065068344008616733
-0.4857229454784463
-0.49648269631371278
0.89999320842946728
0.24433791743242445
-0.5228392808452943
-0.44794656727195464
0.22574219240049651
-0.58646778667095445
-0.68444794592394698
0.20285752158066284
-0.68061806424177684
-0.64968649136197199
0.41494792652102425
-0.25153236197953083
-0.76100932712061364
-0.51618200221096788
0.25868247924125021
-0.58566735453951702
30
-1.3589724289940921
0.50450016559547028
-1.3530714872336165
-1.107925654665745
0.54562518439682983
-0.83980452529239269
-0.87574856361604014
-0.95868582179162876
0.74797233234116944
0.45025982714411167
0.089240629389156473
2.9398215989286873
-0.056505371543400996
-0.35954102867239079
2.4815184350409214
-0.51682494992280659
-0.60626834629264326
-0.54662596192218349
1.1515609208218964
0.27968268925462791
-1.1457051997748093
0.85303213598795891
-1.1753993665506366
-0.9458276362634177
0.85902286521007587
-0.88177730846461078
-1.0207584592179848
-1.2077964735707998
-0.061344027575654873
-0.061814496768061798
30
-0.42026590195550506
-1.6639253638681504
-0.47293836449931659
-0.4675349969502991
-0.6479696204205706
-0.90926753909285374
-0.83688097979215947
-0.66463411890520352
-0.84199082468299546
-0.010261889001980735
-0.67667907063708788
-1.0648445620378464
-0.69437756827196051
-0.54892844136783614
-0.32866746297724309
-0.74368349849641069
-0.75203129523962786
-0.61924219419801607
-0.41620590809525804
0.21391802844233179
-0.55865051305553015
-1.4572657494493819
-0.58898069590462254
-0.56999101505821903
-0.082416004810713775
-0.61928092230281695
-0.86752583791886273
-0.52218533281035218
-0.2142630973354567
0.57582381909226155
30
-0.85899368697505685
0.43851449890665101
-0.88363958201583892
-0.79574236263377374
0.35811180116267605
-0.87425056775234733
-1.0187390517093271
-1.0051691040819719
-0.72688036987581583
-0.19531816144105454
-0.44791242524125513
0.78706462488405127
-0.46604831603389657
-0.50959413257724362
-0.075035863167728215
-0.91965066464060774
-0.81874282551939037
-0.95888290136624532
0.7393006727971001
-0.66568430992212935
-0.82911499372262676
0.47873806516291534
-0.85693682906211011
-0.76723731891000757
-0.22451998519120928
-0.93567149402923033
-1.141634623800122
-1.125289160717724
0.10261043897093645
-0.71099626489827039
30
-0.74218953641790342
-0.10074767368818464
-0.74922075453057213
-0.71161597596338011
-0.82033769193196582
-0.54235057852493906
-0.44882602947386024
-0.91477067664439837
0.76955554261751524
-0.021563035410473344
-0.44828622694941822
0.36010115836519857
-0.34282300530224302
-0.47778675941941884
0.045741089122516877
-0.3109411576650104
0.37077165970673076
-0.52613605439514255
-0.23363351254141965
-0.1877695304964091
-0.6802546981616665
0.16575078180059374
-0.64009196735339824
-0.65403351734217663
-0.37106471495859666
-0.41004467246370585
-0.10159890993943509
-0.76231855678572213
0.19562306903102247
-0.072808260834619415
30
-0.73079400953427887
-0.78790875437864993
-0.69710760910551528
-0.71590813854860424
0.86295552525462704
0.21089492454964942
-0.24865176390166879
-0.12660938742305444
0.24796129427248348
0.053307059545793616
-0.60079732387997331
-0.90661692444556563
-0.62189209137098778
-0.58486348890492057
-0.40929423923586622
-0.33412378306669255
-0.20530127889549765
0.16904552818229965
-0.25719124099997931
-0.6948300118730335
-0.7704095250506986
-1.0135982086007305
-0.77618706884422162
-0.73517800230599784
0.36609968326522785
-0.26231119909245476
-0.22346702428953835
-0.087174761685739247
-0.19534527427238874
-0.54389105108659941
30
-0.14677325674851135
-0.080269363336482075
-0.11807265993821255
-0.23776122655463208
-0.45180177334484084
0.17092990291102791
0.069242851399081817
-0.045713067414998608
0.11126762918895812
-0.14305035930177476
-0.68004328601055608
-0.61760930068007325
-0.55095987468932162
-0.50061037069297254
-1.0308059072375606
0.10965790319408038
0.12397389195753815
0.11986975011740161
-0.57168691592175247
0.042780445192152003
-0.24625355476562802
-0.073023022001589652
-0.18734892972725953
-0.31297310397861566
-0.82402115242142893
0.36983589511843529
0.41799382566178001
0.37769853088196431
-0.26313414024838389
0.23226869201234562
30
-1.2629651149995533
-0.082544731153337464
-1.2567035278364869
-1.0549889827813135
0.76919883363755071
-0.4260713965192357
-1.0189998246359411
-0.776348084630614
2.5933368109687631
1.0548711599984917
1.0846745782275597
0.91084815089161808
0.90030292354943842
0.086004999912406899
1.936390028757923
-0.40035985564292731
-0.84891052180852689
-0.24403100756284399
1.2175225605058642
0.14329575063821801
-1.0702267400537588
-0.44893042933881039
-1.0828546975368767
-0.90688552852408388
0.29060694368809004
-0.78096347899667562
-1.2123464715451238
-1.0817265309837305
0.44943719512718877
-0.22397251674978241
30
-1.0527176439966772
-1.0245470073316576
-1.0267439337386155
-0.9293716911204194
0.095593064634860891
-0.084084997068746739
-0.34327508298728288
-0.71188784233848068
0.38825216106873378
0.89382982367746522
-0.29427992318621043
-0.20140961903144378
-0.15746728579832714
-0.46637495378264204
0.073813569925114453
0.69363927640788359
0.62962381714033111
0.10347782409576903
0.11148720937648164
0.36936177218048627
-0.87733734298885291
-0.70706427128711691
-0.79191361390538373
-0.79911550943150877
-0.02468626278113608
0.26141347474725951
0.077424405326801726
-0.3550156653505751
0.17197579020218709
0.67586707209793306
30
-0.96155342892767925
0.56821046446743428
-0.97297640274450825
-0.85411577379282255
-0.63643033529846837
-0.91897333006223314
-0.68116228932843237
-0.92093420578786933
0.71559751692664986
-0.43122959271834804
-0.36866646311067253
0.68480866861693124
-0.32521938948343526
-0.48021480317192455
-0.19418069448107816
-0.25519246324667944
-0.091101797674791624
-0.255505355777987
-0.26190278669169109
-0.43027671724175109
-0.74525003847701532
0.98209905696211219
-0.72295876248336655
-0.71018260291982072
-0.13126424806650894
-0.56285053977045063
-0.40060091142631615
-0.63594075109099213
0.085269101163124
-0.4147143233045516
30
-0.41456813851369234
-0.41247306459743494
-0.46880240057669265
-0.44950791409235752
-1.2891211500173487
-1.151341384446789
-0.95584310536173711
-0.81024749491970394
-1.2880438370608152
-1.0429041420780345
-0.4146440732147369
-0.63806049193349723
-0.39304508572648833
-0.40640227309575105
0.065000116649880313
-0.79280858565711809
-0.86914920764708536
-1.0467436248421966
-0.14882569009060415
-0.99450761398361021
-0.52300790707614531
-0.80547779852990864
-0.56629817898948531
-0.5339469246390216
-1.174840353985779
-1.0291937572148937
-1.1469722582658435
-1.2321176590759977
-1.1759191030414287
-1.3145539121522665
30
0.2064880766438553
0.69335569439450595
0.40471317988140942
0.076138930511428837
0.19007096157206937
2.2224676803602605
2.2638332952311777
1.2124173189960028
0.80552755974475876
0.86981488755941694
-0.57313599747590205
-0.653667979995321
0.30954628680651114
-0.3833358574469467
-0.056429684031122952
1.9885544952732728
1.4743827573923871
1.6934946481941393
-0.66827360260184787
0.72583612681077336
0.0074379348523463317
0.26093763601903164
0.53849161155713132
-0.088557887750547473
0.3838626808127904
2.8572110712361103
2.9493551621044274
2.0216875257902673
-0.07080293910718885
1.7224734112341882
30
-0.5057323535826902
-0.41019769678057955
-0.44853617735583728
-0.54536621182903067
0.6177457164099649
0.49255317228850498
-0.16868139974007371
-0.56267907432362207
-0.021828834181842276
1.1579941209759903
-0.85834670080436692
0.39598044126594251
-0.34385851211511392
-0.59603249016644688
0.9342677489442669
0.37791399712783114
0.50210106311054259
-0.0555238583140681
0.14211225637260935
0.80841561567166798
-0.72009055190333182
-0.49087717865541042
-0.54391809563321669
-0.66254644322007761
0.52152591180639585
0.02871740295649081
-0.17575896402069938
-0.65364287978148417
-0.55951336823645348
0.51810655774283598
30
1.7106976252823192
0.013020717154607635
1.7158137433530884
1.6928535042791986
1.1874979193137392
0.82178882674000542
1.5187677906200434
1.9517840024982023
-0.33478538318886153
-0.32386870183766336
0.10008087892588696
-0.42744910130613073
0.072415226659043319
0.30380052451216899
0.63624245856320216
0.057772979676029831
0.7193972982110528
1.1623962450932404
0.45307427202559869
0.06108992462284793
1.1983202993400266
-0.14239649202519691
1.1615047428262333
1.0820599835020785
1.4762870299878568
0.22717481568267794
1.1964382149988735
1.5568142332225638
0.19089361326525592
-0.18769309533014292
30
0.1950925497602303
-0.57857491522791171
0.10651018106024875
0.043804639036073567
-0.54772208092231156
-0.66567121672411367
-0.71444188186772972
-0.54264760460734163
-0.87796284181023898
-0.81829385720923553
-0.38698274681066552
-1.0243009723600058
-0.65036852872494133
-0.38989157557871212
-0.4510765362443836
-0.52179265536602415
-0.5764495928627924
-0.61104623118719981
-0.60702350860959242
-0.62532872260549321
-0.00094856067221536333
-0.87323793204133926
-0.16012990942909514
-0.18853948529525583
-0.50872794595220217
-0.65542172909320895
-0.73455733330818818
-0.56113001592943446
-0.6083844111493798
-0.87370397308331871
30
-0.038515751354076713
-0.79701022564607316
-0.10483757538581674
-0.13503546868160007
-0.88380376010352479
-0.89004626678094523
-0.69109649605658074
-0.52544108574848525
-0.3707574003161051
-0.542828413502217
-0.064018070957725132
-0.3467207147794566
-0.11604701328348557
-0.17573811660770858
0.27358517749708777
-0.72602054580941477
-0.52981813803100397
-0.48564799712170975
-0.072263072600285069
-0.37796391886833375
-0.13722911294633341
-0.70545093477494036
-0.19339760090462954
-0.23834915798510145
-0.61086518185068439
-0.84436840319034556
-0.78321010764175647
-0.64086656081356386
-0.29308736009824132
-0.64998087432887741
30
-0.092644504051294027
0.026672924055743227
-0.15033317853467601
-0.18825828473837983
-0.72081135775383776
-0.80726157910094387
-0.96329376040784853
-0.69262681376513402
-0.94271247263927715
-0.86067315624108387
-0.24082627891888356
0.78706462488405127
-0.27810382949780316
-0.25125027731063621
-0.42496260061406027
-0.83641400010313938
-0.85554043613495112
-0.81463395237587777
-0.061662094793932774
-0.56628999301263638
-0.14351898458975412
0.33192444255481607
-0.20247060767068434
-0.23997929272767815
-0.95280288464125373
-0.91474786904531946
-1.0863216153102107
-0.88146157945042503
-0.6273022342124478
-0.82753016400377766
30
-0.91312243967227424
-0.51941535198966016
-0.85137906341937486
-0.82092304980042219
-0.55421292880349426
0.10622462978183134
0.044407334578710649
-0.35363271087423331
-1.1801277856790844
0.50535291588551556
-0.5566887223167245
0.24528745308281791
-0.032170961440931518
-0.52998970009829161
0.46584902857534272
1.1192060427101915
0.99982046876411967
0.9296308955860566
-0.64824953341207203
0.42391654762705022
-0.82911499372262676
0.14800408016664776
-0.52788911701318642
-0.73391011972843812
0.25952169797985619
0.94999095149051616
0.9465613448779252
0.60551723055090534
-0.58473713232054447
0.61320261691855638
30
0.88167304449862027
1.3509369934658455
0.83071746391163981
0.77375842269653006
-0.97539683576020797
0.098612244707808258
0.36515803431380384
0.19158280460863175
-1.2592662233590204
-1.2364362743234787
0.3875343925033306
0.78885858902908867
0.21479741342881103
0.44681230153475526
0.31699959548250006
0.93705684312554616
0.52779594638520144
0.88701188792981167
-0.5563743924236888
-0.038304392286645034
0.8523773589518796
1.5338601441266171
0.76229244511981864
0.72886412261044609
0.45935542038992938
0.97535292116798422
1.067957102195664
0.8887512895987778
-0.64779654253077212
-0.25970224996609353
30
-1.0270777085085216
-0.26457415650180527
-1.0544548920201935
-0.9084831665389953
-1.1117046412650342
-1.1627599620578237
-0.88245415315754039
-0.99618062408107677
1.9962013266565195
-0.72647204264022869
-0.83928281368804747
2.3370496461961885
-0.82381591988084024
-0.65212030084932882
1.1692931696171764
-0.7061497240365443
-0.40768813728108227
-0.14731864403521111
-0.41149436240354587
0.24306373039323576
-1.1268355848445468
-0.42634371816833411
-1.1566484859007902
-0.93332993657032892
-1.5682907496642786
-1.223403040020105
-1.1225513996925864
-1.4460825189002056
-0.33407597673489003
-0.92372559958615408
30
1.0981880552874905
-0.59905322557961427
1.0416516239654428
0.94887865617367628
-0.5311343585592907
0.33269308573401951
0.22359558843768843
0.32461230862187901
-0.34917419003975936
-0.7095203230274898
-0.40268241855351694
-1.1636919864293958
-0.49038272613636591
-0.10216839090678556
-0.98608579247063188
-0.57974921887022968
-0.096177330173489686
-0.36975708014876674
-0.90856243287915783
-0.5251870800049514
0.8523773589518796
-0.63446412823915588
0.77741412306324342
0.74335420921112838
-0.30889422354212959
0.052177224908148599
0.71557875605156684
0.57473091978483215
-0.10863858523332565
-0.10523986483096308
30
-0.62253650413984374
1.2303424991724854
-0.60818438476910786
-0.6211944175013242
0.44465643957843864
-0.25764737675647409
-0.4542898431743419
-0.1838788457144718
0.010545981232676334
0.80200800910845926
-0.53837243861673145
-0.063274379863579741
-0.51937691689675503
-0.49988195756722076
0.38587510070747755
-0.32308443763731998
-0.29951585090258015
0.76079405756324003
0.032568819040306264
-0.062592477245731665
-0.69912431309192902
0.7110585229163906
-0.6990665113327551
-0.66598783878773959
-0.095738252971385066
-0.48296033528642646
-0.5508104477183039
0.062138845529715263
-0.49172450226045838
-0.090947971544438788
30
0.10107945297032626
-0.032486639182509117
0.080040011955457735
0.0037444549073146669
-0.93428813251272047
-0.52750642763059385
-0.035066319246477046
-0.53032054632039971
-1.2376830130826746
-0.75755019526358536
-0.57126698893508643
0.20582024189199996
-0.45258672746657302
-0.41125836060076243
-0.97629306660926074
-0.31038919039354163
0.031979865418636053
-0.51810401064454248
-0.79195167700928681
-0.56591633016711196
-0.0030451845533552287
0.39323123001753868
0.015281554714632561
-0.092542661565735193
-1.0815846168610785
0.041398387795224825
0.47420431251318429
-0.31129910406275141
-0.69351461493318733
-0.52410227576679635
30
1.9727947436056885
0.23600676320648059
1.8936601920259022
2.0762866952258912
0.00039396237752132532
0.22421659842918973
0.82213154380863307
1.6846977396144622
-0.9463096743520012
-0.87762487585382376
0.96431042819903334
0.21837799090726012
0.86664895213112947
1.0176453877488474
-0.54541312870892655
-0.29548607406388883
-0.029560966128077678
0.43459472973274915
-1.2218802213780031
-0.61150319732109004
1.9635880159562293
0.98693906649864305
1.8329072435142943
2.0655746115233935
0.15738446208137458
0.3279886451506131
0.76706567257932379
1.7215209958210551
-1.0135411217500925
-0.54499042749325544
30
1.5426136037488545
1.2553715451578995
1.4635199440730491
1.5240284425937147
0.45908054598106623
-0.13337519042304638
0.92519893861317337
1.046002032122288
-0.55421468766504689
-1.2590385671404649
0.22829486482583902
0.24349348893778092
0.024781913266975517
0.39339533897962958
1.5544737201644452
-0.37607329569830772
0.51669321904429955
0.48868808560413712
-0.50101373054607312
-0.76022100983980523
1.07461949035275
0.80785871364700568
0.97399593632776593
0.97700685564713141
0.86790436398385584
-0.46837720272188238
0.56773100492140294
0.46851814764188021
-0.97412899036870015
-1.2782744907326273
30
-0.6196876224189376
1.9903153500023378
-0.64292648171914613
-0.61776068743314494
-0.89894907182628347
-0.78442442387887434
-0.62639997473951392
-0.78199798634546236
-0.72688036987581583
-0.25182389348352052
-0.80414545312071362
0.83550165680005584
-0.70007285574275113
-0.63415277708078654
0.064020844063743337
-0.011774896529016697
-0.10696283673322304
-0.46597768589575045
-0.37851354256156222
0.17206778974359785
-0.67606145039938603
1.9242875800734307
-0.68122293135951417
-0.64823748270190362
-0.55313543982110736
-0.4614026610605787
-0.45539432718062611
-0.69274149445439692
-0.73135026105932377
-0.12228019913412716
30
0.10107945297032626
-1.2520837890172423
0.063909752657225705
-0.040607891806668399
0.9422881104690769
-0.25307994571206011
-0.27373563589024374
0.38650441377089939
-0.60097830993046331
-0.22780895736547227
-0.37502109214944557
-0.92922087267303421
-0.37544146990768079
-0.34667239678411055
-0.32801461458648495
-0.75030710575403414
-0.52759759256282357
-0.10633882898112935
0.16566998483116901
-0.10406905309894117
-0.10787637861036935
-1.4556524129372053
-0.13593522471961553
-0.23853028406761001
0.064128724956673003
-0.70107327451265145
-0.66228670735638273
-0.14259012106467089
-0.48068910547366889
-0.33336046921202711
30
-0.44305695572275455
-0.5307921910739396
-0.48369187069813757
-0.47354402456961298
-0.7936530950871048
-0.97854024326646405
-0.76162936382643487
-0.69801990176567097
-0.064995254734534755
-0.64453873117865434
-0.88638182891660133
-1.0259155400905393
-0.90717421831695877
-0.64726421334431739
-1.0608369332124323
-0.9694933092542245
-0.64147985300236099
-0.8393857606685432
-0.53988398250269687
-0.82337003073343062
-0.41398346525685076
-0.61349075358085614
-0.48312895030064884
-0.4493610441075383
-0.47764270024396893
-0.67634535407712004
-0.4194951927209058
-0.27173869472834744
0.56609710401611024
-0.59721080680940219
30
-0.22654194493388427
2.5568819363994431
-0.24711473432406819
-0.28955332174967013
-0.3162151731601448
-0.59868222807270999
-0.7798834686894075
-0.44326069716887295
-1.5902087809296603
-0.37613650397694415
-0.24493809770867789
1.2283798045632015
-0.30088497938096598
-0.26824658357817616
-0.42333047963716514
-0.75306694211137726
-0.78816274221473459
-0.47220661778397083
-0.59171098511152831
-0.3200461778120503
-0.2651231696958905
2.526062099115419
-0.32979513595432147
-0.3187691386188885
-0.71300241774916606
-0.73721408130304322
-0.98004128302814408
-0.59314777912615047
-1.1270480601285024
-0.40756837666128909
30
-0.72509624609246615
2.2315043385890569
-0.72150979624899403
-0.69616419065657298
-0.23544017730543285
-0.38020677644824646
-0.24082857610325198
-0.7635073989150496
-0.064995254734534755
-0.1642400088176989
-0.34698596403721116
2.1289498053718745
-0.37181719606263214
-0.40907312122350731
0.8888947857865801
-0.10616129995015121
0.31620968534572674
-0.45794564214515066
0.48134354617587055
-0.64027523642646955
-0.66977157875596538
2.0743278757058836
-0.65188687614926966
-0.64081131331905405
0.32613293878321392
-0.35044404372165605
0.069866692808965916
-0.7359962610807298
-0.042426204512586912
-0.65767650917546761
30
-0.27497293418928936
1.3122557405792956
-0.33976032619083701
-0.34477914701288792
-0.64364238849978217
-1.0213599093078443
-0.78571981514219469
-0.75040989948517389
-0.71249156302491901
-0.9863984100355695
-0.73985155931665603
0.19864438531185116
-0.80465904384272602
-0.54382954948757423
-0.4471594458998352
-0.99471821356034051
-0.56090577458552948
-0.91101847738307795
-0.84731233888690238
-0.75237409008379263
-0.41188684137571052
1.3354197531288561
-0.49310925774330916
-0.45044780060258949
-0.19343473948297665
-0.96420370991638193
-0.65425663780618204
-0.86375945075993299
-0.73607971682509077
-0.89514181301310547
30
-0.33479945032831943
1.2849513267770254
-0.4013861886379283
-0.39542666551853295
-0.94799103359521597
-1.0464807800521205
-0.98018191184570092
-0.82899489606442811
-0.53982588081415006
-1.1771052556788906
-0.53912004203305763
-0.013043383802538198
-0.62706962543534295
-0.45617717002211799
-0.35380212602142919
-0.94548273294533924
-0.8596960283682602
-0.92986919230795562
-1.0027933467133969
-0.86970422357845745
-0.41398346525685076
0.95628567276728149
-0.50006522959728472
-0.45841734823296476
-0.50872794595220217
-0.94518223265828083
-1.1000672049520248
-0.87668970128168378
-0.95363468205037616
-1.1683368500670546
30
-1.2592615687623754
1.9834892465517699
-1.2670434376430459
-1.0515552527131342
-1.2256550818457899
-1.131549183254329
-0.93858242117157931
-1.0136439566542443
-0.70529715959947004
-0.46654567524488794
-0.8531134768900831
0.80321030218938627
-0.84141953569964778
-0.69679630589543373
-0.17949160568902134
-0.73981972759613035
-0.57993902145564724
-0.96789846067814345
-0.57993212088224844
-0.58796243805305215
-1.1834444296353344
1.7694072749044467
-1.1965697156714314
-0.96303461410172797
-0.98832887973637762
-0.93503744478729378
-0.97120820652292328
-1.0390874905727192
-0.92998740322154083
-0.66262370300541873
30
0.82754429180140243
1.7445756257819061
0.7810858968401565
0.77976745031584394
0.15473190088563246
0.10051534097631409
0.12052819363314815
0.37006833605497724
-0.086578465010881497
-0.0017860291956102983
1.95413735141499
-0.15656051540551402
1.647938842442328
1.826426761708499
0.52297326276667488
-0.2160027869724071
-0.1767514085903211
0.42148118891544301
-0.025147615683165345
0.21503901697890485
1.3933063202860729
1.3773665024454567
1.3459892137360157
1.3881630629414934
1.1876383198399731
-0.088581706801798846
-0.064282704382620459
0.60551723055090534
0.15621093764963018
0.35374978494780396
30
0.06404399059854618
1.7081697407122125
-0.0026792664970140883
-0.035171152532051185
-1.9389271434557038
-1.0179343360245339
-0.6982987959344884
-0.83541523892221037
-0.39593781230517577
-1.1997075484958759
-0.65350336473097403
-0.58854708153047075
-0.59082688698485664
-0.47244506316390628
-0.58164621439600006
-0.51406511356546358
-0.41466699446679212
-0.92429593746060046
-0.76839394855072696
-0.72845966797023032
-0.19174133385598072
0.97241903788905093
-0.21759228561410915
-0.26624257469141493
-1.4013185727171953
-0.71248616086751204
-0.61552336115227335
-0.93179719755295454
-0.89215175709540451
-1.0732407908913333
30
-0.28636846107291436
-0.28732783467036405
-0.33231559113011427
-0.34649601204697766
-1.5992394376738333
-0.87120561372273808
-0.52656119712162197
-0.54444530060752061
-1.3060298456244368
-1.035840925572727
-0.76265346351460672
-0.99434177113788447
-0.84504380954469649
-0.56058305137986353
-0.3815481826286477
-0.6167310260586274
-0.54377585240242365
-0.58121292582782835
-1.1464954903106117
-0.81066549398560062
-0.29657252791299482
-0.33277020046207278
-0.37788207181441247
-0.35137183347042378
-0.22451998519120928
-0.39229129368947824
-0.42469112007691806
-0.1795336939839586
-1.0655651351735302
-0.81983452915718746
30
-0.26642628902657101
0.14726741834910251
-0.2251941255341631
-0.33047193839547406
-1.0092934858063818
0.3155652193174675
0.12425352115620393
-0.55394740803703824
-0.77724119385395718
0.21152310926469603
-0.46847151919022684
-0.76381737850060483
0.25932420638226583
-0.39256242370646849
-0.7210293458228505
2.2336279638053416
1.3972981075684106
0.27395385472074885
-0.63647066918279216
1.6035701509476123
-0.18335483833141977
-0.073023022001589652
0.22396071033389509
-0.26823496159900878
-0.58422068552934114
1.9416439658795153
1.7859397913900699
0.30073275396678151
-0.10390912946755909
2.239180322362381
30
-0.29491510623563272
0.28606485517730895
-0.26200420444551309
-0.34764058873637071
-0.72730220563502046
0.060550319337692587
0.21738670923259562
-0.38008452344829613
-0.91753206065020654
-0.37048593077269781
-0.34063133499843806
-0.80884587854103851
-0.28794114422007805
-0.30539565299151356
0.051290300443960747
0.31388579363747077
0.42406475094306001
0.087085898074136428
-0.59524464438031233
-0.22849878065856985
-0.31753876672439757
-0.079476368050297175
-0.20247060767068434
-0.34865494223279586
0.081891722504235556
0.61204270553825491
0.81666316097762159
0.029813219225338444
-0.54847797144966404
-0.13327396320068477
30
-1.2840468397342595
-0.3146322484726336
-1.2926864139633121
-1.0647178846411549
-0.98982094216283456
-0.97892086252016519
-0.94628143138589427
-1.1333448288947359
-0.49306225854873259
0.18327024324346253
-0.2419476840433728
0.13047374780043763
-0.30709802025819222
-0.46127606190238002
1.254163460415727
-0.74699530212522247
-0.71285452876530231
-1.3236032553475727
0.73812278637417206
-0.32228815488519674
-1.0828064833406008
-0.21499663507315794
-1.1034201795399348
-0.90815341110164349
0.2461994498191849
-0.84246625546453546
-1.0080992907506097
-1.4032895469353641
0.23030574464664824
-0.29763073599571599
30
0.97568614128852471
0.87538511974297295
1.1036910828047966
0.92169495980058991
-0.28448213907436531
1.8018834050204828
1.5224931181430994
1.2917727567181909
-0.43550703114514328
1.5351698823594473
1.9533897479986631
0.40495026199112871
1.5185004908334483
1.5763382552004115
-0.12138809891155197
2.4367519197057952
1.0508930145322688
1.8197124785607111
-0.46332136501237775
2.7869603827234184
1.1018756008075734
0.47067138260203062
1.088920688697794
1.0059870288484962
-0.55757618920799801
1.3957275685720163
1.1288911593707152
1.2843553829428169
-0.96151710832665471
2.1017582715304144
30
-0.72794512781337273
-0.29642930593778727
-0.65905674101737821
-0.7141912735145145
1.4904041537689097
0.81037024912897038
0.13667127956638936
0.14741084574709018
0.50336261587591336
1.3741285460384207
0.014106486048368217
0.89829040187635756
0.082252541381318239
-0.29446945610523778
2.4325548057340654
0.32878890996712357
0.53382314122740548
1.0492919555439748
-0.30548458434002695
0.513969293398433
-0.61945260560859849
-0.089156387123359021
-0.58837582878688566
-0.64026793507152835
1.9869732094802648
0.18659566419872903
0.19409659232089277
0.39155237072669741
-0.39555890168986135
0.46918430764665586
30
-1.28433172790635
-0.22589290361525632
-1.2749017690960307
-1.056705847815403
-0.53185556387942179
-0.82096387223418543
-0.76386456034026828
-0.89268469721362753
1.5141762971514563
0.18468288654452558
-0.10737906910464769
0.19864438531185116
-0.15487851876614958
-0.41878529623353011
0.11853368469204308
-0.34295525941019039
-0.1789719540585015
-0.34844757632064427
-0.12526796163204451
0.026712942834602182
-1.084903107221741
-0.053662983855466521
-1.1103761513939101
-0.89909710697621703
-0.43767595576195439
-0.66049412302870247
-0.70763298246339779
-0.77832743838408014
0.41475451951156389
0.059116907964068148
30
-0.60829209553531316
1.9698370396506353
-0.63961771058104733
-0.59658601867937244
-0.67176939598490526
-0.87006375596163466
-0.83601173670344642
-0.67105446176298578
0.13285083946530488
-0.82535707371454292
0.74675783404809415
2.5182400248449452
0.63728419308019479
0.12096882994848905
0.12375647181810785
-0.58250905522757279
-0.57518070973811786
-0.029296776679455735
-0.022791842837309461
0.015503057468870016
-0.56913363246123172
1.190219467032934
-0.61559484908505047
-0.5687231324806592
-1.2947405874318232
-1.0215217613874596
-1.0499028881148891
-0.9342601024142404
-0.79913912703531842
-0.97704535530895686
30
-0.54276781595447088
2.3862293501352547
-0.61604271622209261
-0.55223367196538942
-1.4311985980832265
-1.3652494050268387
-1.1299400782725388
-1.2815006606809181
-0.41752102258152152
-0.45524452883639532
0.14643229073811462
4.3193800264622908
0.0082138042610388918
-0.11770787092282212
0.065652965040638486
-0.98583154048969557
-1.0399091541501577
-1.9684616250386027
1.2658159038459118
-0.26362308813786434
-0.60058299067833598
1.9517143007804374
-0.68092049780064556
-0.58448110165890133
-1.7334866268566056
-1.3076681842734925
-1.3108329127931722
-1.7881184315112777
-0.79125670075903998
-0.91987778216285898
30
-0.93876237516042982
-0.87892346705288382
-0.90597378719800647
-0.85697721551630524
0.27877921594822624
0.02248839396757692
-0.49477173559154686
-0.87804631549788414
0.15803125145437455
0.78364364619465732
-0.9648801876308577
-1.2580545004583523
-0.81138983812638776
-0.73766028225010483
-0.86955235472031434
0.26641660829116925
-0.16533146046825051
-0.87167785493115957
-1.0063270059821809
0.31032304258762944
-0.91717319673051856
-1.0652249769903916
-0.81096692811409876
-0.81233771345463135
-0.0024825158466834996
0.83332589097416321
0.27864850111418155
-0.5618996736985864
-0.52010123685506116
1.3102072587382889
30
-0.38323043958372449
-0.85389442106746927
-0.38980548965458217
-0.43348384044085408
-0.46406226378707421
-0.43825121263767275
-0.40536387503821081
-0.49102804803077271
-0.40313221573062369
-0.52163876398629183
-0.95852555859208466
-1.3486496897827307
-0.86627169920855274
-0.68805534838641325
-0.73930910076407697
-0.44948494280363466
0.012629397767349768
-0.59809660963011013
-0.54812918746319284
-0.58011551829703967
-0.46639906228535782
-1.0652249769903916
-0.43473958088168962
-0.49953296896240107
-0.029127012168027332
0.016670467359693422
0.33108013170666778
-0.28220604038881231
0.14990499662860723
-0.33775797483864983
30
0.007066356180422239
0.23828213102333681
0.0039382757791835161
-0.11443308827252428
-0.54267364368139193
0.096709148439302423
-0.50122896996484334
-0.49616432231699842
-1.11897535656277
-0.38602500708437565
-0.21877197813725907
-0.39695171084049813
-0.061682905607756078
-0.21774327352605735
-0.98935003442442215
0.37405022622755074
-0.14502933047345837
0.24444838788181006
-0.53752820965684089
-0.41009892358343303
0.02840417366374871
0.21092420414154753
0.13625497826203103
-0.096165183215905795
-0.79737665610008568
0.53595679650585082
-0.12427204749294278
0.27302507427731582
-0.59419604385207836
-0.30697543545228989
30
-0.078400095446762921
-0.65138668536729882
-0.13833888315906792
-0.16880048101869707
-2.0593684319176413
-0.99966461184687827
-0.85376913123001186
-0.93762709721810311
-0.014634430756394362
-1.0542052884865281
-0.93759266293494936
-1.1895250701179314
-0.76427427814075555
-0.63002510270152678
-1.250162966532276
-0.71498120038004231
-0.72573369248074859
-1.1764037596733112
-0.88382681799766993
-0.65260611032877502
-0.24625355476562802
-0.66995753150704784
-0.19339760090462954
-0.29467936964525415
-1.7503614745267893
-0.36629527477007362
-0.65709078000037058
-0.83035630357874379
-0.36560568184000297
-0.39492554798474777
30
0.59108710896618977
0.0061946137040406477
0.72318240192342609
0.45041550794297613
0.41580822677318441
1.5906397192163411
1.6466707022449547
1.0796446286970667
1.201219748144438
0.41776903121969494
-0.34250034353925368
-0.45489675272519958
0.10451593785804542
-0.16651155034818699
0.67214912005489691
1.578442812572086
1.5229175369111874
1.6623499887530375
0.8323537002084116
0.93919761160521165
0.22548681849093552
-0.46829046748493353
0.43868853713052719
0.10524702053357909
0.19735120656338848
1.1909296634264621
1.4746565070617057
0.94416664897770919
0.64176839626838289
0.39552608840072156
30
-0.078400095446762921
-0.055240317351067894
-0.14826519657336434
-0.15878543498650735
-1.2206066446048702
-0.99833244445892422
-0.75802821388748098
-0.74989627205655129
-0.85637963153389229
-0.97227197702495372
-0.27932785485968536
-0.56127882652590533
-0.42048601626757082
-0.28087241109120581
-1.120898985162176
-0.8435895746322315
-0.55456135896215697
-0.93986826718115146
-1.1830099694213796
-0.60701924317479716
0.020017678139187759
0.075403937118686745
-0.096618862066710678
-0.092542661565735193
-1.1926033515333414
-0.74101837675466353
-0.52057959764696038
-0.53357626779379908
-0.87481041928759162
-0.44714592730089531
30
-0.20090200944572867
-1.2338808464823954
-0.20658228788235741
-0.32074303653563269
0.74035062083229641
0.18615467305907435
-0.4114485766592017
0.070880358882326175
-0.13693928898902188
0.50394027258445451
-0.92525720656556643
-1.1947275661385393
-0.91442276600705608
-0.65891882335634477
-0.87738653540941125
-0.63936168418884098
-0.6167366320712081
-0.5274474084768731
-0.43387420443917796
-0.39403142122588342
-0.31124889508097686
-1.231398637744614
-0.38272100875630832
-0.40100038007776084
0.2684031967536375
-0.053708998495280297
-0.43791711698313079
0.26686781212410143
0.49830823804011509
0.49996684703301586
30
-0.13537772986488686
-0.41929916804800271
-0.18838404662281311
-0.24977928179325956
0.19223457753246362
-0.49762781621505309
-0.5651804257772991
-0.4699693234572469
-0.30600776948706687
-0.27442618630050675
-0.61014236658405152
-0.52575833645416881
-0.67522069223384618
-0.46953141066089943
-1.2707276908411558
-0.98897775393706677
-0.50126826772582755
-0.45499509546125666
-0.92034129710843759
-0.8659675951232132
-0.28399278462615302
-0.39085031490044159
-0.3573165898113545
-0.35336422037801768
-0.59310218430312189
-0.78476777444829582
-0.4879869624137933
-0.39088171739305028
-0.61941980793616935
-0.80059544204071276
30
0.44294525947906843
-1.8664330995683207
0.43366492733977463
0.2541206057120578
0.53841313119551604
0.46020053572390657
0.34901494838056268
0.31356931890649364
-0.11895328042540011
-0.03286418181896595
-0.90955753482271506
-1.5287636899444654
-0.89319487634319983
-0.63390997270553606
-0.36033060992901006
-0.43623772828838769
0.018339371828385059
-0.21944311853039483
-1.0499088036305166
-0.59244639219934503
0.145815111007605
-1.896093280761503
0.14835232061677106
-0.049434653928705261
0.92563410601343232
0.25063463763433574
0.58048464479525086
0.44696773010562885
-0.55793688298119803
-0.12942614577738967
30
-0.49148794497815962
-0.69916940952127182
-0.3914598752236319
-0.51989938049003392
-0.12221094204480928
0.86365694464713272
0.78736182026011348
-0.036981401128414804
0.95301282996645698
1.473013577112734
-0.053177821420994441
-0.057892487428467948
1.1058510259043393
-0.23765323229660418
0.031378424525839145
2.6829293227808004
2.4939303480683574
2.4917814454476517
1.3730035683323589
2.161822442161081
-0.53139440260070669
-0.79418444294467017
-0.29562014380218155
-0.54517674175455033
-0.69968016958849477
0.93667591740984557
1.0018271176645999
0.27764302089222709
0.50461417906113804
1.0573506852074714
30
0.13241715190029463
-0.59905322557961427
0.078385626386408044
0.02177153776525604
-0.75182318651948621
-0.73722763641993105
-0.48521006161570401
-0.56473358403811236
-1.467903922697033
-1.3098937259786836
-0.69499535433708093
-0.41847928058094452
-0.72337175903234952
-0.48555649942743712
-1.1760646741812337
-0.6719277532054897
-0.4689117480466275
-0.96134169026949035
-0.95685577621920526
-0.97993476300815829
0.030500797544889317
-0.082703041074650929
-0.048229492647751469
-0.09163703115319255
-0.84622489935588152
-0.32571612328612487
-0.15969882492029827
-0.58314222812717675
-0.71873837901727833
-1.000681948052055
30
1.4998803779352623
-0.15080576565901299
1.4800637997635431
1.4553538412301281
0.87016757845594084
0.7437618797312685
1.6715062190653258
1.7848550881958647
0.021337586370849204
-0.23628481717184172
0.5964895473665176
0.30269430572400824
0.39497559886837158
0.67407719676928946
-0.60384305968177476
0.12290511770932737
0.31018249050352276
-0.040771124894598713
-0.41149436240354587
-0.23559837472353359
1.602968708400101
0.71589853245292157
1.4004272543323455
1.5547990588493406
0.80573387256738938
0.72363537211911411
1.4930784313239307
1.3828715773942508
0.55979116299508724
0.32571568657808309
30
-0.71085183748793557
-0.75377823712581171
-0.69586681992872812
-0.68071240534976607
1.1514376533071711
-0.24908344354819795
-0.59858419590069822
-0.47716010745796306
0.12925363775257992
0.16773116693178472
-0.13092857671892449
-0.15297258711543962
-0.16264481986268245
-0.3012679786122538
0.60719070517446783
-0.72767644762382067
-0.45273348820702747
-0.0555238583140681
0.10088623157012976
-0.23485104903248469
-0.62783910113315944
-0.70383759826276315
-0.63585789752923971
-0.60096357516717758
0.85902286521007587
-0.701707323754588
-0.60702093456970807
-0.27728023066624058
-0.1685450249330423
-0.21572719369986385
30
0.71643790468606217
0.16319499306709348
0.61151137601258898
0.57002377198455645
-1.5768820727497617
-0.65843945090379163
-0.67681607388486731
-0.68903142176477594
0.10407322576350921
-1.3522730250105328
-0.59444269484120027
-1.2044149725217403
-0.56597472347595179
-0.41344359997801755
-1.4594008757702415
-0.64267348781765266
-0.58850398254720016
-1.1001813036727193
-0.12409007520911655
-0.80020293431091705
0.60078249321504584
0.097990648289163054
0.59595398774214536
0.36661195759338705
-1.4368445678123192
0.21322573236007034
-0.1408045436257086
-0.44321844569537455
2.7842118581608672
-0.4361521632343377
30
-0.54846557939628304
0.67287738404280339
-0.58460939041015303
-0.54908608606955822
-1.0756443752584661
-1.0223114574420971
-0.9170996991219581
-0.95765856693438367
-0.98228169147924471
-0.43264223601940915
-0.6819122945513717
-0.17988204929099741
-0.66848989795018454
-0.53266054822604791
-0.66651650519455075
-0.77569760024159085
-0.74140439907047884
-1.222465071794099
-0.53988398250269687
-0.53901260528935446
-0.44962607123623555
0.97403237440122747
-0.44925639170737758
-0.46856040885344247
-0.33997946925036343
-0.494373221641287
-0.72983376298454072
-0.81296203799591238
0.29809461062264248
-0.11733300530417601
30
1.0469081843111794
-1.4227363752814306
0.92170867020935832
0.95488768379299016
-1.3309510585849675
-0.82876656693505901
-0.57797071693979019
-0.20853296228835555
-2.1477750464019358
-1.4681097756975869
0.28810313813193916
-0.3467207147794566
0.15266700465654867
0.26640865072358111
-0.90382689523511361
-0.98412044194814285
-0.67415359346272974
-0.7493940868097797
-0.90031722791866176
-0.94630510691096126
0.73496642160802406
-1.2152652726228448
0.58990531656477529
0.59483082155413425
-1.5380936538334231
-1.0056705303390421
-0.8158027428749236
-0.5041753410121993
-1.778136470549103
-1.3992058954647575
30
1.0924902918456783
0.24510823447390379
1.0788752992690551
0.99752316547288344
0.23550689674034442
0.44116957303884874
0.3229376557191731
0.71188738980330168
1.0753176881990856
-0.28996526261218458
1.302600974086662
0.087418608319544885
1.2865469647503354
1.2082468223205456
0.28044008560004768
0.049493470604000445
0.14554490507700485
0.73292778332646447
0.97841161665148213
0.057726959013128437
1.0934891052830125
0.017323822680317343
1.0828720175204245
0.98606315977255787
-0.10461975174516634
-0.16276546810839287
-0.1091566224572709
0.50392240502286423
0.53614388416625192
-0.43505278682768239
30
-0.48863906325725298
-1.5137510879556646
-0.55772562491310007
-0.51818251545594418
-1.6670327377661818
-1.2424996957082162
-1.0408674971962777
-0.98642170293724785
-0.73407477330126469
-0.38037443388012837
-0.29427992318621043
0.44262350903690967
-0.39356283913292384
-0.3733808780616733
1.0615731851420929
-0.88719498907825267
-0.83638030095236615
-0.6743190656307021
0.94543079680949849
0.36599880657076644
-0.65509521158798334
-1.5476125941312895
-0.73656827263244895
-0.6295814962035251
-1.7259373528988917
-1.2275243600926935
-1.2317603455753146
-1.3755818672458981
-0.99462329868702404
-0.76321664421441793
30
-0.28921734279382044
0.2405574988401922
-0.34141471175988608
-0.34248999363410154
-1.6937173346110417
-1.0080382354283037
-0.90642042688919855
-0.95894263550593994
-0.37435460202882903
-0.55695484651283267
-0.30885818980457236
0.41930197515142631
-0.28069259652998069
-0.33768863489983941
0.21678736750113445
-0.30818132130766718
-0.6145160866030277
-1.05641486119496
0.023145727656882317
-0.4261664259409827
-0.3804374831586062
0.4045245856027771
-0.37213583419591068
-0.42255438389627603
-0.95280288464125373
-0.59455300186728566
-0.94721246927879454
-1.1423755631928945
-0.35299379979795797
-0.54279167467994405
30
0.19794143148113641
0.16547036088394967
0.15738253730851909
0.064407019445149372
-0.069562953675220446
-0.42378768099702885
-0.28255224436147552
-0.010015961125729649
-1.1873221891045334
-0.75472490866146125
-0.65051295106566909
0.71171813079248891
-0.65865258322790965
-0.4403948856308309
-0.56238718686863665
-0.68407103317779938
-0.35693281229410179
-0.029296776679455735
-0.12644584805497244
-0.75835269561218299
-0.063847277106423239
0.40775125862713085
-0.11174054001013549
-0.17749079426223549
-0.51760944472598347
-0.75813770628695432
-0.50782595777311235
-0.22263452905646089
-0.85431611096926763
-0.99903288344207219
30
-0.4345103105600357
-0.29870467375464266
-0.3980774174998295
-0.49443254915103713
0.7764108868388645
0.52680890512160894
-0.13440838652796153
0.021572125734558863
-0.63335312534498289
0.8076585823127056
-0.65013914935750594
-1.0872691138508113
-0.60687724258435771
-0.52391959071702732
-0.46805059440409374
-0.05979604914678685
-0.20371517498965447
-0.27681485960610946
-0.36202313264057023
-0.10406905309894117
-0.40559696973228943
-0.61349075358085614
-0.37213583419591068
-0.44899879194252118
0.89010811091830844
0.79781913342570798
0.38114997713733034
0.37769853088196431
0.50303769380588248
1.0518538031741926
30
-0.4857901815363469
-0.49438630600424605
-0.49072300936659774
-0.51017047863019238
-0.5448372596417862
-0.55985906419519205
-0.68178317724894166
-0.67310897147747606
-1.047031322308283
-0.33375720494509487
-0.94619010222270139
-0.82212121321431364
-0.83624200163529272
-0.68149963025464788
-1.0908679591873041
-0.68407103317779938
-0.61292998269718457
-0.80529055454354714
-0.62469180495351218
-0.8596153267492983
-0.47268893392877853
-0.26017005741411176
-0.44683692323642965
-0.4968160777247731
-0.25116448151255311
-0.049270653801723532
-0.35289285115747732
-0.16721916967752923
0.19562306903102247
-0.41526401150787928
30
1.2292366144491742
-0.4466035818502731
1.198818253025139
1.172071110605333
0.31483948195479422
0.49445626855701108
0.72154770068612994
1.0768196778396424
0.053712401785368818
0.58587358404602885
1.442776614647834
-0.348514678924494
1.026634754719705
1.3546578605966397
0.27293232910632964
0.33320464813887274
0.36696501033270712
0.60998833816421916
-0.52928300469634493
0.52816848152836049
1.3492772187821267
-0.49571718819194138
1.1736020851809732
1.3012225433373992
0.3527774351045565
0.32038005424737281
0.35800448255145795
0.77176330868770004
-0.63203168997821524
0.56537974322903239
30
1.8275017758394727
0.39983324602010123
1.8812523002580321
1.8931544249229932
0.84131936565068666
1.1167687483584012
1.5870654618760642
1.5973810767486241
0.11126762918895812
-0.085131983958247698
0.68807096586648364
-0.041746810123133367
0.69268380756879544
0.8525384125784593
-0.15403051844945617
0.099722492307645183
0.24864165895680901
0.45590423356087162
-1.11822621616034
-0.042788346432938065
1.5820024695886981
0.77559198340346758
1.6816904640800463
1.5910242753510464
0.58369640322286365
0.64247706915121661
1.1355041578238219
1.4644553009243444
-0.679326247635886
0.32021880454480423
30
0.2463724207365415
-0.62408227156502927
0.26533119568899477
0.088729274094752994
0.14391382108366227
0.58390179317678248
-0.17116495142211088
0.29584917261901483
-0.53622867910142513
0.82884823182862977
-0.12831196476178269
-0.71215121112353352
-0.29208317147156221
-0.12474919780508865
-0.98412724729835765
-0.43678969555985625
-0.40673647493757642
-0.32271225246668084
-1.1912551743818753
-0.22588314073989896
0.093399513979097945
-0.89098463367528524
0.06367092413359221
-0.044725375783483456
-0.87731014506411475
-0.25850690364083462
-0.43413826072421285
-0.2210952135181572
-1.1570012799783602
0.072859113047264779
30
-0.46584800949000404
-0.71964771987297438
-0.45763529798560909
-0.52104395717942698
1.3677992493465791
0.052937934263669509
-0.3938153597167382
-0.43940849145420369
0.45300179189777201
0.4657989034557895
-0.55556731719223529
-0.25881647167263411
-0.67418518542097516
-0.5217343513397722
0.83699333872131276
-0.57588544796994934
-0.22306564264094086
-0.065359013927047599
0.86533452005039513
-0.50874591480187725
-0.57542350410465237
-0.73449099199412471
-0.63283356194055451
-0.59697880135198989
1.098823332102163
-0.52797783146393218
-0.41855047865617628
-0.49340013224407364
0.38480129966170556
-0.48287566051720637
30
2.5397222060660183
0.079006383843426967
2.472695141193205
2.928996328823759
-0.24625825710740304
0.41452622527976807
0.95127623127456296
1.2943408938613039
-1.1225725582754951
-1.127662740141733
3.3069257332573412
-0.88634512960664535
3.5035670511072281
3.40465520083721
-0.4520558088305206
0.41158400068741707
0.22136067177630681
1.5656376252254045
0.15860266629360095
-0.35292850821819838
3.0349628192189138
-0.33599687348642654
3.142444553414883
3.4421328385882175
-0.59310218430312189
0.66023044792544405
0.48128966799865541
1.6968919472081962
-0.0045905583864501156
-0.62634428158577926
30
-1.3980021085705063
-1.5046496166882415
-1.2749017690960307
-1.1723080934441075
4.8007365731718492
2.2491110281193412
0.078307815038517206
0.067284966881968111
2.0177845369328664
4.54833804352391
0.004761443344290071
-0.26240439996270853
0.075521747097656314
-0.48409967317593372
0.86343369854701491
1.0662171846492041
0.064970826660173328
1.6180917884946293
0.56026193651204592
2.46934696402767
-1.2652127609998054
-1.5443859211069357
-1.1657214926668449
-1.0530542771084672
2.5287446346809079
0.54356538740909144
-0.31935550185958073
-0.21032000475003174
0.20035252479678992
2.2556709684622174
30
-1.2817677343575342
-1.4432146856331332
-1.1661259179310302
-1.1042057804252172
2.0673684098739979
2.1825026587216394
0.34528962085750708
0.52595426064192907
0.86308278714834807
4.6514610045014102
-0.49314243192899332
0.27040295111333867
-0.5597616825987255
-0.54164431011031899
4.7762805285555814
1.2571978605773475
0.60614947933385255
0.40836764809813708
0.66627171457556478
2.8542196949178127
-1.1981207968033163
-1.2765720600855679
-1.153019283194368
-1.0025201000885873
2.9905825709175211
0.68432431911903879
0.065143122485318491
-0.13335422783484893
-0.099179673701791662
2.8713217561894253
30
-0.55701222455900146
0.12678910799739992
-0.53125545580830913
-0.58742940516422737
0.92065195086513651
0.18044538425355683
-0.11478832823986836
-0.72524215548266768
1.1040953019008801
0.8641643143551706
-0.84189942564518927
-0.79539114745325934
-0.97463748717550691
-0.66523173711285966
-0.28264165142879843
-0.22759409967324828
0.21818846396462066
-0.34664446445826458
-0.87911527230595798
-0.01065334171783875
-0.66138508323140399
-0.287596778121119
-0.67940833000630318
-0.66345207363262027
0.30836994123565137
-0.17037405901163313
0.35894919661618735
-0.54312002413128191
-0.31831112418233309
0.23226869201234562
30
0.36602545301460165
1.0164579243880356
0.47502456656601055
0.20862368230868134
1.5481005793794191
1.5468685050407081
1.3908648789951323
0.90655218525125836
-0.036217641032740104
1.1311538982558198
-0.27372082923723851
1.2947564779295782
0.03565473480212137
-0.18107981286322111
0.78345977067914963
1.2859001586937158
0.86944272770381381
1.377130475976629
0.045525569692514034
0.80654730144404596
0.16678134981900739
1.6742204206860083
0.30561777122838912
0.050365817533494527
1.7738172389095204
1.5111245306044958
1.481269505514812
1.5414210778395272
0.16094039341539759
1.2387477923056669
30
-0.6937585471624983
-1.0905326740204775
-0.66195191576321444
-0.66497447587061076
-1.1427164700306827
-0.17334021206166789
-0.29472164760345732
-0.60376926861342817
-1.1441557685518409
0.67204482541078847
-0.79965983262275619
-1.0720204186179951
-0.78860868824322494
-0.65406273585133334
-0.050880472709679082
0.72068567270984596
0.23436672380422055
0.53622467106687199
0.2280979652463524
1.1136981604651108
-0.81024537879236425
-1.3475588666213518
-0.79675255084727947
-0.73861939787365982
-1.1526366070513263
0.13270147863410947
-0.04019249573201869
-0.16260122306261834
-0.48384207598417994
0.80394442347332562
30
0.18084814115569969
-1.0882573062036216
0.096997464038214312
0.063834731100453013
-0.87370688562168575
-1.0573284287826035
-0.70574945098059971
-0.62893701261593449
-0.56860349451594472
-1.3197822290861152
-0.70321899191666981
-1.1052087553011833
-0.6167145573066326
-0.4675889756588949
-0.14032070224353632
-0.78011333841333985
-0.56978795645825109
-0.23747423715419091
-0.5728648023446804
-0.77068356951448858
-0.14771223235203498
-1.350785539645706
-0.17827592296120473
-0.21987429756923135
-0.85954714751655281
-0.9971742704970904
-0.79076782015959224
-0.56359292079072043
-0.90949309490321695
-1.250240392362906
30
-0.22084418149207202
0.23600676320648059
-0.15198756410372571
-0.29098404261141153
0.99277248287827247
0.78372690136988976
0.66442601199927609
0.81718101267093013
1.0753176881990856
1.473013577112734
-0.058784847043441328
-0.55374417711674917
0.11642426620606242
-0.1531573097094055
-0.56271361106401552
-0.19061229248485051
0.055136982443945937
0.21822130624719771
-0.42562899947868194
0.06108992462284793
0.020017678139187759
0.59812496706400675
0.17254700532625067
-0.067366136097049639
1.0721788357808204
0.80669582281282193
1.1010220944611959
1.3690177375495181
1.0626899594216526
1.4696168377033698
30
0.11532386157485738
-1.3248955591566294
0.081694397524507426
0.0011691573561799062
0.10713234975696317
-0.31474026481164757
-0.10895198178708117
-0.16461781714112517
-0.28082735749799614
-0.90729038517611826
0.038029795370808112
-1.1043117732286647
-0.15902054601763374
-0.069632604623209152
-0.71319516513375358
-0.44065346646013664
-0.077144083303372024
-0.55088786268780798
-0.62115814568472827
-0.58310482106123485
0.093399513979097945
-1.4056389810597212
0.02737889706937258
-0.035487945575548407
-0.48652419901774957
-0.4157511156411362
-0.13371918814023748
-0.37410317802554055
-0.44915940036855506
-0.75222288014786032
30
1.6280800553760402
0.17684719996822906
1.5793269339065095
1.5898416022338187
0.49514081198763427
0.4811345946774705
0.6222056334046453
1.1405094789888421
-0.054203649596361883
-0.13316185619434323
0.37968455663190498
-0.6558207369693656
0.40688392721638861
0.47886247906783064
-0.66880147456220407
-0.16963753616904292
-0.071751330023505339
-0.037492739690272031
-1.1888994015360195
-0.1683390625291398
1.5547463591338746
-0.11658310783036627
1.6000334031855528
1.3845405412913228
0.3749811820390091
0.45987088747344701
0.66598126765326904
0.69479753177251724
-0.57054876502324303
0.39552608840072156
30
-0.36898603097919336
-0.28732783467036405
-0.32528445246165411
-0.47297173622491628
1.8005224414253951
1.1491213849229998
-0.53078323498108504
0.080382466311843898
-0.38874340887972686
1.3713032594362966
0.13559204120138393
-0.12606312493988148
0.15939779894021061
-0.13616100344186563
-0.60873942261246039
-0.15528638711085857
-0.59421395660823551
0.070693972052503565
-0.29488360653367507
-0.20271604431738555
-0.2651231696958905
-0.25533004787758079
-0.25055754353077536
-0.37473709811402406
0.54817040812773976
0.23922175127947498
-0.72227605046670496
-0.10102860153047211
-0.51852475159980571
0.26195185499205026
30
-0.40602149335097398
-0.63318374283245249
-0.40552215256055163
-0.47096872701847836
1.1298014937032308
0.11383701485585442
-0.64813105195733867
-0.51234358631860955
1.0897064950499824
0.48133797976746734
-0.085698570031186305
-0.4238611730160563
-0.19319227084237792
-0.27577351921094384
0.12114507825507546
-0.57919725159876101
-0.41276366977978035
-0.46056835030861165
-0.30784035718588287
-0.079407305294330238
-0.39092060256430777
-0.67963755058010966
-0.42233980496808138
-0.46638689586334003
0.63254464647865882
-0.38341460430236457
-0.63866885573814558
-0.54973908094598756
0.25237653822022721
0.077256618673887528
30
-1.2330518569300388
-0.8652712601517486
-1.2124487138644144
-1.0449739367491238
-0.13807745908769906
-0.40970476861008598
-0.84060630731521502
-0.66103872690484544
-1.547042360376969
0.85992638445198544
-0.58509765213712217
-0.041746810123133367
-0.46190628878241241
-0.60064577329620772
0.5203618692036428
-0.31370099402235341
-0.70302068454907496
-0.85364673630736365
-0.28546051515025117
-0.12985178944012549
-1.0639368684103383
-0.4779704865579954
-1.0063390071431475
-0.91485507615445905
0.3838626808127904
-0.21602560443107563
-0.91244699169674959
-0.78325324810665176
-0.64464357202026112
0.43565332724365613
30
-0.20375089116663478
-0.16673334037700396
-0.20161913117520891
-0.30700811626291513
0.76919883363755071
0.15380203649447591
-0.60827004746064306
-0.47202383317173729
-0.33838258490158546
0.0490691296426084
-0.77199850621868482
-1.1346297672797934
-0.73786885441254402
-0.58049301015041033
-0.8894642306384356
-0.64432938963205855
-0.56122299536669817
-0.76054059650449002
-0.83906713392640631
-0.7676942667502934
-0.20222445326168229
-0.12787646341560471
-0.17222725178383472
-0.29304923490267742
1.2942163051253448
0.34257177771515734
-0.057197348897149336
0.40848484164803744
0.95706544731952148
0.13662294463329758
30
-0.52282564390812747
-1.6411716856995919
-0.55317606459821411
-0.54336320262259274
-0.49074686063193418
-0.81163870051850706
-0.7626227844992497
-0.60171475889893788
-0.460687443134214
-0.66996631059776368
-1.0830015274104055
-1.3339391837934258
-1.0855920421746388
-0.75324832314119161
-1.1284067416558938
-0.93471937115170112
-0.76291196803371175
-1.0275650713968862
-1.1040915790852042
-0.92500632471607003
-0.56703700858009143
-1.0781316690878073
-0.61619971620278735
-0.57361353670838955
-0.18011249132230414
-0.323179926318378
-0.46484146782792091
-0.1410508055263672
0.31385946317519942
-0.45319249753750174
30
-0.067004568563138439
-1.4363885821825659
-0.082916966595911662
-0.18367997798080732
2.016884037464802
-0.1554511071377136
0.12425352115620393
0.41732205948825418
0.57170944841767557
0.24683919179123689
0.52247680915021899
2.5038883116846478
0.63314216582871063
0.11562713369297653
0.94732471675942853
0.35141956809733715
0.47101342655601702
2.7081548689332027
-0.41385013524940212
0.63017843835652432
-0.35527799658492298
-1.7057195723246268
-0.39542321822878518
-0.41349807977084951
0.27284394614052748
-0.77335488809343522
-0.57442829933654083
-0.22571316013306808
-1.1838015293177071
-0.63953679846564826
30
-0.5997454503725943
-1.374953651127458
-0.59908526413933605
-0.61003479477974143
0.9495001636703907
-0.29742208876824483
-0.66042463278342234
-0.56293588803793337
-0.57579789794139358
0.46014833025154322
-0.57949062651467509
-1.3190492813896171
-0.59755768126851838
-0.52052032946351934
0.061735874696090036
-0.80439989835795922
-0.46954618960896471
-0.6594024129510162
-0.12291218878618862
-0.60066697480088216
-0.60058299067833598
-1.6427994483497272
-0.62527272296884218
-0.60078244908466905
0.83681911827562327
-0.60342969125439938
-0.54466980629756212
-0.65010245404338585
-0.20480418580392271
-0.20033592400668424
30
-0.69090966544159216
-0.43750211058284988
-0.67932296423823357
-0.67384494521340743
0.75477472723492411
-0.16344411146543797
-0.47403407904653699
-0.14124776913879789
-0.78803279899213008
0.5576207180247954
0.11989236945853271
1.1978824140975695
0.1454184569664515
-0.22624142665982738
-0.17981802988440043
-0.43899756464573086
-0.488896657260251
0.18871583940825892
-0.27250376449804298
-0.56927929577683156
-0.59009987127263441
0.32708443301828516
-0.57688335354988296
-0.59643542310446429
0.073010223730454279
-0.46267075954445197
-0.66559320658293597
-0.23340973782458635
-0.68247921814639745
-0.36249394398840412
30
-0.14107549330669911
-0.71737235205611904
-0.18838404662281311
-0.23718893820993542
-0.29313660291594124
-0.63122517426415892
-0.91238095092608773
-0.79869087777569603
-0.66932514247222652
-0.17977908512937671
-0.75368222251869177
-1.3619250244560062
-0.77411159286303044
-0.55184209387084293
-1.0804223849351748
-1.041856218543761
-0.81538028523900286
-1.1362435409203111
-1.1924330608048033
-0.80132392284749043
-0.097393259204668153
-0.92809137345535431
-0.18130025854988996
-0.19596565467810559
-0.30445347415523832
-0.646545039706095
-0.74117033176129454
-0.44829818697177654
-0.16539205442253041
-0.34875173890520744
30
1.7933151951885984
0.27013728045931878
1.7530374186566999
1.8330641487298549
-0.38040244665183592
0.48684388348298774
0.76128452759872356
1.3251585395786585
1.2551777738353023
-1.2194845547107389
1.597156720119205
0.8911145452962087
1.1907625845597647
1.4670762863376543
-0.71809152806443932
0.26420873920529481
0.25847550317303641
0.81652660603679117
0.8830028163943151
-0.41944049472154327
1.4499151650768605
0.19317750250760099
1.3429648781473309
1.3827292804662374
-1.046058621765954
-0.031517275027495767
0.149695031278607
0.69479753177251724
0.48727284125332559
-1.116116470750907
30
-0.91597132139318027
-0.42384990368171432
-0.89025712429203652
-0.83780555596897055
0.0025575783379155658
-0.15602203601826539
-0.47639345314447218
-0.56550402518104625
-0.71249156302491901
0.17761967003921622
-0.95553514492677949
0.61663803110551763
-0.88180430140161836
-0.72569002655025172
0.77138207545012549
0.4237272806597267
0.3561795037729738
0.23789161747315699
-0.8767594994601019
-0.11490527561914921
-0.98426516092700767
0.089923965728278946
-0.94252552622189445
-0.85870599057681496
0.4238294252948055
-0.046734456833976659
-0.30801893308282702
-0.27019937919004372
-0.98043493138972304
-0.076106390054586096
30
0.027008528226765593
0.69790643002821751
0.060187385126864335
-0.081812652624820667
0.50235286518894806
0.1842515767905685
0.68677797713761046
0.29507873147608094
0.39184936278145777
-0.42416637621303965
-0.76115825668195425
1.0974204219754864
-0.5038443147036894
-0.52052032946351934
-0.33454309849406577
-0.01508670015782849
0.43358137437811894
0.1231481353217283
-0.72481215090239126
-0.031952123912730189
-0.21480419654852406
1.3418730991775647
-0.099643197655395907
-0.27765351788945242
0.21067345472406102
0.094658524117907414
0.68912676223914138
0.30842933165829978
-0.33565246199014553
-0.035979151211652245
30
-0.70800295576702943
1.1279509474139724
-0.65947033740964012
-0.72105873365087336
1.9303393990490396
0.94168389165586963
-0.56927828605266029
-0.11787772113647063
1.129275713889951
1.586025041197666
-0.4135226680902474
1.3252538683952102
-0.36767516881114798
-0.46200447502813174
1.8743694316359054
0.48830745142155579
-0.44829239727066666
0.92635251038172961
-0.59642253080324048
0.74078264063174981
-0.69912431309192902
1.0062991046447656
-0.64946740767832178
-0.71344287240497428
1.9336842168375796
0.42309603144111824
-0.65189485264435831
0.22530629258990262
-0.17012151018829783
0.85396604997616099
30
-1.836445005417968
1.3668645681838356
-1.833670495042478
-1.3723228699155536
-1.1434376753508146
-1.0835911572879833
-1.1299400782725388
-1.2815006606809181
0.19040606686889416
1.4165078450702688
-0.10700526739648461
0.39956836955601693
-0.19474553106168455
-0.50595206694848505
1.8025561086525159
-0.90585148285389216
-1.0399091541501577
-1.9684616250386027
0.96074332030756215
1.1323813027413312
-1.5174366139009814
0.80140536759829817
-1.5250125606026184
-1.1476020921779195
-0.33997946925036343
-1.1094009863198864
-1.3108329127931722
-1.7881184315112777
0.23188222990190377
0.83637602746966921
30
-1.8472707559574115
1.3554877290995571
-1.8187810249210328
-1.3963589803928089
-0.73235064287593998
0.26989090887332873
0.018950929837830269
-0.93120675436032085
0.79113875289386093
2.0747996233649899
-0.6979857680023861
0.43006576002164948
-0.73683334759967301
-0.68587010900915812
2.7198080976676211
2.123234509511617
1.895017513221988
0.26739708431209575
0.045525569692514034
1.3860983748524061
-1.6010919067584783
0.9578990092794587
-1.6060647543793751
-1.1917968563100005
1.1698753222924108
0.3045288231989553
0.29187449802039411
-1.0184606623594503
-0.19061581850662129
1.2332509102723881
30
-0.75073618158062227
-1.1474168694418736
-0.73060891687876584
-0.73107377968306309
0.21675555841692934
0.11954630366137192
-0.2933556941783369
-0.61532588575743619
0.0033515778072274217
0.70594826463626825
-0.47819036360246825
0.94852139793739909
-0.64208447422197312
-0.46418971440538687
1.6360797690092048
0.82887125791769589
0.72161784367923321
0.4804921225933208
-0.26661433238340326
0.62419983282813396
-0.85008123253402945
-1.0119848720885538
-0.871453639887798
-0.76759957107502463
0.055247226182892961
-0.29528175967316322
-0.46200732563373254
-0.72321994211280927
-0.91737552117949539
-0.15526149133379924
30
0.083986162644889534
1.2530961773410434
0.14456104914838586
-0.0056983027801786974
-0.61046694377373945
0.32888689319700781
0.12301174531518534
-0.28249531201000661
0.19760047029434308
0.082972568868086224
-0.56865037697794463
-0.2875198979932293
-0.13106186207011558
-0.40955872997400844
4.1701769451290958e-05
1.1274855517822211
0.17472921694451851
-0.063719821324884393
0.0019437720441785459
0.84802387729725548
-0.019818175602477874
0.932085625084628
0.17859567650362068
-0.13166589538757761
0.03304347924844038
1.0260768605229202
0.59748949796038175
0.06675679214462614
0.43524882782988739
0.99688498284140614
30
0.16090596910935634
1.3509369934658455
0.098651849607264017
0.029211286246311328
-1.0157843336875634
-0.63902786896503272
-0.62019109553442109
-0.50412554746064842
0.082490015487163476
-0.85078465313365226
-0.38586134168617625
0.26143313038815286
-0.35783785408887303
-0.30515284861626291
-0.77129867191122292
-0.79391252020005543
-0.42228029321483912
0.11167378710658532
-0.23127773969556337
-0.45419113935531347
0.040983916950590879
1.022432469766535
-0.0058887944061618291
-0.099968830948584941
-1.2103663490809033
-0.76574629719019471
-0.54986573365357438
-0.1025679170687758
-0.29781681586400877
-0.80279419485402415
30
-0.27497293418928936
1.9516340971157879
-0.30749980759437295
-0.34334842615114658
-0.73018702691554582
-0.70316221321367756
-0.75902163456029581
-0.44043574631144883
-0.68011674761039931
-0.70810767972642774
-0.64004650323710155
0.64175352913603845
-0.68816452739473433
-0.53727383135580864
-0.70666668122617271
-0.68351906590633082
-0.56471242395955312
-0.47400972964635057
-0.40324915744305023
-0.93360057016313136
-0.40769359361343005
1.8097406877088695
-0.45711966423795819
-0.45642496132537091
-1.1570773564382171
-0.76257605098051129
-0.80918974442181713
-0.56313112612922933
-0.69036164442267589
-1.0847842431612187
30
-0.086946740609481793
0.27696338390988579
-0.10525117177807931
-0.21057753018154571
-0.076053801556402165
-0.074569515726217811
-0.67197314810489495
-0.67310897147747606
-0.70889436131219397
0.57315979433647324
-0.50211367292490816
-0.34492675063441963
-0.41013094813886042
-0.40931592559875785
-0.27415462234894339
-0.24194524873143247
-0.2103768113941957
-0.48318920821846495
-0.6788745804081997
-0.090617190660062408
-0.2651231696958905
-0.19402326041485823
-0.25479161335493433
-0.34956057264533852
-0.30445347415523832
-0.34663974827003596
-0.66039727922692382
-0.73445694554242613
-1.0434943415999507
0.041526885457576421
30
-0.15816878363213635
0.85263144157441495
-0.2119590409817679
-0.24377025417394566
-0.31549396784001371
-0.72790246470425268
-0.76063594315361993
-0.6541047566184407
-0.55061748595232296
-0.67985481370519518
-0.22550040888419542
0.1735288872813304
-0.41530848220321576
-0.21215877289529431
-0.414517026361931
-0.28223885954864181
-0.39880595540836072
-0.48269745043781603
0.024323614079810259
-0.47025864171286313
-0.20222445326168229
0.50616478586992253
-0.30287854921502533
-0.2749366266518245
-0.51760944472598347
-0.67634535407712004
-0.8153303858425589
-0.68381346433223578
-0.42393563628446412
-0.80444325946400785
30
-1.0982997515311761
-0.7128216164224066
-1.1169079472518095
-0.95426623411471978
-0.1799073676553187
-1.0615152405733161
-1.0042723631614607
-1.1403815246668652
0.24436409255975952
-0.11479749328054129
-0.73237552515339355
-0.48844388223739527
-0.78291340077243421
-0.65576236647808739
-0.016932356390258835
-1.0408074807279704
-0.71888172360750624
-1.0677252901498866
-0.59642253080324048
-0.46166439626580169
-1.0618402445291979
-0.67479754104357881
-1.1031177459810659
-0.89964048522374263
-0.21119773703053799
-1.0775717143746639
-1.1037515898044699
-1.4216074018411775
-0.36245271132949197
-0.5592823207797798
30
-1.1153930418566134
-0.66048815663472282
-1.0945737420696424
-0.96599814518099902
-0.58161873096848526
-0.47688406688834017
-0.58877416675665162
-0.65538882518999719
-0.53263147738870109
0.60988852016407713
-1.091225164989994
-0.38798189011531237
-0.97308422695620034
-0.7928011558695095
1.0224022816966079
0.26144890284795164
-0.21101125295653295
-0.1702673404654968
0.24812203443612824
0.76544438843636087
-1.1498984475370897
-0.63123745521480212
-1.1043274802165401
-0.94945015791358822
0.57037415506219225
-0.21412345670526556
-0.46862032408683896
-0.50540679344284223
-0.34668785877693503
0.58406914214217942
30
-1.2797735171529001
-0.032486639182509117
-1.2931000103555745
-1.0664347496752447
-0.86000398453919014
-1.0546640940066954
-0.83973706422650207
-1.0345742743706143
-0.85278242982116825
-0.066767621044445738
-0.4135226680902474
0.22196591919733452
-0.421521523080442
-0.52780446072103648
0.098621808773921751
-0.82095891650201791
-0.29856418855907429
-0.39237793805861976
0.16095843913945726
0.11676568860598495
-1.128932208725687
-0.058502993391997445
-1.1642093248725025
-0.9371335843030083
-0.59310218430312189
-1.0329346477423202
-0.86917908753213935
-1.1960976754796921
-0.56581930925747648
-0.27289476684596176
30
-0.95585566548586698
1.0756174876262878
-0.96884043882188497
-0.84925132286290161
-1.0756443752584661
-0.75549736059758665
-0.93771317808286614
-1.0719406698029068
0.57170944841767557
0.064608205954286221
0.42341935648699042
1.2176160196929784
0.36028612063719195
-0.16942520285119378
0.36726892157087226
-0.40863936471495649
-0.6348182165978199
-0.99855136233859643
0.47074256836951867
-0.32303548057624548
-0.68864119368622789
0.88691220274367422
-0.71660765774712787
-0.68102130363594748
-0.57089843736866985
-0.60279564201246283
-1.0182549669464516
-1.2856858398089648
0.23345871515715927
-0.43450309862435471
30
-0.86754033213777526
0.67287738404280339
-0.86130537683367181
-0.80117910190839114
-0.084708265397979127
-0.45252443465146608
-0.53090741256518692
-0.70187210748034035
0.7659583409047912
0.38104030539209105
-0.47220953627185808
0.40853819028120314
-0.45258672746657302
-0.53727383135580864
-1.1891216419963955
0.24323398288948705
0.052916436975765521
-0.28992840042341533
0.99607991299540199
0.32937984770937428
-0.90040020568139634
0.37225785535923894
-0.9010921286569108
-0.80599830056683286
-1.0904661156348592
-0.50832230496389452
-0.5720665141747171
-0.80095537679714379
0.40687209323528545
-0.2113296880732411
30
-0.40032372990916171
2.2633594880250389
-0.45349933406298576
-0.43062239871737129
-1.0150631283674323
-1.2061505569797555
-0.88195744282113298
-0.8965369029282968
-1.0002677000428666
-0.91152831507930254
-0.61836600416364029
0.22914177577748332
-0.72026523859373637
-0.51517863320800672
0.55398356132768423
-0.76024251664046938
-0.61863995675821981
-0.44319290872568101
-0.19947480627650771
-0.79048770032728233
-0.51252478767044418
1.6209803157841705
-0.58958556302235976
-0.51963796412084762
-0.43767595576195439
-0.96356966067444527
-0.90210237268796178
-0.78787119472156286
-0.79440967126955142
-1.0622470268247766
30
-1.3794843773846164
0.55910899320001106
-1.3774736743770959
-1.1285280350748208
-0.3198211997608022
-0.94523605856761284
-0.63372645220152335
-0.9522654789338465
-0.4498958379960411
0.41494374461757083
-0.39258977243311238
1.1476514180365278
-0.38683204484926215
-0.53703102698055816
1.2411064926005655
-0.42851018648782707
0.22770508739967954
0.13298329093470779
1.9937497132154094
0.2920135631569335
-1.3564158998294076
-0.14562316504955067
-1.3529278656064441
-1.0610238247388422
-1.0194141254446114
-1.1120639931360206
-0.9332779368240347
-1.3934379274902207
-0.7502680841223921
-0.56258044999974721
30
-0.36898603097919336
2.1473157293653915
-0.4059357489528142
-0.41230917168708159
-1.1254075423475307
-0.90355825028733627
-0.36065994476154273
-0.67978612804956962
-0.90314325379930971
-0.81123064070392714
-0.72788990465543602
0.21658402676222313
-0.70732140343284844
-0.56203987763136698
0.41590612668234933
-0.25243262688933626
0.19661745084515395
-0.71939686219019183
-0.43740786370796181
-0.38880014138854163
-0.50833153990816327
1.579033566467571
-0.56720547966609081
-0.51782670329576241
-0.46876120147018768
-0.61103828215763989
-0.15875411085556876
-0.78864085249071469
-0.84958665520350063
-0.64558336870225463
30
-1.1068463966938951
1.8492425453572752
-1.1020184771303645
-0.9642812801469095
-0.47127431698838701
-0.55453039464337606
-0.38499875124550642
-0.57834471089661066
-0.80601880755575184
-0.21933309755910282
-0.69686436287789666
1.7934785102499182
-0.74097537485115716
-0.61958451456575225
1.603437349471301
0.06936429237687082
0.4840194785839308
0.85258884328438267
-0.26308067311461941
0.40971735949712235
-1.1478018236559495
1.4451266359568862
-1.1499949476056832
-0.94908790574857116
0.22843645227162235
-0.5539738503833368
-0.36611884806369005
-0.38318513970153201
-1.0797535024708316
-0.073357949037947068
30
-1.1438818590656752
0.024397556238887026
-1.1408965380030263
-0.99203726486469235
0.24993100314297204
-0.58383807717836511
-1.0675408422613564
-0.99489655550952028
-0.093772868436329412
0.068846135857471444
-0.60640434950242017
1.5261778526393761
-0.63172940609326267
-0.56276829075711865
1.8841621574972762
-0.21434688515800129
-0.90750120009037238
-0.80758542418657575
0.59559852919988543
-0.58422580959780801
-1.1876376773976147
-0.49571718819194138
-1.201106219054459
-0.96774389224694957
-0.30001272476834828
-0.87733896377105403
-1.2633610310405157
-1.4445432033619019
-1.0230000332816265
-0.92042747036618744
30
-1.3538444418964608
1.9106774764123828
-1.3671337645705368
-1.1076395104933965
-1.1254075423475307
-1.0658923619908796
-1.1299400782725388
-1.2815006606809181
-0.2700357523598233
-0.31539284203129392
0.49032986224819003
3.0277258420355095
0.38824480458470989
-0.26387610482366586
1.4532822195969419
-0.82040694923054924
-1.0399091541501577
-1.9684616250386027
1.1044454639047772
-0.19337447317927517
-1.2211836594958594
1.3370330896410338
-1.2428420501783113
-0.9979919480258741
-1.1526366070513263
-1.1843456067168043
-1.3108329127931722
-1.7881184315112777
-0.68720867391216445
-0.79564824821076163
30
0.11817274329576351
0.72748621164734328
0.16854963989960262
-0.003695293573740622
-0.87298568030155466
0.51919652004758621
0.14784726213555652
-0.32204462401394501
-1.3060298456244368
-0.19108023153787032
-0.67630526892892473
-0.23549493778715033
-0.33350344398640352
-0.49623989193846224
-0.94528276804825173
1.1197580099816604
1.046769144377077
0.66408169403560713
-0.50454738981485736
0.21092872567813645
-0.17496834280685844
0.2125375406537241
-0.051253828236436254
-0.26823496159900878
-1.3613518282351809
0.37237209208618216
0.41893853972650963
-0.087174761685739247
-1.0293059743026494
-0.22672095776642145
30
-0.03566686963317009
1.7445756257819061
-0.03866215262383952
-0.16593903929521428
0.17708926580970494
0.13096488127240669
-0.57585969801005865
-0.1761744342851331
-1.0074621034683153
-0.15717679231239051
-0.15634709287401713
0.45338729390713284
0.010284817886780971
-0.24615138543037418
0.038559756824178157
0.037350190631690851
-0.38294491634992933
0.6968655460788723
0.016078409119314258
0.54647796095905643
-0.21270757266738347
1.164406082838104
-0.22364095679147916
-0.3167767517112946
-0.40659071005372055
-0.20271057035040499
-0.68448748787752556
-0.1749157473690475
-1.0419178563446949
-0.052469797311487903
30
-0.84759816009143241
2.2497072811239045
-0.89522028099918494
-0.77943214480992196
-1.6114999281160667
-1.3347998647307464
-1.1299400782725388
-1.2815006606809181
-2.7233273204378321
-1.1022351607226237
-0.34474315378823239
4.7660770985765524
-0.42825231736410369
-0.41684286123152559
0.14889113486229397
-0.95078161875143796
-1.0399091541501577
-1.9684616250386027
-0.091109255367132547
-0.77292554658763502
-0.92136644449279903
1.9920477135848602
-0.9800272875215883
-0.80056451809157692
-1.8023182423534083
-1.2898514005750712
-1.3108329127931722
-1.7881184315112777
-2.120233770939588
-1.3805164965516101
30
0.29765229171285318
2.5341282582308851
0.45848071087551656
0.16741892149052939
0.57447339720208401
1.9598403953064627
2.036588316324782
1.1399958515602195
1.118484108751777
1.228626286029072
-0.54622227448815708
-0.06148041571854234
-0.26205347389830197
-0.4207277312355347
-0.82026230121807908
1.2329113006327279
1.2945185744697751
0.66736007923993346
0.083217935226209808
0.8596074255085121
0.252742928945759
2.716435807552295
0.63829468598373451
0.060508878153972219
0.3749811820390091
3.3815697943177616
4.2157443658742979
1.8385089767321328
1.8572385280705208
3.1186814476869649
30
1.9215148726293774
1.2758498555096021
2.0963224242344585
1.9704133514570281
0.9422881104690769
2.2434017393138239
2.8114564411203617
2.5039334882674718
1.194025344718989
0.84297466483924643
2.0778657168169845
-0.38259999768020059
3.0494973136632777
1.9138363367987044
-0.2411857786156601
0.93816077766848338
1.4486878741177285
2.3327797630378142
-0.011012978608029224
0.88613748754074517
1.67215729647773
0.55779155425958382
2.1625598226809553
1.6978886640310789
0.33057368817010396
1.0159320726519332
1.8062511437817541
2.124821666856612
0.02851563197391925
0.80064629425335809
30
2.103843302767372
0.66150054495852395
2.0549627850082226
2.3481236589567551
1.0216206956835268
0.19376705813309741
1.8987511979717222
2.2856418311028768
-0.32759097976341262
-0.93130532129416554
2.8770537688697466
0.030011755678354551
2.4877348676807398
2.8826257940484825
1.0321950075579791
0.15491921945450754
0.60900446636437022
2.0541170206700587
-1.1217598754291238
0.14852703047555979
1.9153656666900027
0.072177264094332408
1.7693961961519105
2.0746309156488199
0.34389593633077525
-0.29845200588284676
0.62913741912881938
1.623004801369621
-1.3414500548432764
-0.71539377052489317
30
1.6964532166777881
1.9948660856360494
1.6082786813648742
1.7243293632375092
0.069629673110132004
-0.044119975430125233
0.65821713279418326
1.2329624161409058
-0.23406373523257973
-1.0584432183897132
1.3425977568601162
2.1953264787382505
1.2088839537850078
1.4340548913035767
-0.4468330217044561
-0.10340146359280801
0.21311293146592258
0.78210356139136217
-0.19829691985357975
-0.50201998358243793
1.5463598636093134
1.983981031023976
1.4336949458078798
1.5384977114235729
-0.7396469140705092
-0.41955541109275635
0.20779494625947031
0.7178872648470721
-0.5342896041523626
-0.978144731715613
30
0.69079796919790659
1.9561848327494995
0.66114294308407218
0.57145449284629779
-0.88596737606391907
-0.065054034383688897
0.018826752253728291
0.080125652597532529
-0.81681041269392474
-0.89598923876762471
0.18717667692789516
-0.29469575457337804
0.28831839714265467
0.20813560066344391
-0.40309217952366444
0.61857172748815081
0.4605451407774524
0.58376125652960675
-0.88147104515181385
0.018866023078589669
0.55885001559224035
1.31767305149491
0.57780797421003571
0.43906239059679886
-0.85954714751655281
0.32355030045705635
0.29659806834404157
0.39463100180330479
-1.0923653845128771
-0.32786358717874831
454
1
1
1
1
1
1
1
1
1
1
1
1
1
1
0
0
1
1
1
1
1
1
1
1
1
1
1
1
0
1
1
1
1
1
0
0
0
0
0
1
1
1
0
0
0
1
0
1
1
0
0
0
0
1
0
1
0
1
0
1
1
0
0
0
1
1
0
1
1
1
0
0
0
0
1
1
0
0
1
1
0
0
0
0
0
1
0
0
0
0
0
0
1
1
1
0
1
1
0
1
0
1
0
1
1
0
1
1
0
0
1
0
1
0
0
0
1
0
0
0
0
0
0
0
1
0
0
0
1
1
0
1
1
0
0
1
1
0
1
0
0
0
0
1
0
0
1
1
1
1
1
1
0
1
1
1
0
0
1
0
0
1
1
1
0
1
1
0
0
0
1
0
0
0
0
1
1
0
0
1
0
0
1
1
0
1
0
0
0
1
0
0
0
0
1
0
1
1
1
1
1
1
1
1
1
1
1
1
1
1
0
0
0
0
0
1
0
1
0
0
1
0
0
1
1
1
0
0
0
0
0
0
0
0
0
0
0
0
0
1
0
1
0
0
0
0
0
0
0
0
0
0
0
0
0
0
1
0
0
0
0
1
1
0
0
0
0
0
1
1
0
1
0
0
0
0
0
0
1
1
1
0
0
0
0
0
0
0
0
0
1
1
0
1
1
1
1
0
0
0
0
0
1
0
0
0
0
1
0
0
1
0
1
1
0
0
0
0
0
1
0
0
0
0
0
0
0
1
0
0
0
0
0
1
0
0
0
0
0
0
0
0
0
0
0
1
0
1
0
0
0
0
1
0
1
0
0
1
1
0
0
0
0
0
0
0
0
1
0
0
0
0
0
1
0
0
0
0
0
0
0
0
1
0
0
0
0
0
0
1
0
1
0
0
1
0
0
0
0
0
1
1
0
0
1
0
0
0
1
0
0
1
0
1
0
0
0
0
0
0
0
0
0
1
0
1
0
0
0
0
0
0
0
0
0
0
0
0
0
0
0
0
0
0
0
0
0
0
0
1
1
1
1
1
