MLCPP_ARCHIVE_V1
"Popularity_V1"
3.5175930902565624
1683
0
374
110
80
175
74
23
328
180
250
73
195
228
155
150
252
33
78
8
56
60
72
236
148
153
252
64
53
225
93
26
130
67
85
4
8
10
7
102
75
46
32
131
36
67
62
24
113
103
67
473
68
66
115
86
131
329
30
147
69
55
49
104
70
240
97
130
82
113
267
201
181
102
103
4
5
47
122
26
275
57
89
206
144
14
49
114
105
171
223
79
113
90
94
106
181
240
209
313
132
417
59
43
12
5
62
63
36
60
114
27
236
15
6
52
13
106
319
252
2
56
366
91
106
157
208
80
332
60
113
18
68
198
139
155
212
80
139
16
39
52
59
44
181
199
50
9
164
104
19
128
270
64
203
137
78
124
105
56
84
59
182
82
73
120
45
35
55
255
99
92
52
299
266
341
171
233
107
105
180
180
423
182
232
99
192
205
165
140
57
93
220
93
121
194
248
203
186
98
129
174
82
230
148
290
109
41
48
159
156
268
162
67
100
93
176
226
101
144
91
58
63
310
114
34
86
136
132
203
137
166
120
84
108
230
179
37
321
208
125
142
99
95
105
42
183
99
3
131
111
160
36
135
23
51
139
12
252
394
123
91
35
50
18
80
182
28
9
194
209
93
150
99
193
162
219
247
60
56
25
76
118
197
144
169
134
370
67
383
213
79
107
84
127
396
65
5
35
162
52
315
172
215
86
112
62
67
126
21
21
98
47
51
201
5
82
25
85
236
121
18
125
162
189
101
108
117
136
215
28
30
71
124
171
48
18
36
17
64
24
126
8
27
95
19
38
75
67
14
17
24
9
18
9
21
9
79
211
112
13
7
6
9
41
32
40
38
141
28
47
30
56
26
34
8
20
21
12
85
38
97
80
89
24
54
173
69
51
25
17
8
49
56
157
10
49
42
11
23
67
16
66
140
163
80
291
43
38
94
59
139
144
84
48
46
18
55
61
111
142
64
85
20
251
17
78
30
173
92
75
75
125
141
139
49
167
84
4
5
4
12
44
2
128
38
18
8
99
69
95
51
131
60
16
15
131
45
24
76
17
25
62
120
57
21
67
47
43
54
57
95
189
137
107
154
219
139
80
79
144
145
49
100
186
109
92
43
44
45
41
39
50
45
42
42
41
179
54
118
45
23
98
45
28
98
47
65
76
175
88
89
137
34
53
141
148
42
63
73
62
90
92
28
127
37
51
95
156
97
72
62
104
18
12
10
48
9
21
46
26
39
43
43
13
60
11
218
37
9
78
121
20
36
51
86
8
10
10
60
115
17
48
40
26
23
17
148
32
187
56
43
20
23
25
14
38
76
32
77
16
26
53
133
34
60
32
25
9
164
32
14
147
7
10
3
54
107
173
3
0
0
14
35
155
58
23
48
45
21
47
32
31
24
20
35
45
42
13
11
57
36
9
31
30
17
64
1
61
142
61
20
96
41
56
15
18
72
30
29
23
61
26
75
2
24
21
31
50
48
37
53
143
67
25
119
184
31
93
64
83
121
63
63
93
31
87
2
10
5
12
28
39
55
62
35
38
62
0
170
86
28
20
72
33
146
140
43
57
36
61
113
5
134
74
34
12
66
36
7
81
14
8
47
13
23
105
4
53
83
84
63
1
42
62
10
71
49
70
14
23
70
45
49
28
58
13
12
53
33
72
16
29
152
12
23
113
61
46
25
133
45
49
228
32
79
11
94
79
250
31
69
112
18
19
43
78
117
3
19
11
38
36
98
132
28
27
7
10
41
36
47
34
47
17
27
22
6
3
57
27
58
73
9
31
2
29
10
11
3
45
57
10
67
9
38
18
31
26
9
5
24
15
36
9
8
19
45
8
26
34
36
14
15
48
1
95
19
3
22
36
81
16
4
67
44
77
70
49
13
27
1
81
18
46
22
10
19
16
3
4
45
42
23
23
36
149
36
42
7
44
2
4
1
13
15
43
27
1
3
12
14
3
16
12
75
17
104
4
5
18
8
63
31
59
30
43
37
42
26
100
36
33
21
10
5
8
35
34
12
7
34
1
38
12
14
74
18
1
33
5
19
10
0
10
11
14
8
2
10
5
0
0
0
0
0
0
0
0
0
84
5
35
28
43
72
26
90
5
88
35
65
48
36
19
58
5
20
26
18
55
27
43
36
37
38
28
50
15
39
61
24
32
41
19
8
40
37
2
9
50
22
25
15
38
6
15
21
10
12
57
4
22
22
4
29
38
12
43
24
31
20
7
18
15
37
19
21
3
73
25
26
21
2
57
4
21
11
13
13
8
8
16
8
6
8
13
19
37
31
54
37
77
86
30
75
9
112
40
24
28
22
28
22
29
11
32
4
2
136
12
16
5
11
27
22
53
18
19
11
71
23
54
27
6
34
21
44
122
60
19
32
32
17
22
23
8
6
20
11
30
32
25
7
29
2
39
11
38
9
17
26
14
6
56
59
6
9
8
17
41
2
6
6
6
20
10
18
8
10
31
33
33
10
22
12
29
2
16
35
7
7
56
5
17
4
9
0
18
3
27
34
6
14
20
9
26
11
14
41
47
13
12
1
2
11
2
23
6
13
25
1
12
27
21
35
39
25
23
2
26
13
7
38
11
2
9
3
20
7
18
8
7
22
15
9
2
1
22
3
8
22
11
5
21
6
12
11
9
15
8
21
12
9
6
8
5
17
6
17
8
6
7
11
16
8
14
2
12
42
1
10
0
10
6
25
7
1
39
4
18
3
0
6
13
14
3
16
14
20
14
35
11
5
6
5
24
5
34
25
14
28
28
22
2
10
10
23
7
43
12
16
22
15
5
3
0
0
1
5
16
19
3
5
0
31
16
6
5
18
10
6
6
7
5
8
6
2
3
19
4
4
4
5
13
6
12
5
28
8
8
4
6
5
14
10
4
7
18
13
7
11
10
9
15
25
10
16
6
5
6
2
14
2
1
1
7
13
8
6
5
6
4
4
16
0
5
1
1
1
0
0
14
5
5
8
19
5
4
3
3
1
2
6
2
4
1
6
2
5
1
3
4
2
5
2
11
10
9
4
1
1
1
2
1
4
2
5
2
1
1
2
3
1
5
2
6
3
3
2
2
2
2
2
1
1
2
1
5
6
3
2
2
2
1
2
9
6
3
3
6
5
7
3
4
2
4
5
2
4
2
1
2
5
8
6
4
2
1
1
5
7
12
3
3
8
4
5
17
3
4
4
20
6
7
1
7
5
1
2
11
1
11
4
4
3
9
6
4
10
4
3
4
3
2
8
5
2
8
4
6
4
6
5
3
15
3
13
0
1
4
1
8
0
0
3
1
5
0
0
5
0
0
4
1
1
2
2
2
4
10
3
9
2
7
5
6
1
1
15
6
9
2
1
0
3
2
1
4
3
4
3
1
1
1
1
3
5
1
0
3
2
4
2
9
1
1
3
1
2
5
1
2
3
2
6
1
1
5
11
2
1
2
6
1
5
0
0
2
1
4
5
6
1
0
4
3
1
3
2
3
9
2
2
1
3
4
1
2
1
1
2
2
3
4
2
5
1
1
5
1
4
1
1
1
1
1
1
1
1
1
1
1
1
1
1
1
1
1
2
1
1
1
1
1
1
2
1
1
1
3
1
3
3
1
0
1
1
4
4
1
3
0
0
1
1
3
0
1
3
2
2
1
3
0
1
6
1
2
1
1
8
0
1
2
0
0
1
0
3
2
1
2
1
0
1
1
1
1
1
1
1
1
2
3
1
0
0
0
0
0
0
0
2
0
0
1
1
1
2
1
1
0
1
0
1
0
0
0
0
0
0
1
1
0
0
1
1
1
0
0
0
1
1
1683
0
3.8702498200587647
3.24313275752138
3.0686214544729511
3.5144644913652194
3.3592372726495903
3.6113918455322915
3.7963784937945726
3.9640838468556083
3.8929843496252521
3.7250112156935615
3.8886630775734905
4.3326719785822085
3.4737935206216095
3.9823495681410348
3.7831142400861282
3.3064169977340843
3.2065446693473363
3.2319961612536456
3.8966050136752362
3.3310847271795088
2.7948284256410441
4.1470566296852258
4.108708423433959
3.436662152776476
3.4548699652769681
3.4618369040887242
3.1456496968661209
3.9028763017130452
2.7589896204132582
3.7548869695157117
3.558399506446897
3.7944926091242284
3.517641377921743
3.3697093501832591
2.7875517168092014
2.8087965451282813
3.0103488766215074
3.0997850973443355
3.260893304736066
3.0567130518315291
3.2422840691087051
3.7530207865430185
3.0907811065775137
3.3009861156177354
3.9468879292022998
3.5051744383107537
3.5624059422972811
4.1519993885182798
3.3529341675657869
4.3378383662579001
3.4381529602893024
3.7786306697706
2.977407447220525
3.2934992802350584
3.6962831978905362
4.0683655778836743
3.8043982725641405
3.6699103879144306
3.9642522899058936
3.9257835523471636
3.7487445915689088
3.1945257096716282
3.1271991362820701
4.444703723610262
3.4969713168464076
3.6298280778754686
3.1540862054626695
3.4485848040858991
3.8670611223919336
3.6548622317657138
3.8019682246207624
3.2247850973443355
3.5059816894032352
3.5125664930404019
3.3450620601710415
3.4592268579397478
3.3498176583527695
2.6437758584046005
4.0567576522897042
2.8832228492920242
3.4765245545713697
3.755444124548915
4.0401034474192574
3.2573304542735677
3.1216259475011121
3.8239994427626258
3.8450080948049181
3.6087068005666607
4.0908838236161618
3.159280122500737
3.5054953731915903
3.6117593090256559
3.7709224125246692
3.0963442319186689
3.8229106329977256
4.0087037236102621
3.763360415080208
4.3039502504723393
3.6702530345251096
4.1385853182729875
3.3648685638052989
3.2108666208031251
2.5989059501166194
2.8117287268377082
2.7246657069800779
2.9613141219529537
3.4386071935340352
3.131084727179509
3.5175478298593998
2.7885386730423143
3.4966501256201852
2.6870372361026251
3.8859956814103516
4.2609021113317036
3.6163448218506793
3.7773787146772895
3.696583376603543
3.2334959194754411
3.7646609085471354
2.5632716803419036
3.4392976885706532
2.5660983257679764
3.2946200939876347
3.9711133586979974
3.592550141754888
3.8130658989173956
4.2812161722297244
3.5453704414652232
3.7900482187200457
2.6134261036630582
3.6176401397764821
4.0104612062623346
3.7931270530373529
4.2616723085003976
3.9332249139755207
3.968621454472951
3.8602411469970845
2.8913819577909856
2.9627741000523597
3.1802569500413811
3.4518250855444292
3.1143690907882524
3.7129629890186679
3.86208579379218
2.6529321817094269
3.0092595211876643
3.4722754649572733
3.2032976394961894
3.0405493414677802
3.8273618181345332
3.6149140389377341
3.6510260932779133
3.8083377037679136
3.8039178972963645
3.0929083057109725
3.9266860515116835
3.7580515730657877
2.7450898621600852
3.3210205415166554
3.5097961000371831
3.532166306784196
3.5236514228539737
3.5804329024405495
3.5859686992505044
4.0031987436830114
4.0261317978347915
3.0334758600394713
4.0421733241606246
4.4236323936015189
4.0899601068878981
3.8092892081058971
4.2076890967720573
4.2071591699368316
4.2569114840528934
3.7855023806771579
3.9636869584467722
3.8305635119877399
4.2189211382831795
3.8693470047503453
4.0430312152766614
3.988858962823477
3.9957079734508625
4.0420493012502714
3.4970268890143634
4.0553263906067603
3.8519810739654212
4.2010053194432322
3.6878395393504375
4.0026258343666505
4.0696692320637435
4.1311996995763725
4.0793779699278216
3.8639384038363787
4.0204702495223801
3.9386663988471535
3.9116240887444396
4.0876323005232935
3.9923697305793109
4.1091793590112635
3.778130059253074
3.5127818576365826
3.8173997120940233
3.8238982968516808
3.8505864363418851
3.8838313521223999
3.3956064882856003
3.813378119009752
3.9832895319678436
3.9167224753166603
3.9682587442538333
3.902185644782358
3.417869232500852
3.8925084627505964
3.4483100087627729
3.6837415639922884
3.9202369953498541
3.2178011793023926
3.5141294214452312
3.2690686227976791
3.3261166309200827
3.6873415192132275
3.6317997840705174
4.1465800879239163
3.6630893386946735
2.960165946901725
3.3573693897435999
3.2899713443842646
3.8318118821716696
3.082829461922215
3.4271359710373046
2.8090456223274276
3.2784673500272934
3.3235248381573355
3.7423997120940231
2.9480207984262732
3.5356581043099071
3.7286281900379623
3.8861281234062641
3.5124143029819672
2.8169469138326684
3.5520727605739961
3.9159612466911011
2.4623993991527442
3.2341525173570314
3.0941758077853141
3.9557424853446386
2.936610069428125
3.7104675950536565
3.4146771148972364
3.4833878288386213
4.025563715273166
2.9598340062245905
3.6416948758353218
2.6258349328289445
3.4105767174668831
3.553451404662074
3.7678470645136093
3.8098414131251626
2.7607212849816962
2.6354052564610457
2.6261317978347916
3.5862655150427605
2.6491403893773438
2.7019547878062848
3.8550829734508625
2.9519981816464638
3.4829437317139802
3.7802741710910079
4.032766807774272
3.5842323388598603
3.2698495681410349
4.2034489073629873
3.6067779847417025
3.5300926215265442
3.9833010083081466
3.6932915599321618
3.4167990128937946
3.2147868318570549
3.3478837400733035
3.2578596616577395
3.2044994601762937
3.6530238207853412
3.6959476032634129
3.1685806195674058
4.174832853490039
3.6820419234278043
3.5867004013320209
3.4279285773602179
3.0232104524778727
3.1929879876692762
3.3861190675432957
3.6188928819421871
3.7750067949092379
3.1556057411393241
3.4556790787008747
3.4783953935043752
3.8039095756125696
3.7975344819916605
3.0512246919768651
3.637464402777125
3.3800875324316793
4.1163374706780695
3.6580826135683915
3.4850486139554557
3.807999040313411
3.8074796221112415
3.5159994919306294
3.0379332549214717
3.0056751904053427
3.6497771379867183
3.6171215947818531
3.2979660803699282
4.3515446962206896
2.6783953935043749
4.001912292419191
3.976455168644732
3.8860624305533222
4.399089150010429
3.2990529076531723
3.7919975322344865
3.2383402289078935
3.1347437843172417
2.9807835723747016
3.1817651432663565
2.6455587364624202
3.3557159913587844
3.3916159650860656
3.4141152484558472
3.4519981816464638
3.0793982725641404
3.5083448259575998
3.4117606783773553
3.5424084580252244
3.2788953603890625
3.0419975322344865
2.721215889186209
3.1546641075024304
2.7321071743589949
3.3287038500754598
3.5380583154600411
3.3431072723647568
3.1398900243936656
3.0016755324053865
3.5922734793988145
3.6494985604701173
3.6020697753243009
3.5477393623709816
3.4239971209402342
3.1546641075024304
3.1816450265460476
3.0092595211876643
2.7919975322344865
2.9566279422402961
3.4895461581472782
3.2724174159245067
3.3839992236243326
4.2225155244459982
2.67357320411939
3.3119969957637228
3.1279959354450368
3.2609956814103516
3.1671542580297696
2.8858025667169729
2.8375221643468005
3.2035186180513127
3.3578318938034504
3.3852710655799045
2.320419234278043
2.7750163316239584
2.8043982725641405
3.1844838015540247
3.5604425250712675
3.0494529750583097
2.954218383475868
2.4725310300855208
3.0056751904053427
2.7352695864802556
3.6544834831849009
3.0036652271367839
3.3754759897436037
3.546399232250729
3.5876356656824808
2.534586203016636
2.8777489203525879
3.5255515349866973
2.8629864671210838
3.3799332934846822
2.7193123115018749
3.4139233667616899
3.3986628279203126
2.8673886593655191
3.5632716803419036
3.4142271311530874
3.3087965451282813
2.6809479813994175
2.9456909788954926
2.960758614407887
2.3992706334110796
3.2750120896437096
3.006766573175601
2.8444201434548106
3.4011728726837704
3.4865660745813041
3.6686214544729512
3.31619910598859
2.6070930358974644
2.7536652271367839
4.4439993356015925
3.1764627667038496
3.1689659792118499
3.040103447419257
2.5125099032187834
2.8995850155614762
3.5388559089743863
3.0419975322344865
3.4180912446548559
3.2137455056699382
3.6047597595253356
3.6853679664642471
3.6645396067914269
3.6229045358164798
3.0391976967521876
3.79377751303665
2.0805900334283565
3.6838173966200638
3.0043982725641407
4.2086116442763144
3.6781954010055449
3.8844227165007719
3.9432462459125364
3.5272291177967823
3.7230194099507656
3.7327243684735945
3.7148462864841632
3.9218979147037603
3.491233307474102
2.7982807787546875
2.6783953935043749
2.7982807787546875
2.5079968592075286
2.7439987204178817
3.0979942418804689
3.7331589195838086
2.8786652271367839
3.6134261036630582
3.0653294945869791
3.5153755128675743
3.4326067202856403
3.0016755324053865
2.5110808344682889
3.3416732688125221
2.7310847271795091
2.5452281116371394
3.1670372361026251
3.270751282996919
2.6031987436830115
2.1816450265460476
3.1764643128205301
3.6361455889839118
3.1478837400733037
3.5996657069800779
3.7705840838658893
3.7787452373517256
3.4572880936311492
3.4438432584748777
3.5644900158344845
3.7769043566521816
3.1902489203525879
3.7190437448144125
3.6588183895482436
3.583798647751586
3.137251230629698
3.1297088111330393
4.2266825055034491
3.8522966414959194
3.0548720194803058
3.3130658989173956
4.0469205719389389
4.1699735772893867
4.1946834251778427
3.731795439026536
4.0015993718415057
4.4294690352171715
4.0771086630467694
3.7468228519859372
3.682564734010672
4.0217764981956599
4.0395623800466476
4.0426653118150124
3.8811414469911352
3.6362655150427603
3.8031987436830113
4.0995371327416468
3.8879986712031851
3.6309006059326592
4.0802959307014053
3.8308739203525879
4.0873119601762937
3.9304714709557387
3.7326039667444131
3.4645919528015332
3.6759260164102843
3.583577129014885
3.7979252861348667
3.9504549281151866
3.6956790787008744
3.7462317546809953
3.6387888156895438
3.7773054173731184
3.8906659687127836
4.1644621149834391
3.867634793240128
4.1139036651200884
3.9216949066395075
4.1023793095099093
3.8687679019724159
3.7832319301721316
3.6286256735248865
3.9746657069800779
4.0117593090256563
3.8056463813977017
3.6362087079622532
3.9793863569530337
3.8548070404801198
3.8389496869273052
3.7445326752625294
3.9829875355576241
4.0390273916127626
3.9045845232020193
3.9607768180911886
3.8699643061628559
3.4348546750916293
3.6443604955711648
3.4087965451282813
3.2616539810787177
3.4829437317139802
3.5863203516956652
3.4674273375458147
2.6715536361823786
2.6974679776033801
2.9844515264635025
2.6259609604257665
3.4859100392419835
3.2025132986080802
2.6274252810745535
3.0577891706252878
3.4079985298418216
2.6408384685560855
3.5247264875291546
3.3143200832256916
2.7391976967521874
2.9603463239688179
3.3307529656158299
2.8455826135683915
2.7875517168092014
2.9587965451282812
3.3587965451282811
3.6596561557509371
3.1614074472205247
2.9324418852802085
3.1754470845269935
3.2435186180513127
2.6437758584046005
2.3992706334110796
2.9324418852802085
3.5833919677377568
3.0279983548229912
3.6658676695561705
2.8208474379176609
3.1165269981616155
2.8058643634188543
3.0053312394716856
3.0335980257875894
2.6323304542735677
2.7953318938034504
3.0020457081693674
2.3851412119658484
3.0939762172708689
2.8913819577909856
3.477109191737934
3.2250147762312005
3.5886428734445146
3.1403620659674005
3.5453704414652232
2.670855497680134
2.8907408829304466
3.4829437317139802
3.7423904074860093
3.8375221643468005
2.6739971209402342
3.5871078401437297
3.3632900530920957
3.1587965451282813
3.3212254540435096
3.2214989203525879
3.3519310333552617
3.1812892399047299
3.1673793001973558
3.5175930902565624
3.5175930902565624
3.8406637876069012
3.6261317978347916
4.3162177630458523
3.9143519250377294
3.3992706334110796
3.8823436362511314
3.8395623800466478
3.8121268033085687
3.5820338754836074
3.5041888310134675
3.9311202659162348
3.7110567912519303
3.8725310300855207
3.6927984645014584
3.875926016410284
3.2726140558185697
3.6163448218506793
3.5798062334555061
3.2265064313815763
3.1994767587514268
3.2197858369771382
3.4189251439650152
3.1043982725641408
3.3398492926876155
3.2996747419265624
3.2887209911423296
3.2841680408812062
3.5472100717274051
3.3827595901769807
3.2058643634188542
3.5582634990808075
3.8073711941679536
3.881453498523721
3.8870372361026249
3.006283246520201
3.2216576939337269
3.1543982725641406
3.6198956641683493
3.4901797243201704
3.0588159282051497
3.977109191737934
3.4608933047360657
3.3479942418804689
3.5639979677225182
3.7153526097601817
3.7603885585991614
3.9362655150427606
3.9513091534925109
3.3441687426077791
3.4472369984534228
4.0272936660298404
3.8334536480852677
3.8050265972161608
4.0556273713377182
3.8823501592915752
3.8091690464040395
4.215300300024909
3.4212963635481843
4.0449024828232858
3.8028697015463022
3.9750127520899396
3.4133689164735017
3.8560769990540349
3.4433153878674543
2.8987209371398515
3.1813275752138019
2.7087965451282812
2.9450620601710416
2.5079968592075286
3.1362087079622532
3.5750189980115432
2.8950143215779325
3.4885545958689672
3.0039095756125693
3.5244985604701173
3.3496657069800779
3.5175930902565624
2.8231996161253643
3.116415946901725
2.7677876553306744
2.7391976967521874
3.1484869622264098
2.5622309512224564
3.7190764801446514
3.3611728726837709
3.6636968094823703
2.3309840433218749
2.2429550196209918
3.1292384634164172
3.4160644788826473
3.4117287268377083
3.6262217423789278
3.6449515583638763
3.9130893386946735
3.1898150410257102
3.2128411960863898
3.3733898022296875
3.2456429942685663
3.6283069329952262
3.0073304542735677
3.7319961612536456
3.1258935246064143
3.6598230827202447
3.1568463909868369
3.9319646165440485
3.2268522073261159
3.8599354111518354
3.4319992570168343
3.9805950096017617
3.5777524781173371
3.5614482638696021
3.1764602096647234
3.5302212625356337
3.3587965451282811
3.3231596407724147
3.2233208627553496
2.9396991362820701
3.5489971209402342
2.7629069970474434
3.0896991362820705
3.4941078345921022
3.0707784898739936
3.2414718658569903
3.5614107485671416
3.0946056914158966
2.9625423137529832
3.4789830301994544
3.1901379279666426
3.5021454988117755
3.506766573175601
3.3634854077580929
3.6245427833491703
3.3716332228438919
2.8538160879565342
3.8794791130289887
3.8898018436981068
3.0567130518315291
3.0621694543590179
3.3299016147032559
3.4395623800466479
3.5114564559756887
3.6646047516914519
2.3137126405372768
3.4738868640737706
3.5798062334555061
3.6555377971400538
3.4514149539614114
3.1160612727021753
3.2481934366479419
3.8123535557286785
3.4276715647751277
3.1848546750916293
3.5233079621574355
3.399545866086144
3.3656355784382455
2.9777632354532724
3.2443023771204329
2.3508941690539871
2.8179014715507442
2.7744985604701173
3.1777376283166441
3.4182956565052369
3.3533516260744056
2.9256823921727797
3.0047548892585305
3.3632900530920957
2.8587965451282811
3.1603123706385419
2.5255637152731656
3.4241391386415021
2.9130893386946735
3.1258935246064143
3.1546641075024304
2.9507008352044766
3.0054978407051758
3.3859956814103516
2.936610069428125
3.4951631477994871
2.7615116460152871
3.0025872191553766
3.3515172397899469
3.0618911001350329
2.9067300220137957
3.0979942418804689
3.2609213051939903
3.2087965451282812
3.2940919477412201
3.0904562232742787
3.5486532891375568
2.9877004612323228
3.0087965451282814
3.7425445571761764
3.4829437317139802
3.6078318938034504
2.756283246520201
3.1994129488430638
3.2548869695157117
2.9039963632929275
3.4117287268377083
3.0934097324284009
3.087037236102625
2.8299115413601221
3.0618911001350329
3.2319961612536456
3.6267562380195044
3.4941078345921022
3.2319961612536456
3.0326647472934898
3.0267257023310368
2.9820854544036006
3.7156637876069012
3.1670372361026251
3.744412601768373
3.6523573547786934
3.2492945800244342
2.8681355483643318
3.3212254540435096
3.0992478407051758
2.8951289326644702
2.8590761637644571
3.2759973424063702
3.3697093501832591
2.9763107909424109
2.8921468685660301
3.0824819643973056
2.6646991362820702
2.9012869644502648
3.0511274305463316
2.9507008352044766
3.2887209911423296
2.5733618780501719
2.8634261036630582
3.2174273375458147
2.6929978407051758
3.6587965451282813
3.5233079621574355
3.7759973424063702
3.3981485309665866
3.2268522073261159
2.8213805618648293
2.8687679019724159
3.1871494212898672
3.1871494212898672
3.5038245848383833
3.5168297541041862
3.221215889186209
3.6572294404339543
3.6574077001509191
2.8365913130104747
3.6813275752138019
3.5839950644689731
3.2887209911423296
3.8337361261985055
3.527037236102625
3.5882251113691628
3.7074575919612331
3.4705391729605113
2.936610069428125
2.9625423137529832
2.7573304542735677
3.2443023771204329
2.5452281116371394
3.553451404662074
3.2373638929713602
3.673182626020949
3.326104657040049
3.5839950644689731
3.6117287268377085
3.2919975322344865
3.1764406056980903
2.6051497383913098
3.2481934366479419
2.9880569696024004
3.4543982725641404
3.0033194509918042
2.8760836362248003
2.6956909788954926
2.6993314139601563
3.3015993718415055
3.3081724109253399
3.097114672152689
3.1669655129859877
3.3087965451282813
3.278395393504375
2.8986628279203126
3.2039095756125695
3.6403620659674005
3.5989059501166194
3.4221135825038602
2.3449075205128551
3.3796300820514205
2.8994985604701173
2.9170877682984373
2.4656637876069012
3.1687610821734
3.7205689608059154
3.2887209911423296
3.4459518814550147
3.4117287268377083
3.6612389966401939
2.8087965451282813
3.5175930902565624
3.4587965451282812
3.2940919477412201
3.3406637876069012
3.1764406056980903
3.2646609085471354
2.9587965451282812
3.5450620601710416
3.5175930902565624
3.5175930902565624
3.5175930902565624
3.5175930902565624
3.5175930902565624
3.5175930902565624
3.5175930902565624
3.5175930902565624
3.5175930902565624
3.7997439457719744
3.0783953935043749
3.8039095756125696
3.6625244974359377
4.0033194509918042
3.4045845232020193
3.4493314139601563
2.8117593090256561
3.3450620601710415
3.1548564377812816
2.9372429089459029
2.8290124120342082
2.3478608776304419
3.0038245848383833
2.8681355483643318
2.9731754544494944
3.5450620601710416
3.8058643634188543
3.5604425250712675
3.1848546750916293
3.6642450908087021
2.7615116460152871
3.0787911491050117
3.4820854544036006
3.4505517213311836
3.1703318938034504
3.7151560763833058
3.2195988483760938
3.4470372361026249
2.4117536918890945
3.3827595901769807
3.1228214971342831
3.0518078786325149
3.258351586324816
3.4198596862953665
3.5653294945869791
3.4635186180513124
3.5782112957992687
3.2646609085471354
3.5882068896087169
3.3862655150427603
3.2867478407051758
3.5764551686447321
3.4070372361026249
4.1494985604701169
3.3859956814103516
3.567037236102625
3.9089009968569557
3.3087965451282813
3.5079968592075286
3.7339691179487406
3.2982807787546875
3.5992478407051758
3.1929978407051758
3.5125664930404019
3.2096392539119392
3.1911652271367839
2.5989059501166194
2.9467156774068988
2.7992920853695771
3.3457544122576981
3.3725310300855207
2.716231229562684
3.0777118179487721
2.8470372361026248
2.9611900192035239
3.0750321000884697
2.8766429323408267
3.2443023771204329
2.3876618181032003
2.976455168644732
3.2826647472934898
2.6830945452440522
3.4313275752138019
3.4354616552621735
3.2268522073261159
3.0701913194376007
3.0083776620269345
2.7033013435898097
2.8772143870680709
3.0653294945869791
3.2875517168092014
2.5836896500986777
2.7875517168092014
3.0109956814103516
3.3431072723647568
3.7033013435898097
2.9715838242264008
4.0037432106928854
3.4433153878674543
3.4402489203525879
3.3228921468630985
3.2663900103743173
3.522665946901725
2.6043982725641408
3.1667756576772423
3.2197858369771382
3.4604584500210294
3.2435186180513127
3.2404685559578126
3.820419234278043
3.6617478407051758
3.6625244974359377
3.4429978407051758
2.8250238692965546
3.5798062334555061
2.9089507357753721
3.2268522073261159
3.2646609085471354
3.0286022664559287
2.7807241319348011
2.7375358039448319
2.8783953935043751
3.1988538525031252
3.0047548892585305
2.7242478407051758
3.2726338238502479
2.9705689608059154
2.4888252035367455
3.1512348048840773
3.9774806284267359
2.9144221485625947
3.2214989203525879
3.2209711054747467
3.2609956814103516
3.2539984296037643
3.2637397065343752
3.2625172389364003
2.8498176583527695
3.0310847271795089
2.8681355483643318
3.5518078786325149
3.3137126405372768
2.7102196630579862
3.5054978407051758
2.6719979061383521
3.3431072723647568
3.4484956814103516
2.7058643634188542
3.3417109953602679
2.9293982725641405
3.0279983548229912
3.0050265972161605
3.3632900530920957
3.6198956641683493
3.5979942418804689
3.4525700184197068
3.0559967096459824
3.5869985604701173
3.2724174159245067
3.3398492926876155
3.6715536361823786
3.2573304542735677
3.0109956814103516
3.7602413773116004
3.0750134913415308
3.5109956814103516
2.8513647843455594
3.3431072723647568
3.0065159593542825
2.5720770765208947
3.5979942418804689
3.3234956814103516
3.1984956814103516
3.1359956814103516
3.7391976967521874
3.2587965451282814
3.3277118179487721
2.7319961612536456
2.8587965451282811
2.4189251439650152
2.65525420703641
2.9343239744782705
2.9587965451282812
3.2867478407051758
2.9170877682984373
2.8506648949375801
3.4313275752138019
3.5836896500986777
3.6261317978347916
3.3632900530920957
3.1868194648568013
3.7905444076146306
3.1450620601710417
3.6361455889839118
3.3697093501832591
3.0618911001350329
3.5175930902565624
3.2205689608059154
3.2443023771204329
3.4642143487179897
2.9130893386946735
3.4484956814103516
3.0489971209402342
3.3058643634188543
3.3776805738192435
3.3937758584046005
3.5798062334555061
3.1739971209402342
3.2975672725993261
3.5995777351327303
3.2250404740245924
3.5079968592075286
3.6523573547786934
3.5979942418804689
3.675044328693601
3.5979942418804689
3.3083615425019888
3.3234956814103516
3.0511274305463316
3.5478837400733036
3.5614482638696021
3.7352695864802556
2.9236738081774494
3.1669655129859877
3.3372429089459028
3.1056312429095025
3.4335980257875893
3.7932100273504736
3.4313275752138019
2.8659980806268228
2.8772143870680709
3.4221135825038602
4.0036652271367839
3.8179014715507442
3.5979942418804689
3.1145226790824014
3.1673793001973558
3.6058643634188541
3.4221135825038602
3.7919975322344865
3.3986628279203126
2.9515253472097425
3.4429978407051758
3.4470372361026249
3.4829437317139802
3.3479942418804689
3.4705391729605113
3.1617478407051758
3.6289177617358175
3.454218383475868
3.7242478407051758
3.2464729001221726
2.8783953935043751
2.9734171258892137
3.0109956814103516
2.5989059501166194
3.3417109953602679
3.4303121527666121
3.4470372361026249
3.7875517168092014
3.3927719645988912
3.1898150410257102
3.6934700475034541
3.1984956814103516
3.3986628279203126
3.4783953935043752
3.3398492926876155
2.6984956814103516
2.8954048482431713
2.7875517168092014
3.0734956814103516
3.1868194648568013
2.8179014715507442
2.7375358039448319
3.0653294945869791
2.7156637876069012
3.4313275752138019
3.3716332228438919
2.9456909788954926
3.6523573547786934
3.5087965451282814
3.5175930902565624
3.3587965451282811
3.5109956814103516
3.8621694543590177
3.3632900530920957
3.4705391729605113
3.5342026714809309
3.2982807787546875
3.1848546750916293
3.3212254540435096
3.5175930902565624
3.3859956814103516
3.7033013435898097
3.5073304542735677
3.3981485309665866
3.006766573175601
2.7989971209402342
3.0725310300855209
2.9656637876069012
2.870576242279236
3.3893300429793154
3.3450620601710415
3.0109956814103516
3.1450620601710417
2.358115614781342
3.4117287268377083
3.0039984296037643
3.4621694543590178
3.0489971209402342
3.346735023751727
3.5309455500675164
2.8492478407051758
3.5146609085471354
3.0587965451282813
3.0587965451282813
3.3992706334110796
3.0103488766215074
2.5693571868408607
2.7807241319348011
2.3913819577909856
2.8179978407051758
2.9270372361026249
3.5450620601710416
3.4750716078896633
3.5175930902565624
3.5175930902565624
3.4705391729605113
3.4117287268377083
2.7375358039448319
3.557790720778125
3.3212254540435096
3.2117287268377082
3.5175930902565624
3.05307148542843
3.3529204193294473
2.7609956814103516
3.0117287268377084
3.1848546750916293
3.1087965451282811
2.7609956814103516
3.8234956814103516
3.4221135825038602
3.0783953935043749
2.6764406056980903
3.1359956814103516
3.2646609085471354
3.1673793001973558
2.9026183069850218
3.0839950644689731
3.2982807787546875
3.4411379216118303
3.5450620601710416
3.138083952285462
3.4484956814103516
3.2352695864802556
3.1450620601710417
3.1888402869096217
3.5097739390314238
3.6764406056980903
3.1554236358975447
3.2609956814103516
2.9450620601710416
3.0489971209402342
2.5587965451282813
3.2268522073261159
3.0691724060332719
3.506283246520201
3.4859100392419835
3.2456429942685663
3.1036157572650298
3.4087965451282813
3.3776805738192435
3.087037236102625
3.0907408829304464
3.3087965451282813
3.5836896500986777
2.6984956814103516
3.2117287268377082
3.0109956814103516
3.1813275752138019
2.7156637876069012
3.0979942418804689
3.6523573547786934
3.6523573547786934
3.1279959354450368
3.2685187348941578
3.2875517168092014
3.5734956814103516
3.3450620601710415
3.1984956814103516
3.6554236358975447
3.5125664930404019
2.8529204193294473
3.5175930902565624
3.278395393504375
3.2887209911423296
3.2887209911423296
3.2887209911423296
3.5175930902565624
3.5175930902565624
3.0489971209402342
3.278395393504375
3.3450620601710415
3.1208850501425349
3.2129631345712286
3.3450620601710415
3.0839950644689731
3.0135331463512021
3.0904562232742787
3.2887209911423296
3.3479942418804689
3.0734956814103516
3.3479942418804689
3.1554236358975447
3.2887209911423296
3.4484956814103516
3.1813275752138019
3.3450620601710415
3.2887209911423296
3.2443023771204329
3.3697093501832591
3.2646609085471354
3.278395393504375
3.0979942418804689
3.0559967096459824
2.6587965451282813
2.9566279422402961
3.1554236358975447
3.2887209911423296
3.2887209911423296
3.2887209911423296
3.3479942418804689
3.2887209911423296
3.4411379216118303
3.2646609085471354
3.1450620601710417
3.4313275752138019
3.2887209911423296
3.2887209911423296
3.1813275752138019
3.1673793001973558
3.2887209911423296
3.2117287268377082
3.0979942418804689
3.1984956814103516
3.3212254540435096
3.3212254540435096
3.4313275752138019
3.0979942418804689
3.1813275752138019
3.2646609085471354
3.2646609085471354
3.2887209911423296
3.2887209911423296
3.1813275752138019
3.2887209911423296
3.7450620601710418
3.5734956814103516
3.3212254540435096
3.3479942418804689
3.1813275752138019
3.3479942418804689
3.2887209911423296
3.0979942418804689
3.4829437317139802
3.0734956814103516
3.3981485309665866
3.2443023771204329
3.2609956814103516
3.1450620601710417
3.3632900530920957
3.0904562232742787
3.0125664930404019
3.0979942418804689
3.2268522073261159
3.2117287268377082
3.1813275752138019
3.4411379216118303
3.4313275752138019
3.2887209911423296
3.0979942418804689
3.0117287268377084
2.8986628279203126
3.0109956814103516
2.9411379216118303
3.5979942418804689
3.2887209911423296
3.5614482638696021
3.2117287268377082
3.3632900530920957
3.1898150410257102
3.2443023771204329
3.2443023771204329
3.1764406056980903
3.5839950644689731
3.4783953935043752
2.6361455889839118
2.936610069428125
3.1554236358975447
3.2982807787546875
2.9058643634188543
2.8234956814103516
3.2456429942685663
3.3796300820514205
3.0691724060332719
3.1450620601710417
3.4705391729605113
3.5146609085471354
2.8179014715507442
3.2887209911423296
3.3417109953602679
3.1554236358975447
3.1554236358975447
3.2443023771204329
3.1671542580297696
3.2609956814103516
3.3697093501832591
3.4587965451282812
3.2982807787546875
3.2443023771204329
3.4411379216118303
2.936610069428125
3.2646609085471354
3.0097739390314238
3.1450620601710417
3.3479942418804689
2.7875517168092014
3.1554236358975447
3.1984956814103516
3.3697093501832591
3.1359956814103516
3.1450620601710417
3.4750716078896633
2.9270372361026249
3.2443023771204329
3.3554752566332882
3.5175930902565624
3.4705391729605113
3.7982807787546875
3.6523573547786934
3.6208850501425349
3.5175930902565624
3.5175930902565624
3.3212254540435096
3.4705391729605113
3.5450620601710416
3.5175930902565624
3.5175930902565624
3.5450620601710416
3.5175930902565624
3.5175930902565624
3.5839950644689731
3.2887209911423296
3.2887209911423296
3.3479942418804689
3.5146609085471354
3.7646609085471354
3.5125664930404019
3.3587965451282811
3.3981485309665866
3.0092595211876643
3.5146609085471354
3.4809371119156252
3.278395393504375
3.2609956814103516
3.3796300820514205
3.3796300820514205
3.1270372361026251
3.2609956814103516
2.9566279422402961
3.4313275752138019
3.5614482638696021
3.5175930902565624
3.3212254540435096
3.5146609085471354
3.2887209911423296
3.0125664930404019
3.3212254540435096
3.0839950644689731
3.3981485309665866
3.2887209911423296
3.5614482638696021
3.2887209911423296
3.2887209911423296
3.3981485309665866
3.278395393504375
3.5614482638696021
3.5175930902565624
3.3981485309665866
3.7646609085471354
3.2982807787546875
3.1813275752138019
3.2724174159245067
3.5614482638696021
3.5614482638696021
3.5519946848127404
3.4705391729605113
3.2646609085471354
2.8783953935043751
3.4705391729605113
3.5146609085471354
3.7058408386588941
3.2646609085471354
3.4484956814103516
3.5614482638696021
3.4705391729605113
3.278395393504375
3.1988538525031252
3.4313275752138019
3.4705391729605113
3.4313275752138019
3.0734956814103516
3.3796300820514205
3.8117287268377082
3.5175930902565624
3.5175930902565624
3.3479942418804689
3.4705391729605113
3.2982807787546875
3.0117287268377084
3.3859956814103516
3.3796300820514205
3.5175930902565624
3.2268522073261159
3.3212254540435096
3.6523573547786934
3.7058408386588941
3.4313275752138019
3.0904562232742787
3.1145226790824014
3.5146609085471354
3.4313275752138019
3.4705391729605113
3.3212254540435096
3.2268522073261159
3.2887209911423296
3.4313275752138019
3.2887209911423296
3.2887209911423296
3.4313275752138019
3.2646609085471354
3.1673793001973558
3.2982807787546875
3.4313275752138019
3.2117287268377082
3.2887209911423296
3.2887209911423296
3.3450620601710415
3.2887209911423296
3.2982807787546875
3.2887209911423296
3.2887209911423296
3.2887209911423296
3.2887209911423296
3.2887209911423296
3.2887209911423296
3.2887209911423296
3.2887209911423296
3.2887209911423296
3.2887209911423296
3.2887209911423296
3.2887209911423296
3.2887209911423296
3.2887209911423296
3.2887209911423296
3.2887209911423296
3.2887209911423296
3.2646609085471354
3.2887209911423296
3.2887209911423296
3.2887209911423296
3.2887209911423296
3.2887209911423296
3.2887209911423296
3.3479942418804689
3.2887209911423296
3.2887209911423296
3.2887209911423296
3.3981485309665866
3.2887209911423296
3.2443023771204329
3.3981485309665866
3.5614482638696021
3.5175930902565624
3.3796300820514205
3.3796300820514205
3.3697093501832591
3.3697093501832591
3.6523573547786934
3.6289177617358175
3.5175930902565624
3.5175930902565624
3.4705391729605113
3.5614482638696021
3.4750716078896633
3.5175930902565624
3.4705391729605113
3.1673793001973558
3.2646609085471354
3.3479942418804689
3.4705391729605113
3.4750716078896633
3.5175930902565624
3.4705391729605113
3.3859956814103516
3.5614482638696021
3.4313275752138019
3.2887209911423296
3.4705391729605113
3.3986628279203126
3.5175930902565624
3.3796300820514205
3.5979942418804689
3.5175930902565624
3.5175930902565624
3.2887209911423296
3.5175930902565624
3.4750716078896633
3.5979942418804689
3.4705391729605113
3.5146609085471354
3.4705391729605113
3.5175930902565624
3.3796300820514205
3.4705391729605113
3.5614482638696021
3.4705391729605113
3.4705391729605113
3.5614482638696021
3.4705391729605113
3.4705391729605113
3.6813275752138019
3.7058408386588941
3.2887209911423296
3.5175930902565624
3.5175930902565624
3.5175930902565624
3.5175930902565624
3.5175930902565624
3.5175930902565624
3.5175930902565624
3.2646609085471354
3.5175930902565624
3.5175930902565624
3.3796300820514205
3.3796300820514205
3.4705391729605113
3.5146609085471354
3.2887209911423296
3.3796300820514205
3.5175930902565624
3.2887209911423296
3.5175930902565624
3.2887209911423296
3.5175930902565624
3.5175930902565624
3.5175930902565624
3.5175930902565624
3.5175930902565624
3.5175930902565624
3.2887209911423296
3.3796300820514205
3.5175930902565624
3.5175930902565624
3.4705391729605113
3.3796300820514205
3.4705391729605113
3.5175930902565624
3.5175930902565624
3.5175930902565624
3.4705391729605113
3.4705391729605113
944
3.5175930902565624
3.611320754716981
3.7096774193548385
2.3142857142857145
3.5175930902565624
2.8742857142857141
3.6350710900473935
3.5175930902565624
3.7966101694915255
4.2727272727272725
4.2065217391304346
3.5175930902565624
4.3921568627450984
3.111842105263158
4.0327868852459012
2.875
4.3285714285714283
3.0357142857142856
3.8808664259927799
3.5499999999999998
3.1041666666666665
2.6703910614525141
3.3515625
3.6400000000000001
4.3235294117647056
4.0512820512820511
3.5175930902565624
3.5175930902565624
3.721518987341772
3.6470588235294117
3.7674418604651163
3.9166666666666665
3.3170731707317072
3.5175930902565624
4.0499999999999998
3
3.7999999999999998
3.6491228070175437
3.5175930902565624
3.5175930902565624
2.8857142857142857
3.5175930902565624
3.7267759562841531
3.7142857142857144
3.6490066225165565
3.6041666666666665
4.1111111111111107
3.6400000000000001
3.7878787878787881
2.6837209302325582
3.5416666666666665
3.5652173913043477
4.2678571428571432
3.8214285714285716
3.7321428571428572
3.2857142857142856
3.5175930902565624
3.5
4.0317460317460316
3.9345549738219896
4.0869565217391308
3.5175930902565624
3.3017241379310347
3.118279569892473
3.6000000000000001
3.9375
3.4736842105263159
3.7666666666666666
3.0294117647058822
3.8461538461538463
3.4656488549618323
3.7894736842105261
3.8175182481751824
3.7272727272727271
3.641025641025641
3.278481012658228
3.5609756097560976
3.6111111111111112
3.3809523809523809
3.5175930902565624
3.7586206896551726
3.2931034482758621
3.0714285714285716
3.5428571428571427
3.8529411764705883
3.5499999999999998
3.5217391304347827
3.7914691943127963
3.5175930902565624
4.0394736842105265
3.5175930902565624
3.5175930902565624
3.2695417789757411
3.3500000000000001
4.3048780487804876
3.4172661870503598
4.2678571428571432
4.1587301587301591
3.5925925925925926
3.5514705882352939
3.5175930902565624
2.8955223880597014
2.6480446927374302
3.6206896551724137
2.6666666666666665
3.3913043478260869
3.765625
3.5175930902565624
3.5757575757575757
3.4401709401709404
3.0451127819548871
3.5175930902565624
3.7222222222222223
3.7254901960784315
3.6041666666666665
3.9347826086956523
3.0381679389312977
3.9186046511627906
4.6619718309859151
4.0363636363636362
3.5175930902565624
3.5175930902565624
3.9836065573770494
3.8518518518518516
3.5175930902565624
3.7749999999999999
3.5333333333333332
4.1304347826086953
3.6630434782608696
2.6000000000000001
3.9858356940509916
4.1333333333333337
3.5175930902565624
3.5175930902565624
3.5175930902565624
3.3818181818181818
4.3428571428571425
4.3191489361702127
4.2745098039215685
4
3.4285714285714284
3.4299065420560746
3.6363636363636362
3.8999999999999999
3.674757281553398
3.3418530351437701
3.5175930902565624
4.2000000000000002
4
2.8888888888888888
3.84375
3.996742671009772
4.3529411764705879
2.9565217391304346
3.9607843137254903
2.6363636363636362
3.7297297297297298
3.784313725490196
3.8034682080924855
3.5483870967741935
3.9166666666666665
3.5175930902565624
3.5952380952380953
3.5175930902565624
3.5175930902565624
4
3.5499999999999998
3.5175930902565624
3.3333333333333335
3.5175930902565624
3.7727272727272729
3.5175930902565624
3.1851851851851851
4.2093023255813957
3.5833333333333335
3.736842105263158
3.6984126984126986
3.6173913043478261
3.6828358208955225
3.5175930902565624
3.9365079365079363
1.4919540229885058
3.8571428571428572
3.5175930902565624
3.5175930902565624
4.041666666666667
3.3880597014925371
4.0714285714285712
3.7678571428571428
3.5175930902565624
3.5175930902565624
3.5175930902565624
3.5142857142857142
3.1238095238095238
2.9639344262295082
3.2891566265060241
3.6153846153846154
3.5175930902565624
3.2762430939226519
2.9500000000000002
4.0821256038647347
3.0310880829015545
2.7999999999999998
3.4186046511627906
3.5175930902565624
2.8636363636363638
2.171875
3.2177777777777776
3.7878787878787881
3.1818181818181817
4.1282051282051286
3.189189189189189
3.9199999999999999
4.2301587301587302
3.5175930902565624
3.5175930902565624
3.8015267175572518
2.9605263157894739
3.6037735849056602
3.5175930902565624
3.7727272727272729
3.6164383561643834
3.0490956072351421
3.5175930902565624
2.9929078014184398
4.5185185185185182
3.7999999999999998
3.4482758620689653
3.5175930902565624
3.5175930902565624
3.8496240601503757
3.6666666666666665
3.9333333333333331
4.333333333333333
3.5175930902565624
3.5175930902565624
3.5175930902565624
4.145833333333333
3.2758620689655173
4.2138364779874218
3.75
3.4347826086956523
4.4500000000000002
3.6419753086419755
3.6512605042016806
3.2727272727272729
2.928205128205128
3.5175930902565624
3.5714285714285716
4.1055900621118013
3.7868852459016393
3.7922077922077921
3.5175930902565624
3.5175930902565624
3.050314465408805
2.5421686746987953
3.9903381642512077
4.0350877192982457
3.7391304347826089
3.8695652173913042
3.5175930902565624
3.5175930902565624
3.1687500000000002
3.5175930902565624
4.2166666666666668
3.5652173913043477
3.5175930902565624
3.9351351351351354
2.9420731707317072
3.5175930902565624
4.333333333333333
3.5827338129496402
4.333333333333333
3.5175930902565624
4.056338028169014
3.1157894736842104
3.4603174603174605
3.5
3.5175930902565624
3.2776203966005664
3.5175930902565624
3.1923076923076925
3.5
4.132075471698113
3.5531914893617023
3.5175930902565624
3.7658730158730158
4.112903225806452
3.8799999999999999
2.925925925925926
3.3533333333333335
3.685810810810811
4.225806451612903
3.0309278350515463
3.6741573033707864
4.2397959183673466
4.1768707482993195
3.4375
4.0314960629921259
3.5104166666666665
3.75
3.5272727272727273
2.4285714285714284
3.365702479338843
3.3846153846153846
3.4099099099099099
3.78125
3.7946428571428572
3.7581863979848866
3.5
3.8571428571428572
3.795918367346939
3.5175930902565624
3.5175930902565624
3.6775510204081634
4.0114942528735629
3.3599999999999999
3.5175930902565624
3.7068965517241379
3.6153846153846154
3.720779220779221
3.7360000000000002
4.1764705882352944
3.6179775280898876
4.3484848484848486
3.5175930902565624
3.3262032085561497
3.313380281690141
3.4416058394160585
3.5175930902565624
4.4965986394557822
3.6428571428571428
4.1590909090909092
3.5175930902565624
3.5175930902565624
3.5175930902565624
2.9615384615384617
3.9411764705882355
4
3.5175930902565624
4.1590909090909092
3.5175930902565624
3.4378109452736316
3.9873417721518987
3.625
3.646551724137931
3.2901554404145079
3.5728643216080402
3.896551724137931
3.1951219512195124
4.3200000000000003
4.1590909090909092
3.7380952380952381
3.5175930902565624
3.5175930902565624
4.0769230769230766
3.5175930902565624
4.1315789473684212
3.5175930902565624
3.925925925925926
3.9607843137254903
3.7768595041322315
3.3599999999999999
3.5175930902565624
3.4500000000000002
3.5175930902565624
4.3939393939393936
4.1551724137931032
3.5175930902565624
3.5175930902565624
3.6933333333333334
4.0980392156862742
4.3030303030303028
3.7339055793991416
3.3102189781021898
3.6785714285714284
3.7333333333333334
3.5175930902565624
3.3887323943661971
4.016759776536313
3.1975308641975309
3.5175930902565624
3.4716981132075473
3.5175930902565624
3.5175930902565624
3.2953736654804269
3.652173913043478
3.361842105263158
4.1730769230769234
3.7047970479704797
3.838709677419355
3.7685950413223139
3.5175930902565624
3.4392523364485981
3.8590604026845639
3.8947368421052633
3.4074074074074074
3.6881720430107525
3.7093023255813953
2.9373040752351098
3.5909090909090908
3.5175930902565624
3.8970588235294117
3.6800000000000002
3.25
1.8344640434192674
3.5321637426900585
3.4629629629629628
3.5175930902565624
3.5911330049261085
3.0357142857142856
3.5175930902565624
3.9411764705882355
3.6600000000000001
3.8799999999999999
4.166666666666667
3.193548387096774
3.2465753424657535
3.5175930902565624
4.21875
3.5175930902565624
3.5175930902565624
3.463917525773196
3.5175930902565624
3.3636363636363638
2.9271523178807946
3.8316831683168315
4.5483870967741939
4.041666666666667
3.393719806763285
3.5538461538461537
3.3809523809523809
3.5175930902565624
3.5121951219512195
3.7045454545454546
3.3183023872679045
3.7517241379310344
3.581749049429658
4.0606060606060606
3.7096774193548385
3.5175930902565624
3.5175930902565624
3.1258741258741258
3.375
3.5175930902565624
3.5175930902565624
2.75
3.5971223021582732
3.5175930902565624
3.7466666666666666
3.8662900188323919
2.7346938775510203
3.412621359223301
3.3071895424836599
2.978723404255319
3.5135135135135136
3.4562211981566819
4.025270758122744
3.7218934911242605
3.3813559322033897
3.4117647058823528
3
4
3.2771084337349397
4.0377358490566042
3.4375
3.5175930902565624
3.6818181818181817
3.9930069930069929
4.5348837209302326
3.5789473684210527
3.5175930902565624
4.0769230769230766
3.9142857142857141
4.0825688073394497
3.5175930902565624
3.3734939759036147
4.4571428571428573
3.5175930902565624
3.4179104477611939
3.5175930902565624
3.9821428571428572
3.4230769230769229
3.0714285714285716
3.8205128205128207
3.5175930902565624
3.2222222222222223
3.6450216450216448
3.5175930902565624
3.5175930902565624
2.7894736842105261
3.5175930902565624
3.5272727272727273
3.7555555555555555
3.8723404255319149
3.9530516431924885
3.0310077519379846
3.1792114695340503
3.2885906040268456
3.8877551020408165
3.3454545454545452
3.7671232876712328
3.1081081081081079
4.0516129032258066
3.6184738955823295
2.8461538461538463
3.6806722689075628
3.5175930902565624
3.8275862068965516
2.5151515151515151
2.7666666666666666
3.5175930902565624
4.333333333333333
4.3636363636363633
3.8385416666666665
3
3.5175930902565624
3
3.6438356164383561
4.1224489795918364
3.4347826086956523
3.1400000000000001
4.333333333333333
4.3600000000000003
3.4934640522875817
3.2962962962962963
3.2352941176470589
3.832116788321168
3.7169811320754715
3.6046511627906979
3.9729729729729728
3.2333333333333334
3.75
3.3815261044176705
4.0750000000000002
3.9357798165137616
3.871165644171779
2.8653061224489798
3.617283950617284
3.9821428571428572
3.7142857142857144
3.6240601503759398
3.4888888888888889
3.5384615384615383
2.806451612903226
3.5061728395061729
3.8983050847457625
3.5175930902565624
3.5175930902565624
3.7200000000000002
3.6749999999999998
3.5175930902565624
3.0952380952380953
4.1699999999999999
3.5701754385964914
4.0192307692307692
4.2045454545454541
3.7547169811320753
4.2000000000000002
3.5175930902565624
3.3960396039603959
3.0338983050847457
3.5416666666666665
3.7666666666666666
3.4117647058823528
3.5175930902565624
3.4429530201342282
3.9548387096774196
3.3703703703703702
3.4857142857142858
2.6818181818181817
3.4500000000000002
3.25
3.7450980392156863
3.5175930902565624
3.1538461538461537
3.5277777777777777
3.8054054054054056
2.75
3.4729729729729728
3.5531914893617023
4.0357142857142856
3.274193548387097
4.4444444444444446
3.5416666666666665
3.5175930902565624
3.3253012048192772
3.5175930902565624
3.5175930902565624
3.441860465116279
3.5
3.5175930902565624
3.8138888888888891
3.608974358974359
3.48
3.1979166666666665
3.6000000000000001
3.6341463414634148
3.6800000000000002
3.8936170212765959
3.5842696629213484
3.0810810810810811
3.7931034482758621
3.5175930902565624
3.2962962962962963
3.7555555555555555
3.9661016949152543
3.8378378378378377
3.6748466257668713
2.3928571428571428
3.7333333333333334
3.5175930902565624
3.3703703703703702
3.5175930902565624
3.1282051282051282
3.8640776699029127
3.5175930902565624
2.6203703703703702
3.5175930902565624
3.50561797752809
3.5175930902565624
3.5449101796407185
3.3903508771929824
3.5175930902565624
3.5619834710743801
3.5175930902565624
2.34375
3.2928176795580111
4.7037037037037033
4.0826446280991737
3.324074074074074
3.1000000000000001
3.6610169491525424
3.3103448275862069
3.3511450381679388
3.2647058823529411
3.5175930902565624
2.4903846153846154
3.5373134328358211
3.5175930902565624
4.2314814814814818
4.125
3.617363344051447
3.5175930902565624
4
3.5175930902565624
2.9473684210526314
3.8275862068965516
3.2592592592592591
3.5175930902565624
3.5175930902565624
3.2857142857142856
3.1363636363636362
2.662962962962963
3.6849315068493151
2.9201331114808653
3.5175930902565624
3.2413793103448274
3.732394366197183
3.5175930902565624
3.5175930902565624
3.9491525423728815
3.8695652173913042
3.5175930902565624
3.7469879518072289
3.4788732394366195
3.6653061224489796
3.5175930902565624
3.5945945945945947
3.5175930902565624
3.847826086956522
3.5806451612903225
3.2413793103448274
3.8857142857142857
3.6585365853658538
3.5175930902565624
3.5175930902565624
4.625
3.4285714285714284
3.661290322580645
4
3.2272727272727271
3.1378446115288221
3.5175930902565624
3.4883720930232558
2.0499999999999998
4.563380281690141
3.4761904761904763
4.833333333333333
3.8333333333333335
3.1478260869565218
4.21875
3.2749999999999999
3.1363636363636362
4.1528662420382165
3.2894736842105261
3.9310344827586206
3.7142857142857144
2.8425196850393699
3.1366906474820144
3.6666666666666665
3.5175930902565624
2.4516129032258065
3.5319148936170213
3.5175930902565624
3.7105263157894739
3.3103448275862069
3.4806866952789699
3.2272727272727271
3.5724637681159419
3.6976744186046511
3.8611111111111112
3.7654320987654319
2.9666666666666668
3.5175930902565624
3.3832335329341316
3.8884758364312266
3.7096774193548385
3.6923076923076925
3.1044776119402986
3.5175930902565624
3.5357142857142856
3.5175930902565624
3.2727272727272729
2.164705882352941
3.7999999999999998
3.5175930902565624
3.0372670807453415
3.5769230769230771
3.5175930902565624
3.236842105263158
3.3855421686746987
3.7000000000000002
3.02803738317757
3.5175930902565624
3.3207547169811322
3
3.9696969696969697
3.4642857142857144
3.6000000000000001
3.3999999999999999
3.5175930902565624
3.4615384615384617
3.6857142857142855
3.8518518518518516
3.1000000000000001
3.6417910447761193
4.0546075085324231
3.7222222222222223
3.622950819672131
3.0909090909090908
3.7592592592592591
3.5175930902565624
3.5175930902565624
3.3823529411764706
3.1052631578947367
3.1926605504587156
3.3674698795180724
3.8764044943820224
4.0625
3.2439024390243905
2.8484848484848486
3.0476190476190474
3.7829457364341086
3.6880733944954129
4.0869565217391308
3.5175930902565624
3.5175930902565624
3.265625
3.0689655172413794
4.296875
3.7142857142857144
4
3.2795031055900621
2.0580357142857144
3.5175930902565624
3.5175930902565624
4.0555555555555554
3.5175930902565624
3.9189189189189189
3.5175930902565624
3.7857142857142856
3.5175930902565624
3.8666666666666667
3.5175930902565624
3.7037037037037037
3.8717948717948718
3.1403508771929824
3.3413654618473894
3.6666666666666665
3.017391304347826
3.7999999999999998
3.1276595744680851
3.5090909090909093
3.5175930902565624
3.1320754716981134
3.5175930902565624
2.6538461538461537
3.3263598326359833
4
3.75
3.5175930902565624
3.4933333333333332
3.0909090909090908
3.6656626506024095
3.3479853479853481
3.6428571428571428
3.5175930902565624
4.1304347826086953
3.5175930902565624
4.2000000000000002
4.1428571428571432
3.5
2.7931034482758621
2.9714285714285715
3.7431693989071038
3.5175930902565624
3.3611111111111112
3.5175930902565624
4.0714285714285712
3
4.338709677419355
3.5175930902565624
4.0054054054054058
2.6000000000000001
3.6267605633802815
3.8260869565217392
3.3333333333333335
3.5175930902565624
3.5121951219512195
3.5175930902565624
3.5175930902565624
2.96
3.0561797752808988
3.5175930902565624
3.5175930902565624
3.8599999999999999
3.0434782608695654
4.1195652173913047
3.192982456140351
3.5175930902565624
3.903225806451613
3.5175930902565624
2.7352941176470589
3.5061728395061729
3.129032258064516
3.7407407407407409
3.0342465753424657
4.2866666666666671
4.8695652173913047
4.5294117647058822
3.4161849710982657
3.5175930902565624
2.975609756097561
3.2119815668202767
3.347826086956522
3.5175930902565624
3.2727272727272729
3.4285714285714284
3.8461538461538463
3.3076923076923075
4
4.3636363636363633
3.5175930902565624
3.817241379310345
2.2878787878787881
3.5175930902565624
4.2631578947368425
2.9519230769230771
2.8723404255319149
3.4079999999999999
3.4956521739130433
3.380281690140845
3.5175930902565624
3.8235294117647061
4.191011235955056
4.1904761904761907
3.8271604938271606
3.2686567164179103
3.6896551724137931
3.3720238095238093
3.3204633204633205
4.0510948905109485
3.5175930902565624
3.7209302325581395
3.3137254901960786
3.3624999999999998
3.9239766081871346
4.2999999999999998
3.4355828220858897
3.8571428571428572
3.7599999999999998
4
3.4237288135593222
3.6443514644351462
3.75
2.9806629834254146
3.9621621621621621
3.5
3.5259259259259261
2.5555555555555554
3.8548387096774195
3.4489795918367347
3.5175930902565624
3.7446808510638299
3.2749999999999999
3.8048780487804876
4.5714285714285712
3.5540540540540539
3.5175930902565624
3.1666666666666665
3.5175930902565624
3.8113207547169812
3.5190839694656488
3.0869565217391304
3.5175930902565624
3.3659305993690851
3.5428571428571427
3.5175930902565624
3.4700460829493087
3.2307692307692308
3.2727272727272729
3.5175930902565624
4.1486486486486482
3.7763157894736841
3.125
3.2999999999999998
3.6916666666666669
4.6875
3.693877551020408
2.9682539682539684
3.5175930902565624
3.5175930902565624
2.6467391304347827
3.5175930902565624
3.9230769230769229
3.7464788732394365
3.375
3.5175930902565624
4.2653061224489797
3.4705882352941178
4.0454545454545459
3.5175930902565624
3.4107142857142856
944
0
265
168
5
172
5
165
5
156
4
196
5
166
5
187
4
14
5
250
4
127
5
117
3
181
5
109
5
1
5
246
5
248
4
257
4
50
5
253
5
249
4
262
3
224
5
93
5
124
5
19
5
137
5
123
4
146
4
7
4
235
5
15
5
260
1
264
2
24
3
245
2
126
2
237
2
25
4
13
5
121
4
251
4
236
4
240
3
118
3
130
3
47
4
65
4
190
5
31
3
114
5
39
4
28
4
52
4
238
4
183
5
69
3
199
4
11
2
161
4
95
4
60
5
179
3
83
3
64
5
98
4
22
4
135
4
202
5
163
4
26
3
89
5
8
1
214
4
182
4
48
5
160
4
175
5
99
3
192
4
128
4
180
3
185
4
143
1
68
4
55
5
204
5
56
4
96
5
81
5
151
4
79
4
70
3
212
4
23
4
84
4
184
4
197
5
191
5
94
2
134
4
145
2
207
5
186
4
97
3
188
3
159
3
85
3
36
2
144
4
17
3
174
5
252
2
105
2
148
2
108
5
147
3
243
1
220
3
106
4
122
3
104
1
107
4
247
1
120
1
45
5
268
5
267
4
259
1
261
1
263
1
10
3
150
5
234
4
92
3
71
3
42
5
176
5
91
5
193
4
217
3
177
5
216
5
194
4
73
3
59
5
133
4
41
2
195
5
218
3
170
5
213
2
157
4
223
5
227
4
27
2
80
4
231
1
67
3
200
3
119
5
4
3
215
3
164
3
2
3
206
4
77
4
53
3
136
3
40
3
46
4
153
3
269
5
254
1
115
5
173
5
211
3
229
4
155
2
203
4
62
3
90
4
219
1
167
2
61
4
230
4
162
4
35
1
265
4
112
1
57
5
49
3
30
3
233
2
131
1
82
5
152
5
141
3
72
4
33
4
158
3
198
5
113
5
225
2
21
1
149
2
88
4
103
1
239
4
110
1
101
2
34
2
43
4
29
1
132
4
210
4
205
3
125
3
12
5
201
3
208
5
116
3
58
4
3
4
138
1
37
2
66
4
38
3
140
1
241
4
76
4
78
1
226
3
232
3
63
2
139
3
75
4
142
2
51
4
54
3
228
5
44
5
86
5
100
5
154
5
9
5
169
5
178
5
87
5
16
5
222
4
258
5
266
1
255
2
272
3
271
2
20
4
129
5
221
5
6
5
244
2
18
4
270
5
209
4
32
5
189
3
62
286
4
258
3
305
3
307
3
288
3
312
3
301
4
292
4
303
4
315
1
299
4
306
4
269
4
297
4
19
3
1
4
296
3
293
4
275
5
257
4
295
4
277
4
287
3
255
4
290
3
280
3
298
3
274
3
276
4
291
3
273
4
278
3
294
1
25
4
279
4
111
4
14
4
10
2
13
4
282
4
284
4
237
4
251
5
50
5
313
5
242
5
283
5
311
5
100
5
127
5
285
5
302
5
310
4
272
5
300
4
304
4
289
3
316
5
308
3
309
1
314
1
281
3
35
300
2
302
2
333
2
344
4
268
3
337
1
303
3
345
3
354
3
288
2
258
2
319
2
341
1
272
2
352
2
350
3
343
3
334
3
353
1
339
3
342
4
336
1
299
3
294
2
332
1
307
3
271
3
326
2
245
1
324
2
355
3
335
1
323
2
349
3
322
3
0
175
267
4
222
4
455
4
121
4
363
3
405
3
257
5
250
3
25
3
21
3
100
5
109
5
369
1
235
4
412
3
407
3
411
1
105
3
368
1
225
2
151
3
1
4
181
5
50
4
424
1
413
3
406
1
79
3
397
2
373
3
231
2
229
2
399
3
176
3
226
3
450
1
183
4
89
5
435
4
2
3
230
3
228
5
227
4
449
2
431
3
210
3
172
5
174
5
144
3
403
3
391
4
398
2
385
4
17
4
372
3
386
2
393
2
396
5
167
2
367
3
90
3
401
5
390
5
42
5
153
5
186
5
456
1
384
3
70
4
110
1
80
2
381
1
364
1
209
5
451
1
382
5
428
5
383
3
211
4
430
5
433
5
239
4
173
4
208
4
204
4
154
3
168
3
414
3
422
4
423
4
432
4
143
3
419
3
417
3
415
1
374
3
29
4
434
5
365
1
366
3
380
3
392
2
387
3
429
3
425
2
214
3
135
4
62
4
375
3
98
3
234
2
185
3
448
2
436
5
200
2
445
3
219
3
443
4
447
3
444
2
370
1
379
3
441
1
145
1
446
4
402
1
241
1
371
1
216
1
421
1
66
1
427
3
378
1
95
4
420
3
102
3
416
1
418
3
99
3
404
2
139
3
389
1
454
1
69
1
162
1
233
4
243
1
259
1
452
1
439
1
440
1
437
1
438
1
408
5
169
5
189
5
426
3
101
5
377
1
63
1
400
1
94
3
409
2
194
4
163
5
394
2
376
2
40
4
410
1
24
4
453
1
388
2
457
1
442
1
395
2
211
286
2
242
4
269
4
302
4
306
4
258
2
340
2
303
3
304
4
321
3
310
2
259
1
268
3
309
2
538
2
261
3
182
4
248
3
408
4
275
4
7
2
297
3
276
2
127
5
100
5
9
4
459
2
124
5
14
5
515
4
15
3
293
3
137
5
534
4
536
4
13
2
221
4
117
2
285
3
475
5
257
2
1
4
111
2
477
1
246
3
508
3
151
3
471
2
298
3
284
2
125
3
410
4
533
4
458
1
237
2
294
2
472
1
460
2
535
2
532
3
405
1
473
2
21
3
476
1
301
2
308
3
64
4
524
3
514
5
8
4
98
5
427
4
135
5
165
5
79
3
223
4
531
4
487
5
510
4
178
4
177
4
136
5
50
4
89
4
527
4
205
3
513
4
481
5
187
4
192
4
462
5
169
4
47
3
318
4
520
4
174
4
484
5
489
5
143
2
498
4
479
5
12
4
71
4
191
4
497
4
492
5
480
4
469
5
211
5
504
3
512
4
496
4
525
5
199
4
197
5
482
4
530
4
69
3
500
4
56
4
521
4
204
3
474
5
537
4
507
4
180
4
32
4
183
4
23
4
189
3
194
4
519
5
464
2
490
5
495
4
511
5
461
4
185
5
175
4
488
5
166
4
70
3
486
4
133
4
529
4
483
5
522
5
216
5
523
5
193
3
435
4
463
4
209
4
432
4
238
5
59
5
494
4
493
5
131
5
22
3
95
2
503
3
528
4
506
4
87
4
491
4
317
3
468
3
517
4
156
3
134
5
499
4
195
4
81
4
467
4
419
4
357
4
466
4
208
4
200
3
505
4
132
5
188
3
213
4
173
5
423
3
274
4
170
4
526
3
509
4
485
5
516
4
502
4
470
3
367
2
202
3
154
3
501
5
186
4
478
4
203
3
168
4
425
3
19
4
86
3
28
2
153
4
518
3
539
2
465
1
272
4
0
59
258
5
294
3
301
4
259
1
336
3
260
3
688
1
243
2
358
2
457
1
687
1
341
2
338
4
689
4
172
5
127
5
651
5
187
4
50
5
385
1
89
4
22
5
182
5
190
4
511
5
56
5
174
5
96
3
181
4
568
4
183
5
176
5
435
5
177
4
11
3
510
4
403
4
79
4
144
5
228
5
55
5
7
3
210
4
195
5
273
3
550
3
686
3
188
5
229
5
684
4
82
5
222
5
431
2
518
4
685
4
233
4
241
4
227
4
566
3
22
340
4
242
4
521
4
479
4
507
4
402
4
527
3
615
4
690
1
276
4
294
4
7
4
298
5
691
5
286
5
6
5
371
5
201
5
50
5
385
5
487
5
483
5
184
269
4
302
4
286
4
289
4
319
3
334
4
245
4
333
4
527
4
654
5
430
3
64
4
56
5
663
3
513
4
194
4
493
4
127
5
174
4
32
4
611
5
702
3
186
4
558
4
629
4
59
4
518
4
153
4
385
4
418
4
603
5
474
4
693
4
707
5
486
4
505
4
656
5
156
4
588
4
531
5
404
4
664
4
23
5
12
5
686
4
371
4
82
4
124
5
223
5
475
4
50
5
488
5
191
5
273
4
709
4
610
4
175
3
706
4
275
4
697
3
221
4
178
5
11
4
22
5
651
4
711
4
168
4
205
5
701
4
606
5
182
5
185
5
16
4
234
4
1
4
698
4
511
4
480
5
461
3
160
4
116
4
197
5
135
5
157
5
478
5
179
5
509
4
496
5
9
4
198
3
602
5
48
4
4
4
99
5
176
4
195
4
652
3
211
5
134
5
69
4
285
5
463
4
155
4
357
5
137
4
218
4
200
5
435
5
497
4
98
4
692
4
502
4
482
4
498
5
164
4
483
5
216
4
274
4
170
4
180
5
100
5
447
4
462
3
470
4
70
4
655
5
133
5
467
4
276
4
484
5
589
5
129
4
192
4
414
4
479
5
203
4
704
3
705
4
519
5
695
3
13
3
199
4
161
4
504
5
657
4
703
5
521
4
144
4
60
3
604
4
495
4
710
4
432
4
617
5
93
4
510
5
7
4
489
4
162
4
530
4
230
4
525
5
283
4
615
4
696
4
582
4
238
4
700
4
367
4
694
5
420
4
712
4
529
3
708
4
85
4
40
4
183
5
132
5
33
4
699
4
499
4
321
4
294
3
340
4
0
51
300
4
328
4
754
4
381
4
69
5
28
5
174
5
392
4
416
3
50
4
98
5
172
4
684
5
157
5
480
4
591
5
159
4
170
4
708
3
132
5
228
4
276
4
127
4
168
4
202
4
196
5
161
5
215
4
96
4
203
3
82
4
200
1
143
5
71
4
471
5
15
5
133
4
195
4
753
5
282
5
191
5
735
5
97
5
204
5
402
5
318
5
242
5
216
5
4
5
88
5
238
5
608
294
2
286
3
310
4
340
2
307
2
308
3
311
3
268
4
333
3
305
4
302
5
328
3
690
3
303
4
270
4
271
1
874
5
306
3
881
2
262
4
98
4
56
5
185
3
12
5
504
5
514
5
617
3
474
4
475
3
198
3
480
3
168
4
216
3
191
3
205
2
242
2
515
2
589
3
433
4
638
3
197
4
530
5
654
5
494
4
165
3
195
3
857
3
615
4
86
1
238
3
613
4
357
3
661
5
127
5
331
3
332
3
876
2
327
3
749
3
358
3
873
1
875
1
886
5
263
5
879
2
299
3
689
2
300
1
319
4
258
4
872
3
182
5
430
5
135
5
766
4
318
3
792
5
89
4
510
5
175
4
837
4
836
2
517
5
79
3
656
5
861
3
483
5
170
5
445
4
137
5
484
5
639
3
279
5
178
4
657
4
174
4
811
5
45
3
48
5
173
2
709
4
511
5
813
1
498
4
868
5
153
4
223
5
835
3
847
4
23
5
193
5
799
4
285
5
604
5
851
5
58
4
848
5
199
5
50
5
8
4
211
4
132
4
64
5
646
4
265
4
481
3
772
1
651
5
160
4
507
1
601
4
276
5
96
4
95
5
531
3
606
4
855
4
188
4
100
5
224
4
491
4
497
5
187
5
143
1
9
3
493
5
529
4
179
2
647
5
234
5
663
5
527
5
518
4
237
5
222
3
32
4
612
4
463
5
850
4
204
5
181
5
482
5
519
5
740
1
172
5
421
2
505
3
789
5
228
4
59
4
650
2
522
5
508
3
806
5
210
3
471
1
176
3
116
5
462
5
1
3
22
4
863
4
61
4
317
5
196
4
200
3
492
5
568
3
157
3
215
5
150
5
428
5
467
5
443
4
111
5
208
5
747
4
631
3
485
1
382
1
525
5
610
2
735
3
509
5
673
3
70
3
506
5
301
1
339
3
754
4
338
1
321
2
289
2
877
2
678
3
748
4
326
3
322
3
884
2
883
3
264
4
323
3
336
2
260
1
887
5
292
5
360
4
243
3
880
3
526
3
110
3
180
5
109
4
4
5
523
4
209
3
154
5
659
3
762
5
435
5
42
4
716
4
821
3
152
5
865
5
455
3
202
5
502
5
652
5
805
4
414
5
194
5
763
1
367
3
287
1
66
3
88
4
73
3
516
5
845
3
787
3
163
3
629
1
13
5
732
5
393
3
167
4
692
4
25
1
791
5
67
1
72
4
396
3
869
3
239
4
384
2
290
4
866
3
585
4
818
3
401
1
790
2
235
2
793
5
451
1
90
3
409
3
712
4
864
4
785
3
871
2
411
2
819
1
476
2
764
2
804
2
846
2
410
1
780
1
94
3
158
1
7
2
164
3
288
1
671
3
436
2
447
2
201
1
852
1
773
1
706
1
5
1
448
1
218
1
564
1
559
1
637
2
774
1
788
1
854
1
672
1
760
1
561
1
817
1
17
1
567
1
219
1
217
1
674
3
573
3
670
3
675
5
53
1
569
2
816
1
860
1
665
2
839
1
379
1
441
1
413
1
444
4
635
1
370
1
320
1
844
1
853
1
547
1
406
1
37
1
558
1
145
2
184
1
767
1
452
3
563
1
446
1
859
1
440
1
565
1
769
3
667
1
439
1
669
1
800
1
453
2
858
1
437
1
668
1
424
1
438
1
590
2
834
1
784
1
551
1
758
1
777
1
190
4
144
4
11
1
686
5
431
1
92
3
177
5
183
4
403
2
684
5
870
3
147
3
273
3
385
3
241
3
128
1
636
2
566
5
121
5
230
3
82
2
570
5
830
1
118
4
770
4
33
5
39
3
809
4
685
5
231
3
229
4
2
3
597
3
679
4
233
4
227
5
541
1
226
4
825
1
161
5
546
3
24
1
550
4
68
3
405
2
838
1
823
5
29
2
808
2
27
3
554
2
849
1
62
5
720
4
281
3
578
3
833
2
38
3
798
2
363
3
761
4
576
3
810
5
841
1
117
3
802
2
391
3
572
2
779
3
803
3
586
3
472
5
827
3
797
5
831
3
449
4
829
3
826
5
540
3
398
2
771
3
450
3
759
2
71
4
99
4
432
4
625
2
624
5
420
4
596
3
501
5
768
4
91
2
473
4
548
3
820
4
418
2
588
4
423
5
419
3
427
5
87
5
28
5
812
2
416
3
776
2
477
4
757
3
417
2
621
4
755
3
404
5
21
3
862
3
842
2
843
5
832
4
225
2
828
1
138
1
78
1
377
1
795
2
97
4
549
4
274
3
212
5
371
3
51
3
553
2
49
4
662
5
781
3
733
5
736
4
722
3
280
4
794
4
155
2
394
2
867
5
737
4
893
3
313
4
751
5
892
3
895
1
346
4
750
5
312
1
901
1
890
1
343
1
687
1
894
1
682
1
457
1
539
1
261
1
878
1
688
1
345
4
272
4
898
1
538
1
315
5
314
1
907
1
478
4
603
4
614
4
602
4
822
3
124
5
166
5
632
3
14
4
429
5
705
5
69
4
746
3
60
4
347
5
782
3
342
4
400
4
840
3
655
5
888
2
353
4
814
5
520
4
524
4
824
3
630
2
905
2
350
2
885
1
908
1
351
1
778
3
40
2
756
2
786
3
856
5
801
3
83
2
275
3
739
4
402
4
815
4
765
2
783
3
796
3
775
4
807
1
387
3
619
3
329
2
348
2
341
2
897
1
882
3
334
1
683
1
752
1
344
2
316
5
900
5
355
3
354
2
61
242
4
151
5
275
4
919
4
475
3
288
4
124
5
762
3
473
5
7
5
121
3
222
4
111
3
100
5
116
5
25
2
285
5
9
4
18
3
93
3
14
3
596
3
477
4
408
5
15
4
276
4
175
5
168
4
428
4
523
4
186
4
524
5
56
5
514
4
42
4
238
5
173
4
792
5
204
5
716
5
663
5
70
1
430
5
709
5
211
4
655
5
210
5
382
5
127
2
813
2
845
3
922
4
19
5
628
5
240
5
455
4
920
4
13
4
820
3
283
4
319
1
104
286
2
302
4
310
4
754
5
303
3
937
4
333
1
292
5
690
4
306
5
269
5
331
3
300
4
328
3
301
4
307
1
938
3
289
3
748
3
322
3
749
1
678
1
323
1
879
3
308
5
243
1
889
3
258
3
127
2
283
4
7
1
20
3
251
2
459
5
275
4
50
5
297
3
9
4
1
1
285
4
14
4
18
1
181
5
935
3
222
3
255
5
925
2
249
1
508
2
744
4
591
2
257
4
278
1
676
4
248
1
237
3
936
5
455
1
111
4
137
4
15
4
13
1
405
2
742
2
148
3
125
5
471
4
291
3
815
1
845
2
280
3
274
4
929
1
121
3
25
3
473
1
620
4
924
3
282
3
472
3
864
4
696
2
220
4
685
4
458
5
866
4
409
3
546
2
411
2
252
2
823
2
927
4
118
1
930
2
476
4
928
1
926
1
235
1
244
2
933
1
225
3
932
1
931
1
934
4
140
302
5
286
2
288
3
300
5
294
4
321
3
948
3
89
2
96
5
1
5
939
4
55
5
31
5
318
5
98
5
410
5
504
5
12
5
282
5
11
5
482
5
642
5
66
4
155
3
692
4
134
4
945
4
603
5
127
5
943
3
178
5
602
5
498
5
109
4
191
5
947
4
174
5
237
5
199
5
56
5
942
4
76
5
182
5
156
4
284
1
684
5
70
4
509
2
58
4
39
5
234
5
735
3
583
4
64
5
357
5
480
5
654
5
195
5
479
5
629
4
941
1
476
3
100
5
194
5
228
5
183
5
99
5
467
5
230
5
469
3
87
4
135
4
22
5
606
4
71
5
144
5
168
4
423
5
940
2
92
4
151
5
693
4
496
5
160
4
427
5
15
5
33
2
705
5
8
5
209
5
9
5
216
5
200
5
531
5
204
5
273
5
448
5
502
4
657
5
812
2
655
5
447
5
7
5
164
5
240
4
172
5
202
5
418
5
946
5
471
3
69
5
770
3
197
5
27
2
51
4
161
5
4
5
367
3
661
4
564
1
180
5
546
4
125
3
591
4
732
5
233
5
208
5
443
5
944
1
28
5
79
5
761
2
143
5
385
5
227
5
510
4
158
4
95
5
404
5
152
4
28
286
3
269
4
245
2
294
4
243
1
323
1
7
4
100
4
475
4
125
1
9
3
1
4
744
3
137
4
237
2
13
3
150
5
221
2
276
4
111
3
919
4
117
3
126
4
628
1
151
4
222
3
508
3
471
2
277
286
5
319
4
269
5
242
5
185
3
188
3
517
2
603
3
136
5
275
5
427
5
357
4
487
4
663
4
56
5
659
4
528
4
69
3
165
4
98
5
216
4
28
3
647
4
520
4
951
3
480
4
166
4
973
3
708
3
382
3
408
5
113
5
178
3
70
4
127
5
478
5
631
5
26
4
86
4
474
4
223
5
958
5
604
5
199
3
513
4
479
4
613
5
489
4
194
3
753
4
189
5
221
5
524
4
530
4
179
4
134
5
83
5
498
4
483
4
509
4
504
5
514
5
212
5
12
5
237
3
519
4
488
3
462
3
89
3
135
3
23
4
100
5
527
4
197
4
654
4
387
4
190
4
515
5
968
3
430
4
50
4
443
3
191
4
392
3
180
4
169
5
65
5
285
5
714
4
523
4
91
3
187
5
14
5
168
3
175
4
496
5
202
3
170
5
629
3
152
3
972
3
529
5
48
4
418
3
9
5
153
4
283
5
172
3
19
3
735
4
482
5
952
2
58
4
198
3
174
4
182
4
954
3
705
3
22
5
863
3
126
5
52
5
510
4
955
4
609
4
425
3
461
4
42
3
133
5
224
5
45
5
950
3
6
5
367
4
699
5
1
5
8
5
61
4
276
5
99
5
209
4
610
4
614
4
516
5
435
4
81
3
88
3
57
4
215
3
660
5
692
3
393
3
960
4
131
4
125
3
208
4
709
5
736
4
414
4
492
4
210
5
15
4
778
2
236
3
792
5
234
3
969
3
463
4
416
5
287
4
317
5
549
4
142
4
588
4
213
5
729
3
82
3
71
4
195
3
845
3
47
3
196
3
451
3
177
3
95
4
434
3
428
3
162
4
154
4
193
5
497
4
211
5
805
4
633
5
116
5
602
3
526
4
639
4
702
3
204
3
512
5
79
4
707
3
582
5
959
3
143
4
381
4
494
3
13
5
97
4
241
3
956
5
432
4
486
3
949
3
25
3
970
3
649
3
612
4
181
3
111
3
962
4
94
3
716
5
856
5
732
3
186
4
66
3
607
3
200
3
739
3
151
3
378
3
284
3
961
3
157
3
971
4
775
3
794
3
419
3
953
3
967
3
627
3
386
2
411
3
704
3
965
4
404
4
60
4
737
3
724
4
214
4
762
3
403
3
32
2
4
3
630
3
781
3
957
3
402
3
747
3
964
3
72
3
966
2
476
3
423
5
485
5
318
5
921
5
132
5
238
5
963
5
137
5
493
5
64
5
923
5
59
4
20
319
4
887
4
313
2
258
4
288
3
268
2
294
3
310
4
325
4
655
3
202
4
8
5
201
3
4
4
435
5
153
4
692
3
382
3
211
4
210
3
48
288
1
678
4
323
4
243
4
181
4
50
3
15
4
1
3
742
4
597
3
121
3
274
4
118
4
763
1
405
3
151
3
866
1
820
2
148
5
934
4
931
1
69
1
633
4
498
3
186
3
143
3
210
4
174
4
588
4
176
2
194
3
172
3
95
3
357
1
496
5
568
4
423
2
22
5
208
2
11
2
144
2
98
3
378
3
252
4
82
4
87
5
94
2
204
3
179
324
4
292
3
326
5
319
2
258
4
872
2
300
3
748
1
286
3
299
1
325
4
262
4
288
3
995
2
327
3
873
2
876
2
688
1
680
1
289
3
260
2
264
3
321
3
877
2
323
2
678
2
687
2
875
4
328
3
322
3
874
2
988
1
259
2
245
1
261
1
878
2
989
3
243
2
990
2
991
2
263
1
984
1
330
4
948
1
457
1
301
4
994
2
50
3
15
4
127
5
408
5
9
5
1
5
103
1
473
3
240
4
993
4
844
4
100
5
547
2
7
5
370
1
424
1
834
1
413
2
406
1
760
1
758
1
767
1
295
3
985
2
244
4
992
2
980
2
273
4
222
2
129
4
298
5
591
3
118
1
696
2
741
3
123
4
981
2
974
3
121
1
977
2
979
2
281
2
983
2
619
2
291
3
931
2
106
2
925
2
975
3
982
1
930
1
148
1
986
1
717
1
976
1
978
1
928
3
820
3
294
3
358
3
628
3
987
3
596
3
742
3
595
3
242
3
98
5
234
5
671
5
854
5
445
3
56
5
320
3
201
5
185
5
853
5
558
5
447
5
164
5
706
2
17
4
200
5
637
4
817
3
218
4
670
3
217
3
860
2
448
4
452
4
800
1
635
4
672
3
441
3
668
1
669
1
559
1
443
4
145
1
561
1
5
2
839
1
184
4
219
5
773
3
453
2
564
3
656
5
440
1
396
2
439
1
569
3
379
3
53
4
665
3
567
2
436
4
438
1
437
1
858
1
859
2
444
3
674
2
675
5
590
1
774
2
565
3
816
1
551
3
563
2
573
2
769
1
128
258
5
294
1
683
1
688
1
1000
3
173
5
186
5
238
5
153
5
154
4
201
4
433
3
455
5
210
3
692
4
202
5
168
5
211
3
209
4
367
1
4
5
998
1
208
5
194
5
204
5
290
5
430
4
502
4
648
4
1001
1
792
4
435
5
216
4
175
4
17
4
109
4
732
4
871
3
21
4
407
3
862
1
163
1
523
5
999
4
393
4
85
5
167
3
451
4
926
1
376
3
377
1
988
1
731
3
399
4
110
1
996
1
1002
1
712
4
80
4
791
1
411
1
932
1
1003
1
94
3
386
3
105
1
780
1
997
1
456
1
384
3
358
5
687
1
948
1
878
1
96
5
172
4
187
5
144
5
89
5
510
5
79
4
176
5
181
5
50
5
174
5
403
5
195
4
651
4
568
4
228
4
117
4
515
5
184
5
127
5
385
4
121
3
222
4
229
2
2
2
161
4
62
4
68
4
128
5
511
4
118
4
231
2
684
3
241
3
230
4
431
4
24
5
526
4
554
1
265
3
233
3
227
4
405
1
636
3
53
3
546
3
226
4
665
1
449
1
566
3
550
5
840
4
29
1
250
5
150
323
2
713
4
181
4
250
4
7
4
50
4
14
4
124
5
919
5
109
3
19
4
116
5
13
4
408
5
100
5
283
4
1
5
405
4
224
5
546
3
151
3
235
1
472
2
597
3
202
3
961
5
518
5
357
3
433
5
56
4
170
4
522
4
603
4
275
5
8
4
705
4
238
5
175
5
414
3
59
4
96
4
154
3
228
4
89
5
504
4
55
4
234
2
174
4
213
3
214
3
183
3
479
5
132
4
185
4
1006
3
32
3
230
4
171
5
463
4
209
5
512
5
642
3
176
3
172
4
710
4
83
4
527
4
652
4
144
3
79
4
102
3
367
4
189
5
98
5
194
4
418
4
143
3
99
4
629
4
134
4
387
3
204
3
133
4
95
4
145
3
153
4
385
4
423
3
211
4
70
2
203
4
511
5
421
5
28
3
62
3
747
3
196
2
162
3
528
4
195
4
73
3
161
2
155
3
449
2
215
2
526
3
217
2
229
3
419
3
216
4
451
2
856
4
516
4
655
3
381
4
90
2
88
3
82
3
173
5
1005
3
227
3
380
5
404
4
739
2
662
3
219
1
549
3
1004
3
780
1
679
3
386
4
427
5
530
4
71
3
258
5
222
4
541
4
294
1
156
3
191
3
188
3
269
5
177
4
588
4
131
4
483
4
432
4
91
4
694
4
315
3
68
258
4
300
4
289
3
288
3
358
3
294
3
129
3
919
3
475
4
117
4
249
4
25
4
727
3
223
5
64
5
1007
5
79
4
180
5
109
3
151
5
763
5
324
5
486
3
276
5
427
5
8
5
237
4
191
5
69
5
699
3
11
5
357
5
97
4
56
4
367
2
92
5
238
5
132
3
55
5
402
4
153
4
582
4
98
5
662
5
200
5
318
5
173
5
729
5
275
5
518
4
372
4
477
5
41
5
176
5
100
5
178
5
7
4
12
5
421
5
216
4
9
5
58
3
286
5
508
4
71
5
127
5
742
4
655
5
78
269
4
480
4
474
4
195
4
183
4
604
4
134
4
135
3
969
3
197
3
427
4
498
4
612
4
520
3
50
5
8
4
82
4
929
4
114
5
968
4
419
4
655
4
527
4
86
4
478
5
501
3
169
5
633
4
208
4
13
4
133
3
432
2
189
5
177
3
143
3
568
4
463
4
23
4
742
4
479
5
186
4
615
5
837
4
131
4
692
4
729
4
141
4
657
4
357
4
238
4
79
4
222
4
125
5
495
4
176
4
228
4
404
3
430
4
408
5
173
4
127
3
121
4
477
4
7
4
258
5
151
4
275
4
116
4
181
5
257
4
25
5
174
5
455
4
239
4
265
4
98
5
1
5
204
5
0
0
79
294
3
332
2
258
5
286
3
271
4
322
2
196
4
31
4
234
4
11
4
173
3
609
3
174
5
176
5
143
4
423
2
12
4
28
4
95
3
480
5
117
4
185
5
50
4
603
3
568
4
195
4
96
5
529
4
282
4
100
5
588
3
56
5
429
5
164
4
79
4
646
4
89
4
434
4
479
4
209
4
153
3
70
4
228
5
222
5
227
4
229
2
230
4
380
4
450
1
449
2
98
5
7
5
447
3
670
4
5
3
448
4
218
3
436
5
201
3
217
3
184
4
443
4
200
2
219
5
672
3
444
3
441
2
665
3
567
4
859
3
573
4
145
3
800
4
895
4
288
5
760
3
223
5
678
2
323
3
34
302
4
286
5
268
5
303
4
294
4
306
4
245
3
270
4
332
4
326
2
269
4
300
3
264
3
874
4
539
2
358
2
259
4
879
3
748
2
678
3
343
3
689
2
312
4
189
4
98
4
661
5
657
4
1018
4
480
4
79
4
182
4
12
5
1019
4
180
4
43
259
4
255
4
82
4
181
4
164
4
780
4
319
4
1013
3
172
4
161
4
231
2
2
3
873
1
50
3
403
2
29
3
294
4
7
4
252
3
321
4
304
4
301
4
289
2
892
4
751
3
435
5
1007
5
286
5
531
5
242
5
258
5
174
5
313
5
135
5
69
5
257
4
28
4
315
4
539
3
688
3
538
4
683
3
678
2
36
302
4
303
3
321
4
268
3
328
2
262
5
340
3
319
4
299
4
306
3
1022
5
682
2
271
4
886
2
875
4
484
5
135
4
514
5
32
5
490
4
136
5
1020
3
175
5
811
4
519
4
192
4
79
2
1021
3
1019
5
705
5
504
5
493
5
124
4
153
4
498
4
611
4
41
268
5
313
4
294
3
288
4
307
2
271
3
259
2
245
2
246
4
50
4
257
4
117
3
1012
4
591
3
508
4
298
5
222
3
742
3
181
4
249
4
100
3
250
4
408
3
9
3
475
5
7
4
455
2
248
4
151
3
290
3
276
4
1023
3
118
3
240
2
111
3
405
4
866
3
1016
1
235
3
628
4
122
2
0
20
242
5
310
4
288
2
690
4
286
5
1024
5
991
4
312
4
332
5
292
5
259
2
329
5
324
5
294
1
990
5
898
5
299
5
245
4
289
1
899
5
25
258
2
266
3
876
2
748
4
300
5
321
3
259
4
322
3
678
3
333
4
327
3
326
3
243
2
261
3
328
3
358
1
879
4
877
2
680
4
264
2
881
2
242
2
1025
3
332
4
937
4
20
307
4
333
4
288
4
269
3
748
4
310
4
319
2
289
2
682
1
873
3
268
2
875
3
339
5
883
5
882
5
885
5
358
5
1026
5
878
5
261
5
57
288
4
948
4
685
3
222
3
273
3
7
4
121
2
825
2
546
3
405
4
833
4
597
5
827
3
831
2
118
2
117
4
24
4
363
3
841
3
930
3
472
2
147
3
56
5
79
4
22
5
174
5
96
4
210
4
11
4
50
5
195
5
161
5
68
5
550
4
385
4
403
5
55
3
176
4
27
4
82
1
230
4
568
3
566
4
578
3
226
5
665
3
231
2
233
4
540
2
62
5
183
4
127
4
265
4
89
4
92
4
172
4
1027
3
0
0
35
303
4
347
2
269
1
272
2
310
3
302
3
242
4
346
2
333
4
896
4
268
4
305
4
286
2
340
2
270
3
271
2
750
3
337
4
321
4
300
3
879
2
328
3
880
3
316
3
259
2
345
4
294
4
245
3
243
2
876
3
358
3
1038
1
754
4
343
1
258
3
0
183
294
4
276
1
125
4
118
4
471
4
405
4
742
4
284
3
1
5
15
4
924
3
282
4
281
3
926
3
546
3
274
5
273
3
222
4
1049
3
237
4
369
4
111
1
685
4
866
4
1028
4
413
1
290
3
456
3
925
4
103
3
1048
1
1051
4
1040
3
409
3
280
4
411
4
1047
4
934
4
826
3
756
5
977
2
595
1
98
4
64
5
491
3
174
5
96
5
176
3
419
5
50
5
172
5
95
5
173
5
568
4
181
5
194
5
136
4
69
4
523
5
215
5
203
4
185
4
82
4
603
4
12
4
97
3
132
5
658
2
606
3
228
4
1050
3
87
4
655
3
423
5
357
5
175
2
202
5
969
5
196
5
496
5
318
5
692
4
427
4
168
3
48
5
204
5
183
4
566
5
211
4
86
3
195
5
521
2
265
3
79
5
428
3
58
5
684
4
234
4
443
3
83
4
462
2
588
5
418
5
432
3
479
4
216
5
385
5
28
5
736
5
239
5
143
4
72
3
161
4
71
4
746
3
781
4
66
4
729
3
501
5
99
5
732
5
468
4
794
3
88
5
467
3
755
4
939
4
660
3
73
4
44
3
380
4
131
2
679
2
735
4
210
5
1043
2
403
3
77
5
229
4
506
3
404
5
387
3
371
4
1046
3
433
2
953
2
625
3
102
5
1045
2
63
4
582
3
999
4
451
2
54
4
402
5
141
3
1041
4
785
4
227
4
941
4
70
3
230
5
135
4
38
3
367
2
720
4
142
4
1044
4
627
2
559
2
2
5
469
4
219
1
1042
3
43
2
591
4
410
3
283
3
121
4
151
4
25
3
845
5
834
1
217
286
4
258
5
328
4
321
3
294
5
289
4
323
3
300
5
301
5
298
4
993
3
50
4
181
4
248
4
257
4
1023
3
254
3
252
4
250
2
847
5
285
4
408
5
235
3
7
4
123
1
15
5
275
4
225
2
1
5
237
4
628
3
151
4
926
2
546
4
137
4
25
5
9
4
100
4
591
5
95
4
56
5
174
4
318
5
8
4
216
5
169
5
553
4
969
5
168
4
173
5
196
4
731
4
202
5
98
5
189
5
64
5
191
5
498
5
735
4
175
2
127
4
79
4
186
3
11
5
479
4
724
4
5
4
432
3
482
4
69
4
4
4
516
5
28
4
133
4
102
4
66
4
879
4
271
3
336
4
312
4
272
5
315
4
539
3
892
3
751
2
117
4
421
3
792
1
276
4
26
5
114
5
705
4
491
4
131
3
86
4
12
5
70
4
140
4
153
5
172
4
238
2
531
4
203
4
52
4
946
4
143
4
371
4
648
5
97
5
471
3
317
2
568
4
778
5
385
5
418
4
47
1
283
2
144
4
284
5
241
4
274
5
161
4
210
5
215
5
423
4
966
4
732
4
82
4
1056
3
277
1
118
4
939
3
222
4
208
5
845
5
501
4
496
5
596
3
77
3
742
5
631
2
71
4
382
5
684
4
88
5
14
2
111
4
1035
4
588
4
211
4
280
3
1053
3
660
4
58
3
692
5
686
3
121
4
217
2
486
4
951
3
566
3
1055
2
291
3
231
4
699
4
550
3
755
3
73
4
204
4
405
4
625
4
747
4
815
4
597
3
956
1
944
2
91
3
1048
3
402
4
403
4
63
3
49
4
1047
3
729
4
866
4
393
4
17
3
950
3
580
3
226
3
40
3
559
1
581
3
54
3
781
3
367
4
155
4
542
3
785
3
51
1
290
4
278
3
473
3
120
4
409
3
756
3
411
3
3
2
1054
3
122
2
820
2
931
1
1057
2
313
5
302
4
269
5
347
3
151
258
4
328
4
245
4
678
3
260
4
307
4
9
5
100
5
118
3
7
5
50
5
181
4
1
4
591
4
15
4
147
4
151
4
25
2
109
3
717
3
405
3
123
4
24
3
249
4
257
4
250
5
237
3
252
2
21
2
756
3
148
4
121
4
120
4
240
4
106
2
153
4
191
4
135
5
202
4
209
5
132
4
89
5
480
4
318
5
507
3
1058
4
143
4
201
2
208
4
603
4
98
2
197
4
55
4
655
3
168
5
194
5
474
4
144
4
692
3
95
4
185
4
357
4
133
4
432
5
238
4
5
4
211
4
447
4
317
4
96
4
200
4
159
3
71
3
633
3
161
4
174
5
69
4
157
4
755
3
588
4
87
5
429
4
644
3
946
3
553
3
195
5
520
5
660
5
11
3
231
2
64
5
22
4
175
4
190
5
97
2
164
4
542
3
214
5
274
4
423
4
67
3
443
5
378
3
470
3
81
4
102
2
193
3
172
4
448
2
427
3
91
2
56
2
163
4
625
3
530
5
385
3
204
4
173
5
433
4
90
2
419
4
523
4
99
4
88
2
82
4
434
4
196
4
496
4
155
3
198
4
636
4
31
4
313
4
294
4
298
2
871
3
216
1
631
1
412
1
737
1
449
5
228
5
227
4
229
3
380
4
222
4
230
2
450
2
665
1
176
5
183
4
48
288
3
127
5
50
5
7
3
237
4
282
4
257
5
100
5
181
4
845
4
111
4
276
5
15
4
1060
3
109
5
13
5
1
5
742
4
763
2
121
4
762
4
151
2
25
4
596
3
225
4
597
3
284
4
21
3
952
4
473
3
472
3
1059
2
118
4
278
3
24
3
108
4
823
4
1001
3
993
4
756
2
764
4
926
3
826
3
411
3
476
3
934
2
820
4
1061
2
27
690
5
313
5
288
2
294
2
300
3
286
5
333
5
307
3
328
4
327
4
332
4
538
3
245
3
748
5
1062
5
1024
5
909
5
305
5
262
5
127
5
100
4
7
4
151
4
93
4
181
4
50
4
125
4
25
292
4
269
4
258
4
286
3
321
4
302
5
268
4
289
4
305
5
262
5
324
3
340
5
288
2
874
3
322
2
307
4
303
4
306
4
683
3
304
3
301
4
323
2
327
4
995
3
1022
3
66
269
1
309
3
286
3
323
3
690
4
306
4
294
3
289
1
259
4
308
5
680
3
243
3
988
2
266
3
603
4
483
5
183
5
428
4
427
4
28
2
480
4
357
5
527
4
1063
3
1064
4
656
4
519
3
523
5
136
4
174
5
50
4
479
4
56
3
524
3
215
4
193
2
423
4
202
4
433
3
172
5
496
5
654
5
228
3
1065
2
609
4
647
4
185
4
194
4
650
3
71
3
425
3
529
4
210
3
522
2
170
4
132
5
661
5
187
5
511
5
195
5
181
5
528
5
209
5
191
5
98
5
302
4
215
302
4
270
2
347
3
313
3
346
4
904
2
995
3
300
1
268
3
262
5
301
3
294
1
324
4
334
4
325
3
289
4
312
3
343
2
358
1
878
2
258
2
10
3
283
3
116
4
475
4
1009
3
919
5
547
5
1068
3
713
3
1082
3
256
4
557
3
1075
2
1073
5
179
5
652
5
213
3
462
2
531
3
171
4
57
4
70
2
702
3
52
2
1021
5
640
1
382
2
1080
4
1018
2
698
2
737
1
91
5
501
3
432
5
625
3
418
3
95
2
588
4
420
4
240
3
99
4
542
2
627
2
946
2
71
3
473
3
102
2
101
3
1078
1
820
1
1076
2
1066
2
7
4
56
5
185
5
100
4
98
4
320
5
200
3
559
2
53
4
219
1
217
3
406
2
413
1
561
2
145
1
569
3
396
4
774
2
590
1
758
1
173
3
172
1
50
1
419
4
8
3
174
1
143
3
151
5
423
2
477
2
82
1
181
1
404
3
465
3
401
2
657
5
789
4
55
4
1077
4
12
4
741
4
129
2
121
1
581
3
583
4
628
4
39
2
148
1
123
1
594
3
159
2
54
2
38
1
77
1
931
2
1003
2
17
2
1
2
299
2
218
2
928
2
1083
2
328
2
717
2
225
2
168
5
514
4
111
2
204
1
813
3
47
5
175
5
208
4
154
5
1070
3
433
5
238
4
42
4
25
2
428
5
455
1
202
3
13
3
508
3
1067
3
287
4
3
3
209
5
959
2
239
2
93
5
1069
3
721
2
85
3
695
3
108
2
49
2
235
2
732
3
692
1
372
4
1017
3
715
3
290
2
926
1
80
1
997
1
367
3
122
2
738
3
1071
3
1079
1
1074
2
998
2
1072
1
90
1
40
1
476
1
386
4
72
2
821
1
1081
3
1028
2
1036
2
369
1
577
1
725
2
182
3
147
1
518
4
11
3
117
1
96
1
4
2
68
1
161
1
385
1
231
3
2
1
546
1
403
3
62
2
24
268
4
319
5
288
4
324
5
327
3
475
5
9
4
547
4
246
3
1010
5
286
2
325
1
276
2
124
1
100
2
508
5
15
2
1084
5
125
2
253
5
823
3
1008
5
544
4
123
4
23
148
3
132
4
496
4
479
3
181
5
203
4
184
3
50
5
692
3
603
3
655
3
136
4
705
1
182
3
485
1
173
5
210
4
134
2
144
5
64
4
172
5
679
3
83
5
56
333
4
258
5
302
4
919
5
15
5
100
4
7
5
237
4
285
5
151
5
741
4
282
4
1009
5
116
4
275
4
287
5
93
4
475
4
815
4
111
4
121
4
19
5
1085
4
288
3
845
5
13
5
742
4
107
4
1086
4
471
4
25
5
1011
4
126
5
405
4
748
4
117
4
250
3
864
3
473
4
277
5
280
3
257
3
235
2
762
3
657
5
531
5
427
5
22
5
95
4
588
4
527
5
463
5
498
5
318
5
204
4
191
5
28
199
5
64
5
96
4
100
5
24
3
568
4
25
4
174
5
228
3
156
4
258
4
284
2
250
2
50
4
7
3
151
4
15
5
181
4
845
3
257
4
118
4
628
5
281
4
924
3
748
2
121
4
546
4
1087
4
56
302
4
333
5
258
4
327
5
748
5
288
4
328
4
338
3
245
4
325
3
260
4
181
5
276
5
1
4
100
5
741
5
50
5
127
4
250
4
742
5
273
4
597
2
405
4
237
4
676
5
7
4
117
5
685
3
147
5
411
5
25
4
240
4
1012
2
121
4
151
2
295
3
475
5
257
4
1088
3
829
2
24
1
471
4
148
3
546
3
252
3
595
3
827
3
118
4
930
1
106
3
820
3
823
2
406
2
871
5
255
3
268
5
21
1016
1
50
4
273
5
117
3
7
3
257
3
121
3
1089
1
685
1
405
1
597
2
118
5
678
3
254
2
181
4
56
4
22
5
174
4
144
5
89
5
79
5
0
106
288
4
243
3
294
4
678
3
321
4
748
4
264
2
271
3
245
4
323
3
988
4
682
3
7
4
50
5
844
2
471
4
284
3
237
4
250
3
282
5
248
5
125
3
475
2
15
4
472
1
845
4
298
3
126
3
109
4
1093
3
181
5
410
3
597
3
281
4
1059
3
1028
3
121
4
24
3
405
4
546
4
864
3
240
2
117
4
871
3
151
3
932
3
760
2
409
4
477
4
1047
4
411
4
111
4
249
5
833
4
756
3
1016
4
825
1
1011
3
831
1
252
2
926
3
866
3
473
3
1096
3
717
4
1094
2
975
3
476
3
826
2
105
3
225
3
820
3
1001
1
930
2
1095
2
456
3
204
4
194
4
8
4
28
4
1071
3
710
3
42
5
496
4
168
3
173
5
144
3
64
5
195
3
419
3
588
4
11
3
79
5
1073
3
318
5
257
5
304
5
744
5
100
5
222
5
763
5
295
5
258
5
1
5
56
3
199
5
126
269
4
313
5
268
5
9
4
50
4
408
5
109
4
237
4
116
5
813
5
257
5
137
5
181
3
124
5
1
5
13
3
127
4
284
4
20
1
100
5
151
3
150
4
25
4
246
5
283
1
475
5
1008
1
1012
4
111
4
222
4
7
5
204
4
182
4
663
2
652
5
1063
1
194
3
98
4
134
5
640
5
189
3
773
4
709
5
32
5
603
5
568
4
645
5
654
5
1006
2
655
5
462
4
12
5
490
4
185
2
1084
4
153
5
144
4
1098
4
42
4
176
4
169
4
1070
4
8
4
156
5
1100
2
425
5
511
5
960
4
730
5
11
5
209
5
210
4
923
5
955
4
318
3
474
4
1019
4
198
3
195
4
692
2
497
2
850
5
1103
5
135
4
223
5
558
5
433
5
651
4
203
5
238
5
480
3
193
3
275
5
483
5
89
3
501
2
172
5
463
3
61
5
228
5
684
4
174
4
584
5
45
5
64
5
200
3
214
2
514
5
732
3
216
3
173
5
56
5
1104
2
340
4
300
4
310
4
1097
5
272
5
123
4
175
5
69
1
171
5
213
5
1105
2
248
4
347
3
382
286
3
313
5
258
3
288
5
900
4
100
5
126
5
7
4
285
4
129
5
919
4
929
2
116
4
742
3
9
4
1
2
151
5
1009
4
276
5
111
4
508
5
1115
3
458
4
273
2
148
3
287
5
109
4
741
4
220
2
10
4
14
5
118
5
137
5
277
4
25
4
410
3
147
5
1048
4
591
4
1117
4
121
4
18
4
149
4
974
3
123
3
1047
2
237
3
13
5
846
4
477
3
1114
5
928
4
274
1
284
2
15
5
547
3
472
3
405
3
1093
5
845
5
713
5
240
2
24
4
931
2
473
3
597
2
975
4
235
1
125
3
825
4
756
2
595
3
760
2
926
1
762
4
764
4
823
5
290
3
476
2
3
4
871
2
866
3
1028
1
1120
1
717
2
106
4
369
2
620
4
12
5
203
4
205
3
201
4
22
4
79
5
505
4
611
3
427
5
64
5
483
5
210
4
654
4
603
5
177
4
318
5
98
5
357
5
187
5
133
3
588
2
58
4
523
4
198
5
466
4
215
5
170
4
127
5
516
4
474
5
515
4
45
5
56
5
423
5
193
4
485
2
855
4
48
5
484
4
510
4
608
4
172
5
238
5
659
3
527
5
435
5
615
4
55
5
174
5
684
3
429
4
367
4
61
4
657
4
180
4
168
5
514
5
633
3
143
1
746
5
655
5
195
5
169
4
963
5
70
3
95
2
135
5
1111
5
525
3
183
5
83
4
606
4
432
4
673
5
480
5
969
3
134
5
194
3
191
4
42
5
28
5
1108
3
521
5
181
5
182
5
507
4
604
3
498
5
663
4
59
5
234
5
425
4
526
4
209
5
511
5
89
5
60
5
519
4
1021
4
179
5
92
5
709
5
651
5
39
4
99
4
190
5
644
4
50
5
789
4
705
4
69
5
196
5
1109
3
496
4
513
4
173
5
529
4
584
4
736
5
86
3
418
2
188
4
1065
5
428
5
1050
2
658
4
4
4
419
2
216
4
87
4
185
5
430
5
32
4
68
2
568
5
724
5
65
4
729
4
33
3
1101
5
727
2
91
4
23
5
175
4
528
4
582
4
489
4
136
3
707
3
647
5
81
4
200
5
699
4
732
3
443
5
479
5
492
4
131
4
747
4
199
4
265
4
197
5
710
3
702
5
692
3
404
3
212
4
208
5
660
4
735
5
431
4
770
4
675
5
650
5
47
5
241
4
382
4
71
3
176
5
434
4
664
4
490
4
204
5
52
4
610
4
549
4
381
5
385
4
96
5
186
5
82
5
416
3
649
4
470
3
230
4
202
4
393
2
679
4
228
4
517
5
132
5
11
5
570
4
448
4
506
5
462
5
30
5
953
5
468
3
501
1
1113
4
609
2
161
3
503
4
715
5
54
4
583
5
229
3
97
5
504
5
488
3
102
2
618
4
380
3
433
5
421
5
227
3
581
5
672
5
622
4
1118
2
211
5
44
4
616
5
451
5
562
4
1119
4
436
5
184
4
447
5
51
5
371
4
959
4
972
4
662
3
569
4
612
3
1112
3
53
5
77
4
1107
4
642
5
755
4
73
4
625
3
602
2
402
4
226
4
792
4
1110
4
1005
5
465
2
90
2
951
3
218
5
1074
4
708
4
640
5
140
1
946
1
739
4
566
4
670
4
232
3
219
5
142
1
387
3
559
5
1116
3
774
2
567
4
392
2
550
5
141
4
564
2
101
5
781
4
403
5
491
4
524
3
321
4
687
1
243
1
323
4
207
751
2
286
5
327
4
525
5
132
4
144
4
30
5
601
4
493
5
64
4
524
4
513
5
208
5
474
5
180
4
608
5
176
4
638
5
136
4
195
4
528
4
641
5
204
4
430
5
435
4
96
4
28
5
59
5
1021
5
593
5
1121
3
97
3
69
4
615
5
134
4
210
4
7
5
480
4
357
4
445
5
617
4
514
4
511
4
507
4
491
4
479
5
172
4
199
5
8
3
484
5
519
4
47
4
178
5
183
5
494
4
9
5
654
4
194
4
205
4
98
4
234
4
478
3
12
4
89
5
613
4
174
4
1125
4
483
5
173
4
1122
5
492
5
160
4
179
4
498
5
186
4
128
3
50
5
166
4
209
5
423
4
427
5
79
4
197
4
1124
4
61
4
23
4
603
5
489
5
499
3
185
4
275
4
496
4
200
4
505
4
705
4
153
3
429
5
181
4
558
4
515
5
227
4
708
4
661
4
523
4
168
5
546
4
70
4
659
4
529
4
605
3
665
4
835
4
133
4
56
4
175
5
490
4
405
4
602
4
482
4
151
5
633
4
73
4
799
4
675
4
1060
4
1020
4
656
4
77
4
403
3
616
3
212
5
135
5
420
4
618
3
1126
4
510
5
671
4
417
4
842
4
629
3
810
4
606
4
650
4
485
4
660
4
161
4
517
4
138
2
404
3
207
3
433
4
418
3
508
4
366
4
434
5
502
4
222
4
143
3
506
5
230
4
131
4
745
5
237
4
229
4
501
3
228
4
141
3
82
3
211
4
218
4
699
4
13
4
163
4
215
4
378
4
592
4
265
5
419
3
495
3
416
4
755
4
121
4
582
4
88
4
673
4
735
5
60
5
162
4
393
4
385
4
95
4
216
4
411
3
443
4
21
3
1050
3
736
5
609
3
71
3
729
4
637
4
225
3
604
4
1123
4
152
4
684
4
15
4
0
232
302
3
288
2
258
5
306
4
328
3
270
2
875
4
271
1
475
4
273
4
1129
5
9
4
276
5
50
5
127
4
100
4
129
3
508
4
7
4
298
4
744
3
3
3
275
4
125
4
845
3
181
4
257
2
250
5
285
4
249
2
222
5
116
3
952
3
237
3
117
4
283
4
24
4
1012
3
676
3
13
4
15
2
151
5
111
3
20
4
455
3
286
3
1
2
1128
2
763
1
14
4
1009
4
147
3
121
4
1134
2
742
2
1060
1
235
4
118
2
290
3
1016
4
473
4
281
3
405
3
546
4
472
2
685
2
924
1
866
2
294
1
1028
1
245
2
597
2
252
3
225
3
1132
2
827
2
21
3
931
1
98
4
114
4
238
5
509
4
511
4
12
4
474
4
191
5
188
3
64
4
318
5
171
4
527
4
423
3
55
5
199
4
168
5
56
5
462
2
204
3
176
5
483
4
134
4
172
5
97
2
8
5
22
4
59
4
498
4
651
4
170
3
209
4
70
3
195
5
180
4
196
4
69
4
76
4
955
4
44
3
228
3
1077
3
86
2
4
4
89
5
210
4
215
3
71
4
65
4
157
3
153
4
190
5
357
4
521
5
173
5
1073
4
582
4
33
1
144
3
466
3
514
3
96
4
856
4
128
2
183
4
512
4
174
4
463
4
164
5
68
1
179
4
431
2
83
5
132
5
699
4
443
3
135
4
568
3
528
5
182
5
28
3
464
4
91
4
1131
3
747
3
959
4
921
2
213
4
81
4
673
2
605
3
652
4
815
3
216
4
729
3
82
4
710
3
655
3
739
2
704
2
382
3
1118
3
660
4
47
4
241
1
554
1
433
5
403
4
1018
3
380
5
207
3
421
5
451
3
230
2
723
2
159
3
72
3
62
3
227
1
162
4
448
2
436
3
402
3
559
3
715
2
708
3
697
4
716
4
1136
3
232
3
229
3
702
2
664
4
365
2
387
2
569
1
1107
1
1135
2
712
4
949
4
53
2
1074
4
1133
4
217
2
665
2
774
1
541
3
78
2
155
1
1130
4
138
1
1091
3
401
3
167
2
93
268
3
258
3
302
3
286
4
333
4
321
3
262
4
948
3
288
3
306
3
269
3
289
2
328
2
323
1
322
2
301
5
748
4
678
2
325
2
259
3
294
2
242
3
408
4
813
5
276
4
50
4
150
4
25
4
100
5
116
5
475
4
237
3
257
3
1007
5
1
3
137
4
277
4
14
4
283
4
6
3
13
4
225
2
15
3
676
3
596
2
285
3
1067
3
246
3
251
4
126
3
1137
5
255
4
713
3
181
3
591
3
284
3
222
3
224
4
473
2
993
2
282
1
762
3
109
4
1011
1
1009
4
508
4
250
5
546
2
1138
2
1010
3
287
3
1012
3
741
3
111
3
952
3
841
1
828
1
929
3
20
3
1008
3
10
4
979
3
3
2
412
3
405
4
106
2
121
1
924
3
108
2
1028
3
480
3
79
3
300
4
25
333
3
879
3
269
5
340
4
288
4
326
3
258
3
300
3
748
1
381
4
157
4
265
4
100
4
705
5
385
4
847
3
527
4
652
2
480
3
48
5
71
3
275
4
151
3
1
4
127
5
80
328
4
258
3
651
4
69
3
806
4
70
1
64
5
135
4
511
4
97
5
661
4
429
4
179
3
196
5
47
2
65
3
365
3
582
3
423
5
427
5
526
4
28
4
197
5
735
4
655
4
191
4
956
4
356
5
660
5
736
4
778
4
402
4
1044
3
378
5
15
5
9
5
1129
4
7
1
476
3
1
3
294
4
237
4
1142
4
111
4
255
3
25
4
471
4
121
4
125
4
100
3
676
5
318
5
239
5
48
5
50
5
215
5
87
5
77
5
392
5
178
5
56
3
173
3
168
4
202
4
211
4
393
4
194
4
216
4
210
4
63
2
88
4
1041
3
66
3
514
4
73
4
435
4
531
4
98
4
185
4
238
3
38
258
4
877
1
294
4
286
1
300
5
475
2
127
4
50
5
9
4
282
3
471
5
298
4
1
3
7
3
237
4
257
3
508
4
742
5
181
5
248
4
597
3
15
3
295
3
24
3
288
4
741
4
117
3
284
3
121
3
1016
3
21
1
405
3
280
4
281
4
535
4
763
4
249
4
825
3
30
64
5
1095
4
546
3
273
4
827
3
123
4
147
3
1093
5
1052
3
25
4
1
3
743
4
276
4
412
1
240
5
122
3
756
3
871
3
151
4
235
3
125
4
121
4
105
4
472
4
24
4
1047
3
405
5
7
5
833
4
117
5
34
258
5
286
5
288
4
245
3
276
5
181
5
475
5
763
1
117
4
50
5
275
5
127
4
471
3
596
2
458
1
9
4
713
2
7
3
125
1
237
5
25
4
121
1
742
1
118
2
111
3
926
1
282
1
1047
1
1028
4
1089
1
405
3
411
1
409
3
178
5
65
268
5
302
4
321
4
289
4
288
5
300
3
258
4
333
3
307
2
294
2
689
3
886
4
245
1
879
1
748
2
50
5
117
4
129
3
181
5
591
3
273
3
246
5
236
4
475
3
124
4
100
5
150
5
147
3
508
4
237
3
1142
4
742
3
1016
3
222
3
1134
5
1143
5
151
5
298
4
334
3
235
3
282
3
9
4
7
5
123
4
628
3
256
5
240
3
1017
5
763
3
1144
5
98
5
265
4
182
4
56
5
109
3
48
5
427
3
234
5
79
4
174
5
42
5
197
5
172
5
12
5
175
3
131
313
4
300
4
751
4
678
3
264
4
257
4
298
5
50
4
172
5
228
5
230
4
450
1
222
4
229
3
181
4
483
5
496
4
48
4
993
3
24
4
403
4
231
3
8
4
419
5
260
2
150
3
449
2
542
2
338
2
576
2
1
4
135
4
168
4
95
4
588
5
451
4
186
4
69
4
28
4
174
5
210
4
83
4
546
2
71
3
1035
3
762
3
204
3
411
3
289
3
538
2
473
3
559
3
380
3
109
3
176
4
202
4
417
3
507
4
423
5
96
4
343
4
206
3
432
3
501
4
99
4
132
4
398
2
128
4
88
4
227
3
265
4
161
3
214
3
511
5
82
4
91
3
554
3
393
4
399
4
482
4
151
3
121
3
15
3
596
3
472
3
225
3
597
3
405
3
191
3
208
4
143
5
173
4
79
4
197
4
1065
4
404
4
211
3
193
4
684
3
169
4
568
3
185
4
418
3
527
4
152
4
183
4
655
4
89
4
189
4
584
3
746
3
431
3
429
3
175
3
139
3
946
3
101
3
739
2
755
3
142
3
94
3
217
4
63
3
625
3
1133
3
1146
3
1145
3
383
2
1030
2
408
4
820
1
38
286
4
289
2
100
4
744
4
475
5
222
3
276
4
14
5
285
3
257
5
181
3
151
1
248
3
462
5
514
4
52
4
154
3
174
2
429
4
302
3
6
3
89
5
346
4
357
5
153
4
135
4
64
4
98
4
134
3
168
5
50
3
923
5
175
4
56
5
65
5
177
2
197
5
282
3
137
129
4
117
4
25
5
471
4
685
4
1
4
124
4
9
5
100
5
15
5
591
5
844
4
220
3
628
4
866
4
1051
4
121
3
476
4
106
4
118
3
405
3
222
1
271
1
237
3
7
1
182
5
520
5
191
5
64
5
423
5
357
4
647
1
23
4
180
4
69
4
515
4
644
4
509
4
87
4
97
4
187
4
553
5
58
4
528
4
12
5
382
4
70
4
708
4
48
4
521
4
792
3
215
4
527
4
196
4
699
3
582
4
1147
5
649
4
28
4
461
3
402
4
518
4
54
3
380
1
81
3
356
4
972
4
1148
4
77
4
51
4
212
5
581
4
664
3
135
4
79
4
172
1
50
2
679
2
530
4
89
3
265
4
526
4
568
4
176
2
181
1
96
5
684
4
188
4
177
4
228
1
82
3
68
3
435
5
210
4
241
4
233
4
566
4
230
1
403
3
770
4
226
4
38
3
229
1
1110
3
550
4
2
3
603
4
98
5
234
4
443
3
5
4
525
4
504
4
466
4
654
4
203
3
642
4
195
5
427
5
127
5
318
5
147
5
655
5
174
5
56
5
197
5
161
5
480
5
493
5
134
5
194
4
170
3
204
4
45
5
484
4
479
4
198
5
66
12
5
64
5
479
5
127
5
474
5
173
5
154
5
657
5
188
5
894
1
89
5
480
4
475
4
1073
4
213
4
206
3
94
1
588
2
268
3
660
4
82
2
48
2
175
5
156
4
518
5
507
3
129
4
318
4
187
5
197
5
7
4
59
5
357
5
153
3
56
4
179
5
1
2
100
4
650
3
514
4
196
4
171
5
32
4
183
4
1149
4
135
5
81
5
433
4
28
3
382
4
152
3
96
2
202
2
180
4
269
4
286
4
272
4
748
2
288
3
271
2
289
2
683
2
285
4
255
2
246
3
923
3
39
272
5
354
3
258
4
340
5
315
5
300
3
268
3
313
5
302
4
333
4
539
3
288
3
324
3
328
4
245
3
294
4
326
4
307
4
351
3
690
4
331
4
301
3
358
2
285
3
237
4
126
3
100
4
121
4
9
4
150
3
137
3
129
3
7
4
276
4
15
4
1084
3
124
3
13
4
508
4
79
678
3
294
3
323
2
322
1
289
1
988
2
100
5
25
5
864
4
475
5
129
3
273
5
1
4
408
4
137
4
477
4
13
5
508
4
147
3
685
4
125
3
123
3
405
4
117
4
845
3
222
5
237
2
756
2
284
2
476
1
952
5
926
3
825
1
546
3
121
4
290
4
1017
5
291
1
151
5
235
4
111
4
1152
1
1001
1
742
1
1028
4
240
1
108
4
410
5
1150
4
220
1
1048
4
472
4
866
2
473
3
411
5
118
3
1059
1
409
3
1151
2
460
5
597
3
225
2
820
3
696
4
1047
3
413
2
824
1
831
3
833
2
301
4
304
2
271
5
114
4
79
5
496
5
427
4
56
5
190
5
196
4
82
258
3
286
5
324
4
327
3
264
3
23
5
192
5
89
4
203
4
276
5
56
5
1006
3
919
3
59
4
70
4
531
4
60
4
1129
5
61
4
960
3
6
5
1158
4
100
5
98
5
197
5
216
4
421
3
135
5
175
4
150
5
96
5
1007
4
7
4
772
3
474
5
64
5
137
5
518
3
1154
5
325
2
288
2
358
2
129
3
270
3
293
4
333
3
1156
3
1019
3
851
4
343
3
517
5
514
4
1071
3
12
3
172
5
92
4
156
3
603
3
318
3
200
5
42
3
513
5
811
4
182
4
806
4
93
4
223
2
1159
3
628
2
955
4
690
2
121
2
385
2
77
2
547
2
1048
2
1155
2
1153
2
769
1
1157
1
582
3
24
2
72
181
3
50
4
474
5
183
5
153
5
100
3
246
5
1
5
250
3
15
2
455
3
222
4
127
2
276
2
125
3
25
2
121
2
833
1
252
1
1028
1
405
3
174
5
641
5
156
4
175
4
195
5
431
5
484
5
89
5
268
5
154
5
238
5
199
5
498
5
172
3
209
4
96
3
134
4
523
5
483
4
173
5
168
4
4
3
176
4
215
2
201
4
179
5
144
3
527
4
519
5
56
4
192
3
98
4
91
3
191
3
42
5
357
3
69
3
133
2
210
3
132
3
28
5
636
2
228
3
265
3
511
2
23
4
518
4
52
5
778
2
97
2
31
3
21
269
3
301
5
288
4
327
1
294
3
323
1
289
4
880
5
298
3
257
4
255
4
813
2
93
4
476
3
25
3
1160
5
1047
1
871
3
412
4
411
4
237
5
0
29
269
3
303
4
260
1
886
4
887
4
87
4
154
3
483
5
199
2
215
5
213
3
79
4
531
4
100
5
64
5
86
5
50
3
699
3
234
3
514
3
205
5
45
4
208
5
423
3
58
4
466
5
582
3
237
4
194
3
58
289
3
269
3
288
3
147
4
283
4
456
1
475
5
116
3
7
4
100
3
276
4
471
3
121
4
282
5
222
2
150
3
93
3
275
4
273
4
742
2
118
2
405
3
237
4
926
3
596
3
717
2
284
3
410
4
151
2
25
5
1047
3
619
3
756
1
476
2
591
5
111
3
280
4
928
4
411
2
1028
1
274
3
1059
3
412
1
824
3
595
4
726
4
124
3
42
4
210
4
169
4
186
5
318
5
79
5
98
5
1
4
432
2
544
2
3
4
168
286
4
9
4
50
5
596
3
7
3
181
4
1
4
14
4
919
3
100
5
455
4
237
3
477
3
276
4
15
3
222
3
284
4
121
4
405
3
111
4
546
3
147
3
274
3
235
1
288
3
151
2
1028
2
826
3
112
1
125
3
294
4
25
2
118
3
13
2
103
2
756
1
476
3
3
2
473
2
225
3
1164
2
424
1
220
2
866
3
597
3
472
3
411
3
820
3
1001
1
657
4
481
5
822
2
8
4
640
3
185
3
513
4
79
3
480
4
238
3
432
4
523
5
435
5
56
3
133
4
212
4
582
4
514
4
169
4
134
4
671
1
174
5
527
3
603
5
474
3
484
4
705
3
175
4
87
3
135
3
178
4
228
3
318
4
495
3
140
3
482
4
661
4
520
3
479
4
430
5
170
4
518
4
218
3
191
4
414
4
168
5
946
2
1078
3
127
2
202
4
97
4
770
4
22
3
231
2
208
3
211
4
28
3
230
2
1063
3
197
4
183
3
418
4
367
4
660
5
73
4
70
4
357
4
199
4
483
5
504
4
588
5
69
4
511
3
216
4
99
4
11
4
462
4
496
4
241
3
194
4
529
4
519
4
81
3
64
5
1101
4
1126
4
265
4
71
4
310
4
326
2
289
1
304
3
539
3
338
1
895
1
343
1
275
2
458
1
283
2
475
1
109
1
1163
2
508
2
740
2
281
3
1162
1
1128
1
240
1
1134
2
409
1
21
1
1059
1
717
1
412
1
1033
1
413
1
456
1
834
1
678
1
140
845
3
591
4
151
3
181
4
274
4
125
5
1
4
1060
3
685
4
121
4
117
5
15
4
118
3
281
5
929
3
1028
4
225
3
411
2
717
4
476
3
977
3
409
4
1049
3
174
5
479
5
22
5
568
4
210
5
31
5
527
4
216
4
684
4
66
4
204
5
215
4
692
4
196
5
191
4
566
4
739
5
265
5
88
5
660
4
1101
2
70
4
28
4
423
4
468
4
732
4
371
3
77
4
95
4
783
4
609
4
584
4
640
2
623
4
465
4
720
4
186
4
97
4
43
4
576
4
356
4
391
2
1043
3
94
4
944
3
1041
4
728
4
139
3
1035
4
722
4
78
2
110
4
795
3
452
3
575
4
704
3
50
3
254
2
63
4
71
3
4
2
820
2
932
4
2
4
25
2
756
4
235
1
866
3
412
1
828
3
1165
2
832
3
1016
4
323
4
252
4
338
4
248
3
862
4
781
4
993
2
259
2
751
3
580
4
240
1
864
4
111
3
319
1
364
1
748
2
122
1
35
1
56
1
631
2
249
2
255
5
64
5
38
5
82
5
663
5
405
5
755
5
393
5
79
5
543
2
234
4
385
4
768
4
106
4
69
4
233
4
546
4
161
4
127
4
294
3
508
2
477
2
300
3
68
286
5
294
3
258
4
289
5
300
4
748
4
879
4
245
4
322
3
276
4
744
4
151
4
15
4
222
4
64
5
284
3
237
4
628
3
282
4
117
4
408
5
742
3
591
4
273
4
1
2
7
4
1028
3
100
4
866
4
597
3
148
4
685
3
121
4
225
4
477
4
405
3
291
3
274
4
25
3
546
3
815
4
411
2
1040
3
823
3
1047
2
1033
4
756
3
12
5
70
5
529
5
111
4
466
4
79
4
317
3
203
3
87
5
528
5
265
5
194
5
318
5
523
4
95
4
486
5
543
5
4
3
31
4
98
4
385
4
280
300
3
286
4
289
3
319
4
325
2
1137
4
14
4
1171
3
813
4
100
3
221
2
25
2
237
3
222
2
13
3
284
3
458
3
10
4
277
2
1010
2
281
3
476
3
405
2
508
2
1009
2
924
1
121
2
412
3
56
4
589
3
630
3
480
4
153
3
514
5
318
4
98
4
170
4
504
4
496
4
1172
4
1070
4
647
4
659
4
190
4
79
3
135
5
133
4
42
3
1039
4
483
5
523
4
132
5
238
2
205
4
134
5
661
4
211
5
173
3
357
4
1101
4
423
4
64
5
89
4
160
3
1131
4
511
4
531
4
174
4
86
4
639
3
509
4
194
4
193
3
462
4
657
4
187
5
428
5
162
2
179
4
654
4
516
4
23
4
566
3
186
3
632
3
168
4
482
4
136
4
655
3
513
4
707
4
498
4
157
3
955
4
510
4
485
5
1075
3
465
4
663
5
283
3
209
4
216
3
526
4
474
5
275
3
443
4
481
4
610
3
69
4
502
4
82
3
1174
3
629
3
1153
4
213
4
152
5
51
2
188
2
382
4
1121
3
180
4
212
2
528
4
492
4
425
4
735
3
192
4
479
4
478
4
8
4
1169
4
641
4
196
4
210
3
1113
2
1065
3
385
3
191
4
65
3
1166
4
499
4
95
4
527
4
488
4
45
3
418
3
197
5
517
5
568
3
732
3
203
5
1136
3
923
4
507
4
512
3
143
4
71
4
9
4
427
3
530
3
1170
3
27
4
529
3
855
3
921
3
582
4
702
2
57
5
971
3
70
4
708
4
845
3
692
3
433
3
372
4
414
4
154
4
204
4
435
4
175
4
1098
4
710
2
709
5
792
4
208
5
393
4
745
3
141
3
1167
3
519
4
515
5
127
5
28
4
87
4
199
5
215
4
521
3
697
3
664
4
282
3
660
4
378
4
97
2
58
4
782
2
658
3
298
4
822
3
108
2
310
3
432
4
588
3
501
3
99
5
420
4
596
3
246
4
259
2
52
3
268
4
250
3
258
4
228
3
124
5
449
4
229
3
230
3
50
5
172
4
163
3
181
4
419
5
161
4
291
3
447
3
495
3
416
3
705
5
404
3
234
4
604
4
195
3
30
3
241
3
1103
3
1021
3
317
3
642
4
231
2
53
3
1018
4
842
3
380
4
712
3
389
3
622
3
1006
3
417
3
1168
3
451
4
94
3
232
3
715
4
1074
3
464
5
520
3
345
4
327
3
313
4
751
3
1173
4
984
2
328
3
631
4
333
1
83
4
506
4
606
4
1149
3
301
4
23
242
4
269
4
286
3
319
3
328
2
879
2
304
3
881
2
327
4
288
3
888
4
300
3
338
1
258
5
872
3
289
3
326
3
259
4
889
5
1175
5
1176
5
270
5
683
5
211
300
3
303
3
135
5
523
5
64
5
48
4
199
5
179
4
180
4
210
5
96
5
183
4
144
4
7
4
195
5
174
5
182
4
172
5
82
5
55
4
684
5
566
5
22
4
385
5
568
5
230
5
435
5
510
5
89
4
188
4
79
5
685
3
273
3
651
4
1187
2
161
5
405
4
228
5
121
5
554
4
177
5
38
5
1181
3
802
4
578
3
222
4
1183
3
39
3
403
3
62
5
472
4
808
3
849
5
233
4
679
3
229
4
232
3
27
4
128
3
2
4
550
4
68
3
1184
3
281
4
546
3
231
3
449
3
1188
2
810
3
118
4
576
3
570
3
1016
4
515
4
181
5
127
4
50
5
252
3
1089
3
254
4
323
3
535
4
1190
4
208
5
202
5
66
5
194
5
8
5
204
5
70
5
216
5
451
4
648
5
209
5
33
3
382
3
100
5
4
5
502
5
781
5
56
4
154
4
845
4
49
5
152
4
410
4
692
5
372
3
1072
3
789
3
477
3
111
4
47
3
88
5
514
4
239
4
201
2
414
3
367
4
433
3
393
4
732
4
167
4
153
5
94
4
274
4
186
5
238
3
871
4
13
3
728
4
801
3
25
4
211
5
1049
3
709
3
401
2
1074
3
321
2
775
2
996
3
63
4
72
3
944
5
790
4
1185
4
715
3
1186
3
40
3
702
3
411
4
722
4
1028
4
386
2
629
4
765
3
67
4
1041
4
1118
3
585
4
1182
3
824
3
926
4
163
4
73
3
804
3
384
4
409
3
90
2
577
4
1179
3
1180
3
1000
3
120
2
780
4
21
3
158
3
575
3
866
4
235
3
1178
3
1079
2
80
4
476
2
783
4
598
2
1047
3
796
4
791
2
1177
1
396
1
297
3
318
4
519
4
196
5
628
4
496
5
423
3
705
4
657
4
134
4
192
3
521
3
157
3
427
4
97
5
491
5
132
5
9
4
87
4
1189
5
0
76
321
4
875
3
277
4
100
5
93
2
275
5
475
5
15
5
127
5
845
2
137
1
117
5
14
4
237
4
952
2
236
5
7
5
150
5
111
4
762
3
181
4
222
5
151
5
283
4
240
4
405
3
815
4
25
5
121
5
235
5
13
2
221
1
107
5
216
5
197
5
517
5
213
4
202
3
86
5
173
5
83
4
707
5
1119
3
451
3
732
5
387
5
26
3
212
3
1074
5
66
3
709
3
88
4
381
4
702
5
1048
3
949
3
716
3
694
5
724
4
736
3
49
4
731
3
402
4
737
1
739
2
246
5
936
5
813
5
257
5
268
5
269
5
880
5
50
5
1
5
301
5
187
5
0
0
371
934
2
628
4
25
3
475
5
9
4
50
5
15
3
240
2
411
4
273
4
925
3
117
4
123
2
276
5
116
3
257
2
591
4
100
5
237
4
235
3
471
4
24
3
619
4
825
4
546
2
118
2
926
3
147
2
1016
2
410
3
106
3
412
2
121
5
294
3
685
3
225
3
515
4
111
3
289
3
678
2
582
5
120
2
405
2
243
1
931
1
1047
1
820
1
220
1
370
1
758
1
922
1
98
5
209
5
12
5
176
5
135
4
963
5
89
5
195
5
171
4
180
5
198
5
191
4
28
3
504
3
179
5
531
4
22
3
169
5
707
4
855
5
79
4
69
5
727
4
789
5
172
4
56
5
1073
5
651
4
48
4
318
2
32
3
11
4
189
4
64
4
474
4
428
4
210
4
175
4
527
3
640
5
518
5
153
4
42
4
949
3
95
3
501
2
385
4
203
4
2
3
68
3
168
4
223
5
731
4
1018
4
418
3
692
4
202
3
182
4
58
4
216
3
46
4
228
4
204
4
663
4
183
4
143
3
186
4
65
4
157
4
115
3
660
4
161
2
160
4
737
4
239
4
238
5
201
3
8
5
627
3
581
4
403
4
174
5
196
4
4
4
193
4
55
3
234
4
31
4
658
3
5
4
708
4
1194
4
655
4
367
3
421
4
436
4
709
2
568
3
77
3
433
5
214
4
231
3
47
4
233
3
396
3
794
3
82
2
92
4
218
4
823
4
227
1
219
4
71
5
155
2
81
3
947
4
145
2
642
3
241
3
423
3
96
4
702
3
755
3
230
3
156
4
212
4
735
3
747
4
40
3
229
3
164
4
715
4
208
4
382
4
88
3
673
4
712
3
53
3
215
4
39
3
73
3
684
3
173
3
167
3
134
4
463
4
101
2
29
3
54
3
729
4
217
3
265
4
38
3
528
4
154
4
566
4
631
4
72
3
955
4
672
3
451
3
431
4
91
3
785
3
559
3
587
3
1209
1
62
3
679
4
393
3
780
3
1
4
159
4
144
4
961
4
778
4
466
4
199
3
200
3
636
3
704
3
132
3
66
3
51
4
281
3
85
3
561
3
1157
2
449
3
1208
4
1046
3
732
3
94
3
425
4
720
3
402
3
576
2
356
3
540
2
620
3
43
3
102
2
521
4
226
3
558
3
800
3
452
2
665
3
674
4
453
1
834
1
551
2
44
3
552
3
1213
2
1090
3
1042
3
802
2
450
2
583
3
761
2
1207
3
1210
1
554
2
771
1
376
3
49
3
67
3
80
2
63
3
122
3
1074
3
401
3
728
3
783
3
722
3
790
3
781
3
577
3
998
2
1041
3
364
3
1037
2
386
3
725
3
575
2
190
4
1214
2
125
4
432
3
181
4
87
3
78
3
383
1
1211
3
739
2
1212
3
274
4
278
3
1040
3
408
4
284
2
7
4
1028
2
455
2
282
4
184
3
148
2
245
4
288
3
271
2
406
2
980
3
500
4
258
4
124
4
222
4
295
2
1216
4
1142
4
248
4
845
3
596
2
129
4
763
3
249
3
742
3
1012
4
291
4
13
4
597
2
109
3
717
3
508
5
108
2
1079
3
363
3
841
3
846
3
1011
3
977
2
149
3
595
3
826
2
928
3
756
3
252
4
930
2
476
2
974
2
368
1
369
3
831
2
1095
2
93
4
313
5
456
2
328
3
984
2
304
4
20
477
5
121
3
283
4
14
4
275
4
276
2
222
4
845
4
1
5
151
1
15
5
125
1
118
3
815
4
866
2
476
4
235
4
820
3
934
3
412
2
82
288
3
69
3
483
5
191
5
172
4
127
5
174
4
135
4
11
5
190
5
195
3
89
3
180
5
23
5
194
4
177
5
474
5
1
4
528
5
477
2
64
5
475
5
187
4
435
4
203
5
179
5
81
4
42
4
650
5
504
5
175
4
216
3
425
5
188
4
9
5
273
4
654
5
22
4
173
4
100
5
96
3
181
4
584
4
1065
4
792
4
646
5
588
4
716
3
7
4
510
5
432
4
182
5
28
4
496
3
509
5
949
5
806
4
464
5
423
4
24
4
467
4
202
2
939
4
55
4
8
5
83
4
317
5
185
5
133
4
234
5
923
5
79
4
209
5
1147
4
644
5
210
4
12
4
45
5
381
4
154
5
527
5
134
5
278
289
2
137
3
24
3
25
3
237
2
275
3
151
4
683
4
181
4
286
5
473
4
742
4
117
4
596
2
815
3
3
1
274
4
1047
3
290
3
111
4
121
4
405
3
597
3
15
4
127
4
976
2
510
4
68
4
174
5
79
4
228
4
195
5
176
3
96
4
161
3
511
4
89
3
233
4
128
3
188
3
62
4
385
4
229
3
241
3
82
3
177
3
403
1
720
2
265
3
232
4
226
4
679
2
546
2
636
1
391
2
210
5
568
4
651
5
566
2
431
3
449
3
665
2
554
3
550
4
172
4
737
3
209
4
153
5
462
4
1
5
14
5
7
5
183
5
144
5
515
5
257
5
472
5
50
5
98
4
498
3
1126
4
48
4
135
3
523
4
204
5
175
5
28
4
194
5
211
3
178
5
64
5
509
4
491
4
448
3
58
3
185
3
432
3
234
2
65
4
520
4
1101
2
168
4
655
4
716
3
67
2
95
3
215
4
191
5
73
4
202
4
69
5
182
2
239
3
971
3
8
5
357
4
208
4
51
4
196
4
193
3
692
4
173
5
436
5
419
4
49
3
97
4
483
3
657
5
496
4
443
3
1229
2
588
3
101
1
52
4
203
3
1018
3
140
3
198
5
238
5
180
3
474
4
179
3
199
5
705
5
132
3
88
4
671
3
356
4
968
5
207
5
507
4
402
3
72
2
392
3
660
5
423
5
622
4
393
5
649
4
381
4
33
3
77
4
640
3
433
4
143
4
26
3
708
2
70
4
707
3
715
1
674
2
650
4
90
2
560
1
447
2
63
3
142
4
451
3
139
4
627
4
779
3
110
2
43
2
227
2
386
2
389
4
623
3
1133
3
843
4
1221
4
791
3
399
4
102
4
781
2
1227
2
1222
2
366
4
1217
3
1091
3
219
4
1228
3
739
3
1231
1
1188
2
450
2
591
5
463
5
216
5
83
5
747
5
91
5
170
5
94
5
71
5
186
5
282
4
631
4
532
4
878
1
586
2
892
3
465
3
250
4
728
3
699
2
539
4
471
5
294
2
862
1
328
5
22
4
542
2
514
2
518
4
485
5
960
2
736
4
648
3
197
4
675
2
133
3
625
4
205
3
527
4
505
3
404
5
190
4
31
4
506
3
200
2
855
3
141
4
378
4
99
4
32
1
495
4
573
1
787
2
416
4
2
2
371
2
420
4
1206
4
1116
4
417
3
445
4
768
1
712
2
552
1
1219
1
946
3
415
3
422
2
398
1
1090
1
1230
1
78
3
395
3
56
173
3
187
5
182
4
156
4
673
4
484
5
525
2
519
4
89
5
50
5
514
4
190
4
8
5
645
5
174
5
483
5
318
5
196
4
423
5
474
4
216
4
445
4
478
2
23
5
183
4
195
5
42
1
98
5
127
5
200
5
91
5
238
4
144
4
64
5
56
5
234
4
194
2
486
3
198
5
435
3
79
4
87
4
96
4
1
5
153
4
181
5
479
4
100
5
176
4
83
3
265
5
7
5
170
5
185
5
1154
5
1232
5
63
135
5
408
5
482
5
168
4
430
5
132
5
496
2
98
4
173
3
435
4
28
5
192
1
100
2
79
5
174
4
661
5
205
2
603
4
83
1
194
3
228
5
655
5
429
4
222
5
189
4
169
5
1
4
183
5
89
5
7
5
172
4
484
3
204
5
195
5
432
4
193
4
466
3
202
5
50
5
191
5
423
5
357
5
115
5
97
5
82
4
428
4
23
5
186
3
919
5
431
3
175
5
69
5
197
3
133
1
153
5
526
3
1126
3
96
5
670
5
208
5
32
5
663
5
434
4
27
321
3
322
3
938
3
988
1
211
4
168
2
428
5
655
3
659
5
47
4
514
5
194
5
209
2
745
3
173
1
523
5
435
5
152
3
210
4
517
5
70
3
163
3
116
5
502
2
88
3
629
5
25
5
136
268
3
331
3
288
4
326
3
895
3
342
1
332
3
313
5
310
3
682
2
751
4
300
4
346
4
873
1
748
4
294
4
315
4
678
2
322
3
245
3
358
2
338
4
312
2
258
5
328
4
345
3
1016
5
282
3
7
4
117
5
475
5
100
5
628
4
405
4
508
4
685
3
125
4
591
4
111
1
124
2
741
3
237
5
676
4
276
2
123
3
147
5
25
3
619
4
471
4
742
5
107
3
763
5
274
1
845
3
544
4
597
4
472
3
118
2
3
3
815
2
121
3
410
5
363
4
240
4
413
3
1132
4
546
4
406
3
105
2
473
4
369
4
978
3
829
4
871
2
762
2
409
2
1048
4
1067
4
926
3
975
3
120
2
1047
4
827
3
456
3
595
4
1079
3
1052
1
22
5
98
5
210
5
174
5
56
5
69
4
265
3
651
5
204
4
172
5
50
5
963
3
173
4
79
4
181
5
11
5
789
4
1119
4
201
3
403
4
168
5
12
5
196
4
28
3
64
5
694
1
238
4
402
4
203
4
421
3
92
4
1
4
329
4
348
4
290
4
182
4
66
3
232
4
367
4
4
5
780
5
273
5
433
4
931
2
354
2
246
3
255
3
275
1
116
2
0
67
304
3
282
3
846
3
50
4
7
3
1
3
280
3
117
4
829
3
123
2
222
3
928
2
845
3
742
4
109
2
1093
1
24
4
595
2
815
3
118
3
756
3
1047
2
819
1
1028
3
147
4
471
3
924
4
596
3
284
4
1009
2
252
3
926
3
151
3
840
3
975
2
1034
2
111
2
826
3
370
2
979
2
472
3
278
2
841
2
1057
2
763
3
225
3
281
2
412
2
1051
2
411
2
369
2
122
1
597
3
717
3
1132
3
820
3
831
3
405
4
121
4
237
5
181
4
257
4
255
4
288
4
125
4
546
4
866
4
179
258
4
300
3
319
4
298
3
248
3
326
3
612
4
879
3
302
3
689
3
322
3
264
2
286
3
260
2
328
2
294
2
332
3
892
2
1025
2
307
4
245
3
993
2
596
2
1
3
625
3
432
3
501
2
768
2
418
3
588
4
1240
2
101
4
99
2
102
3
91
3
95
4
1076
2
327
2
751
3
548
2
301
3
313
3
288
2
338
2
272
3
334
2
271
2
748
3
650
3
568
2
230
2
187
3
117
3
11
3
172
3
89
4
50
4
435
3
515
1
510
4
96
3
79
2
127
2
195
4
183
4
176
3
144
3
56
3
82
2
947
3
174
4
222
3
181
2
431
3
511
3
7
2
823
3
118
3
184
2
228
4
273
3
55
3
210
3
4
2
2
2
554
2
385
3
530
3
636
3
53
2
233
3
363
2
38
2
265
3
229
3
121
3
686
3
597
3
68
2
226
2
541
2
227
4
405
2
62
3
403
3
720
2
188
2
550
2
161
2
685
3
578
2
566
2
546
3
241
3
449
4
684
2
986
1
1239
2
665
1
231
2
841
2
810
2
831
2
840
2
771
2
373
2
1228
1
930
2
29
1
576
2
399
2
797
2
827
2
391
2
809
3
450
1
98
4
675
3
185
3
234
3
448
3
164
3
5
3
667
3
671
3
218
3
447
4
201
2
436
2
200
3
559
3
443
3
445
2
635
2
672
1
217
2
219
2
444
1
760
1
565
2
83
3
186
4
204
4
522
3
629
3
70
3
524
3
208
4
168
3
194
3
173
3
72
3
47
2
154
3
502
3
655
3
732
3
239
3
358
3
29
121
3
24
4
222
3
181
4
257
3
250
4
527
5
117
4
127
4
255
5
405
3
294
4
56
5
301
4
300
3
50
5
471
4
126
5
118
3
252
2
1089
1
234
3
144
4
211
3
98
3
69
3
487
4
96
4
204
3
111
302
5
269
5
313
4
272
4
340
3
289
4
311
1
347
2
288
2
331
3
345
4
750
5
346
3
268
3
327
2
354
3
258
3
307
2
328
3
301
2
300
3
310
2
286
1
333
2
332
2
751
4
270
4
271
1
324
1
245
2
294
3
678
2
299
3
342
3
748
2
316
4
312
3
895
2
330
1
325
1
984
1
293
3
100
4
282
3
285
4
1011
3
508
2
127
3
9
2
150
5
124
2
1115
4
237
3
591
4
847
2
276
4
471
3
246
3
222
3
287
2
1226
3
628
4
1241
1
544
3
744
1
10
2
15
5
546
1
713
3
126
4
1010
1
823
1
534
2
130
1
283
4
475
4
257
4
248
2
255
1
1017
1
25
3
845
3
13
3
249
3
235
2
111
1
1012
4
756
2
411
1
122
3
290
4
3
3
1028
2
456
3
871
2
412
3
926
1
407
2
117
2
7
3
181
5
273
3
50
5
250
3
1016
1
147
3
121
2
405
3
825
1
827
2
840
1
23
313
5
302
5
269
4
324
4
270
5
271
2
340
3
268
4
333
3
272
4
258
5
286
4
690
3
347
3
288
4
880
3
307
2
751
2
752
3
748
2
327
4
264
2
343
2
64
286
4
14
4
1
4
100
3
64
4
22
4
318
5
69
4
703
4
223
4
647
3
165
5
196
5
194
5
162
5
97
5
210
4
25
4
495
4
28
4
582
4
12
4
86
3
699
4
191
5
660
4
77
4
435
3
70
3
8
4
211
4
712
3
526
4
566
4
684
4
161
3
216
5
778
4
213
4
88
3
692
3
273
3
45
3
48
3
956
3
739
3
82
3
59
4
923
4
463
3
584
4
1242
4
1028
3
274
3
285
4
15
3
9
4
280
2
1115
4
828
2
107
4
244
4
275
4
313
4
0
33
304
3
748
3
294
4
319
5
100
4
14
5
222
2
127
4
1
4
50
4
275
5
124
4
237
3
7
5
13
3
10
5
125
3
284
3
515
5
137
5
252
3
181
3
718
4
281
4
282
3
740
3
290
4
471
2
255
2
21
3
405
3
121
3
931
2
234
258
5
245
3
322
2
294
4
323
3
332
3
748
3
288
5
358
2
100
4
7
4
257
5
50
5
127
2
181
5
222
4
250
2
1
4
475
1
248
2
924
3
742
5
117
5
125
5
410
1
1012
4
111
4
9
3
628
2
405
5
282
3
1161
3
147
4
295
4
252
5
508
4
1060
4
1016
5
151
5
845
4
472
2
763
2
597
2
121
5
25
4
278
3
237
4
291
3
118
3
1028
4
762
3
476
3
1011
3
1244
3
866
4
1245
2
281
2
409
2
1014
4
546
3
826
3
595
3
928
3
823
3
1013
3
411
4
831
2
1023
2
871
2
975
3
930
3
820
3
413
3
986
2
931
2
357
2
183
5
172
5
64
2
144
4
69
4
223
4
732
3
96
5
8
3
520
5
318
4
82
5
79
5
174
5
95
4
28
3
98
4
4
2
42
1
55
2
161
3
209
1
173
5
186
3
11
4
216
3
178
3
58
4
22
4
156
5
210
5
317
2
89
4
423
4
12
4
214
1
527
3
228
5
200
2
168
3
175
1
655
3
56
5
31
4
204
4
191
4
176
5
15
4
72
5
157
4
179
4
385
4
735
5
195
5
70
4
71
4
164
5
531
4
380
5
679
3
154
2
159
4
367
3
265
5
101
1
568
5
431
3
211
5
234
4
54
3
196
4
162
2
177
4
588
4
77
4
233
4
226
5
215
3
239
4
202
5
229
5
218
4
97
3
62
3
356
4
566
4
755
5
230
5
550
5
944
3
739
4
393
4
392
3
631
3
227
5
1039
2
559
3
131
1
1222
4
94
4
1035
2
158
1
386
1
81
2
5
3
238
2
790
2
576
3
67
5
584
2
391
2
180
3
402
4
403
5
636
5
365
4
88
4
449
5
672
2
542
3
17
4
627
5
1210
3
425
2
665
5
91
4
849
2
949
3
552
2
68
3
441
2
564
3
63
3
1228
3
29
3
797
3
796
3
809
4
231
3
1135
4
940
3
90
3
451
5
373
5
388
5
1074
4
834
3
572
3
53
4
810
3
1139
2
122
2
722
3
545
2
715
2
1157
4
395
3
452
2
133
288
4
272
4
751
3
340
3
258
4
313
5
905
3
307
4
332
3
333
4
682
4
895
2
300
3
326
4
327
3
748
3
301
2
873
2
245
3
294
3
338
1
325
3
689
3
688
1
315
4
22
4
12
4
69
4
64
4
215
3
11
4
806
3
423
4
196
4
28
4
732
3
651
4
939
4
658
3
212
1
43
3
1055
2
403
3
77
4
468
3
54
4
808
2
402
4
1206
3
569
4
366
3
29
3
1229
3
1247
2
568
3
232
3
96
4
55
3
56
1
79
4
82
4
195
2
684
4
233
4
578
3
226
3
586
3
2
3
38
3
188
4
566
4
385
3
576
2
947
3
68
2
33
4
161
5
184
1
550
3
1231
2
849
3
231
1
397
3
1228
3
230
3
540
3
779
3
802
3
1250
3
1188
4
759
3
421
4
202
2
794
3
173
1
451
4
692
4
739
4
783
3
88
4
765
3
722
3
31
3
1248
3
642
2
1210
3
1222
2
1090
2
204
3
367
3
376
2
238
3
393
3
63
3
790
4
401
3
41
4
715
2
791
2
1218
3
94
4
585
2
944
3
1179
2
384
2
734
2
575
3
1182
2
780
3
67
3
1249
3
364
3
1246
2
0
36
750
4
887
5
310
4
313
5
690
4
286
4
321
3
258
3
300
4
754
4
327
1
303
4
301
3
879
4
294
3
333
4
328
4
307
4
331
4
748
3
984
3
269
3
323
3
689
4
289
5
322
4
245
4
325
1
678
3
751
4
937
4
312
5
272
5
302
4
332
4
888
4
51
321
3
319
2
242
2
289
2
288
3
258
5
300
3
262
2
322
3
678
2
328
5
292
3
324
2
116
3
237
3
124
3
9
3
424
1
277
3
50
5
126
5
7
3
742
3
246
5
222
3
299
5
327
5
508
4
286
4
323
4
1251
5
245
3
303
5
294
4
329
3
948
3
874
5
326
5
268
4
273
4
255
5
257
5
333
4
100
4
1252
4
127
4
325
4
595
5
976
5
979
5
975
5
48
269
4
318
3
659
4
98
4
172
5
357
4
654
3
679
2
482
4
224
3
100
5
168
3
175
5
96
3
496
4
182
3
89
5
474
5
505
3
176
5
483
4
507
3
640
2
1104
5
186
3
485
3
200
3
204
3
615
2
520
3
855
3
646
4
655
3
197
4
183
5
56
3
157
2
179
5
135
4
195
4
191
3
210
3
171
4
527
3
153
3
156
4
522
5
180
3
92
310
3
269
3
302
4
137
5
628
5
273
4
980
4
696
4
121
3
741
3
475
5
922
3
93
3
124
5
508
5
762
4
596
1
763
2
279
3
471
2
847
4
284
2
952
5
20
3
1067
4
282
4
117
4
237
2
174
5
317
5
192
5
187
5
496
1
176
5
48
5
558
5
462
4
172
4
22
3
772
4
79
4
11
4
32
5
23
5
56
5
98
3
654
5
185
5
265
2
228
4
1073
5
183
5
657
3
684
3
466
5
431
4
673
3
443
4
77
2
218
3
642
5
33
4
229
3
470
2
127
5
69
1
479
5
8
5
234
5
12
5
1008
5
9
5
7
5
357
5
240
5
100
5
13
5
92
4
89
5
181
4
50
5
530
5
511
5
82
4
4
4
96
3
177
5
969
1
644
3
83
3
178
5
543
2
131
331
3
286
3
258
4
302
3
332
3
333
2
879
2
358
2
289
4
300
3
299
3
324
2
259
4
322
2
264
3
328
3
325
3
748
2
323
3
872
3
678
3
246
5
515
4
50
3
248
3
253
3
1142
4
257
3
181
4
255
3
298
3
1216
3
295
3
250
4
1257
1
532
2
249
2
650
2
596
5
758
1
145
2
1082
3
1244
2
1013
3
1256
1
1016
2
294
2
1089
2
993
2
304
2
252
2
1258
2
326
2
1254
2
1255
2
1214
3
185
3
531
2
730
4
511
4
275
2
221
4
640
3
195
4
582
3
193
4
116
3
124
3
806
4
421
3
292
4
1220
2
7
2
203
5
1039
4
191
4
607
2
661
4
285
4
65
2
942
3
1226
2
390
4
1253
2
199
4
604
3
603
3
479
4
47
3
127
5
137
2
880
3
262
3
306
3
690
3
340
3
307
3
270
3
343
2
887
3
269
3
750
4
347
2
272
3
310
4
539
2
315
3
760
3
895
2
288
3
840
1
888
2
655
4
271
4
187
5
484
4
180
5
346
4
268
5
519
5
11
5
1134
4
56
5
349
2
350
3
311
3
313
5
355
2
260
2
1020
3
900
4
86
288
3
268
5
307
5
748
3
271
4
886
5
678
4
358
4
181
5
150
4
475
5
7
3
15
5
257
5
249
4
50
5
258
4
742
4
121
4
240
3
1
4
405
5
411
3
237
4
282
5
109
4
151
4
596
3
117
5
1059
3
1016
5
1012
4
25
4
928
3
1047
2
977
3
546
3
763
5
597
4
829
3
252
3
1057
2
743
1
406
3
368
3
1165
3
931
3
1095
3
758
2
12
5
156
4
174
4
789
4
588
3
33
4
173
5
164
5
56
5
144
4
11
5
176
5
132
4
628
5
214
5
195
5
210
4
98
4
143
1
423
4
96
5
168
5
421
5
184
3
172
5
772
4
179
5
265
4
313
5
751
5
895
2
338
3
222
5
298
5
1014
3
410
3
122
2
71
324
4
528
4
474
5
135
5
179
5
200
5
188
5
513
5
172
5
100
5
427
5
475
5
433
5
176
5
193
5
132
4
171
5
210
5
511
5
79
5
175
5
317
5
134
5
603
4
156
5
421
4
185
5
23
5
32
5
98
5
654
5
174
5
184
5
508
4
55
5
655
5
22
5
180
5
960
5
774
5
7
5
56
5
201
5
547
5
853
5
558
5
844
5
5
2
17
3
217
3
672
4
436
5
53
5
800
4
559
4
551
5
413
4
816
3
396
5
564
1
218
5
164
5
288
5
675
5
919
5
223
5
320
5
641
5
258
5
234
5
1079
4
165
300
5
286
5
322
4
323
4
275
5
866
3
100
5
458
5
50
5
455
4
741
4
718
5
235
5
813
4
277
4
237
5
298
4
1086
4
282
5
412
4
628
4
7
5
276
2
1016
5
125
5
93
4
222
5
121
4
472
4
742
5
829
5
982
4
823
3
181
4
597
4
762
4
287
4
117
5
924
4
274
4
109
5
826
4
475
4
257
4
473
3
1202
4
250
2
405
4
827
3
105
2
546
4
255
3
930
3
717
3
831
2
1034
3
252
3
825
3
977
3
1259
3
254
2
1244
3
595
3
986
3
1153
5
1261
4
56
4
11
5
492
5
213
5
96
5
194
5
174
4
182
4
168
5
89
4
82
2
511
5
210
5
64
4
486
4
1260
5
655
5
22
4
382
5
188
4
1101
5
31
5
87
5
70
3
193
4
12
3
568
4
385
5
199
5
124
4
154
5
28
5
697
5
86
4
23
3
658
5
716
5
449
5
172
4
132
5
879
5
328
4
268
5
310
5
288
4
271
4
332
4
751
3
689
4
259
4
315
5
313
5
340
4
147
4
137
5
245
4
537
5
755
1
111
5
301
4
506
5
392
4
54
4
83
4
1197
4
845
4
1137
5
40
4
1264
3
25
5
685
4
24
4
710
4
1052
4
196
5
562
4
544
2
616
2
591
4
684
4
1263
3
471
4
209
4
204
4
526
2
931
1
329
3
348
3
272
5
258
2
407
3
144
4
550
4
226
3
349
3
1160
5
459
4
1166
5
727
5
0
0
61
269
5
511
5
175
5
357
3
513
4
28
4
191
5
519
4
427
3
429
3
510
4
661
4
180
5
135
4
83
5
187
4
11
1
190
4
127
5
86
5
387
5
792
3
197
5
509
4
673
3
69
2
464
5
699
5
212
5
46
5
708
5
193
4
1045
4
70
5
736
4
582
5
660
3
469
5
57
2
215
4
214
2
724
4
1113
5
1268
2
382
3
715
5
553
3
239
4
378
4
1119
3
1267
4
423
4
403
4
727
4
570
3
956
4
737
4
470
3
1074
4
1168
4
1044
5
54
286
5
242
5
288
3
319
4
289
1
321
4
294
1
22
4
127
5
707
5
435
5
187
4
511
5
197
5
657
4
479
4
487
3
514
5
134
4
962
3
482
4
143
5
523
3
606
3
480
3
462
4
14
5
531
3
182
4
165
5
132
3
98
4
64
3
485
5
100
4
1269
2
135
5
735
2
504
5
427
3
483
4
23
4
192
5
704
3
432
5
185
4
847
4
275
4
50
3
9
5
285
5
276
4
255
1
13
3
0
80
269
1
173
5
434
4
357
3
79
5
204
5
64
5
181
5
144
5
210
5
705
5
475
1
208
3
568
5
427
4
318
5
136
5
174
5
430
4
98
5
83
4
56
1
1115
3
205
5
97
3
28
4
198
3
513
4
191
5
479
4
82
5
496
5
216
3
8
4
153
2
1204
3
493
4
176
5
172
5
186
3
134
5
275
5
478
4
483
4
69
4
659
4
95
5
511
5
1
4
1060
4
117
3
710
5
615
3
143
5
648
4
168
5
236
1
709
3
152
1
150
1
1272
1
372
1
163
5
663
3
194
5
283
5
25
1
455
5
746
3
732
4
201
3
175
2
813
1
88
5
211
3
66
5
393
4
209
4
49
3
270
4
45
302
4
288
4
272
3
315
4
286
3
323
3
751
4
332
2
346
3
328
5
344
4
690
3
258
4
333
2
326
2
310
2
245
3
262
4
313
5
322
3
303
3
350
2
300
4
340
5
682
1
294
3
327
3
260
1
311
4
289
3
990
4
316
4
905
2
678
3
243
5
752
3
1175
5
319
2
878
5
884
5
337
5
681
5
353
5
266
5
881
5
23
294
4
288
5
750
1
690
1
268
1
901
5
300
5
258
5
748
5
343
5
286
1
243
5
222
5
271
5
228
5
230
5
50
4
229
5
227
4
380
5
449
4
450
5
62
5
184
690
3
319
5
258
2
300
5
340
4
268
3
294
4
328
2
322
2
873
1
245
2
652
3
427
5
168
4
531
4
507
4
283
5
197
4
462
4
173
5
56
3
132
3
483
5
490
5
28
5
603
5
223
5
478
5
69
4
485
3
186
5
1
4
86
5
371
1
64
5
237
4
181
4
174
3
651
5
190
4
494
4
275
5
1063
2
98
4
732
4
1039
4
136
5
191
4
216
5
497
3
392
3
588
5
505
4
686
4
180
5
425
5
692
4
742
3
182
4
433
4
496
5
172
3
133
5
193
3
222
3
50
4
419
3
143
5
213
3
14
5
924
3
70
3
416
3
482
4
215
3
131
5
204
4
602
4
276
4
609
4
282
3
196
5
71
4
1192
2
117
5
83
5
79
4
633
4
508
4
48
4
499
5
179
3
378
5
471
4
605
3
99
4
591
4
614
3
451
4
702
3
423
4
723
3
58
3
770
3
465
4
317
4
487
5
966
4
229
2
705
3
97
3
238
4
210
4
432
2
506
4
418
4
838
5
82
5
25
3
785
2
468
1
121
4
965
3
1221
3
140
4
404
3
209
4
622
4
736
5
220
1
159
4
660
2
54
2
417
4
77
3
729
2
1053
3
65
4
715
4
568
4
280
1
202
2
422
4
265
5
284
3
763
4
553
3
747
3
942
5
387
2
685
3
15
4
1141
4
815
3
1048
2
367
4
405
4
118
5
949
4
161
5
151
3
1035
3
501
3
458
4
227
2
380
4
26
4
73
3
381
3
655
3
955
5
869
3
274
4
1136
3
402
1
393
4
111
3
218
3
790
4
228
3
66
3
739
4
684
4
88
4
30
270
3
313
3
286
5
302
4
300
3
272
4
242
4
303
3
269
4
310
2
311
3
1176
4
327
3
307
2
882
2
304
3
331
2
339
2
906
5
903
2
873
1
995
2
258
2
268
1
288
1
245
2
678
1
748
2
990
2
323
1
353
286
5
326
5
300
5
876
4
288
5
289
5
321
5
294
5
329
4
330
4
322
4
261
4
328
4
245
1
748
4
678
4
358
4
243
2
299
3
258
4
508
4
7
5
150
5
100
3
864
2
475
3
1
5
1142
4
237
5
181
5
993
5
50
5
257
4
93
5
1016
4
295
3
246
4
284
2
534
5
235
4
763
5
455
4
222
4
298
5
248
3
293
5
109
3
255
4
596
4
111
5
819
3
815
3
597
4
756
4
412
4
24
5
1017
3
685
3
118
4
117
5
717
3
471
2
123
4
174
5
56
5
68
5
12
4
228
4
1039
4
89
4
55
5
202
5
98
5
216
4
11
5
496
5
173
3
477
4
531
5
589
4
144
5
204
5
69
5
433
3
99
5
168
3
65
4
96
5
389
3
588
4
95
5
234
5
642
4
357
5
423
5
427
5
185
5
806
3
470
2
17
5
28
4
22
5
1267
4
179
4
88
2
200
5
374
4
940
3
79
5
268
4
267
5
333
5
881
4
335
3
681
3
331
3
183
5
367
4
218
5
231
3
692
5
42
4
527
5
156
3
47
3
195
5
39
4
627
5
172
5
1019
4
64
5
436
3
465
5
418
5
379
4
44
4
41
3
206
3
71
5
184
4
196
5
501
5
203
4
625
5
134
5
240
4
282
5
233
4
1217
4
542
3
4
2
31
4
946
4
824
3
227
3
158
5
1047
5
426
4
90
4
672
5
217
3
125
5
405
4
132
5
215
5
161
4
94
5
385
5
82
5
410
5
27
4
564
4
404
5
794
5
622
3
229
4
66
5
658
5
1208
4
159
4
49
4
684
5
800
4
332
4
1014
3
1089
2
147
4
249
5
121
5
363
3
1028
4
1088
2
1034
2
250
3
281
4
1277
4
3
5
546
4
252
5
974
4
291
4
532
5
290
3
833
4
742
5
930
3
472
4
122
3
413
3
148
4
1278
5
105
4
254
2
929
4
236
5
1095
3
1244
4
411
5
1079
3
1279
4
1013
4
928
4
827
4
1245
3
1276
4
820
5
1049
3
934
4
975
5
407
2
1215
2
932
3
619
4
443
5
419
5
58
2
5
4
761
3
568
5
469
5
128
4
772
4
959
4
230
3
54
5
188
4
731
3
143
5
403
5
949
3
366
5
53
3
746
5
939
4
729
4
944
4
67
4
1058
5
33
5
802
5
665
3
62
4
567
2
552
5
392
4
38
4
210
5
554
4
1275
5
541
3
2
4
1220
5
1136
4
226
5
765
4
739
5
393
5
420
5
219
5
1246
3
84
4
63
4
262
3
307
4
270
5
1280
4
1151
3
276
4
449
4
398
3
566
4
779
4
29
3
550
5
450
2
798
1
808
5
771
2
1228
3
578
5
373
4
743
2
1231
4
572
3
1274
2
239
4
271
5
689
2
890
4
721
3
569
3
452
4
444
4
816
5
769
3
565
3
453
3
1248
3
356
4
1273
2
77
5
1046
4
982
1
1210
2
1207
1
1157
3
931
2
269
4
682
4
888
3
342
3
176
5
343
4
346
4
313
5
751
5
895
5
347
4
892
3
315
4
538
5
901
1
894
4
305
4
350
4
354
5
355
4
353
1
316
4
752
5
555
4
272
5
669
4
30
248
3
14
5
124
5
845
4
274
3
287
4
1
4
275
2
744
4
100
5
19
4
127
4
293
3
813
3
137
1
126
4
286
5
297
4
221
3
1281
4
750
5
313
5
302
5
285
5
276
5
251
5
242
5
269
5
9
5
536
5
0
0
0
55
294
4
325
4
258
4
288
3
260
3
321
4
324
3
327
4
475
4
744
4
183
4
173
4
12
4
23
4
176
4
603
4
653
4
98
5
56
4
228
4
185
4
939
4
265
3
234
4
55
4
203
4
449
3
233
3
229
2
227
3
504
4
79
3
230
3
452
2
431
2
642
4
443
4
5
3
566
3
33
3
39
3
943
3
470
4
581
4
379
2
564
1
1217
2
226
3
1046
3
1208
3
54
3
77
4
802
2
554
3
38
3
35
313
2
286
5
303
4
269
5
257
3
258
5
14
5
100
5
137
5
475
4
847
4
127
5
9
5
276
5
124
5
19
4
283
4
298
4
1142
4
744
5
237
4
116
5
275
4
15
4
515
5
117
4
56
4
647
5
223
4
318
5
747
4
42
3
204
4
89
4
525
5
47
690
2
300
5
748
4
327
4
289
3
266
5
260
3
680
5
687
4
243
4
121
5
222
5
50
5
237
4
15
4
597
5
250
5
117
5
181
5
257
5
1
3
866
3
546
5
118
5
685
5
472
4
405
5
235
5
249
4
1028
5
1117
2
411
5
476
1
51
1
174
5
210
5
96
5
144
5
55
5
195
5
183
5
79
5
172
5
385
5
89
5
261
5
892
3
51
14
3
111
4
100
5
116
2
1
4
150
3
137
5
285
4
117
4
742
4
13
4
222
4
151
4
15
4
121
4
147
4
185
4
487
3
497
5
182
4
209
4
523
5
496
4
98
5
514
5
519
5
187
5
133
4
513
5
484
4
617
4
662
4
211
4
318
5
614
4
194
5
603
4
26
5
435
5
12
5
56
5
509
4
45
5
517
4
483
5
357
4
518
4
474
5
493
4
238
5
602
4
24
286
4
302
3
1233
5
268
4
307
4
242
3
288
4
303
5
1176
4
744
5
222
3
460
3
100
5
246
4
296
4
740
2
237
3
508
4
297
5
676
4
150
4
475
5
458
4
127
5
21
332
3
319
4
258
3
302
4
286
5
288
3
872
3
294
3
321
4
268
4
322
3
334
2
303
5
289
4
325
3
873
2
988
3
245
3
301
3
304
4
880
4
107
286
4
294
4
313
5
258
5
288
3
245
3
322
4
988
3
678
4
323
4
748
3
1142
1
100
4
181
4
50
4
127
2
293
2
1
3
257
3
298
5
290
1
279
1
276
1
222
4
237
4
281
4
591
4
1059
1
292
1
147
4
117
4
742
4
744
5
7
5
15
5
676
5
471
4
151
2
295
5
248
3
619
4
255
4
815
4
1258
4
121
4
284
5
597
4
866
5
405
3
25
5
932
3
864
3
250
4
871
3
1283
3
1028
4
535
5
252
4
410
4
106
5
274
5
1047
4
291
5
825
4
244
5
930
4
472
5
118
5
1023
4
409
5
974
4
926
4
1282
3
756
3
985
4
1244
3
249
2
826
2
235
1
823
3
546
4
1013
1
831
2
717
4
476
3
696
4
225
3
407
2
120
4
1040
3
1014
3
125
5
282
5
126
5
750
1
346
1
328
4
872
1
335
1
330
1
880
1
984
4
259
1
261
1
333
5
300
5
1280
1
33
346
5
288
3
315
3
268
5
350
4
362
3
333
5
294
3
322
2
259
3
895
4
358
2
243
1
338
2
181
5
189
4
514
5
169
5
82
4
147
1
134
5
408
4
124
4
28
4
91
5
186
4
176
5
89
3
55
2
463
3
425
4
7
4
42
4
20
315
4
272
4
313
5
286
2
288
5
258
3
331
5
307
4
690
2
328
4
323
3
1038
3
333
5
294
3
326
5
322
4
271
4
682
3
347
5
325
5
206
286
4
300
3
900
4
258
4
333
3
313
5
303
4
328
3
307
1
750
4
242
4
262
3
327
3
304
4
880
5
288
2
319
3
302
3
326
4
294
4
690
3
271
2
316
5
343
2
751
4
50
5
19
4
251
4
1142
5
285
4
117
4
298
3
181
4
93
1
475
1
248
4
847
4
1
4
124
4
100
5
221
3
7
2
742
4
591
3
14
4
276
3
282
4
508
4
297
4
15
4
126
4
137
4
125
4
845
4
597
4
281
3
9
5
471
4
273
4
284
3
129
4
237
4
257
4
533
4
116
4
293
4
760
2
713
4
1016
3
1197
4
274
3
455
3
147
3
405
4
1284
3
1013
1
1028
3
410
3
1012
4
24
4
20
4
244
3
411
4
476
2
280
1
815
1
823
3
106
3
1138
4
235
1
1226
4
105
2
831
3
1010
3
762
3
191
4
195
5
524
5
234
4
204
2
209
2
655
5
64
5
69
5
183
4
516
2
48
5
514
5
651
4
223
4
59
4
144
4
55
4
963
4
357
4
194
5
193
4
32
4
198
4
474
4
172
4
521
4
187
4
1101
4
478
4
523
5
176
4
647
4
72
4
135
5
170
4
213
4
435
4
56
4
318
5
500
4
12
4
22
5
632
4
685
3
747
5
531
5
54
2
855
4
87
5
58
3
588
4
1147
4
1039
4
70
4
98
4
8
4
174
5
962
4
403
3
73
3
956
4
68
2
729
4
527
5
89
3
96
5
216
4
190
5
215
4
1065
4
423
5
182
3
393
4
196
4
727
3
960
2
153
5
31
3
654
4
466
2
127
4
528
4
1286
4
180
4
4
4
62
2
33
5
173
5
1285
3
709
4
454
3
165
4
470
2
212
5
785
4
778
4
461
4
1169
4
942
4
66
4
699
4
91
2
961
3
197
4
160
2
518
3
65
4
61
3
480
4
707
3
313
286
3
258
4
242
5
300
3
299
4
327
5
688
4
260
4
680
3
259
3
294
4
328
5
933
1
293
4
273
5
111
3
1012
4
515
5
934
1
9
2
7
5
100
5
13
5
181
5
235
4
121
2
924
2
237
5
282
5
993
3
713
4
410
4
742
4
15
2
25
2
150
5
117
5
106
4
406
3
1047
3
1009
2
118
3
240
5
274
3
249
4
109
4
1283
1
1033
1
1279
1
257
5
628
2
405
3
763
4
546
3
925
4
926
3
472
3
685
4
460
1
1057
1
826
2
544
4
1292
1
1087
1
1245
5
823
3
105
2
696
3
825
4
597
4
411
2
1132
3
3
3
1001
4
363
4
1028
5
620
3
1289
1
185
4
39
4
79
5
176
5
56
5
156
5
23
4
31
5
98
5
203
5
164
4
234
5
183
5
1073
5
603
5
55
3
566
5
642
3
939
4
636
4
943
3
265
5
44
5
431
5
789
4
17
3
1248
3
1212
2
1208
4
5
3
1273
5
226
1
1077
3
770
1
554
3
53
2
281
4
159
4
470
5
673
4
379
3
356
4
77
3
1217
2
635
4
800
2
173
5
949
4
727
2
97
5
216
5
202
4
1290
1
553
3
51
3
212
2
549
5
66
4
740
2
737
2
796
3
732
4
88
5
731
3
821
3
278
4
155
2
762
3
869
4
49
3
739
2
738
3
1041
5
728
2
22
5
650
4
11
5
393
5
684
5
358
4
301
4
690
4
266
3
879
5
1025
4
448
5
200
4
558
2
436
5
218
3
569
4
217
3
559
2
816
5
674
4
447
5
219
5
665
5
413
3
563
3
769
2
302
4
331
3
269
5
270
5
682
3
683
3
678
2
983
1
591
4
928
3
123
4
767
2
979
3
977
3
339
3
754
3
343
5
342
4
687
2
338
3
1
3
652
5
89
4
172
5
69
5
209
4
486
3
134
4
59
1
174
5
195
5
96
5
42
5
64
4
238
4
510
4
974
1
276
1
443
3
672
3
637
3
452
3
859
3
590
1
761
4
12
5
250
5
346
5
313
4
751
4
310
4
895
3
315
5
894
1
750
4
898
1
352
4
901
1
275
2
304
2
595
3
692
2
892
2
890
2
308
2
756
2
877
2
1023
1
298
1
631
4
333
2
50
5
230
5
450
3
227
4
222
5
271
4
228
4
229
3
380
3
454
1
62
2
449
3
135
5
820
2
182
5
312
3
471
4
896
2
752
4
268
4
316
5
355
3
348
4
329
4
246
4
236
1
477
2
929
2
1051
2
284
4
760
2
1102
1
1011
5
1288
4
1216
2
827
2
764
2
122
1
831
1
1002
1
407
2
1215
2
368
3
1040
1
412
4
743
1
120
2
1054
1
1287
2
1291
3
54
5
717
3
1046
4
552
5
38
3
572
5
1210
1
1090
2
574
2
394
1
930
2
592
3
771
2
0
20
269
4
319
4
750
5
302
4
304
5
340
4
751
2
690
4
313
4
898
5
305
4
937
3
904
5
292
5
258
4
345
4
286
5
339
5
270
3
301
5
65
496
3
174
5
194
5
1039
2
168
5
175
4
172
5
1149
5
228
4
135
5
509
5
114
5
495
4
357
5
50
5
204
3
7
5
173
5
98
3
69
5
71
5
418
3
133
5
1
4
432
5
189
4
140
1
214
5
474
5
501
4
596
5
169
5
234
3
8
4
177
2
132
4
191
1
70
5
163
4
713
3
56
5
185
1
549
3
164
4
969
4
190
2
238
4
507
5
89
5
116
5
209
5
521
1
529
5
222
4
408
5
78
1
588
4
663
5
227
4
181
5
473
5
127
1
151
4
1012
4
993
4
36
269
5
313
5
286
5
272
3
333
1
262
1
302
4
345
4
319
2
305
4
308
2
346
4
258
3
327
2
896
4
310
2
328
2
268
4
300
3
874
3
1296
3
303
4
311
3
340
4
301
3
1295
3
245
3
325
2
321
2
326
3
338
2
323
2
678
2
312
1
689
2
337
2
32
288
4
319
4
324
4
268
5
1
4
147
4
124
2
100
2
181
5
246
5
50
5
458
4
475
5
273
4
291
4
235
4
151
4
150
3
123
4
13
4
127
5
93
4
278
2
14
4
293
4
129
4
276
5
221
4
628
4
410
4
121
2
325
1
307
328
3
286
5
258
5
302
3
321
4
748
2
301
4
300
4
260
1
223
5
318
5
462
4
98
4
174
5
464
4
427
5
173
5
435
4
134
4
498
5
480
5
1
5
1286
5
523
5
1070
4
835
5
503
3
660
4
9
4
28
4
186
4
813
4
474
5
408
5
175
5
494
4
483
5
169
5
114
5
792
4
663
4
176
2
224
5
136
4
81
5
172
5
497
5
14
5
191
3
153
3
228
5
482
4
86
5
12
5
919
5
675
2
69
4
181
5
741
2
507
5
962
1
210
4
661
4
945
5
87
4
215
3
522
5
209
4
275
5
194
4
208
4
478
5
203
3
1039
4
135
5
198
4
652
5
89
5
193
4
124
5
100
3
654
4
939
4
611
4
836
4
64
5
491
4
484
4
582
5
199
3
747
3
357
5
499
5
1101
4
52
5
178
5
317
5
7
4
432
5
83
5
603
5
204
4
837
4
79
4
183
3
154
4
195
3
277
4
692
3
481
3
132
5
487
5
170
5
512
5
31
3
216
4
642
3
664
5
461
4
492
3
531
3
420
5
657
5
151
5
509
4
709
5
705
5
514
4
133
5
372
5
234
4
82
3
58
4
213
5
684
3
702
3
631
3
528
5
965
5
419
3
143
5
15
4
56
4
1050
4
506
4
1044
2
488
4
10
5
171
5
4
5
70
4
147
2
443
5
436
3
953
5
1006
1
66
4
659
5
496
4
473
4
485
5
486
5
200
3
463
5
93
5
222
5
418
3
50
5
584
3
699
4
845
4
686
3
662
4
121
5
152
3
131
5
609
4
490
5
430
4
735
5
1269
5
47
3
847
5
189
5
168
5
25
4
466
5
606
5
1298
4
378
4
707
4
525
4
423
4
211
5
971
5
610
5
489
5
425
4
230
3
429
5
190
4
628
5
470
3
393
2
197
5
65
4
952
3
614
4
287
4
137
5
382
4
381
5
629
4
716
2
162
5
448
2
632
4
633
5
185
4
97
5
638
5
356
2
469
1
504
4
566
3
1098
1
505
5
605
4
73
4
26
3
724
4
238
5
387
5
274
5
736
4
1264
4
1065
3
44
4
1109
4
703
4
414
5
729
4
969
5
428
5
433
3
770
4
782
4
265
5
956
4
805
4
118
3
517
2
529
5
241
3
655
4
88
5
196
4
160
4
227
5
1203
5
13
3
602
4
451
5
516
5
163
4
1197
5
202
5
732
4
111
4
385
3
91
2
627
2
761
3
1297
1
922
4
1113
4
371
4
1017
2
125
4
164
5
1047
2
405
3
49
3
51
4
417
3
559
2
380
5
781
3
33
5
826
1
411
4
1041
3
549
4
1074
2
561
3
755
3
972
4
775
2
231
1
546
2
290
1
402
3
476
3
1299
4
929
3
966
4
322
2
102
286
5
301
3
283
4
275
4
237
5
151
4
111
5
117
4
15
5
280
5
596
2
147
3
25
3
284
5
685
5
294
4
125
5
274
5
121
5
278
4
1028
5
740
4
866
5
1014
2
21
3
412
2
411
4
1054
1
120
2
215
5
153
4
191
5
692
5
660
5
98
2
69
5
173
5
143
5
483
5
204
4
487
5
632
4
133
5
162
5
234
4
132
5
97
5
1053
5
739
5
33
5
367
3
559
1
504
4
549
4
161
5
51
4
157
5
781
5
944
4
778
3
699
5
451
5
1136
5
371
4
720
5
527
4
49
5
167
5
80
5
1041
5
67
5
1035
4
410
4
22
5
8
5
966
5
402
5
568
5
423
5
71
5
763
5
155
5
393
5
1301
5
775
4
790
5
871
3
401
3
783
4
716
5
364
4
780
5
241
4
220
5
255
5
724
5
88
5
785
5
794
5
66
5
845
3
1300
4
23
294
2
321
3
323
2
322
3
678
2
325
2
64
5
216
2
265
4
357
5
174
1
22
2
127
3
56
5
50
1
181
1
172
1
568
4
510
3
182
5
79
5
187
2
258
5
51
242
3
302
4
286
4
288
3
258
3
333
3
324
2
289
2
874
3
137
3
50
5
174
5
61
4
515
4
919
4
357
4
640
5
945
3
182
5
474
5
651
4
172
4
175
5
480
5
488
4
462
3
479
4
482
4
641
5
523
5
191
4
200
5
475
4
152
4
89
5
414
4
642
3
222
2
496
3
211
4
185
5
143
3
708
4
135
5
197
5
806
4
527
4
238
5
484
4
202
3
187
5
22
328
2
286
4
288
3
331
3
872
3
321
4
319
3
324
2
300
2
292
3
327
2
245
2
332
2
326
2
306
5
294
3
990
3
323
2
988
2
748
2
325
2
322
2
37
346
3
211
4
480
5
641
5
64
3
124
3
357
4
83
3
655
3
100
4
205
3
192
4
137
4
515
3
9
4
180
5
197
5
48
4
178
5
806
3
187
5
12
3
276
3
86
4
58
4
317
4
11
2
651
4
157
4
528
4
77
2
661
4
318
4
772
3
646
4
22
3
510
4
51
286
5
515
5
150
5
1
5
1302
5
293
5
235
5
313
5
340
5
268
5
273
5
298
4
740
2
137
5
255
3
289
4
269
4
276
4
111
3
748
2
250
1
117
5
258
3
1016
5
405
3
147
5
685
3
597
3
244
5
118
2
127
5
50
4
100
5
475
3
283
4
93
3
508
5
3
3
25
3
290
4
274
4
1051
4
410
4
934
2
1132
3
1258
5
1283
2
476
1
1244
3
407
4
120
1
173
302
4
294
1
271
4
275
5
408
5
273
3
127
5
250
4
149
3
116
5
129
5
181
3
285
5
100
5
221
2
283
5
1
4
137
5
744
4
123
3
293
4
471
4
10
4
298
3
1011
4
148
4
118
5
544
2
284
5
277
4
472
3
1016
3
866
2
121
4
117
3
546
3
7
5
125
3
222
3
244
4
455
4
410
3
235
1
252
3
823
2
107
3
825
4
217
5
729
3
89
5
694
5
483
5
525
5
50
4
325
4
978
3
120
1
24
4
286
4
593
4
124
4
20
4
985
4
111
4
742
4
1067
4
1047
4
128
2
510
3
228
5
182
5
511
5
56
5
651
5
210
4
190
5
79
4
183
3
530
4
96
4
684
3
187
5
188
4
174
5
22
5
11
4
176
4
82
5
172
4
39
5
518
4
195
5
177
4
435
5
184
3
92
4
55
4
241
4
144
4
550
3
570
3
385
3
230
2
770
5
583
3
161
2
233
3
232
3
4
4
431
5
566
3
227
2
686
5
665
2
568
4
68
3
229
3
636
4
231
2
399
3
38
4
576
4
29
3
562
4
403
4
809
3
226
3
797
3
62
5
810
4
373
2
53
1
798
4
450
3
449
2
803
3
1303
3
42
3
186
3
173
5
194
5
238
5
367
4
83
5
659
5
8
5
216
3
168
5
652
4
204
4
209
5
202
5
648
5
709
5
163
4
433
3
516
5
745
4
175
4
1098
4
502
4
154
4
580
4
239
3
430
5
208
5
514
3
72
3
85
4
414
4
731
2
70
4
290
4
93
286
1
872
1
319
1
301
2
948
2
326
3
289
2
323
4
322
5
245
5
748
3
243
4
988
3
678
5
237
3
291
4
9
3
276
5
471
4
7
5
293
4
273
5
1049
4
15
5
595
5
117
5
121
3
628
3
111
4
871
4
126
5
591
4
1012
5
25
5
845
1
1013
4
125
5
742
2
130
1
685
4
225
4
298
5
815
3
274
3
756
4
1152
4
118
4
932
3
1028
5
866
5
476
5
405
5
1048
3
1132
5
831
2
103
1
546
4
411
3
1023
2
829
4
220
5
1278
3
930
4
412
3
1095
5
456
3
832
3
127
5
1092
2
597
5
310
5
24
5
250
3
1190
5
254
3
294
4
1258
1
288
3
72
3
364
1
67
1
1002
3
1221
5
1014
4
249
4
588
2
1254
1
1037
2
451
5
96
4
195
3
272
5
255
3
120
100
5
408
4
9
3
137
4
825
2
952
4
124
4
628
3
1016
4
150
4
93
5
50
4
293
5
933
3
922
5
273
5
285
4
117
4
475
5
7
3
844
3
1
4
508
5
282
4
763
4
458
5
544
4
276
5
250
4
1197
4
15
2
1142
5
237
3
118
3
248
5
1134
4
129
4
123
4
412
3
13
4
240
4
151
4
126
3
762
3
926
2
410
4
21
1
24
5
1012
5
455
4
3
3
187
5
127
5
693
5
56
5
182
5
405
3
864
1
832
1
288
5
109
2
719
3
1019
5
474
4
461
5
589
3
168
4
514
4
11
4
55
4
462
4
201
5
497
4
157
5
59
4
79
4
32
5
447
4
195
4
483
5
463
4
604
4
23
5
1073
4
671
5
213
4
174
5
135
4
175
4
230
2
640
3
153
3
234
5
460
2
432
3
209
4
161
3
969
1
185
5
192
5
4
4
603
4
430
5
1223
4
564
3
61
4
218
4
770
4
169
4
202
4
160
5
488
5
211
4
484
5
228
2
955
4
531
5
302
5
328
3
325
3
0
42
294
3
358
3
25
4
50
5
508
5
298
4
742
4
222
4
181
4
1
4
117
4
7
3
1047
5
628
4
685
3
1012
4
826
3
237
4
121
4
147
4
544
4
151
3
122
2
597
4
1011
4
105
2
254
3
1019
4
474
3
943
4
42
3
403
3
79
4
55
3
144
3
208
3
28
4
174
4
11
4
179
3
230
2
710
4
0
0
30
325
4
258
5
304
3
332
4
270
4
326
5
288
2
260
3
328
3
419
4
127
4
181
5
91
4
216
4
69
3
15
5
500
3
169
5
202
4
156
3
223
4
1119
3
651
5
318
5
174
4
372
5
222
5
176
4
187
3
432
5
20
313
5
315
3
288
3
258
4
286
1
347
5
346
1
294
3
751
4
328
5
323
5
322
5
300
5
748
2
687
1
984
5
243
3
688
3
343
4
894
4
0
69
294
4
313
5
258
4
323
3
300
5
748
2
259
2
325
1
678
1
988
2
181
4
117
5
100
4
15
5
742
5
282
5
9
1
1012
5
1
5
273
4
619
3
7
1
1278
3
255
1
280
4
924
2
295
4
596
4
1016
5
257
5
276
1
291
4
845
4
871
3
125
4
121
4
222
5
685
3
123
3
275
3
409
4
1028
2
274
4
25
5
866
5
1197
5
472
3
288
1
405
4
126
5
546
3
118
4
281
2
763
2
151
5
744
5
458
1
1047
2
284
2
597
3
473
2
411
1
1051
4
930
3
235
2
819
4
225
5
252
1
931
3
0
22
292
5
300
5
245
5
322
5
328
3
984
5
258
3
323
3
294
3
288
3
988
3
687
3
333
4
881
3
876
3
299
3
326
5
259
3
678
4
348
3
304
4
749
5
0
27
697
3
425
1
1134
2
772
1
124
4
220
4
463
4
462
3
23
3
430
3
514
3
612
3
606
3
428
4
177
4
488
3
603
3
657
3
478
3
178
3
580
4
485
3
483
3
642
4
183
5
582
4
1172
3
43
258
4
286
5
242
5
268
4
269
4
305
5
302
5
306
5
294
5
321
4
324
5
303
5
262
4
323
5
874
4
299
4
334
4
319
4
245
4
289
4
300
4
678
3
984
4
995
5
326
5
328
5
322
4
331
4
332
4
938
3
879
5
690
5
301
5
937
4
687
1
880
4
327
5
881
3
1265
3
259
3
260
4
329
4
292
5
168
315
5
268
5
340
5
288
3
272
5
333
4
269
5
347
4
332
5
312
5
937
5
126
5
50
4
845
5
14
5
221
4
284
4
100
5
471
5
278
5
246
5
458
4
276
5
1282
5
280
5
244
4
1
3
111
5
412
1
147
4
248
5
846
5
151
3
237
4
1086
5
15
5
1028
4
742
4
696
4
255
5
117
5
762
5
476
4
871
1
118
2
1017
2
950
3
323
1
240
1
763
1
597
3
764
4
107
5
823
4
368
1
1254
1
122
1
934
4
1312
4
28
5
197
5
1262
5
31
4
168
1
12
5
9
5
216
5
132
2
11
5
239
4
582
4
204
4
56
5
98
5
70
5
724
5
648
5
553
5
371
5
716
5
66
5
381
5
402
5
949
5
739
5
747
5
202
5
451
5
662
5
88
5
155
4
49
4
1041
5
781
4
722
4
178
5
125
5
87
5
196
5
162
5
65
5
655
5
124
5
69
5
699
5
215
5
708
5
660
5
423
2
546
3
1053
5
160
5
953
5
715
3
1221
5
1311
3
723
5
29
2
1074
4
1139
2
433
5
210
4
393
4
721
2
158
2
167
3
63
4
40
4
1001
1
780
1
94
2
41
1
401
1
396
1
384
1
67
1
386
1
395
1
383
1
862
1
21
1
80
1
1230
1
575
1
456
1
364
1
369
1
577
1
571
1
407
1
388
1
988
1
99
3
143
5
82
1
417
4
140
4
1035
4
623
3
843
2
951
1
768
1
1033
1
1032
3
415
3
139
3
1091
3
1313
4
38
50
5
176
3
187
4
483
5
172
5
11
5
133
4
98
5
661
4
215
5
869
3
64
5
127
5
273
2
132
3
100
2
508
1
56
2
669
1
195
3
186
4
660
3
71
4
629
3
183
4
234
5
111
4
566
3
96
3
31
4
136
4
496
5
193
4
419
5
9
4
147
3
12
4
88
4
63
288
3
751
1
286
2
319
3
268
5
340
5
345
5
258
4
272
5
305
5
270
4
303
3
874
4
327
3
750
4
321
4
294
2
324
5
289
3
262
4
325
3
328
4
876
3
875
4
347
4
881
3
948
4
343
2
50
5
508
3
150
4
181
3
297
3
100
5
475
5
298
4
250
4
93
5
285
5
1097
4
13
4
246
5
111
4
1008
4
293
5
1012
4
236
4
741
3
222
5
237
3
25
3
7
5
257
1
240
4
952
2
273
4
405
2
151
4
927
3
117
4
458
4
129
3
919
2
115
258
3
302
4
333
4
292
3
340
4
300
2
324
4
270
1
268
3
334
3
288
5
327
3
321
2
294
4
299
4
336
2
245
3
289
2
260
2
322
2
748
3
100
5
154
4
56
5
318
4
60
4
693
4
216
4
129
3
173
4
127
5
182
5
1
3
195
4
135
5
209
4
919
4
963
4
64
4
79
4
197
4
276
5
23
5
223
4
221
3
1039
3
150
4
168
4
508
4
59
4
12
5
22
4
651
3
124
3
196
3
421
3
7
4
475
4
527
4
96
3
161
3
568
3
87
4
181
4
156
5
470
5
176
4
200
4
175
5
153
4
642
4
183
4
42
4
172
5
186
4
174
4
210
4
144
5
204
3
160
4
203
4
98
5
187
4
179
5
69
1
89
5
654
4
433
4
121
2
1110
3
55
3
238
3
960
3
198
4
11
4
47
3
403
5
1067
4
469
4
806
4
50
5
217
3
1218
4
307
4
271
2
689
3
343
3
948
2
358
2
678
3
243
1
878
1
338
3
92
4
628
2
268
294
2
300
5
331
4
286
3
269
4
288
5
258
4
340
1
751
4
304
4
271
4
328
3
332
3
259
1
245
3
322
3
748
4
678
3
984
2
323
3
1038
2
9
2
124
4
100
4
283
5
7
4
1
4
181
5
742
3
275
5
50
5
222
4
273
3
15
5
16
4
405
3
298
2
111
4
1258
4
471
4
248
4
257
5
293
4
276
3
282
3
127
5
255
4
628
4
281
3
744
3
1197
4
295
3
596
3
472
4
24
3
274
4
1016
4
685
4
763
4
845
4
121
5
1315
4
237
4
118
4
148
4
123
4
1047
2
125
4
1011
3
117
4
363
3
458
3
846
3
235
1
410
4
762
3
280
4
993
5
823
2
819
2
1028
3
926
4
535
3
476
3
696
4
597
4
1033
2
460
2
106
2
978
2
756
3
866
4
455
3
56
4
144
4
480
3
204
4
187
4
427
5
11
5
12
5
22
5
226
4
484
4
520
5
483
4
82
5
64
5
588
4
531
4
203
4
199
4
79
4
194
4
173
5
183
4
153
4
168
4
607
3
510
4
55
4
265
5
178
4
180
3
156
2
69
5
89
4
478
5
95
5
568
4
172
4
83
4
8
4
228
5
423
4
71
4
238
4
174
5
197
2
96
4
202
5
176
4
234
4
28
5
215
5
193
4
216
4
66
4
230
4
317
4
651
4
135
2
566
4
209
4
195
4
98
5
679
4
385
4
318
5
134
3
200
3
746
3
1101
4
684
5
97
5
729
4
435
4
70
4
62
4
735
5
31
4
506
3
809
4
58
5
1169
4
1314
3
658
5
232
5
655
4
454
4
491
4
220
3
76
3
500
4
591
5
164
3
1004
4
241
5
2
4
1157
3
233
4
431
4
157
5
1119
4
724
4
223
4
465
3
654
3
731
4
511
5
99
4
38
3
143
4
39
2
720
3
161
5
549
4
781
4
739
4
218
3
92
3
433
4
196
4
792
5
495
4
790
3
469
3
131
4
184
5
77
4
73
5
214
1
90
3
849
3
367
4
578
4
155
4
51
4
179
2
1035
4
219
4
313
5
333
3
895
3
249
3
319
1
210
5
1048
2
625
3
244
1
246
4
268
4
1012
4
508
3
133
4
1283
3
87
4
229
4
1051
3
540
3
876
2
783
4
881
2
1300
3
873
3
260
1
147
4
358
1
877
2
326
4
316
4
864
2
764
3
546
3
284
4
25
3
619
3
250
4
0
63
258
5
181
2
153
1
762
4
56
5
204
3
655
5
186
4
201
2
372
5
433
5
40
4
367
1
790
1
67
1
68
5
111
5
156
5
235
4
380
5
222
5
121
5
716
1
732
3
1119
3
739
3
747
4
737
3
202
3
83
5
213
5
421
5
216
5
694
5
173
5
778
2
733
5
785
4
318
5
735
4
939
4
69
4
28
3
423
4
12
2
729
5
658
5
196
5
403
3
660
5
191
4
469
5
1131
5
79
3
684
5
356
3
431
4
1046
2
53
5
462
5
631
5
961
5
98
5
435
286
1
319
3
288
4
294
2
332
2
328
3
300
3
333
3
270
4
301
2
323
2
289
4
748
1
678
2
245
2
457
1
948
1
681
1
302
2
269
1
690
3
331
1
879
2
873
1
305
2
995
1
938
1
304
1
682
4
749
1
321
2
886
1
260
1
875
3
264
2
688
1
359
1
1265
1
330
1
877
2
1280
1
259
1
1025
1
880
1
680
1
1393
1
266
1
878
1
258
3
337
1
336
2
358
2
326
1
263
1
335
1
334
1
874
1
262
2
1392
1
268
1
303
1
299
1
327
3
989
1
1295
1
937
3
881
1
984
1
329
1
1026
1
876
1
292
1
872
1
325
2
324
1
990
1
243
1
261
1
991
1
322
1
242
1
687
1
1395
1
308
1
883
1
1394
1
884
1
988
2
887
1
1038
1
360
1
306
1
882
1
307
1
1022
1
683
1
885
1
1296
1
1385
1
1347
1
1384
1
1390
1
1373
1
1068
1
251
1
1330
1
1331
1
1173
1
1383
1
1322
1
1346
1
256
1
1367
2
1339
1
1255
1
1302
1
1380
1
1317
1
1386
1
1387
1
1360
1
1389
1
1161
1
1323
1
1333
1
1319
1
1350
1
1358
1
1342
1
1351
1
1388
1
1379
1
1391
1
1345
1
1252
1
1382
1
1378
1
1341
1
1343
1
1369
1
1348
1
1362
1
1174
1
1359
1
1321
1
1353
1
1366
1
1368
1
1334
1
1371
1
1357
1
1344
1
424
1
1338
1
1340
1
1328
1
1329
1
1352
1
1332
1
1349
1
1320
1
1128
1
1120
1
1363
1
813
2
129
2
1372
1
981
1
1288
1
1312
1
1318
1
1272
1
459
1
593
1
1242
1
1381
2
458
3
236
1
1093
1
1374
1
220
4
14
1
1
3
676
3
1162
1
19
1
628
3
1137
1
1164
3
1324
1
1364
1
1086
1
221
1
150
1
13
2
985
1
137
2
477
1
1282
1
1259
1
1017
1
1087
1
1354
1
980
1
1377
1
1165
1
920
1
1152
2
408
1
124
1
1067
1
1370
1
819
3
1245
1
919
1
1084
2
116
1
847
1
1198
1
126
2
1117
2
1051
2
846
3
103
1
1375
1
456
1
1034
1
1276
1
1081
1
121
4
870
2
742
4
1085
1
455
1
18
1
224
1
598
1
508
3
1060
1
927
1
933
1
829
1
766
1
1129
1
25
5
9
4
718
1
1199
1
149
1
1202
1
834
3
952
1
475
2
1097
1
547
1
275
3
744
2
274
4
1284
1
93
1
1171
1
1010
1
1197
1
111
3
864
2
1115
1
713
2
273
1
276
2
125
3
15
3
845
3
100
3
282
4
844
1
285
2
1187
1
1325
1
926
1
764
1
1289
1
104
1
756
2
6
1
24
1
1047
2
596
4
151
2
741
1
117
2
595
2
405
4
20
1
471
2
222
4
473
2
546
2
544
1
279
1
406
1
112
1
10
2
146
1
763
1
118
2
109
1
1095
1
410
1
16
1
284
2
591
4
476
4
237
5
696
2
1040
1
1028
2
291
3
977
1
7
4
866
1
1001
1
832
1
225
3
986
2
983
2
407
2
287
2
281
2
740
2
1277
2
619
3
1094
1
934
3
1355
1
1365
1
828
1
1163
2
1061
2
1015
1
1337
1
932
1
240
1
929
1
1361
1
1049
1
1002
1
412
2
1079
1
1291
1
1134
2
1376
1
106
2
147
1
235
1
924
3
290
2
871
2
815
3
148
2
840
1
620
2
841
1
1011
1
1356
1
120
1
931
1
982
1
833
1
979
2
283
3
928
3
1336
1
413
2
831
1
1335
1
743
1
130
1
1281
1
930
1
1048
2
597
3
123
2
827
2
1009
1
409
2
411
3
122
2
1008
1
825
1
1151
1
105
1
1215
1
826
1
1327
1
824
1
922
1
978
1
1150
1
976
1
363
1
1132
1
1114
1
820
1
1326
1
975
2
823
2
108
1
107
1
472
1
818
1
1287
1
21
1
1057
2
767
1
1102
1
685
2
1033
1
280
4
974
4
762
2
369
3
925
2
760
1
1054
2
758
1
460
1
717
1
370
2
368
1
950
1
278
2
1059
1
3
2
1052
2
277
1
28
191
4
178
5
69
5
172
5
423
5
203
3
479
5
48
3
181
5
15
4
123
4
50
5
845
3
237
3
100
3
864
4
763
3
1
4
121
3
257
3
293
3
596
5
283
2
126
5
222
3
471
4
111
4
150
3
0
0
48
286
4
196
4
318
4
1020
4
703
4
239
3
23
4
939
3
223
4
47
4
160
1
114
4
275
4
205
3
638
4
701
3
178
4
9
4
269
5
197
5
28
5
86
5
514
5
423
5
321
5
740
4
181
4
276
4
285
5
845
4
111
4
127
5
25
4
279
4
15
3
515
4
50
4
690
4
258
4
480
4
302
4
216
4
199
4
528
4
237
4
447
4
116
4
287
5
67
288
1
300
5
322
5
591
4
742
3
291
4
298
3
121
2
100
4
983
3
925
5
717
3
118
2
106
2
406
1
977
3
281
4
595
3
295
2
79
5
56
3
12
1
44
5
31
4
939
5
203
5
55
4
263
3
1083
1
684
4
250
1
117
5
1042
5
1016
5
566
5
356
5
226
5
1277
4
405
3
470
5
77
5
38
5
159
5
554
1
1046
3
770
2
53
1
1213
3
385
4
237
2
934
3
1385
2
550
4
568
4
540
4
243
2
294
3
225
4
1033
3
820
2
1336
3
596
4
588
4
71
5
95
3
258
1
299
3
56
300
4
137
5
116
5
134
3
523
3
522
3
175
2
210
4
433
4
663
3
435
4
710
4
168
5
8
5
659
5
83
5
173
5
428
4
186
4
792
5
209
4
204
2
70
4
216
5
732
3
86
4
196
4
65
5
735
4
694
5
191
5
651
5
69
4
427
5
28
4
197
4
64
5
23
4
214
4
736
4
135
4
582
1
1119
3
52
4
97
3
1065
4
660
5
423
4
179
5
215
3
213
4
241
3
747
4
707
5
275
5
462
5
112
288
4
300
4
294
2
326
3
877
2
678
3
259
3
144
3
265
5
11
5
632
5
56
4
199
4
205
3
185
4
553
4
510
3
210
4
1263
3
97
5
64
5
98
5
69
4
483
5
485
3
764
4
181
3
864
2
511
2
187
3
77
4
1041
3
484
5
79
5
22
5
318
5
692
5
568
4
143
5
474
4
164
4
157
3
591
5
174
5
50
4
127
4
240
1
419
5
176
4
28
3
118
3
162
4
519
4
234
4
161
3
76
4
96
5
191
3
195
3
209
2
629
4
462
4
468
4
177
4
180
5
194
3
13
4
392
5
651
4
7
5
684
3
204
4
357
4
121
4
470
5
237
3
202
2
38
3
732
3
498
5
742
5
151
3
100
4
673
4
628
5
566
5
356
4
233
3
226
3
5
4
443
4
717
4
159
3
504
3
54
4
218
5
148
4
635
2
769
2
930
4
281
3
1213
2
928
3
554
2
792
2
211
4
153
5
173
5
66
3
88
4
216
5
455
4
0
0
0
35
269
3
258
5
302
5
301
4
340
4
1265
3
289
4
1160
4
127
4
1405
5
813
4
276
2
50
4
255
2
9
5
257
4
25
4
1137
4
100
5
7
4
125
3
515
4
277
3
118
2
284
5
287
4
235
3
121
2
111
2
476
2
252
1
948
3
108
4
1171
2
1061
4
105
268
3
286
4
347
4
750
4
313
4
362
3
328
3
258
3
300
4
333
1
269
4
354
3
690
4
879
3
332
3
301
4
307
4
259
2
682
1
905
4
288
1
260
1
352
1
327
1
895
1
343
1
294
1
1258
3
1406
4
280
4
100
5
159
4
485
5
487
5
237
4
693
4
435
4
781
3
96
1
195
1
1090
2
845
4
941
4
282
5
194
4
69
5
508
4
199
5
56
1
153
4
174
4
210
4
79
4
684
4
82
2
24
2
33
3
161
3
117
4
121
3
403
3
405
3
541
1
29
3
38
3
562
3
554
3
826
2
1407
3
553
4
274
3
815
3
111
1
402
3
155
4
722
3
739
4
1074
3
673
4
234
3
928
2
23
4
443
4
742
4
218
4
393
4
465
3
755
4
1078
4
627
4
73
3
580
4
72
2
25
4
790
3
763
3
94
3
410
3
1132
3
476
2
122
1
412
3
869
3
368
1
407
4
305
294
4
321
3
286
1
259
2
991
2
659
4
496
4
187
4
127
5
655
5
435
4
12
5
491
3
357
4
183
3
483
4
174
4
507
4
132
3
511
4
86
3
651
3
265
4
526
4
427
4
482
3
419
2
173
5
79
3
186
5
234
3
530
4
514
3
479
3
136
5
192
5
178
3
467
5
185
4
83
3
633
3
168
5
89
3
657
4
318
5
478
3
98
4
179
4
199
4
208
3
181
3
210
3
50
3
238
5
474
4
4
4
172
3
519
4
510
4
527
4
135
3
22
5
182
3
488
3
647
4
175
3
498
3
69
4
523
5
317
4
195
3
180
3
95
3
8
3
134
2
191
4
517
3
56
5
648
4
64
5
209
3
559
2
198
3
197
4
732
3
516
3
509
3
188
4
203
3
425
2
26
3
414
3
70
3
28
5
204
4
404
3
654
2
23
4
566
4
568
2
503
4
239
3
58
4
433
3
443
3
87
4
177
3
679
2
661
5
616
3
213
2
194
4
529
4
133
3
161
4
81
2
216
3
504
2
705
2
196
3
44
4
562
2
432
4
393
2
402
3
692
2
212
1
82
2
202
3
693
4
515
4
205
3
431
4
215
3
71
4
481
3
97
3
518
4
663
4
211
4
588
4
710
3
792
4
62
2
30
3
521
4
550
3
1044
2
385
2
99
3
143
3
1045
2
735
4
1220
3
193
4
218
4
356
2
91
3
770
4
367
3
1107
3
417
2
624
2
366
2
226
3
951
3
466
4
54
3
52
4
580
4
451
2
625
3
73
3
387
2
739
3
549
3
715
3
66
3
77
3
470
3
660
3
465
3
946
3
642
2
371
3
403
2
241
2
780
2
783
2
219
2
808
2
1112
3
94
3
708
3
29
2
399
2
576
2
1091
3
376
2
570
3
289
1
227
1
229
1
230
1
640
1
228
1
582
1
380
1
78
1
790
1
117
3
9
4
7
3
237
3
222
1
1
4
15
4
276
3
124
4
118
3
100
4
405
2
762
3
864
2
284
3
13
4
282
3
274
2
121
2
1011
3
628
3
281
2
471
3
25
2
1093
3
410
3
1028
2
235
2
820
1
546
3
225
3
456
1
520
5
154
3
485
3
604
3
631
2
837
4
165
4
153
3
223
4
744
3
157
4
144
4
125
2
423
3
736
2
501
3
502
4
88
3
76
2
51
4
31
3
67
1
756
1
162
3
167
2
152
3
939
3
155
3
971
3
1211
2
160
2
623
1
542
3
1412
2
944
2
159
3
629
3
941
2
1409
2
90
3
1058
2
737
4
1410
2
1041
2
232
2
636
2
720
2
997
3
674
2
72
3
1411
1
1066
3
1206
1
1183
2
575
1
871
2
383
1
449
1
540
1
450
1
712
3
1408
1
1207
1
83
753
3
67
2
779
2
771
2
1407
2
384
2
1414
2
386
2
1415
1
373
3
507
4
651
5
181
5
100
5
135
5
132
5
127
5
143
5
451
5
134
5
234
5
304
4
500
4
748
2
1228
1
47
5
1013
3
1417
3
431
3
1052
1
797
3
1413
2
407
2
982
2
1030
2
809
3
1315
4
273
4
433
3
109
3
242
4
271
4
1014
4
325
2
615
4
469
3
276
4
823
4
258
4
235
3
751
4
1089
4
678
3
358
2
313
5
582
4
213
4
921
3
198
3
328
4
831
2
636
2
1416
2
413
3
366
3
477
2
887
4
508
3
326
3
877
3
186
3
60
3
99
3
61
3
1084
4
265
4
227
3
59
3
1193
4
55
4
154
3
496
4
298
4
39
242
3
286
5
269
3
306
4
340
3
1022
4
251
3
257
2
1007
4
1241
3
428
4
381
4
202
3
8
5
116
3
285
5
655
5
111
4
238
4
153
5
173
2
70
3
382
4
393
4
287
3
663
5
66
3
845
4
25
4
13
2
762
3
67
5
692
5
580
2
411
4
108
4
1118
4
94
3
110
1
0
181
690
3
300
2
258
4
748
2
323
2
343
3
682
3
127
5
50
5
222
3
298
1
181
4
1
4
1142
5
25
2
117
1
15
3
291
2
1117
3
137
4
249
2
871
1
475
4
7
4
276
3
1245
4
93
3
24
2
410
1
248
3
455
3
237
2
6
2
108
3
1014
2
121
3
148
3
280
3
151
4
405
2
763
3
118
2
823
2
411
1
1244
2
979
5
820
1
369
1
1094
1
122
1
824
2
427
4
707
2
156
3
97
3
176
4
172
4
228
3
265
3
64
4
175
3
187
4
200
4
480
4
357
5
195
3
180
3
474
5
100
1
11
4
56
5
651
4
498
3
173
4
55
3
382
4
531
5
318
4
69
4
204
3
98
4
95
3
210
4
183
5
198
4
168
4
429
4
70
3
654
5
203
3
186
5
238
4
693
3
234
3
193
4
153
4
31
3
201
3
746
4
182
4
923
3
135
5
527
4
434
3
196
3
154
4
215
4
132
4
431
3
58
3
658
3
188
5
197
4
65
2
423
3
214
4
217
4
381
3
526
4
511
4
174
5
433
2
96
4
81
5
692
2
73
3
71
3
161
3
51
3
356
3
216
4
23
4
549
3
79
3
208
3
164
3
470
3
27
2
89
5
631
3
660
4
640
3
191
4
568
3
509
4
559
3
385
3
684
3
1169
4
727
4
518
3
143
3
131
3
184
3
230
3
402
3
655
4
447
4
428
4
629
4
179
4
241
3
501
4
959
3
185
3
33
3
636
3
403
4
229
3
367
3
218
3
939
3
82
3
128
3
673
3
581
3
462
3
4
3
101
5
652
3
942
4
40
258
4
269
5
242
5
286
5
892
1
268
5
324
1
989
1
539
1
313
4
751
3
259
1
322
2
678
1
294
1
243
1
988
1
948
1
687
1
323
3
408
5
116
5
100
3
813
3
93
4
9
5
221
4
1
1
7
4
117
3
276
4
285
4
508
4
475
5
1326
3
1354
1
473
4
405
2
14
4
111
3
207
304
5
258
4
325
5
243
3
276
5
125
5
742
4
151
3
410
3
25
4
121
5
117
5
225
4
118
4
222
5
1060
3
148
4
1
5
455
3
924
5
7
4
147
5
685
4
473
4
717
4
756
3
840
4
841
3
826
4
596
4
363
3
760
4
930
3
597
4
411
3
1049
3
929
4
313
5
288
5
286
4
294
4
748
3
323
3
984
3
245
3
196
4
9
4
892
4
890
4
358
5
24
2
820
3
112
3
652
2
758
3
405
3
934
2
409
2
123
4
15
4
546
3
282
4
280
4
472
4
107
3
235
2
1028
2
265
5
45
3
228
5
568
5
22
4
50
5
692
3
135
4
230
5
528
4
174
5
483
5
318
5
205
4
432
5
28
5
357
5
588
5
143
5
79
5
673
5
191
5
173
5
183
5
172
5
88
4
478
5
69
5
89
5
169
5
195
5
204
5
56
4
99
5
392
5
462
4
208
5
8
4
496
5
210
5
98
5
161
4
95
5
227
5
431
5
451
4
402
4
179
4
48
2
495
3
465
4
188
4
660
3
193
4
419
4
423
5
202
5
58
4
378
5
215
4
141
4
515
5
234
4
380
5
96
5
71
4
218
5
393
4
609
3
443
5
501
4
11
5
72
4
584
4
1073
3
549
4
33
4
509
4
239
3
176
5
523
4
82
5
177
4
527
4
229
5
385
5
755
5
68
5
241
4
582
4
622
3
470
4
1091
4
43
3
91
4
420
5
559
4
679
4
54
4
365
5
140
4
1217
4
951
5
429
5
447
4
2
4
739
4
94
4
578
5
226
4
401
2
580
2
720
4
62
5
1411
3
1219
3
38
3
674
4
586
4
576
4
63
4
570
4
391
4
1139
3
802
4
29
4
552
4
449
5
139
3
768
4
542
3
665
4
812
4
560
4
231
4
1419
5
1228
4
771
4
373
4
132
5
386
313
5
292
3
242
4
750
3
302
4
268
4
258
2
303
2
286
2
895
3
991
4
896
3
751
3
346
4
324
5
332
2
340
5
288
4
682
3
333
2
334
4
886
1
304
2
271
4
331
4
319
2
260
4
321
3
315
3
325
5
289
2
326
2
358
1
651
4
357
4
185
5
28
3
56
5
172
5
318
5
12
4
210
2
71
3
432
3
98
4
187
3
1069
2
1131
5
482
4
527
3
207
3
216
4
173
3
221
3
556
4
479
4
195
3
408
4
64
3
642
4
100
4
607
4
48
3
182
4
509
3
128
2
847
2
483
3
59
4
515
5
480
4
276
5
1039
3
1425
3
521
2
86
4
192
4
1355
1
658
3
1070
5
196
4
171
3
421
2
127
5
87
3
656
4
23
4
4
4
454
2
156
4
1137
4
213
4
198
4
190
4
1193
4
582
5
855
4
1194
4
1073
2
212
4
26
4
57
4
45
2
61
2
381
3
702
1
206
2
70
3
640
4
960
2
1268
4
737
2
1006
2
518
4
1187
3
174
3
188
4
435
4
11
4
222
3
511
3
22
2
7
3
79
4
89
3
92
3
184
3
181
2
183
4
568
3
144
4
176
4
803
2
232
2
686
2
281
2
273
2
431
1
685
3
96
4
566
3
583
1
770
3
403
3
405
4
825
1
385
2
39
1
228
3
117
2
2
2
68
2
241
2
455
3
230
3
33
4
844
2
558
2
234
5
200
5
441
1
201
4
443
3
447
5
448
3
17
3
164
3
559
2
773
4
637
3
436
3
217
3
219
4
777
1
670
4
672
2
567
3
1098
2
514
3
202
3
475
4
1100
4
655
4
116
1
209
3
789
3
211
3
69
2
423
4
137
4
124
3
204
4
589
3
962
4
1424
3
705
3
9
3
223
4
772
5
238
3
160
5
197
4
654
3
1063
3
466
4
469
4
157
4
1065
3
588
4
923
3
1056
2
275
4
317
3
747
2
1
3
93
5
42
4
505
3
1192
3
134
4
1211
3
65
4
1166
3
461
4
644
3
603
4
531
2
693
4
1427
2
735
3
25
3
95
3
1426
2
513
3
240
3
186
3
1428
4
10
3
1422
2
31
1
226
3
979
2
684
3
123
2
649
3
943
3
121
2
203
5
285
4
50
4
82
4
129
4
191
4
179
5
218
4
506
4
55
4
767
4
406
1
413
3
370
1
853
4
37
2
667
2
396
3
774
1
53
3
800
2
452
1
551
1
665
2
440
2
563
1
379
3
438
1
145
3
590
1
955
3
692
3
150
4
467
2
175
2
32
3
806
3
193
3
180
3
1398
4
695
1
673
3
97
2
697
4
425
3
708
4
46
4
20
2
239
1
1229
3
544
2
591
3
237
4
284
3
215
2
1163
1
715
4
282
2
458
4
508
4
1103
3
81
1
58
4
956
4
464
1
972
3
733
3
146
1
1010
3
792
4
950
3
47
4
699
3
1136
1
471
2
1401
2
1174
5
15
3
856
3
1153
2
76
4
125
2
631
2
1135
5
549
3
148
1
51
2
924
3
1227
1
77
2
1045
2
581
3
380
1
387
2
1128
4
1011
3
1423
3
27
3
1008
3
1224
2
546
2
660
3
980
3
676
2
36
1
468
4
1208
4
587
4
823
3
1220
2
729
2
402
2
1245
4
1421
3
366
2
537
3
1169
4
1170
4
1267
3
29
3
919
3
462
1
8
3
596
4
99
3
473
3
375
3
265
3
231
2
679
3
233
4
578
2
118
1
636
2
597
2
62
1
227
4
272
3
269
3
20
286
1
258
4
242
3
269
4
481
1
515
1
172
3
516
4
173
2
195
4
604
5
204
3
1
3
96
4
423
3
318
1
283
3
484
4
191
2
179
1
43
288
5
258
3
294
2
326
4
321
3
271
3
304
3
336
3
332
5
879
4
748
2
890
2
323
3
181
5
150
5
257
3
475
3
222
4
458
3
24
4
283
5
1
3
151
4
100
1
237
3
619
3
7
3
471
4
1049
2
250
4
744
2
248
5
148
3
477
4
117
4
50
5
276
4
628
4
815
4
742
3
282
1
993
3
93
4
0
22
300
3
286
2
315
4
304
3
313
3
258
3
242
4
269
3
294
3
326
4
328
3
1025
1
875
2
322
3
678
1
333
4
268
2
316
4
984
1
289
4
748
4
243
2
64
333
4
288
5
313
5
300
1
272
5
258
4
332
3
310
5
309
2
294
2
690
2
682
3
326
1
245
1
260
3
895
5
343
1
323
1
873
3
678
1
748
4
990
1
336
1
314
1
900
1
1430
1
1022
1
359
1
749
2
683
1
1394
1
750
3
1313
1
346
5
903
2
362
1
896
4
315
5
269
4
1431
1
1062
3
1429
1
1233
1
882
1
891
2
308
2
262
1
1024
1
337
2
1176
1
242
3
1175
1
1433
1
1127
4
904
1
889
2
691
1
1395
1
360
1
340
3
361
1
1434
1
1432
1
302
5
225
100
2
475
2
56
4
194
4
294
3
286
2
117
3
276
2
121
3
14
4
127
5
317
4
1023
3
70
3
204
3
202
3
435
4
1170
2
13
3
997
1
716
3
1225
3
367
3
298
3
188
3
22
3
684
3
195
3
92
2
385
3
568
4
55
3
144
3
566
4
161
4
562
2
38
3
526
4
471
3
1046
4
183
2
185
4
98
4
79
4
23
4
875
2
197
4
423
4
483
5
133
4
58
3
642
3
134
4
205
4
458
3
281
3
685
3
597
3
827
3
841
3
546
3
742
4
591
3
628
3
291
3
414
2
239
3
792
2
787
3
866
3
73
3
238
2
25
4
1012
3
107
3
15
4
4
4
203
3
191
4
468
4
233
3
318
5
170
4
82
3
68
2
226
2
33
2
810
2
763
3
284
3
748
3
535
3
153
5
411
3
864
3
692
3
174
4
129
3
826
2
696
3
137
3
1435
2
28
4
179
4
192
3
135
2
849
3
2
3
554
2
576
3
428
4
410
3
393
4
269
4
462
3
255
3
60
3
175
1
3
2
59
4
265
3
64
5
712
4
1028
3
96
3
660
4
150
3
631
2
531
4
746
4
237
4
655
4
69
4
514
4
986
3
248
3
832
3
42
4
187
5
735
4
509
4
216
5
125
4
1378
3
18
2
1350
2
181
3
1049
3
978
3
756
2
173
3
258
4
1098
4
527
4
186
4
609
4
993
3
508
4
245
3
1333
3
241
3
1331
3
154
2
8
3
1118
3
461
3
12
3
11
3
131
3
156
2
293
2
273
4
433
3
524
4
45
3
65
3
290
2
88
2
1436
3
210
3
160
2
529
4
521
4
357
5
143
4
211
5
515
5
208
4
722
3
158
3
322
3
1272
3
754
4
282
4
319
3
1115
2
1147
4
580
3
520
4
180
3
470
3
540
3
223
3
171
3
5
3
111
3
871
5
1102
3
538
2
196
4
9
4
845
3
1197
4
53
1
1226
2
517
3
805
3
87
4
1242
5
1283
4
328
2
476
2
224
3
313
4
847
3
33
310
4
302
1
216
5
88
5
514
4
367
2
204
3
430
4
523
4
56
2
208
4
194
5
211
5
517
3
393
4
428
4
435
5
70
3
663
5
202
4
66
4
781
3
186
4
996
3
524
4
197
5
97
4
662
4
371
5
381
3
402
4
739
4
86
2
33
286
2
1137
4
181
4
408
4
14
3
9
3
50
5
127
5
285
5
249
2
1086
4
129
2
293
4
276
2
251
5
16
4
813
5
898
3
304
2
301
3
766
4
1
5
321
4
906
2
351
2
349
2
1105
2
333
2
269
2
242
4
271
2
688
1
258
2
117
300
4
23
5
58
4
662
2
969
4
56
5
832
3
173
4
211
5
153
5
154
4
517
4
168
5
25
4
435
4
163
3
208
5
4
4
523
4
655
5
1118
4
186
4
210
5
821
3
514
5
792
3
70
4
204
5
274
5
152
5
732
4
763
2
257
5
1012
4
290
4
255
4
864
3
235
3
926
2
411
3
1028
3
50
5
1
5
181
5
276
5
127
5
65
4
708
5
315
5
301
4
243
2
327
4
180
4
176
4
568
4
187
5
392
3
174
5
134
5
484
4
651
4
114
4
28
4
357
5
132
4
527
5
185
4
182
5
172
5
403
4
230
3
135
5
79
4
161
5
197
5
205
4
179
3
195
4
657
4
98
5
97
5
380
4
69
4
483
5
96
4
404
5
482
5
631
5
692
4
956
3
99
4
501
4
200
5
234
4
465
4
188
3
684
3
402
5
160
4
121
4
202
5
735
4
423
5
420
4
443
4
953
3
654
5
216
4
88
4
222
4
447
5
755
3
419
4
44
3
15
4
219
3
679
3
37
687
2
286
4
303
3
457
4
528
4
423
5
491
3
526
4
205
5
705
4
199
5
228
3
520
4
462
4
275
2
1330
3
443
1
357
2
9
3
69
3
64
3
230
3
596
3
215
5
678
3
310
3
1025
3
300
2
263
3
876
2
1127
1
890
2
127
4
181
1
257
5
455
3
117
4
25
286
4
268
5
269
3
515
4
246
5
127
2
317
5
197
5
427
4
645
3
191
3
86
4
199
5
863
2
527
5
318
5
382
5
631
5
528
5
180
1
179
1
423
4
735
4
87
5
511
4
126
294
3
258
4
288
4
690
3
678
4
50
5
252
3
515
4
7
4
181
4
286
3
475
4
628
5
458
4
1
2
1012
3
100
5
455
4
25
4
222
3
127
5
508
4
471
3
24
5
257
4
924
4
118
4
546
4
405
3
106
4
121
5
273
5
685
3
117
4
841
4
281
4
597
5
831
4
1215
1
235
1
13
4
985
3
284
5
274
5
591
4
125
5
756
2
509
4
234
4
12
5
172
5
173
5
193
4
511
4
582
4
735
5
156
5
521
4
192
5
212
4
185
5
157
4
609
4
318
5
942
4
479
4
69
3
8
3
447
4
98
5
603
5
175
4
474
2
238
5
56
5
778
5
55
5
64
5
627
4
197
5
143
5
182
4
194
4
70
3
214
5
48
5
357
5
692
4
174
5
483
5
504
5
151
5
170
5
2
4
715
5
568
4
133
3
229
4
393
3
684
4
199
5
463
5
187
5
144
5
180
5
432
4
448
4
218
4
200
5
135
5
154
5
478
5
204
5
514
5
11
4
195
5
79
5
132
5
502
5
42
5
97
5
655
4
164
5
213
5
176
4
31
4
0
0
131
408
3
282
5
100
5
181
3
1
4
129
4
93
4
9
4
50
4
1010
3
7
5
237
5
475
5
147
4
150
5
257
3
276
4
249
3
108
4
151
3
763
4
405
3
928
3
280
2
274
3
3
4
764
2
412
2
546
2
833
2
824
3
368
2
318
5
156
5
56
5
357
4
169
3
496
5
134
4
655
5
81
4
531
4
651
5
65
4
433
3
789
5
202
4
11
5
22
5
466
4
4
5
42
5
144
4
172
4
168
4
218
4
215
5
69
5
421
5
210
4
498
3
79
4
1101
4
628
4
652
4
91
4
97
4
201
3
82
4
403
3
238
5
735
5
673
4
153
4
200
5
226
3
234
4
47
4
28
4
58
4
189
3
658
3
184
4
188
5
231
2
356
3
55
5
196
5
416
3
721
4
1035
1
396
3
747
4
569
3
228
3
1047
3
367
3
95
3
693
3
15
3
25
3
1218
3
790
3
66
2
27
3
143
2
1067
5
402
2
577
1
423
4
98
5
174
5
122
5
286
4
221
4
204
4
12
5
64
5
508
4
1161
4
943
5
298
5
67
3
364
2
72
2
302
5
697
4
313
5
182
4
315
5
216
4
76
258
1
300
4
185
3
174
3
50
1
172
1
195
5
56
5
210
4
7
4
22
5
79
5
183
3
96
4
11
4
2
3
144
4
685
5
568
4
684
5
385
2
808
2
82
5
117
4
281
2
176
4
550
1
226
1
33
4
679
5
181
1
233
4
636
2
405
3
566
4
17
3
1303
2
121
1
222
5
403
5
53
1
68
3
231
5
541
3
27
1
797
4
363
1
29
2
720
3
472
3
1222
1
810
3
554
3
398
1
1228
2
586
2
62
2
597
4
578
5
540
1
576
1
840
1
665
4
118
4
182
2
147
3
546
2
562
3
827
2
761
4
38
3
779
1
1034
3
825
3
391
4
373
2
53
269
4
288
2
648
4
430
3
173
3
168
4
514
4
208
3
659
4
186
3
47
4
175
3
663
3
209
5
194
3
154
4
4
3
42
4
517
3
516
5
100
4
204
3
153
4
712
3
762
4
12
5
98
5
654
4
466
4
603
4
1073
5
183
5
39
2
55
4
657
5
23
4
176
5
273
4
642
3
33
4
431
3
265
3
504
3
695
3
410
3
789
3
5
3
294
2
8
3
56
3
591
3
164
3
203
4
0
22
269
5
286
5
300
5
294
4
340
4
306
4
333
3
268
4
319
4
305
4
258
3
288
5
301
4
995
3
303
4
682
4
289
4
332
3
325
1
264
3
343
3
298
4
146
327
4
259
4
847
4
181
4
100
5
50
4
508
4
273
5
475
4
7
4
358
3
222
3
763
4
288
3
1017
4
1134
4
129
5
298
4
24
5
240
4
109
2
1067
3
246
5
257
4
1012
4
544
4
150
5
282
4
762
4
250
5
405
3
117
4
476
2
824
3
1016
3
685
3
1011
4
121
2
108
3
3
4
118
1
1059
4
407
2
931
3
423
2
32
4
485
2
1098
4
12
5
55
4
64
5
651
4
403
4
470
3
17
4
173
4
144
4
48
5
4
3
23
4
469
3
59
2
215
4
174
4
156
5
461
4
184
4
56
5
623
3
69
4
186
4
96
5
318
5
79
4
789
4
29
3
210
5
695
4
39
4
42
5
1073
4
70
3
172
5
154
3
467
4
385
4
1437
3
92
4
178
4
204
4
151
1
1035
3
496
3
161
3
550
4
588
3
128
3
265
3
218
4
566
3
732
4
231
4
568
4
1267
3
399
3
633
3
940
4
230
3
38
2
780
3
33
4
1010
3
76
4
386
3
1185
3
1218
3
943
4
1090
3
468
3
576
3
94
3
1210
3
384
3
721
5
578
4
258
1
1217
4
684
4
227
3
53
4
1208
3
27
4
391
3
809
3
1314
3
1407
3
1250
2
737
4
402
2
268
5
335
4
272
5
286
4
346
5
751
4
895
2
387
268
4
302
3
258
5
328
5
300
5
294
3
326
4
333
5
323
3
358
2
678
3
100
5
7
5
181
4
50
4
9
5
1
4
282
4
117
5
475
4
298
4
508
3
410
2
293
3
819
2
257
4
225
1
25
3
15
3
237
4
455
3
222
4
546
3
284
3
628
5
248
4
1016
3
845
3
762
3
276
5
405
3
742
5
246
4
24
3
473
1
1089
1
147
4
815
2
240
2
717
1
476
3
596
3
934
2
250
2
118
4
125
5
111
3
363
2
620
3
278
2
833
2
829
3
252
2
619
4
1336
2
472
2
756
4
121
3
1291
2
412
1
597
1
270
2
245
3
261
1
457
1
426
1
234
2
12
5
98
4
642
3
159
3
209
4
806
4
11
5
183
4
223
4
135
5
367
2
770
3
48
5
168
4
200
3
90
2
238
5
241
3
97
4
96
5
89
5
175
3
164
4
70
3
176
4
180
3
145
2
132
2
591
4
228
5
470
3
150
3
202
4
772
2
79
5
191
2
318
5
174
5
724
3
157
4
73
4
747
2
231
2
193
4
56
5
230
4
99
3
151
3
195
4
160
1
655
4
939
3
946
2
419
2
161
4
265
3
8
1
869
3
69
5
133
1
204
5
218
5
28
5
692
4
153
4
144
5
82
4
31
5
214
4
95
4
58
3
87
3
92
3
216
4
399
4
662
3
375
1
418
2
738
3
26
3
173
5
102
2
172
5
17
2
527
4
196
5
54
4
64
5
746
5
949
3
1267
3
71
4
627
3
1218
1
506
2
22
5
72
4
88
4
366
4
396
1
732
4
1078
2
755
4
568
5
403
3
215
4
716
2
49
3
101
4
448
3
81
1
167
3
77
4
62
4
67
4
670
3
422
2
423
4
796
4
63
3
637
2
154
3
672
1
156
4
91
2
2
3
66
4
542
2
465
2
715
2
4
3
385
4
1439
3
142
2
1079
1
232
4
623
2
35
1
393
4
636
4
549
4
1060
2
540
3
735
5
654
3
162
2
53
5
155
4
109
3
227
3
158
3
186
5
379
1
651
4
1220
4
559
3
229
3
729
4
210
4
436
4
239
5
840
3
1178
2
188
3
1284
4
401
2
810
2
1042
4
452
1
693
4
280
3
380
4
29
3
356
4
552
2
281
3
550
3
825
3
219
4
1440
3
665
1
388
2
365
4
723
3
722
3
94
3
521
5
569
2
449
4
783
2
78
1
1206
2
739
4
395
1
1419
1
541
2
768
2
451
3
226
3
402
4
566
4
790
1
1087
1
38
2
577
1
364
1
411
3
1139
3
1145
3
247
1
580
3
944
3
271
4
689
4
338
1
182
4
357
4
208
3
127
5
198
4
812
2
432
3
185
4
431
4
529
2
588
4
781
3
658
3
679
2
710
4
941
3
972
2
51
3
433
4
68
4
44
3
441
2
392
4
1438
4
378
1
1035
2
217
3
585
3
140
1
808
3
1041
3
80
2
233
2
377
1
386
2
849
4
578
3
1188
3
576
3
501
2
780
3
468
2
816
1
1045
3
554
2
1066
1
1074
3
700
3
40
1
1179
1
575
3
1044
4
719
1
1029
1
769
2
391
3
1250
1
1207
2
373
3
41
3
1053
3
712
3
537
4
734
2
1239
2
571
2
450
3
446
3
471
3
1011
4
424
1
148
2
763
3
685
4
413
3
409
3
929
1
120
2
368
1
1057
4
931
1
313
4
750
5
288
4
895
4
93
2
477
2
249
1
255
3
1226
4
826
2
1059
1
106
2
407
2
1054
1
0
141
300
4
286
3
313
5
751
3
258
3
328
4
294
4
333
3
301
3
322
2
325
1
326
4
879
3
748
3
321
2
687
2
873
2
329
3
245
3
323
3
689
3
349
4
678
3
243
2
991
1
893
3
178
4
191
4
223
3
11
3
28
4
69
4
526
4
1039
5
97
5
193
4
318
5
962
2
591
3
215
4
86
3
1119
3
528
3
727
4
282
4
724
3
1221
3
470
4
736
3
237
3
1045
2
332
3
196
4
22
5
423
4
162
4
15
4
655
4
744
1
924
3
147
3
662
5
135
1
660
4
699
4
126
3
583
1
222
4
378
4
704
3
277
3
221
2
92
1
70
2
544
1
658
1
356
4
77
4
632
2
402
5
731
4
518
1
387
4
720
4
556
1
676
3
125
3
549
3
157
4
149
1
686
4
582
4
555
3
468
4
949
3
778
1
620
3
846
4
276
3
284
3
26
3
708
2
148
3
287
3
392
4
1163
2
212
1
365
3
380
4
729
3
581
1
1058
3
469
1
1442
3
977
2
1053
3
925
3
569
3
723
2
1152
3
54
3
1044
3
280
4
980
1
1085
1
553
4
43
3
29
3
1212
2
51
4
366
3
20
1
715
1
1441
3
403
4
107
3
570
4
1208
1
1401
1
239
4
1381
3
27
286
4
245
2
479
4
427
5
237
5
510
5
98
5
193
4
64
4
492
4
478
5
215
5
606
5
603
5
418
5
22
5
566
4
194
5
136
5
705
5
482
5
480
5
143
2
172
5
1443
4
1203
5
604
5
50
286
4
270
4
242
5
258
5
480
4
408
5
179
4
169
5
176
4
203
5
652
3
150
4
109
4
474
3
56
4
92
2
209
3
507
2
98
5
174
4
191
4
89
5
513
3
180
4
28
4
182
1
509
4
12
5
97
3
23
3
527
4
69
4
147
3
7
4
24
4
405
4
224
4
14
5
275
3
283
2
9
5
236
3
713
5
596
3
508
4
25
4
813
4
370
3
1117
3
250
4
58
286
3
288
2
319
4
126
4
124
4
1007
4
244
3
13
5
273
3
276
4
7
5
100
5
475
4
137
5
1068
4
50
4
116
4
150
3
285
4
295
5
293
5
748
1
129
5
127
4
9
3
19
4
93
5
294
3
14
4
1017
4
741
3
117
2
25
4
221
4
1067
4
823
2
1010
3
250
2
756
3
287
4
15
4
106
3
249
2
1028
2
1143
4
1047
2
1011
4
934
2
411
4
121
2
240
1
405
2
324
4
460
2
274
4
1008
4
321
3
322
3
0
0
133
680
4
304
5
266
4
294
5
140
3
240
1
239
4
117
5
69
4
963
5
183
3
182
2
485
5
1
5
357
5
98
5
223
5
56
3
64
5
195
3
28
5
216
4
435
4
132
5
7
3
969
4
205
3
8
5
427
5
496
5
143
5
172
4
97
5
265
5
515
5
568
3
419
4
162
4
204
4
168
4
70
4
174
5
627
5
96
2
588
5
196
5
50
5
199
3
607
3
134
4
498
5
234
4
238
1
79
5
650
4
484
5
237
5
291
4
423
5
144
3
95
5
22
5
499
4
203
2
11
4
71
5
51
4
186
4
418
5
210
5
491
3
699
4
121
4
742
5
91
3
181
4
99
3
125
5
185
4
153
5
443
4
393
3
432
4
1050
3
504
3
378
5
154
4
526
3
951
5
211
5
138
3
228
2
135
2
385
1
280
4
431
3
25
3
209
1
633
4
609
3
82
5
371
4
202
4
1192
4
501
3
582
4
621
2
622
3
549
5
451
4
628
3
402
5
176
4
161
5
926
3
141
4
447
1
233
1
10
3
673
3
276
5
214
4
693
2
739
5
142
4
422
3
284
1
405
4
511
2
570
4
1444
2
420
5
100
4
21
127
3
1
3
15
4
255
3
866
3
476
3
597
3
151
1
121
4
405
4
313
3
181
4
126
5
252
4
748
4
924
5
289
4
471
5
50
4
300
4
846
4
90
270
3
289
4
690
4
294
2
286
3
1
4
50
4
181
4
515
2
471
3
276
5
100
5
508
1
475
5
14
4
250
4
744
3
313
3
302
5
272
4
268
4
750
3
275
2
246
4
315
5
900
5
191
4
603
4
69
3
172
4
44
4
64
4
498
4
32
4
91
5
81
5
651
3
204
4
202
4
197
4
215
3
96
5
461
5
209
3
234
3
423
4
582
5
483
5
56
5
493
4
531
4
173
4
1149
5
132
5
655
4
357
4
8
2
523
4
318
5
196
5
186
4
589
3
425
4
175
5
166
4
705
5
98
4
462
4
514
4
48
5
1128
2
921
4
170
5
747
3
638
5
22
3
194
4
133
4
178
5
419
4
435
4
474
5
919
3
165
4
630
3
708
4
76
3
127
3
52
5
4
4
108
515
5
828
4
223
4
89
3
958
5
192
5
640
2
511
5
483
5
187
4
50
3
14
4
9
5
375
4
129
3
623
3
286
3
71
5
91
3
293
4
100
4
495
4
133
5
127
5
647
5
180
5
482
4
478
5
614
4
177
4
95
5
357
5
174
5
588
5
660
5
98
5
56
5
47
5
135
4
97
5
521
5
504
5
48
5
633
5
168
5
197
5
506
5
4
3
99
3
501
3
143
4
432
3
378
4
498
5
205
4
584
4
82
4
8
3
193
4
509
4
194
4
523
4
418
4
923
4
499
3
234
4
381
4
654
4
191
4
423
4
304
5
212
5
69
5
276
5
527
5
318
5
23
5
435
5
528
5
215
5
216
5
462
5
70
5
202
5
1194
5
371
5
57
5
603
4
117
3
121
4
845
4
12
2
806
4
644
5
735
5
208
4
31
3
196
5
64
5
568
5
58
3
204
5
203
3
492
5
257
4
249
5
261
5
275
5
0
0
0
48
286
3
98
4
357
4
134
5
474
5
513
5
176
3
100
5
489
4
169
5
483
5
408
5
58
4
28
4
238
4
499
2
479
5
423
4
502
4
705
3
525
4
211
4
190
4
197
4
494
4
1192
5
485
4
659
4
187
3
528
5
23
4
199
4
514
4
183
5
83
4
179
4
178
4
127
5
64
5
153
3
498
4
9
4
180
4
656
4
191
4
603
5
185
4
174
4
29
286
5
258
3
538
4
294
3
300
4
301
3
125
3
257
4
237
3
181
3
471
4
815
2
298
5
151
2
845
3
405
4
121
4
756
3
118
3
926
3
220
3
546
3
111
4
1190
3
458
4
252
3
255
3
1258
1
476
3
159
286
1
268
2
242
5
288
2
305
4
690
1
340
5
300
1
514
1
528
5
612
5
114
3
603
5
190
1
64
1
124
5
705
4
133
3
185
4
137
5
475
5
419
3
463
5
12
5
234
3
135
5
479
5
652
5
531
5
96
5
187
5
508
5
318
1
511
5
194
5
527
5
489
5
172
4
180
5
513
5
478
5
558
5
1204
4
132
5
171
5
1070
5
210
4
209
5
923
5
134
5
488
5
484
5
474
5
100
3
162
5
50
5
150
5
174
4
1099
5
89
4
954
5
483
5
186
1
671
5
530
5
8
5
317
5
736
5
203
1
56
4
168
4
855
5
753
5
14
5
276
5
79
3
701
5
504
4
69
1
58
5
498
4
462
5
81
3
529
5
152
3
499
5
659
3
1203
5
633
5
1056
5
432
5
65
5
434
5
183
5
509
5
47
2
505
5
430
3
10
5
745
5
98
5
179
5
492
3
181
3
165
5
9
5
605
4
221
5
433
5
516
5
91
4
634
4
46
4
1098
5
650
5
497
4
207
5
45
5
42
5
382
3
493
5
175
5
663
5
675
5
228
2
647
5
1115
2
507
5
654
5
195
5
238
5
204
3
836
5
427
5
1332
3
1020
3
512
5
1192
1
518
3
589
3
428
5
482
3
491
5
443
5
632
5
205
3
208
3
1065
5
198
5
421
5
1245
5
921
5
961
5
116
5
39
5
272
5
312
2
269
5
304
1
24
288
5
272
5
269
5
302
5
300
3
313
5
286
5
301
5
751
3
242
5
307
4
340
4
895
5
879
3
289
4
336
3
898
5
343
3
245
4
748
3
873
2
358
2
349
1
353
1
23
690
2
346
3
286
5
750
5
302
3
310
4
268
4
887
4
300
4
288
5
682
2
307
4
313
4
332
3
880
5
350
2
270
3
292
4
294
3
343
2
335
3
689
3
895
2
20
294
4
475
3
1
4
283
4
291
3
237
4
1011
3
1137
5
934
5
1152
5
1357
5
111
4
740
5
275
5
1355
5
305
5
361
5
306
5
331
5
268
5
81
286
4
268
4
127
4
275
3
137
3
246
4
280
1
237
2
93
2
813
4
14
3
1
4
13
4
7
3
283
3
458
4
151
3
15
3
1115
3
713
3
129
2
116
4
10
4
16
3
225
3
477
4
111
4
25
3
1368
2
215
3
318
4
1466
3
655
4
22
3
461
3
531
4
1039
4
83
4
28
4
1465
3
223
4
694
4
196
4
69
3
468
3
125
3
631
4
1197
4
509
4
699
4
660
4
162
4
724
3
26
3
632
5
736
4
708
3
732
4
737
3
423
3
77
3
778
4
1148
3
387
4
306
4
435
4
173
3
194
4
367
3
514
4
208
4
221
5
582
5
511
5
317
5
1281
5
86
5
191
5
285
5
157
5
8
5
238
268
5
310
3
324
4
258
5
294
4
886
5
301
2
772
4
856
5
721
5
42
5
317
5
1045
5
743
5
68
5
89
5
550
1
226
1
144
1
237
5
56
5
3
5
92
4
156
4
7
4
537
5
122
4
780
4
241
4
318
5
114
4
214
5
215
4
101
5
1428
4
367
1
31
4
77
4
475
4
941
4
69
4
433
5
179
5
660
4
754
4
739
3
381
4
255
2
70
4
157
4
732
1
9
5
1150
4
276
5
100
4
508
4
181
4
246
5
126
4
287
3
151
5
628
4
13
4
50
5
222
2
291
2
458
3
1
4
455
2
111
4
924
4
1017
4
121
1
762
3
290
3
685
2
1012
2
117
2
596
4
20
4
411
4
109
4
763
4
1028
3
676
4
240
3
235
1
249
4
118
2
818
2
281
3
871
3
148
2
866
5
1132
4
756
2
764
5
815
4
220
2
1047
2
409
4
369
4
278
3
456
3
1079
2
105
2
1095
2
196
5
58
3
173
4
209
4
97
2
32
2
357
5
1467
5
1098
5
724
4
64
5
193
4
172
4
22
4
186
3
735
5
191
5
655
5
65
4
204
4
197
4
216
4
188
4
86
4
174
3
180
4
509
5
183
4
153
4
651
4
238
5
168
5
428
4
527
5
746
3
553
5
707
4
950
1
169
5
26
5
208
5
28
4
154
5
521
4
171
5
95
4
135
4
629
4
52
4
662
3
652
5
528
3
1048
4
955
4
410
4
234
3
265
4
584
5
845
3
673
3
82
3
217
5
200
5
747
4
631
4
1225
2
471
1
71
4
949
4
51
2
744
3
468
1
162
4
1119
5
1053
2
710
3
1109
4
164
3
723
3
559
4
609
3
17
2
708
4
650
3
62
2
54
2
953
4
697
4
72
4
393
3
401
3
53
3
738
4
566
4
80
3
946
4
1039
4
716
3
66
4
90
4
959
4
88
4
167
3
833
3
581
4
1074
4
712
3
161
4
40
2
790
4
1118
4
451
4
380
4
1178
3
1136
3
1209
3
155
3
365
2
232
4
1107
2
554
3
1168
4
1041
4
67
4
145
3
1188
4
158
3
383
3
1057
4
1054
3
926
2
22
300
4
210
3
133
2
94
2
222
4
151
3
597
4
473
2
596
4
1047
3
411
3
756
3
1028
5
717
4
21
3
1033
5
112
4
181
4
50
4
258
4
240
1
894
1
195
993
3
50
5
423
3
96
3
1
4
178
5
56
1
919
4
95
3
216
3
675
4
181
5
633
3
588
4
100
4
652
5
223
5
215
2
83
4
174
3
195
3
69
3
173
5
1039
4
8
3
210
3
132
4
24
4
175
4
239
3
1073
4
1101
5
208
4
265
4
98
4
185
5
238
5
418
3
433
5
596
3
432
3
741
5
228
3
201
5
176
4
164
3
475
4
81
5
204
3
651
4
92
1
431
3
161
3
735
4
133
3
151
5
117
3
477
4
721
4
109
5
1220
3
77
2
196
3
111
3
425
5
184
4
55
4
12
5
235
3
597
2
82
2
236
4
172
5
230
3
746
4
198
4
288
5
66
3
202
3
385
1
420
3
97
3
68
5
25
3
853
5
724
4
404
3
568
4
284
1
469
3
227
4
616
5
547
4
11
4
441
3
628
1
211
4
1135
1
121
4
393
3
99
3
17
2
289
2
739
2
403
4
447
3
29
1
101
2
550
3
1218
3
219
5
665
4
1044
1
231
1
559
3
402
3
679
2
470
4
451
2
159
3
416
3
356
2
672
4
232
3
572
3
410
1
38
2
118
1
412
1
578
2
80
2
226
2
658
4
567
5
409
2
1222
3
3
2
790
3
1232
1
561
1
426
3
802
1
541
3
94
2
941
1
240
3
720
1
570
1
384
2
1028
3
849
1
155
1
444
4
138
1
411
3
401
1
809
2
585
1
41
2
1139
2
728
1
841
1
827
1
932
1
576
1
67
2
145
1
413
4
158
1
1228
1
798
2
1188
3
831
1
719
4
1411
2
765
2
840
4
250
4
257
4
748
1
294
2
252
1
369
3
1052
1
254
1
1089
1
406
3
930
2
981
1
743
1
368
1
758
1
895
5
260
5
816
4
0
56
294
3
678
3
343
4
323
1
324
4
179
3
474
2
194
4
98
5
198
5
186
5
69
1
100
4
153
3
854
5
64
5
180
3
22
2
185
3
183
5
806
3
55
4
176
5
114
5
168
4
156
5
210
3
234
4
589
4
96
4
7
2
174
3
11
5
172
4
79
3
484
2
196
2
50
5
89
5
187
3
127
5
515
5
283
1
181
4
117
5
475
5
250
3
282
2
290
3
1
3
257
3
928
3
249
4
235
3
405
4
121
2
161
258
5
242
5
302
4
309
3
300
4
327
4
333
4
271
4
294
3
748
3
250
4
248
5
50
4
298
4
257
3
255
3
1016
3
249
4
993
3
129
5
1012
3
252
2
181
3
245
2
169
5
172
3
28
4
175
4
317
5
86
4
357
4
4
4
202
4
203
5
423
4
806
5
191
4
56
5
64
5
1
4
480
5
89
5
173
5
98
5
1103
5
588
3
568
4
853
4
318
5
239
3
39
4
1167
4
174
4
634
5
114
5
483
5
55
5
198
5
100
5
168
4
223
4
9
5
741
4
156
5
708
4
23
4
275
4
238
5
12
5
427
5
228
4
58
5
186
4
421
5
183
4
408
5
144
4
92
5
209
5
283
5
96
4
69
5
42
5
124
5
88
4
919
5
135
5
31
4
121
3
137
4
1039
5
462
5
161
3
53
4
7
5
79
5
467
4
844
5
591
5
212
4
1069
5
789
5
478
4
195
4
22
5
658
4
93
4
125
3
742
3
471
4
235
4
123
3
273
4
1011
5
405
3
628
3
24
4
222
4
455
4
240
4
147
5
237
5
148
3
13
4
117
4
597
2
411
3
546
3
108
3
409
4
476
3
826
1
472
3
290
2
456
3
930
2
1047
3
407
3
11
5
583
4
1073
4
603
5
182
5
83
5
403
4
479
5
188
4
723
4
176
4
179
5
68
5
241
5
431
5
746
5
686
5
2
3
469
4
684
4
216
4
210
3
218
3
122
258
4
288
4
294
1
324
2
748
2
331
3
321
5
323
2
260
4
264
3
948
3
678
2
688
2
988
4
322
3
991
2
984
3
50
5
181
4
475
4
276
4
1199
3
933
3
676
5
222
4
9
2
813
5
117
3
129
4
151
4
7
4
477
3
237
2
244
4
742
3
235
2
100
5
123
3
127
4
993
5
596
5
293
4
116
4
238
4
474
5
56
4
175
5
1137
5
153
2
582
4
628
4
1073
5
154
4
64
5
28
4
44
4
501
5
418
5
202
4
96
2
71
5
223
4
367
4
98
5
2
4
480
5
844
4
496
4
23
4
95
5
12
5
204
2
184
1
527
4
195
2
234
3
588
5
1426
5
469
4
196
4
92
5
191
5
943
4
183
4
111
4
357
4
135
5
55
5
558
4
91
5
629
4
969
5
140
3
378
4
69
5
144
4
174
3
485
4
458
5
81
4
404
4
89
4
159
4
240
4
313
5
751
2
328
3
259
1
325
4
687
1
338
4
200
5
1
4
271
4
333
4
340
4
179
4
270
4
754
4
1161
4
248
2
1014
4
77
313
5
300
4
258
3
288
4
64
5
132
5
265
3
172
5
60
4
468
2
427
4
33
3
275
4
210
4
12
4
183
5
181
4
79
5
480
5
612
5
45
5
55
3
418
4
100
4
185
5
144
5
1098
3
202
4
520
5
22
5
429
4
117
4
1
4
50
5
15
4
813
3
121
4
249
5
596
3
151
5
298
5
7
3
748
2
1012
4
1016
3
282
4
248
4
295
4
24
3
535
3
294
3
111
3
147
3
471
3
237
5
125
4
257
3
250
3
845
4
476
2
252
3
281
4
1014
5
742
5
595
3
866
2
118
3
597
3
148
2
109
4
222
4
405
3
1028
3
685
4
472
3
978
2
25
4
0
0
159
313
5
323
3
259
2
678
3
892
3
343
2
457
2
50
5
181
5
15
3
222
4
257
3
405
3
136
4
265
3
174
5
135
5
612
3
69
5
496
4
132
4
186
3
163
2
64
4
172
5
199
4
211
3
435
3
504
3
498
4
967
3
210
5
98
4
419
4
610
2
655
4
629
2
121
3
28
4
230
4
196
4
168
1
679
2
204
4
357
3
1060
3
200
3
214
1
1050
3
228
4
526
3
162
3
143
4
183
4
234
4
416
4
71
3
82
4
164
4
176
3
423
5
141
3
418
3
465
3
238
3
699
3
125
3
133
5
432
2
241
4
624
2
99
3
584
3
417
3
1116
3
755
3
393
3
443
3
112
2
188
3
588
3
616
1
448
3
625
3
596
4
389
3
102
3
1469
3
62
3
138
1
436
2
378
3
151
2
1263
1
451
2
380
4
472
3
142
3
21
3
229
4
649
1
951
4
1028
2
379
1
1470
2
231
3
167
3
227
4
843
2
621
3
29
2
75
1
768
3
542
3
1033
3
665
2
548
2
90
1
118
4
561
3
449
5
573
2
78
3
415
3
1444
3
1091
3
386
2
1133
3
871
2
35
2
384
1
400
3
441
3
225
3
554
3
842
3
219
1
577
1
103
2
575
3
240
1
501
3
286
1
269
2
97
5
8
5
662
4
429
4
140
4
94
3
1183
4
22
4
1
3
622
4
403
3
126
3
1443
4
258
4
243
2
83
300
3
258
4
294
2
271
4
324
5
332
2
748
1
335
4
328
2
879
3
323
2
322
2
245
1
325
1
872
4
259
3
682
5
678
2
264
2
343
2
984
1
288
4
895
2
760
1
249
5
406
1
413
2
100
3
834
4
7
2
234
5
56
5
185
4
98
5
448
3
436
4
218
3
441
2
200
3
672
2
443
1
219
5
444
3
447
3
5
2
217
2
564
1
452
3
551
1
53
3
569
1
859
3
565
1
860
2
665
3
559
4
455
2
685
3
147
4
222
3
117
2
273
2
841
1
833
4
405
4
831
4
281
1
121
2
546
3
829
1
472
1
825
1
118
1
930
1
827
2
597
4
840
1
826
1
1034
1
976
1
982
2
743
1
763
5
207
294
3
319
2
288
5
538
5
322
4
245
4
748
4
678
5
984
3
989
5
323
5
988
4
243
4
117
5
283
3
222
4
100
4
932
3
123
2
25
5
1289
4
742
5
125
5
1051
4
9
4
237
4
15
5
471
5
628
5
1086
5
1
5
7
4
925
5
282
3
975
3
591
5
819
4
473
5
405
4
546
4
121
5
118
5
280
5
756
4
846
4
276
3
866
4
274
5
278
5
741
4
685
5
284
4
864
4
151
5
220
3
1028
4
620
3
815
5
1047
4
472
4
597
4
147
4
1150
5
1040
3
406
3
225
4
291
5
982
3
1033
4
476
4
831
4
930
3
370
3
1061
4
235
3
1114
4
106
4
829
4
460
4
977
4
409
4
21
4
934
3
120
1
368
1
1057
2
363
3
827
3
841
2
413
4
834
3
595
4
974
3
986
5
487
5
64
5
22
5
127
4
195
5
56
3
79
5
174
4
11
5
172
3
210
4
526
3
50
4
181
4
96
5
187
3
233
4
182
4
265
4
2
5
684
5
230
4
4
5
550
5
89
5
232
3
679
3
161
5
188
5
566
5
808
4
82
5
228
3
849
2
576
3
385
5
227
4
1231
3
583
5
568
5
403
4
92
1
1228
1
761
4
29
4
226
5
779
4
554
4
229
3
665
4
12
5
98
5
234
5
185
5
443
3
5
5
657
5
218
3
1109
4
31
5
203
4
939
5
642
4
44
4
552
3
38
4
1046
4
356
3
1208
3
1042
5
802
3
77
3
769
5
54
5
452
4
771
2
1207
3
1210
5
1090
2
1471
3
449
3
1119
3
662
2
202
3
216
5
692
5
1424
3
732
5
86
5
778
4
97
4
724
4
66
4
716
5
51
4
794
4
739
5
451
4
381
5
49
4
722
3
402
4
775
5
36
3
781
5
728
4
785
4
88
5
765
4
783
4
1041
4
387
4
796
5
57
258
3
288
3
269
3
286
5
289
4
324
5
307
4
301
3
475
5
275
4
224
4
116
3
14
5
59
5
60
5
165
4
113
4
61
5
531
5
582
5
86
4
462
4
1462
5
57
5
1022
2
1129
5
129
4
166
4
381
5
198
3
1260
2
70
4
1472
2
949
3
305
4
1137
5
50
5
137
4
100
5
285
5
276
5
1160
4
676
4
181
5
1010
4
936
4
237
2
1008
5
221
3
130
2
151
4
121
3
405
3
921
5
313
5
245
4
345
4
23
313
5
310
5
286
5
690
4
272
5
333
2
258
2
328
3
300
5
294
4
288
1
311
4
751
5
315
3
748
5
289
2
243
3
332
5
326
5
877
3
323
4
873
5
893
1
46
255
4
286
4
298
4
185
4
173
4
772
4
108
4
288
3
928
4
117
4
200
4
405
3
1074
3
176
4
210
4
357
5
317
5
181
4
98
4
12
5
97
4
154
5
168
5
269
3
179
4
180
5
475
5
1135
5
15
3
121
3
294
3
313
5
65
3
748
4
293
4
172
4
762
2
235
2
546
3
750
4
147
4
781
3
484
4
959
4
39
4
271
3
0
0
160
121
3
252
3
147
3
7
4
278
3
235
2
255
3
931
2
293
2
762
2
929
3
546
2
411
2
369
2
815
2
473
2
1048
2
974
3
1013
2
1054
2
406
3
122
2
1095
2
1147
4
419
3
195
2
433
4
55
3
223
3
169
3
172
2
174
3
86
3
427
4
443
3
56
4
28
3
99
3
98
4
421
4
52
3
496
4
22
4
58
3
955
2
650
4
132
3
91
3
238
4
625
3
949
4
559
3
509
3
217
3
367
4
727
3
210
3
64
5
96
4
318
5
191
4
699
5
588
4
185
3
491
3
216
3
153
3
485
4
69
4
95
3
778
4
631
4
11
4
747
4
781
3
204
3
617
3
609
3
423
4
735
4
420
3
65
4
655
4
365
4
143
3
568
3
393
2
92
3
447
3
219
3
418
3
432
3
1220
4
486
5
66
3
785
3
234
3
660
4
44
2
755
3
451
4
1035
3
47
2
1135
3
140
2
581
3
959
2
77
2
736
3
821
3
68
2
200
3
82
3
71
4
385
2
402
4
553
4
709
5
145
1
90
4
786
3
417
2
790
3
40
4
567
1
386
3
258
4
292
4
131
5
754
3
270
3
269
3
288
3
332
3
336
3
358
3
338
4
1278
4
181
3
125
3
1014
5
275
4
237
3
596
4
845
4
111
4
50
2
15
3
628
2
100
3
294
2
72
3
1
3
283
3
476
3
405
2
582
4
70
4
923
4
179
4
0
120
269
5
294
3
345
4
873
3
288
5
286
2
683
2
448
2
153
5
168
5
238
5
179
5
182
5
98
5
606
5
192
4
656
4
1270
2
602
4
478
5
320
4
56
5
671
4
185
5
100
5
7
5
201
5
234
4
200
5
436
3
447
5
675
4
559
5
774
2
217
3
637
4
558
5
219
5
672
3
443
5
184
5
203
2
12
5
654
5
603
5
525
5
504
5
659
5
183
5
222
5
156
2
23
5
742
2
33
3
230
4
789
4
475
5
275
5
762
3
14
4
116
4
137
3
813
4
283
5
19
5
123
4
235
5
150
5
676
3
216
5
42
5
194
5
645
4
746
3
517
5
173
5
514
5
208
5
792
5
210
5
1070
4
209
5
175
5
204
5
211
5
856
3
47
5
655
4
1225
3
433
5
451
4
702
4
430
5
70
4
524
3
381
4
382
4
202
5
1475
2
516
5
721
5
401
5
4
4
745
5
1103
5
367
4
1118
4
709
5
1074
4
26
4
1069
5
88
3
1474
2
186
5
93
5
844
1
25
4
240
4
1355
4
1009
4
46
258
4
300
5
288
4
327
3
294
4
328
4
688
2
323
3
245
4
748
5
181
2
1
5
471
4
117
5
477
3
111
2
107
1
50
2
591
5
815
3
279
2
409
3
257
4
237
5
1016
3
676
2
125
4
628
4
472
3
742
5
1197
2
15
3
934
3
756
4
100
5
975
4
410
4
298
5
240
3
151
2
293
4
7
2
284
4
118
4
282
5
273
5
0
185
324
3
294
3
475
5
250
5
100
5
124
5
7
5
273
4
240
4
127
5
980
3
455
3
235
3
742
3
121
3
147
3
222
4
515
5
410
4
926
2
293
4
597
3
546
3
3
4
840
4
824
4
405
3
685
3
1028
3
108
4
826
3
479
4
174
5
480
4
183
4
144
5
483
5
114
5
92
4
484
5
156
5
238
4
204
4
647
5
69
4
12
5
180
5
89
5
168
4
209
5
198
5
188
5
518
5
17
4
182
5
1401
4
22
4
189
4
176
5
157
5
654
5
498
5
403
4
367
4
655
4
98
5
614
5
554
3
187
5
65
4
186
5
195
4
789
5
31
4
141
4
128
5
64
5
203
5
693
4
727
4
433
5
179
5
214
4
164
3
47
5
202
5
5
3
228
5
81
4
210
4
226
3
135
5
2
3
230
4
56
5
710
4
28
4
642
4
959
3
94
3
175
5
229
4
216
4
559
3
169
5
33
5
218
4
77
3
24
5
715
4
161
4
233
4
177
5
55
4
423
3
53
4
88
4
385
3
239
4
145
4
943
4
265
5
470
4
68
4
568
4
566
3
550
4
684
4
227
3
67
3
155
3
579
3
158
4
578
3
231
4
944
3
780
4
739
4
143
4
1110
3
449
3
29
3
380
2
431
4
393
3
810
3
386
3
80
4
62
3
552
3
732
4
391
3
82
4
774
3
384
3
217
4
576
3
665
4
1090
3
771
3
54
3
720
3
1035
4
1185
2
575
3
622
3
450
2
411
3
364
2
1471
2
679
4
1145
3
159
4
1336
1
545
2
50
5
464
5
1073
5
474
5
172
5
408
5
206
5
153
5
1240
5
181
5
328
288
4
286
5
475
4
16
3
10
4
116
4
718
4
206
3
198
4
652
4
179
4
382
3
59
5
70
3
61
4
558
3
1073
4
52
3
580
3
83
4
582
5
381
3
60
5
404
4
527
4
480
5
234
4
208
4
200
4
181
4
71
3
655
4
11
4
135
4
183
4
211
4
98
4
474
5
654
5
710
3
195
4
180
3
50
5
201
3
79
3
185
3
169
5
4
4
205
5
483
5
423
2
188
4
435
4
357
4
182
4
174
5
525
4
403
4
39
3
228
4
95
4
127
4
55
4
56
4
176
5
97
4
173
4
172
5
134
5
727
2
12
4
143
2
432
3
622
3
385
3
31
4
209
4
91
3
204
3
186
3
238
3
194
4
42
4
168
4
233
3
747
3
946
3
941
2
479
4
239
3
184
4
658
3
550
2
425
4
466
3
210
3
265
3
715
1
241
3
627
3
506
4
47
1
33
3
729
3
1118
3
380
2
436
3
470
3
232
3
665
2
92
4
588
3
82
3
229
2
226
4
191
4
62
3
1065
4
227
4
230
3
1035
2
540
1
568
3
101
2
630
4
267
3
222
4
244
4
246
5
100
3
408
5
1
3
240
2
713
4
477
3
284
3
129
2
249
4
151
3
273
3
1016
3
124
4
455
3
250
4
248
3
235
3
25
3
117
4
298
3
13
3
1477
2
123
3
21
3
405
2
257
4
290
3
825
3
1079
3
930
2
823
2
108
3
926
2
456
2
826
1
544
3
546
4
121
2
3
1
252
3
762
2
1002
1
120
2
981
1
1059
3
122
2
597
2
472
1
743
1
153
5
1098
3
1178
1
154
4
73
3
721
3
17
3
67
3
94
2
163
2
399
3
158
2
40
3
1041
1
1188
3
88
2
63
1
1249
2
72
3
384
3
940
2
949
2
80
3
998
1
780
3
781
3
386
2
364
3
765
2
388
1
395
2
369
1
579
1
738
2
719
1
1074
3
1054
1
728
2
144
4
231
4
761
1
27
4
2
2
68
4
53
3
1222
2
636
3
161
3
128
3
38
1
1231
2
1303
1
363
1
1314
2
576
1
684
3
566
3
397
2
29
1
541
3
1228
1
831
3
562
4
449
2
840
2
810
2
554
3
802
3
578
2
1413
2
218
2
145
1
217
2
672
2
800
1
860
1
219
3
164
2
559
2
569
3
379
1
453
1
699
3
99
3
139
2
141
3
374
2
768
3
1091
2
114
5
189
4
955
3
51
3
402
1
1037
2
159
2
156
3
1208
2
1157
1
77
2
1273
2
1046
3
1090
2
928
1
450
1
370
2
574
2
223
3
268
5
269
4
333
4
302
5
264
3
328
1
260
3
358
3
325
3
258
2
294
3
259
3
324
4
790
2
717
1
583
4
484
4
746
3
203
5
1476
2
391
3
89
4
561
3
421
3
978
2
1095
2
105
2
7
4
96
5
147
4
407
1
452
1
24
2
37
3
1110
3
679
4
732
3
433
4
552
2
824
2
735
3
178
4
0
138
306
5
286
5
258
3
242
5
268
5
288
5
872
5
327
5
335
3
741
5
50
5
7
4
244
3
181
4
1007
5
148
4
1014
4
740
5
282
3
279
5
121
4
713
5
475
5
535
5
13
4
471
5
257
4
250
2
123
5
295
5
275
5
742
2
25
5
596
5
283
5
237
1
546
4
222
5
1009
5
815
4
93
5
253
5
324
2
251
5
558
5
707
5
694
5
531
4
714
4
509
3
83
4
26
5
703
4
1148
5
70
5
60
5
584
5
213
5
86
4
736
5
582
3
1073
5
173
5
66
4
716
4
727
5
97
4
241
5
421
5
869
1
319
5
747
5
387
5
553
1
722
4
794
4
778
5
88
5
1119
5
739
4
781
5
155
5
402
5
90
5
1074
5
98
5
230
3
603
5
466
5
156
5
1109
5
684
4
183
5
581
5
79
4
185
5
566
5
176
4
443
3
234
5
56
5
77
2
583
5
226
4
574
3
943
5
118
3
17
2
356
3
5
5
53
4
800
5
281
5
928
4
164
5
265
4
218
5
370
5
379
5
159
4
452
4
551
4
1210
5
1471
4
554
1
671
4
217
5
447
4
200
5
219
5
672
5
569
4
145
3
665
4
441
5
559
5
563
3
860
5
278
346
4
310
3
269
4
302
5
690
4
242
4
311
3
882
3
300
2
272
3
313
4
286
4
347
3
345
3
289
4
750
4
294
2
328
2
539
1
315
4
338
1
312
2
258
3
137
4
116
2
282
2
1282
2
275
4
744
4
13
4
277
4
9
4
100
5
237
4
1117
3
713
4
276
3
845
1
1120
2
283
4
25
3
224
4
15
3
285
4
763
3
591
4
471
3
847
4
221
3
477
3
111
4
284
3
924
3
274
3
126
3
411
1
476
1
235
3
125
3
1028
2
546
2
121
2
866
4
118
3
815
3
220
3
107
1
405
2
130
1
756
2
823
3
410
2
204
4
12
4
174
5
187
5
392
3
168
2
205
5
661
4
192
5
614
4
135
4
521
5
177
3
514
4
11
4
83
4
357
5
182
3
238
4
210
4
199
4
191
5
528
3
185
3
462
4
203
4
193
5
505
4
529
4
480
4
654
5
169
5
22
5
134
3
89
3
474
3
963
5
427
5
482
5
493
4
515
5
56
3
657
4
98
5
703
3
509
4
69
4
481
3
651
4
610
3
479
4
520
5
172
5
179
4
198
4
50
5
234
5
176
3
132
5
732
4
79
4
173
4
498
5
216
5
429
4
318
5
507
2
190
4
73
2
470
3
566
4
181
5
527
5
511
5
97
5
8
4
530
4
523
4
194
5
494
4
648
4
487
4
435
4
423
4
87
3
603
4
170
5
485
4
659
3
714
3
317
3
64
5
127
5
697
4
136
3
490
4
196
4
602
3
197
4
186
4
95
4
644
3
208
4
630
2
1266
2
517
3
443
3
133
4
660
5
499
3
419
3
729
4
956
4
1101
4
699
4
202
4
504
3
28
5
705
4
495
5
663
4
506
4
180
5
218
3
88
4
747
3
48
4
188
2
178
3
582
3
81
3
141
4
510
4
707
4
496
5
735
4
211
5
605
4
70
5
54
3
526
5
371
5
428
4
241
3
549
4
642
5
77
4
425
2
265
5
356
4
215
4
709
3
58
3
31
4
200
5
44
4
518
4
1046
4
4
5
580
2
62
2
47
3
51
4
2
1
65
3
430
5
239
3
131
4
378
4
451
3
516
4
414
4
52
4
161
2
466
4
649
3
1133
3
381
3
792
4
624
2
40
1
384
3
461
5
692
4
951
2
625
3
1091
4
38
2
393
4
441
3
739
4
1139
3
570
3
402
4
43
3
1411
2
124
4
117
3
1
3
257
4
244
2
248
4
864
3
148
3
472
2
742
3
51
1393
2
288
4
127
5
23
5
498
4
357
5
205
5
183
4
474
5
22
5
746
3
98
4
651
4
211
5
96
5
483
5
50
4
42
4
423
4
204
4
317
4
1101
5
521
5
654
5
8
4
79
5
172
4
175
5
200
5
194
5
174
5
187
5
178
5
201
3
604
4
32
4
69
4
48
4
11
4
469
5
238
5
234
4
133
1
208
4
134
5
772
2
210
5
56
5
12
5
514
5
193
4
0
71
288
4
319
5
294
3
258
5
748
5
243
2
300
5
873
3
877
3
50
5
275
5
150
5
117
4
742
4
181
5
100
5
9
5
596
3
713
5
276
4
1
4
591
4
471
4
15
5
628
4
25
5
111
4
685
5
845
5
255
2
762
5
476
4
1060
4
237
4
744
5
118
4
125
4
815
3
1051
4
282
5
277
4
405
4
411
3
546
3
924
3
472
3
1152
4
274
4
756
3
866
4
220
4
148
2
597
3
280
1
1163
2
846
2
496
5
208
4
1063
4
98
5
234
5
478
5
318
5
83
5
71
4
211
5
200
4
164
5
69
5
629
5
88
4
95
300
4
258
3
1
4
408
3
1091
2
588
3
95
3
101
4
946
3
71
3
420
2
432
4
169
3
625
2
418
3
501
3
102
3
627
3
99
3
173
3
89
3
154
2
98
4
202
3
174
4
304
3
294
4
515
3
117
3
181
4
405
2
257
3
597
3
118
3
121
3
930
3
826
2
825
2
252
2
472
3
222
4
50
4
450
3
229
3
230
3
228
4
227
3
449
3
62
3
380
3
1066
3
1219
2
624
3
473
3
542
3
435
3
164
4
265
4
523
4
496
3
69
3
144
4
520
4
176
4
210
4
186
3
636
3
448
3
419
3
969
2
746
4
183
3
22
3
28
4
132
3
208
3
470
3
393
3
191
4
135
3
226
3
96
3
196
3
431
3
416
3
679
3
662
3
451
3
199
4
142
2
630
3
188
2
162
3
423
4
434
3
504
258
5
300
4
294
4
328
4
322
3
288
4
323
3
324
4
325
3
358
3
678
3
260
3
408
5
298
5
508
5
919
4
181
5
273
4
7
5
628
4
117
4
127
5
151
5
546
3
1
5
276
4
547
4
100
5
284
4
249
4
591
3
696
2
471
4
123
4
257
4
246
4
147
4
410
4
25
4
109
4
293
4
240
4
455
4
1016
3
235
4
742
4
475
5
237
5
250
4
685
4
1010
3
845
4
823
3
411
4
406
2
473
4
290
4
458
4
225
3
125
4
1129
4
121
4
840
3
108
3
3
3
148
3
150
4
974
2
118
3
825
3
252
3
1028
3
405
3
281
3
993
3
977
2
1245
3
472
3
597
3
1013
3
122
3
930
2
120
2
595
2
21
3
763
3
456
2
1079
2
180
5
214
5
1006
3
192
5
175
5
47
4
27
3
582
3
12
5
64
5
135
5
160
4
28
4
469
4
806
4
65
4
23
5
318
5
22
5
523
4
11
5
57
3
357
5
558
4
461
4
387
3
197
5
97
3
182
5
157
5
223
5
1141
3
531
4
70
4
772
4
939
3
470
3
1194
3
693
4
732
4
647
4
423
5
193
4
429
5
39
3
69
4
392
3
54
3
51
3
1220
4
81
4
86
3
356
3
425
4
1267
4
179
5
187
5
526
4
46
3
215
4
291
3
58
4
569
4
549
3
715
3
239
4
658
4
735
4
382
4
317
4
655
4
697
2
375
1
365
3
43
1
380
3
1482
4
402
3
1213
1
583
3
720
2
803
2
1232
3
76
4
1135
4
789
3
56
5
4
4
168
5
8
4
42
4
209
4
204
5
153
4
367
3
786
3
959
4
154
4
564
3
73
3
746
4
854
4
1118
4
428
4
40
3
85
3
721
3
202
4
17
4
1140
2
796
1
158
3
692
4
88
3
433
4
274
3
72
4
66
3
67
3
173
5
186
5
709
4
33
4
1218
4
401
3
232
3
210
4
388
2
393
4
571
2
396
4
780
3
783
1
63
3
384
3
451
3
80
3
41
3
728
2
409
3
575
2
407
2
24
4
174
5
55
4
89
5
176
5
144
5
241
4
183
5
82
4
96
5
172
5
2
4
684
4
79
4
128
4
233
3
229
3
265
4
68
4
195
5
636
4
161
3
540
1
226
4
449
2
665
3
679
3
541
3
188
4
686
3
576
3
184
4
385
4
38
3
550
4
62
2
566
4
397
1
1416
3
450
1
743
1
831
3
802
3
399
2
164
4
559
4
98
5
218
4
185
4
447
4
200
5
448
4
672
3
145
3
5
3
219
4
443
4
217
4
436
4
561
2
379
3
800
3
669
1
551
3
816
2
773
3
567
3
969
4
463
4
432
5
95
5
141
4
418
4
404
4
755
3
71
4
143
5
417
4
419
5
588
4
99
4
627
3
142
3
420
4
951
3
624
2
843
4
1091
3
1035
3
1031
2
501
4
415
3
820
3
426
3
768
3
794
2
747
4
421
4
739
2
807
2
1073
3
603
5
159
3
44
3
156
5
31
4
1253
1
653
5
77
3
1157
2
1046
3
771
2
552
3
1090
1
1042
1
572
3
554
2
1273
2
462
4
634
4
171
4
198
5
207
4
206
5
1131
3
1056
4
231
3
29
3
254
2
1314
3
631
3
759
1
1244
3
871
2
928
3
975
3
104
1
931
2
1011
3
479
5
949
3
1145
2
809
2
563
3
769
1
590
2
1228
1
391
2
1110
3
431
3
1239
1
586
3
779
2
1274
1
1407
1
373
2
1413
1
169
5
101
4
189
4
1240
4
302
5
268
4
301
4
879
3
333
4
682
3
332
4
941
3
84
2
34
2
1044
3
1170
4
1481
2
1074
3
797
3
844
4
413
3
774
2
78
4
383
2
1083
3
203
4
1471
2
1210
2
238
5
1095
1
734
1
1000
2
801
3
1180
2
386
3
790
3
765
3
719
3
577
2
364
3
395
2
725
2
770
4
245
3
334
4
307
4
270
4
340
5
890
3
1098
4
1081
3
234
5
453
1
452
3
228
4
227
4
124
5
50
5
222
4
271
4
343
4
750
4
568
4
1089
2
248
4
496
4
1172
4
91
5
230
4
94
2
1109
3
1208
3
282
4
427
5
53
4
943
4
1019
5
748
3
751
4
74
3
346
4
313
5
347
4
876
3
881
3
269
4
272
5
1301
4
649
4
581
4
355
3
354
4
518
4
691
4
1199
4
403
4
578
4
92
4
1047
3
366
3
922
4
1478
3
853
5
196
4
652
4
201
5
9
5
710
4
544
3
562
3
1036
2
1052
2
474
5
139
4
640
4
942
4
727
3
54
9
4
137
3
7
2
471
3
1129
3
124
3
100
4
276
4
1012
3
285
4
257
3
111
4
508
4
844
4
279
4
925
4
1283
2
1008
3
50
3
129
4
181
3
1011
3
282
4
628
4
1197
4
151
3
591
4
872
3
619
4
147
4
742
4
748
3
473
2
278
1
25
4
274
4
24
4
762
3
93
4
284
4
405
3
121
2
472
1
255
4
273
5
117
4
286
5
15
4
237
4
293
4
258
4
1
4
221
4
302
4
0
353
288
3
321
5
294
2
990
1
13
3
408
5
275
3
250
3
248
4
151
4
100
4
24
5
25
5
257
5
1
3
547
1
10
4
515
3
222
1
411
3
1028
4
671
2
154
5
432
3
22
1
47
4
168
5
491
5
79
3
175
5
4
4
173
5
128
5
28
2
509
3
283
3
952
3
926
4
274
3
16
4
236
5
864
5
741
5
1017
3
290
4
546
3
456
3
762
3
147
4
117
5
146
1
977
4
105
4
591
2
1034
4
871
4
833
4
122
1
824
4
597
5
21
3
823
3
826
4
407
4
760
3
763
3
1291
4
412
3
121
4
982
3
1011
3
1093
4
1336
1
1496
3
1012
5
181
3
532
1
1244
3
32
3
425
4
12
2
56
4
654
5
61
4
17
4
644
1
789
4
156
4
1500
5
87
1
854
1
482
4
174
4
65
1
461
3
89
4
214
3
40
4
169
5
429
4
558
4
514
4
1110
3
428
1
68
4
190
3
193
2
753
2
1484
3
202
4
719
4
33
4
64
1
132
3
180
2
969
3
501
3
42
4
792
3
59
4
1266
1
529
3
209
5
70
1
480
3
385
4
186
5
211
4
31
3
702
4
1070
3
367
3
462
3
1035
3
95
3
464
4
73
4
486
4
1121
4
372
4
465
5
709
4
746
5
165
4
60
4
502
5
431
4
62
3
207
5
663
3
239
4
67
4
96
4
176
3
1118
3
662
2
195
4
208
5
203
2
401
5
398
4
712
5
1195
1
449
3
167
3
638
4
576
3
170
3
721
5
649
3
233
5
384
4
382
4
1490
4
27
5
946
3
163
5
2
4
63
3
158
3
630
4
1444
3
636
5
566
4
1305
4
660
4
44
1
1231
4
802
4
759
4
41
2
862
5
80
4
399
4
391
5
998
5
1481
4
1181
4
781
3
1274
3
1487
1
1486
1
393
1
725
4
780
4
396
3
554
1
971
4
90
3
728
4
415
3
1000
4
843
4
1162
3
1209
4
1182
3
1480
3
379
3
1413
5
234
2
265
5
395
4
444
3
1030
4
373
4
388
3
1247
2
1488
4
1271
4
81
4
418
3
191
3
624
4
740
3
219
2
831
5
1219
3
804
4
797
4
1151
2
390
3
1178
4
472
3
455
5
976
3
242
3
659
5
1088
4
30
2
172
2
204
3
571
4
189
5
301
4
83
5
1224
3
210
4
124
3
1361
3
625
3
470
3
779
3
1485
4
687
4
249
3
291
3
534
1
114
5
578
4
1007
4
841
4
166
4
517
4
254
3
805
3
29
2
739
1
403
1
231
2
945
5
732
3
1032
3
556
3
684
3
1025
2
144
4
226
4
550
4
433
4
273
2
109
5
832
3
342
4
1039
4
541
3
890
3
66
2
152
5
88
1
1001
4
224
4
198
3
751
4
259
3
901
4
1411
3
1215
2
679
4
375
1
685
3
469
4
1239
1
216
3
820
4
129
1
1206
5
137
4
713
3
1048
1
405
3
284
1
368
1
1095
1
1376
4
150
3
131
1
764
3
827
1
845
1
120
1
489
2
1492
4
1205
3
1402
1
1493
1
1428
3
451
1
1250
1
1242
1
116
1
1185
1
1113
3
1037
1
374
1
1321
4
413
4
577
1
992
4
240
4
940
5
1501
1
978
1
1494
1
0
26
288
4
310
4
690
5
308
1
338
2
258
2
333
3
271
5
326
1
331
3
682
3
538
4
332
4
877
4
294
3
301
3
300
4
289
3
304
5
748
5
989
2
938
2
322
4
342
1
323
3
259
3
22
269
4
302
5
305
4
288
4
258
5
340
3
333
3
319
4
327
5
262
4
300
3
268
4
338
3
890
4
879
2
294
4
358
3
307
3
271
3
343
4
325
1
689
2
53
294
4
50
5
100
4
109
4
151
4
125
5
845
4
409
4
1079
4
412
5
1114
5
455
4
24
4
407
3
288
2
1487
2
676
3
21
3
866
3
1009
3
291
2
820
4
432
5
588
4
95
5
91
5
71
4
627
4
625
3
70
4
216
4
709
5
210
5
435
5
202
5
168
5
56
5
173
5
83
4
186
5
659
5
208
5
204
4
732
4
175
4
209
4
211
4
238
5
194
4
393
4
42
5
49
4
433
4
47
313
3
286
4
347
5
272
5
345
4
906
3
262
4
305
4
887
4
750
3
302
4
270
3
269
4
340
4
900
4
310
3
303
5
346
4
268
5
754
3
258
4
306
4
333
3
903
4
319
3
304
4
682
3
328
4
307
4
751
3
300
3
877
2
324
3
690
3
334
3
259
2
344
4
332
3
301
5
315
5
322
3
339
3
748
3
289
3
539
2
938
3
687
3
0
252
288
5
289
5
988
3
237
2
628
4
151
5
248
5
408
4
257
3
50
4
596
3
116
5
535
5
473
3
7
4
277
4
25
3
14
4
235
4
298
4
107
1
952
2
993
2
181
3
275
4
475
4
123
5
100
3
125
4
117
2
251
5
1
4
278
5
477
3
924
4
763
2
16
3
546
1
819
3
20
4
111
5
240
3
741
4
250
4
274
2
13
2
815
3
476
4
762
2
1047
1
290
3
280
4
929
4
147
5
1288
4
411
2
405
3
121
3
1202
3
824
1
930
2
1079
3
1051
4
3
2
472
3
931
4
597
3
258
4
127
4
742
5
413
3
818
2
153
5
191
4
527
4
95
5
173
4
144
3
56
2
642
3
357
4
433
5
174
4
17
4
462
5
55
4
367
5
483
5
629
5
209
4
133
4
1039
5
168
4
171
4
132
5
640
5
212
1
382
5
183
4
732
5
4
5
652
4
704
2
204
3
208
4
83
5
11
5
707
5
70
5
425
2
216
4
724
3
234
3
1053
4
231
3
1035
3
588
5
44
3
202
4
101
5
792
3
428
5
721
3
96
4
423
4
1075
5
47
4
737
4
175
5
91
4
1286
5
739
3
372
4
1101
5
709
4
781
4
22
4
461
2
73
5
381
5
77
3
746
4
512
2
169
3
97
4
636
3
85
5
90
4
189
3
154
4
89
4
57
5
161
2
167
5
217
3
158
3
53
2
196
4
658
5
403
5
164
3
1140
3
29
2
66
4
1194
4
88
4
155
4
761
4
42
4
856
2
766
3
379
5
747
4
198
4
955
5
417
3
451
5
778
5
72
4
1119
3
559
4
1503
3
1113
3
574
4
1133
4
402
3
569
4
396
4
393
4
184
3
800
5
821
4
195
4
734
2
34
5
232
4
394
5
142
4
40
4
1091
4
949
4
738
5
1504
4
186
5
386
3
554
4
552
3
771
2
1230
1
790
1
210
5
1182
2
41
2
1239
3
1411
2
401
1
1502
2
577
2
99
4
432
3
805
3
176
4
969
5
269
5
301
5
340
4
1014
5
285
1
211
4
272
5
268
4
345
4
312
4
341
5
1265
5
1280
5
883
5
336
5
884
5
330
5
906
5
137
4
1316
5
689
5
683
5
309
5
881
5
1105
5
339
5
1038
5
888
5
329
4
62
294
5
301
3
748
4
327
5
181
3
246
4
248
5
298
4
952
4
1067
2
250
3
1
5
9
5
111
3
276
4
237
5
742
3
257
4
222
5
815
3
235
4
50
5
546
4
591
5
926
4
476
1
252
1
117
5
249
5
1016
5
240
2
121
4
108
4
845
5
56
5
98
4
710
4
92
4
208
4
201
5
28
5
652
4
11
5
168
5
200
4
218
5
941
3
39
5
461
5
4
4
426
3
64
5
156
5
347
4
346
5
340
5
268
4
313
4
682
4
895
2
100
5
291
5
75
900
5
340
5
887
5
300
5
346
5
345
5
305
4
268
4
294
2
286
4
258
4
289
3
880
1
688
1
327
1
269
5
69
5
196
5
180
5
173
3
1065
4
98
5
511
4
210
3
200
4
527
3
1039
2
176
4
357
5
515
4
632
4
157
4
132
3
134
2
12
4
22
5
190
1
174
4
528
4
318
4
136
5
214
2
178
5
427
5
651
4
64
5
127
5
234
4
211
5
182
4
317
4
223
3
520
5
50
4
177
3
216
4
199
4
230
2
175
1
100
5
97
4
593
2
276
4
15
4
237
4
13
5
544
5
1358
5
742
3
121
2
205
5
272
5
202
5
197
5
435
4
27
282
3
685
4
471
4
125
2
222
2
742
4
117
4
815
3
147
3
15
3
7
4
109
3
1
3
121
3
1016
5
849
4
24
4
477
2
410
2
455
4
151
2
21
1
473
1
405
2
926
3
363
3
254
1
150
323
3
683
2
243
3
228
4
450
2
227
2
449
1
230
4
271
3
229
3
50
5
62
2
993
4
71
5
204
4
69
4
181
5
520
3
523
3
133
3
699
3
318
4
498
4
205
3
732
4
193
4
144
3
435
3
483
5
174
5
82
4
515
3
99
4
22
5
176
4
89
3
132
3
164
4
651
3
64
4
183
4
162
3
357
3
172
5
596
4
496
4
484
3
622
3
474
3
168
3
98
4
211
3
191
3
419
4
28
5
143
5
161
4
418
3
196
4
692
5
1
5
136
4
566
3
423
5
434
4
402
4
239
2
91
2
235
3
234
3
15
4
135
4
202
4
432
5
527
4
95
4
429
4
588
4
568
3
210
5
629
3
385
4
141
4
465
3
199
3
117
3
151
2
180
1
158
5
97
3
31
4
393
3
378
3
216
4
755
4
54
3
208
3
125
3
121
4
153
3
742
2
404
3
265
4
473
1
139
2
436
2
472
4
218
2
403
2
49
3
546
2
109
3
1285
3
102
3
650
2
809
4
21
3
720
3
1091
2
739
3
1047
4
625
4
1035
4
43
3
550
3
167
2
476
3
257
4
380
3
222
4
274
4
118
4
88
4
66
4
1013
2
930
3
826
2
1060
3
1028
3
685
3
405
2
832
3
825
3
926
3
252
3
818
3
120
4
105
2
1079
2
1336
3
296
324
1
288
5
245
2
325
4
237
4
475
5
129
5
147
4
181
5
9
5
844
5
235
2
50
5
1012
4
1067
4
508
5
249
4
250
4
619
3
244
2
93
4
742
3
455
5
106
4
546
3
121
2
985
3
405
4
123
4
262
4
15
5
151
5
293
5
284
4
273
3
240
4
471
4
285
4
282
4
1016
4
763
4
597
3
118
2
756
3
1017
4
823
3
933
4
3
3
824
4
924
4
974
1
825
4
290
4
1277
4
125
4
760
2
413
4
291
5
977
2
236
4
975
2
456
3
1047
2
1215
1
411
4
833
3
460
5
685
5
122
3
829
2
1376
3
1244
4
1059
4
834
3
369
3
717
3
21
2
928
2
7
5
741
5
410
5
294
5
24
5
1
5
124
5
117
5
100
5
246
5
56
5
1073
5
12
5
98
5
55
4
234
4
943
4
466
5
1109
4
470
3
156
5
31
4
939
4
77
4
770
4
218
4
5
5
79
5
566
4
636
4
53
5
379
3
581
5
773
3
17
4
33
4
1217
3
1046
4
356
4
164
4
1083
3
226
5
592
3
1471
3
761
3
38
3
1042
4
572
3
1253
3
1157
3
800
2
573
4
54
4
552
3
1077
4
231
3
11
4
27
3
4
4
174
5
128
4
22
5
172
5
96
4
144
5
92
4
89
3
82
4
385
4
540
3
568
4
686
5
1188
4
403
4
195
4
188
3
232
4
184
4
576
4
550
4
578
4
391
1
562
4
1239
2
1303
3
200
4
672
3
448
5
558
4
396
4
706
3
219
4
670
5
567
5
551
2
563
3
816
3
565
2
774
3
469
5
223
5
175
2
64
5
48
5
1229
2
735
4
212
4
46
4
732
4
70
4
214
4
69
5
772
4
423
4
366
3
179
5
941
4
427
4
715
5
84
3
215
4
1220
5
569
3
555
1
655
4
1505
4
375
1
729
4
631
5
402
4
1206
3
365
3
1478
2
1213
3
798
4
1139
3
238
5
202
4
204
4
153
4
428
5
8
4
168
5
367
4
90
5
173
5
85
2
72
4
49
4
154
4
66
4
158
2
393
3
67
4
1209
1
785
4
1098
4
80
4
1178
4
94
2
722
4
210
5
376
3
395
3
1028
3
384
4
571
2
940
3
1079
2
41
4
780
5
412
3
577
1
790
4
383
2
364
3
575
2
998
1
401
4
1305
3
801
3
1489
2
99
4
140
4
946
4
71
4
418
4
1078
4
28
4
588
4
143
3
95
4
755
2
417
4
404
4
627
4
420
4
501
4
416
4
820
4
101
4
1219
4
97
4
747
4
794
4
739
3
421
4
155
3
783
2
159
4
1273
2
1248
4
1090
2
574
1
1210
4
769
1
582
4
496
5
124
328
3
288
3
331
5
264
3
300
4
748
3
79
5
183
5
176
5
343
2
665
3
919
5
195
5
96
4
482
5
173
5
180
5
657
5
98
5
209
5
475
5
285
4
276
5
515
4
298
4
50
4
100
5
248
4
408
4
7
3
181
4
11
5
510
4
124
4
1
4
9
4
115
4
151
5
127
5
83
5
125
2
1014
3
24
4
1142
4
844
5
324
3
1010
4
10
5
111
4
117
4
282
4
250
3
118
3
20
2
472
3
235
3
405
3
249
3
252
3
535
3
628
3
150
4
222
3
228
5
234
5
499
5
197
5
486
4
144
5
226
4
168
5
492
4
1073
5
48
5
491
4
603
5
132
4
659
5
511
5
855
5
56
5
320
5
64
5
705
4
653
4
194
4
58
5
203
4
483
5
174
5
654
5
199
5
602
4
589
4
479
4
223
5
156
5
661
5
207
5
523
4
429
5
265
4
153
4
484
5
423
5
190
5
607
4
169
5
488
5
528
5
462
3
419
4
165
4
525
5
135
4
214
3
789
4
28
4
193
4
86
4
1050
4
1039
4
631
5
2
4
388
346
3
300
2
313
4
258
3
302
4
751
3
272
4
303
4
286
3
245
3
877
2
328
2
748
2
288
3
325
2
347
2
264
3
316
3
294
2
895
3
678
2
322
2
315
3
127
5
285
5
137
3
124
4
257
2
25
3
275
3
237
3
117
3
591
3
251
4
181
3
100
4
15
3
293
4
298
4
924
2
129
3
845
2
150
3
222
3
1
2
1017
3
250
3
471
3
283
2
273
4
151
4
742
2
546
1
14
3
248
3
628
3
460
3
297
4
1048
3
410
2
1161
2
111
2
7
3
544
3
125
2
240
2
252
2
1016
2
815
2
284
2
255
3
1011
3
235
3
685
3
282
2
411
2
405
1
280
2
1226
3
290
2
121
3
249
3
147
2
619
1
1057
2
455
2
696
2
931
1
824
3
831
3
820
2
866
3
412
1
291
2
3
2
933
2
122
3
1132
3
132
4
684
3
182
5
483
5
461
2
1098
2
209
3
64
5
50
5
96
3
166
3
135
5
56
4
173
5
657
4
89
5
199
5
192
5
1264
3
172
5
655
3
134
5
1333
4
531
4
210
3
12
4
507
4
474
5
480
5
856
3
430
3
510
3
152
4
168
4
8
3
504
4
654
5
647
5
357
4
157
5
144
4
747
2
22
3
462
4
48
5
496
5
185
5
23
4
651
3
187
3
603
5
179
4
97
4
11
3
98
4
425
4
479
4
491
4
174
5
156
4
153
4
485
3
509
3
216
4
193
3
513
5
223
4
165
3
204
3
196
4
79
3
194
4
133
3
1298
3
186
2
429
4
423
3
208
3
92
4
789
2
28
3
55
4
482
4
492
5
195
3
183
4
653
5
198
4
558
3
559
2
638
4
218
2
177
4
265
3
317
4
484
5
497
4
646
3
31
2
215
4
175
2
467
4
521
3
188
3
367
2
427
4
228
3
445
4
45
5
705
5
627
2
211
4
514
4
469
4
501
4
99
3
82
4
506
5
180
5
143
4
502
3
435
4
632
3
955
2
238
4
518
5
568
4
4
4
202
3
528
4
939
2
732
3
663
3
432
5
582
4
176
4
5
3
943
2
69
3
414
4
421
3
636
4
81
4
164
4
527
4
463
4
770
3
466
3
200
4
1119
1
1101
3
589
4
679
2
419
3
649
4
234
5
956
3
588
3
746
3
443
4
550
1
203
3
693
4
66
2
39
3
642
3
739
2
76
3
1286
4
403
3
686
3
468
2
73
2
71
4
213
3
226
1
393
3
371
2
464
3
85
3
65
3
1267
3
227
2
68
3
1208
3
436
3
148
1
87
4
26
3
160
4
724
3
1046
1
47
3
1147
4
161
2
2
3
70
3
404
4
729
2
710
3
503
4
239
3
549
3
637
3
54
3
1229
1
942
4
77
2
451
3
233
2
88
3
447
4
163
4
426
1
566
3
49
3
162
3
17
2
155
2
420
4
230
2
232
2
433
3
941
2
33
2
660
2
553
3
401
1
91
2
16
2
29
1
658
1
380
2
708
3
1248
2
1220
2
206
4
1018
3
1042
3
416
4
67
3
1135
3
158
2
1311
3
712
2
62
1
781
2
720
1
810
1
159
3
715
3
1041
2
51
3
605
3
167
3
402
2
229
2
629
3
27
3
616
3
554
1
1421
2
804
1
780
3
843
3
765
3
849
2
53
3
1217
1
578
2
572
2
356
3
217
3
761
2
366
2
38
1
583
3
36
1
571
2
1228
1
386
2
779
1
871
1
94
2
139
3
977
2
665
2
809
2
1209
2
1044
2
89
269
5
286
5
258
3
331
4
879
4
872
4
288
5
323
3
324
4
294
4
678
2
325
3
748
3
300
4
358
2
334
4
333
4
749
3
332
3
301
4
299
3
327
3
245
3
328
4
264
2
260
4
1245
3
127
5
298
5
100
4
475
5
222
4
50
5
1067
4
248
5
273
3
276
4
250
5
10
3
455
3
508
4
235
3
181
5
7
4
109
4
257
3
742
4
117
4
123
4
1
5
544
4
1161
3
926
3
93
4
121
5
24
4
1007
4
546
4
1134
3
151
5
405
4
476
3
1012
4
147
4
979
3
410
4
1028
3
293
4
21
3
118
3
406
2
249
5
547
3
111
4
1089
2
295
4
148
3
471
4
1016
4
823
3
252
4
535
4
1047
3
125
3
825
3
240
3
619
3
676
3
282
3
196
493
5
511
5
172
4
318
5
655
5
191
5
190
4
174
4
11
4
1503
2
115
5
238
4
357
4
222
4
162
4
414
4
208
5
98
5
740
4
215
5
602
5
965
4
230
4
137
4
504
4
96
1
153
5
648
4
213
5
483
5
183
1
56
4
132
5
423
4
22
4
194
4
427
4
133
4
42
3
168
5
60
5
513
4
186
5
50
5
485
4
216
5
1
4
79
4
151
4
227
4
204
4
65
5
727
5
588
4
496
5
705
4
143
4
217
4
582
5
99
4
1039
4
97
5
1050
5
403
4
70
5
154
5
421
4
71
5
181
4
951
5
109
4
69
5
235
4
642
4
202
5
88
4
527
4
843
4
946
2
237
4
7
5
729
4
25
5
188
3
265
4
966
5
95
4
100
5
419
4
159
4
43
4
84
2
82
4
660
5
47
5
226
4
144
4
378
4
420
4
431
5
209
5
173
5
371
4
83
5
470
3
39
4
389
4
739
4
405
5
102
4
94
4
941
4
404
4
210
4
164
5
228
4
161
4
1221
5
380
4
121
4
417
5
125
5
381
5
738
4
4
4
1115
5
570
3
747
4
142
4
737
5
290
4
465
4
416
4
624
5
559
4
743
4
1135
4
561
5
72
4
155
4
812
4
629
5
546
4
241
5
720
4
402
5
997
3
118
3
385
4
451
4
449
4
722
4
232
3
158
4
68
4
794
4
73
4
229
4
1446
4
67
4
1040
2
412
2
1459
5
790
3
704
5
386
4
1188
3
401
3
450
4
809
4
1473
4
105
4
395
4
1133
4
53
1
1297
4
89
5
961
5
498
5
1028
5
435
5
91
5
134
5
497
5
382
5
735
5
218
5
736
5
1401
5
157
5
1170
5
86
5
631
5
196
5
52
5
461
5
147
242
4
292
5
313
5
948
1
304
3
750
5
286
5
309
1
268
4
303
4
269
5
301
5
898
4
289
3
315
5
259
1
294
1
688
1
258
5
50
5
285
5
1251
5
100
5
127
5
251
5
9
4
1142
5
221
5
19
5
275
4
475
4
124
5
515
5
150
1
508
5
255
2
246
4
10
2
24
2
222
5
279
4
298
1
628
5
14
4
297
4
13
3
845
5
121
5
1
5
250
2
15
3
282
4
111
3
950
4
274
4
117
3
256
5
137
4
248
5
240
1
287
4
293
5
1284
4
237
5
284
4
696
4
815
3
685
4
7
5
244
1
20
5
1009
3
455
1
257
5
1007
4
544
4
151
2
1160
4
846
2
281
2
125
5
22
4
652
4
357
5
79
4
528
5
480
5
211
4
48
5
98
5
521
4
435
5
32
4
144
4
11
5
705
5
172
5
923
5
191
5
199
5
194
5
485
5
523
4
23
5
228
4
510
5
134
5
198
5
632
5
469
5
961
5
96
5
56
5
55
5
61
3
483
5
484
4
210
3
429
5
1073
5
482
5
462
4
855
5
963
5
89
5
498
5
504
5
654
5
179
4
45
5
153
4
272
5
427
5
277
5
663
5
180
5
181
5
114
5
276
5
659
5
187
5
83
5
238
4
186
3
514
5
204
5
209
4
192
286
5
300
3
326
2
258
5
294
3
245
3
748
2
678
3
100
5
275
5
116
4
24
4
919
1
515
5
129
4
124
4
283
4
137
5
1
3
475
5
25
4
628
4
117
4
284
4
50
5
864
3
7
4
235
2
471
3
455
4
20
4
273
4
257
3
1007
4
546
3
298
5
109
4
535
3
248
3
293
3
282
3
1014
3
222
4
250
1
108
4
111
3
596
3
1016
3
288
3
147
3
508
4
13
3
249
3
277
3
168
5
208
4
588
4
98
5
135
4
202
3
223
5
1073
3
705
2
435
3
430
1
529
3
144
3
95
3
230
2
582
4
157
2
160
1
42
3
86
5
175
4
724
3
55
4
357
4
1109
3
198
3
480
4
191
3
22
4
183
4
201
4
228
2
465
3
234
3
692
3
498
3
367
2
527
5
574
1
200
3
946
2
89
4
182
3
79
3
474
4
32
4
196
4
652
3
128
4
92
3
57
5
514
3
237
4
716
3
56
5
204
3
194
3
265
3
118
3
209
4
27
1
114
5
746
3
12
5
70
5
148
3
432
4
699
4
154
5
73
2
197
3
447
4
8
5
143
5
185
5
97
5
231
3
28
4
233
2
53
3
603
5
90
4
736
4
151
3
11
4
479
5
419
3
195
1
1136
3
153
5
133
4
47
2
211
4
156
4
1217
1
443
2
215
2
448
3
69
3
213
3
17
3
4
1
173
4
423
3
625
3
102
1
485
3
302
4
1296
4
687
2
267
3
216
4
238
5
218
3
629
3
174
5
210
4
34
3
181
4
269
4
742
3
83
4
301
4
690
5
307
4
243
1
268
4
271
2
338
2
984
1
176
4
659
4
31
3
272
5
347
3
751
4
750
5
752
4
127
286
4
172
4
485
3
588
4
174
5
69
4
133
3
603
5
211
5
483
5
742
3
50
5
181
4
993
4
282
4
275
3
471
4
127
5
125
3
1346
3
1
5
477
4
121
4
9
4
237
5
257
4
284
4
596
3
311
3
333
5
261
4
842
4
99
3
194
5
504
3
178
5
153
3
427
5
496
5
511
4
199
4
98
4
604
5
265
4
205
5
357
5
705
4
204
4
498
5
435
5
526
5
183
3
530
5
484
4
356
3
507
4
430
5
318
5
482
5
79
5
215
5
479
5
28
4
527
5
58
4
8
5
185
3
523
4
419
5
474
4
317
4
465
4
660
3
144
4
202
3
208
5
193
5
946
3
196
4
210
5
91
2
168
5
22
4
203
3
134
5
143
5
132
5
514
4
71
5
118
4
486
3
200
3
651
5
97
4
423
5
187
5
402
3
652
3
393
4
679
3
213
3
951
4
197
4
23
4
88
5
503
4
186
4
195
4
432
4
549
4
281
3
152
3
625
4
418
4
502
5
1142
4
274
3
845
3
252
4
276
2
820
4
864
3
866
3
151
3
473
3
294
3
546
3
192
286
4
303
3
294
2
288
3
300
4
749
1
264
2
289
3
259
3
127
5
19
1
251
5
181
3
137
4
150
5
275
4
1
3
100
3
475
4
1068
3
847
4
237
2
297
3
276
4
515
4
24
3
257
2
129
4
14
4
50
4
93
2
285
5
7
3
408
4
248
5
13
4
1322
3
244
2
255
2
1379
3
222
2
950
2
111
3
235
1
151
4
298
4
25
3
742
4
274
3
1300
2
240
2
249
3
508
4
1258
2
473
3
10
5
1226
2
546
3
278
3
1047
2
118
2
597
3
20
3
1132
1
56
4
531
3
970
4
12
5
59
5
207
3
115
3
474
5
28
4
152
4
603
3
1141
4
522
3
652
3
509
4
481
3
143
3
432
3
478
4
48
4
61
4
318
4
811
4
588
4
238
4
529
4
634
2
753
5
692
4
174
4
483
5
171
4
211
4
52
4
55
2
435
3
32
3
484
4
1507
3
513
4
607
4
514
5
194
3
98
4
645
4
642
4
144
4
485
4
70
3
153
3
190
5
482
4
710
4
47
4
488
4
270
4
1039
4
1223
3
228
3
135
4
212
4
154
4
114
4
179
4
602
3
208
4
480
4
168
4
182
3
185
3
191
4
197
3
136
4
496
3
23
4
813
4
1020
4
498
4
71
3
423
3
45
3
134
4
511
4
83
5
727
4
229
3
662
4
462
5
367
4
615
4
213
5
169
4
1227
1
479
4
26
4
461
3
58
3
239
3
503
4
77
3
378
3
1506
4
60
5
97
4
1021
3
1050
4
502
4
89
5
1006
4
647
4
1005
5
1073
4
175
5
305
3
271
3
311
4
176
4
343
3
538
3
889
3
345
4
895
2
346
3
313
3
347
4
752
3
354
4
733
3
20
288
4
300
4
294
3
948
4
322
4
261
3
687
2
243
4
328
3
872
5
876
5
881
5
264
1
257
4
100
3
456
4
1094
5
409
4
833
4
1012
4
275
7
4
109
5
250
4
127
4
9
3
237
4
181
5
288
4
24
4
1
4
222
4
150
4
258
4
276
1
235
2
294
4
100
5
455
5
742
4
410
4
15
4
240
4
515
3
282
4
117
5
1012
4
50
5
763
4
1016
4
111
1
284
4
123
4
405
4
151
2
273
1
1028
5
249
3
122
2
456
3
411
1
685
3
281
4
118
4
756
4
21
2
824
3
3
2
820
3
25
3
864
4
412
4
323
4
871
4
252
3
121
4
866
4
407
2
597
3
105
3
758
3
409
4
1013
3
831
4
743
2
1283
4
678
2
1052
1
269
5
340
4
333
4
271
4
300
4
334
3
299
3
191
3
265
4
64
5
496
5
153
3
42
4
182
5
176
4
746
3
197
5
427
4
511
4
474
4
98
4
174
5
194
4
481
4
22
4
73
4
318
5
604
4
651
5
168
4
357
5
193
3
514
3
144
4
157
2
89
2
205
4
419
3
429
4
156
4
195
5
97
4
186
4
523
4
655
1
202
5
210
4
527
4
423
1
96
5
199
4
12
4
204
5
28
4
163
3
11
4
183
3
403
4
39
3
95
5
79
5
172
5
483
4
187
4
173
4
154
4
31
3
566
3
404
3
658
3
8
4
179
3
721
3
568
4
161
3
502
4
68
4
56
4
54
3
2
2
462
2
692
3
201
4
132
4
367
4
218
4
519
4
239
2
69
5
77
3
673
4
418
3
660
4
216
4
180
3
693
5
606
3
159
3
402
2
47
4
164
3
739
2
228
3
426
4
521
3
71
4
230
4
4
4
425
4
385
3
588
5
82
5
88
4
133
4
17
4
610
3
607
4
203
4
227
3
184
4
215
5
241
3
226
5
562
3
160
2
58
4
152
3
420
3
684
3
66
4
143
4
732
4
81
3
702
4
582
2
465
4
636
3
196
4
735
2
233
4
686
4
710
3
443
4
431
4
401
4
550
3
501
3
145
3
451
4
387
3
470
4
33
4
229
3
546
4
503
3
128
5
772
3
76
4
552
3
162
3
232
4
755
4
155
1
363
4
90
3
99
4
62
3
142
3
380
4
29
4
797
4
231
2
1074
2
790
4
67
2
393
3
959
4
1035
4
554
3
631
1
53
1
849
4
802
2
80
3
737
2
91
3
1135
3
51
4
447
4
559
4
219
4
43
5
94
4
576
4
1230
1
771
2
1112
4
384
5
665
2
373
4
1091
3
395
1
1228
4
120
2
138
2
41
3
217
3
719
4
21
307
4
258
3
748
1
303
2
270
2
333
3
309
2
301
4
328
3
289
3
322
2
323
2
988
2
245
2
294
1
271
4
299
2
879
2
358
3
266
2
680
2
484
302
4
286
5
258
4
288
4
872
3
269
5
262
5
321
3
324
3
319
5
271
2
289
2
270
4
340
5
333
4
326
2
294
4
259
3
327
1
300
1
268
5
328
3
334
3
323
1
748
2
264
3
873
3
325
1
245
3
948
2
260
3
358
2
875
4
100
5
87
3
153
5
956
4
531
4
603
5
64
5
474
5
1039
5
435
5
179
5
124
4
204
4
221
5
318
5
480
4
127
5
174
5
1097
3
56
5
427
4
98
5
479
5
507
5
216
5
525
5
741
4
173
5
491
4
187
5
514
5
210
4
28
3
357
5
194
5
223
4
693
4
156
5
116
5
483
5
425
4
9
5
96
5
164
4
847
4
17
4
183
5
50
5
81
4
79
5
773
4
12
4
195
4
653
4
191
5
421
4
132
5
1
5
484
5
408
4
144
5
634
3
182
5
186
4
705
5
558
4
171
4
109
4
92
4
475
4
150
5
232
4
2
3
1073
4
42
5
168
5
93
5
8
5
176
5
234
5
430
4
11
4
508
4
919
4
226
4
238
4
209
5
654
5
506
4
55
4
419
4
68
4
31
3
482
5
960
4
1286
4
172
5
198
4
215
5
22
5
615
4
65
4
184
5
185
5
82
4
284
4
99
4
746
4
7
4
69
5
128
4
201
5
381
4
619
3
170
5
228
4
15
3
550
3
744
3
83
5
125
2
716
2
111
3
203
5
385
4
559
4
208
5
952
3
46
3
70
4
939
3
778
4
382
3
943
2
147
4
276
4
1187
4
282
3
1109
4
458
3
23
5
283
3
4
4
134
5
1098
4
47
5
433
4
813
4
651
5
709
5
33
4
1086
1
24
3
25
4
181
5
591
4
367
4
462
3
1199
3
692
4
202
5
123
4
416
3
844
3
762
4
71
3
673
4
273
3
152
4
432
3
403
5
596
4
236
4
237
5
26
4
167
3
88
4
404
4
160
4
720
2
470
4
1046
3
568
4
222
3
137
4
200
4
443
4
588
5
97
5
1222
3
240
3
161
5
277
3
129
5
739
5
451
5
229
3
117
3
518
4
241
4
582
4
91
5
418
4
230
3
423
4
735
4
729
3
655
5
544
4
631
4
143
4
411
4
405
4
477
3
141
3
780
5
49
2
824
3
583
1
650
5
1411
2
290
4
77
4
1118
3
21
2
62
2
569
3
461
4
155
3
721
4
542
2
979
4
1011
2
1267
3
658
5
833
2
63
1
1218
4
867
3
546
2
455
3
502
4
595
2
715
4
219
5
44
4
517
5
95
5
808
2
554
2
151
5
5
2
679
2
235
4
80
4
420
4
85
3
1021
4
792
5
436
4
159
3
218
4
54
3
636
3
627
3
842
2
291
3
1426
2
549
3
410
4
396
4
578
2
1048
4
239
3
742
4
1153
3
1220
2
13
4
73
3
697
3
616
4
1232
3
1217
1
393
4
233
4
38
1
501
4
755
2
825
3
953
3
121
3
552
2
1335
3
122
4
685
1
473
4
90
4
72
3
29
2
363
1
384
3
3
3
287
4
1188
4
597
1
366
3
845
4
402
4
1047
2
866
2
1273
2
231
4
785
3
94
3
763
4
1071
2
476
3
800
3
386
4
398
1
722
2
67
5
387
5
576
3
1230
1
564
1
562
4
1224
2
665
4
805
4
43
3
790
4
1041
2
815
3
379
4
849
3
928
3
1135
2
765
3
53
3
118
2
940
2
1510
3
586
2
449
4
871
1
1044
3
1090
1
41
5
869
2
700
3
391
1
1270
1
1337
1
926
2
829
2
1040
1
426
3
227
3
401
3
139
3
281
3
779
1
1182
2
1228
2
809
2
413
2
145
1
460
4
376
2
540
1
801
1
1157
2
734
1
783
2
412
3
1210
1
106
2
397
1
1303
3
1110
1
158
3
1095
2
840
2
541
3
1239
1
551
2
1209
2
670
2
1407
1
395
2
831
4
120
2
369
1
1508
1
1178
2
364
2
725
1
574
1
820
3
1034
1
575
4
1145
2
997
2
78
2
738
2
373
2
452
2
375
2
1037
3
577
3
368
1
1052
2
388
2
390
3
759
1
450
3
545
2
998
3
1215
1
1092
1
1509
1
246
5
293
4
255
4
251
4
257
4
1007
5
993
2
1014
3
298
4
1160
2
1142
4
248
2
535
1
1012
4
250
4
1226
4
1016
3
249
4
1258
2
252
3
1315
3
1511
3
1013
1
1023
2
687
1
1088
2
678
1
1089
1
330
3
26
288
3
310
3
879
3
286
1
895
3
681
2
328
3
259
1
243
3
323
3
682
3
893
3
343
3
742
3
275
4
111
3
237
5
271
4
298
5
322
4
294
4
313
5
300
5
278
4
763
4
274
4
222
690
4
286
4
300
3
242
5
302
4
305
3
268
3
904
4
272
3
326
2
327
3
269
4
751
3
311
5
258
4
289
4
347
3
749
2
245
1
748
3
315
5
338
3
251
5
50
5
181
4
257
2
246
3
298
4
249
3
1513
2
127
5
511
4
134
5
98
4
318
3
97
4
174
3
963
4
154
4
423
4
173
3
170
4
89
3
166
4
806
3
223
4
480
5
197
2
59
3
15
1
237
2
1512
3
464
3
947
4
198
4
474
5
484
3
14
4
169
5
175
4
12
5
285
5
209
5
178
4
190
3
191
3
210
3
482
2
129
3
195
3
505
3
214
2
483
5
56
1
156
4
1015
1
144
2
427
5
168
4
713
4
87
1
239
3
153
3
165
4
1
5
275
2
187
4
357
5
527
5
135
3
408
5
11
1
923
5
530
5
171
5
192
2
479
3
143
3
478
3
45
5
189
5
91
2
81
3
845
3
61
4
528
4
222
2
64
5
792
4
650
4
131
3
961
3
943
2
83
3
215
2
76
1
52
2
582
4
512
4
462
5
216
5
1101
4
486
5
865
3
1073
1
48
5
684
3
663
3
238
3
382
5
471
4
100
3
485
2
71
3
202
3
317
4
188
2
172
4
86
4
469
2
1104
4
199
4
180
4
282
3
431
4
203
4
207
5
856
5
176
4
186
4
1485
3
428
3
654
4
655
4
7
4
184
3
160
4
88
2
179
1
204
2
201
3
13
3
228
2
117
2
183
4
631
3
212
3
602
3
16
3
529
5
196
4
287
3
60
3
610
3
638
5
735
4
96
3
42
4
475
4
70
4
709
5
79
3
69
3
686
3
1074
2
960
1
863
4
921
5
151
4
664
2
425
4
566
3
557
4
770
3
597
2
405
3
1018
5
2
2
971
4
733
3
628
4
200
3
1286
5
793
5
729
3
660
4
679
3
403
2
385
1
941
2
433
2
451
3
1411
3
121
3
1456
4
49
3
708
3
778
4
550
3
66
3
163
3
33
3
32
306
5
269
5
242
5
319
4
321
3
286
4
258
2
303
3
289
3
275
4
14
5
1009
4
283
3
19
5
116
5
1251
5
744
4
864
3
100
4
150
5
741
1
235
4
25
3
257
4
285
4
287
4
13
4
111
4
756
3
1028
2
1514
4
476
3
112
82
4
257
5
408
5
515
4
483
5
746
4
153
5
1028
4
24
4
21
4
655
4
175
4
200
3
428
4
736
3
588
4
185
3
178
3
28
3
83
5
509
3
70
4
189
4
395
3
183
3
427
3
403
3
197
4
419
4
239
3
1110
4
135
4
739
2
94
3
72
3
265
3
393
3
949
4
431
4
472
3
210
2
1411
4
529
4
527
5
1
5
56
4
687
1
1140
2
401
1
121
1
831
1
22
3
193
3
195
3
204
3
660
3
1065
3
196
3
505
3
161
3
100
3
154
5
511
5
1022
4
215
4
81
5
214
5
71
5
114
5
143
3
181
5
708
4
132
4
269
4
402
2
64
4
163
3
634
3
99
4
174
4
91
4
164
4
580
4
631
3
423
5
169
5
186
5
433
5
145
4
89
5
173
5
258
5
463
5
172
5
474
5
109
5
209
5
168
5
462
4
50
5
229
5
230
5
228
5
450
2
449
4
380
3
227
5
222
4
286
3
62
3
313
5
101
3
397
322
2
319
4
313
3
309
1
264
2
294
3
288
4
678
3
321
3
259
3
1021
4
58
3
641
4
1
4
496
3
659
3
661
4
172
4
480
4
169
5
427
4
498
5
512
5
434
4
179
4
530
4
513
3
656
3
285
5
183
4
174
4
165
3
488
4
192
5
176
4
8
5
657
4
516
4
197
3
318
4
603
5
100
5
191
4
853
5
521
3
487
4
1073
3
208
4
483
3
45
4
582
3
238
5
48
4
863
3
654
5
56
5
848
4
129
5
510
3
185
4
484
3
276
4
404
3
664
5
175
5
423
5
653
5
640
4
528
3
28
3
432
4
163
4
607
3
234
3
523
4
202
4
273
2
95
4
511
5
170
3
210
4
223
4
475
4
699
4
467
4
283
3
419
4
182
5
9
4
673
4
12
5
127
4
135
5
70
4
81
5
493
3
23
5
92
4
634
4
98
3
201
5
709
3
64
4
237
3
19
3
50
5
486
4
96
4
32
5
942
3
215
3
517
4
583
4
435
4
522
3
153
5
461
4
492
3
211
4
515
3
91
4
602
4
79
4
168
4
684
3
116
4
806
4
558
4
792
3
59
4
265
3
505
3
124
4
22
4
1121
3
209
4
134
5
178
4
485
3
60
3
87
4
199
4
589
4
216
3
166
3
193
3
705
5
11
5
4
5
429
4
204
4
275
4
132
3
618
4
144
3
481
4
425
4
203
5
519
4
180
5
632
3
463
4
89
5
24
4
531
4
99
4
156
4
770
4
628
3
490
4
693
3
469
5
214
2
962
4
1286
3
357
4
154
4
482
5
186
4
205
3
506
4
42
4
133
3
455
4
642
5
921
4
408
5
157
5
1126
3
433
5
65
3
233
3
171
4
1515
4
479
5
965
4
466
5
856
4
1147
4
692
3
97
1
371
3
663
5
82
4
520
4
646
5
648
4
241
4
1019
4
177
5
494
5
504
4
403
4
367
4
514
4
123
3
499
3
195
5
117
3
613
4
164
4
655
4
69
2
802
3
584
4
219
3
160
4
509
4
430
4
218
5
55
3
187
5
736
3
274
3
610
4
184
4
578
2
732
4
550
4
7
4
525
5
588
5
507
3
109
3
629
4
597
3
30
4
200
5
47
4
611
4
1028
2
73
3
566
4
230
4
671
4
447
4
746
4
1456
4
17
4
843
3
181
4
162
4
143
4
945
4
1169
5
537
4
742
4
198
3
811
4
1421
4
615
3
436
4
633
4
1404
4
477
4
71
4
194
5
649
4
152
5
959
3
61
3
472
2
213
4
1065
5
471
3
131
4
526
3
15
3
679
4
428
5
826
3
805
4
121
3
291
3
822
4
31
3
1197
4
502
5
382
4
1006
4
5
4
591
3
739
4
1211
3
118
3
609
4
614
3
616
2
235
3
147
3
686
4
741
4
708
4
141
3
365
3
473
3
196
3
968
4
411
4
755
3
747
3
239
3
1045
4
385
4
842
3
1135
4
501
4
396
4
495
3
74
4
420
4
417
3
54
2
729
3
559
4
393
4
675
4
1154
2
392
4
569
3
660
3
231
3
44
4
72
4
581
4
443
3
966
3
546
3
1118
4
88
4
605
4
778
3
1046
4
25
4
568
5
402
4
378
3
579
3
715
5
825
4
21
3
161
3
148
3
77
3
66
4
226
3
712
4
49
3
356
3
448
3
68
4
1140
4
665
4
449
3
637
3
107
4
1411
4
139
3
85
4
1074
3
452
2
567
4
410
4
298
5
293
4
248
4
295
3
257
4
284
4
1252
3
255
4
151
4
824
3
928
4
1047
3
122
4
254
2
20
300
3
258
5
303
2
242
4
304
3
1296
2
690
3
879
4
306
2
331
5
1025
5
334
4
326
5
938
4
1393
2
989
3
286
4
333
3
324
3
319
4
21
258
3
304
5
748
3
1022
5
832
1
251
5
222
3
116
5
181
4
536
4
275
5
1386
1
50
5
24
4
14
5
740
4
1142
5
845
5
274
3
257
5
294
1
294
258
4
750
5
751
3
754
3
306
4
300
4
310
4
329
4
321
3
326
2
322
4
294
4
748
4
348
4
315
5
323
3
539
4
82
5
12
4
178
5
188
4
483
4
622
3
56
5
186
3
493
4
8
4
98
5
134
5
216
5
209
2
1221
4
64
5
747
3
22
4
174
5
485
1
211
3
195
4
127
4
318
5
173
5
58
3
604
3
23
3
31
4
480
4
494
4
496
5
1116
3
651
4
79
4
692
4
133
3
210
5
523
5
202
4
648
4
939
2
921
4
241
3
181
4
528
4
194
4
172
5
180
4
187
4
177
5
191
4
967
3
143
3
83
5
232
3
265
5
198
3
550
3
592
5
89
5
71
4
650
3
526
5
234
4
504
4
419
3
433
3
498
4
230
5
70
4
215
4
39
4
69
5
170
5
662
4
654
3
661
3
213
4
99
5
193
5
50
5
684
4
699
4
482
4
208
4
176
4
357
5
28
5
470
3
425
2
468
4
76
4
491
4
44
3
203
5
431
4
530
3
705
3
418
4
511
4
778
4
520
5
86
5
660
4
131
3
385
5
588
4
239
3
702
3
568
5
196
5
228
5
66
4
179
2
205
5
136
5
238
4
97
4
614
4
168
4
465
4
724
4
404
3
655
4
88
4
505
4
518
3
553
3
729
4
81
3
432
4
199
4
515
4
584
3
1050
3
183
5
479
5
499
4
487
4
951
3
132
4
519
3
161
4
775
3
423
5
621
4
679
4
365
4
204
5
732
4
966
4
227
4
356
4
96
5
387
4
1297
4
47
2
415
3
965
3
63
3
639
4
72
4
197
4
1217
3
716
4
200
4
77
5
443
3
448
5
715
2
562
3
444
2
231
4
386
3
367
3
527
4
849
3
642
4
449
3
739
4
68
1
1479
3
700
3
5
3
416
4
403
4
233
4
768
2
796
3
229
5
570
4
62
3
941
4
630
5
578
2
38
3
671
3
1035
4
501
5
1222
3
366
5
785
3
51
4
755
4
726
3
417
3
495
4
393
4
627
4
761
3
380
4
392
5
549
2
645
5
428
4
566
4
623
2
942
5
581
3
371
5
559
2
141
4
73
4
94
3
402
4
723
4
1042
3
469
5
43
4
576
3
399
4
436
3
946
4
794
4
720
3
1046
3
781
2
420
1
1041
3
378
5
218
4
708
5
212
3
226
4
451
3
101
4
1232
4
41
3
783
3
944
4
54
4
91
3
192
3
510
4
484
4
509
3
185
2
135
4
735
4
521
4
1119
4
845
4
117
4
121
4
222
4
275
4
15
5
100
1
125
4
1093
5
1
4
118
3
282
5
471
4
276
4
9
4
0
0
245
268
5
682
5
328
4
288
5
294
5
948
3
332
5
322
4
938
3
873
4
327
4
255
5
237
5
24
1
121
4
742
4
93
1
1048
4
220
4
993
5
1047
4
1014
3
1
5
9
4
7
4
246
5
595
3
815
5
477
3
125
5
276
1
257
5
743
1
762
4
845
5
1016
4
15
5
283
4
117
4
405
4
151
4
150
4
147
4
106
2
1012
4
628
5
111
4
756
3
763
5
284
3
410
5
25
3
274
3
685
4
546
4
508
3
1028
3
764
3
282
5
278
5
924
5
476
5
1054
1
126
2
819
4
846
3
1150
4
535
4
591
5
280
3
1057
2
597
4
122
1
1094
1
120
3
833
4
934
4
1276
4
620
3
105
4
827
4
932
4
1095
3
929
3
1089
1
1289
2
406
3
1152
4
1218
4
56
1
1063
5
655
4
433
3
578
4
66
5
806
4
41
5
11
5
88
5
588
5
8
4
423
4
496
4
939
4
724
2
1267
3
95
5
378
5
161
5
772
1
196
3
69
5
28
5
64
5
418
5
942
3
99
4
568
5
692
5
1041
4
1139
5
71
5
946
5
699
5
42
5
501
4
202
5
204
5
775
3
215
4
216
3
672
5
90
2
402
4
12
4
318
5
710
3
417
4
735
5
783
3
65
4
54
4
959
3
794
4
697
3
627
4
72
2
419
4
761
4
36
2
1469
4
393
4
812
4
218
4
73
4
29
5
144
3
609
4
399
3
173
1
791
4
765
3
409
4
747
1
790
4
5
4
22
4
395
2
367
4
470
3
795
4
739
5
1210
4
1221
3
787
2
941
3
1311
5
38
5
143
5
768
5
542
4
585
2
540
3
949
4
1136
5
78
4
379
3
70
1
1263
2
132
4
780
4
1297
4
401
3
717
3
1074
3
1503
3
623
5
785
3
138
5
562
4
377
3
1473
4
722
1
366
4
996
4
94
4
67
4
1518
4
53
1
721
5
365
3
1053
5
796
2
693
3
155
5
1225
3
1032
4
1029
2
68
4
1217
2
869
4
1229
2
1517
4
781
3
1085
1
801
3
1253
4
1520
3
412
3
808
4
158
3
731
4
1519
4
468
4
997
1
1178
2
1220
5
1471
4
411
4
866
4
820
5
983
4
1145
4
1291
1
1165
2
87
302
5
269
5
286
5
324
3
303
4
301
2
523
4
318
5
127
5
187
4
175
5
137
5
1084
4
651
3
531
5
48
4
508
4
461
4
223
5
285
5
178
4
46
4
180
4
1065
4
276
4
520
4
271
3
327
4
8
3
194
4
17
1
100
5
238
5
173
4
209
5
475
4
211
4
168
4
56
5
433
4
202
3
186
4
645
4
4
4
93
5
382
4
216
4
792
5
746
3
25
5
428
4
13
4
732
3
709
4
154
5
204
5
163
3
98
4
654
5
504
3
176
4
23
5
12
5
203
3
185
4
55
5
156
5
603
5
183
3
642
5
673
4
657
4
513
5
431
2
230
4
31
3
121
2
770
3
273
3
234
3
164
4
741
5
466
1
79
4
288
3
340
4
305
5
75
286
5
306
4
292
4
988
1
323
1
304
3
289
2
678
1
707
4
213
5
318
5
462
3
185
2
187
2
127
2
199
3
283
5
530
2
132
4
168
3
50
1
180
4
173
1
183
1
515
4
507
3
531
5
427
5
98
5
190
5
9
4
730
4
483
4
170
4
275
5
487
3
22
4
276
2
223
4
14
4
69
3
44
4
716
5
1084
4
64
4
588
1
83
4
923
5
549
5
357
4
673
2
100
4
97
5
172
1
89
1
197
4
651
5
614
2
463
5
192
1
58
3
735
4
482
3
435
2
265
3
521
5
71
1
633
4
162
3
234
1
1039
5
19
5
191
5
174
1
582
5
0
174
269
5
750
4
294
4
301
4
340
4
326
4
321
4
312
4
898
4
315
5
892
3
286
3
307
3
305
2
289
3
275
4
282
4
284
3
100
5
15
5
285
4
127
5
257
5
14
4
1012
4
137
4
255
4
237
5
628
4
25
5
405
2
458
4
763
3
1014
2
815
3
508
4
248
3
866
4
1160
5
1048
4
864
2
121
1
1023
2
24
4
476
4
105
1
1120
3
934
4
648
5
56
3
692
4
423
5
64
4
194
5
174
4
8
4
134
5
265
4
208
4
50
2
657
5
474
4
842
2
187
4
12
4
480
4
509
5
659
4
132
4
216
4
419
5
66
4
485
5
531
4
143
5
1063
3
196
3
414
4
697
5
197
5
357
4
435
5
517
3
191
5
210
4
865
2
524
3
162
5
481
4
1204
2
482
5
735
5
204
5
792
2
215
2
318
5
142
4
58
4
732
5
655
4
205
3
88
4
193
3
70
5
712
4
157
5
385
4
211
5
133
4
566
4
796
3
514
2
610
5
182
4
69
5
527
5
404
3
356
4
968
3
140
4
161
3
1050
4
403
2
631
4
47
2
63
3
501
4
739
5
618
3
1044
4
160
3
213
4
188
3
77
3
85
3
660
3
944
2
239
4
629
4
49
3
229
1
238
3
503
4
605
4
393
5
26
5
381
1
4
2
179
4
722
4
451
4
167
4
378
4
941
4
1521
3
40
4
575
2
708
4
768
2
138
4
540
4
1032
3
384
3
94
4
809
4
401
3
186
5
376
3
869
3
72
4
396
1
158
5
795
2
1030
2
13
267
4
301
4
333
4
269
3
302
4
332
4
879
5
340
3
307
4
306
4
682
3
338
2
689
3
154
300
4
340
2
288
4
892
3
292
3
895
4
294
4
678
3
751
4
358
4
100
4
276
2
1
3
117
4
24
3
147
4
129
4
763
4
274
4
148
4
7
4
121
5
1047
4
472
3
123
4
405
4
597
3
742
4
284
4
546
4
240
3
685
4
410
4
118
1
458
4
1059
4
278
3
456
3
833
1
235
3
368
3
760
3
3
4
1011
3
1081
4
291
4
827
4
413
3
974
3
369
4
1215
1
122
3
1052
2
411
3
1291
3
210
5
50
4
172
4
56
5
11
4
174
4
79
4
195
5
176
4
183
4
96
5
403
4
2
4
233
4
232
4
4
3
62
4
92
5
226
4
679
4
68
5
431
5
568
4
385
4
89
4
82
3
808
4
177
5
188
4
849
4
161
4
184
5
566
3
550
5
570
4
27
3
33
4
399
3
1188
4
576
3
231
2
586
3
22
5
257
4
252
2
825
4
976
2
156
5
248
5
204
5
588
3
202
4
173
5
97
5
692
4
421
4
241
4
716
1
739
4
51
5
732
3
90
4
66
4
869
4
1041
3
185
4
159
4
800
4
17
5
54
4
77
3
164
4
470
5
554
4
38
4
769
3
1210
4
771
3
1522
3
572
3
1157
4
552
4
1090
3
95
3
627
4
71
3
625
4
99
4
501
3
1091
4
946
5
145
4
774
4
452
3
453
3
238
4
42
4
433
4
250
4
125
496
4
134
3
1194
5
474
4
64
3
603
5
479
4
56
4
604
5
170
4
127
3
647
3
498
5
50
4
7
4
221
5
14
3
19
4
287
3
124
3
100
4
286
4
276
3
283
3
1331
4
730
3
736
4
663
2
190
4
116
3
419
4
143
3
483
5
30
4
215
3
182
3
514
4
48
4
175
3
224
3
855
3
430
3
135
4
527
3
45
4
87
3
485
4
199
4
432
5
197
5
705
3
357
4
611
4
497
5
1126
3
435
5
131
4
198
4
83
4
478
4
654
4
615
5
205
5
213
4
515
5
607
4
633
5
211
4
480
4
530
4
275
4
20
3
207
3
484
5
186
4
382
3
526
3
631
4
462
4
513
4
531
4
86
4
510
5
494
4
529
4
132
5
212
3
191
3
614
3
499
3
463
3
704
3
8
4
9
4
180
4
133
5
52
3
173
4
657
4
1101
3
523
3
59
4
89
3
32
3
153
4
863
3
491
3
60
4
511
4
942
3
659
4
1028
2
493
4
174
3
61
5
193
3
651
3
521
2
194
3
709
4
216
4
507
3
519
4
1050
3
428
4
51
751
2
303
3
346
3
272
4
258
4
127
4
185
5
194
5
216
3
156
4
479
5
489
3
234
4
12
4
48
4
33
4
655
5
197
5
192
5
591
3
150
4
608
3
656
5
508
4
92
4
1019
4
654
5
1
2
505
4
507
4
64
5
89
3
513
4
9
4
521
5
188
3
157
5
318
4
653
4
514
4
196
4
179
5
32
5
313
5
182
5
23
5
603
5
302
5
483
5
50
5
528
5
89
286
3
258
4
300
2
319
2
288
3
294
3
333
4
332
3
268
4
334
3
327
4
289
2
678
2
322
2
873
3
876
2
886
3
243
1
292
4
328
3
875
3
245
2
127
5
50
5
246
4
100
4
93
4
181
5
847
3
222
3
298
4
255
4
713
4
293
4
9
4
117
3
7
2
273
4
257
2
15
3
475
3
933
3
1017
3
764
3
744
5
763
4
544
4
249
3
762
4
993
4
546
2
248
3
619
3
295
3
282
3
741
3
150
4
151
4
1012
4
1048
3
121
3
508
4
535
3
223
4
98
4
156
5
22
5
56
5
204
3
479
4
79
4
651
5
180
5
1073
4
210
4
772
3
179
4
23
5
199
4
203
5
11
5
172
5
215
5
1050
5
186
4
144
4
467
5
238
4
64
5
66
332
3
307
5
286
5
300
5
331
4
340
5
310
4
339
3
538
4
690
4
288
5
294
5
328
4
327
4
321
3
754
5
872
5
292
3
270
5
268
4
258
4
259
5
748
5
301
5
873
5
877
1
322
4
323
4
875
3
289
5
879
4
260
5
749
3
678
3
471
5
150
4
1
5
285
4
9
5
255
4
475
5
273
5
410
5
597
4
298
5
248
5
742
5
283
3
275
4
14
5
276
5
250
4
1033
4
411
5
763
5
50
5
508
5
282
5
458
4
127
4
123
4
293
4
125
5
1094
5
827
4
846
5
0
187
496
5
174
4
194
4
493
5
168
3
613
5
170
2
435
3
515
5
97
4
136
4
484
5
175
1
483
5
69
2
526
5
210
3
204
3
481
1
22
4
527
5
525
5
173
5
64
4
474
5
96
3
523
4
612
2
498
5
478
3
50
5
646
2
528
3
98
5
969
4
654
1
520
5
178
5
429
5
79
4
185
5
603
4
434
5
419
3
317
3
187
1
1126
2
154
2
505
3
659
4
132
4
89
4
705
3
521
2
172
4
657
5
508
3
655
5
479
5
675
4
8
4
180
1
131
2
485
5
427
4
205
4
837
4
127
1
48
3
519
5
208
3
199
5
468
3
611
3
237
2
181
4
511
4
318
5
239
3
514
3
86
2
433
2
500
3
648
5
651
4
480
4
588
3
56
2
197
1
615
4
616
5
378
4
202
4
153
4
195
4
241
3
530
5
134
3
234
3
196
4
183
5
633
4
44
1
135
3
9
1
161
3
507
2
608
4
609
3
282
2
144
5
510
5
701
4
423
3
1
3
176
2
211
4
141
3
491
4
216
2
54
3
671
3
393
4
265
4
550
5
503
3
501
3
4
1
82
3
230
3
228
4
182
2
177
3
385
3
568
4
233
4
679
3
232
2
229
3
227
3
665
1
720
2
397
3
33
2
226
5
849
1
403
3
399
4
554
3
38
3
391
4
1231
3
449
3
53
1
566
4
186
4
732
5
663
1
790
1
90
1
451
2
88
2
72
2
367
3
1118
2
428
5
67
2
386
5
94
4
944
2
780
2
448
3
200
2
443
5
219
2
436
3
670
3
447
4
444
4
559
3
445
4
674
3
441
2
452
3
563
3
564
3
565
3
284
286
2
258
1
302
3
327
3
886
2
333
2
336
2
874
3
269
3
682
3
311
3
268
4
300
2
288
4
328
2
875
4
294
3
271
3
324
3
749
3
895
3
245
1
260
1
678
3
264
2
301
3
321
3
338
1
589
3
474
3
172
4
197
4
7
3
537
4
508
2
186
2
210
3
183
3
83
2
14
4
89
4
313
4
344
4
22
4
340
4
856
4
169
2
12
3
182
4
507
4
175
2
176
4
1073
2
195
4
150
4
222
2
129
4
246
4
475
4
298
3
93
4
10
4
249
2
285
4
506
3
100
4
1070
4
174
4
1007
4
250
2
655
4
484
3
11
4
527
4
23
4
237
4
718
4
181
4
50
3
293
3
405
2
1
4
603
4
79
3
482
4
178
4
133
4
48
4
650
4
64
2
753
4
651
4
188
5
865
5
960
5
180
4
56
2
234
5
421
2
44
3
196
4
151
4
1012
2
1129
2
408
2
273
2
255
3
24
2
558
4
98
4
447
4
219
4
164
3
672
2
559
2
218
3
217
3
47
4
461
3
13
2
1019
3
1101
4
42
3
676
3
25
2
257
2
631
3
502
3
32
4
26
3
173
4
198
4
154
4
127
4
200
4
514
4
357
4
275
4
811
4
238
4
710
4
644
3
806
4
65
2
658
2
156
4
209
4
1056
2
28
3
92
4
921
4
265
2
203
3
735
2
153
4
708
4
95
3
87
3
497
4
204
4
211
3
131
4
523
4
81
4
411
3
845
3
216
3
645
4
517
2
433
4
746
3
702
2
659
4
428
4
792
4
1069
4
959
5
4
4
90
3
88
2
152
3
949
4
382
3
239
3
455
2
70
4
1017
2
732
1
381
4
952
2
367
4
451
4
709
4
805
4
274
2
410
2
111
4
778
3
85
2
393
3
1067
4
476
2
232
4
396
3
72
2
663
4
66
3
1103
4
108
3
478
4
1097
4
652
4
9
5
8
4
1170
4
715
4
498
4
228
4
466
3
628
2
144
4
55
4
686
4
684
4
583
2
281
3
226
3
184
3
33
3
431
3
403
3
233
3
2
2
117
3
147
2
568
2
161
3
230
4
82
2
550
2
546
2
179
2
634
5
31
2
962
3
215
4
418
3
588
4
99
4
191
4
192
5
1098
4
132
5
919
5
201
5
896
5
305
5
168
4
318
5
160
4
494
4
202
4
1218
4
86
4
533
4
849
2
96
2
121
2
469
4
772
3
1141
3
425
3
69
2
582
4
1131
4
423
3
529
3
464
4
1075
4
419
4
190
4
143
4
1100
4
435
4
274
302
4
690
3
333
3
286
5
343
3
258
5
750
4
289
4
879
3
328
4
327
3
271
3
754
4
326
4
301
2
300
5
270
2
245
4
294
3
689
5
332
3
322
3
315
4
299
2
323
3
260
2
984
3
331
4
748
3
1135
1
199
4
12
5
172
4
447
2
223
4
127
5
515
5
511
4
182
2
50
4
144
4
427
3
318
5
1021
3
205
4
183
5
22
5
192
4
483
5
198
3
520
5
69
4
582
5
435
4
216
3
98
4
185
4
195
3
203
5
28
5
9
4
265
5
204
3
56
4
187
4
385
3
176
5
7
4
273
3
180
4
657
4
693
2
97
3
646
3
96
4
523
5
58
4
480
3
589
4
181
4
357
4
606
3
614
4
211
4
64
4
100
5
423
4
157
5
645
4
89
5
510
5
234
4
200
4
519
5
132
5
504
3
117
4
275
4
531
4
474
4
188
5
570
3
82
4
470
4
684
5
1401
2
1126
3
482
3
76
3
651
5
498
5
55
4
222
3
939
4
72
3
699
4
448
3
371
4
215
3
135
3
715
2
744
4
65
4
956
4
228
3
317
4
692
4
194
3
77
4
229
3
591
3
1136
4
405
4
8
3
133
5
10
4
177
3
1109
3
227
3
79
4
159
3
54
3
723
3
241
5
70
4
403
3
218
4
742
4
550
3
661
5
237
4
566
5
1248
3
649
3
51
3
11
3
685
4
521
4
164
3
432
1
636
3
549
4
284
3
662
3
402
3
628
3
232
3
161
4
433
2
503
3
1015
3
736
3
380
3
729
4
356
3
431
2
778
3
44
3
291
4
282
3
637
3
4
3
568
3
162
4
601
4
471
3
71
4
46
2
73
4
708
2
230
3
451
4
798
2
155
4
518
2
68
3
443
4
553
3
226
3
121
4
849
3
627
3
118
3
235
3
597
3
595
3
481
3
1107
3
739
3
148
3
586
1
1263
3
639
2
540
3
149
2
231
2
1041
3
623
3
665
2
755
3
1439
3
546
3
620
3
167
3
809
4
578
2
556
3
29
3
281
4
370
3
559
3
1042
3
823
3
1277
3
726
4
569
4
983
3
62
3
1478
3
38
3
696
3
399
2
561
3
1112
4
679
2
1518
3
720
3
810
3
449
3
572
3
1139
1
554
3
1217
3
579
3
383
3
751
3
347
5
350
3
688
1
23
3
31
4
610
3
186
4
153
2
655
4
528
5
85
1
43
3
752
2
272
5
316
5
349
2
1313
4
905
3
0
147
286
5
989
5
181
5
100
4
255
4
864
4
293
3
284
5
763
5
50
5
275
5
15
5
845
5
1084
5
1
5
283
5
1016
3
126
5
225
4
121
4
118
5
25
5
257
5
473
4
993
4
117
5
235
5
596
5
277
4
237
4
252
4
151
4
148
4
823
3
405
5
1028
4
21
5
866
5
370
4
105
4
739
5
403
5
231
5
627
5
22
5
708
3
603
5
133
5
729
5
153
5
694
5
423
5
161
4
588
5
98
5
527
3
197
5
95
5
205
3
479
5
58
5
174
5
99
4
135
3
496
5
8
5
71
5
185
4
470
5
177
4
418
5
419
5
82
4
238
5
318
5
443
4
136
5
385
5
208
5
47
5
969
5
64
5
357
4
168
3
70
4
216
5
143
5
747
3
132
5
28
5
11
4
102
4
447
4
172
5
200
5
195
3
501
5
213
5
568
5
660
5
51
5
432
4
73
5
31
5
204
5
485
5
210
5
69
5
44
5
427
5
38
4
88
5
202
5
393
4
193
5
692
5
699
5
209
3
72
5
575
4
63
3
584
3
97
5
77
4
228
5
732
5
465
5
651
5
966
5
549
5
376
4
91
4
94
4
1035
4
67
4
554
3
559
3
66
5
963
5
1044
5
468
5
570
4
80
2
451
5
384
2
422
4
215
5
70
242
4
286
4
653
3
705
2
514
3
475
3
223
4
178
3
124
4
132
3
47
5
933
3
482
2
1017
2
175
4
22
4
486
3
190
3
100
4
947
5
221
4
634
3
59
5
215
3
238
4
491
3
69
5
277
4
811
4
133
3
702
3
1194
3
735
4
8
3
479
2
64
4
503
4
1141
3
958
5
414
4
506
2
868
4
58
3
182
4
180
5
31
2
1
1
7
4
32
4
234
4
1101
4
511
5
1100
2
198
4
1199
1
454
3
81
5
11
2
694
4
214
3
467
3
160
5
305
5
269
5
302
5
306
5
682
5
1296
5
304
5
268
5
176
313
5
258
5
288
5
300
5
271
4
328
5
678
4
294
5
327
5
322
4
879
4
895
5
748
4
332
4
984
2
1016
5
181
5
295
3
237
5
222
4
7
4
298
4
257
4
117
4
1315
2
293
4
127
5
123
4
9
4
50
5
282
5
121
5
815
4
742
5
125
5
284
5
1
4
273
5
685
4
472
3
240
4
276
3
118
5
255
4
871
3
471
4
1028
4
763
5
845
3
291
4
148
5
410
4
597
5
405
4
827
4
147
4
820
4
619
3
456
4
369
4
628
4
833
5
595
4
409
3
982
3
406
3
975
3
1150
3
866
2
1011
3
105
2
1047
3
841
4
106
4
756
2
928
5
225
3
235
3
411
4
696
3
717
3
831
3
840
4
1013
3
1244
4
120
4
824
3
370
2
934
2
122
5
983
2
22
5
210
5
41
5
679
5
96
5
195
5
159
5
144
5
226
5
550
5
470
5
1218
5
651
5
89
5
204
4
182
5
172
5
79
5
660
3
568
4
770
3
307
5
245
4
12
5
31
4
56
5
323
5
562
5
232
5
1188
5
385
5
546
4
978
4
82
5
252
5
693
5
354
5
174
5
11
5
98
5
97
5
156
4
64
5
228
5
95
5
173
5
8
5
746
5
451
5
70
2
367
4
73
4
655
5
673
5
566
4
229
5
44
3
234
5
230
5
77
4
233
4
5
5
265
4
684
5
227
5
218
5
54
4
356
3
1042
4
431
5
449
4
53
3
1210
3
554
3
38
2
552
3
1090
5
450
5
452
4
931
2
1157
4
769
3
974
4
333
5
682
4
0
0
0
130
1011
2
15
4
1054
1
105
4
66
3
72
3
451
2
33
3
732
3
1249
3
158
3
393
3
368
1
13
3
1059
3
824
3
94
3
762
5
1437
2
763
3
100
3
290
3
780
3
475
4
25
3
67
4
585
3
571
1
111
3
232
3
90
5
998
1
1094
1
1047
4
399
3
1017
5
395
2
1051
2
1079
1
401
1
722
3
122
5
1048
4
63
2
1496
1
108
3
738
1
1057
4
575
3
781
3
407
1
579
3
577
1
388
1
1188
3
41
3
999
2
1074
5
1230
2
765
4
734
1
1037
1
871
2
56
4
204
5
154
5
692
3
173
5
153
5
42
5
168
5
710
4
210
5
238
3
186
4
655
3
1218
3
1098
3
4
4
1446
1
864
1
1041
2
216
5
26
5
202
1
88
2
70
5
367
3
208
2
949
4
1183
1
239
3
49
4
410
3
716
2
845
1
796
3
1118
4
85
3
859
2
746
3
959
3
790
2
926
1
383
1
785
1
3
1
294
4
50
4
1
3
151
1
237
5
591
5
275
4
257
4
619
3
284
4
742
3
282
3
125
3
273
5
1012
5
124
1
276
4
546
3
405
3
628
3
121
4
288
3
117
3
34
515
5
742
5
181
2
50
5
106
2
127
3
235
3
1016
4
257
3
25
3
250
3
230
5
229
3
450
2
222
5
449
4
380
4
228
5
227
5
125
4
15
5
151
5
121
5
471
5
371
4
1133
4
520
5
636
4
831
1
135
5
392
5
67
4
879
3
631
4
75
310
3
286
4
269
4
306
4
294
1
990
4
301
4
204
3
275
5
83
2
211
4
483
4
215
3
480
5
514
5
484
5
133
4
132
2
654
5
1
3
497
3
792
4
100
4
216
4
169
5
168
3
607
4
513
5
208
3
213
5
498
4
479
5
606
3
490
5
650
5
170
5
1124
4
604
4
516
5
523
3
486
3
174
4
582
5
427
4
525
4
488
5
189
4
511
4
197
5
196
2
180
4
517
5
86
4
478
3
56
3
134
5
494
3
408
5
443
5
135
5
613
3
194
3
212
4
435
4
663
5
708
5
474
4
143
2
603
5
52
5
79
4
462
4
945
4
175
4
382
5
0
44
174
4
179
1
204
4
265
5
435
4
50
4
423
4
172
4
215
5
418
5
143
5
173
5
66
5
196
4
71
5
378
5
402
4
497
5
1
5
199
5
186
4
486
4
95
5
480
5
180
3
588
5
584
3
526
5
15
5
181
4
211
3
205
4
520
5
417
5
88
5
662
2
428
1
274
4
946
5
969
5
502
2
1133
5
504
1
405
5
0
201
286
4
326
1
319
4
324
1
327
4
262
2
301
5
875
1
294
3
289
2
873
3
156
4
196
3
23
5
179
5
531
3
175
5
657
5
32
5
100
5
133
4
486
5
9
5
475
5
357
3
204
4
98
3
153
4
56
5
487
5
461
3
11
5
12
5
558
5
152
4
514
5
160
3
4
4
1103
3
135
3
433
5
584
4
47
5
208
4
220
1
248
3
137
2
813
5
13
3
246
4
1007
4
1368
5
1014
1
276
3
150
3
108
4
255
4
1010
1
1009
1
1016
1
952
3
287
3
298
3
293
4
1012
4
410
3
249
3
14
5
129
5
93
4
535
3
1160
3
833
3
149
5
974
2
844
3
508
3
237
4
123
5
1047
2
763
3
1094
3
274
2
756
3
762
2
15
3
1163
3
7
4
408
5
288
5
257
2
297
3
111
3
124
4
251
5
25
2
547
5
282
1
950
2
1011
3
818
4
476
4
975
2
928
3
1048
1
1128
5
236
3
1300
1
125
2
866
1
1528
3
544
1
3
2
591
3
240
3
815
4
412
3
1008
3
846
2
1315
1
764
1
122
4
1057
2
320
5
518
3
194
3
792
3
606
5
223
4
169
5
165
3
143
5
134
4
482
5
188
3
114
5
607
3
197
4
238
4
692
1
89
3
132
5
656
5
182
5
965
4
427
4
507
4
496
4
655
4
28
2
789
3
1070
3
421
3
423
4
57
3
1071
4
488
5
209
5
772
1
8
4
378
4
723
3
1170
3
42
3
174
2
483
4
1166
1
654
4
732
3
131
5
699
4
523
4
1167
1
58
5
144
5
499
5
189
5
367
5
478
3
191
5
68
3
212
5
716
2
581
3
26
2
727
3
192
4
216
5
574
1
1073
1
193
5
746
4
92
4
95
4
724
1
517
5
663
4
381
5
428
5
382
3
88
1
237
303
4
269
4
302
4
286
4
258
5
288
2
333
3
324
5
334
5
358
1
306
4
260
1
515
4
475
5
100
5
1
5
236
5
124
4
237
4
9
5
25
2
147
4
50
5
458
5
13
5
137
4
744
4
257
3
471
4
7
5
150
4
277
4
222
4
10
4
116
5
250
5
1067
3
276
5
235
4
118
2
117
2
950
3
408
5
283
4
473
3
410
3
980
5
476
2
297
5
536
4
919
5
546
1
1008
4
274
3
252
4
508
5
1117
3
930
1
1132
4
405
4
1047
1
823
3
130
3
931
3
483
5
642
4
435
4
462
4
703
4
57
5
208
4
496
5
199
5
174
5
657
5
127
5
724
4
23
5
478
5
153
5
200
2
531
5
135
5
134
5
152
4
168
4
87
4
180
5
238
4
42
4
523
5
961
4
191
5
614
5
1039
5
26
3
228
5
164
3
527
5
52
5
463
4
28
5
8
5
86
5
98
5
582
3
197
4
606
5
132
5
56
5
963
5
83
4
461
2
466
4
77
3
144
4
660
3
528
3
175
5
157
4
663
5
55
3
499
5
1194
4
47
4
88
4
317
5
792
5
11
5
169
5
65
5
561
3
194
5
387
4
176
5
530
5
179
5
234
1
655
5
48
3
189
4
64
5
82
5
12
5
69
5
223
5
1073
4
217
3
211
5
427
5
581
4
156
4
193
4
371
2
97
4
159
2
1140
3
215
5
715
5
187
4
89
3
198
4
63
4
367
4
951
1
79
4
786
4
22
4
3
4
202
4
702
4
38
3
196
4
58
4
1112
3
712
4
778
5
569
3
66
3
727
4
425
5
943
4
154
5
1267
4
735
5
214
4
44
3
921
4
568
1
474
5
143
4
1211
4
90
4
62
2
318
5
203
5
559
3
684
3
265
2
68
1
403
4
739
3
385
3
1107
3
375
2
382
3
654
5
708
4
231
5
121
2
449
5
429
4
747
4
631
4
583
4
177
4
729
3
241
3
229
4
155
1
53
5
186
4
76
4
67
3
555
1
72
5
188
4
20
5
498
5
521
5
275
5
423
5
163
5
357
5
4
5
81
5
510
5
160
286
3
315
5
678
2
245
3
306
5
313
3
268
3
304
3
303
4
896
4
269
4
311
4
258
3
302
5
647
4
210
4
50
5
283
4
537
4
357
5
119
5
169
5
1020
5
89
5
25
4
9
5
176
5
183
5
198
5
14
5
408
5
7
4
137
5
529
5
508
4
58
3
172
4
173
5
1137
3
129
4
124
5
19
4
222
4
1
3
275
4
628
4
471
3
151
5
125
3
459
4
713
3
111
4
117
3
274
2
284
3
13
3
845
3
291
3
121
3
280
3
1048
3
472
3
546
3
290
2
148
2
742
3
473
4
477
3
237
3
405
2
118
3
281
3
762
3
815
2
928
2
235
3
278
3
597
2
864
3
476
3
756
2
696
3
106
2
273
4
195
5
487
5
707
4
215
3
64
5
663
5
79
4
174
5
588
5
204
4
12
5
181
3
228
4
479
4
694
5
69
2
175
5
86
4
462
2
97
3
486
4
216
4
202
4
95
4
98
4
22
3
45
5
494
4
478
4
463
4
660
3
4
4
684
3
11
3
39
3
208
5
1050
3
1172
4
511
4
516
5
196
4
203
4
213
4
559
3
73
3
71
3
716
3
451
4
88
3
530
4
568
5
372
4
431
3
972
4
385
2
83
4
433
4
5
3
367
5
421
2
70
3
708
4
26
3
272
5
619
4
751
4
926
2
844
1
562
2
122
1
319
1
1165
1
764
1
100
5
709
5
190
5
232
272
5
300
3
303
4
268
4
269
5
313
4
305
4
286
3
333
3
301
4
903
3
311
5
315
5
312
3
886
3
124
5
1117
4
221
5
9
4
508
4
132
5
559
1
289
3
879
2
332
1
748
2
325
1
288
3
294
3
245
2
678
2
462
5
285
5
216
5
262
5
12
5
48
5
173
5
100
5
302
5
64
5
196
5
170
5
56
5
223
5
191
5
298
5
98
5
86
4
481
3
469
5
956
4
58
4
200
4
318
5
28
3
518
4
238
5
258
4
988
2
323
3
1
3
919
2
237
4
14
4
137
4
283
4
126
5
1281
4
628
3
150
5
1011
3
471
3
151
5
93
4
125
3
742
4
845
3
15
4
13
4
117
4
473
2
111
4
696
3
1008
3
274
3
405
4
235
3
762
5
1017
2
148
3
284
4
846
4
744
4
121
3
676
4
25
3
282
3
1048
2
1047
4
220
3
280
3
866
3
291
3
476
3
278
3
118
3
1009
2
815
3
974
3
412
3
620
2
287
4
980
4
479
4
172
4
234
4
655
4
42
2
204
4
87
5
684
4
464
3
470
4
588
3
498
4
197
4
485
4
241
4
416
4
433
4
65
4
210
4
461
3
566
3
202
3
218
3
70
5
79
4
11
4
174
4
50
5
317
4
181
4
651
4
382
4
69
4
44
3
708
3
582
5
387
4
949
3
736
3
403
3
71
3
5
3
88
4
143
5
131
4
81
4
739
4
91
4
709
4
568
4
367
4
33
4
66
3
715
4
451
5
772
4
724
5
747
3
639
4
660
5
732
4
702
4
226
3
737
3
385
3
378
4
1101
4
402
4
443
5
972
4
215
4
239
4
393
3
49
3
381
4
54
3
26
3
77
3
161
3
4
4
738
3
781
3
570
2
40
3
356
3
716
3
1221
3
51
5
365
2
722
3
550
3
38
2
43
3
1074
3
1053
3
955
4
941
3
1247
2
248
5
251
5
1007
5
535
3
297
4
246
4
255
4
1082
2
295
4
1226
3
534
4
293
4
1160
3
1012
3
1016
3
1315
3
1014
3
1023
2
244
3
1096
3
193
748
4
300
5
50
5
366
2
172
5
1011
1
134
5
175
4
210
4
176
4
127
5
727
1
7
2
640
3
180
5
187
3
182
5
22
5
4
4
318
5
520
5
79
5
156
4
203
4
213
3
98
2
11
4
64
4
168
4
153
3
188
4
96
5
186
3
215
3
1039
2
143
3
181
5
183
4
967
2
100
3
173
3
211
4
177
4
133
5
742
4
89
4
470
3
842
1
174
5
55
5
121
4
195
5
204
4
273
4
164
3
518
4
455
3
233
4
616
1
369
3
515
5
684
4
241
4
240
1
97
4
732
3
660
2
216
3
159
4
658
3
423
4
237
4
394
4
746
3
56
5
54
4
151
4
88
4
83
4
642
3
276
1
91
1
117
4
76
4
561
3
147
4
128
2
12
5
234
2
739
3
31
4
685
3
403
3
161
3
951
2
184
1
578
2
1018
3
431
5
141
4
196
3
566
5
265
4
636
3
17
1
77
4
472
4
693
4
157
3
549
4
1135
4
38
3
809
3
365
1
363
3
68
3
541
3
72
3
944
3
708
3
673
3
582
3
293
3
291
5
1258
4
597
3
831
3
58
3
496
5
959
2
657
4
132
4
33
5
785
3
546
4
2
5
53
1
218
3
62
3
219
2
94
3
232
3
1222
4
977
3
29
4
167
2
571
3
1232
1
120
3
1188
1
932
2
395
1
780
2
158
2
576
3
1110
1
712
3
67
3
1090
2
1231
3
802
4
743
2
1210
3
3
3
415
2
720
2
669
1
1228
4
392
3
569
3
110
2
375
1
572
5
391
2
245
4
302
3
288
2
333
4
294
3
259
2
322
3
879
5
358
4
1025
3
325
1
550
4
144
4
226
3
405
3
92
4
385
5
1217
4
250
3
199
300
5
286
3
328
4
333
5
258
4
879
3
288
5
323
1
294
1
748
2
268
4
271
1
324
1
245
5
689
4
260
1
222
4
181
5
246
4
475
4
100
3
127
5
273
5
50
5
151
3
284
3
1
4
117
5
471
4
15
2
121
3
125
5
137
2
713
3
7
4
298
5
1012
4
282
5
257
4
405
4
742
5
508
3
237
4
280
4
276
3
24
3
249
5
685
3
25
2
982
1
293
5
118
4
147
4
1283
1
1016
3
291
5
841
3
597
3
472
5
1059
3
106
2
763
5
544
4
460
3
148
3
410
5
546
4
1028
2
455
2
290
3
411
5
819
1
829
4
1011
3
252
2
928
3
105
2
1088
1
235
2
1047
1
977
5
595
2
363
1
827
1
756
2
696
4
871
4
240
5
369
4
1244
3
820
2
831
1
930
2
1291
1
11
5
318
3
12
3
55
5
195
4
421
2
187
5
156
5
223
4
69
5
182
5
56
5
357
5
96
4
168
5
192
4
87
3
806
3
1039
5
204
4
176
3
79
5
226
4
186
5
216
3
172
5
432
4
655
5
210
4
427
4
22
5
609
4
132
5
230
4
385
4
97
4
686
5
180
5
735
2
356
5
418
4
693
5
144
5
660
2
435
5
215
4
202
4
183
3
203
5
174
4
82
5
470
5
123
3
588
3
31
5
568
4
462
2
98
5
241
3
403
5
77
5
177
5
317
1
501
4
95
4
70
2
200
4
4
4
208
2
699
1
188
5
173
2
1035
3
959
5
943
4
627
4
423
4
157
5
239
5
99
3
392
2
28
4
17
4
159
4
233
5
65
2
692
4
76
5
91
1
416
3
721
5
371
1
227
4
550
5
164
3
73
2
158
3
163
4
465
3
68
5
468
2
404
4
386
1
926
1
85
5
58
288
5
313
5
323
5
294
4
243
3
245
4
988
3
1
4
742
4
237
4
405
4
100
4
628
4
546
3
117
4
7
4
15
4
111
5
147
5
924
4
123
5
1120
3
827
4
276
3
151
3
596
4
406
4
121
5
25
4
477
3
473
3
1028
4
412
2
126
5
685
4
118
4
370
4
1060
3
225
3
928
5
926
3
974
4
819
4
409
4
476
4
756
4
472
4
369
3
411
4
1061
5
291
4
975
4
107
4
240
3
934
4
368
3
834
4
831
4
41
325
3
9
4
285
5
471
3
10
5
459
4
126
2
20
5
713
3
455
2
121
2
744
2
15
4
596
2
276
5
544
4
458
4
291
3
696
3
25
3
619
4
237
2
1128
3
288
3
985
3
823
4
284
5
1028
2
546
3
411
4
105
2
370
2
118
2
106
1
120
3
412
1
1117
3
475
4
100
4
847
4
125
4
50
286
5
324
4
50
5
127
5
429
4
1
4
479
5
172
5
23
5
210
4
654
5
480
5
603
5
1039
4
604
5
427
5
530
4
204
4
340
4
616
4
657
5
174
5
181
4
515
5
168
5
133
5
435
5
190
4
132
5
589
5
258
3
214
3
489
4
183
3
173
4
89
4
153
3
211
2
265
2
271
3
185
5
228
4
176
4
193
4
179
5
136
5
483
5
187
5
195
5
98
4
44
286
5
689
4
310
5
258
5
340
1
301
3
300
5
341
4
880
2
879
5
990
5
538
4
1024
4
332
5
292
4
288
3
245
3
328
4
307
4
359
4
326
5
322
5
888
4
311
4
882
5
289
5
748
4
873
3
984
5
678
4
304
3
313
5
343
3
895
3
754
5
751
4
327
5
989
4
323
5
312
5
898
5
750
5
1105
4
1316
4
42
302
4
181
4
183
5
89
5
195
4
50
5
176
5
79
4
55
1
17
2
39
5
92
3
431
2
228
3
172
5
385
4
56
5
174
5
182
5
4
3
96
4
568
5
273
2
82
3
144
5
210
3
746
4
173
1
692
3
194
3
216
4
657
4
100
4
129
5
12
4
156
4
653
3
98
5
86
4
7
3
234
4
175
1
0
0
26
310
4
286
5
689
4
1429
4
358
4
681
4
288
5
682
4
264
4
260
4
1392
4
882
4
329
3
1175
5
1233
4
307
4
360
4
271
3
324
4
328
4
306
4
300
4
336
4
872
4
242
4
319
5
0
76
984
3
294
4
258
4
326
5
334
4
270
5
245
4
304
5
687
3
322
3
748
5
1
5
237
5
117
5
1048
2
147
5
273
5
24
4
222
5
471
5
455
5
7
3
595
4
126
5
713
5
121
5
150
4
476
3
685
3
283
5
508
5
819
4
864
5
744
5
284
4
742
4
235
4
118
5
1047
4
151
5
546
5
1028
5
125
5
405
5
274
4
111
5
275
5
280
5
10
5
473
3
926
4
866
5
123
4
1277
5
412
2
841
3
220
5
826
3
928
4
411
3
597
4
831
3
760
3
825
3
291
4
472
3
1095
3
1034
2
287
4
456
3
977
5
820
4
833
4
407
3
932
4
105
4
0
27
286
5
1
4
246
3
408
5
748
3
50
5
117
4
455
4
181
5
295
3
273
4
7
5
250
4
24
3
405
3
298
5
546
3
121
4
831
3
472
4
118
3
930
4
323
3
313
5
751
4
270
4
268
4
102
269
4
303
3
302
4
286
5
308
4
306
4
258
4
242
4
304
4
334
4
309
2
328
3
326
3
748
2
321
3
879
3
14
5
127
5
50
4
275
4
936
4
283
4
124
5
1142
4
285
5
116
3
251
5
13
3
1
3
515
4
405
3
100
5
137
5
933
3
15
3
237
4
248
4
297
4
257
4
10
5
271
2
845
3
284
3
744
4
222
2
1197
3
471
4
25
4
1134
3
181
4
963
5
520
4
79
4
170
5
64
5
166
5
483
5
187
4
144
2
582
4
423
4
28
4
531
4
199
5
195
3
654
5
45
4
588
3
194
3
223
5
96
3
193
5
474
5
238
4
521
5
83
4
651
4
197
5
663
4
207
4
175
3
191
4
357
5
511
5
157
4
69
3
134
5
1149
4
735
5
165
4
496
3
479
4
661
5
1039
5
56
4
210
4
955
5
23
5
174
3
205
5
172
4
523
3
121
286
5
258
3
435
5
514
5
150
2
83
3
194
4
652
4
655
3
100
5
517
5
524
4
1103
4
168
4
70
4
238
4
813
4
475
4
430
5
502
4
367
3
56
4
204
4
186
3
285
4
47
4
179
4
531
5
207
4
165
5
190
5
170
5
60
4
213
5
166
4
14
4
59
4
639
4
275
4
283
4
197
5
97
4
1119
3
237
4
451
3
727
3
216
5
949
4
762
2
173
5
694
4
692
4
26
3
212
5
86
4
319
5
202
3
709
5
111
3
88
4
934
3
421
3
707
4
387
3
155
3
1152
2
794
3
274
3
739
4
66
4
1041
2
402
3
1074
3
781
2
90
2
737
4
49
3
12
4
273
3
185
5
684
4
513
5
504
4
23
5
98
5
176
4
603
5
156
4
222
2
654
4
525
4
657
5
55
2
443
3
183
4
466
4
203
5
234
4
129
4
228
4
673
4
79
4
148
1
659
5
218
3
121
2
53
2
742
1
770
3
226
3
498
4
705
5
276
4
28
3
50
5
178
5
611
4
527
4
333
2
269
4
340
3
25
302
5
333
5
347
5
288
4
313
4
300
5
294
3
879
5
258
4
268
2
321
2
336
2
312
5
328
2
689
5
245
4
350
5
332
5
748
1
323
2
322
3
678
2
264
1
683
1
1025
2
0
20
690
4
269
4
319
3
286
5
302
4
268
3
289
3
288
4
294
5
262
3
261
2
325
4
321
2
990
4
678
4
988
2
948
4
687
1
1048
5
875
3
0
33
7
2
413
4
288
4
758
3
853
5
185
5
56
5
854
5
98
5
234
1
218
3
443
5
184
4
201
5
675
4
17
5
436
5
164
5
219
5
445
5
448
5
447
5
217
5
671
5
53
5
200
5
672
5
860
2
573
5
559
5
561
5
773
3
637
5
58
334
4
258
4
302
5
268
4
288
5
324
5
876
3
331
4
333
4
326
4
246
4
50
5
665
5
176
5
183
5
179
5
919
5
250
5
1012
4
100
5
406
4
7
5
413
4
56
5
98
5
436
4
200
4
218
4
184
5
17
5
201
5
672
4
5
4
185
5
760
4
670
4
637
3
217
5
551
3
379
4
561
4
559
4
565
2
774
4
441
3
800
4
53
4
567
4
769
3
145
3
563
4
564
2
448
4
219
4
234
4
164
4
443
4
452
4
0
0
75
302
5
269
5
294
1
321
2
322
3
323
2
257
5
56
2
114
3
174
3
613
2
390
1
265
5
657
3
497
3
705
3
525
4
116
3
50
4
137
4
173
3
14
3
64
4
210
3
135
4
222
3
31
3
175
3
511
4
604
4
22
4
153
2
181
4
134
4
608
4
425
3
433
3
493
5
195
4
480
4
835
5
98
4
183
4
484
4
514
4
52
4
435
3
199
4
136
4
523
3
659
4
856
3
494
3
923
4
427
5
607
5
193
4
285
3
176
4
661
5
107
4
603
5
12
4
238
4
631
4
678
4
172
4
423
4
443
5
100
4
650
5
170
4
57
5
209
5
42
3
51
50
4
181
3
69
5
194
3
237
5
64
4
117
3
127
4
496
4
22
5
177
4
176
4
98
5
66
4
175
1
527
5
179
3
55
4
197
4
97
5
1
4
24
4
627
4
180
4
234
5
174
4
357
5
435
3
423
5
523
4
204
5
663
5
655
4
186
5
210
4
202
5
746
4
42
3
393
2
73
5
79
5
183
5
185
3
265
5
443
4
504
4
31
5
431
5
77
5
452
2
449
3
66
286
5
262
4
288
5
333
5
299
4
327
5
875
4
678
4
292
5
874
4
325
4
322
3
332
4
326
4
872
4
264
4
201
2
7
3
234
5
100
3
98
5
635
5
448
4
185
5
447
5
56
4
5
4
436
5
164
4
219
5
200
5
547
5
559
4
443
4
218
5
844
4
672
5
441
4
637
4
446
4
674
5
561
5
452
4
53
5
183
5
129
4
79
5
176
3
696
4
23
5
12
4
273
5
77
5
581
5
1109
4
44
4
1083
3
595
4
1090
5
159
5
148
5
628
4
1212
4
574
4
1273
4
649
3
233
259
5
328
4
286
3
748
4
269
5
210
5
487
4
204
5
318
5
48
5
433
3
633
4
96
4
603
4
166
5
168
5
488
3
842
3
12
5
156
2
655
5
114
5
209
4
275
5
1039
4
196
5
195
4
357
4
15
4
162
3
117
4
83
5
645
5
694
5
480
3
64
4
499
4
431
5
496
5
520
4
180
3
50
5
172
5
746
4
194
4
485
4
20
2
514
4
173
5
170
5
290
5
727
4
135
1
684
4
588
3
89
5
217
3
150
4
125
4
187
2
390
3
238
4
163
4
71
5
154
5
474
3
22
5
432
5
144
3
649
4
435
4
79
4
385
3
169
5
648
4
136
4
99
5
417
3
69
4
735
5
174
4
211
4
97
3
494
4
186
5
181
5
506
4
215
4
729
4
66
4
95
5
427
4
82
1
497
3
175
3
202
3
389
3
197
3
178
4
705
4
127
2
1113
1
70
4
131
4
25
4
949
4
24
4
1079
4
392
4
213
4
317
4
102
5
151
4
1006
2
58
4
177
3
190
5
31
3
100
3
568
4
378
5
4
4
216
4
553
4
81
2
241
5
214
4
165
5
153
5
707
4
510
3
2
4
189
5
382
4
367
3
471
3
191
4
527
4
423
2
90
4
724
5
28
3
281
3
747
4
732
3
946
5
229
4
625
4
1087
1
110
3
184
4
1147
4
528
3
465
4
418
5
414
3
206
4
393
4
179
3
231
3
849
3
161
4
143
3
651
4
660
4
715
2
232
3
709
5
1078
3
778
5
421
4
941
4
550
3
233
3
399
3
1119
5
239
3
402
4
699
4
658
4
566
4
856
3
366
4
265
4
627
4
529
4
1066
4
632
3
559
3
228
4
1188
3
88
4
225
4
401
4
68
5
596
3
403
3
208
4
843
3
756
3
132
3
459
4
226
3
1135
3
704
2
1530
2
105
3
155
4
409
2
80
3
679
2
1110
4
1228
2
386
3
230
4
451
5
420
4
94
2
1230
3
734
3
142
3
139
3
404
4
278
5
577
1
739
3
571
1
828
3
472
3
380
4
598
3
1133
3
1444
3
274
294
2
292
4
310
5
872
5
289
1
322
4
323
3
948
2
457
1
237
5
741
3
147
3
273
2
222
4
628
3
129
5
1134
4
181
3
117
5
124
3
100
5
127
4
282
5
405
4
1
4
148
4
9
1
276
4
471
4
591
4
121
4
924
5
475
1
248
1
25
5
126
3
257
3
111
2
7
1
685
4
116
1
742
5
15
3
125
5
1028
1
281
3
762
5
597
4
123
2
137
2
24
3
619
3
815
4
274
4
458
5
284
1
763
3
278
2
1011
4
472
2
280
3
151
3
369
1
118
5
928
1
1197
4
1010
5
595
3
844
4
254
3
743
1
1322
3
363
3
620
3
106
3
411
3
476
2
1014
1
1051
4
1047
3
930
2
252
3
1048
3
279
4
696
3
825
3
235
3
240
1
818
3
925
3
824
4
974
4
1277
3
50
3
423
3
82
4
223
5
97
5
566
3
66
3
202
3
144
5
483
3
69
5
56
5
318
2
466
5
98
5
55
2
454
4
216
5
79
4
210
4
11
4
12
4
87
5
651
4
732
4
48
5
196
1
153
5
521
4
174
5
179
1
204
4
186
5
1101
4
185
5
192
5
88
3
182
5
28
5
200
5
467
4
89
2
156
2
23
3
4
2
393
4
228
5
504
4
427
3
385
4
54
4
1206
2
234
4
64
5
71
5
1194
4
735
5
468
4
693
5
218
4
27
4
162
2
463
1
230
5
70
4
568
5
68
1
239
4
654
3
806
3
31
5
183
4
172
3
168
1
713
1
986
3
979
3
975
4
931
3
978
2
406
3
983
2
546
5
1013
2
823
1
1215
1
247
1
544
1
1150
1
176
4
684
5
203
3
443
5
164
4
265
5
77
5
229
5
5
4
356
3
233
3
226
5
38
4
17
2
39
4
227
4
159
4
1042
5
642
1
581
4
1046
5
1248
3
449
4
770
5
1210
4
1217
2
552
4
717
3
572
2
761
3
450
4
554
2
195
3
96
4
161
5
550
5
526
4
184
2
2
4
241
5
403
2
29
3
576
3
779
3
231
2
665
4
540
3
1407
2
1218
2
150
4
880
5
819
3
832
1
756
3
1094
4
225
3
934
3
120
3
220
2
820
4
1001
1
122
2
758
1
173
3
95
4
789
4
692
5
558
1
465
5
197
5
135
4
143
2
637
4
845
2
412
4
846
2
1093
2
952
2
1059
2
424
1
1049
1
1033
4
932
1
977
1
527
4
193
4
963
5
1513
2
829
2
288
4
291
3
477
1
28
300
4
288
4
302
5
525
4
183
5
603
4
176
4
234
5
1073
2
185
5
566
4
233
4
773
3
443
4
39
3
218
3
77
4
939
3
684
4
5
4
44
3
583
2
356
4
761
3
770
3
573
4
1217
4
1046
2
30
268
3
301
3
321
3
328
3
289
3
154
4
514
4
603
4
663
3
707
4
357
4
705
3
269
5
98
5
197
4
198
5
427
4
223
4
181
4
11
4
288
3
100
4
14
4
275
5
237
3
246
3
274
3
111
4
762
4
815
3
0
355
286
5
288
3
294
2
304
4
875
3
276
4
100
4
273
4
1
4
14
5
508
4
1134
4
15
4
285
4
275
5
151
3
591
4
9
5
845
3
117
3
10
3
1061
2
282
4
928
2
405
3
280
2
25
4
123
3
283
4
111
3
744
3
277
4
281
3
125
2
13
3
476
3
409
2
7
4
742
4
237
4
458
4
1028
2
866
2
1047
2
121
4
597
3
287
2
284
3
619
3
762
3
118
4
930
2
148
4
21
3
220
2
411
3
235
4
225
3
696
3
50
4
181
4
257
4
252
4
22
5
531
4
655
4
692
4
4
3
97
5
174
4
223
4
433
4
631
4
234
4
31
4
651
4
200
3
8
4
79
4
806
4
98
5
56
4
99
4
180
3
318
5
566
3
402
4
172
4
496
3
86
4
213
5
82
4
356
4
28
4
83
4
265
4
693
4
143
4
469
5
729
4
69
3
194
4
144
4
1063
4
65
3
12
5
238
3
202
3
191
5
482
4
55
4
735
4
132
4
42
4
196
4
162
4
176
4
135
2
89
4
88
4
959
3
403
4
58
4
793
3
663
3
436
4
792
4
59
4
707
3
195
3
11
3
527
4
367
3
207
4
44
3
694
3
1147
4
428
3
239
3
636
3
186
3
182
4
203
4
64
4
216
4
95
4
215
4
179
2
443
4
723
3
468
5
501
4
727
4
606
5
724
3
382
4
699
4
632
5
479
4
141
3
274
3
451
4
747
3
392
3
509
4
71
4
175
4
961
3
1267
3
96
4
1220
3
153
4
568
4
543
4
500
4
485
4
709
4
708
4
1101
3
230
3
47
4
732
4
404
4
161
4
528
5
417
3
778
3
755
3
157
3
470
3
193
4
969
4
317
5
423
4
1042
3
629
5
949
3
686
4
1107
3
1221
3
517
3
197
3
1531
4
387
4
702
4
77
4
52
5
972
4
218
3
951
3
660
4
731
3
620
3
164
4
43
3
66
3
73
3
921
4
549
3
420
4
48
5
559
4
716
3
674
3
569
3
385
4
942
3
720
2
204
4
159
3
447
4
1425
2
932
2
54
4
78
3
471
3
126
4
393
3
1400
3
756
3
173
5
241
4
210
4
321
3
1284
2
546
2
365
2
926
1
254
1
1009
3
588
5
91
3
183
4
432
4
418
3
924
3
956
3
939
4
401
4
49
3
787
3
1181
2
67
2
5
3
386
3
1044
3
419
4
684
3
217
3
1092
3
94
3
1074
3
226
3
1053
3
1046
3
227
3
396
4
1035
3
1091
2
29
3
1311
4
550
2
160
2
728
3
576
3
110
3
1135
2
1478
3
1438
3
1232
3
1439
3
623
3
449
3
51
3
739
4
665
2
775
3
231
3
1168
3
38
3
68
2
167
4
542
4
370
2
1211
3
554
3
233
2
768
4
399
3
796
2
40
3
380
3
53
3
1058
3
561
3
63
3
635
2
979
3
62
4
1048
2
2
2
155
4
572
3
577
2
441
3
722
3
1523
2
807
3
780
2
106
2
1180
3
734
3
1230
2
977
3
1407
3
575
3
1145
3
412
2
803
3
1037
2
450
3
245
3
473
3
465
3
410
3
292
3
70
4
255
4
381
4
222
3
258
4
298
3
248
3
319
3
295
3
179
286
4
294
3
98
5
100
5
56
5
234
5
164
4
200
4
447
4
185
5
452
3
674
3
443
4
559
3
522
5
285
5
69
4
23
4
193
4
127
5
511
4
704
3
199
4
527
3
135
4
9
4
191
5
520
5
402
3
12
5
28
4
192
4
205
5
317
5
83
4
187
5
461
4
526
4
196
4
649
4
523
4
175
5
179
5
735
4
8
5
116
4
194
5
208
4
204
5
238
5
202
5
173
5
433
4
153
4
516
4
144
5
79
5
195
3
174
5
181
4
50
4
172
4
89
4
684
4
686
4
530
5
161
2
636
3
230
4
2
3
82
4
566
4
568
5
4
5
403
4
233
3
398
1
227
4
554
4
576
4
391
4
151
4
417
5
842
4
419
4
621
4
622
5
141
4
143
4
216
4
707
5
736
4
451
4
88
4
732
5
709
5
603
5
54
2
203
4
654
5
504
5
331
4
1032
2
197
5
659
5
284
4
428
4
651
4
90
2
414
5
211
5
47
5
186
5
163
4
152
5
52
4
448
4
178
5
257
4
96
5
712
3
395
2
855
4
157
4
631
5
729
4
644
5
1206
2
434
3
514
3
524
4
372
4
746
3
710
4
239
4
637
2
563
2
401
3
63
2
1035
3
843
4
357
5
133
4
383
2
528
5
427
5
575
2
64
5
385
2
435
5
97
3
131
5
339
3
1
4
265
4
1219
2
124
5
94
5
210
4
405
3
480
5
251
5
381
5
436
3
93
3
158
1
176
5
183
4
474
5
271
3
177
4
502
5
655
5
517
4
1075
3
270
3
62
2
705
4
310
4
162
258
4
272
4
302
5
306
4
286
5
313
4
750
4
315
4
183
4
170
4
427
4
61
4
100
4
1
4
423
3
12
5
515
4
652
3
956
4
97
3
60
4
651
3
152
2
179
3
172
3
22
4
7
3
180
2
462
4
479
4
86
4
181
3
182
3
357
4
59
4
234
2
629
2
50
4
566
3
1065
4
222
3
114
3
163
2
474
4
134
3
582
4
89
5
709
4
923
3
154
3
318
4
732
4
1404
2
483
4
631
4
190
5
98
4
480
4
498
4
382
3
708
3
151
4
630
2
736
4
514
2
663
4
194
4
518
3
1449
4
465
4
614
3
199
3
197
3
530
5
684
3
610
2
81
3
174
4
654
4
185
4
238
3
177
3
753
4
71
4
200
4
79
4
435
3
419
3
425
4
215
3
132
4
433
3
699
3
527
4
529
3
228
3
729
3
587
4
95
4
204
2
69
4
9
3
213
2
186
3
58
2
512
3
463
4
521
2
1116
4
664
3
135
3
28
4
168
4
959
2
211
3
1101
4
561
2
496
4
38
2
856
3
570
3
845
4
31
1
1113
4
554
2
62
1
196
4
1045
3
1168
3
121
3
549
3
241
2
161
2
414
2
356
2
217
2
109
2
744
3
670
1
770
3
416
2
443
4
118
2
208
2
428
3
139
1
502
1
712
2
573
1
1444
1
665
2
449
3
176
3
229
3
64
3
300
3
340
3
751
3
506
3
265
3
1039
3
270
3
0
53
258
2
286
2
1142
3
50
1
1381
3
127
3
100
4
7
2
25
2
276
3
508
3
137
2
150
2
14
3
475
3
756
3
546
2
252
2
717
3
122
3
98
3
171
3
183
3
168
4
511
4
514
3
507
4
531
4
290
4
1534
4
9
4
56
5
180
5
197
4
1017
4
151
4
235
5
639
3
504
3
482
5
496
3
23
5
177
4
59
5
481
5
135
3
134
3
357
4
474
5
1229
5
1268
5
334
5
332
3
0
0
281
286
3
340
4
304
3
874
3
337
4
285
5
236
2
127
4
224
2
293
3
508
2
256
4
253
3
181
1
1007
3
283
2
1353
4
276
3
251
2
100
4
1010
3
151
2
50
1
1097
5
919
4
1012
3
1160
2
1129
5
257
3
111
2
273
2
473
3
533
4
1008
4
290
3
455
4
250
3
24
3
458
3
249
2
235
5
405
2
871
1
480
5
945
5
23
5
1536
5
357
4
173
4
427
4
176
2
12
3
656
5
523
4
194
3
705
3
479
5
496
2
134
5
1021
5
160
4
175
4
318
2
61
2
606
4
520
3
488
5
1128
3
56
5
482
3
187
4
133
1
55
2
204
1
48
5
209
4
79
3
89
4
511
4
58
4
114
5
87
3
659
4
461
4
498
3
47
4
201
4
153
4
81
3
429
4
483
4
238
5
654
5
172
2
168
3
657
4
486
2
604
4
732
3
98
4
128
5
1069
4
208
3
504
4
197
4
136
3
59
2
199
3
484
4
215
2
419
2
1506
4
433
4
177
4
558
2
180
4
183
3
428
3
32
5
30
5
661
4
514
4
408
5
435
3
144
3
727
1
447
3
1158
5
99
2
1495
3
497
5
503
3
92
3
42
1
205
2
811
4
1121
4
671
3
693
4
500
4
385
1
745
4
191
2
367
4
525
4
135
3
526
3
443
3
1065
3
4
2
186
1
506
2
664
3
658
2
234
1
492
2
1131
3
507
3
423
2
1524
5
425
3
131
4
673
2
965
4
152
3
529
4
421
2
200
3
53
1
211
3
942
2
521
3
502
3
954
4
132
4
663
4
143
3
568
3
1110
2
485
4
1066
4
629
2
715
3
959
3
82
1
557
2
2
3
216
2
961
4
1286
3
675
5
219
1
1118
3
940
3
719
2
403
3
1428
4
451
1
1456
4
674
3
240
4
767
1
218
2
1462
4
378
1
417
2
29
1
1411
3
1135
1
794
2
217
2
448
3
1535
4
1071
4
739
1
444
1
231
2
145
1
383
1
1037
1
1014
2
254
1
195
1
210
1
631
3
528
4
1252
5
305
4
171
3
522
4
865
4
174
2
37
4
93
3
1143
4
603
5
185
5
169
5
650
5
851
5
1154
5
182
5
8
5
430
5
46
5
1070
5
1367
5
524
5
512
5
1449
4
1499
5
198
3
462
2
156
4
221
5
129
3
652
5
474
5
189
5
207
4
922
4
653
4
855
5
325
4
1022
3
346
3
1017
3
122
3
896
5
384
1
616
4
262
4
192
5
489
5
18
5
900
4
1159
4
320
3
347
3
1103
3
487
4
23
455
3
50
4
1016
4
515
5
222
4
127
5
181
3
7
3
117
5
24
4
273
3
685
4
323
4
118
3
121
3
281
3
840
5
405
4
597
3
825
4
546
2
833
3
982
3
304
268
3
333
3
195
4
23
2
101
4
7
5
531
3
1115
3
113
4
127
4
919
5
1198
3
168
5
318
3
181
4
191
4
56
5
144
3
55
3
153
4
651
2
152
1
357
5
508
4
180
4
32
5
746
1
223
5
175
5
204
2
50
5
8
4
211
4
488
3
969
3
650
2
474
5
588
3
183
4
116
3
209
5
64
3
194
3
172
4
718
4
83
4
98
4
1019
4
1069
2
136
3
135
5
173
4
320
4
659
4
11
3
847
3
198
4
655
3
432
4
47
4
558
4
205
5
174
5
69
3
520
4
176
3
96
4
133
2
593
3
435
3
208
3
844
5
514
3
496
3
186
2
603
4
42
4
129
5
1007
5
1143
5
246
3
1129
4
298
3
1187
4
1097
3
475
3
1537
4
1
4
224
5
93
5
477
1
676
1
515
5
117
3
13
4
1014
3
20
4
410
3
744
3
258
4
295
3
1199
5
250
4
123
3
532
3
293
4
107
3
324
4
473
4
1128
4
277
4
1011
3
1012
4
222
4
147
2
619
1
109
4
455
4
742
2
1538
3
273
4
248
4
1008
4
458
1
1134
1
151
3
121
2
10
4
25
2
184
3
200
5
448
3
674
2
854
5
219
2
218
3
447
4
672
2
217
3
559
3
436
4
774
3
569
2
567
2
53
4
773
4
564
1
444
4
441
1
561
3
446
2
551
2
769
1
563
2
665
2
1118
3
202
3
430
3
663
4
367
3
692
1
210
4
238
5
789
4
516
3
414
4
381
4
4
3
790
1
428
4
399
3
731
1
393
2
1110
2
182
5
89
5
39
3
511
3
265
4
79
4
187
4
22
5
82
4
92
4
33
3
583
4
403
3
684
3
68
4
530
4
568
2
431
3
190
5
385
3
526
4
233
3
518
4
188
5
566
3
230
3
231
3
679
5
241
1
227
4
2
4
229
2
578
2
226
3
161
1
27
1
62
2
29
1
550
2
232
2
31
3
203
4
513
5
943
4
581
4
642
4
206
4
52
5
582
3
463
4
1018
3
61
3
580
5
189
5
501
4
71
2
1240
5
768
1
99
5
95
2
418
3
91
4
102
3
625
2
1091
1
1078
1
461
5
48
4
214
5
772
4
806
1
197
2
178
3
641
5
199
4
97
2
972
2
942
4
697
1
81
3
317
4
215
2
528
4
521
3
1166
3
28
5
470
3
434
5
239
1
46
3
735
2
549
5
196
2
953
2
58
4
423
3
193
5
429
3
380
2
737
3
727
5
856
5
715
5
76
3
732
1
693
5
169
5
845
4
114
5
156
5
228
5
192
5
100
5
179
5
12
5
319
1
321
3
288
3
286
2
294
2
289
1
984
1
325
2
678
3
243
1
408
4
24
5
547
4
952
5
201
5
52
298
5
628
4
596
4
117
5
121
4
237
5
1
5
147
4
508
3
100
3
591
4
845
4
111
3
742
5
9
3
313
5
326
5
300
4
315
3
302
5
310
5
690
5
895
4
301
4
288
5
307
4
258
5
333
5
328
4
294
4
682
4
680
5
266
5
259
3
871
2
276
2
56
3
98
5
5
4
184
4
773
3
672
4
218
5
219
5
200
5
559
5
816
4
569
5
53
5
769
3
678
4
323
4
271
302
5
286
2
100
5
127
5
591
3
109
3
475
5
50
5
181
4
847
4
1007
4
275
5
1
4
249
3
124
4
111
3
845
4
285
5
471
4
257
3
283
5
926
3
151
4
15
2
25
3
763
1
410
3
240
3
301
4
300
3
210
2
135
2
187
5
204
4
836
4
134
5
490
3
602
4
234
4
485
5
524
5
174
4
615
4
657
5
709
4
489
4
487
5
194
4
493
5
23
4
481
5
42
4
656
5
172
5
480
5
520
3
182
5
507
5
705
5
427
5
496
4
612
4
558
4
835
5
1050
4
98
4
478
5
607
3
588
5
514
5
616
4
506
4
521
3
87
5
429
4
4
4
491
5
216
2
604
4
1147
4
238
5
654
5
494
5
185
5
168
5
686
3
497
4
519
4
79
4
179
4
414
4
197
5
1121
4
467
3
605
5
584
4
479
4
474
5
483
5
8
4
178
4
969
4
482
5
367
4
454
2
527
3
56
5
133
5
498
5
531
4
603
5
492
5
47
4
486
4
610
5
81
3
173
3
419
3
430
5
663
4
143
3
209
4
518
4
484
5
435
4
1098
4
64
4
923
5
59
5
1036
2
404
5
526
3
154
3
488
5
69
5
630
3
208
5
211
4
186
2
423
5
428
3
631
5
191
5
671
5
196
3
1203
5
1451
5
132
5
955
4
965
5
202
5
152
4
136
4
378
5
58
4
131
3
503
3
684
4
568
3
642
4
501
5
504
4
99
5
608
3
732
4
1286
5
499
4
160
4
477
4
239
3
517
4
82
4
416
4
613
5
699
5
693
4
583
2
71
4
792
4
618
4
65
4
736
5
739
2
420
3
1041
3
161
2
664
4
371
4
159
2
946
3
66
3
274
4
1444
3
153
3
401
3
1119
3
29
2
90
3
411
4
559
3
393
2
1168
3
1530
2
217
3
40
3
142
3
674
2
118
2
155
2
77
2
550
3
756
2
778
4
553
2
396
3
38
2
94
2
395
2
731
3
167
3
412
3
722
2
384
2
820
3
728
3
386
3
53
2
176
4
945
4
661
4
418
4
525
4
649
4
510
3
199
5
28
4
1204
4
1197
3
675
3
1518
2
95
3
942
3
451
2
205
4
629
2
662
3
88
3
402
3
785
3
1074
2
715
3
954
4
1114
2
72
3
80
3
407
1
780
3
105
3
67
2
509
4
712
3
700
2
502
4
997
3
579
1
824
3
383
2
1052
2
346
4
1298
5
347
4
31
302
5
286
4
258
5
304
5
319
5
754
4
990
4
329
3
989
5
328
4
289
3
690
3
331
2
1296
2
300
5
1
5
100
5
740
4
277
2
275
5
126
5
181
4
742
4
124
4
845
2
9
5
475
1
713
4
515
4
283
4
13
2
121
286
4
258
3
328
3
748
3
300
2
294
2
322
3
288
3
264
1
678
2
511
5
504
5
213
4
176
3
58
4
491
3
661
5
133
4
132
4
11
3
22
4
177
4
480
4
603
5
23
4
8
3
318
4
772
2
173
4
479
4
187
4
180
5
510
5
646
4
215
4
435
5
648
5
497
3
651
5
705
5
98
4
134
4
474
5
48
4
378
3
96
3
659
4
127
5
71
3
200
5
421
2
97
4
47
4
174
5
191
3
530
5
205
5
197
5
89
3
604
4
482
4
203
4
1101
4
483
3
168
4
234
4
131
2
357
5
194
4
228
2
507
4
427
5
498
4
527
3
774
2
209
5
462
4
50
4
715
2
652
4
195
2
69
4
76
3
188
3
204
3
490
4
186
5
238
5
31
2
182
4
56
5
26
5
12
5
334
5
59
5
301
4
64
5
60
5
61
5
963
5
276
3
9
5
15
4
100
4
222
2
237
4
458
4
471
2
628
4
1163
2
282
4
125
3
591
4
508
2
546
3
148
3
291
3
460
4
544
4
924
2
696
4
0
214
362
3
751
2
258
4
288
3
315
5
272
4
313
4
270
5
347
4
310
4
538
3
683
4
690
4
304
4
294
4
245
3
342
5
321
3
271
3
332
4
681
3
328
5
879
3
322
4
905
3
259
4
748
3
323
2
243
4
687
3
349
3
892
3
338
2
890
1
689
3
181
4
298
4
250
4
596
4
50
5
1
3
1197
3
126
4
275
4
100
1
282
4
845
4
291
4
248
4
222
4
283
3
125
4
15
3
25
2
257
4
123
4
237
4
255
4
591
5
815
4
249
3
148
4
410
4
109
3
7
4
922
4
121
4
9
4
278
4
742
4
685
3
459
4
471
4
274
4
147
5
932
3
546
2
118
4
628
4
405
4
833
4
840
4
108
2
1258
3
476
3
924
4
1049
4
1016
5
280
4
21
3
252
3
763
5
363
3
717
3
1014
3
1048
3
473
3
544
3
1095
2
871
3
1028
3
369
3
841
3
620
4
472
3
926
4
929
3
825
4
864
3
756
4
409
4
696
4
1047
3
3
3
111
3
597
3
290
3
281
4
1244
3
240
2
1337
3
412
3
820
3
1120
3
1040
3
1001
4
831
1
870
3
456
3
977
4
411
2
105
3
1051
3
934
3
117
4
443
3
189
4
566
3
191
3
173
5
357
2
939
4
11
3
12
5
172
5
69
4
31
4
169
3
215
4
613
4
318
3
89
3
64
4
79
4
22
4
1039
3
789
1
196
4
1169
5
202
3
56
2
633
2
1468
4
203
4
223
4
496
5
128
3
8
3
144
3
82
4
2
4
73
4
418
3
132
2
385
4
194
4
778
3
265
4
204
4
154
2
1446
5
655
3
65
2
659
4
729
4
705
4
51
4
380
2
168
4
550
3
419
4
500
4
83
4
417
3
485
2
739
3
153
3
186
3
58
3
26
3
378
4
588
4
134
2
423
3
5
3
161
4
693
3
465
4
1058
4
431
2
451
3
553
3
135
1
210
4
149
1371
2
358
3
164
4
101
4
181
4
28
4
91
4
156
4
1
4
288
4
433
4
172
4
195
5
96
5
179
5
22
5
168
5
294
4
151
5
508
4
144
5
132
4
12
4
69
5
98
5
42
4
154
3
31
3
79
5
496
5
419
5
186
5
238
5
56
5
117
5
418
4
4
4
216
3
282
3
568
5
742
5
97
4
651
4
204
5
202
5
655
5
746
2
7
5
265
4
121
4
549
4
39
4
672
3
123
5
77
3
210
4
715
4
559
4
208
5
402
4
141
3
161
4
226
2
128
3
578
2
217
5
627
5
385
5
184
3
405
3
403
4
455
4
118
4
109
4
658
3
218
4
33
4
89
5
416
5
24
5
393
4
232
4
88
3
1033
3
90
3
82
4
84
4
431
5
72
4
541
3
739
4
173
5
423
5
174
5
679
3
233
3
550
4
554
4
38
4
720
2
546
4
802
1
597
2
29
3
391
4
540
4
797
3
576
2
68
5
386
3
763
3
73
3
411
4
940
3
795
2
1079
3
780
2
158
3
67
5
63
4
364
3
1484
4
383
2
577
2
928
4
773
4
552
3
979
5
561
4
1210
3
771
4
176
5
183
4
343
3
665
2
257
4
250
4
252
3
228
5
50
5
222
4
62
4
380
4
227
4
450
3
229
3
449
3
230
3
313
5
57
286
4
313
3
750
5
258
4
300
3
342
4
328
4
748
3
343
5
892
3
338
4
50
5
172
5
210
5
174
5
215
5
97
5
64
5
318
4
98
5
89
5
181
5
196
4
216
3
163
5
378
5
231
4
21
3
423
5
186
5
632
5
154
5
237
4
127
5
1
5
100
4
924
4
151
3
515
4
257
5
121
3
255
3
458
3
118
3
252
3
15
3
472
3
866
3
365
5
315
5
596
2
273
2
240
1
739
3
1028
2
1060
2
288
2
54
333
4
300
3
329
2
751
3
288
3
245
3
260
3
322
4
271
4
323
4
328
4
678
3
1025
4
1399
3
282
4
100
2
237
4
591
3
222
5
974
4
619
3
1028
3
25
3
125
3
117
4
121
5
274
4
471
4
291
4
871
2
405
3
118
4
1
4
742
4
9
4
151
3
148
4
930
3
595
3
717
3
977
3
406
2
106
4
986
4
455
2
546
4
597
4
823
2
472
5
281
3
841
4
829
3
840
3
1215
2
93
322
1
243
1
327
2
688
1
680
1
991
1
988
1
261
1
878
1
457
1
989
1
65
2
340
2
324
2
332
2
894
1
325
3
358
2
1018
4
56
5
288
4
338
4
100
5
286
4
171
5
474
5
177
5
343
2
58
5
194
3
221
4
334
3
183
4
751
3
665
3
298
4
289
3
14
3
435
4
127
5
390
3
22
4
855
4
480
5
522
5
588
4
615
5
611
5
591
4
117
3
192
5
318
4
1019
3
513
5
483
5
178
5
657
5
182
5
484
5
199
5
12
4
135
5
197
5
210
4
479
4
504
5
7
5
8
4
181
4
498
4
50
5
186
5
693
4
492
4
95
4
174
5
423
5
641
5
108
4
705
5
475
4
853
4
23
5
134
5
223
4
1001
1
652
3
529
4
156
5
172
5
195
3
357
5
1298
3
172
991
2
127
4
15
5
181
4
13
3
111
3
126
4
276
4
476
3
283
3
100
3
591
3
50
5
1
5
993
3
117
4
237
3
756
3
284
2
25
4
274
3
403
4
589
3
498
5
427
4
182
4
482
5
135
3
485
5
478
5
357
4
228
5
474
4
144
5
510
4
514
4
480
5
604
5
12
3
501
3
134
3
705
5
31
3
168
3
447
2
655
4
953
3
69
5
234
4
430
4
95
5
735
4
423
5
484
4
481
3
588
4
969
4
183
4
582
2
1020
3
56
4
197
5
28
5
602
4
64
4
495
4
174
5
205
5
79
4
204
4
87
4
235
2
96
4
8
3
132
5
429
4
710
2
479
4
159
3
692
4
367
3
520
5
58
4
435
5
70
4
497
3
211
4
194
5
185
5
1450
5
502
3
124
5
523
4
521
5
154
2
2
3
178
5
837
4
432
3
85
4
491
5
173
4
732
4
417
3
661
3
72
3
125
3
607
3
483
5
496
5
414
3
191
4
82
5
97
4
199
4
603
4
152
4
399
4
504
3
1126
4
662
2
385
3
208
5
493
5
216
5
4
2
519
4
73
3
176
4
202
3
172
5
86
3
654
4
133
3
633
4
94
2
393
5
63
2
796
3
153
4
648
5
186
4
88
4
1041
3
663
2
167
3
49
3
700
2
715
2
66
4
712
2
158
3
163
3
659
3
47
3
71
5
65
3
231
2
229
3
610
4
196
4
708
3
239
3
737
2
162
5
1119
4
494
3
525
3
203
4
684
4
227
2
230
3
319
302
4
288
3
301
4
754
3
332
3
307
3
268
3
289
4
328
4
1393
3
323
1
264
3
340
2
890
2
343
2
1137
4
544
2
591
3
405
3
147
5
246
3
273
3
1
4
924
5
471
3
628
3
845
3
282
3
459
4
123
2
475
5
1086
3
15
5
742
4
235
4
763
2
413
2
455
4
820
4
24
4
295
4
597
3
148
4
546
2
118
3
121
3
824
2
760
1
986
3
928
2
825
2
1244
3
977
3
1279
3
407
3
511
3
616
1
114
4
157
3
69
3
96
3
204
3
238
1
176
3
746
5
174
3
1401
3
64
3
399
3
710
2
156
3
172
3
320
3
182
4
318
5
175
3
195
2
186
4
181
3
144
3
168
3
265
3
210
3
22
3
241
4
98
4
588
5
531
3
223
3
50
3
95
3
54
4
55
2
66
3
526
3
946
3
97
4
57
4
128
3
234
3
154
3
132
3
419
3
772
4
582
3
1220
2
393
4
1396
4
959
3
110
2
418
3
622
4
73
3
140
4
673
3
542
3
423
3
559
3
806
3
382
3
468
3
28
2
11
4
102
3
684
3
99
3
433
3
188
4
39
2
655
3
226
3
506
3
179
3
402
3
161
3
203
4
222
3
230
3
735
3
82
3
356
3
164
2
239
3
679
3
385
3
218
4
1184
3
143
5
1192
3
451
3
404
3
214
4
727
4
755
2
227
2
470
4
566
4
431
2
33
3
58
3
975
2
180
3
5
3
91
4
774
3
747
5
389
3
550
3
38
2
380
3
545
2
1090
2
225
3
53
4
366
3
561
2
665
3
219
3
697
2
1459
3
1228
3
541
3
31
3
384
2
568
2
84
2
1074
4
187
3
127
2
56
3
969
3
501
2
633
3
233
3
549
4
941
3
68
3
117
2
228
2
420
3
732
2
722
2
139
3
432
3
1042
3
378
3
1219
3
436
2
720
3
554
3
1542
2
63
3
43
3
1210
2
578
2
540
2
155
2
926
2
62
3
41
2
78
3
1139
4
94
5
551
1
80
3
77
2
229
2
1135
2
400
3
1314
3
29
3
794
3
826
2
386
3
196
5
496
3
48
3
173
3
465
3
658
3
1540
3
1217
4
72
4
1178
3
231
3
768
3
383
2
426
3
232
2
1231
3
403
3
576
3
738
4
781
2
90
2
401
3
395
3
444
1
552
1
452
3
575
1
450
2
388
2
364
4
769
3
1207
3
1232
3
779
4
780
1
1274
1
67
3
1480
3
564
3
153
2
71
3
587
3
1035
3
1179
2
809
3
560
3
412
2
338
1
100
3
1543
3
12
3
817
4
651
3
508
3
543
3
9
3
1541
3
276
3
26
2
291
3
744
3
8
3
693
3
215
2
42
2
660
3
1170
3
1060
3
486
3
462
3
919
2
237
3
454
3
372
3
527
3
47
3
1246
1
151
2
813
3
379
3
274
3
93
3
79
3
284
2
2
3
22
300
4
286
4
306
3
269
4
689
3
258
5
313
5
288
4
690
3
294
3
301
4
748
2
895
4
321
4
749
4
328
3
259
3
304
4
307
3
332
2
343
4
323
4
0
68
286
5
258
4
257
4
13
3
137
4
126
4
50
4
475
3
9
4
275
5
408
5
511
5
182
5
529
4
135
4
234
4
12
4
245
1
515
5
1
5
748
3
181
4
455
3
100
5
25
4
864
3
124
4
255
4
222
4
237
4
151
5
1284
3
764
3
1048
2
10
2
476
3
410
1
127
5
235
3
696
4
273
4
276
5
111
4
591
4
1060
3
471
4
628
3
116
3
7
4
16
3
19
4
118
4
15
5
48
5
42
4
117
3
483
5
228
3
480
5
479
5
204
5
710
2
168
5
96
5
1101
4
32
3
510
5
95
5
50
258
4
50
5
471
5
288
4
129
4
7
5
515
4
181
4
276
4
111
4
100
5
118
5
1
4
928
3
845
4
9
3
147
5
282
5
240
1
106
2
123
3
117
4
257
2
477
4
235
5
1012
1
222
5
121
5
546
3
127
4
237
5
151
4
866
4
148
5
1047
2
748
5
274
3
685
4
597
2
864
4
405
5
472
4
291
4
760
1
370
3
284
1
410
2
925
4
476
4
1199
2
44
690
5
313
5
258
4
1238
3
272
4
286
1
302
4
754
3
331
3
333
2
876
2
301
3
288
3
327
2
683
4
348
3
678
4
245
3
748
4
294
4
323
3
687
3
243
3
879
3
259
5
289
1
892
2
901
2
689
2
339
1
343
1
328
4
300
4
332
4
270
4
307
4
938
4
269
4
342
3
310
4
750
3
739
4
66
4
22
5
737
302
4
347
4
288
5
313
4
521
4
132
5
193
4
468
3
482
3
480
4
659
4
64
5
187
5
174
5
185
4
204
5
98
4
173
5
79
5
96
3
195
5
56
4
317
4
178
3
28
4
50
5
357
5
969
3
8
4
606
3
5
4
433
4
238
5
172
5
69
4
127
5
318
5
197
4
651
5
22
5
527
5
467
4
939
5
429
5
214
4
673
5
191
4
11
4
215
5
423
5
1119
3
427
5
12
5
735
5
135
5
23
5
192
5
655
5
47
5
732
5
1053
5
729
4
392
5
658
4
366
3
1044
4
26
3
792
5
76
3
97
2
461
3
29
4
787
3
644
3
365
1
949
5
697
1
380
2
70
3
356
5
83
1
182
1
806
1
510
1
522
1
1400
1
523
2
960
1
1192
1
730
1
1166
1
519
2
520
2
199
1
515
1
661
3
1103
2
81
3
32
1
205
3
647
1
175
1
1108
1
956
2
75
2
558
1
1147
2
1065
1
180
3
698
1
583
1
1045
3
511
2
87
1
239
3
509
1
425
2
703
2
513
1
196
1
964
1
693
2
48
1
526
1
1464
1
1069
1
86
1
1221
1
39
1
662
1
190
2
179
1
434
3
1194
1
1545
2
641
1
731
3
646
2
1055
3
1220
3
470
1
699
2
58
1
727
1
660
2
77
1
778
1
1566
1
528
1
733
1
695
1
92
1
1468
1
518
1
856
1
1101
3
469
1
1547
2
723
1
1564
1
650
1
643
1
549
1
694
1
736
5
942
1
1308
1
382
1
582
3
1445
1
772
1
1267
1
1290
2
714
1
52
1
553
1
464
1
65
1
54
2
378
4
1554
4
212
1
649
1
537
1
403
5
402
3
715
1
1006
1
46
1
972
1
953
3
570
1
720
1
1585
1
1224
1
808
1
708
1
737
1
970
1
27
1
1561
1
1587
1
1307
1
1261
1
1574
1
1306
1
581
3
1112
2
1206
1
724
1
1519
2
1004
1
941
1
51
1
1518
2
1559
1
57
1
1297
1
704
2
1208
1
1227
3
1058
1
645
1
1107
1
1268
1
1074
3
556
1
1478
1
782
1
1552
1
387
1
1113
1
1148
1
569
1
807
1
43
1
1488
1
1100
1
1247
1
1232
1
574
1
664
1
1439
1
1539
1
1146
2
798
1
1487
1
1424
1
1168
1
1423
1
1421
1
1530
1
555
1
1442
1
1438
1
1441
1
1229
1
1551
1
1260
1
375
1
1139
1
1311
1
36
2
1070
1
1567
1
524
1
210
5
216
2
648
1
853
1
208
5
168
1
209
3
186
5
1225
1
201
1
746
1
194
1
435
1
692
5
430
1
211
1
517
3
514
1
202
4
663
2
959
1
1557
1
1568
1
1072
1
367
1
854
1
381
1
414
1
789
1
1118
1
72
3
1167
1
996
1
66
5
710
4
954
4
1475
1
793
1
73
5
42
1
372
1
232
4
393
4
516
1
4
4
709
1
428
1
721
1
451
5
652
1
88
3
1111
1
67
5
1404
1
790
1
1218
5
33
1
785
1
49
1
702
1
85
4
396
1
399
1
94
5
1249
1
63
3
716
1
580
1
719
1
90
4
796
3
585
1
944
3
781
5
1041
5
738
1
401
1
734
2
1188
3
395
3
712
1
1037
3
1271
2
1036
1
859
1
745
1
110
1
575
5
579
1
999
1
1182
1
1425
1
1437
1
577
3
80
1
1509
1
388
4
795
2
386
3
1180
1
791
1
383
1
1030
1
384
3
571
5
940
1
564
1
997
1
1230
1
1110
1
786
1
1305
1
1043
1
700
1
1209
3
1474
1
783
2
1178
1
726
1
1179
1
1484
1
376
5
377
1
728
4
1550
3
780
3
725
1
722
1
775
1
1029
1
1435
1
765
1
1479
1
40
2
41
1
1517
1
1246
1
1177
1
364
1
545
1
183
1
55
1
241
1
181
5
550
2
176
1
228
1
265
2
568
4
385
1
184
1
82
4
233
1
1548
1
89
1
230
2
530
1
2
1
226
2
566
1
62
1
188
1
431
3
1184
1
68
1
684
3
177
1
1250
1
679
1
161
1
947
1
770
1
229
1
1027
1
227
1
761
1
554
1
802
1
1222
1
849
1
450
1
578
1
449
1
38
5
576
1
397
4
810
1
231
3
398
1
665
1
1231
1
586
4
53
2
1274
1
779
1
391
1
562
1
1407
1
1228
1
1419
2
771
1
759
1
541
1
373
2
540
1
1239
1
656
1
788
1
667
1
234
5
784
1
674
1
675
1
861
1
777
1
668
1
773
1
440
1
559
5
671
2
200
2
439
1
218
5
443
4
447
4
448
4
442
1
670
1
219
5
37
1
438
1
436
1
217
1
453
3
444
3
446
1
452
5
672
1
437
1
669
1
573
3
441
1
816
1
858
1
860
1
445
4
565
2
567
2
551
1
769
1
379
1
561
1
774
1
563
1
603
3
1073
1
203
1
657
1
654
2
31
1
653
1
504
2
642
1
1581
1
1275
1
1109
1
525
1
1422
1
1553
1
1046
2
1217
3
1248
1
943
1
466
1
592
1
1582
1
1210
1
1522
1
1471
1
44
1
1090
1
1253
1
1549
1
1042
1
1207
1
552
1
432
3
419
4
1200
1
588
2
1063
5
584
1
143
5
420
5
99
5
95
3
465
1
422
1
463
1
946
2
625
3
624
4
71
1
417
2
418
5
501
3
622
1
812
1
627
1
141
2
102
1
626
1
951
1
1035
1
755
2
1540
2
1503
1
1469
1
768
3
416
2
404
4
842
5
91
2
140
3
621
1
389
2
623
1
142
1
1078
1
1091
1
1444
2
415
2
843
2
139
3
1412
1
1480
2
400
1
1032
1
1076
2
1409
1
78
2
1555
1
560
1
1470
2
1031
1
1415
1
1531
1
374
1
776
1
1408
1
1219
1
548
1
542
1
1544
1
35
2
757
1
1066
1
426
1
169
1
189
1
1240
1
101
1
955
1
371
1
707
1
421
1
739
2
794
5
747
1
213
2
1575
1
1159
1
851
1
1499
1
1584
1
543
1
1005
1
1579
1
1104
1
1546
1
1565
1
1571
1
1586
1
753
1
957
1
971
1
1576
1
923
2
1573
1
1019
1
1569
1
1562
1
462
2
1558
1
1193
1
45
1
198
2
1577
1
170
1
59
1
1578
1
1580
1
207
1
1583
1
1021
1
529
1
855
1
171
1
30
1
1570
1
1099
1
206
1
1018
1
61
1
60
1
512
1
640
1
638
1
1195
1
958
1
921
1
1266
1
639
1
1563
1
1560
1
666
1
1572
1
1556
1
1535
1
1529
1
557
1
1353
1
1589
1
1405
1
1387
2
994
1
1317
1
1384
1
149
1
536
1
920
1
1318
1
1391
1
1588
1
1590
1
1334
1
1338
1
593
1
1346
1
1359
1
1382
1
350
1
1592
1
1394
1
1429
1
877
1
1175
1
904
1
1062
1
303
1
341
1
1432
1
1434
1
1176
3
1316
1
361
2
308
1
1265
2
1399
1
351
1
1591
1
342
289
3
294
3
286
3
496
4
515
2
519
4
498
5
478
4
513
5
127
4
430
4
64
4
134
5
132
5
589
5
176
5
238
2
531
3
144
1
136
4
153
3
654
4
93
4
514
1
8
4
462
5
527
4
170
3
180
5
488
4
168
3
606
3
205
2
7
4
135
5
1202
3
10
3
182
4
222
3
206
1
520
4
507
4
485
3
9
5
479
4
193
4
1101
4
174
4
87
3
962
4
199
5
181
5
504
4
492
4
12
4
50
5
187
2
427
4
705
4
143
1
42
5
211
5
275
3
156
5
429
4
523
3
591
3
100
4
483
4
57
4
1
4
923
3
529
2
357
4
747
2
115
4
481
3
632
4
490
3
610
1
466
4
1147
4
611
3
661
5
701
5
461
3
434
5
663
5
634
4
468
1
89
4
524
4
528
4
604
3
20
3
11
4
96
5
23
4
207
2
98
4
1126
3
469
4
482
5
1194
4
196
2
124
4
32
5
97
5
173
2
428
5
919
2
638
4
58
4
612
5
1021
5
204
5
179
5
69
4
150
4
806
4
276
4
117
4
813
4
14
4
713
4
508
4
1197
3
472
3
1008
4
1010
4
129
5
274
3
125
3
13
2
284
1
282
3
410
4
24
3
845
3
151
2
15
4
596
3
240
4
237
1
25
1
277
3
823
3
476
4
130
3
123
4
411
4
121
5
3
3
924
4
831
2
826
3
825
4
148
3
405
3
281
3
235
4
1047
3
756
3
220
3
122
3
505
4
509
3
48
5
318
5
647
5
511
5
172
5
175
5
285
5
56
5
185
5
154
5
436
4
234
4
218
3
671
5
184
2
675
4
443
4
219
3
447
4
672
2
674
4
665
3
53
4
444
3
670
3
217
4
396
3
559
3
561
3
569
3
563
1
769
1
452
2
588
4
501
5
99
5
71
3
418
5
432
5
95
4
624
5
420
4
101
3
213
2
198
2
652
2
212
2
190
5
30
4
921
4
52
5
26
3
463
5
381
3
639
4
86
4
582
4
702
3
70
3
382
5
640
3
971
3
737
3
960
2
745
4
517
2
194
5
208
2
163
3
239
3
209
1
88
2
435
5
709
5
502
1
732
4
152
2
210
5
414
2
202
3
655
3
73
2
186
3
746
3
47
4
216
3
433
3
692
3
4
2
715
4
63
3
1170
4
393
4
85
2
40
3
645
5
372
4
367
4
72
3
451
2
629
3
787
3
1079
2
1118
3
712
3
368
2
158
2
575
1
5
4
558
3
453
2
573
3
565
3
660
3
631
5
633
5
28
3
133
5
419
1
191
5
662
3
79
3
526
5
607
4
521
3
183
5
1065
2
651
3
421
4
22
3
1073
3
195
5
1267
3
431
3
197
4
164
5
605
5
727
3
601
3
317
4
188
4
1220
3
480
4
506
4
772
4
92
4
1153
2
602
3
1109
4
157
3
942
4
203
4
657
5
641
5
215
3
39
4
735
3
474
5
404
5
608
4
693
3
699
4
131
2
425
3
1203
2
664
2
487
3
499
5
724
3
228
3
503
3
543
4
945
3
491
4
642
3
216
234
3
189
4
238
5
484
4
209
5
474
3
168
5
496
5
8
5
519
4
214
4
56
5
69
4
357
4
96
3
153
4
134
5
478
4
483
4
169
5
174
5
514
4
28
4
290
3
656
4
175
4
100
5
132
4
188
3
152
4
173
5
89
4
504
3
655
4
172
4
603
4
210
4
91
4
211
4
217
4
650
2
184
4
98
5
235
4
185
5
180
4
127
3
181
3
227
2
95
3
201
4
479
4
50
4
684
3
68
4
205
4
230
4
642
2
403
4
385
4
215
3
200
4
949
3
436
3
746
4
179
3
525
4
176
4
498
4
710
4
71
3
157
2
510
4
183
4
193
3
228
4
289
3
194
4
705
4
97
4
371
2
204
3
154
5
433
4
143
4
737
4
135
3
195
4
1012
3
869
3
659
5
117
3
491
4
45
4
131
3
216
4
408
4
493
3
648
3
432
4
588
4
616
3
428
3
559
3
448
4
755
3
2
4
239
4
657
4
197
4
202
4
101
3
447
3
1
4
161
2
118
3
144
3
159
3
796
2
163
3
229
3
568
2
40
1
99
4
502
2
418
4
218
4
427
4
660
3
466
3
162
4
747
3
191
5
629
3
25
3
67
1
85
4
423
4
1118
4
712
2
972
3
88
3
4
4
715
4
196
4
151
4
82
3
732
4
785
3
203
4
443
3
231
3
399
3
123
3
382
3
1230
2
158
2
121
4
265
3
739
3
274
3
402
2
29
3
1263
2
708
3
393
2
449
2
72
4
232
3
226
3
1188
2
1041
3
94
4
635
3
186
4
756
2
569
3
62
3
405
3
219
4
400
1
859
3
1044
3
729
4
508
4
291
4
565
3
1090
2
1028
3
388
2
930
2
416
3
395
1
675
3
879
3
844
2
248
4
222
4
258
4
70
4
255
4
521
3
969
4
455
3
257
4
993
4
476
2
345
4
244
3
249
2
208
4
561
4
182
4
147
4
316
4
177
4
0
203
288
1
286
5
300
3
303
4
538
3
321
2
327
2
1176
4
270
2
338
3
937
2
325
4
322
2
289
1
326
3
995
4
264
1
877
2
879
1
1295
1
749
3
1393
1
1392
1
680
1
339
2
343
3
266
1
890
1
876
2
1242
2
1360
2
1093
2
1369
4
1328
2
1379
3
1537
4
127
4
523
4
504
2
134
5
479
5
1512
5
618
4
480
5
12
4
615
5
170
4
171
4
199
4
526
3
209
5
116
4
478
4
608
4
485
2
180
5
175
4
427
5
216
4
663
4
50
5
1558
5
528
4
484
4
514
5
435
3
474
5
275
4
603
5
659
5
165
4
168
5
357
5
1070
4
1020
5
923
5
223
4
203
5
89
5
483
4
481
3
530
4
1524
4
192
4
466
4
654
3
607
5
99
3
172
5
213
4
1194
5
1073
4
475
4
429
5
489
5
191
5
496
5
98
5
661
5
1449
5
179
5
647
5
178
5
135
5
632
3
520
2
318
4
28
2
505
5
511
5
9
4
166
4
205
3
14
5
100
5
1541
4
136
4
22
2
631
3
187
3
633
4
657
3
382
4
433
4
58
4
714
3
173
3
855
4
79
4
381
2
604
4
461
3
493
4
48
2
59
5
133
4
276
4
709
4
204
5
664
4
154
5
854
4
60
5
207
3
156
2
498
4
65
4
8
3
965
2
87
3
676
2
115
2
609
3
1097
2
606
4
211
4
174
4
30
4
1593
4
945
3
83
3
201
1
491
2
181
4
708
4
404
2
1159
2
529
5
200
2
527
4
210
4
23
4
486
3
428
4
705
2
197
3
214
4
97
5
162
4
1065
2
283
4
367
3
733
4
206
4
6
4
195
4
516
4
518
1
202
3
684
4
186
5
61
4
1050
4
1021
4
153
4
45
4
430
4
497
3
499
3
1346
3
482
4
285
4
1099
4
28
354
3
340
2
300
3
347
1
258
2
303
3
882
3
352
3
538
3
754
3
328
3
289
1
748
2
312
2
689
2
311
3
323
3
886
2
313
5
269
5
286
4
898
3
315
4
316
4
873
4
690
4
905
4
272
4
0
51
288
4
340
4
114
4
318
5
634
5
174
5
969
3
28
4
508
4
1
4
182
4
202
3
427
4
408
4
169
4
56
5
154
3
186
5
724
4
487
3
218
3
480
4
23
4
117
4
211
4
24
3
4
3
214
3
939
4
175
4
96
5
684
4
92
3
70
4
172
5
7
5
64
4
651
4
357
4
193
4
431
4
526
4
276
5
135
4
150
4
195
4
208
4
436
4
173
5
206
2
81
2
50
306
4
269
4
690
4
303
5
286
5
301
3
302
2
258
4
307
2
332
3
328
3
327
3
333
2
300
4
271
4
326
3
245
2
270
4
289
4
877
3
260
1
321
3
297
5
508
4
936
4
283
5
273
2
14
5
100
4
460
3
236
4
275
5
181
5
9
4
515
5
257
4
7
3
471
4
250
3
50
5
276
4
222
4
284
4
15
4
124
5
237
4
255
3
628
4
25
3
147
2
25
272
5
258
5
302
5
313
4
270
5
264
3
310
4
346
5
678
1
300
4
340
4
288
5
324
4
294
2
301
3
748
3
895
4
260
3
325
3
343
2
886
4
690
4
11
5
433
5
100
5
24
269
4
328
5
258
4
323
2
322
4
754
4
748
5
243
1
479
4
432
4
684
3
531
5
136
5
195
5
1524
5
180
5
483
5
174
5
154
4
56
5
204
4
641
3
480
5
185
4
279
268
4
269
4
303
4
748
4
294
4
990
2
323
3
289
3
245
2
678
2
333
4
322
3
332
4
937
2
300
4
874
1
327
4
266
3
264
3
875
2
680
3
14
4
15
4
124
4
250
4
475
2
93
4
151
3
1152
4
985
3
137
3
285
2
246
4
1012
4
123
4
257
3
7
4
276
3
25
4
815
4
628
4
717
2
253
3
225
1
237
3
845
4
473
2
298
4
21
3
273
4
297
4
713
4
118
2
762
3
696
3
742
4
249
3
824
2
111
4
1089
2
1160
4
546
3
1014
3
535
4
106
3
1132
2
685
3
411
3
1054
3
1337
1
252
4
934
2
597
3
472
4
929
4
1048
3
278
3
10
3
105
2
510
4
182
4
69
4
447
4
185
4
55
2
90
4
707
4
238
4
11
4
498
4
202
4
218
3
652
4
997
3
792
4
42
3
179
2
176
4
132
4
633
4
184
4
418
4
955
4
154
4
133
2
4
4
941
3
53
2
219
4
71
4
662
4
73
3
99
4
682
3
305
3
846
3
930
3
866
4
220
4
287
4
620
4
291
4
834
3
1336
1
827
4
975
2
254
2
928
3
399
4
134
4
95
3
36
2
568
4
432
2
693
3
770
4
470
4
423
4
1469
3
92
3
231
3
338
3
898
4
538
4
895
4
330
3
312
3
259
2
689
4
1011
4
235
2
329
3
346
4
348
3
353
2
311
3
980
4
926
2
619
4
240
1
1300
3
840
4
931
3
122
3
393
4
88
3
431
4
404
3
433
4
1098
3
631
3
1264
4
724
4
651
4
86
1
865
3
203
3
44
4
491
4
425
4
463
4
161
4
230
4
448
3
778
3
549
4
1400
4
226
4
140
4
1077
1
553
4
2
4
821
4
624
3
559
3
153
4
157
4
842
4
159
1
721
3
417
3
550
4
542
1
843
3
80
2
217
4
17
2
585
1
366
4
720
4
1220
3
420
3
43
1
1136
4
29
2
38
3
790
4
27
4
554
3
578
4
94
2
1441
3
396
2
737
3
401
2
849
3
1495
3
72
2
761
4
67
4
1139
3
783
3
712
4
723
4
571
3
1188
3
1168
4
416
4
560
3
1051
3
452
3
41
3
803
3
1428
3
1135
2
158
3
387
3
142
4
1217
4
1041
3
415
4
734
3
1053
4
765
4
791
2
395
2
807
4
78
2
738
2
364
2
1478
2
375
1
1517
2
1092
3
1407
2
103
3
388
2
316
3
864
3
544
2
532
3
833
3
819
3
369
2
1147
4
32
2
1503
4
785
3
242
4
365
242
3
258
4
302
3
270
2
713
2
508
3
293
4
50
3
127
4
15
5
100
3
147
4
246
4
515
4
257
3
596
3
7
3
273
3
286
5
181
3
248
4
255
3
298
3
413
3
3
4
472
2
1086
4
109
2
125
5
1047
4
222
3
597
3
235
2
628
3
1
4
25
2
979
3
475
4
250
4
324
1
825
4
294
4
151
5
117
4
123
2
252
3
742
2
24
3
405
3
118
4
685
1
13
2
121
3
544
3
290
4
764
3
16
3
762
3
1215
2
546
3
815
4
106
2
1288
1
1028
3
1014
4
748
4
993
3
323
3
831
2
928
3
122
2
827
2
767
1
823
2
473
2
176
5
96
3
228
3
203
4
11
5
182
4
178
3
234
4
95
5
419
4
223
5
65
4
98
5
663
3
496
3
923
3
190
5
196
5
423
4
23
3
474
4
186
5
357
5
461
3
58
3
202
4
1039
3
81
5
134
4
144
3
188
4
131
4
214
5
12
4
68
3
183
4
216
3
209
4
64
5
97
4
82
4
483
5
709
3
168
4
684
3
195
5
484
4
156
3
431
4
963
4
855
2
69
3
506
4
418
4
42
4
99
4
169
3
174
3
191
5
56
5
173
5
172
3
161
3
588
3
498
4
501
3
421
4
154
4
207
4
513
5
153
5
89
5
518
5
180
5
163
4
200
4
185
3
184
4
70
4
288
3
582
3
179
4
210
3
111
3
238
4
91
2
171
3
212
1
732
4
710
4
135
3
631
3
132
4
230
3
655
4
55
5
32
2
198
4
79
3
549
3
658
2
642
5
404
3
428
3
157
4
47
3
208
3
265
3
66
3
616
2
746
5
638
4
792
4
465
4
226
3
393
4
83
5
425
4
692
4
568
2
614
3
164
3
17
4
385
5
218
3
142
3
422
3
39
3
651
4
747
3
727
5
73
3
4
3
1119
3
386
3
1000
4
433
4
636
3
1091
3
420
4
436
3
201
4
1041
3
232
3
141
3
51
3
5
4
217
4
27
3
441
3
159
4
715
2
402
4
102
3
1183
4
1550
3
139
3
561
3
774
4
778
4
640
5
943
3
206
2
708
2
1182
3
231
4
1446
3
380
3
365
4
728
3
796
4
367
2
399
3
723
5
1044
3
62
3
562
4
145
3
559
4
219
3
101
3
411
2
63
3
679
2
1210
2
625
4
447
3
783
3
72
4
90
3
804
3
94
3
550
3
388
3
810
3
395
4
40
3
551
3
403
4
1018
3
758
2
80
4
451
4
384
4
77
3
1228
2
1095
3
940
2
1209
3
771
3
1232
2
541
2
555
1
158
2
576
3
1040
2
574
2
1139
3
579
2
800
2
1036
3
391
2
1539
2
563
2
396
2
674
2
1090
3
779
2
578
3
765
3
849
1
78
2
268
4
326
4
358
2
264
2
245
4
260
3
340
3
325
2
20
2
1011
3
1023
4
120
2
1057
2
537
4
485
3
211
4
382
2
392
3
946
4
809
3
44
2
781
3
1135
4
49
3
162
3
552
2
944
4
29
2
167
3
665
2
1411
3
999
3
1416
2
1157
4
797
3
449
3
444
4
67
4
780
4
725
4
1207
3
452
2
373
3
669
2
364
3
668
2
450
2
545
1
1247
3
743
2
769
1
1230
2
343
2
322
3
895
3
1016
4
818
2
871
2
0
32
286
4
269
4
306
5
300
4
257
4
405
3
275
5
50
5
604
5
79
4
191
4
1
4
173
5
617
4
174
5
69
4
705
5
28
3
1451
4
488
5
89
3
134
5
100
5
212
1
197
5
494
3
223
4
514
4
478
5
615
5
181
4
14
5
0
0
97
258
4
324
5
286
5
326
3
299
1
327
3
358
2
288
3
260
3
323
3
325
2
294
3
273
5
276
5
100
4
181
4
127
4
124
3
257
4
1007
4
129
4
475
4
15
3
515
4
93
4
137
5
7
3
126
4
50
4
1199
3
117
2
275
5
919
5
477
4
293
3
1017
4
1
3
295
3
926
2
250
5
248
3
222
4
1187
4
922
4
235
2
458
3
151
4
717
3
109
2
742
2
410
5
237
4
333
4
267
4
302
3
334
4
270
3
867
3
287
3
271
3
682
2
339
2
307
4
590
2
854
4
201
4
98
5
200
5
185
4
234
4
559
3
184
4
448
4
558
4
436
3
5
3
672
3
219
4
218
4
671
4
217
3
665
5
396
4
561
3
447
4
670
2
53
4
452
3
773
3
441
4
379
2
551
2
567
3
859
3
563
3
370
2
760
3
0
44
286
4
690
3
258
2
310
3
882
3
538
5
304
4
689
1
289
5
288
1
294
5
990
5
259
2
989
2
683
3
323
5
261
3
243
4
681
3
300
2
333
5
688
2
292
4
427
4
435
3
172
3
115
1
969
1
275
5
100
5
127
4
1
1
1346
4
50
3
508
3
14
4
1084
5
9
5
276
2
740
5
840
4
151
2
15
4
25
4
151
302
5
286
1
319
1
258
2
288
5
294
2
300
2
678
1
879
2
289
1
324
3
323
2
325
3
12
5
318
2
178
3
156
5
1
2
429
4
669
3
475
5
56
5
55
4
590
3
124
2
357
5
11
3
180
4
522
3
201
3
174
3
157
2
191
3
98
4
161
3
583
3
195
4
64
4
1129
3
70
3
759
2
177
3
7
3
22
3
17
4
127
4
4
4
435
3
228
4
39
4
144
4
79
4
92
5
96
4
50
5
172
5
562
1
684
2
68
4
176
3
187
3
24
2
188
3
273
4
117
3
231
3
181
4
89
4
33
4
183
3
281
2
222
5
540
2
1110
1
241
2
679
3
229
3
232
3
62
4
546
3
403
4
53
4
1597
3
636
4
118
1
184
4
227
4
841
1
398
1
825
2
147
3
568
3
265
3
233
2
405
2
230
4
1596
2
566
2
1416
3
27
3
1188
3
38
3
1419
3
823
3
686
3
1595
2
2
2
82
3
1222
2
1314
3
576
3
550
4
385
2
121
4
185
2
853
4
100
4
234
3
447
3
200
4
854
4
448
2
379
2
445
3
218
3
5
1
672
2
670
3
573
3
217
1
424
2
219
2
452
2
145
3
443
2
298
4
257
3
976
1
455
2
293
4
244
1
250
4
252
2
1016
3
1013
1
743
4
363
1
597
1
1089
2
831
3
827
1
101
754
1
289
2
332
4
492
5
705
5
648
3
609
3
641
4
510
4
511
4
133
5
617
3
489
5
631
3
606
5
318
5
174
3
504
4
132
4
605
4
136
4
191
4
204
3
100
4
659
4
657
5
208
4
50
4
483
5
525
4
673
4
182
2
199
5
651
4
494
3
491
4
200
2
1020
4
98
4
427
5
482
5
478
4
524
4
488
5
654
5
474
4
653
4
496
3
1079
3
481
5
178
4
608
4
429
5
428
2
99
4
168
3
848
4
1064
4
836
3
519
4
613
3
671
4
432
3
1116
4
211
4
1204
4
601
3
404
3
661
4
603
5
480
5
493
4
527
3
610
4
614
4
486
3
435
3
135
3
663
4
484
5
526
4
607
4
1451
4
23
4
196
4
616
4
134
4
646
3
633
4
197
4
143
3
490
4
835
3
418
3
205
4
194
4
655
4
968
3
430
3
505
4
185
5
31
319
3
302
4
258
4
286
4
304
4
331
4
300
4
328
4
322
3
292
2
1296
5
938
5
341
5
263
5
989
5
1265
5
303
5
359
5
332
5
268
5
881
5
682
5
680
5
874
5
245
5
688
5
937
5
681
5
990
5
289
5
334
5
48
690
5
750
5
272
5
1024
4
886
4
294
4
302
5
352
4
242
4
310
4
896
4
877
5
259
4
300
5
243
4
245
5
340
4
332
4
313
5
269
5
301
4
347
4
322
4
749
4
879
4
338
4
268
4
751
5
331
4
334
4
754
4
288
4
323
3
988
1
894
4
286
3
315
5
289
4
312
4
538
4
350
4
908
4
892
4
1280
3
343
2
307
4
875
4
305
3
414
307
3
321
3
457
1
173
4
98
4
170
5
238
5
237
3
214
3
50
5
430
4
86
5
475
4
127
4
520
3
275
4
496
4
56
4
154
3
482
3
64
4
22
5
197
4
208
4
500
1
178
4
651
4
166
5
498
5
124
4
165
5
505
4
87
3
483
5
182
4
55
4
466
2
603
4
431
5
181
5
340
5
499
4
705
4
48
3
468
3
157
4
484
5
156
4
491
3
806
2
47
4
209
4
582
3
530
4
939
4
179
3
95
3
196
4
109
3
223
4
528
4
504
3
671
3
191
5
177
4
129
4
153
4
211
5
216
4
58
4
45
3
692
3
652
4
172
5
93
4
283
3
89
4
83
4
300
3
467
4
485
3
443
4
507
5
81
3
631
4
23
4
79
4
514
3
529
4
709
4
193
4
1418
3
419
4
293
4
186
4
778
3
495
3
663
4
479
4
201
3
1017
3
655
3
1101
5
432
4
789
4
180
5
11
4
273
4
1217
2
164
4
183
4
231
2
1545
2
961
3
222
4
195
4
686
2
511
5
276
5
654
4
176
3
502
3
427
5
150
5
508
4
7
2
847
3
794
3
611
4
233
3
42
5
192
3
229
2
132
3
435
4
28
3
357
5
133
3
591
3
114
5
493
4
581
2
4
4
92
4
203
5
77
3
71
3
194
4
1438
1
134
5
531
5
1071
2
207
4
549
4
393
3
584
4
1
3
607
3
100
5
628
3
596
3
633
3
143
3
202
4
433
3
697
3
568
3
232
4
147
2
425
3
732
4
684
4
381
3
403
4
1118
4
161
3
227
2
241
3
936
4
921
2
805
3
68
3
1301
4
1012
3
25
4
230
2
185
4
448
3
199
5
636
3
281
3
392
3
159
3
387
4
1018
3
1039
5
747
3
480
4
136
4
258
4
274
3
265
4
418
3
277
4
746
3
404
4
82
4
257
4
583
3
118
3
298
5
226
3
121
3
97
4
464
3
436
4
44
3
1010
3
65
3
1016
4
481
3
365
2
8
3
1035
3
140
1
184
4
91
3
32
4
24
3
291
4
662
3
69
5
470
5
26
3
1014
3
290
3
200
3
616
3
1203
4
250
2
566
3
66
2
967
4
162
4
39
3
845
4
70
4
128
3
12
5
284
3
123
4
658
3
1109
2
744
4
1285
3
367
3
673
3
700
3
228
2
21
2
772
3
1136
4
111
2
640
3
188
4
234
4
642
4
1028
3
1443
2
382
3
99
3
796
3
693
4
455
3
602
5
167
3
249
4
559
3
101
4
462
4
729
2
80
3
1113
3
761
2
742
4
756
2
506
4
726
2
469
4
409
2
415
3
3
2
1112
3
762
4
53
1
219
4
441
3
411
3
1133
2
928
2
151
5
248
5
833
3
708
3
88
3
587
3
385
3
378
3
540
3
15
5
535
2
428
4
578
3
356
3
31
3
1048
2
141
3
786
2
235
3
282
3
763
4
96
4
1089
2
358
3
1222
3
52
4
1224
2
627
2
843
1
826
3
546
3
739
3
629
3
1228
3
999
2
1074
3
1079
2
366
3
635
3
405
3
820
3
1220
3
1110
2
85
4
301
3
550
3
1033
1
62
3
218
3
1209
3
1076
2
1296
2
280
2
412
4
440
1
570
4
685
3
1139
2
472
3
410
4
944
3
625
3
665
2
816
2
73
3
63
2
737
4
941
3
569
2
637
3
264
3
768
3
473
3
72
2
672
2
562
2
380
3
808
3
225
2
2
3
804
3
338
3
163
4
1425
3
155
2
1119
3
679
4
1218
3
755
3
780
3
319
3
288
3
371
2
217
3
318
5
710
4
137
5
1011
4
210
4
90
4
735
4
423
4
702
5
117
4
527
5
972
4
1020
4
204
4
144
4
168
5
537
4
190
5
174
4
510
4
65
302
4
286
4
288
4
294
2
300
3
748
3
303
4
328
4
264
2
137
3
253
1
117
3
181
4
127
4
50
4
151
4
129
5
221
5
298
3
100
5
258
4
1007
3
297
4
19
5
515
4
1375
4
7
3
222
4
10
4
9
3
124
5
235
2
276
1
628
3
248
3
121
2
293
3
273
4
237
5
744
3
123
2
1347
5
148
2
165
4
318
5
64
4
12
4
462
3
528
4
527
4
234
4
164
3
56
4
656
4
547
2
436
4
98
5
674
4
1240
3
101
2
514
4
42
3
523
4
168
4
152
4
21
286
4
302
3
269
3
690
3
303
4
300
4
748
4
294
5
328
4
332
3
879
3
245
4
358
2
323
3
322
4
327
3
988
2
307
3
754
3
538
4
689
3
0
41
302
5
690
2
303
4
269
5
286
5
300
3
333
2
754
3
268
3
340
3
294
3
326
2
682
2
322
2
748
4
245
3
323
1
325
2
358
2
457
1
60
5
435
4
173
4
59
5
1005
5
507
4
174
5
205
3
194
5
474
3
657
5
95
3
12
5
293
3
276
5
1598
1
50
5
246
4
137
5
919
5
273
3
44
347
1
287
5
1051
3
151
5
225
4
15
3
844
3
7
1
283
3
111
5
9
1
1
4
275
3
1152
5
121
4
125
5
1060
3
237
5
148
3
471
2
274
5
288
5
147
3
220
5
763
5
819
3
975
5
628
1
118
5
411
5
928
5
424
1
1197
5
833
4
1095
5
477
5
974
5
815
4
369
4
406
3
756
2
743
1
546
5
476
4
377
294
4
288
4
300
2
895
3
258
4
333
3
299
4
331
5
264
3
271
4
268
5
751
4
343
5
307
5
327
3
748
4
245
2
260
3
687
2
358
4
890
1
527
4
169
5
79
4
64
5
9
4
56
5
173
5
474
3
144
4
179
5
693
3
216
3
195
5
603
3
132
3
22
4
423
2
228
4
31
5
191
4
153
3
433
5
69
4
496
4
193
3
710
4
42
3
177
5
273
5
462
5
58
3
76
3
684
4
117
3
182
4
201
4
713
5
318
5
792
4
392
3
154
4
12
5
83
4
203
4
55
5
89
4
163
3
187
4
1069
4
659
4
168
5
208
4
434
2
11
5
427
3
215
2
98
5
8
3
196
4
1225
3
7
4
91
4
174
5
1103
4
211
4
176
5
194
4
200
5
470
2
81
3
45
5
127
4
100
3
943
3
1
5
430
5
652
4
185
4
367
3
214
4
115
4
184
5
135
3
357
4
385
5
28
3
655
2
210
4
156
4
96
5
39
3
709
4
86
4
778
4
1401
4
95
3
568
2
188
4
68
4
479
3
202
4
382
3
431
3
1268
5
10
5
171
5
402
3
588
4
265
3
520
4
1128
2
222
3
49
4
199
5
924
3
152
4
721
4
946
2
82
5
1204
3
845
3
4
4
190
4
157
4
15
3
746
4
128
3
919
5
101
3
596
4
455
3
71
3
181
5
435
3
448
3
578
5
404
2
501
3
755
2
235
4
1240
4
109
4
584
3
1047
3
447
3
732
4
673
3
696
3
559
3
204
3
186
4
820
1
587
3
52
5
73
3
54
4
136
4
25
5
118
2
317
2
125
3
290
3
411
3
465
2
50
5
1044
4
164
2
573
1
631
2
108
1
405
4
17
2
420
4
175
4
625
2
549
3
234
4
183
5
172
5
44
2
2
4
1109
3
674
2
566
4
33
3
637
4
1039
4
162
1
403
4
90
4
443
3
111
3
72
4
230
3
85
4
762
4
821
2
742
4
675
3
394
4
640
4
609
4
141
2
284
2
151
3
159
5
67
4
23
4
546
4
239
4
432
3
953
3
628
5
380
3
5
2
561
2
24
4
441
3
1411
1
366
2
217
4
226
4
160
5
554
3
218
3
627
3
206
5
658
3
1133
2
167
3
550
3
672
1
399
3
780
2
1028
2
597
3
616
2
148
3
121
3
760
1
649
3
1185
1
825
3
697
4
227
4
679
3
1074
2
291
4
576
3
781
3
401
3
53
3
585
3
472
2
451
4
123
2
38
2
768
3
40
3
473
3
229
2
635
3
763
5
386
4
381
4
80
2
393
2
929
2
961
1
715
3
62
3
786
4
542
1
436
4
29
3
219
5
161
3
155
3
410
5
729
2
63
2
84
2
1419
2
567
3
240
3
720
2
790
4
722
3
1217
3
800
4
562
5
797
3
105
3
476
3
27
1
944
2
3
3
572
2
818
2
1228
2
862
1
926
3
577
3
665
3
376
2
1231
2
569
3
1151
1
930
3
409
3
384
3
571
2
636
4
444
3
225
3
413
2
717
3
756
3
21
4
139
2
541
4
928
3
1552
3
249
4
255
3
250
4
246
5
685
2
257
4
1016
4
298
4
1014
2
424
1
841
2
824
1
252
2
122
3
831
2
412
3
826
2
1034
2
1061
3
369
1
1215
3
406
3
977
2
983
2
1291
1
254
3
834
5
743
3
313
5
338
2
351
2
885
3
752
3
145
347
4
288
4
340
5
313
5
348
4
264
2
327
5
895
4
748
3
325
3
172
3
454
4
133
3
157
5
187
5
742
5
168
3
392
4
642
4
427
3
265
3
469
3
182
5
504
4
381
4
204
5
655
5
273
4
435
4
98
4
710
4
174
3
425
4
1119
4
50
4
568
5
73
4
447
1
144
5
537
4
234
3
200
3
693
5
96
4
658
5
238
3
821
4
553
3
11
5
186
3
507
4
503
4
132
1
276
4
1206
3
39
3
127
5
47
4
239
3
856
4
423
4
746
5
179
3
125
4
95
4
219
5
216
4
23
4
721
3
143
2
92
3
83
5
287
4
159
4
367
4
81
3
90
3
43
2
986
3
99
3
1048
2
592
3
167
3
433
5
790
3
66
5
215
4
708
3
628
5
506
5
1248
3
925
4
1058
4
928
4
470
4
102
4
226
4
787
5
559
4
747
5
715
4
1468
5
761
4
1028
4
72
5
595
5
785
2
1489
2
411
4
1135
4
763
4
550
4
1522
2
794
4
218
4
26
3
217
4
845
5
649
5
762
4
585
3
869
4
65
4
111
4
1178
3
660
4
546
3
468
4
739
4
723
3
1053
4
635
3
161
4
400
3
38
3
278
2
1061
3
974
5
840
3
941
4
21
3
1227
2
581
4
441
3
1263
3
263
286
2
288
2
748
4
292
5
180
4
134
5
11
1
614
5
208
5
116
3
507
5
484
4
482
5
603
5
100
4
211
4
89
2
124
5
1039
2
135
4
133
5
174
5
190
3
221
5
497
5
185
5
82
3
137
5
172
4
161
2
475
3
23
4
83
4
56
4
215
3
14
5
433
3
238
5
514
4
166
4
200
4
182
2
129
1
1121
5
181
4
318
4
237
4
69
2
47
4
28
3
156
2
196
4
496
4
191
4
387
2
8
4
65
4
131
5
170
5
710
4
602
3
485
4
432
3
582
5
30
4
87
3
607
5
183
3
517
4
753
4
512
4
697
4
606
4
203
1
1134
4
463
5
214
4
216
5
654
5
418
3
663
5
162
4
42
3
154
4
13
4
152
4
521
4
423
5
144
2
584
3
58
4
1098
3
97
3
195
2
658
4
479
5
746
4
702
1
705
4
721
2
404
5
730
3
707
3
425
4
212
3
71
3
52
3
660
4
642
1
204
5
143
5
1267
4
239
4
276
5
1063
5
1142
4
283
1
248
2
1161
4
253
1
419
5
197
5
1153
5
499
5
98
5
483
5
132
5
511
5
249
5
412
3
476
4
207
4
558
3
26
2
381
5
698
2
737
1
1599
5
1227
3
218
2
234
4
443
4
229
3
265
3
226
1
696
3
118
2
581
1
77
4
450
3
583
1
1090
1
451
5
692
4
88
3
747
4
732
4
66
3
155
3
794
4
739
3
781
4
402
2
90
3
501
4
91
3
95
4
101
3
1091
3
699
4
755
3
842
4
378
4
417
5
401
5
843
4
1036
5
415
4
436
4
5
2
447
4
219
3
145
1
665
2
217
3
559
3
674
3
518
2
176
2
79
4
51
1
12
5
393
3
684
3
213
4
287
2
709
5
50
5
173
4
683
2
466
2
117
1
281
1
1211
4
770
3
186
3
244
3
94
4
1006
3
319
5
727
3
139
3
86
4
202
5
121
3
969
4
473
5
657
5
736
5
275
5
153
5
655
4
435
3
99
4
189
2
15
4
652
4
421
4
1148
4
428
5
708
4
301
3
111
3
1262
3
778
3
946
3
588
3
812
3
1113
4
168
3
566
3
70
3
523
3
1206
4
420
3
210
3
1404
2
640
1
672
1
254
3
478
5
961
5
165
4
462
5
480
4
179
4
651
4
716
5
1075
4
1007
5
151
5
955
4
629
3
33
321
5
269
4
286
2
245
5
301
4
300
4
50
5
9
4
181
4
100
4
845
4
1
4
257
4
619
4
471
4
15
4
255
4
282
5
237
5
284
2
121
5
220
4
252
4
280
5
148
5
281
4
1028
2
118
4
866
5
864
3
815
5
476
5
21
2
31
242
5
288
3
300
4
895
3
301
3
307
3
268
4
273
2
100
3
246
4
276
5
591
4
293
3
13
3
475
3
237
5
285
5
14
5
7
4
1600
5
405
4
1048
4
125
3
257
4
93
4
147
4
121
2
282
3
240
3
1328
4
290
4
0
0
143
350
2
313
3
695
5
286
2
988
1
268
4
873
2
294
2
342
2
1098
4
56
5
153
3
508
3
209
4
150
4
433
4
168
4
100
2
746
3
42
4
239
3
186
4
33
3
410
4
17
4
26
3
710
5
1067
3
41
4
210
3
90
3
240
2
367
2
1170
4
401
2
1218
2
780
3
67
3
204
3
1074
3
738
3
834
2
635
4
871
1
154
4
172
5
64
5
482
3
14
1
174
4
92
5
98
4
7
4
234
4
219
3
559
2
53
3
672
3
288
4
436
3
447
3
218
3
184
2
217
3
164
2
441
3
800
3
665
2
569
2
452
3
859
3
182
4
11
4
176
5
273
4
144
4
195
4
96
4
79
3
177
4
117
3
228
5
385
3
636
5
226
3
27
2
68
3
89
4
181
4
39
3
578
2
230
3
403
4
550
2
82
3
161
3
405
3
121
2
2
3
546
3
227
3
231
3
1188
3
554
2
29
3
62
2
38
3
1183
3
810
2
685
2
576
2
449
2
188
3
22
2
55
3
12
4
69
3
276
4
318
4
129
4
44
2
203
3
742
3
470
4
591
3
943
4
156
4
628
4
684
3
222
3
31
3
54
3
229
3
159
4
281
3
928
3
77
3
572
3
979
3
975
3
986
1
450
3
769
1
24
286
5
313
4
269
3
307
3
327
4
294
5
258
5
333
5
271
4
340
5
358
1
343
5
245
3
678
2
260
1
948
1
323
2
309
5
687
3
748
4
12
5
175
2
644
3
39
1
0
0
36
306
3
879
3
340
2
883
3
288
2
292
5
301
3
270
4
690
2
268
2
307
3
880
2
326
2
887
4
338
2
321
4
294
1
328
3
289
3
688
2
332
3
748
2
334
3
300
3
299
2
359
3
245
4
322
3
269
4
302
4
286
3
311
2
754
3
327
2
888
1
303
2
139
258
5
300
4
879
3
748
1
678
3
260
2
9
2
298
4
508
3
237
4
1
3
952
4
222
3
471
4
7
5
248
5
926
3
150
4
123
3
293
4
1142
5
15
1
151
3
257
3
181
5
24
3
100
5
284
4
276
4
274
1
50
5
118
4
1048
2
235
2
117
4
410
2
13
5
25
4
742
3
815
3
845
3
147
4
405
2
546
2
148
4
278
3
760
4
1326
4
1315
4
290
4
281
3
1009
4
1034
2
1016
3
111
3
535
4
252
3
544
4
597
3
288
4
286
2
866
2
294
4
121
5
411
2
591
4
981
2
1028
3
762
3
1132
3
823
3
228
4
89
5
201
2
447
3
582
4
211
4
435
4
153
4
234
4
56
5
483
5
68
5
642
4
96
5
175
3
98
4
629
3
737
4
12
5
963
5
200
3
132
4
180
5
135
5
474
3
218
4
133
4
174
5
144
5
202
3
17
3
28
4
79
3
176
4
209
4
559
3
470
4
11
4
69
4
206
4
367
3
227
2
158
3
157
4
282
4
498
4
183
5
231
2
469
4
223
5
265
4
5
3
65
3
22
4
484
5
204
4
83
5
70
3
85
4
31
4
233
4
91
4
55
4
716
2
27
3
770
3
1046
3
156
5
0
75
286
4
269
5
333
3
127
5
285
5
251
3
14
3
475
5
117
3
9
4
100
5
1010
4
1011
4
515
5
276
5
936
5
224
4
293
4
459
4
1142
4
742
3
137
5
15
4
473
3
248
4
106
3
282
3
1367
4
273
4
274
2
544
3
288
3
593
4
410
3
244
4
1009
4
763
2
291
2
748
2
983
2
122
1
1318
2
546
2
105
1
118
1
120
1
171
4
558
4
59
5
86
4
1194
4
212
5
198
4
170
4
60
5
213
3
179
4
462
5
753
5
61
5
639
5
971
4
1006
4
1073
5
640
5
1005
5
1195
5
381
4
70
4
702
5
1404
5
1372
4
310
3
268
2
337
4
531
302
5
269
5
286
4
292
5
689
3
304
4
270
4
258
4
340
4
301
4
873
3
300
4
307
5
332
4
294
4
322
4
748
4
336
3
264
3
89
5
503
4
488
4
427
5
50
5
501
4
671
3
214
1
265
5
448
4
479
4
173
5
528
5
196
5
56
4
199
5
98
4
169
5
223
3
230
4
195
4
709
3
483
3
523
5
482
5
610
4
606
5
702
4
423
5
59
4
434
3
193
5
83
4
1401
4
181
4
172
4
480
4
275
4
921
4
499
5
704
3
511
5
663
4
133
5
228
4
507
5
180
4
176
4
506
5
608
4
485
5
603
5
127
5
604
4
12
4
1172
5
135
3
661
3
481
5
13
3
491
3
494
3
845
4
190
4
58
3
123
2
489
4
357
5
205
4
318
5
496
5
602
4
69
4
134
3
187
5
616
4
64
4
705
4
216
5
1203
3
692
4
194
5
707
5
490
5
144
5
211
5
4
3
239
5
22
5
566
4
553
2
654
4
967
5
378
5
618
4
100
4
527
5
197
5
87
5
518
4
685
4
659
5
467
4
790
2
1119
4
435
4
679
1
174
5
132
5
153
5
497
5
1147
4
70
4
381
2
207
4
847
4
200
3
81
4
455
4
500
4
630
3
25
3
39
4
367
3
741
3
1020
4
185
5
417
4
11
5
387
5
559
3
650
4
842
4
79
4
61
4
969
4
182
5
140
3
241
4
651
5
505
5
588
4
44
3
601
3
151
5
468
4
99
4
125
4
939
4
168
5
65
3
7
4
208
5
549
3
71
3
163
4
51
4
382
3
1479
3
614
4
1286
3
204
4
154
3
735
4
430
4
111
4
504
5
628
4
282
5
655
4
141
3
273
3
131
4
966
4
432
4
443
4
28
4
619
3
582
4
956
4
220
4
183
4
157
3
47
3
521
4
631
4
178
4
179
5
143
5
965
4
1282
3
495
4
152
5
221
4
747
4
118
3
95
3
736
5
785
3
121
3
968
4
724
5
699
4
402
4
637
4
1197
3
732
3
222
3
1115
4
713
3
188
3
416
5
162
5
76
3
418
4
632
5
662
4
792
4
558
3
164
4
126
5
215
5
389
4
815
3
469
4
471
4
526
4
161
5
372
4
78
2
234
3
97
4
213
4
498
3
1053
3
1135
4
1112
3
385
4
26
5
627
3
366
3
742
4
155
4
612
4
414
3
516
5
866
4
1263
4
1212
4
203
4
88
5
186
3
462
4
238
5
673
3
1163
3
1490
3
708
4
1184
1
386
4
492
5
1153
5
277
3
202
4
584
5
401
3
218
4
117
4
472
4
928
3
1048
3
642
4
568
4
629
4
1441
3
280
4
33
5
731
3
1220
5
451
4
3
4
781
4
415
3
609
5
227
3
1061
4
509
4
10
4
696
4
232
4
66
4
380
5
761
4
756
3
101
5
1208
3
951
4
290
4
281
4
1248
4
1421
4
783
3
723
3
774
4
620
4
457
2
525
3
192
4
422
3
1091
4
102
4
94
4
1444
4
622
5
399
4
112
2
832
2
1033
3
776
4
812
4
1036
2
1271
2
1480
3
1030
1
400
3
383
2
35
2
795
3
710
3
514
5
502
5
433
3
716
4
110
4
1028
4
476
4
1041
4
775
4
762
3
1092
3
274
4
49
5
801
4
700
1
167
5
725
3
1047
4
67
3
396
2
63
4
869
4
926
4
712
3
395
3
765
3
1140
2
934
3
1435
4
384
3
846
3
158
3
722
5
571
2
388
3
940
2
80
3
1425
4
734
2
60
3
714
4
557
5
1261
4
1402
2
278
5
794
5
1037
2
686
4
583
4
431
5
597
4
550
4
38
4
2
4
233
3
226
4
229
4
405
4
313
5
312
4
1050
4
136
5
393
4
15
3
1521
3
1054
2
821
2
942
5
1446
4
139
5
1152
5
474
5
1269
4
727
4
1297
4
535
3
1249
3
589
3
288
3
750
3
315
4
878
2
345
2
305
4
900
5
908
1
751
5
311
4
905
5
272
5
328
4
923
5
1160
5
347
4
607
5
611
5
1303
4
520
5
865
4
177
4
647
4
23
5
1192
5
715
3
1039
5
356
4
54
4
1107
4
1518
4
546
4
43
4
77
4
693
3
470
5
729
4
284
4
1284
3
1603
3
570
4
823
3
1044
4
1311
4
166
5
191
5
86
4
633
5
403
4
170
5
648
5
487
4
419
5
287
4
657
4
114
5
739
4
237
5
613
4
92
4
90
4
310
4
493
4
428
4
1221
5
510
4
561
4
660
4
477
4
591
4
392
4
91
4
1226
4
519
4
235
3
29
3
145
3
73
3
530
3
371
3
283
3
1116
3
1126
4
225
4
231
3
484
3
254
3
465
4
421
4
807
4
96
4
252
3
778
3
728
3
1222
3
82
3
373
3
717
4
259
3
478
5
1
4
142
5
210
3
837
4
771
3
98
332
4
286
1
258
4
690
4
331
5
301
4
307
4
326
4
876
4
294
5
683
1
288
5
328
5
321
3
877
4
289
1
323
4
243
4
322
4
319
2
687
2
678
5
300
4
333
5
358
1
748
4
245
2
260
5
682
4
879
4
327
4
264
3
269
2
262
1
984
4
305
3
991
2
261
2
302
3
324
4
303
2
334
3
270
4
292
3
937
4
268
2
874
4
306
2
304
3
873
5
990
3
1296
3
875
2
299
1
995
1
881
4
259
4
329
4
359
2
325
3
330
3
335
4
1265
4
938
4
749
3
1025
3
1026
1
880
1
1280
1
681
1
886
4
988
1
336
4
688
1
263
2
680
1
878
1
1295
2
266
2
882
1
1392
1
1393
2
872
2
242
1
337
2
989
1
360
3
1394
1
883
1
1022
4
1395
1
887
1
1038
1
457
2
308
1
884
1
948
3
885
1
206
491
4
520
3
207
4
170
4
480
5
528
4
173
4
490
4
615
3
514
3
496
5
58
3
661
4
515
4
156
4
474
3
237
2
483
5
531
4
98
5
89
5
174
4
492
4
185
5
234
3
432
2
275
4
462
4
50
5
152
2
498
4
427
4
195
4
187
3
213
4
842
2
179
5
134
3
45
4
8
4
136
4
458
1
211
2
641
3
659
4
64
4
607
5
79
4
164
4
648
4
71
3
654
2
504
2
1109
2
461
4
86
4
203
3
69
5
96
2
418
4
15
4
196
4
204
3
969
2
506
3
153
4
485
2
162
3
171
4
73
3
815
2
384
2
88
2
25
2
971
4
624
2
660
4
102
2
1204
4
132
2
188
4
180
4
495
4
135
3
509
4
385
4
513
4
210
4
404
4
530
3
625
3
614
3
554
3
609
4
99
3
76
4
805
4
510
4
420
3
371
3
526
4
517
2
290
2
77
3
576
2
62
2
1403
1
186
1
201
1
456
1
1057
1
1013
1
1089
1
245
2
455
1
172
4
1410
1
1534
1
288
2
286
4
1255
2
191
5
475
2
23
2
780
1
501
3
435
3
97
4
527
3
212
2
83
3
276
1
467
3
479
5
443
5
127
5
100
5
482
5
423
5
318
5
22
5
481
5
521
3
488
4
202
3
588
3
143
3
494
5
194
4
1427
5
518
5
197
5
124
5
199
5
223
5
48
5
863
5
66
4
161
5
947
5
7
5
27
5
121
5
597
5
636
5
924
5
472
5
825
5
663
2
430
3
502
2
856
4
729
1
111
3
243
5
465
5
294
2
82
3
1383
1
181
4
163
4
603
4
61
1
60
1
874
2
419
4
265
3
523
2
736
3
792
5
945
4
516
3
285
3
183
4
70
5
684
4
259
2
52
3
14
3
269
5
168
4
154
5
94
1
631
4
216
3
781
3
153
258
4
515
4
268
4
475
5
456
3
117
4
276
5
246
5
257
3
100
5
181
5
508
4
298
4
237
4
273
4
3
4
25
4
410
4
591
3
151
3
1016
4
369
2
24
4
763
4
412
2
826
1
122
3
120
1
168
4
318
4
48
4
12
5
509
4
22
5
17
4
214
3
655
3
202
4
11
5
427
3
357
5
196
4
42
5
55
4
98
4
238
4
215
3
144
4
652
3
188
4
186
4
4
4
174
4
154
3
172
5
210
4
69
4
204
4
97
3
651
4
164
3
56
5
423
4
184
4
132
3
156
5
239
3
157
4
49
3
693
5
226
3
697
4
1273
2
85
3
125
3
282
4
68
4
234
3
33
4
780
3
566
3
941
2
959
4
82
3
732
3
552
2
790
4
451
2
53
3
1032
1
90
3
94
4
288
4
7
5
1170
3
231
2
254
2
403
4
50
5
272
5
93
2
628
3
1017
3
248
4
975
2
1079
1
354
4
750
4
59
2
1230
2
963
4
367
2
421
4
496
4
223
4
684
3
471
4
99
3
721
4
384
2
578
3
80
2
356
2
67
4
158
2
233
2
781
3
401
3
143
2
73
4
416
2
229
2
871
1
797
1
717
2
1145
2
1157
2
452
2
1037
1
364
3
1303
2
424
1
453
2
568
3
79
3
385
3
742
3
77
3
9
3
550
3
402
3
393
3
227
3
235
300
4
302
4
326
4
258
4
879
4
327
3
310
4
748
4
270
4
259
4
286
3
245
3
873
2
678
2
322
2
323
2
289
3
50
4
181
3
250
4
248
3
293
4
257
4
255
4
252
2
1190
3
1089
2
687
3
707
3
318
5
610
3
520
4
423
4
133
4
480
4
64
4
1269
3
194
3
526
4
633
2
454
3
136
3
655
3
746
2
196
2
705
3
1
3
69
4
528
4
193
2
357
3
22
4
603
4
497
3
657
3
100
4
215
4
474
4
419
4
285
2
228
3
277
2
124
4
604
3
197
4
479
4
496
4
661
4
134
3
1063
4
97
4
58
4
15
2
945
3
651
4
79
4
588
3
12
3
48
4
612
3
435
2
483
3
632
3
427
4
511
3
530
2
202
3
527
4
482
3
143
4
509
2
164
3
507
3
185
2
842
2
87
4
99
3
131
3
279
4
114
3
606
2
210
4
237
4
238
3
486
3
199
3
484
3
471
3
82
4
1003
2
204
4
260
1
313
5
272
5
315
4
312
3
316
4
988
2
1105
3
751
4
875
1
11
1
76
1
740
2
89
1
98
1
135
2
81
1
95
2
487
4
96
4
1035
3
144
4
174
4
492
3
8
5
182
3
66
4
611
2
191
4
490
2
71
3
531
2
836
2
222
3
195
4
385
3
694
2
472
3
132
2
172
2
568
4
1454
2
77
4
169
4
956
2
1126
2
504
2
1299
2
736
3
431
3
392
2
173
2
659
2
111
1
234
3
566
4
107
3
468
3
418
3
378
3
118
4
121
4
660
3
972
2
367
4
51
2
692
5
211
2
724
3
161
4
685
3
968
2
942
2
371
3
414
2
356
1
649
2
961
1
387
2
686
2
86
2
607
2
837
2
693
2
742
3
162
3
117
3
317
4
465
3
485
4
939
2
140
3
735
2
434
3
642
2
654
2
70
4
402
3
275
2
519
2
451
4
147
3
605
2
203
2
478
2
589
2
153
3
73
3
1203
2
602
2
498
3
88
4
28
4
463
2
732
4
404
3
56
3
614
3
283
3
493
2
1107
4
55
2
631
2
627
2
185
300
4
269
4
258
5
286
5
323
3
270
4
245
3
678
3
304
3
1
4
9
4
121
4
222
3
515
4
100
4
275
4
50
5
181
4
292
3
620
3
1160
4
1265
3
475
4
293
4
25
3
125
3
277
4
1197
4
20
3
276
4
124
4
1174
3
282
3
628
4
471
4
1086
3
257
4
118
4
405
3
147
4
1137
3
744
3
591
4
237
3
250
3
291
3
597
3
924
3
934
3
281
3
148
3
462
3
98
4
234
4
144
3
435
4
504
4
1034
2
42
2
288
2
1028
2
301
2
15
2
546
3
252
3
82
5
56
5
164
4
694
4
87
3
523
4
511
5
11
3
197
5
95
4
647
4
200
5
12
3
1167
4
228
4
447
4
70
3
7
4
135
5
204
4
692
3
428
4
531
3
230
3
58
3
518
4
39
2
8
4
117
3
629
3
28
4
65
3
239
3
191
5
747
4
213
4
939
4
660
4
709
3
724
3
64
4
22
4
159
3
584
4
318
3
77
4
223
4
662
4
127
5
193
4
770
3
317
3
170
3
89
3
96
4
24
3
40
3
1136
3
627
3
123
3
196
4
529
3
463
4
174
4
581
3
2
4
4
3
241
4
423
5
17
3
455
3
183
4
553
3
385
3
173
4
31
4
69
4
176
3
582
2
942
4
52
3
172
4
372
4
161
4
71
3
214
3
265
4
393
3
47
2
755
3
738
3
382
3
716
3
568
4
217
4
549
4
402
4
79
4
53
1
97
5
57
4
736
3
727
3
778
4
449
4
380
3
465
3
44
3
550
4
126
5
343
4
508
4
279
3
1171
3
298
4
898
3
14
3
259
2
255
2
313
4
217
1008
4
508
4
14
5
150
4
985
3
1
2
919
4
1129
4
933
3
922
4
1198
4
3
4
864
4
547
3
109
3
979
3
282
3
1324
4
222
2
1010
5
952
4
845
3
460
3
369
3
111
3
546
4
405
1
274
3
763
4
125
4
121
2
1059
4
696
3
818
3
544
3
410
4
1009
5
1057
3
1081
4
743
2
824
3
1134
4
273
3
1328
4
9
3
100
3
475
5
1017
4
13
4
129
3
325
3
289
4
324
4
179
5
427
4
98
3
59
4
1019
4
185
4
209
3
191
3
1604
4
187
4
32
4
483
4
175
3
943
4
443
4
174
4
603
5
172
5
23
4
127
5
133
3
490
4
357
4
180
4
181
3
433
4
608
4
461
4
135
4
61
4
182
3
79
3
772
4
523
4
170
5
474
5
56
5
194
3
498
4
50
4
505
4
234
3
462
3
1020
4
22
4
188
4
480
4
559
3
485
4
806
3
12
3
42
4
616
3
715
3
640
4
708
4
1267
4
238
4
721
4
95
4
197
4
168
4
60
4
97
4
655
3
479
5
177
4
403
2
367
3
91
2
1547
4
69
4
693
3
484
4
143
3
963
4
92
4
186
4
265
3
421
3
33
4
204
3
419
4
955
4
211
4
582
5
216
4
1551
3
568
2
414
3
747
4
447
3
86
2
506
4
1240
3
232
2
200
4
432
4
697
4
68
4
431
4
1421
3
588
3
57
4
218
4
660
5
789
3
228
3
448
3
423
3
202
3
214
4
46
3
710
3
196
4
662
4
71
3
208
4
382
1
1101
3
1248
3
99
3
580
4
72
1
210
3
673
3
672
1
4
3
217
3
793
3
1218
3
80
2
161
3
366
2
1478
4
1222
2
1220
3
380
3
578
2
959
4
581
3
231
2
449
3
739
3
737
3
1168
4
101
3
53
4
658
3
550
2
54
3
402
2
226
2
94
3
229
3
720
3
452
2
395
2
1107
4
294
1
268
5
286
3
346
5
258
4
277
282
4
476
2
228
5
229
4
258
5
230
4
304
4
450
4
288
4
222
5
227
4
380
4
531
5
385
4
238
5
248
4
257
3
121
4
243
2
948
1
100
5
1
4
137
5
7
4
742
4
276
4
125
4
455
4
111
3
181
4
471
4
744
3
117
4
14
4
9
5
294
2
50
5
285
5
275
5
15
4
628
4
237
4
871
1
1012
4
458
3
845
4
1028
3
25
4
546
2
13
3
597
3
410
4
20
5
151
5
284
3
287
4
192
5
168
5
173
5
195
5
160
4
980
4
473
4
148
4
118
4
676
3
147
5
841
4
240
3
252
4
756
2
472
4
225
4
456
2
717
3
411
3
235
3
931
2
1047
2
105
3
819
2
831
2
934
3
370
3
368
1
122
2
412
2
462
5
553
5
660
5
83
5
190
5
182
4
191
5
69
5
483
5
22
5
197
5
208
4
223
5
357
5
216
5
651
5
200
5
727
4
134
5
485
4
114
5
64
5
56
4
79
5
127
5
70
4
47
4
169
5
443
4
180
5
692
4
28
5
367
4
11
4
433
5
89
5
194
5
154
5
507
4
156
5
45
5
203
4
58
4
57
4
403
4
629
4
469
4
704
4
135
5
174
5
239
5
48
5
318
5
210
5
185
5
588
5
86
3
183
5
144
5
82
5
176
5
31
4
632
5
528
5
186
5
59
5
12
5
232
4
193
5
265
5
97
5
204
5
423
5
8
5
51
5
529
4
196
5
88
4
747
4
425
4
4
4
673
4
161
4
655
5
1039
5
179
4
708
4
215
4
559
4
52
4
241
3
509
4
474
5
549
4
470
5
371
4
202
4
658
4
1119
4
77
4
695
3
175
5
91
4
218
4
568
4
436
4
132
5
631
4
164
4
356
4
66
4
679
4
770
4
133
4
709
5
729
4
65
5
143
5
44
4
956
4
214
5
792
4
378
4
582
5
372
4
234
5
732
4
636
4
640
4
448
4
402
4
393
3
566
4
699
4
584
4
53
4
1168
5
162
5
226
3
386
3
959
4
451
4
366
4
949
3
54
4
755
4
569
3
1221
4
739
4
27
4
94
3
417
4
664
4
38
3
554
4
1210
4
783
3
231
4
145
3
155
4
623
3
722
4
219
4
401
3
720
3
62
3
775
3
1030
2
758
2
1029
3
373
2
452
3
388
2
1140
2
120
2
395
2
769
2
540
3
1037
2
453
2
500
5
825
5
157
5
527
5
428
5
96
5
172
5
209
5
405
5
98
5
169
302
5
9
5
685
3
7
4
100
4
285
4
1
4
276
5
1011
3
275
5
284
4
845
3
14
5
844
4
25
1
237
4
117
4
744
4
116
4
288
3
980
5
129
4
475
4
591
3
742
4
126
4
273
4
283
5
137
5
410
1
20
4
619
2
287
4
124
4
546
3
13
4
460
4
473
4
405
4
121
1
597
3
147
2
762
3
952
2
1048
4
823
3
925
3
717
1
1067
5
596
4
1338
3
21
2
278
2
696
3
1335
1
12
5
57
1
531
5
648
4
8
4
519
4
969
4
32
4
1070
4
208
4
134
5
530
4
143
4
28
3
64
4
694
4
589
4
58
5
199
4
191
5
48
4
709
4
79
5
192
4
98
3
467
4
526
5
423
2
513
4
144
4
127
5
169
5
204
4
193
4
427
4
183
4
588
5
203
5
189
4
483
5
50
2
255
2
408
5
286
4
250
1
298
5
515
4
293
5
181
2
1226
2
282
2
174
3
474
4
484
5
753
4
99
4
209
4
317
5
603
4
152
5
357
3
644
4
1039
5
195
4
1109
4
956
5
521
4
461
4
469
4
1261
4
499
4
514
5
194
2
435
4
631
4
86
5
180
4
238
4
735
2
56
5
960
1
318
4
182
4
654
5
190
4
234
4
179
4
704
2
509
4
527
2
1101
4
23
4
97
1
651
3
69
2
792
4
83
4
529
3
76
4
178
4
939
4
52
4
387
4
425
3
496
3
517
4
663
4
632
4
433
4
582
1
430
5
96
4
187
5
736
4
118
286
4
300
4
328
3
333
3
301
2
258
3
332
3
879
4
259
4
307
5
1038
4
322
4
289
4
336
2
323
3
989
5
245
3
873
4
271
4
748
4
264
4
294
5
687
3
260
2
358
2
678
4
471
3
742
4
127
4
100
1
275
4
249
2
298
3
596
3
181
4
16
2
1
4
222
4
282
3
477
1
19
3
50
4
15
4
473
4
815
4
993
3
117
5
1190
4
619
4
125
4
111
3
25
2
274
4
472
5
1013
3
7
5
257
5
597
3
278
4
250
5
3
2
676
3
123
3
866
5
291
4
405
3
932
4
295
3
220
3
546
1
148
5
235
1
120
2
455
2
978
2
846
4
147
3
864
4
825
3
121
5
252
4
1016
4
1115
3
1014
1
255
4
685
3
934
3
926
4
1051
3
1060
1
1047
3
1040
2
696
4
827
3
832
3
225
3
411
2
108
1
409
2
105
4
172
5
8
5
22
5
357
4
651
3
969
3
1039
3
523
4
134
3
230
4
164
4
568
3
98
5
194
3
79
3
174
4
216
3
186
4
68
321
3
303
3
301
3
258
3
294
2
245
3
288
2
322
3
302
4
313
4
312
4
286
4
289
4
242
4
304
2
1
2
1142
4
591
2
293
4
458
2
224
4
127
4
124
4
9
3
149
4
7
3
847
3
285
4
1011
4
151
3
1115
3
1137
3
1171
3
744
3
275
3
129
3
250
2
676
4
221
4
1251
3
253
3
279
2
1067
4
283
3
257
2
297
3
248
4
117
3
532
3
146
4
10
3
273
4
13
3
327
4
311
5
14
5
307
4
276
5
515
5
100
5
137
5
19
5
306
4
298
2
20
4
713
4
1380
3
870
2
23
302
3
313
4
259
2
347
4
682
1
269
3
242
3
258
4
321
3
327
4
305
2
319
3
304
4
294
3
748
1
1006
5
121
2
255
2
158
2
575
2
50
3
285
4
9
5
33
272
5
310
5
682
5
313
5
288
5
300
5
292
5
895
4
326
4
678
3
237
5
100
4
866
5
181
4
655
5
22
5
11
5
136
4
358
1
332
5
873
4
321
5
259
3
261
2
539
3
322
5
328
5
330
3
289
5
315
4
323
2
271
1
346
1
83
690
4
269
5
302
5
306
4
988
2
304
3
749
3
268
4
243
1
285
4
813
4
508
4
221
5
7
4
1197
4
224
3
100
4
137
2
237
4
15
4
283
5
276
3
275
5
129
2
149
2
151
4
475
3
19
5
124
5
116
5
1284
4
111
2
544
4
455
3
235
2
744
3
93
4
764
2
225
3
477
2
284
3
126
4
1067
2
1115
4
950
3
20
5
125
4
591
4
870
2
274
3
282
3
13
3
25
3
476
3
24
3
596
3
117
3
473
4
1017
2
1164
1
121
3
845
3
16
4
866
3
472
3
740
4
1117
1
1163
4
147
3
1009
3
1028
2
3
2
593
1
985
1
993
2
244
4
1605
2
258
5
253
5
246
4
1007
3
286
4
1216
3
53
289
4
269
5
300
4
258
5
286
3
302
5
288
4
358
3
321
4
322
3
748
4
984
2
294
4
678
3
328
3
292
5
333
4
326
4
332
4
270
4
879
4
299
4
301
4
1025
2
260
2
307
5
259
4
264
4
515
5
50
4
127
5
181
3
248
5
1226
4
293
5
295
5
298
4
255
4
1598
3
257
4
249
2
116
4
520
5
510
4
479
4
12
5
176
4
16
4
482
5
709
5
705
5
194
5
603
5
80
286
4
319
3
258
5
300
3
7
5
481
4
529
3
180
3
513
5
190
4
175
5
87
4
1
4
64
5
12
4
191
4
134
4
136
4
114
4
528
3
475
3
48
3
408
5
181
3
275
4
283
3
127
4
477
4
845
4
50
4
257
4
151
3
929
3
511
4
615
3
8
4
199
3
32
3
172
3
835
3
194
4
169
4
28
3
56
4
525
3
651
3
836
3
474
3
496
3
22
3
478
4
428
3
216
3
603
4
179
3
584
3
132
4
357
4
588
4
638
3
143
4
135
3
174
3
98
4
656
3
855
4
705
4
202
4
318
4
423
3
198
2
109
3
1078
2
154
2
100
3
868
2
395
1
97
2
404
2
281
2
0
44
302
4
269
4
268
5
327
4
258
2
340
3
264
2
50
4
150
4
7
5
298
4
293
4
1017
2
100
5
181
3
117
2
1
4
276
5
475
4
762
3
1142
5
127
5
10
4
24
4
257
4
124
5
246
5
1012
3
919
2
109
5
273
4
93
4
1011
2
248
3
222
3
1016
4
742
2
249
3
1059
4
108
4
455
3
1226
4
240
3
288
4
143
258
4
321
3
286
4
294
3
222
4
100
5
471
3
475
4
181
3
9
5
13
4
285
4
137
4
19
4
127
4
275
4
116
4
251
4
237
4
25
5
126
3
7
3
150
5
742
3
249
3
952
3
926
2
283
4
124
5
246
5
50
5
248
4
293
5
1
5
544
3
257
4
118
3
405
2
1012
4
297
4
24
3
273
2
117
2
15
4
111
4
1014
3
508
4
121
4
1016
3
1134
5
1008
4
826
3
1051
2
411
3
238
3
963
5
56
5
64
5
23
4
582
3
70
3
31
3
724
4
55
5
22
5
191
4
699
3
529
3
5
3
153
5
943
3
144
5
95
4
432
5
204
5
135
5
98
5
8
4
462
4
143
5
377
2
97
5
955
4
214
5
58
4
216
5
584
4
642
3
428
4
192
4
461
4
69
4
662
4
498
5
427
5
89
4
772
4
195
5
180
5
12
4
435
4
692
4
132
5
200
4
182
5
159
3
82
5
51
3
172
4
318
5
647
5
655
5
612
4
357
5
42
4
174
5
65
3
157
4
218
4
173
5
71
5
160
3
96
5
531
4
507
5
39
3
209
5
469
4
603
5
161
3
178
5
4
5
423
4
367
4
170
4
47
5
91
5
372
2
1070
5
1168
2
856
4
226
2
44
4
43
286
5
306
4
215
4
64
5
161
3
510
4
507
5
513
5
153
4
923
5
610
4
520
4
152
4
199
4
168
4
484
5
136
4
134
5
511
5
194
5
656
5
474
5
607
5
1558
5
654
4
483
5
173
4
65
4
487
5
641
4
582
5
855
4
605
4
705
5
530
5
603
5
499
5
490
5
495
5
611
5
238
4
10
5
127
4
57
268
2
288
4
286
4
258
4
319
3
294
3
305
4
327
3
919
3
221
4
813
3
100
4
283
5
9
5
273
3
137
3
150
5
1084
3
1
3
293
4
295
3
742
4
235
3
1134
4
124
3
1097
3
50
5
93
4
7
3
13
4
458
4
129
3
475
4
847
3
1067
4
257
4
471
5
277
4
285
3
276
5
950
3
118
4
222
3
824
4
291
2
19
4
544
3
952
3
284
4
508
5
546
4
125
4
874
3
360
2
246
2
248
3
181
4
0
208
288
5
748
5
294
4
260
4
264
3
50
5
181
5
250
5
257
4
254
4
1014
4
252
4
477
5
100
5
121
5
405
5
866
5
21
3
109
4
150
3
685
3
117
3
151
3
473
4
756
4
763
4
924
2
235
5
546
4
125
5
118
4
1047
4
411
4
122
3
472
5
1011
4
240
4
977
3
930
5
123
4
370
4
758
1
1034
3
105
3
825
5
831
5
928
4
1215
4
368
3
834
3
202
5
588
3
56
5
132
5
228
5
175
5
432
5
214
4
426
4
234
4
185
5
1058
4
218
4
418
3
95
3
27
4
191
5
183
5
603
5
584
1
485
3
4
3
231
5
204
5
496
4
140
3
143
4
96
5
946
2
66
5
200
4
80
3
216
4
71
2
97
3
73
4
208
5
38
4
177
4
633
4
1110
5
227
5
392
4
609
5
581
4
99
3
174
5
796
4
101
5
210
5
176
5
559
5
51
5
233
4
378
4
1035
4
193
5
755
4
64
5
33
5
651
4
230
5
62
5
625
4
790
3
215
4
195
5
196
4
561
5
747
5
135
4
384
3
720
5
660
5
465
3
443
4
161
5
420
3
141
4
403
5
421
5
540
3
1469
4
417
4
419
4
1053
4
655
5
239
5
380
5
41
4
63
4
395
3
940
4
229
5
43
4
88
2
49
5
431
5
715
4
173
5
577
3
375
5
401
4
566
4
768
5
672
4
554
5
1091
4
217
5
548
1
29
5
226
5
416
3
501
3
374
2
567
4
404
3
780
4
810
5
449
5
739
5
78
1
1119
5
746
5
665
4
562
5
550
5
365
4
393
3
373
4
391
2
658
5
1139
5
356
3
1228
4
232
4
1090
5
1029
4
951
1
1248
4
771
4
1210
3
1036
4
222
5
890
4
689
4
455
4
742
5
678
4
826
3
1079
4
743
4
1095
4
120
5
1002
4
931
2
682
4
186
5
35
319
3
302
4
242
3
327
3
268
5
303
4
321
2
14
4
1143
4
1142
5
475
5
127
5
273
5
7
2
129
4
1007
4
150
5
137
4
9
5
124
4
276
4
246
5
285
4
813
3
25
4
257
4
508
2
1129
4
293
4
10
3
275
5
116
5
20
3
547
3
256
4
327
288
3
302
5
313
4
315
5
286
5
346
5
258
4
326
3
259
1
289
3
316
5
748
3
323
2
678
2
343
3
150
5
127
5
137
5
276
5
50
5
293
4
275
3
515
5
124
5
117
4
14
5
1134
3
471
3
591
3
237
4
116
5
126
4
100
5
7
5
628
4
508
3
283
3
475
4
222
4
257
3
181
5
1016
3
15
5
924
4
255
4
410
2
298
3
284
4
756
1
244
4
13
5
411
2
1009
4
107
3
685
3
1011
4
111
4
151
3
9
5
744
3
121
4
405
4
696
3
274
3
294
3
929
3
676
3
282
4
1028
1
248
4
1014
3
252
4
291
4
25
5
496
4
318
5
187
5
59
3
234
5
603
5
197
5
474
5
191
5
172
5
195
5
48
4
42
4
527
5
945
4
185
5
528
5
1123
4
182
5
427
5
176
5
134
4
489
4
479
5
487
4
190
3
79
5
173
5
98
5
64
5
180
5
97
5
657
5
616
4
238
4
655
5
523
5
56
5
506
5
204
4
663
4
135
5
483
5
507
4
179
5
265
5
486
4
89
5
505
5
423
5
196
5
1172
4
971
4
205
5
654
5
504
5
610
3
529
5
11
5
194
5
192
4
513
5
22
4
606
3
647
4
69
5
45
5
357
5
735
4
705
3
61
3
183
5
615
4
28
4
498
4
216
4
461
5
132
4
499
5
12
5
381
4
480
5
317
4
136
4
659
5
491
4
608
4
650
4
646
4
611
4
482
3
8
5
175
4
208
3
462
4
193
4
200
3
96
4
661
4
170
4
60
3
617
3
664
4
511
5
23
4
198
3
174
5
52
4
484
5
707
5
211
5
207
4
943
4
448
5
493
4
966
4
525
4
520
5
510
4
503
4
652
4
492
4
517
4
419
4
87
4
469
4
488
3
521
5
684
4
83
3
58
4
430
3
186
4
203
5
1113
3
604
4
141
4
490
5
178
4
963
5
671
3
77
5
1050
4
497
5
88
4
921
3
416
4
530
5
956
4
55
4
602
3
633
4
641
4
470
3
66
4
188
5
76
4
1020
3
435
5
792
4
143
4
31
4
923
4
514
4
566
5
518
4
161
4
737
4
68
3
171
4
215
5
836
3
648
4
478
4
485
4
71
5
227
4
519
4
607
4
436
3
848
4
44
3
653
4
614
4
660
5
468
4
1221
4
431
4
549
5
789
4
642
4
1124
4
378
4
729
4
481
4
996
3
414
4
1518
3
553
2
708
4
382
3
99
4
526
5
1200
4
47
4
199
5
86
4
72
3
618
4
463
5
699
4
509
5
736
3
92
4
601
5
26
4
131
4
213
4
609
4
649
4
380
4
218
4
692
4
4
5
209
5
605
3
212
4
168
3
385
4
651
5
1286
2
495
4
1045
4
230
3
584
5
582
5
1063
5
697
4
70
4
467
4
210
5
418
3
1421
4
939
4
434
4
421
3
709
5
73
3
356
5
630
3
322
4
285
5
221
4
0
83
175
4
194
5
83
3
168
5
692
3
4
4
430
4
435
3
209
4
173
5
210
4
232
3
216
4
208
5
732
3
433
4
42
4
202
4
648
4
746
3
238
3
710
5
201
4
204
4
1118
3
80
3
47
3
72
4
85
2
1271
2
66
3
90
3
959
3
33
4
712
3
367
3
26
4
239
4
73
4
451
3
70
3
88
4
715
4
1188
2
1036
2
94
2
738
3
401
3
399
3
944
2
792
4
211
5
186
5
655
4
56
4
781
4
386
2
393
4
67
4
734
4
1074
4
63
3
790
4
780
3
384
4
585
1
1180
3
940
3
1037
1
999
2
579
2
765
4
268
4
300
5
319
1
748
2
343
4
294
3
328
4
325
1
288
4
245
4
890
1
35
237
4
294
4
25
5
756
4
369
4
280
4
88
5
724
4
732
4
794
4
553
5
49
5
781
4
778
4
739
4
36
4
1041
5
731
4
90
4
815
5
709
5
255
5
1051
5
722
5
275
5
111
5
274
5
451
5
66
5
289
5
15
4
20
4
282
4
546
4
846
4
0
201
258
5
294
3
324
1
328
4
270
4
300
2
879
4
304
4
271
3
748
3
358
1
335
3
325
1
266
3
264
3
288
3
298
3
273
4
1
5
1142
5
257
4
181
5
100
3
222
4
471
4
475
1
282
5
408
5
283
4
1007
4
15
3
50
4
248
4
255
2
127
5
1028
1
405
4
249
2
121
4
24
3
1016
3
281
3
546
2
111
4
472
1
148
2
274
4
250
4
295
1
108
4
1013
1
235
3
840
1
831
2
252
2
122
1
986
1
931
2
421
4
632
5
945
5
187
4
180
4
489
5
483
4
485
3
209
4
199
5
203
3
523
4
79
4
169
5
265
4
195
4
198
5
193
3
655
4
96
4
89
4
463
4
182
4
173
5
131
3
1039
4
205
3
213
4
318
5
647
5
238
4
228
4
528
4
172
4
604
3
423
2
496
3
175
4
197
4
732
4
179
1
201
4
71
1
629
3
498
5
55
4
422
3
196
4
135
4
500
4
474
5
226
3
511
5
22
4
189
2
234
5
510
4
490
4
190
4
32
3
588
1
479
4
526
4
161
3
216
3
8
5
58
4
211
4
136
4
602
4
670
3
188
2
385
2
202
4
204
4
185
4
70
4
97
3
215
3
143
1
692
3
144
4
431
4
509
4
164
4
28
4
241
3
566
3
727
5
95
4
436
4
157
5
584
3
230
4
82
4
151
4
739
1
356
3
609
5
133
2
403
3
380
3
62
3
88
4
616
4
66
3
54
3
1444
1
153
4
640
4
101
4
756
1
286
1
261
1
340
1
338
1
680
3
688
1
1244
3
535
3
118
3
272
4
752
3
137
4
398
1
1608
2
176
4
183
5
117
3
147
3
177
4
470
5
480
5
751
4
200
5
357
4
174
5
455
4
210
4
31
4
651
5
168
5
154
3
0
56
313
4
50
4
181
5
678
3
322
4
252
4
1089
3
210
4
648
5
153
5
173
4
66
3
238
4
8
3
663
4
216
5
692
4
283
5
163
4
70
5
42
3
100
4
211
5
435
5
199
5
191
5
505
5
98
4
479
4
207
3
498
5
650
3
86
5
484
4
198
4
1039
4
190
5
144
4
500
4
596
4
507
4
197
3
318
1
427
4
524
5
514
4
393
3
367
3
659
5
580
4
88
4
4
3
430
4
204
4
780
1
202
4
26
269
4
315
3
313
5
328
4
301
4
311
4
748
4
294
4
245
4
988
4
881
3
346
3
682
3
321
3
289
3
876
3
288
3
243
2
286
3
258
2
257
4
295
3
127
4
50
4
298
4
249
2
56
286
3
258
4
181
4
1
4
515
4
676
4
275
4
116
3
107
3
9
2
257
2
151
2
283
5
277
3
121
2
250
3
249
2
405
3
20
2
237
3
473
3
274
4
290
3
365
2
229
3
50
5
222
3
228
5
230
5
380
3
227
3
449
3
450
4
68
1
612
3
510
3
197
3
480
3
12
2
180
2
144
2
195
3
271
3
199
3
109
5
313
2
318
3
432
3
101
2
99
3
91
3
173
4
462
3
900
3
538
2
582
3
39
294
4
930
3
252
3
924
5
28
5
50
5
181
5
293
5
15
5
25
3
117
4
7
4
471
4
742
3
24
1
9
1
121
4
151
4
125
4
1
5
274
4
111
4
237
3
926
4
235
2
597
3
405
4
257
5
255
3
463
4
1016
4
258
5
222
5
343
2
248
4
315
3
313
5
14
4
300
4
0
189
690
2
286
2
333
2
889
4
328
2
302
5
262
1
882
2
242
4
306
1
689
2
270
2
258
5
268
3
331
2
880
5
327
3
299
1
301
4
321
3
872
5
288
4
304
3
332
3
294
2
336
2
748
2
305
3
887
5
322
2
264
3
324
4
289
3
325
2
874
3
879
3
678
1
886
3
300
4
319
3
995
4
1176
3
303
4
269
4
883
3
292
4
307
3
766
4
1171
3
515
5
277
3
127
5
718
3
1375
3
9
5
408
3
285
5
181
4
1086
3
1589
3
1302
3
1379
3
935
4
813
5
1405
5
124
5
1137
5
293
3
246
3
1369
3
275
4
1197
4
251
5
50
5
475
4
1598
5
16
3
936
3
237
4
93
4
236
3
297
4
281
3
295
3
591
4
1514
4
248
4
1093
4
255
3
1611
3
111
4
742
2
14
5
1142
5
1129
4
1143
3
250
1
7
5
508
4
547
3
975
3
1014
3
818
3
284
2
108
4
994
3
13
4
1610
2
150
3
1094
2
25
4
1
4
273
3
137
4
298
3
10
4
532
4
6
4
109
3
1226
4
919
3
713
3
148
2
762
4
129
4
117
3
1011
4
279
4
222
3
471
5
276
4
125
3
1017
3
1016
2
1202
4
845
4
221
4
1134
3
405
4
459
2
696
3
864
3
151
2
20
3
924
3
950
4
458
3
846
2
1272
3
597
3
146
2
121
3
685
3
473
3
825
2
1609
3
244
3
1082
2
741
3
147
2
280
2
544
4
15
3
123
3
282
2
628
3
287
4
257
3
460
4
1047
2
831
3
252
3
823
4
3
2
1079
2
1322
3
235
2
476
3
21
3
595
2
926
2
106
1
717
2
546
2
620
2
220
3
245
3
1120
3
100
5
231
313
3
286
2
333
3
748
4
294
4
288
4
270
5
258
5
301
4
340
1
260
2
300
5
289
2
259
2
689
1
293
5
237
4
255
2
181
4
471
3
596
5
50
4
222
4
742
5
282
4
100
5
845
4
257
4
150
5
298
5
117
5
273
5
1
5
248
1
405
4
455
2
276
3
685
3
591
2
1016
5
111
3
628
4
24
4
3
5
713
4
274
4
597
4
546
3
825
3
125
5
1011
3
411
3
121
4
1244
2
280
5
820
3
932
3
252
1
291
3
25
1
620
3
841
2
412
1
978
1
823
1
204
4
22
5
11
5
176
5
48
2
178
5
12
5
173
4
136
5
87
5
651
5
710
4
474
4
69
4
462
2
64
5
188
4
202
5
215
4
191
4
156
4
82
5
194
5
568
4
28
4
174
5
197
3
79
5
684
5
92
4
97
5
183
5
1410
5
98
5
42
3
423
4
31
5
55
5
45
5
404
4
144
5
588
5
939
3
789
4
96
5
196
5
95
4
195
4
58
5
432
3
1019
5
53
2
318
3
179
3
56
4
392
4
210
4
566
4
746
4
431
3
265
5
652
5
470
5
172
4
658
4
99
4
692
5
385
4
76
4
216
4
66
5
794
5
966
5
419
3
367
3
161
5
956
4
679
2
232
4
71
3
1446
3
77
3
143
3
550
3
133
4
772
3
366
3
1314
1
70
3
68
5
378
5
4
4
206
4
140
3
226
3
501
4
2
3
627
4
227
3
17
3
128
5
747
4
380
2
218
2
81
3
402
4
239
5
672
4
955
5
356
4
1425
4
88
4
426
3
1217
3
732
5
768
3
559
3
727
3
781
3
230
5
578
3
49
4
720
4
160
4
43
3
735
4
229
3
393
4
921
5
62
3
1035
4
686
4
27
5
85
2
790
3
1209
4
941
3
803
2
1188
3
783
4
1440
4
399
5
739
2
549
4
73
3
540
2
809
2
403
4
67
3
541
3
94
3
779
2
1220
4
572
1
231
1
802
4
1044
3
586
2
1074
1
38
2
249
1
347
2
349
3
1276
2
272
5
833
4
0
0
57
333
3
258
2
286
2
289
1
222
3
1
3
515
3
596
1
298
3
952
2
124
4
273
1
475
4
741
4
100
3
993
1
15
1
7
3
137
3
126
2
246
2
181
4
847
3
117
1
284
3
764
1
237
1
93
4
293
2
455
4
151
1
926
2
292
3
1067
2
255
1
1386
4
1012
3
473
2
1383
1
458
3
277
3
257
3
123
2
410
4
224
2
987
3
118
2
9
4
1128
4
150
5
50
5
302
4
919
4
127
5
24
4
547
4
109
5
0
55
286
4
483
2
97
3
275
2
699
3
199
3
100
4
462
3
654
4
124
4
657
3
285
4
212
3
69
3
1021
3
193
4
514
3
172
3
86
3
221
3
153
4
492
4
185
3
772
1
1098
4
64
4
186
3
531
4
523
4
479
3
192
3
478
2
83
4
134
3
650
2
521
5
137
4
1147
1
291
4
205
4
131
3
482
3
1121
2
45
3
651
3
318
5
187
5
923
5
242
5
528
5
56
5
127
5
511
5
527
5
474
5
135
258
5
300
4
751
5
262
3
879
4
271
1
288
4
328
4
886
2
327
5
754
3
264
3
876
1
260
1
323
4
358
4
678
3
881
1
338
4
687
1
343
3
890
3
1278
5
742
3
124
3
369
2
100
5
181
5
7
3
250
4
222
3
127
3
117
5
1
3
109
4
762
4
150
5
475
3
257
5
151
3
1016
4
235
2
763
4
24
4
284
4
252
4
405
2
925
3
298
3
96
4
180
4
171
5
11
3
204
5
357
5
56
4
209
5
196
4
89
4
182
5
69
5
156
1
48
4
423
2
71
5
265
5
201
5
170
3
22
5
173
4
746
4
168
5
806
3
174
3
61
4
60
2
959
2
652
5
79
5
95
5
647
4
195
3
188
5
275
1
98
4
274
5
1126
2
483
5
50
5
172
5
210
5
115
4
121
5
455
5
273
4
546
5
597
4
833
2
1088
2
1013
1
186
5
208
4
175
4
239
5
154
4
238
3
192
3
462
2
435
5
431
5
527
5
234
5
82
5
693
4
65
4
550
4
176
5
191
4
12
3
183
5
528
5
134
3
684
4
317
3
91
3
318
5
59
5
404
4
25
4
249
4
410
4
118
4
974
3
411
1
333
4
47
286
4
294
4
300
5
289
1
748
1
245
3
322
2
329
3
358
3
323
3
127
5
663
5
174
5
427
5
707
4
183
5
199
4
191
4
98
4
64
5
507
4
479
3
65
5
238
5
357
5
528
3
143
5
50
5
514
2
498
4
194
4
86
3
181
4
603
3
204
5
1
3
237
4
222
5
9
2
107
4
1197
3
121
4
845
4
100
5
924
4
15
5
126
4
213
182
5
9
5
69
3
419
1
50
5
208
5
523
5
204
4
181
5
173
5
214
5
191
3
521
5
188
4
174
5
172
5
478
4
216
4
491
5
969
4
179
5
64
5
176
5
210
5
504
4
431
5
79
5
196
3
56
5
479
4
631
2
168
5
228
5
633
5
1116
3
89
3
133
3
742
5
496
5
1118
5
132
4
98
5
101
5
1
4
230
5
435
5
82
5
84
3
226
4
135
3
385
3
202
4
185
5
184
5
4
3
1245
5
153
5
288
4
498
3
211
5
222
5
163
5
357
5
186
5
183
5
154
4
507
4
265
5
162
3
195
5
432
5
418
4
441
3
505
5
121
5
423
5
109
5
201
2
233
4
732
4
144
4
96
4
71
5
705
4
234
5
143
1
95
3
433
4
421
1
55
2
924
3
1135
5
403
5
636
3
77
4
501
3
11
5
511
4
655
5
161
4
679
3
1119
4
91
2
378
5
448
5
229
3
127
4
650
5
671
2
684
5
68
5
642
4
616
4
402
3
582
4
218
4
566
4
660
3
472
5
465
5
559
4
1039
5
232
5
550
3
151
5
157
5
231
3
568
1
770
3
380
3
393
5
658
3
404
4
88
4
140
5
447
4
392
5
155
3
797
4
451
4
225
4
2
2
90
4
581
5
622
2
62
3
674
3
1419
1
637
3
413
5
44
3
629
3
1208
4
1263
4
768
3
1133
3
1079
5
29
2
235
5
790
3
67
3
578
3
417
3
240
4
139
2
1469
5
662
5
1046
5
386
3
379
5
1182
3
227
5
416
5
573
4
167
4
444
3
219
4
94
3
80
3
1444
2
739
4
452
2
796
4
1110
4
145
4
395
1
1188
5
665
1
1183
4
1157
4
1207
5
831
1
843
3
391
3
53
1
576
3
575
3
158
3
577
1
1091
4
590
4
389
5
1542
4
200
5
217
5
470
5
282
5
147
5
54
5
944
5
449
5
86
5
120
5
129
268
4
288
2
333
3
181
5
7
4
246
4
150
2
222
3
147
3
109
3
10
5
825
3
252
2
743
2
183
2
483
4
22
4
480
3
168
3
173
5
1286
2
484
3
705
2
485
3
1401
3
172
5
186
4
228
1
651
2
17
3
318
4
652
5
195
4
633
3
659
3
607
3
132
3
96
4
156
3
528
4
469
3
56
5
135
2
64
3
164
3
28
2
421
3
495
3
443
2
196
3
154
2
136
1
774
5
496
1
1444
1
417
1
1063
3
174
4
77
2
204
3
133
5
99
3
746
3
432
4
42
5
378
1
227
1
97
1
418
3
419
2
433
4
661
3
11
4
33
4
660
3
143
3
68
4
721
5
506
3
509
3
625
4
88
1
1459
4
151
3
141
3
526
3
142
2
416
1
1074
2
559
5
699
3
842
2
380
2
1091
1
561
5
38
2
206
4
1041
1
420
3
158
2
393
1
229
2
53
3
961
2
1614
3
356
2
155
1
1157
1
1133
3
94
1
554
2
1229
1
1060
1
426
3
1473
3
191
5
190
5
727
5
921
5
39
5
532
5
89
5
50
5
277
5
98
4
217
5
87
5
771
2
1139
2
279
242
1
258
4
288
2
294
4
300
3
358
4
268
4
748
4
325
2
260
4
56
4
645
3
153
4
173
5
109
4
508
3
194
3
475
4
382
4
716
4
175
4
455
4
1000
2
746
5
652
5
210
4
42
4
186
4
208
3
433
3
100
4
111
4
655
4
629
2
394
3
152
2
381
3
83
2
412
1
13
2
168
5
202
4
257
4
248
4
3
4
864
3
240
4
249
5
926
2
274
3
108
3
25
4
763
3
122
1
105
2
1047
3
407
2
1052
2
408
4
1
4
114
4
169
4
588
4
71
4
501
2
95
4
420
3
189
4
432
3
91
2
627
3
99
3
625
3
418
3
946
4
101
4
1240
5
19
4
24
4
237
3
692
3
553
2
216
3
197
3
451
2
549
4
724
5
781
3
90
4
97
4
1041
3
731
3
49
3
739
4
402
4
155
3
298
3
127
5
222
3
181
5
50
5
250
3
121
4
1016
4
273
4
7
3
405
3
118
4
363
2
597
3
252
3
472
3
1615
3
840
3
174
4
96
4
55
3
172
5
182
4
161
5
79
4
195
4
22
5
33
4
188
3
230
2
228
3
651
4
176
4
177
4
385
3
82
4
568
3
684
3
144
4
184
3
431
4
187
5
183
4
11
3
4
3
89
4
229
2
679
3
68
4
232
3
227
2
403
3
2
1
399
4
233
2
231
3
265
4
550
4
39
3
849
2
62
4
226
3
566
3
562
2
720
2
810
3
808
2
38
3
578
4
665
2
449
2
540
2
1303
2
373
4
826
3
741
4
291
3
123
3
928
3
31
3
98
4
185
3
603
3
234
2
657
3
1077
4
164
4
156
5
943
4
12
4
1046
3
642
3
54
3
77
3
802
2
552
3
1042
3
1157
2
1210
4
53
3
452
2
450
2
758
2
413
3
559
4
200
3
569
2
217
4
145
4
441
2
774
4
440
1
769
3
590
2
526
3
510
3
128
4
570
3
391
3
541
4
1228
2
29
4
797
3
1407
3
809
3
771
4
1419
2
743
3
204
3
66
3
790
2
721
3
70
4
944
3
72
3
367
4
239
4
805
3
67
3
393
4
73
3
372
4
783
3
792
3
940
2
575
3
722
3
384
2
63
3
386
2
1177
1
167
2
94
3
765
3
780
2
80
3
163
2
1185
1
1092
3
545
3
364
3
725
3
719
3
388
4
395
4
577
2
795
1
225
3
151
3
87
3
28
3
423
3
622
2
465
3
141
3
416
2
584
4
417
2
951
2
139
3
1415
2
1555
2
1030
1
149
269
4
302
3
288
3
887
3
127
4
1007
3
251
3
137
3
919
4
150
3
475
3
337
4
340
2
262
2
268
2
7
3
50
4
9
2
410
3
181
2
258
2
293
4
109
3
14
4
124
3
100
3
275
3
1142
4
922
5
182
4
23
4
664
5
171
3
1131
3
180
4
509
3
187
4
603
4
185
4
489
3
151
4
190
4
172
3
32
4
435
3
663
4
176
2
594
2
175
5
134
3
522
3
64
4
11
3
1286
3
135
5
515
4
174
3
191
4
210
2
156
5
479
3
1404
3
12
4
531
3
238
4
548
2
204
2
423
3
56
3
89
5
517
4
61
4
425
2
486
2
657
3
265
2
192
5
484
4
483
3
693
3
234
4
317
3
237
2
98
4
512
5
527
3
83
3
1103
4
474
4
183
4
806
3
631
3
496
3
656
3
772
1
514
4
607
3
136
3
160
5
168
4
430
4
443
3
1495
3
212
3
673
3
197
5
675
4
144
1
464
4
202
3
462
3
933
3
1426
3
1070
3
79
3
480
5
186
4
10
5
1161
3
179
4
652
5
59
4
381
3
1073
3
525
4
203
5
228
2
628
4
77
2
164
3
53
4
54
2
649
3
218
3
591
4
1422
3
985
1
222
3
229
2
1083
3
449
3
554
3
121
2
538
1
271
2
754
2
558
4
448
4
447
3
98
690
4
271
3
300
4
301
4
887
5
312
4
328
5
251
5
50
3
7
4
272
5
750
5
307
4
313
5
898
4
347
4
886
4
127
4
257
5
1302
5
181
3
539
1
879
3
295
2
483
5
651
4
258
2
202
4
143
3
165
5
174
3
213
3
430
3
484
4
647
5
132
4
12
5
519
3
100
4
524
4
692
4
521
4
98
4
482
2
1101
5
56
4
210
3
511
5
97
4
474
4
117
3
153
4
318
5
191
5
527
5
173
5
664
3
514
5
742
4
588
4
166
5
11
3
357
5
194
4
624
2
429
4
530
4
657
5
205
5
176
4
136
4
157
3
275
3
661
3
427
5
425
3
215
4
238
2
463
5
497
2
414
3
207
5
605
1
182
2
516
4
520
3
87
4
486
3
55
4
177
3
525
4
8
5
198
5
193
4
183
4
69
5
663
5
208
4
220
286
1
294
3
258
4
304
2
300
4
328
3
319
4
289
4
988
3
268
5
325
3
245
2
50
3
1326
4
285
3
93
4
1012
4
1
4
9
4
100
4
7
5
246
5
295
4
15
2
250
4
116
4
475
5
13
5
287
3
1163
1
276
5
742
3
1385
4
257
3
619
3
283
2
919
3
815
3
255
3
472
3
471
4
10
3
181
3
16
4
281
3
1315
4
237
3
1160
5
1010
4
1009
4
762
4
1048
3
845
4
846
3
235
5
405
4
763
3
118
3
121
3
284
3
125
3
740
3
1226
4
25
3
117
4
3
4
1008
4
274
3
120
3
411
2
476
2
252
2
930
3
532
4
370
3
1047
3
1324
2
409
4
831
3
275
1
183
4
134
5
89
4
174
2
59
4
216
4
182
2
168
4
172
2
709
4
443
4
58
3
208
4
448
3
179
4
98
4
479
5
223
4
517
4
238
4
69
4
498
4
531
3
611
5
514
5
735
4
56
5
708
5
483
4
151
3
28
3
42
5
1166
4
45
4
509
4
202
4
204
3
836
5
210
3
582
4
82
4
175
5
371
4
425
4
170
5
164
4
714
2
584
1
215
1
1111
4
964
4
60
5
529
4
8
4
97
4
568
1
462
4
781
3
640
4
469
4
660
2
196
4
522
4
135
5
727
2
143
3
39
4
282
4
31
4
557
3
639
4
996
1
211
3
464
4
30
4
421
4
729
4
70
4
387
2
423
3
402
3
61
4
1195
4
1616
4
699
3
559
4
721
1
1135
3
381
4
386
3
234
3
133
3
1018
3
393
3
77
3
367
3
44
1
88
4
662
2
217
4
49
4
971
5
72
4
396
3
1469
1
159
2
755
3
1069
4
553
2
569
4
412
1
739
2
768
2
62
3
665
3
552
1
122
3
821
2
43
3
827
2
780
3
775
1
161
2
94
2
554
3
407
3
1057
3
1311
1
383
3
1014
2
1441
2
244
3
129
4
546
4
249
3
147
3
358
4
111
4
83
4
301
2
73
313
3
307
4
324
4
288
4
294
3
342
4
245
3
678
3
844
4
121
4
25
3
127
5
928
3
150
5
685
3
100
4
293
4
181
4
922
4
741
5
405
4
93
4
124
4
222
4
508
4
298
4
1097
5
117
4
273
4
248
4
237
4
1067
5
13
4
221
3
129
4
845
3
475
5
147
3
257
4
952
4
591
4
276
4
282
4
696
4
410
4
7
4
122
4
597
3
546
4
1010
4
979
3
1278
3
544
4
249
3
125
3
118
3
111
3
274
3
24
3
1011
4
628
4
151
4
1014
4
411
4
108
4
456
3
840
4
406
3
829
3
369
4
1081
3
1534
4
1007
4
37
350
3
313
4
333
4
288
5
258
2
754
2
682
5
879
3
539
3
300
2
328
4
307
4
270
2
342
4
271
5
751
3
294
3
680
3
266
3
301
1
338
4
895
4
343
5
323
4
678
3
259
3
263
1
358
4
264
3
681
1
892
2
683
3
893
2
687
4
890
2
243
3
261
2
155
321
2
319
3
269
5
306
5
303
5
137
5
1194
5
127
5
50
5
14
3
286
3
1
5
124
5
10
5
283
5
20
5
181
5
19
5
475
2
297
5
100
5
13
3
221
5
275
5
740
5
293
4
237
4
116
5
277
4
405
3
25
4
546
4
121
3
823
2
130
5
1317
4
840
1
744
2
281
3
12
3
234
5
79
5
98
5
654
5
185
5
176
5
183
5
233
5
443
5
226
5
356
4
44
5
54
2
452
1
684
4
561
5
38
3
707
5
1475
5
213
5
694
5
190
5
529
2
45
5
753
1
582
5
558
5
86
5
83
5
509
5
714
4
463
1
382
4
70
4
736
4
381
5
26
2
640
1
702
2
580
3
173
5
216
5
387
4
197
5
747
3
97
4
241
5
451
4
402
3
662
3
732
3
692
3
88
4
66
3
739
1
134
5
498
5
482
5
172
5
168
5
489
4
199
4
187
5
430
5
479
4
603
3
69
4
318
5
204
3
210
5
224
3
125
3
186
5
615
5
963
5
514
3
432
5
435
3
659
5
132
5
526
3
166
5
484
4
488
5
427
5
47
5
153
2
416
2
156
1
503
3
174
5
607
5
133
5
385
1
504
4
182
3
423
5
205
4
633
5
223
5
485
4
211
5
8
5
729
3
496
5
164
3
58
4
194
4
313
5
268
5
347
5
285
4
248
4
246
5
1009
2
249
678
4
288
5
258
5
310
4
307
4
292
5
323
4
245
4
330
4
322
4
300
4
50
3
928
4
25
4
620
4
281
4
411
4
476
5
100
5
127
5
295
4
9
4
248
4
121
4
151
4
628
4
117
4
298
4
237
3
257
5
181
3
276
3
846
4
118
3
282
4
742
4
106
3
546
4
1277
4
240
1
291
4
595
4
934
4
225
4
370
3
122
1
223
5
529
4
418
3
98
5
1050
4
197
4
183
3
651
4
385
4
479
4
729
5
133
5
318
5
419
3
210
4
56
3
194
3
357
4
693
4
162
4
1147
4
97
4
517
4
631
4
632
3
99
3
211
4
176
3
58
3
82
4
180
4
69
4
505
4
1084
4
503
4
143
4
454
5
414
5
208
4
216
4
200
4
514
4
195
4
735
5
699
4
527
4
526
3
185
5
153
3
969
4
612
4
65
4
234
3
462
4
132
5
44
4
70
3
939
4
204
3
196
4
705
4
807
4
961
4
154
4
168
5
66
4
179
1
372
4
660
4
161
4
567
2
51
4
4
4
382
4
485
4
28
4
449
4
402
4
731
3
96
4
356
4
72
4
38
4
448
5
163
4
1439
4
187
3
420
3
1136
5
84
3
139
3
186
3
1210
3
77
4
655
4
559
5
214
4
399
4
1522
3
423
4
1421
4
1093
1
942
4
629
4
94
4
142
3
755
4
417
3
739
3
719
3
392
5
676
4
215
4
543
4
728
3
205
3
71
5
202
3
174
4
393
3
1263
4
716
4
167
3
141
3
499
4
490
4
447
4
88
3
585
2
548
2
504
4
212
4
54
4
465
3
773
3
1004
4
561
4
756
3
616
4
218
4
416
4
404
4
440
3
403
3
102
3
40
4
623
3
622
4
443
3
428
3
972
3
90
3
506
4
581
4
1041
3
664
3
158
3
537
3
1133
3
723
4
1090
4
1118
3
834
2
1444
3
400
3
563
3
1030
3
219
3
441
4
396
2
579
4
1442
3
973
4
1437
2
1110
2
1508
3
53
4
717
4
791
3
401
2
667
3
1135
4
725
3
452
2
199
4
371
3
1046
4
1415
3
364
2
67
2
575
3
238
3
386
3
384
2
5
4
63
3
633
3
75
4
451
1
1037
1
155
3
68
5
294
2
13
258
1
300
4
332
4
328
4
748
1
271
4
259
3
294
3
245
4
988
3
243
2
989
1
358
3
238
475
1
274
4
363
3
10
2
878
3
137
2
510
5
478
4
1020
4
367
3
71
5
234
5
432
4
200
4
523
5
463
3
660
3
174
5
135
5
48
2
641
5
603
5
211
4
518
4
95
5
1073
4
772
1
42
3
31
4
194
5
12
5
55
4
514
5
175
5
140
3
761
2
69
5
97
4
56
4
731
4
195
4
8
5
202
5
470
4
96
4
208
4
582
3
604
4
209
4
490
3
684
5
521
5
692
4
479
4
228
5
529
3
496
5
218
3
132
4
191
4
33
3
73
4
198
2
497
5
430
4
435
5
82
5
657
5
196
4
542
3
216
4
85
3
230
4
447
4
231
3
176
5
655
4
712
3
385
4
88
4
193
4
68
4
461
2
63
4
81
1
642
4
399
5
79
5
70
4
608
4
418
4
168
5
204
5
732
4
233
4
199
4
89
5
530
5
770
3
710
5
203
4
239
3
28
4
661
5
183
5
173
4
1046
4
417
4
503
4
560
3
403
4
611
5
516
4
739
4
380
4
425
4
517
2
945
4
747
2
465
4
356
3
66
4
181
5
1219
2
972
3
443
4
205
5
72
3
46
3
393
3
855
4
77
3
581
2
241
2
423
5
44
4
2
4
607
4
67
3
62
3
29
2
229
4
646
4
663
4
5
4
53
4
58
4
227
4
951
3
796
3
746
5
186
4
836
4
580
3
654
4
47
4
715
2
755
4
525
4
86
3
92
3
792
2
94
3
90
2
434
4
54
4
489
4
693
4
676
1
323
3
455
3
402
4
148
3
1136
3
294
4
762
3
324
1
930
1
494
5
662
5
404
5
742
5
1019
5
705
5
50
5
520
5
215
5
482
5
678
3
295
4
281
3
1279
4
271
4
250
2
248
2
538
3
1014
3
1016
4
484
4
410
2
539
4
222
4
258
4
1244
2
328
4
1608
2
261
3
880
1
210
5
187
5
566
4
172
5
226
4
550
4
578
3
161
4
665
2
449
2
586
2
554
3
38
3
391
2
779
2
802
4
576
4
1407
2
1110
1
224
1
333
4
749
4
300
3
892
1
699
4
1063
5
342
3
182
5
147
3
177
5
0
87
269
4
181
3
121
2
173
4
98
3
172
5
168
4
317
4
511
4
357
5
91
4
132
5
514
5
188
4
150
5
209
5
238
4
223
4
23
4
115
3
191
5
234
4
179
4
175
4
204
3
655
4
79
2
195
3
180
5
176
4
183
5
524
5
219
1
1067
4
154
5
318
4
144
3
174
4
230
2
1153
4
200
4
163
3
109
3
216
5
151
5
96
2
735
4
214
3
629
4
527
5
196
3
69
3
70
4
208
5
502
4
215
3
211
3
52
4
443
4
710
4
436
4
232
3
186
3
210
4
82
3
568
4
218
2
239
2
47
3
222
3
451
3
88
3
73
3
153
3
229
2
13
4
1135
3
1
5
101
5
506
5
528
5
474
5
185
5
423
5
378
5
228
5
50
5
33
345
1
288
5
751
3
310
1
302
5
268
2
258
4
309
2
754
1
690
3
307
2
300
3
332
2
328
1
319
2
879
1
289
2
294
2
301
2
326
4
245
2
260
2
271
4
680
1
343
3
338
3
687
1
892
1
266
1
705
4
603
4
181
4
50
5
30
286
3
300
5
313
5
333
3
258
4
292
4
288
3
876
2
245
3
325
1
324
1
294
3
299
3
748
3
259
2
289
2
326
4
687
2
323
4
322
3
358
1
678
4
1025
3
243
3
261
2
873
3
330
2
681
1
881
2
457
2
0
21
313
3
302
4
1238
4
258
3
286
5
325
2
183
5
11
5
97
5
186
5
318
5
1459
4
527
5
273
5
191
4
198
5
56
5
50
5
265
4
23
4
1
4
22
127
4
258
4
181
5
250
3
50
5
763
3
117
5
222
5
257
4
405
3
118
4
546
4
685
4
841
4
121
5
472
4
323
5
265
5
739
5
210
5
435
5
252
5
192
258
4
531
3
169
5
178
4
168
4
283
4
746
5
1
5
69
4
15
4
216
5
95
4
157
4
202
4
713
3
7
5
98
5
174
5
197
4
462
4
432
4
96
5
28
5
135
4
429
4
408
5
156
4
185
3
11
4
558
4
48
4
137
3
214
5
152
4
1039
5
100
4
87
5
367
5
582
4
191
5
190
5
12
5
189
5
425
5
318
4
204
5
42
5
14
3
89
4
710
5
196
5
175
4
116
4
527
4
50
5
114
5
473
3
144
3
79
4
83
5
423
5
655
4
792
4
237
4
222
4
47
4
64
4
183
3
58
4
215
4
154
4
474
5
568
4
172
4
170
3
735
4
97
5
483
4
433
5
609
4
70
5
173
5
1115
4
136
4
200
2
10
4
732
5
357
4
651
4
470
3
430
4
380
4
658
4
275
5
186
4
25
4
188
5
647
3
19
4
176
4
24
3
111
5
228
5
403
3
22
4
402
4
659
3
747
4
421
4
392
4
199
3
405
2
631
4
153
4
81
4
118
2
4
4
179
4
419
4
88
4
132
4
181
4
208
4
229
3
194
4
435
3
68
4
1035
3
431
4
26
3
134
3
682
4
748
2
1600
4
45
4
209
3
234
3
13
3
195
5
1047
3
796
4
109
3
211
3
73
4
709
3
274
4
210
5
239
5
778
4
715
4
393
3
384
3
1074
4
306
4
301
4
293
3
257
4
307
4
587
4
302
5
268
4
272
4
750
4
1014
2
336
1
269
4
680
1
898
2
342
1
890
1
294
3
328
3
988
2
259
4
243
2
652
4
150
3
949
3
49
2
1160
4
177
3
729
4
486
3
648
3
1101
4
180
3
385
3
511
3
65
3
510
3
265
4
31
4
40
313
4
288
4
315
4
302
3
1430
3
347
3
258
4
538
3
332
3
750
2
304
4
340
3
362
4
271
4
269
2
294
3
310
3
900
4
300
5
322
3
307
4
259
3
895
4
682
4
323
3
342
3
243
3
1399
4
687
3
292
3
344
2
690
2
329
2
893
1
328
2
748
2
286
2
289
1
905
2
326
2
0
1
335
3
73
300
3
288
3
10
3
9
3
475
4
924
3
471
3
14
3
276
5
919
5
100
4
151
3
126
4
1335
3
619
4
124
3
1017
3
713
5
934
3
123
2
1
4
25
5
7
3
1047
4
458
3
696
5
13
4
744
4
508
3
284
4
864
3
147
4
476
4
544
3
546
4
591
3
847
5
866
5
1040
3
410
3
685
5
236
3
222
5
235
4
547
3
1011
4
125
5
118
5
273
5
117
5
121
5
106
5
628
5
129
5
289
4
237
4
742
5
291
3
405
5
717
5
370
4
763
1
1114
2
240
1
920
3
829
3
120
3
820
2
280
4
1028
3
1079
1
595
3
412
1
49
268
5
288
4
333
3
327
4
313
5
332
3
324
1
339
3
895
4
264
2
340
5
328
2
259
1
682
1
748
2
325
1
335
5
336
5
266
5
680
5
903
5
1295
5
1238
5
879
5
243
1
991
2
1617
5
1280
5
263
5
1591
5
351
5
350
5
874
5
1434
5
887
5
352
5
349
5
909
5
1592
5
908
5
1062
5
1293
5
1612
5
348
5
751
4
299
5
878
5
330
5
346
4
23
269
5
286
5
311
3
690
5
242
5
310
4
300
4
990
4
898
5
289
4
315
4
678
2
302
3
294
3
893
2
100
4
1028
1
25
4
240
1
283
4
274
3
871
1
1051
3
150
288
3
268
5
751
3
258
4
271
3
300
3
1022
4
343
3
748
3
50
4
222
4
1
2
109
5
181
4
100
3
475
3
121
2
117
4
246
4
7
3
1016
3
25
2
250
3
108
3
125
3
257
3
1012
3
240
3
248
3
298
3
763
4
829
2
273
3
235
3
151
3
13
2
249
4
597
2
1014
3
206
5
405
2
1013
1
1059
1
147
4
833
2
1244
3
827
1
826
2
290
3
742
3
168
4
520
3
427
3
183
3
79
4
474
3
22
4
69
3
195
4
176
4
96
4
12
5
204
4
191
4
173
4
203
3
8
3
182
3
11
4
228
4
97
3
172
3
153
4
238
3
568
3
188
4
154
2
210
3
732
3
31
3
746
4
156
4
144
3
229
2
87
3
184
4
186
4
23
3
380
3
163
3
679
3
202
3
56
4
431
4
393
3
1240
3
226
4
174
4
42
5
423
3
684
3
754
3
132
3
216
2
265
3
95
3
89
3
28
3
721
4
127
4
659
4
651
3
402
3
208
3
496
2
179
4
403
4
227
3
73
3
550
3
81
1
655
4
159
3
625
3
99
3
241
4
90
2
421
4
967
3
161
2
33
4
291
1
135
4
230
3
526
3
231
2
72
3
77
3
239
5
385
3
755
3
17
1
566
3
324
2
743
1
68
4
215
1
392
3
2
3
232
3
30
100
5
79
3
654
4
135
5
180
5
12
5
192
5
168
5
514
2
173
4
134
5
48
4
205
4
96
3
543
4
11
4
480
5
523
5
128
4
179
5
510
5
492
4
521
5
318
4
23
5
208
5
133
3
430
5
200
4
530
4
100
242
5
269
5
306
5
258
5
1022
4
289
4
874
4
301
4
255
5
935
5
50
5
181
5
257
5
1014
5
533
4
408
5
9
4
866
5
634
5
70
5
863
4
213
5
116
5
531
5
949
5
83
5
509
4
1195
5
1121
5
14
5
382
5
166
4
638
4
707
5
1472
5
1009
5
582
4
1
5
114
5
189
5
95
4
432
5
169
5
285
5
663
5
168
4
1069
5
153
4
25
4
202
4
154
4
629
5
8
5
430
4
732
4
204
5
514
4
208
5
210
5
194
5
167
4
792
4
435
5
211
4
66
4
944
4
72
4
412
3
393
5
163
5
1041
4
476
3
451
5
3
4
954
5
1036
4
934
4
67
4
575
4
1047
5
407
4
516
5
97
4
197
5
694
5
662
4
155
4
549
4
794
4
727
4
186
3
652
2
477
3
384
3
722
3
508
3
523
3
179
3
42
3
56
3
306
286
5
269
4
302
5
311
4
322
4
895
4
259
3
301
4
304
4
321
3
289
4
748
2
100
5
129
5
508
5
14
5
116
4
124
5
273
3
117
3
285
3
237
3
471
4
277
3
676
3
950
4
845
5
111
5
126
4
281
2
221
4
472
3
222
2
284
3
290
2
928
4
13
4
866
2
24
3
1152
3
405
2
7
2
151
1
6
5
742
3
118
4
815
3
546
4
1048
4
291
4
931
3
235
1
1093
4
823
4
978
3
831
3
476
3
107
3
818
3
89
5
483
4
127
5
558
4
474
4
516
4
69
4
651
4
180
4
525
3
50
4
98
3
523
4
187
5
199
4
484
4
12
3
194
4
490
3
492
3
32
4
135
3
205
5
198
4
191
4
511
5
488
4
181
3
22
3
614
5
71
3
209
4
238
4
527
5
530
4
170
4
481
4
705
3
79
4
528
4
519
4
203
4
134
5
172
3
195
2
216
5
56
4
234
4
192
4
504
5
654
5
64
2
480
4
55
2
855
4
647
3
174
4
175
3
506
4
513
4
482
5
514
5
60
5
178
3
133
5
606
4
132
4
168
3
707
4
186
3
657
4
182
5
518
3
1456
3
1166
5
419
1
23
5
58
4
435
4
1101
4
143
3
485
2
226
3
213
4
47
2
211
5
1553
3
517
4
414
4
709
5
92
4
96
4
179
5
185
4
612
3
584
1
241
5
1204
3
467
4
210
3
461
3
208
5
1073
5
318
4
965
4
583
4
582
3
1540
2
212
5
423
4
204
3
495
4
663
2
429
2
432
1
660
5
568
4
416
4
228
3
76
4
642
4
403
4
447
5
715
4
521
4
31
4
649
4
684
4
1113
3
702
4
81
1
501
2
1107
4
184
1
469
4
44
4
618
3
1560
4
724
3
433
5
42
3
52
4
367
5
498
5
943
3
385
3
218
3
193
4
4
4
239
2
227
2
131
5
70
4
792
4
640
1
443
4
693
5
97
5
781
1
466
4
39
5
82
4
265
4
382
3
66
3
95
3
402
2
708
4
65
4
1065
1
704
4
215
2
554
4
679
2
1041
2
573
4
436
4
230
3
526
3
1044
4
549
4
72
4
550
3
796
3
942
4
578
5
1268
3
393
3
386
4
559
3
161
4
77
3
1454
3
1074
2
570
4
739
2
712
4
1421
5
29
3
1046
3
1184
3
451
3
380
2
670
4
94
2
449
3
700
5
479
4
607
3
520
3
496
2
646
5
613
4
197
4
603
3
478
3
615
2
494
4
836
2
1126
1
515
4
173
4
497
2
837
2
661
3
604
4
1050
2
650
2
1124
3
605
1
499
4
418
1
1154
1
638
2
955
1
430
3
493
4
319
4
751
4
310
4
898
4
541
1
1129
2
275
3
150
2
410
2
930
3
54
332
4
300
4
288
4
289
3
322
2
127
3
282
4
125
3
248
4
257
4
181
4
742
3
121
4
237
4
147
3
25
5
250
3
762
4
1
4
15
4
472
2
123
3
111
4
7
3
1012
3
255
1
14
3
475
3
124
3
100
4
293
3
596
4
1011
3
1047
2
685
4
829
2
118
3
1315
4
713
4
597
3
276
5
1014
3
676
2
281
3
151
5
928
3
411
3
291
2
405
4
412
2
252
3
595
2
106
2
269
5
68
270
3
346
3
302
5
272
5
258
3
269
5
754
2
750
4
690
3
288
4
313
5
331
3
333
3
751
2
307
2
294
3
260
1
332
2
328
2
301
2
300
2
886
3
315
5
879
3
325
3
271
3
245
2
678
1
748
1
323
2
875
3
343
3
243
1
312
2
342
2
676
5
282
3
150
2
7
4
283
3
919
3
50
5
127
4
936
5
100
5
181
4
250
2
293
5
544
1
276
4
147
4
285
5
591
4
298
4
408
5
1
5
742
3
273
2
1084
5
508
4
121
2
845
5
123
3
475
5
248
4
277
2
1007
3
125
2
137
286
2
324
3
878
1
659
4
507
5
651
5
647
5
191
5
357
5
124
4
193
3
185
5
50
4
234
5
479
4
462
3
543
4
176
2
197
4
427
4
466
2
192
4
1211
3
646
5
1109
3
474
3
59
5
425
4
855
2
154
3
956
4
204
5
153
5
174
4
475
3
207
4
91
2
671
5
70
4
9
5
100
5
129
2
210
4
709
5
514
5
498
4
169
4
275
3
467
3
657
4
200
3
187
5
963
4
64
3
513
4
631
4
214
4
653
4
531
3
93
4
603
4
582
2
1333
3
528
3
318
3
127
5
22
5
87
3
60
4
182
5
175
3
7
5
4
2
558
4
99
3
213
4
517
5
661
5
144
4
652
4
496
4
511
5
423
3
588
4
28
3
143
2
208
4
628
3
211
4
615
4
962
3
526
5
156
3
180
5
190
4
285
5
634
5
431
3
508
3
152
2
317
4
238
5
209
4
177
5
283
4
492
3
168
5
86
4
279
4
181
4
655
3
640
4
433
4
201
3
172
5
69
4
134
5
499
5
673
4
135
2
179
3
56
4
19
3
96
4
429
5
116
4
23
5
170
3
12
4
1149
4
203
4
11
4
868
4
14
2
202
3
183
5
1101
4
53
56
3
77
3
479
4
657
5
526
4
213
4
173
5
239
5
82
4
83
5
185
4
393
2
50
5
178
4
484
3
615
4
588
2
69
3
31
5
238
3
174
5
523
4
202
5
485
2
193
4
79
5
194
5
505
4
210
5
58
5
181
5
258
4
845
3
250
3
1254
3
109
4
422
2
427
4
410
4
751
4
310
3
294
3
748
3
358
2
678
3
541
3
298
4
402
4
1618
1
204
5
203
4
423
1
168
4
43
269
3
310
4
286
4
307
5
333
4
332
4
689
2
300
4
873
4
323
4
258
4
292
4
343
3
690
3
340
1
331
4
319
4
268
5
682
4
328
4
1038
4
326
4
270
4
880
4
984
4
321
4
886
4
288
4
327
4
309
3
322
4
294
4
876
3
749
4
271
4
324
2
245
3
301
4
991
1
325
3
260
4
875
4
264
2
37
50
4
582
4
100
4
195
3
98
4
692
4
357
5
174
4
487
4
196
5
527
4
483
3
660
3
191
5
178
5
156
4
607
5
204
4
172
4
183
4
64
5
443
4
60
5
476
4
328
4
535
4
70
4
255
4
214
2
56
3
163
3
176
3
181
3
815
4
322
4
220
5
237
4
30
288
1
302
5
327
3
286
5
311
4
990
5
690
5
259
1
332
4
751
4
908
1
289
3
300
4
312
5
338
1
688
1
245
4
323
5
748
4
898
5
329
5
905
4
358
1
892
3
895
2
1316
4
894
1
457
1
890
1
313
5
168
761
4
227
4
143
4
1221
5
1199
3
38
3
451
4
795
2
105
3
1228
3
1207
2
1046
4
831
2
554
4
1337
3
1188
4
771
3
1428
4
1426
3
721
4
734
3
929
3
592
3
545
2
364
3
411
3
369
3
139
5
1240
2
1407
2
407
2
1496
2
412
2
834
4
1502
1
450
2
301
4
302
5
268
4
333
4
267
3
266
4
990
3
690
4
332
4
708
4
781
5
682
4
305
3
338
3
689
4
307
4
538
4
313
5
345
4
750
5
312
2
272
5
347
4
895
3
259
3
898
4
292
4
295
5
980
4
187
4
311
2
346
5
329
4
348
4
353
2
352
3
532
3
235
3
864
4
354
4
205
5
498
4
482
5
26
3
52
4
601
3
679
5
153
4
570
4
833
4
722
3
1039
4
135
3
240
3
155
4
926
3
447
4
399
3
1470
5
1168
4
1217
4
769
2
865
2
452
5
373
3
120
2
1092
2
368
3
1312
4
818
2
982
3
759
2
453
4
1162
2
316
4
1300
3
70
4
495
4
660
4
425
4
824
4
147
4
310
4
118
4
510
5
633
5
426
5
684
5
300
5
248
4
51
5
419
5
946
5
191
5
815
4
842
4
448
4
796
5
586
4
1210
4
508
4
330
4
58
4
121
4
251
4
420
4
335
3
315
3
1016
4
252
4
177
4
29
3
72
3
1136
2
210
5
421
5
44
5
535
5
549
5
523
5
492
4
148
5
242
4
500
5
197
5
501
5
506
5
619
5
218
5
181
5
79
5
234
5
249
603
4
514
3
480
4
484
3
792
3
474
3
462
2
91
2
663
5
527
4
135
3
521
3
194
4
357
3
181
5
133
5
479
4
87
4
174
4
609
4
172
4
132
5
526
2
31
3
182
3
177
4
176
1
228
4
427
4
234
2
48
4
208
4
210
5
293
3
230
4
227
4
265
3
684
4
44
4
443
3
229
4
226
4
53
1
218
2
356
4
566
4
554
1
38
2
450
5
77
4
449
4
525
3
23
3
654
3
216
4
168
4
692
4
83
2
88
4
202
4
70
4
8
3
430
5
211
4
367
2
47
1
382
1
580
3
26
3
1041
2
393
4
72
2
204
4
239
3
778
4
1177
1
94
4
582
3
127
5
191
4
28
4
9
4
10
2
126
4
240
1
151
3
111
4
13
3
475
1
1
4
14
3
713
2
284
1
15
4
742
4
1033
4
508
4
871
2
546
3
1028
2
118
4
405
3
740
4
823
4
121
4
117
5
597
3
109
2
756
4
237
2
286
4
294
4
322
4
319
3
687
2
243
3
283
3
19
3
846
2
476
2
411
2
1291
1
122
1
934
3
412
1
931
2
824
1
120
1
1001
1
435
4
483
4
192
3
380
4
98
4
12
4
169
4
97
2
385
4
203
4
96
4
747
5
187
4
69
4
568
5
318
5
186
3
143
4
498
4
215
4
22
4
489
4
528
4
496
5
921
2
195
4
673
3
708
2
82
4
66
4
1147
3
378
4
549
4
550
4
43
4
403
3
180
3
659
4
190
2
193
4
134
4
511
4
56
3
161
4
65
4
451
2
371
3
949
4
627
2
676
5
289
2
1282
3
107
3
252
4
408
4
1086
3
477
4
847
3
596
2
298
4
255
2
257
4
1174
3
988
2
288
2
471
4
148
3
291
3
50
5
100
5
20
5
197
5
205
5
660
5
739
5
64
5
845
4
1161
3
292
4
313
5
258
4
222
5
25
4
242
4
147
1
274
4
1173
4
150
3
333
4
328
4
281
4
1047
3
866
2
685
4
820
2
595
2
103
3
696
3
1016
3
744
2
275
4
591
4
919
2
21
3
345
3
1142
4
724
4
300
4
282
4
54
4
295
4
221
3
423
5
196
4
651
4
4
3
58
4
504
4
402
4
755
3
80
331
4
748
4
288
4
322
4
325
4
294
5
243
3
687
5
333
5
300
4
286
3
742
5
619
4
685
3
1059
4
151
4
93
1
1
5
129
4
595
4
628
5
273
5
475
4
926
4
24
5
1199
5
477
3
7
4
985
4
455
5
1028
5
410
5
125
3
919
5
591
5
290
4
25
5
274
3
240
5
150
3
15
4
276
5
21
4
471
5
405
3
118
4
117
5
823
4
235
4
1054
5
508
4
237
4
930
4
121
4
147
5
3
4
291
4
109
4
760
2
1034
3
546
4
1215
3
282
5
756
4
978
4
597
5
105
4
148
4
717
5
149
2
370
4
824
4
825
4
1327
2
456
5
1052
4
986
5
820
3
1047
4
763
4
218
269
4
302
3
338
3
286
2
301
4
268
3
300
3
319
5
921
4
686
5
211
4
179
4
923
4
357
2
514
5
64
5
30
4
100
5
182
3
39
4
527
3
447
5
32
3
504
3
165
4
1124
4
603
4
56
3
156
2
1
3
604
4
153
4
1045
4
194
5
461
3
421
4
187
2
836
5
174
4
172
3
173
5
962
4
190
4
1166
4
9
5
237
4
181
4
381
3
506
5
209
5
778
2
484
5
204
5
654
5
507
5
645
4
608
4
454
3
196
4
499
4
519
3
1093
4
185
4
508
5
478
5
192
4
479
4
591
4
98
2
963
5
517
4
135
3
953
5
639
4
133
5
609
4
950
3
1170
3
1396
4
1039
4
520
4
382
5
282
3
52
4
83
4
50
5
121
4
144
3
433
5
283
4
210
5
170
4
47
5
480
4
1474
4
223
5
919
4
435
5
116
3
628
4
496
5
427
4
8
4
1149
4
195
4
197
5
59
3
151
4
657
5
425
5
955
3
566
3
168
5
166
4
655
4
558
5
152
4
612
4
86
4
466
3
171
3
662
3
469
3
205
3
721
3
1098
5
1136
4
137
4
502
5
58
5
727
4
71
4
79
3
318
4
131
4
16
4
505
4
658
4
971
2
518
5
429
3
789
2
212
4
423
5
60
5
207
4
1063
4
419
3
45
3
511
3
529
3
792
4
180
4
638
4
607
5
221
3
193
4
483
5
492
4
640
3
14
3
471
4
848
3
629
4
7
5
4
3
813
5
708
5
238
4
521
5
707
4
70
4
42
3
11
4
213
5
495
3
198
4
614
5
97
4
692
4
178
4
709
5
186
4
87
5
276
3
488
5
632
4
188
3
489
4
129
5
699
4
203
3
44
4
942
4
132
5
162
3
735
5
702
1
22
3
61
3
482
4
136
5
693
3
277
5
285
4
630
2
284
4
215
4
265
3
134
5
631
5
25
4
389
4
275
4
1101
4
515
3
498
4
258
5
163
271
3
304
3
596
3
50
5
405
2
275
5
283
3
1115
5
181
5
274
4
1
5
117
4
151
3
546
2
408
5
993
3
740
4
713
4
10
4
121
4
148
4
472
3
21
3
169
5
8
5
174
5
385
4
83
5
493
4
135
5
480
5
195
4
318
5
190
5
180
4
183
3
496
5
427
5
133
4
210
5
199
3
172
5
153
4
197
3
87
3
511
5
179
2
483
4
486
4
603
4
614
4
648
3
474
5
707
5
28
5
727
3
176
3
588
3
435
3
188
3
230
5
136
4
79
4
487
4
431
5
746
5
404
4
510
4
168
5
228
5
22
5
436
3
70
2
498
5
204
4
69
5
1063
5
132
4
144
4
724
4
96
4
778
4
1039
5
98
4
209
2
163
5
582
2
662
5
1050
5
189
5
52
3
191
4
699
3
568
4
2
4
566
5
736
5
549
3
265
5
95
5
234
4
56
3
378
5
205
5
143
5
214
2
489
4
71
5
679
4
403
3
584
5
470
5
215
4
222
4
432
4
86
3
217
3
423
4
88
4
694
5
97
3
31
3
213
5
389
5
380
4
49
3
1118
2
63
4
80
2
443
3
862
3
501
3
62
4
73
4
82
4
416
4
500
4
419
3
755
4
441
2
164
4
402
4
141
4
640
4
227
5
229
4
570
3
386
4
708
3
720
4
449
4
139
4
167
3
84
4
387
3
631
2
94
4
561
3
450
2
1030
3
542
1
54
2
1140
1
490
269
3
313
4
262
5
272
4
302
4
311
3
345
4
300
1
242
3
750
3
305
4
286
3
270
3
352
1
875
1
749
2
346
3
306
3
896
3
690
2
319
4
340
4
301
2
268
4
310
3
288
2
303
4
333
2
327
2
307
3
299
2
321
3
882
4
271
2
349
1
347
4
682
1
874
3
294
1
328
2
259
1
292
2
315
4
1105
1
990
2
322
1
688
1
289
1
343
2
325
1
678
1
1420
1
312
3
873
2
323
1
539
1
243
1
338
1
948
1
314
1
689
1
258
4
457
1
681
1
937
3
330
2
988
1
1025
1
901
1
687
1
337
3
890
1
894
1
844
4
100
4
236
3
475
4
7
4
273
3
718
4
547
1
13
4
285
4
275
4
6
2
124
4
276
4
137
4
221
3
116
3
978
2
1197
3
129
3
283
4
1
2
676
4
277
2
150
3
1068
3
20
3
222
2
237
3
117
2
919
4
147
2
471
3
1084
3
762
3
1245
3
1129
1
15
3
109
1
980
3
591
3
19
4
111
3
93
3
1008
2
149
3
845
2
14
4
508
4
10
4
123
2
224
3
458
3
1134
3
24
1
151
2
628
2
713
3
279
2
741
2
25
2
291
2
274
2
1009
2
290
2
924
3
281
1
975
3
107
3
3
2
235
1
455
1
979
2
1335
3
1163
1
950
3
284
3
744
3
121
1
459
3
405
2
1010
2
1048
2
472
2
1085
4
1011
3
460
2
922
3
928
1
848
3
168
4
1451
3
646
2
190
4
136
4
98
3
514
4
483
4
558
4
491
4
519
3
1194
3
488
4
87
3
42
3
480
4
127
5
753
2
174
3
603
4
423
2
504
3
198
2
469
3
958
2
511
5
56
5
207
4
199
4
638
3
523
3
607
4
173
4
318
4
172
3
357
4
133
4
64
3
493
4
1065
1
653
4
23
4
489
3
684
3
463
3
187
4
22
2
65
3
445
3
178
4
530
4
47
4
50
4
474
5
48
4
963
3
789
2
185
4
528
3
792
3
462
3
427
4
655
3
196
3
521
2
211
4
496
4
134
5
191
4
182
4
89
4
651
3
421
2
497
4
429
3
95
1
188
4
194
3
525
3
83
4
52
3
647
4
513
4
197
4
11
3
855
3
606
3
1069
2
479
4
414
4
382
3
478
4
507
4
516
3
582
3
209
4
238
4
657
3
175
4
171
3
615
3
705
3
543
5
921
3
652
3
132
3
806
3
12
3
745
2
461
3
179
4
498
3
484
4
518
4
81
3
778
3
1073
3
661
4
955
4
135
5
466
4
746
3
486
3
699
4
660
3
698
3
32
3
59
3
641
4
69
2
170
3
434
3
234
3
730
3
640
3
837
3
61
4
186
4
604
3
205
5
60
3
772
3
425
3
515
4
733
3
430
3
208
4
517
4
215
3
923
3
670
2
180
4
709
4
642
4
419
2
633
3
492
3
529
3
193
4
971
4
99
2
702
3
482
4
1103
4
694
4
964
3
183
3
39
2
131
4
195
3
371
3
203
4
181
2
28
3
143
1
644
5
512
3
639
2
91
2
588
1
265
3
614
3
200
3
953
3
1147
3
192
4
228
3
648
4
673
3
177
3
1111
3
654
3
464
4
428
4
663
3
241
3
509
4
965
2
202
3
216
3
960
3
1050
2
510
3
735
3
485
3
707
4
96
3
1445
3
1019
1
176
2
1113
3
30
3
609
3
602
3
736
3
467
3
4
2
664
3
433
4
499
3
46
3
92
3
495
2
1070
3
1400
2
431
4
381
3
584
2
58
4
526
3
206
1
649
3
1101
3
404
3
97
2
956
4
447
3
82
2
402
1
721
2
1005
3
616
2
494
4
443
3
70
4
317
3
1475
2
490
4
693
4
204
3
45
3
86
4
213
4
570
2
417
2
201
3
613
3
782
3
703
3
101
2
387
4
230
2
506
3
708
3
527
4
675
3
573
2
44
3
581
3
724
3
1166
2
714
3
210
3
610
4
732
3
568
2
770
3
942
3
26
3
239
2
435
3
76
3
549
2
697
2
72
1
1139
2
226
2
1154
1
501
3
448
3
140
2
470
2
90
1
53
2
468
2
715
4
385
2
966
2
723
2
102
1
85
2
553
2
1267
3
212
3
972
3
79
3
959
3
1045
3
426
1
739
1
380
2
378
2
141
3
566
2
569
2
625
3
970
3
88
2
1404
2
557
3
727
2
392
2
1006
2
231
3
399
2
550
2
184
3
81
258
3
289
1
294
3
174
4
191
5
210
3
183
4
318
5
176
4
153
4
98
5
275
4
79
4
208
3
97
5
127
5
22
5
69
5
276
1
56
4
196
4
168
3
182
4
496
5
568
3
28
3
117
3
215
5
528
5
144
4
82
4
12
4
642
3
50
5
181
3
223
4
710
3
4
3
692
3
317
4
566
3
172
4
187
5
273
3
956
3
173
3
42
1
234
3
88
2
188
4
202
4
385
3
655
3
137
3
164
3
735
3
195
4
423
4
240
2
31
3
11
4
405
3
96
4
58
4
100
4
712
3
89
4
483
5
237
4
211
4
238
5
381
3
121
3
963
4
162
3
204
3
143
3
213
3
199
5
527
3
216
4
56
242
5
289
4
303
5
269
5
319
5
306
4
301
5
258
4
286
4
340
2
367
3
69
5
382
5
357
4
275
4
197
5
372
2
603
4
496
3
19
5
661
5
238
3
204
4
127
3
56
2
483
5
185
4
640
2
487
3
50
3
527
4
133
4
131
4
58
3
22
3
962
4
59
5
132
5
45
4
236
3
660
5
1211
3
956
5
202
5
155
4
124
4
153
5
170
5
610
4
963
4
481
4
239
3
531
4
163
4
285
4
215
4
63
258
4
286
4
269
4
294
4
333
4
300
3
332
4
343
4
310
4
340
4
270
4
323
3
100
5
50
5
9
5
508
4
475
4
7
4
125
3
281
3
150
3
591
3
181
4
276
4
293
4
15
3
126
3
515
5
1
3
596
4
111
4
628
3
121
2
245
3
250
4
825
4
109
4
1014
4
222
4
597
4
455
4
20
4
1011
4
820
3
762
4
742
4
257
4
13
4
405
3
147
3
1048
4
25
4
240
3
274
4
1016
4
249
3
473
3
117
4
471
4
1226
4
741
3
280
3
220
3
133
258
4
678
5
304
4
1084
4
527
3
427
4
28
4
511
4
651
5
655
4
15
3
83
5
222
4
378
5
196
4
402
3
699
4
423
3
468
4
660
5
676
3
526
4
403
3
924
5
732
3
239
4
553
4
1053
3
29
2
941
4
173
5
168
4
659
5
210
5
477
4
73
4
393
3
88
3
66
4
1041
3
476
5
756
4
1185
2
235
1
63
3
763
3
399
3
781
5
274
4
90
4
585
2
110
4
1047
2
376
3
1036
2
395
2
174
4
79
5
82
3
38
3
62
4
118
4
121
3
405
3
810
3
826
3
234
5
452
3
1
4
143
4
8
5
418
5
404
4
584
3
419
5
588
4
500
4
140
5
501
4
95
4
91
5
465
4
432
4
755
5
71
5
625
4
151
3
99
4
420
4
1035
3
417
4
627
4
946
5
142
5
102
4
623
3
1409
4
622
3
1091
3
1078
4
1412
1
560
3
812
3
278
2
654
3
931
3
543
4
1315
1
993
4
257
5
255
3
769
1
877
1
1074
1
1442
1
259
1
542
1
181
5
50
5
254
3
474
5
459
5
139
3
596
4
172
5
204
4
843
4
111
1
265
5
709
5
215
4
225
4
1030
3
135
315
4
288
2
346
3
347
3
509
4
50
4
265
4
684
4
237
4
479
4
172
4
173
4
89
4
195
3
127
5
427
5
202
3
22
3
191
5
475
3
246
3
181
4
121
2
109
4
100
4
249
4
273
3
293
3
496
4
357
5
1
4
194
4
69
4
432
5
58
4
179
4
206
2
318
4
23
5
180
3
168
4
132
3
423
4
87
3
744
2
56
5
238
4
210
3
382
3
42
3
88
3
508
3
1218
3
204
3
209
4
175
3
70
4
523
4
695
2
1098
4
435
4
72
3
746
4
433
3
47
5
367
4
208
4
8
3
655
4
150
2
789
3
186
4
321
4
648
4
319
3
410
4
451
3
959
3
13
4
721
2
780
3
94
3
866
2
386
3
41
4
585
2
63
3
790
3
396
4
818
4
864
3
80
3
871
2
393
3
240
3
399
2
1059
4
952
4
401
3
73
3
732
3
90
4
384
3
235
3
775
2
122
3
763
4
411
4
1061
2
734
3
693
4
187
4
192
5
64
4
214
3
28
4
531
4
196
4
282
3
48
5
15
2
588
4
501
4
418
4
71
3
95
3
99
5
420
3
625
3
627
3
772
4
11
2
97
4
230
4
12
4
195
24
3
111
4
742
3
117
3
508
4
129
4
118
3
179
4
694
4
134
5
432
4
513
4
423
3
153
3
191
4
1555
3
70
4
102
4
195
4
735
4
170
4
1073
3
144
4
664
4
98
4
64
4
165
4
1441
3
69
4
157
3
919
2
318
3
582
3
202
4
509
3
770
4
160
3
357
4
642
3
1099
4
192
4
183
4
463
3
218
3
466
4
175
3
647
3
462
4
23
4
97
3
114
4
730
3
60
5
531
4
214
3
216
4
174
4
528
4
518
3
684
4
204
4
443
4
194
3
71
4
163
4
200
4
176
4
110
2
1619
3
521
4
95
3
44
3
700
2
11
3
197
4
529
4
180
4
479
4
663
4
238
3
1524
4
737
3
187
4
56
5
709
3
66
3
1014
4
16
3
471
3
4
4
8
4
61
4
660
3
1194
4
212
4
461
3
59
4
185
4
519
4
704
3
199
4
469
4
168
3
169
4
226
4
403
4
28
4
855
4
62
3
303
4
207
5
190
5
371
5
96
4
474
5
656
4
12
5
1159
5
603
5
135
5
210
3
367
4
761
2
748
3
1262
2
9
4
831
2
636
3
1416
2
1174
3
591
4
86
4
516
4
480
4
198
4
13
3
515
4
237
4
234
4
14
4
982
3
410
3
1199
2
147
4
231
3
22
3
79
4
161
4
177
4
265
4
566
4
89
4
82
4
947
4
233
4
385
3
38
3
188
4
578
3
720
2
576
4
651
3
29
2
2
3
810
3
562
2
550
2
397
3
568
3
53
3
586
3
391
3
83
4
211
4
85
2
381
4
692
4
47
3
944
3
732
3
702
2
778
4
715
3
88
4
792
4
186
3
239
2
796
3
94
3
313
3
302
4
936
4
249
2
15
3
272
3
31
286
4
258
3
750
3
288
2
304
3
270
3
346
4
302
5
310
2
313
5
332
3
292
4
749
4
331
3
327
2
1280
3
326
3
301
2
328
3
259
1
294
2
877
2
300
4
689
2
271
3
748
3
325
1
323
2
343
2
338
2
312
2
162
328
4
689
4
271
3
266
2
326
3
680
2
258
3
181
5
50
5
257
5
993
2
254
4
89
3
144
3
183
4
176
4
174
4
172
5
222
4
210
5
22
3
195
4
55
3
79
4
96
5
117
4
188
2
228
5
472
5
68
4
82
4
385
3
568
3
665
3
121
5
177
3
230
5
550
3
229
3
405
4
403
5
233
4
227
4
684
4
226
3
566
4
679
2
62
5
636
3
231
4
161
4
17
3
431
3
554
3
449
2
810
4
373
3
541
4
208
3
732
4
204
4
175
4
194
3
648
3
98
5
234
3
164
4
218
4
217
5
413
4
447
3
444
3
379
4
563
3
569
3
551
4
73
4
168
4
524
4
173
5
710
3
746
4
451
3
202
4
211
3
80
3
692
3
944
4
167
3
1028
4
399
4
94
3
384
3
393
4
575
3
395
4
546
3
743
3
1
5
820
3
95
4
71
5
588
4
426
3
1091
3
627
3
101
4
97
3
549
4
88
3
155
3
890
2
199
4
742
4
203
4
99
4
510
3
388
3
29
3
151
4
25
2
219
2
67
1
542
2
751
3
265
4
182
3
232
3
1188
3
391
2
720
3
450
2
520
4
28
4
404
4
196
4
215
3
69
4
633
3
31
4
193
3
491
3
135
4
729
3
423
4
419
3
378
3
434
3
474
3
205
4
968
5
132
4
54
4
78
2
1228
3
380
3
77
3
739
4
386
2
578
4
139
3
142
3
59
286
2
347
5
313
2
895
3
457
1
346
5
258
4
690
2
294
1
271
5
300
3
751
3
322
4
682
3
343
3
50
5
458
1
7
5
100
3
181
5
413
4
758
4
760
5
121
5
977
5
928
4
717
5
118
5
288
4
930
5
222
4
349
4
250
4
898
4
109
5
892
4
236
4
98
5
56
5
234
4
200
5
185
4
164
4
447
3
17
4
816
3
5
5
665
2
672
3
436
5
860
4
219
5
769
4
379
4
569
4
145
4
53
5
567
4
590
4
0
0
25
258
5
323
2
748
4
678
3
1
5
50
5
181
4
515
5
282
3
151
3
100
4
472
3
127
5
121
4
118
4
252
3
24
3
405
4
866
4
288
4
237
4
620
3
411
3
1047
3
225
3
40
50
5
181
5
257
4
748
4
255
3
249
4
258
5
993
4
1620
4
323
5
1089
3
313
5
310
5
300
4
328
5
271
5
877
4
304
3
688
3
682
4
538
5
1
3
125
4
275
4
288
5
222
4
405
4
121
5
924
4
15
5
259
2
892
2
254
1
846
2
301
2
252
1
294
3
596
2
237
3
243
2
0
84
286
4
258
4
300
4
988
3
243
3
748
4
294
4
873
3
301
4
322
3
336
3
288
2
323
2
181
3
515
3
7
3
127
4
237
4
14
4
1048
3
756
2
100
4
1
3
455
3
222
4
248
4
257
3
25
3
628
3
225
3
864
3
50
4
126
4
252
2
866
3
1152
3
411
3
826
2
280
3
123
3
977
3
410
3
1620
3
284
3
742
4
240
2
282
3
274
3
932
3
13
3
151
3
1051
3
111
3
405
3
760
3
471
3
281
3
934
3
250
3
815
3
717
3
249
3
845
3
117
3
147
3
591
3
1315
3
1278
3
148
3
15
3
125
3
118
3
1014
4
1047
3
412
2
619
3
291
2
926
2
121
4
1362
3
829
3
620
3
1095
3
1277
3
100
307
4
89
5
479
5
641
4
515
5
611
5
483
5
496
3
497
4
178
5
523
4
427
5
265
5
99
5
1126
4
648
4
186
3
275
5
480
5
474
5
187
5
132
4
131
5
423
3
136
4
238
5
378
3
506
4
485
3
603
5
1124
4
181
4
514
3
631
5
638
3
45
4
81
3
50
4
434
3
86
3
481
3
513
4
23
5
609
4
170
4
134
4
482
4
197
5
507
3
511
5
205
4
111
4
435
4
100
5
478
4
1200
3
589
5
1194
5
98
5
218
4
135
4
487
5
524
5
492
3
617
4
519
5
56
4
498
4
490
4
174
4
615
5
505
5
604
5
153
5
607
4
199
4
1021
2
191
4
520
5
367
4
525
4
1
3
177
4
528
3
151
5
1451
4
1009
4
657
5
646
4
190
5
559
3
605
4
655
4
182
3
8
3
213
5
527
3
22
5
484
5
661
5
114
288
3
678
3
294
3
245
3
100
3
9
4
286
4
742
3
237
3
275
4
819
3
117
4
222
4
1012
3
273
3
546
3
411
3
1
3
756
3
15
4
845
3
864
4
696
3
1284
3
220
3
595
3
820
2
597
4
21
1
121
4
282
3
274
3
866
3
252
4
717
3
69
5
238
3
13
2
28
4
582
3
596
3
22
4
265
4
202
4
223
3
209
4
11
4
527
4
191
5
68
2
31
4
216
3
735
3
227
3
133
4
770
1
70
4
173
3
4
2
1041
3
66
3
86
4
318
5
179
3
951
3
229
3
67
3
43
3
230
5
542
3
728
3
276
3
284
3
7
3
576
4
692
4
289
4
531
4
58
4
378
4
228
5
151
4
526
4
181
4
14
4
423
4
82
4
118
4
174
5
71
4
56
4
939
4
684
4
172
5
132
4
98
5
432
4
79
5
8
4
111
4
1046
4
95
4
1042
3
204
5
87
4
218
4
405
4
50
4
77
4
732
4
215
5
125
3
1028
3
328
4
52
271
3
326
4
269
5
302
3
288
3
748
4
340
4
258
3
319
5
328
4
301
4
117
4
50
5
7
4
147
4
181
5
546
3
121
3
252
5
118
4
405
4
1013
4
244
5
236
5
410
4
249
4
285
5
150
4
248
4
25
4
13
5
100
5
762
4
111
4
235
3
274
4
21
4
120
4
1054
3
168
4
169
5
318
4
195
4
89
4
489
5
357
4
480
4
505
4
87
4
47
2
265
3
129
4
44
319
3
286
4
302
4
327
5
288
4
340
5
268
4
325
2
324
4
294
2
988
1
321
4
243
1
323
2
170
4
479
5
64
5
1065
4
178
5
209
5
173
3
507
5
127
5
604
5
523
5
496
5
48
5
134
5
318
5
135
2
132
5
513
4
187
5
707
3
133
5
192
5
603
5
12
5
427
5
482
5
520
5
481
5
493
5
172
5
53
294
3
289
4
292
4
322
3
325
3
253
3
246
5
127
4
257
2
252
3
1244
2
254
4
508
4
176
4
58
4
872
5
299
4
50
4
300
4
298
5
532
5
343
4
887
3
269
3
270
3
682
2
865
3
305
3
875
4
334
4
166
4
529
5
198
5
739
3
271
4
150
3
8
5
180
5
96
5
12
5
268
5
337
5
197
5
165
5
307
5
1176
5
327
3
262
2
346
2
750
4
1070
2
288
1
892
3
20
286
4
124
4
1068
2
275
4
137
4
744
4
9
4
14
4
283
3
15
3
116
5
936
5
508
5
19
5
847
4
253
5
20
5
100
5
285
5
269
4
0
101
302
5
288
4
258
5
301
3
321
3
319
4
270
4
268
4
1265
3
271
4
264
3
358
3
134
5
318
4
483
5
429
3
132
3
58
3
11
4
653
4
1019
4
423
4
183
5
1073
3
203
4
480
3
654
5
22
2
197
4
606
4
136
3
12
5
181
4
617
3
489
3
7
3
1021
4
168
4
498
4
201
3
275
4
478
4
89
5
100
5
496
3
211
4
1333
3
127
5
246
5
255
4
50
5
515
3
250
4
257
3
1160
3
1014
4
1405
4
1016
3
249
5
137
4
1
4
847
4
813
4
1134
3
508
3
284
3
123
2
151
3
93
3
13
3
845
3
109
3
121
3
546
2
25
3
222
4
1008
3
111
3
277
3
458
3
24
2
1171
3
281
3
411
3
235
2
118
3
278
1
597
2
472
2
864
3
240
3
405
4
108
1
1163
3
756
2
928
3
975
3
122
3
476
2
1215
2
260
1
354
286
4
268
3
751
3
302
4
258
2
345
4
346
5
1024
3
243
1
343
4
895
1
539
1
678
2
890
1
216
3
607
5
1131
4
185
4
183
5
515
3
484
4
531
1
69
1
679
3
223
4
657
4
179
4
188
4
180
4
168
4
203
4
171
5
488
4
478
4
1103
4
56
5
201
3
1120
4
520
4
181
3
474
5
182
3
513
3
318
3
176
4
461
3
209
4
496
3
492
4
205
3
98
4
475
3
173
4
175
4
50
3
507
4
32
4
8
3
1512
5
91
4
656
4
100
4
191
3
427
4
480
4
156
4
197
4
589
3
511
4
505
4
9
4
530
4
48
4
238
4
479
4
144
3
611
5
651
3
664
4
154
4
483
4
194
4
1039
3
357
3
1
2
276
4
1149
4
178
4
514
4
489
4
172
2
644
3
200
4
11
4
432
5
24
3
124
3
382
4
603
4
222
3
436
4
23
5
524
4
133
3
228
3
655
3
615
4
701
3
568
3
1021
4
81
2
425
4
631
3
705
3
512
4
1069
4
174
4
157
4
28
2
501
3
518
4
1449
5
693
3
196
4
19
3
671
3
65
3
193
3
70
4
510
3
99
3
661
4
285
4
772
4
204
3
45
3
7
5
170
4
431
2
955
3
617
4
10
3
455
3
645
3
447
3
582
4
46
4
423
2
526
3
55
4
211
4
273
5
317
3
234
3
494
4
709
3
151
2
184
3
153
3
537
4
202
3
724
3
684
3
1059
1
433
1
1101
3
503
4
79
3
675
3
160
3
616
3
14
3
131
4
163
3
811
3
195
3
1153
3
198
3
640
5
319
2
42
3
212
3
746
3
1070
4
4
3
497
4
1529
3
86
4
469
4
733
3
241
2
608
3
629
3
506
3
980
3
31
2
116
4
210
3
1115
3
458
4
443
4
87
3
943
3
588
2
277
3
22
3
93
4
207
3
233
1
462
3
77
1
132
2
971
3
523
4
49
2
15
3
468
1
639
3
97
3
652
5
405
2
673
3
239
3
135
4
614
3
430
3
559
1
956
4
96
1
642
3
12
5
159
1
1170
3
371
1
230
3
25
2
708
3
186
3
504
3
206
3
1110
2
380
2
89
4
47
4
219
1
52
4
367
3
64
3
95
2
960
4
715
3
164
2
1478
3
284
1
58
3
549
2
762
3
214
3
636
1
403
3
1267
3
417
2
735
3
942
3
794
2
356
1
2
3
584
3
141
2
744
3
1010
3
162
3
1018
3
235
3
226
1
215
3
470
3
544
2
702
3
566
3
1524
4
92
3
710
4
199
4
732
3
596
2
143
1
218
3
71
2
13
3
959
3
1015
2
428
4
72
2
692
1
925
3
410
1
550
1
451
2
62
3
1119
3
660
3
385
2
17
2
952
3
849
2
426
1
1229
1
117
3
805
3
67
1
109
1
229
3
739
2
393
2
665
3
928
2
80
2
121
3
1035
3
3
3
597
3
232
3
379
2
473
3
130
4
53
3
1220
2
790
1
546
1
578
3
676
3
1009
4
737
3
240
1
802
1
1139
1
231
2
921
3
780
1
88
2
719
1
155
2
1074
3
1230
3
946
3
1210
1
51
3
1044
2
40
2
217
3
542
1
435
3
748
2
72
286
4
323
2
1
2
318
3
636
2
133
2
98
4
181
3
435
4
357
1
480
4
56
1
114
1
427
4
806
1
141
4
148
5
416
5
477
4
132
4
418
5
89
1
511
2
229
1
514
1
73
4
66
1
230
1
153
4
393
2
483
4
458
2
1126
4
462
5
402
5
143
5
432
5
234
5
485
5
135
5
194
5
185
5
197
4
1039
4
174
5
191
5
591
4
582
4
727
5
204
1
173
5
127
5
82
5
161
3
79
4
144
5
50
5
190
4
550
4
231
1
720
4
118
3
385
2
566
4
684
4
4
1
5
4
218
4
443
5
501
5
88
5
504
4
30
294
3
321
5
301
4
304
2
678
2
70
4
255
5
257
5
237
5
220
4
167
4
692
5
118
4
254
3
403
4
566
4
367
4
401
4
412
2
233
4
1035
4
871
2
476
3
172
5
181
4
50
5
210
4
781
4
153
4
862
1
34
313
4
272
3
302
3
312
3
1025
2
1399
2
300
4
333
3
345
4
344
4
289
4
292
4
245
4
750
3
258
4
121
4
298
3
924
3
472
4
831
3
685
3
281
3
597
4
930
3
1016
2
118
4
323
3
1034
3
50
4
181
4
117
4
127
4
257
4
827
3
0
149
242
5
327
3
879
2
260
2
289
1
483
4
529
4
22
3
135
5
479
4
182
4
156
4
496
5
98
4
511
4
480
4
318
4
443
4
165
5
144
3
64
5
1193
5
100
5
70
4
508
4
136
4
163
5
523
4
86
4
172
3
213
5
133
4
423
2
166
4
693
5
7
4
192
5
153
2
673
4
12
4
684
4
521
4
204
3
56
4
461
4
191
4
134
5
705
4
186
3
95
2
137
5
173
3
11
3
157
5
181
2
168
4
15
3
210
4
467
3
273
5
50
2
88
3
97
3
1005
5
462
4
69
4
230
2
83
4
512
4
203
4
234
3
96
3
660
4
582
5
127
5
651
4
485
3
218
4
228
2
196
4
23
4
89
4
707
4
772
4
378
4
207
5
143
3
392
4
235
3
202
4
20
4
631
4
288
3
742
3
177
4
465
2
403
3
8
4
856
5
736
4
82
4
1065
5
215
3
170
5
2
5
121
3
31
3
385
3
265
4
727
4
117
4
33
2
419
2
405
5
71
2
54
3
411
4
576
2
763
4
25
2
161
4
1232
2
154
3
77
4
685
3
240
3
155
2
219
1
231
1
1028
2
384
3
108
2
386
1
959
4
393
2
1437
2
790
3
387
4
388
3
80
3
755
2
49
2
1044
3
122
2
94
2
575
1
395
1
110
1
78
1
155
606
4
175
5
173
4
56
4
603
5
198
5
109
2
187
5
490
4
506
5
521
3
511
2
183
4
514
5
654
5
182
5
168
5
205
3
1021
4
657
5
59
5
133
4
847
4
100
1
83
4
1020
3
89
5
178
4
199
4
507
5
483
5
617
4
653
5
134
5
1019
5
176
5
504
4
194
3
318
2
497
5
357
2
197
5
525
5
615
4
589
5
494
5
482
5
60
5
498
4
492
4
523
3
479
5
434
5
611
4
647
5
1298
5
132
3
648
4
192
4
608
4
156
5
188
5
679
4
478
5
919
4
705
5
491
3
474
5
179
5
641
5
496
5
170
3
811
4
136
5
181
1
297
3
50
1
127
5
298
4
302
4
340
3
306
3
268
4
271
4
299
4
1022
5
303
3
480
4
604
4
484
4
475
4
659
4
203
4
12
4
246
4
223
4
10
4
1131
4
7
4
32
5
517
5
177
4
527
3
433
4
152
4
489
5
9
4
47
4
493
4
513
4
23
4
607
4
234
3
650
4
195
3
209
4
675
4
124
4
135
3
469
4
174
1
631
3
423
2
1
3
582
3
185
5
481
5
387
4
429
4
613
4
221
5
430
4
640
4
1451
3
39
3
836
3
1204
5
212
2
79
2
646
5
273
5
190
4
673
3
191
3
612
4
427
3
636
4
487
4
96
4
257
3
293
5
1012
3
248
4
1252
3
252
1
81
269
4
286
3
242
4
319
2
303
4
988
1
301
1
165
4
162
2
509
4
855
1
199
3
179
2
923
3
59
1
772
1
479
5
659
3
127
4
234
3
1137
4
134
5
497
2
491
2
661
4
191
4
604
4
835
4
603
5
519
3
6
3
615
5
478
4
462
4
132
2
224
4
1203
5
656
3
493
3
483
5
100
4
1125
4
423
4
524
2
1286
4
520
2
178
4
735
2
631
5
504
3
187
3
641
5
512
1
194
3
954
2
606
5
525
3
486
4
612
3
56
4
427
4
435
2
482
4
475
4
530
3
135
4
79
4
488
5
611
3
185
4
474
5
430
3
1050
4
213
4
494
4
1005
1
638
3
30
4
653
4
529
4
523
3
70
302
4
286
5
258
5
300
3
333
3
340
4
321
4
294
2
325
1
301
4
748
2
288
3
328
4
1
4
1197
4
281
3
471
3
276
4
9
5
50
5
475
3
237
4
236
4
248
4
924
3
298
3
100
5
25
4
508
3
273
3
283
4
676
4
117
3
13
3
284
4
124
5
126
5
7
4
111
3
151
5
979
3
14
4
295
3
685
4
19
5
222
3
15
4
455
3
118
4
257
4
546
3
125
3
16
3
291
4
277
2
225
3
458
2
405
3
826
3
756
3
121
3
473
4
762
3
274
4
1284
2
3
1
287
4
252
3
1014
3
268
3
22
302
4
340
3
258
3
303
5
305
5
271
4
288
2
690
3
301
3
268
3
326
1
324
2
245
1
748
3
289
1
886
2
243
1
358
2
286
4
879
2
321
1
327
4
20
124
4
1039
3
69
2
191
4
47
3
194
3
496
3
604
3
174
4
45
4
181
4
462
4
657
4
484
4
144
2
64
4
964
4
357
4
114
4
32
2
20
286
4
319
4
300
4
301
4
289
3
476
4
813
4
121
2
124
5
9
5
100
3
1010
2
14
4
1137
3
1171
3
13
4
222
2
277
1
924
1
284
3
51
347
4
286
3
237
4
127
4
275
4
258
4
50
4
685
3
713
4
283
4
10
4
182
4
657
4
134
4
528
4
211
5
492
4
276
3
135
4
632
4
162
4
523
4
479
4
427
4
69
4
183
3
180
4
179
4
423
3
157
4
143
2
1012
2
495
2
22
4
178
4
513
4
194
4
661
4
174
4
480
4
176
3
192
4
654
4
519
4
185
3
836
3
144
4
507
5
478
4
205
3
216
4
0
26
294
1
321
3
322
3
304
2
98
4
603
5
506
2
194
4
176
4
318
5
507
2
483
3
127
2
96
5
963
1
79
5
531
1
215
3
173
5
50
2
181
2
182
3
427
4
111
1
168
5
357
5
36
294
3
678
3
323
3
100
4
124
4
280
5
237
4
7
5
1
4
15
4
125
4
275
3
319
3
137
3
815
3
763
3
471
4
825
4
70
5
435
4
514
5
210
4
56
3
381
3
208
3
204
4
276
3
50
4
181
4
255
3
257
4
9
3
259
2
475
1
324
2
248
4
185
294
4
338
3
121
5
1
5
405
3
237
4
15
3
100
4
281
3
7
2
546
3
25
4
742
4
866
5
472
4
147
4
151
4
111
4
819
3
125
4
763
3
409
5
284
4
1028
4
225
4
826
4
829
3
240
3
595
4
1033
4
410
3
407
4
932
3
823
3
117
4
845
4
471
3
118
3
1054
3
1291
3
1336
1
191
4
173
5
318
5
28
5
168
5
423
4
172
4
216
4
186
4
132
4
22
5
97
5
87
5
194
4
566
4
31
4
12
4
8
4
96
4
234
3
11
2
176
5
204
4
228
3
735
5
230
3
196
5
684
4
655
4
64
5
50
4
1147
4
58
4
732
4
71
5
82
4
203
3
496
5
385
5
79
4
48
5
98
4
208
4
215
5
663
5
181
5
660
3
4
4
143
3
99
3
55
3
133
4
188
3
210
3
427
4
95
5
727
5
183
5
241
5
468
3
768
3
202
4
425
2
588
4
69
4
179
2
673
3
265
5
465
4
739
3
317
5
29
3
54
4
559
3
356
4
662
4
939
5
44
3
56
3
561
4
49
4
380
3
568
3
68
4
720
4
651
5
140
4
102
4
174
5
708
3
1219
3
229
4
996
3
808
3
226
4
550
3
1035
3
623
5
770
4
85
3
403
4
447
3
728
3
200
3
88
3
1046
4
470
5
218
3
443
4
399
4
1042
4
402
4
5
4
436
4
627
5
393
4
560
3
217
5
1531
4
949
2
693
1
40
4
941
4
38
2
365
5
1044
4
62
3
549
5
65
5
582
4
1032
3
77
3
161
5
110
4
1271
3
579
4
665
4
1517
3
452
3
545
3
1209
4
63
4
795
3
298
4
20
288
3
346
3
313
5
300
4
751
3
245
3
294
3
678
3
298
4
1016
4
323
3
343
2
258
1
250
2
324
1
272
2
325
1
355
1
222
4
380
3
74
288
4
269
3
331
3
333
4
328
3
286
4
258
5
268
3
303
3
326
3
327
3
294
4
748
3
289
2
877
1
245
2
528
4
520
4
234
3
1
4
408
3
523
3
173
5
82
3
676
3
98
4
169
4
69
2
65
3
209
4
210
3
50
5
228
3
603
5
7
3
179
3
183
4
435
5
89
3
582
4
168
4
111
4
709
5
1446
2
514
3
655
3
100
4
238
3
204
3
433
3
186
3
382
3
202
5
194
5
4
2
216
5
70
3
428
4
732
4
153
4
25
4
83
5
49
3
56
3
381
3
393
4
88
4
692
4
211
3
66
4
1110
1
845
4
1074
3
1047
3
47
300
3
258
5
329
3
271
5
343
5
294
4
289
5
348
3
323
2
358
4
687
3
286
4
7
3
100
3
50
5
471
3
181
5
250
5
1014
3
871
4
619
3
123
4
249
5
1
3
257
5
222
3
282
5
825
4
15
3
125
3
121
4
25
3
455
4
147
3
288
5
148
4
1028
3
252
5
866
4
3
5
281
2
405
2
546
1
748
2
597
1
151
2
829
2
28
269
3
285
5
515
4
100
5
813
5
1367
5
50
4
224
4
222
3
847
3
181
3
9
5
1375
5
275
3
1097
4
137
5
276
3
475
4
1353
4
283
2
221
2
844
5
253
5
922
5
127
5
7
4
919
5
936
3
62
258
4
288
3
268
4
294
1
750
5
269
4
271
4
300
3
313
5
321
3
328
3
748
3
948
1
988
1
93
5
100
5
237
3
250
3
475
5
117
3
246
4
124
4
7
5
50
5
293
5
742
3
508
4
121
3
151
4
676
2
1
4
181
4
410
3
455
1
15
3
477
4
919
5
257
3
547
4
25
3
125
3
3
3
222
4
763
2
240
4
458
4
1033
2
473
3
405
3
841
2
1014
4
597
3
118
2
472
4
831
2
826
3
411
1
235
3
760
3
1215
4
369
1
932
2
27
286
4
268
5
258
4
83
4
663
4
276
4
513
5
708
5
519
5
483
5
209
4
198
4
55
4
530
4
100
5
195
4
200
5
175
5
7
5
655
5
602
4
265
4
12
5
239
2
524
5
357
5
425
5
24
313
5
230
4
228
5
229
3
227
4
258
4
222
4
541
3
249
4
108
3
431
3
50
4
172
4
181
4
161
4
109
4
114
4
423
4
40
4
82
3
449
2
25
3
450
2
165
1
0
166
127
4
181
4
50
4
222
3
820
4
257
3
284
3
742
3
117
4
250
3
123
3
276
3
273
5
237
4
410
3
288
4
249
2
591
3
187
4
806
4
23
2
172
4
22
3
423
2
232
3
185
2
174
4
153
2
385
3
188
2
195
4
79
4
203
3
210
4
238
2
96
4
76
5
83
2
183
4
186
2
651
3
144
4
173
3
496
3
69
4
164
2
11
3
56
5
234
3
219
3
218
3
559
5
436
2
569
3
184
2
17
5
200
4
379
4
452
3
672
2
217
5
53
5
800
3
551
2
665
3
177
3
431
3
228
3
92
3
809
3
550
4
39
4
568
3
176
3
230
2
241
4
226
4
403
4
33
5
405
5
82
2
121
5
231
3
227
2
68
4
281
3
233
4
27
3
29
5
808
3
265
5
578
3
566
3
161
5
118
4
576
3
229
3
849
3
720
4
761
3
679
3
779
3
1407
3
397
3
541
3
586
2
930
2
841
3
254
4
156
4
939
4
628
3
470
4
31
4
1046
3
928
3
44
3
356
4
77
3
159
4
148
3
581
2
1042
4
1090
3
1273
4
978
2
696
3
1207
2
318
3
427
3
182
3
693
3
28
3
468
3
676
3
215
4
467
4
735
3
655
4
51
4
160
4
202
4
204
3
240
3
393
3
235
3
1218
5
85
3
80
2
239
3
1047
3
1249
3
67
5
756
1
763
4
790
3
780
4
926
4
411
2
72
2
451
4
155
3
295
3
54
3
3
5
358
4
0
0
43
286
3
307
1
333
5
324
1
313
5
268
1
258
2
340
1
538
5
682
4
339
5
310
5
327
3
272
5
301
2
336
1
288
5
332
4
995
1
895
5
751
4
877
4
328
5
304
5
294
5
300
5
873
5
690
4
326
1
259
5
749
3
323
2
322
3
334
1
271
3
879
4
338
3
289
3
688
4
678
4
243
3
892
4
689
4
48
754
3
285
5
1129
3
19
5
124
5
744
4
100
5
14
5
150
5
137
5
237
3
298
2
15
3
111
3
9
3
515
3
13
4
676
4
547
4
293
3
6
5
1017
4
116
5
274
3
591
3
1014
3
126
5
284
2
476
3
255
1
282
2
244
3
1009
3
125
3
546
1
1061
2
864
1
130
1
221
4
276
4
475
4
287
4
127
4
286
5
740
4
248
4
275
4
1331
4
0
360
242
5
332
3
268
5
269
4
303
5
302
5
754
3
262
5
286
5
324
4
327
4
319
4
294
3
875
4
292
1
245
1
748
2
336
1
258
5
334
3
328
1
881
1
333
5
340
5
343
3
886
3
288
5
264
2
306
5
331
3
307
4
895
3
339
3
682
4
301
1
259
2
299
1
326
4
330
3
289
4
271
4
322
1
338
2
325
2
877
2
323
1
876
1
689
2
1265
1
678
2
358
1
680
1
892
1
260
4
984
1
266
1
261
1
688
1
988
1
1025
1
342
2
890
1
683
1
263
1
457
1
243
1
312
2
887
5
681
1
297
5
50
5
1377
3
1143
5
149
4
547
4
285
5
408
5
251
5
150
5
813
4
124
5
847
5
273
5
14
5
293
5
7
5
1
4
508
5
1097
4
844
4
1129
5
24
4
127
5
236
3
919
5
93
4
298
5
237
4
257
4
544
4
475
5
458
3
628
3
137
5
250
4
1016
4
222
1
1142
5
109
4
100
5
181
3
116
4
9
5
1134
5
1319
1
619
1
117
5
471
4
253
1
248
4
1017
4
20
4
936
4
742
4
1008
4
147
4
221
5
1010
5
224
5
295
4
1187
4
1199
5
276
5
13
5
1012
5
455
4
410
5
151
4
762
5
591
4
411
2
15
5
129
5
1059
3
287
3
546
4
744
3
246
5
534
5
405
4
763
5
282
4
121
4
845
4
281
4
123
4
1514
5
1085
3
1048
3
815
3
1082
3
1009
3
833
4
235
3
685
2
1609
1
1067
5
985
4
952
4
1011
4
1047
1
922
3
125
2
1281
3
825
1
472
1
249
4
533
4
460
3
1023
1
1226
4
975
4
1079
1
255
4
925
3
252
3
1356
4
122
4
1258
1
931
1
3
4
148
2
291
3
823
1
1014
4
1315
2
118
3
597
2
409
1
1060
2
820
3
1276
1
1620
1
313
5
751
3
893
1
272
5
192
5
60
4
1264
4
22
5
194
4
655
5
89
4
514
5
603
5
1039
4
8
5
467
5
482
4
79
4
189
5
483
5
183
5
522
5
480
4
182
5
169
5
963
5
99
5
521
5
654
5
170
5
320
5
191
5
48
5
23
5
427
5
461
4
531
5
135
5
466
5
1623
4
201
5
132
5
134
5
168
5
12
5
589
5
469
4
318
5
195
4
197
5
223
5
234
5
47
5
527
5
157
5
42
5
174
5
98
5
423
5
56
5
854
5
193
5
558
5
705
5
11
5
216
4
196
5
971
4
657
4
730
4
172
5
518
5
64
5
265
4
176
5
32
5
55
4
747
4
357
4
180
5
187
5
204
5
421
5
1070
5
443
5
735
5
81
4
853
5
69
5
568
5
185
5
283
4
178
5
96
5
526
5
198
5
173
5
1073
5
95
4
501
4
203
5
238
5
432
1
463
4
92
5
188
5
686
5
58
5
4
4
184
5
789
4
425
5
652
4
215
5
87
4
782
2
367
4
702
4
939
3
431
2
418
4
484
4
1184
5
140
3
806
4
61
4
28
4
631
3
1275
3
144
5
479
4
71
4
1071
4
1166
3
969
4
59
4
97
4
433
5
179
5
382
4
202
5
70
4
512
5
347
4
305
4
346
4
350
4
315
5
1022
5
750
5
900
4
898
2
885
2
354
4
752
4
344
4
345
4
156
322
2
181
4
100
5
275
3
56
5
70
5
255
5
371
3
276
1
1
3
284
4
9
3
117
4
282
5
111
5
15
4
283
4
278
3
125
4
1014
1
126
5
815
3
471
3
25
3
546
3
762
4
274
3
1028
3
476
2
405
3
535
3
50
4
286
5
118
4
121
4
685
3
763
3
280
3
977
3
866
5
220
3
846
2
597
2
106
2
122
1
974
2
69
5
11
4
174
4
144
4
478
5
1119
5
234
2
732
3
26
4
204
4
357
5
71
4
200
5
98
5
724
3
183
4
196
5
845
3
470
2
633
5
153
5
211
4
496
5
140
4
366
4
216
5
159
4
781
3
699
4
660
5
318
5
1035
3
659
5
161
5
423
4
5
4
233
2
584
3
155
5
58
4
417
5
77
4
79
4
65
3
157
3
40
1
66
5
162
5
73
2
164
4
723
4
158
3
49
3
761
2
1221
3
51
3
553
2
241
5
88
4
949
2
775
3
402
4
739
5
451
3
807
4
8
3
210
2
163
4
131
4
580
1
133
4
619
3
1012
3
293
1
4
4
173
5
747
4
591
4
97
4
288
4
237
4
301
4
238
4
179
5
744
3
661
2
285
2
143
4
193
4
568
4
172
4
468
3
735
4
182
2
501
2
655
3
692
3
392
3
966
5
385
4
393
4
83
5
609
3
631
3
272
5
313
4
742
4
223
5
245
3
1016
4
25
319
3
292
3
245
3
988
2
19
3
100
4
515
5
181
3
127
4
14
4
126
3
221
4
50
3
222
4
15
4
744
3
276
3
237
3
357
4
520
4
483
3
286
3
242
4
269
4
199
4
96
268
4
346
4
289
4
258
4
288
3
324
3
748
2
358
2
294
2
304
3
325
3
678
1
330
4
880
3
948
3
336
2
922
4
246
4
129
3
50
5
100
4
273
3
676
2
475
5
298
4
275
4
508
5
181
5
1142
5
127
5
14
5
222
3
744
3
237
3
410
4
1059
4
282
4
591
4
109
2
1134
5
255
3
235
3
15
4
952
5
240
3
411
3
845
3
151
5
1028
3
111
4
742
2
121
2
763
3
1009
4
815
3
274
3
825
2
597
2
108
2
291
3
544
3
460
4
929
2
824
3
1165
1
290
4
1047
2
1312
3
1259
3
826
1
1094
3
928
3
472
3
979
3
930
2
820
2
994
4
926
1
1061
3
871
2
986
2
368
1
369
3
1023
1
717
2
1067
4
762
4
844
4
9
4
546
4
293
4
864
4
3
4
1010
4
547
4
1264
2
20
313
5
286
4
288
4
678
3
323
4
258
3
300
4
895
3
294
4
289
3
328
5
682
4
13
2
149
3
295
4
50
5
222
3
181
4
276
3
123
2
41
300
5
242
4
289
5
286
3
678
1
323
3
990
2
748
5
326
1
294
4
328
4
688
4
264
4
988
1
298
5
1
3
1152
4
50
5
275
4
477
5
713
2
283
5
235
4
127
4
181
4
295
3
763
4
293
5
250
4
742
4
15
5
1534
1
24
3
151
4
111
3
1016
4
824
3
225
4
936
3
118
3
825
5
25
691
2
347
3
269
3
751
3
308
4
300
4
292
4
690
3
343
2
895
2
259
3
748
4
260
3
243
2
323
4
349
4
350
4
313
5
750
5
898
4
258
5
312
5
286
5
538
4
22
5
47
288
4
319
2
872
2
682
4
260
1
294
4
748
4
873
5
988
4
888
5
948
4
276
2
255
5
220
5
237
5
1152
4
282
5
1
4
1315
4
111
5
1014
4
845
5
756
5
595
5
274
5
1278
5
284
4
846
5
866
2
280
5
535
4
1095
4
763
5
975
5
1048
2
1277
4
1357
2
471
4
120
3
934
3
928
4
815
3
508
3
476
4
278
3
245
3
546
4
89
269
4
22
5
181
4
127
5
50
4
651
4
89
5
515
5
56
5
195
4
511
5
265
3
241
5
684
4
385
3
79
4
177
5
82
5
530
4
96
5
92
3
176
5
210
4
11
5
510
5
172
4
174
4
526
4
435
5
188
4
184
3
182
4
187
5
183
5
230
4
679
2
232
3
578
2
1004
4
229
3
228
3
576
3
2
3
403
3
161
4
4
4
431
3
566
3
518
5
568
4
227
4
554
4
583
3
27
3
226
4
761
4
810
3
541
1
550
4
233
2
947
4
62
4
720
3
1231
2
1188
3
231
3
665
5
1228
2
29
2
373
3
38
3
399
4
391
3
570
4
53
4
1110
3
562
3
449
4
779
2
771
3
1239
2
1419
3
802
2
1407
2
586
2
540
3
450
4
759
2
1274
2
148
1296
1
258
5
324
4
288
1
259
1
294
1
325
4
260
4
100
4
127
4
50
5
1084
5
276
4
475
4
250
4
109
4
151
3
508
4
181
5
222
4
15
1
21
3
410
4
107
4
1079
3
123
1
455
4
740
4
9
4
257
2
591
3
121
2
125
1
864
1
118
1
225
1
284
4
1047
1
1028
2
840
2
473
3
476
1
405
1
763
5
411
2
1615
4
928
1
148
3
472
1
287
1
934
1
820
1
834
1
743
1
98
3
178
4
174
4
671
4
318
4
195
3
183
4
172
4
427
4
8
3
173
5
156
4
483
4
204
2
176
2
22
4
12
3
234
1
69
3
357
4
91
5
496
4
479
4
429
5
64
4
201
5
87
4
186
4
47
3
185
4
56
3
157
3
196
3
623
1
238
2
71
1
660
3
191
4
154
5
1540
2
65
4
208
4
153
4
210
4
421
1
132
5
198
4
482
4
584
4
96
2
1039
4
1073
2
184
3
436
4
504
4
1063
3
58
1
163
4
228
5
39
1
141
4
135
4
290
3
99
3
389
2
239
3
230
4
387
3
241
4
416
3
588
3
418
2
443
4
131
4
699
3
133
4
365
3
164
4
168
5
1116
4
406
2
378
2
179
5
143
3
1135
2
842
1
949
2
921
5
419
4
673
1
140
1
82
1
431
4
382
4
29
300
3
895
3
880
4
358
4
294
5
304
4
343
2
538
4
748
3
259
4
678
4
988
4
261
3
243
3
457
3
121
4
50
5
9
4
127
5
148
4
181
5
1
4
237
4
871
3
257
4
508
3
125
4
117
5
118
3
0
27
48
5
127
4
183
3
234
5
56
2
100
5
7
4
98
2
444
2
185
2
413
3
164
4
558
4
218
3
5
2
200
1
448
5
637
4
441
2
672
1
288
3
201
3
670
5
184
3
443
3
567
5
447
4
90
300
2
286
4
269
4
340
4
302
4
288
5
325
2
873
3
294
4
301
3
879
3
260
4
124
3
117
2
471
3
1
4
9
4
276
4
275
4
127
5
295
4
293
3
678
1
245
3
528
5
180
4
143
1
523
5
475
3
135
5
527
4
210
3
22
4
531
4
496
5
582
4
133
5
237
3
70
3
174
3
521
5
282
4
238
1
153
4
137
5
98
5
483
5
100
5
132
5
69
5
79
5
508
5
187
5
64
5
754
3
274
3
111
3
1040
2
934
4
318
5
215
3
357
5
191
5
601
5
176
4
526
5
15
5
949
5
371
5
14
5
597
3
121
1
405
3
930
2
827
3
831
1
118
3
546
2
1226
4
255
2
252
4
333
4
284
2
619
4
126
5
338
2
223
5
12
4
408
5
462
5
236
288
4
678
3
323
4
50
5
93
4
129
3
713
4
250
4
181
5
124
3
150
4
1199
3
477
4
7
4
24
5
127
4
273
4
123
3
117
4
293
5
15
5
628
4
475
4
118
4
756
3
100
5
471
4
111
4
508
4
282
4
222
3
845
4
717
3
237
4
1
5
121
4
284
4
1277
3
125
4
151
5
405
4
1010
3
844
4
546
4
473
4
596
4
25
5
825
5
148
3
236
3
298
4
924
5
472
4
1011
3
287
4
410
3
748
3
3
5
281
4
147
5
249
3
257
5
619
4
925
4
235
3
841
3
827
3
926
3
760
3
455
2
225
1
1047
2
103
3
685
3
294
2
108
1
919
2
591
3
11
5
64
5
806
5
8
2
507
4
1039
4
1055
4
418
5
966
5
71
5
99
4
491
4
200
5
498
4
435
4
154
3
588
5
132
5
176
5
963
5
98
5
215
4
191
5
568
4
421
4
468
4
427
4
95
4
419
4
531
5
172
5
1065
5
12
2
204
4
56
5
48
4
58
3
87
4
210
3
168
5
228
5
265
4
174
5
647
3
144
4
156
4
527
4
184
5
692
5
173
5
516
4
483
5
28
4
202
4
81
3
188
4
96
5
530
4
208
3
537
2
969
5
31
4
194
4
423
5
652
3
385
4
404
4
83
5
1149
4
186
5
746
5
393
4
97
5
216
5
684
3
178
5
82
5
214
4
157
4
209
4
651
4
203
5
501
4
230
2
183
5
195
5
662
4
42
3
135
5
55
4
180
4
241
3
432
5
239
4
69
4
655
4
660
5
88
4
91
5
735
5
153
3
942
4
196
4
211
5
185
3
1518
4
187
4
197
3
549
4
161
4
68
5
175
4
79
3
959
5
234
4
238
4
729
4
428
3
939
4
451
3
22
5
1110
2
89
5
816
2
585
4
709
5
201
4
747
4
179
5
206
4
198
4
63
3
637
3
441
4
576
3
138
3
38
4
33
4
928
4
562
4
951
2
248
5
258
4
620
4
333
5
260
3
993
5
833
5
763
5
255
5
1016
3
313
5
749
4
307
4
326
4
1280
2
1151
3
1190
3
37
887
3
487
4
100
4
483
4
485
3
474
4
435
3
174
3
528
4
180
4
498
4
511
5
211
5
494
5
137
4
482
5
238
4
222
3
19
3
847
4
950
3
107
4
275
4
121
2
475
4
311
4
529
4
213
4
707
4
855
4
212
3
86
4
45
4
382
3
462
4
56
5
30
4
163
269
3
286
4
300
1
262
3
310
1
327
2
294
3
690
4
886
1
301
1
321
2
305
3
332
4
337
4
288
5
340
4
328
4
319
4
333
4
303
4
306
4
268
4
187
4
23
5
216
5
136
3
100
4
127
5
514
5
166
3
499
4
86
5
182
4
736
4
865
4
603
5
611
3
478
3
199
1
1204
2
56
5
848
4
9
4
489
5
50
1
427
4
238
5
275
5
168
1
134
3
98
5
509
1
517
4
59
5
132
2
507
3
1172
5
479
5
213
4
61
5
606
5
1124
4
234
5
318
4
357
5
483
4
276
2
207
5
694
3
157
1
163
1
133
4
480
3
64
4
126
1
607
5
753
5
196
5
655
5
22
4
469
3
961
4
197
5
673
4
185
5
1183
1
28
4
8
2
317
5
204
4
195
1
190
4
695
5
97
3
144
4
1063
5
69
4
419
4
490
4
193
4
549
4
443
5
1101
4
79
5
939
4
956
3
661
3
693
3
172
1
11
5
789
3
475
3
418
1
568
5
487
4
1009
4
131
4
1262
5
1115
4
4
3
42
5
150
3
215
3
742
4
93
4
421
5
65
5
44
4
265
3
25
4
174
3
699
5
461
4
111
1
1119
5
1039
5
462
4
70
4
448
5
508
4
1153
3
283
4
423
4
506
4
735
4
58
2
660
5
1221
2
162
3
1113
3
702
1
218
4
83
5
505
5
609
5
16
2
287
3
729
4
969
5
1281
4
76
4
658
3
92
3
28
313
5
258
3
288
2
285
5
287
5
147
1
15
5
125
4
294
2
750
4
304
5
319
1
877
5
908
1
352
1
259
1
538
1
878
1
894
1
901
1
243
1
948
1
890
1
314
1
408
5
1
1
1012
1
475
2
75
315
4
331
3
751
4
294
1
288
3
271
1
352
1
272
4
313
4
750
4
483
5
79
3
8
4
127
5
98
5
50
4
9
3
172
4
480
5
7
2
12
5
1
4
607
5
176
4
185
5
56
3
187
4
419
5
28
4
71
4
143
5
210
3
216
4
591
3
95
2
283
3
489
4
162
5
204
1
606
5
735
3
318
5
11
4
97
3
275
4
1558
3
477
2
699
2
484
3
51
5
505
4
317
3
195
3
70
4
378
5
508
3
568
4
133
4
705
3
755
5
516
3
423
4
427
5
135
3
183
4
582
4
203
4
153
5
276
4
527
4
485
5
402
5
117
4
673
4
66
3
0
27
300
4
322
3
259
3
243
2
878
2
15
4
237
3
117
4
924
5
275
5
1060
4
864
4
926
2
100
4
9
3
1
4
7
3
477
2
25
3
118
3
476
3
147
4
1063
5
127
2
480
4
202
2
604
4
0
39
288
2
289
2
546
1
1142
3
9
4
1
5
14
3
508
4
100
5
1009
3
255
5
293
3
126
4
7
2
237
2
276
4
279
3
458
4
281
3
147
5
117
3
25
1
535
2
121
4
472
3
410
3
235
5
287
3
476
3
294
4
286
2
405
2
1134
2
122
3
871
2
756
4
841
2
717
4
411
3
103
302
4
269
4
286
4
303
5
937
2
306
4
262
4
319
4
332
2
294
3
300
4
259
1
271
2
683
1
268
4
289
2
886
2
325
2
678
1
988
1
275
4
170
4
475
4
179
4
638
5
190
3
582
3
707
3
462
4
213
5
283
4
14
5
529
5
855
4
1021
5
949
3
736
5
509
4
640
3
26
4
666
2
127
5
527
4
357
5
528
4
48
5
83
4
175
5
86
5
197
4
427
5
180
4
521
4
178
5
23
5
1065
4
187
5
519
5
644
4
199
5
160
3
135
4
69
4
518
4
792
4
215
4
423
5
100
3
1192
4
1128
1
526
4
523
5
632
5
97
4
191
5
28
4
87
4
192
5
22
4
735
3
699
3
631
4
237
4
660
4
708
2
387
3
70
4
238
3
517
5
209
5
216
4
435
5
168
5
514
5
428
5
208
4
153
4
194
5
211
5
72
2
13
4
629
4
732
4
0
108
294
1
242
3
313
1
345
1
269
1
1612
1
1316
1
302
4
288
1
1021
4
497
3
1019
4
443
4
515
3
174
1
868
4
531
2
74
5
134
3
1187
3
192
5
606
3
170
1
604
2
653
4
498
3
132
1
647
3
185
5
427
4
136
3
98
2
648
3
496
1
519
3
1073
3
480
4
607
4
429
3
631
2
238
3
89
4
475
1
615
3
423
1
855
3
582
4
488
4
175
4
644
4
183
4
447
4
179
4
646
4
357
4
656
4
611
4
320
5
7
3
100
4
675
4
56
1
200
5
671
4
558
3
436
3
184
1
234
3
218
2
854
1
547
1
201
1
637
3
217
1
448
3
17
1
559
1
219
4
674
3
53
1
569
1
672
3
396
1
573
4
667
2
444
4
670
1
859
3
446
2
452
1
441
3
860
1
565
4
774
1
669
1
440
4
413
1
164
1
453
1
145
1
635
4
424
1
668
4
590
1
767
3
563
1
567
2
816
1
0
89
750
3
331
4
333
2
302
4
313
5
307
2
326
2
258
5
346
3
350
3
328
1
300
5
294
1
332
4
245
4
879
4
327
3
117
5
515
1
50
4
127
4
273
4
181
4
298
5
295
4
293
3
257
3
121
5
405
3
1016
4
546
2
118
5
825
2
685
3
597
4
252
3
323
3
827
3
288
3
406
2
174
4
183
5
22
5
187
5
56
3
79
5
195
5
11
2
182
4
651
5
55
1
82
5
385
5
808
3
176
5
39
2
241
5
568
5
144
5
96
5
684
4
566
4
68
3
226
5
281
4
161
4
33
3
550
5
188
4
233
4
403
5
27
4
17
1
849
2
62
1
231
4
1231
2
363
2
391
3
578
4
809
1
720
4
29
1
554
3
665
5
576
4
1314
3
53
2
562
3
0
167
692
4
393
3
88
2
73
5
33
4
208
4
1118
3
780
4
72
2
367
3
4
4
585
4
451
1
746
4
94
2
790
4
384
3
944
5
80
4
721
4
386
3
383
2
940
3
401
1
1029
2
41
4
783
3
40
3
795
1
63
1
364
3
577
3
1036
1
183
4
55
5
79
5
96
5
385
5
176
3
568
5
184
3
82
5
231
4
233
3
161
3
38
3
53
4
62
4
241
4
578
5
541
4
576
2
398
2
554
4
391
3
810
3
540
3
200
4
559
5
561
4
567
3
769
3
542
2
624
5
419
4
432
4
584
5
71
3
143
2
588
3
420
4
418
3
755
3
417
3
501
3
625
4
142
3
91
3
172
5
174
3
173
4
50
5
8
5
181
5
87
5
28
4
404
3
301
4
271
5
748
4
879
4
299
1
100
5
1012
5
1
3
117
5
293
3
121
3
276
4
222
4
107
4
24
4
109
4
676
3
1016
4
1028
4
151
5
123
4
1047
3
825
3
235
3
147
3
249
5
1013
2
7
4
118
3
833
3
763
4
472
3
455
4
250
4
1093
4
410
4
257
5
25
4
122
2
240
4
546
3
926
3
423
4
67
4
273
4
125
4
735
4
395
4
95
4
68
4
1035
4
148
4
686
5
2
3
17
4
128
4
405
5
809
4
779
3
1228
3
154
5
722
4
3
5
1185
3
108
3
804
4
871
3
881
2
313
5
876
2
890
1
751
4
539
1
263
1
894
1
298
4
135
5
197
4
180
4
65
3
228
294
3
408
5
250
4
277
4
100
5
7
5
845
3
117
4
1
3
1216
4
24
4
249
5
240
3
248
4
742
3
125
3
257
3
276
4
283
4
280
3
127
5
298
4
109
5
284
1
15
4
993
4
685
2
405
4
833
4
121
1
111
4
1016
3
253
3
763
4
532
3
106
2
756
3
978
2
866
2
363
4
252
1
118
1
1079
2
472
3
597
5
105
3
934
2
977
2
519
3
165
5
195
5
79
5
168
4
69
4
181
5
185
3
144
5
56
5
855
3
184
5
511
4
156
5
199
5
83
5
482
3
22
4
427
4
705
3
588
4
207
5
496
4
28
3
153
4
1149
3
135
4
693
4
99
4
385
5
209
5
8
4
178
4
568
4
96
5
558
2
215
3
434
4
204
3
174
4
375
2
120
1
101
5
737
5
403
4
29
4
231
4
541
2
50
5
222
5
227
3
230
3
228
5
380
4
449
2
450
1
229
2
62
4
169
5
64
5
480
4
98
5
12
5
730
4
474
3
95
4
1039
5
31
3
198
4
1203
3
175
4
479
4
196
3
166
5
11
4
212
3
89
5
154
4
194
4
190
4
210
3
484
3
183
4
172
5
132
4
176
4
433
4
418
3
9
4
521
5
432
5
213
5
419
4
173
5
218
3
423
3
506
3
431
5
30
4
755
4
143
4
214
4
402
3
202
4
159
3
1181
4
226
4
157
4
162
3
47
3
233
4
66
3
501
3
70
3
581
4
404
3
86
4
46
4
721
4
1231
2
367
4
161
3
88
3
82
3
1552
2
142
3
578
4
797
2
722
3
206
1
550
4
553
3
674
2
809
2
625
3
4
4
72
3
1078
3
1060
3
217
4
1074
2
451
4
396
1
49
3
542
2
2
4
1406
3
80
3
67
1
679
3
808
3
739
2
780
4
90
4
781
3
719
2
1411
4
94
2
386
3
665
2
391
2
552
2
586
3
1207
2
1303
2
41
3
795
2
1419
2
577
2
395
2
725
3
364
1
373
1
1408
1
1407
1
1230
1
1228
1
3
1
769
1
949
3
0
121
258
4
286
5
327
4
271
3
333
4
340
3
288
4
268
4
321
4
690
4
748
3
294
3
245
3
328
4
301
3
881
3
300
4
323
2
678
3
879
3
886
4
876
3
260
2
1017
3
127
4
534
3
124
4
236
3
181
4
298
4
126
4
276
5
25
4
117
3
471
4
924
4
150
4
246
4
275
4
285
5
741
4
147
4
591
3
544
4
93
5
1114
4
50
5
919
4
1
4
100
5
137
4
7
4
250
4
14
5
293
4
111
3
763
3
405
4
508
4
742
4
125
3
473
3
546
3
1289
3
952
3
273
4
240
2
597
3
845
3
1010
4
870
4
121
3
235
4
410
4
815
3
237
4
864
3
108
3
628
4
477
3
475
4
1048
4
123
3
696
4
1120
4
257
3
411
4
15
4
1067
4
762
4
282
4
455
3
980
4
1059
1
249
3
24
3
1095
2
1089
2
619
3
1012
4
595
3
255
3
1047
3
122
3
3
3
866
3
1028
3
248
4
993
4
295
3
928
3
979
4
278
4
831
3
1016
3
824
2
833
4
346
3
302
4
272
5
313
5
0
32
286
5
302
4
288
3
294
3
258
4
324
4
988
1
948
1
289
1
748
2
333
1
292
1
332
3
268
4
270
2
879
1
327
4
682
3
330
3
264
1
266
1
680
1
681
1
336
1
328
1
243
1
358
1
323
1
678
1
313
5
272
5
923
5
181
258
4
288
3
690
5
271
5
300
4
328
4
358
3
245
4
318
5
92
4
11
4
100
5
199
5
135
4
510
4
197
5
215
1
205
5
521
2
523
4
193
5
180
5
12
4
1194
4
69
3
434
4
187
5
631
3
182
4
582
3
520
5
387
2
526
4
191
4
97
2
58
5
511
4
23
4
28
3
9
4
64
5
467
5
461
3
697
5
649
4
83
3
317
5
651
4
175
1
157
4
673
2
423
3
52
3
518
4
196
5
76
3
276
2
22
5
591
3
693
2
699
1
86
3
939
3
470
3
724
2
1134
1
123
3
77
2
284
2
713
2
47
2
125
2
237
4
1267
4
214
3
39
4
70
4
468
2
942
2
956
2
471
3
148
3
660
4
282
2
740
1
792
4
628
4
179
5
655
4
658
3
162
3
732
3
729
1
735
4
549
3
1135
3
581
3
239
3
528
4
403
2
1074
3
1136
4
27
3
26
3
458
3
949
2
51
5
402
3
941
3
289
2
1044
2
704
4
553
3
1478
3
144
2
177
5
176
5
7
5
79
3
89
5
435
5
174
3
530
3
172
3
273
4
183
5
96
3
188
4
210
3
117
3
184
4
4
2
82
4
56
2
566
3
568
2
55
4
228
4
195
4
947
3
684
4
636
4
161
2
431
4
232
3
685
3
578
3
233
2
385
2
227
3
2
3
550
1
720
2
121
3
226
1
62
4
230
4
33
1
17
2
241
4
546
3
68
4
679
3
405
3
810
3
665
3
229
2
1004
4
281
3
797
4
562
2
849
4
576
3
53
4
541
4
399
3
586
3
554
2
597
3
808
2
802
2
27
270
5
302
5
874
5
305
5
300
5
361
5
292
5
338
5
690
5
984
5
301
4
938
5
340
5
326
5
1025
5
330
5
288
5
333
5
242
5
1296
5
332
5
168
4
845
5
173
3
8
2
258
5
294
4
121
286
4
269
3
301
3
294
3
991
1
300
4
340
2
270
3
324
2
881
3
876
3
690
2
331
3
328
3
326
3
327
3
322
3
245
3
309
3
1038
3
886
3
984
3
332
4
880
4
292
4
333
4
258
4
319
4
307
5
288
4
268
5
271
4
1119
5
435
4
11
2
509
5
182
5
22
5
153
5
195
4
174
5
173
5
100
5
265
4
191
3
276
5
194
5
241
5
117
5
523
3
207
4
23
5
137
5
273
2
187
5
197
5
632
3
709
3
357
4
196
4
55
4
475
4
651
5
92
4
86
5
425
3
58
4
234
4
693
5
98
5
204
5
238
5
423
5
172
5
12
5
655
5
200
4
162
5
160
4
528
5
566
5
50
5
132
5
317
4
684
5
144
5
42
2
732
5
56
5
277
5
699
3
9
4
69
5
64
5
4
3
147
5
467
5
193
5
275
5
135
5
127
5
7
2
202
4
87
5
81
3
111
5
210
5
284
4
15
5
504
4
392
4
39
2
660
5
199
5
1109
4
416
4
223
5
658
4
463
4
381
4
729
4
108
300
4
310
3
294
4
288
4
258
3
895
4
322
3
323
4
243
2
988
2
687
3
325
3
264
2
127
2
50
3
9
2
7
4
100
3
250
1
181
3
298
5
15
3
255
5
25
2
222
4
1
4
273
5
117
5
282
3
237
5
121
4
295
4
118
4
125
3
845
3
871
2
742
5
471
4
111
5
597
4
257
3
409
3
546
3
476
5
411
4
276
1
975
4
932
2
819
3
280
2
866
3
477
4
1047
4
240
3
815
3
929
4
126
4
820
4
472
3
252
2
1197
3
278
4
412
1
1079
1
832
2
930
3
756
4
1023
4
1061
2
864
4
934
3
535
4
1040
4
595
5
717
3
620
4
120
4
983
3
12
4
71
3
496
3
1055
3
98
5
172
3
193
3
69
3
31
2
550
3
216
5
195
4
70
2
213
2
11
5
239
4
191
3
357
3
174
3
123
4
465
1
732
4
735
2
640
1
64
5
96
4
153
3
22
3
568
4
272
5
20
313
4
272
4
288
3
315
4
334
2
310
4
346
4
286
3
307
4
873
2
301
4
877
2
294
3
332
3
289
4
323
2
886
4
682
2
338
2
1527
2
118
318
5
357
4
183
4
432
3
12
5
95
5
7
3
181
5
196
3
133
4
172
5
228
3
485
4
98
4
588
2
203
3
134
5
168
4
79
5
69
4
22
4
156
3
150
2
64
5
275
3
475
3
100
3
191
5
655
3
234
3
201
4
182
3
202
4
194
4
144
4
176
3
276
2
174
5
188
4
55
2
96
5
419
4
684
5
82
4
468
3
11
4
1183
2
568
3
184
5
56
3
204
4
527
4
237
3
508
2
71
4
28
3
735
4
385
4
173
5
566
4
164
4
1
3
693
2
402
3
282
4
81
5
215
4
97
4
523
3
550
2
131
4
99
5
288
3
423
4
633
4
720
3
227
3
161
3
591
4
143
5
51
4
91
3
58
3
739
3
549
3
356
4
763
3
54
3
679
4
68
1
685
2
622
4
25
1
233
3
159
3
746
3
451
4
2
4
404
5
367
2
17
3
73
3
1028
2
470
4
845
4
609
3
186
5
483
5
705
5
510
5
50
5
132
5
195
5
210
5
651
5
480
5
877
1
258
4
58
288
2
289
3
300
4
328
4
317
3
654
3
98
4
1019
4
921
3
318
4
237
4
498
2
96
4
195
4
159
4
79
5
121
3
128
3
252
3
82
4
385
4
176
3
183
4
665
3
177
3
405
4
1132
2
147
4
71
3
410
2
322
3
148
1
117
3
56
2
50
4
276
3
871
3
333
3
958
3
97
3
143
4
45
3
94
4
110
3
778
2
939
4
5
3
1046
4
581
3
226
4
566
3
77
3
526
4
172
3
651
3
28
4
423
4
234
4
131
331
4
14
3
283
2
1084
2
408
3
150
3
275
3
100
4
137
3
741
3
1
3
285
4
124
3
1199
1
922
4
222
3
273
3
7
4
116
3
1067
4
221
1
596
3
129
4
126
3
118
4
1197
4
458
4
845
3
288
3
748
3
322
3
323
4
245
3
988
1
991
3
15
4
1028
3
471
4
544
3
591
4
117
4
546
4
696
4
685
4
473
2
676
4
1011
4
476
3
1048
3
21
2
1047
3
866
3
225
3
284
4
979
3
460
3
125
4
282
4
756
3
740
2
147
2
742
4
840
2
1284
3
717
4
1009
2
111
4
235
3
763
3
294
4
292
3
274
3
628
4
819
2
477
3
678
2
985
4
924
4
109
4
281
4
405
4
410
4
290
3
823
3
597
4
106
3
595
4
1008
2
933
3
1162
1
122
3
1335
2
932
3
1049
2
977
3
240
3
929
3
934
2
411
4
287
3
237
5
286
5
121
5
475
5
9
5
25
4
276
5
950
5
744
5
93
5
248
4
515
4
293
3
50
4
1142
3
127
5
690
3
864
3
302
5
325
1
919
2
547
4
13
4
760
3
762
3
508
4
333
4
340
4
300
3
313
5
258
4
34
269
5
301
3
302
4
294
3
262
5
307
4
331
4
268
5
682
2
333
5
323
3
874
3
873
3
327
5
328
3
748
2
875
2
358
1
688
2
879
3
886
4
1025
2
877
3
300
3
13
2
246
5
742
3
255
4
150
3
276
3
237
3
1
4
117
2
15
3
0
104
268
2
323
1
301
1
873
1
325
1
289
2
245
3
690
5
332
4
294
3
1233
5
333
3
338
4
286
5
322
3
300
3
328
4
50
4
408
5
1344
4
149
2
285
3
127
2
936
4
922
1
515
4
181
4
124
3
293
3
100
4
1
4
9
1
744
4
7
1
475
1
1226
2
275
3
847
3
273
3
405
1
282
3
508
2
1374
1
150
1
246
2
15
4
24
2
257
2
237
2
93
3
596
2
125
3
741
1
111
3
255
3
244
1
147
1
676
3
471
2
283
2
544
3
740
2
619
2
151
5
274
5
363
2
410
2
1060
2
117
2
1033
3
742
4
591
3
235
1
121
4
1244
1
13
1
595
3
1102
3
25
4
411
1
815
2
280
2
225
3
685
3
926
2
831
1
118
1
1011
1
829
2
833
1
148
3
1258
1
1284
1
546
1
1028
3
291
4
985
2
934
1
866
3
1051
2
931
1
460
2
717
3
535
2
67
183
4
50
4
515
4
89
4
510
3
187
2
172
4
181
5
195
4
435
3
222
4
22
5
127
2
144
5
176
3
174
5
228
3
82
2
96
4
385
5
29
2
449
2
121
4
117
4
188
3
554
3
550
5
403
3
455
3
636
3
431
4
229
1
4
4
265
5
128
3
241
3
226
5
230
5
227
2
679
3
472
3
161
4
62
3
685
4
405
3
118
3
450
1
511
3
210
4
100
3
504
2
98
3
185
5
234
4
514
2
430
5
168
4
194
3
410
4
211
4
175
4
238
4
202
3
153
3
186
5
204
5
523
4
0
108
790
4
11
4
12
5
496
4
382
4
56
5
180
5
170
5
474
4
134
5
770
4
64
5
47
4
81
5
175
5
55
5
461
4
169
5
182
5
318
5
204
5
91
4
4
4
85
5
70
4
941
5
580
5
209
5
189
5
693
5
663
5
201
4
96
5
53
4
239
5
357
5
214
5
1073
5
428
5
66
4
42
5
202
5
231
5
68
4
233
4
22
4
540
3
161
4
195
4
79
5
92
4
684
4
2
4
385
5
566
4
568
4
226
5
38
4
720
3
578
3
62
3
761
5
33
3
550
4
391
3
373
3
802
3
591
4
304
4
210
5
174
5
1067
4
750
5
751
4
347
3
346
4
342
5
301
2
338
5
689
4
336
3
315
5
168
5
173
5
732
4
778
4
1054
1
919
5
14
4
249
4
150
4
151
4
952
4
1016
3
1010
3
126
4
827
3
1244
3
1258
3
926
3
369
3
269
5
302
5
186
5
354
4
313
5
184
5
1228
4
40
258
3
303
3
268
4
270
3
305
5
301
4
336
3
338
3
285
5
198
5
514
4
134
5
657
4
83
4
427
4
432
5
865
5
192
4
50
3
513
5
528
4
59
4
434
4
969
4
483
5
497
5
124
4
484
5
242
5
1194
3
558
5
496
2
1039
4
511
5
64
4
203
4
89
4
23
5
209
4
30
4
311
258
3
294
5
748
5
463
3
136
3
22
4
82
5
15
5
173
5
1000
3
318
2
432
2
97
4
99
2
1503
2
64
5
746
3
423
3
651
4
385
5
153
3
204
4
485
5
1039
5
69
5
56
4
195
3
186
5
742
5
143
5
216
3
755
3
1126
1
496
4
378
3
419
4
1
5
357
2
729
3
118
3
131
3
125
4
132
3
83
5
28
5
8
5
234
1
969
2
181
5
501
2
1063
3
66
5
402
4
921
5
102
5
443
2
44
3
237
5
91
4
625
3
1219
4
465
4
288
1
596
5
148
5
395
5
1078
5
50
5
172
5
166
5
165
4
249
5
609
3
756
5
559
5
53
2
259
5
21
5
41
3
926
5
732
4
1028
4
73
4
4
3
959
5
451
5
801
3
949
1
411
5
393
5
871
3
367
5
932
5
1037
2
40
4
731
5
49
4
409
5
94
2
796
4
996
2
790
4
386
5
1079
5
864
3
944
5
410
1
90
4
783
4
1185
4
1425
2
235
2
1179
3
110
2
1178
3
725
4
63
3
369
2
722
3
571
3
240
3
934
2
585
5
401
4
1182
2
376
3
1209
3
1036
4
765
3
1509
2
780
5
1029
3
412
2
1049
3
1095
2
368
4
1047
3
122
2
1287
2
105
5
407
5
1054
3
1336
2
579
4
80
5
627
3
418
5
946
2
420
4
624
3
1066
3
422
3
1091
4
768
4
542
5
1076
2
568
4
68
3
720
5
2
4
931
4
405
3
233
4
679
2
147
4
541
5
597
4
472
5
1239
4
771
3
1181
2
391
4
96
5
121
5
1023
3
1011
3
202
3
174
5
210
5
584
4
769
5
168
5
554
4
252
5
364
5
67
4
72
4
38
4
779
3
759
3
218
3
673
2
975
2
399
3
570
1
827
1
250
5
88
5
588
5
384
5
928
5
257
5
686
5
71
5
1014
5
208
5
95
5
477
5
473
1
117
4
728
4
366
4
375
1
58
3
135
3
191
4
1285
4
427
3
723
4
660
3
356
4
1224
4
1058
3
553
5
65
4
51
5
70
2
392
4
120
3
133
5
13
4
54
4
470
4
527
4
942
4
1053
3
313
5
29
5
403
4
254
4
231
3
398
2
575
3
156
1
462
4
812
4
416
5
89
2
794
4
468
3
951
3
1469
4
155
3
141
4
151
3
417
3
739
5
1473
4
622
4
699
5
560
4
1032
4
404
3
966
5
581
2
1531
3
140
3
1033
3
400
4
1133
3
447
4
552
4
142
4
139
1
444
1
1055
4
569
2
775
4
217
2
843
3
452
1
1311
3
1140
4
974
3
998
3
1415
4
1413
3
377
3
1152
5
940
2
565
4
577
4
1480
1
365
4
225
4
441
1
734
3
623
4
35
2
383
5
78
3
1146
1
726
2
138
4
1030
4
795
4
292
2
220
4
1136
4
955
3
826
5
0
42
258
4
300
5
333
3
307
4
294
4
308
4
326
5
330
4
748
4
328
4
873
4
243
4
289
1
322
5
323
4
1025
4
259
4
988
4
261
4
457
4
100
4
127
4
237
4
293
4
125
4
546
4
977
4
291
4
823
4
1610
3
181
4
50
4
1620
4
257
5
121
5
276
4
117
4
250
4
597
4
298
4
871
4
255
4
0
38
346
2
347
2
690
3
258
3
300
3
313
5
328
3
310
3
315
4
272
4
332
3
751
2
294
2
307
3
354
3
750
3
286
3
1022
4
1176
4
259
3
895
3
304
3
683
3
877
3
319
3
908
3
748
3
893
3
1237
3
349
2
678
3
880
3
288
3
682
3
323
3
352
1
892
2
1313
3
58
705
4
79
4
174
4
328
3
1014
3
588
4
490
4
631
4
748
4
294
3
326
3
405
4
250
3
15
4
147
4
298
3
403
4
231
4
29
4
554
4
568
4
77
4
82
4
402
4
88
4
72
4
255
4
993
4
22
5
357
5
173
5
177
5
197
5
300
4
1016
4
136
5
213
3
222
4
121
4
134
4
291
3
427
4
742
4
1047
4
71
4
496
4
202
4
604
4
196
4
73
5
237
3
1063
3
117
3
257
2
831
3
70
3
203
3
1263
3
297
286
1
275
5
50
5
181
5
929
4
1
5
7
3
742
5
14
2
222
5
117
2
619
3
740
4
249
3
676
2
864
3
458
2
596
3
109
5
295
4
250
4
24
3
477
3
288
4
125
2
121
5
471
4
455
3
290
3
546
4
291
3
25
2
240
2
748
3
111
5
685
5
827
3
405
4
473
3
472
3
825
4
220
3
928
4
13
3
235
4
820
2
930
3
831
1
107
4
118
4
763
2
411
2
1047
2
1028
2
1033
2
151
2
1244
3
406
3
1060
2
252
4
926
3
323
5
826
3
687
1
225
1
105
3
122
1
413
2
931
2
21
3
133
4
568
5
169
5
435
5
603
5
483
5
23
3
173
5
210
4
663
1
194
5
238
3
66
5
692
4
216
4
629
4
175
3
186
5
304
5
475
1
127
3
281
3
123
4
294
3
717
4
1258
2
368
2
678
3
756
2
1376
2
840
1
456
2
407
4
254
3
103
1
104
1
412
1
878
3
112
2
743
1
1337
3
520
4
172
5
176
4
191
5
143
4
500
5
204
5
474
4
429
4
385
5
498
3
71
3
454
3
526
3
178
4
144
4
98
4
195
5
199
4
234
5
95
3
318
3
179
4
423
4
484
5
183
5
662
3
152
5
185
5
96
5
479
4
432
5
184
5
180
1
527
4
211
4
1176
1
28
5
434
5
519
4
22
4
83
4
357
2
69
1
193
4
205
3
523
3
197
3
904
2
924
1
15
1
9
1
758
2
713
2
1626
1
203
1
507
1
615
4
505
4
208
5
79
5
215
2
510
5
497
4
230
5
514
2
496
4
633
3
265
4
1050
4
414
1
89
4
168
5
202
5
746
4
430
5
56
1
70
2
154
5
1110
3
153
4
4
1
393
4
502
5
49
2
88
4
33
1
72
4
428
2
47
2
367
3
377
3
17
2
728
2
781
4
63
4
399
4
722
3
67
4
1041
3
386
4
94
5
40
4
1271
4
585
3
384
4
726
3
90
3
1003
4
410
2
167
4
110
3
862
1
780
1
1092
1
1072
2
364
5
1030
2
575
3
997
1
1029
2
188
5
174
5
187
3
431
5
177
5
566
4
684
4
228
5
2
4
82
5
39
3
679
3
403
4
550
4
161
3
229
4
227
3
38
5
68
1
636
4
226
4
62
5
576
4
578
4
231
2
665
2
449
3
797
3
810
4
391
3
586
3
373
3
1228
3
29
2
554
4
809
3
675
2
443
2
218
3
637
2
164
4
674
3
5
4
200
2
436
5
635
2
671
3
448
3
447
5
559
2
219
4
569
3
145
4
217
2
444
3
563
5
561
2
452
3
565
3
564
1
816
1
379
1
769
1
441
3
298
2
0
0
21
286
4
294
1
302
5
332
3
292
2
127
4
285
4
116
2
515
5
276
4
683
3
269
5
242
5
306
5
268
2
327
4
690
3
995
1
301
3
322
3
309
1
22
333
4
288
2
294
2
307
4
300
4
879
3
301
1
748
3
538
4
286
3
259
2
245
4
328
4
323
3
984
2
282
4
275
4
257
2
96
4
699
5
395
3
125
2
270
294
2
333
5
748
5
127
5
187
4
83
5
746
5
56
5
55
3
455
3
174
5
79
4
172
3
182
3
50
5
195
5
511
4
89
5
183
3
181
4
11
2
176
3
96
4
188
5
566
5
385
4
228
4
161
4
684
5
686
2
22
5
523
4
531
5
69
4
87
4
197
3
175
2
97
3
357
4
15
3
318
4
509
4
521
4
160
3
239
5
180
5
164
3
98
2
234
3
156
4
100
4
431
4
840
4
685
3
121
4
1244
3
405
3
597
4
117
4
118
3
1012
4
763
1
411
2
756
1
111
2
410
1
1023
3
476
2
291
4
237
2
1
4
157
5
527
2
628
4
458
2
151
3
642
1
238
1
223
3
638
1
429
3
496
2
732
2
4
3
518
2
1101
2
135
5
28
4
216
3
7
2
152
2
193
4
200
4
125
2
502
2
265
4
204
4
154
3
153
2
367
3
448
4
64
4
226
3
144
3
407
1
930
4
819
3
132
3
179
4
211
1
136
1
492
4
474
4
191
5
510
2
210
4
143
3
205
1
213
2
482
2
480
4
199
4
194
3
517
1
659
1
973
2
82
4
631
2
177
3
76
3
214
3
70
2
198
4
403
2
402
1
520
3
227
3
1042
2
196
2
186
5
428
1
1046
1
233
3
163
4
81
1
693
1
436
1
62
3
356
1
526
3
202
3
101
3
658
2
42
2
737
1
2
1
692
2
702
3
674
3
380
3
423
2
371
1
619
3
1065
1
451
2
622
3
1206
3
88
3
416
1
232
2
393
2
790
2
54
3
708
2
944
2
1135
2
1136
2
219
1
722
1
581
1
573
1
77
3
386
1
366
2
1028
2
670
1
739
3
576
1
38
3
696
1
578
1
941
1
802
2
1444
3
63
2
755
2
1035
2
967
2
139
2
229
3
1139
3
765
1
1087
2
1267
1
546
2
1044
1
53
2
444
1
1183
1
1207
1
1231
2
1228
2
862
2
142
2
409
2
563
1
575
1
679
2
571
1
167
2
1132
1
779
1
94
2
572
2
290
3
585
2
1188
1
728
2
823
2
809
3
712
3
395
1
1133
2
1210
2
388
2
1478
2
145
2
449
3
620
3
1140
1
719
3
797
2
506
2
215
2
425
2
381
2
128
3
654
2
185
2
780
2
771
2
447
2
472
1
286
4
310
4
471
2
222
3
282
3
1014
2
248
3
328
4
984
4
258
3
293
3
742
3
508
3
225
1
1620
2
307
4
300
4
146
313
5
302
5
268
1
300
5
751
3
288
3
332
4
748
4
294
3
689
3
336
3
50
5
742
4
237
4
508
1
181
3
408
5
25
1
275
5
124
4
591
5
258
4
116
4
100
1
246
1
283
5
151
4
147
3
255
2
282
3
222
5
250
1
1
4
14
2
15
3
137
4
248
2
845
4
111
4
109
3
274
4
24
4
278
3
121
4
1283
1
1115
3
13
1
257
4
596
3
825
3
455
3
1016
4
276
1
249
5
405
4
546
4
1009
3
284
4
476
3
291
4
118
2
370
2
473
2
535
3
926
4
1014
3
252
2
1048
3
756
4
3
3
146
3
1165
1
173
5
746
3
969
5
95
4
318
5
189
4
496
4
79
5
169
5
143
5
22
5
385
4
265
5
218
2
117
4
195
4
210
5
168
4
12
5
56
4
963
4
431
4
153
4
423
4
216
4
238
4
11
4
558
3
87
4
8
5
223
4
172
4
660
5
114
5
1020
4
215
4
418
4
28
5
204
4
71
3
69
4
98
5
70
4
83
5
1035
4
66
4
174
5
97
3
317
4
468
4
736
5
196
5
154
3
588
4
82
5
597
4
4
4
81
2
735
4
239
4
638
4
568
4
739
4
381
3
821
3
144
5
367
4
720
4
54
3
785
4
1285
4
462
4
128
5
678
4
601
302
4
315
4
242
4
286
3
306
3
359
3
347
3
1022
3
301
2
900
3
995
3
328
2
1265
3
903
3
289
3
271
3
321
3
294
3
325
2
330
2
50
4
515
4
1143
3
935
3
1538
3
295
3
298
4
1016
3
1252
3
181
3
936
3
250
3
1380
4
1256
3
1082
3
1255
3
6
4
224
3
275
4
283
3
149
4
285
4
7
3
1097
3
129
3
1375
3
508
3
117
2
1356
3
124
3
1245
3
237
3
1171
3
125
2
741
3
591
3
13
3
1008
3
273
4
1319
3
458
3
236
3
845
2
1161
3
975
3
220
2
676
2
685
2
118
2
126
2
281
2
284
2
363
3
197
3
357
4
32
4
522
3
521
3
97
3
175
3
64
4
23
3
772
3
47
3
178
4
511
3
650
3
1108
3
1629
3
135
4
461
2
658
3
12
3
582
2
382
3
1169
3
960
3
28
3
1101
2
953
3
523
3
1400
3
867
4
708
3
193
3
11
2
190
3
26
3
735
3
81
3
1100
3
509
3
1045
3
160
3
558
4
1445
3
527
3
1136
2
58
3
724
3
744
2
1211
4
468
3
1135
3
57
3
469
3
1113
3
1641
3
1267
2
686
2
959
3
433
2
954
2
367
3
56
3
216
4
428
3
186
3
42
3
796
2
451
3
393
2
211
3
1167
3
781
1
1103
3
49
1
732
3
239
2
396
2
372
3
629
3
1061
2
476
2
1623
4
1630
3
1131
5
694
3
198
4
1506
3
1266
3
1121
3
529
4
1099
3
855
3
958
3
1535
3
1462
3
1149
3
1560
2
584
3
55
2
79
5
82
2
228
3
144
3
568
3
385
3
825
2
449
3
128
3
226
3
161
2
391
2
53
2
930
2
38
2
405
2
183
4
176
2
656
3
773
3
164
2
185
4
443
4
670
3
800
2
378
1
156
2
642
3
1208
3
77
3
619
3
54
2
594
3
1046
3
356
3
717
1
1090
3
728
2
402
2
794
1
553
2
722
1
764
1
1173
2
134
4
1635
3
610
4
899
2
337
2
1257
3
1278
2
1232
3
707
3
19
2
98
4
48
4
191
4
895
3
1147
3
1128
3
1018
3
288
3
750
2
1514
2
333
2
215
2
1465
2
786
2
559
2
1069
1
631
4
531
4
1636
4
528
5
603
4
1118
3
904
5
200
4
962
5
311
3
318
4
155
4
698
4
192
3
276
4
345
3
639
3
24
3
209
3
238
3
1111
3
223
3
882
3
789
3
1248
3
939
3
1098
3
310
3
684
3
195
3
863
3
1344
3
257
3
246
3
512
3
1070
4
712
3
543
3
654
3
268
3
605
3
317
3
644
3
645
3
1197
3
1155
3
1311
3
1194
5
1005
4
896
4
249
3
466
3
1516
3
921
3
381
3
1140
3
70
2
1029
1
1479
2
726
2
972
3
611
3
1112
2
945
2
729
2
300
3
715
3
87
3
203
3
69
3
1532
2
116
2
581
2
974
2
172
4
502
4
1010
3
204
3
159
3
702
2
265
3
8
3
255
3
1153
3
1388
3
1193
3
1475
3
860
3
425
3
212
3
966
3
690
2
65
2
1284
2
578
2
1638
3
537
3
1053
1
574
2
1213
2
1490
2
1529
2
785
2
1407
2
547
4
1378
3
143
4
291
3
700
3
1501
3
31
3
806
3
632
3
170
3
1448
3
880
2
1009
2
464
3
1585
4
46
4
1288
3
520
3
674
3
607
4
673
3
498
3
692
3
1421
3
218
3
1174
3
503
3
734
3
516
2
122
2
1322
2
171
2
5
2
1042
2
153
2
111
2
467
3
775
2
865
4
305
4
1044
3
831
2
651
4
927
3
59
4
60
3
61
3
44
2
132
3
157
3
25
3
1643
5
20
3
371
3
233
3
1041
3
950
3
1017
3
1134
3
471
3
4
2
550
2
51
2
1554
2
782
3
1639
4
536
3
165
3
411
3
1233
3
205
3
240
3
1067
2
699
2
293
4
89
4
514
5
504
5
1578
3
1192
4
214
3
723
3
1
2
270
4
258
2
222
2
86
4
1062
3
887
3
1024
3
844
4
96
3
256
3
121
3
1011
3
533
2
202
2
500
2
572
2
815
2
475
3
423
3
534
2
1195
3
1607
3
1395
3
753
3
955
3
435
2
344
4
1553
4
1634
2
133
4
127
5
182
4
303
4
297
4
479
4
100
3
733
3
2
3
272
3
162
3
1368
5
655
3
313
4
889
3
1600
3
805
2
1644
1
187
5
1012
3
1086
3
803
3
481
2
1426
2
22
2
612
3
320
5
174
3
813
3
43
3
280
2
252
2
919
2
210
3
1418
4
30
5
1640
3
1436
2
740
3
234
3
167
4
346
4
326
2
188
3
269
3
1137
3
1238
2
274
3
1473
3
731
3
1063
3
213
4
1642
4
296
4
262
5
1176
4
448
4
751
3
462
3
1141
3
93
3
636
3
963
3
1144
3
709
3
660
2
304
2
716
2
1499
3
196
3
736
3
923
3
483
4
327
3
1631
4
15
3
961
3
1632
3
248
2
823
2
21
2
1605
3
875
3
1160
3
942
4
1379
3
319
3
872
3
727
2
535
2
36
2
640
2
282
3
279
3
649
3
662
2
761
2
1628
2
417
2
518
2
793
3
179
4
208
3
1107
4
1084
3
742
3
647
3
474
3
507
4
1403
3
454
3
76
3
447
4
1085
2
906
2
150
3
979
3
207
3
566
3
576
2
1158
3
332
3
874
4
762
2
1637
3
1071
2
375
2
604
4
1196
3
1406
3
340
3
980
2
1273
2
251
3
27
3
18
3
693
3
480
4
387
3
1198
3
1186
3
956
3
1351
3
0
29
302
2
340
4
301
3
300
2
690
4
286
4
269
5
346
4
294
5
327
1
258
2
873
3
475
4
508
4
7
3
1
3
922
4
9
4
111
5
455
1
273
3
744
4
282
3
151
4
109
1
1009
4
117
4
118
1
628
3
71
515
5
100
4
24
3
276
4
137
3
1079
2
9
4
235
2
1
4
181
3
408
5
127
5
257
4
718
3
844
3
475
4
129
3
50
4
477
3
919
2
628
3
117
4
7
4
471
4
458
3
952
2
182
5
467
4
171
4
22
4
772
3
98
4
510
3
45
5
527
5
429
4
32
3
8
5
96
4
518
4
86
4
42
4
201
3
960
4
511
4
169
5
192
4
433
4
603
4
1101
4
730
3
69
4
530
4
724
3
654
4
212
3
195
3
923
3
55
4
31
3
56
5
168
3
735
3
198
5
178
5
70
3
943
3
318
4
488
4
273
4
151
5
0
0
118
258
4
222
3
647
4
514
3
135
5
174
5
185
5
178
4
69
4
209
4
531
4
140
3
161
4
657
4
615
4
189
4
318
5
50
5
28
5
165
5
197
4
64
4
179
4
357
4
173
4
408
5
71
4
210
5
496
5
181
5
96
4
215
3
566
4
480
5
238
4
427
4
8
5
433
5
1
5
228
5
180
5
144
5
972
3
194
5
428
4
423
4
603
3
48
4
199
5
707
5
52
4
70
4
168
5
515
5
169
5
31
3
1035
3
498
5
204
5
216
5
183
4
527
4
86
4
200
3
443
4
218
3
219
2
164
4
145
1
665
3
436
4
573
3
95
5
501
4
418
4
172
5
294
4
300
3
118
4
255
3
756
3
762
2
471
4
274
4
237
4
121
2
313
4
304
2
538
3
751
4
676
4
117
4
298
3
249
3
280
3
709
4
132
5
131
3
425
4
79
5
631
3
1045
3
506
3
58
4
192
4
684
3
175
2
97
4
727
4
166
5
191
4
230
4
89
5
195
5
196
3
170
4
652
2
568
4
23
286
3
319
3
276
3
591
4
1342
4
50
3
10
4
813
3
13
4
1511
4
291
2
1652
3
1380
2
285
5
1381
5
268
5
515
4
6
5
93
5
985
4
275
4
246
5
100
5
0
166
286
4
268
3
302
4
319
4
306
4
326
2
678
2
328
3
179
4
197
4
223
4
509
4
191
3
528
5
531
2
100
5
513
4
427
4
276
5
285
5
192
4
655
3
518
4
469
3
81
5
64
4
664
4
792
4
180
4
222
3
137
3
182
4
187
5
175
4
12
5
160
3
22
2
157
3
83
4
425
3
92
4
1101
3
237
2
127
5
649
4
582
1
318
5
47
4
708
4
631
4
778
3
58
4
215
4
732
3
149
3
97
3
69
3
724
3
715
3
660
3
52
5
162
4
56
4
154
5
173
4
516
5
433
3
663
4
209
4
194
4
522
3
702
4
186
5
153
4
367
3
1098
3
4
4
514
5
321
3
98
4
228
4
183
3
176
4
659
5
603
5
504
4
466
4
79
4
234
3
642
4
717
1
1109
4
31
4
684
4
53
3
525
4
118
3
450
3
654
5
229
3
636
3
77
3
566
4
431
2
770
4
121
3
230
3
54
3
203
4
657
5
356
3
673
3
227
3
449
2
1090
1
159
3
156
4
494
5
210
4
172
5
196
4
479
5
1
4
71
4
627
1
529
4
95
4
212
4
482
5
805
5
845
2
496
5
478
5
45
4
50
5
414
5
168
4
484
5
611
5
73
2
14
4
7
3
480
5
152
3
483
4
458
3
481
5
462
4
151
4
169
5
132
4
588
3
89
5
57
4
497
3
70
3
134
5
764
4
735
4
705
4
174
5
408
5
96
3
202
4
317
3
692
3
142
286
4
346
2
319
4
294
2
328
4
271
2
748
4
301
4
538
4
687
2
475
3
100
3
274
3
50
4
762
4
121
2
1
4
685
2
287
4
117
4
111
4
249
5
815
4
9
4
255
4
7
4
237
3
15
4
866
3
222
3
742
4
293
4
508
2
126
4
597
3
473
4
151
3
147
4
282
4
535
4
476
4
1028
4
410
3
924
4
833
3
763
4
472
3
411
4
240
5
24
3
405
3
125
4
926
3
546
2
1047
1
1315
4
1040
4
620
3
1132
2
456
4
369
4
105
2
931
3
181
4
1009
4
471
3
248
4
1048
4
343
3
1283
3
298
3
307
3
127
4
845
4
109
4
1061
4
257
3
756
3
427
5
188
4
191
3
143
4
69
5
239
3
65
4
172
4
186
4
134
4
98
4
417
3
234
3
483
4
216
4
566
2
200
4
210
4
79
3
96
3
33
2
71
4
183
4
357
4
432
4
154
3
196
4
185
4
496
3
378
3
684
3
1225
2
12
4
97
2
177
3
699
4
631
2
421
4
88
3
423
4
418
4
56
5
202
3
194
3
157
3
265
3
133
3
588
4
156
5
721
3
238
4
195
3
527
3
31
3
215
2
135
4
214
4
660
4
89
4
393
3
92
4
419
4
313
4
315
4
245
300
3
270
3
245
3
301
4
258
4
302
5
339
4
288
3
331
4
333
3
264
3
319
4
286
5
294
3
56
4
191
4
963
3
172
3
204
3
656
4
176
4
504
4
213
4
64
4
511
4
653
4
496
4
959
4
89
4
484
4
651
5
69
3
203
4
183
5
318
5
48
4
127
5
646
3
209
4
519
4
492
4
506
5
493
5
173
4
616
3
527
4
265
3
613
5
514
4
179
5
474
5
530
3
234
3
12
4
513
4
46
4
194
3
516
5
483
5
381
3
28
3
423
3
98
4
427
4
654
5
211
4
429
5
510
4
663
4
650
5
91
3
187
5
432
3
133
3
647
5
428
3
655
4
32
4
185
4
525
4
23
4
208
3
202
5
1266
5
210
2
92
3
182
4
70
4
505
4
478
4
357
4
205
3
520
3
135
4
499
4
180
4
638
3
181
2
517
4
607
4
174
3
642
5
186
2
430
4
1451
3
238
4
192
4
582
4
216
3
657
4
479
4
97
4
206
4
132
4
604
3
1021
5
498
5
661
4
856
5
310
5
515
5
236
4
116
4
129
4
273
3
293
3
100
4
7
4
237
3
124
3
471
4
255
4
137
4
222
3
410
2
50
3
282
3
864
3
284
3
111
3
13
4
25
3
924
2
151
2
866
2
121
3
591
2
248
3
546
4
291
3
147
3
744
3
405
2
257
3
544
4
122
2
1011
4
742
3
760
3
696
3
370
2
831
2
1047
3
118
3
974
4
108
3
1132
3
106
2
1013
3
153
4
707
5
223
3
709
4
144
3
523
4
82
3
489
4
81
4
729
4
199
5
168
4
195
3
962
3
494
4
1110
3
1098
4
11
4
644
3
4
5
640
4
31
3
566
3
269
5
188
5
177
3
175
4
1474
3
1154
3
134
5
518
4
163
3
1071
3
507
3
193
4
960
4
502
3
945
4
169
4
435
4
79
3
114
4
603
4
1045
4
482
4
632
4
385
3
684
4
480
4
143
2
467
4
662
3
660
4
529
5
197
4
196
3
96
3
855
4
699
3
636
4
1170
4
811
4
805
4
5
2
200
5
26
3
692
3
433
3
66
4
436
3
956
4
443
4
162
4
154
3
792
4
649
3
0
37
286
4
300
4
269
5
302
5
340
4
307
4
271
4
538
5
328
4
258
2
289
2
882
3
333
3
358
3
311
4
13
4
323
4
993
4
596
3
137
3
475
4
257
3
283
5
231
2
403
4
29
3
124
3
367
5
50
5
210
5
69
1
97
2
554
3
82
4
252
2
896
4
288
4
0
46
245
4
949
2
603
5
168
3
199
4
135
3
519
5
615
3
659
5
515
2
195
4
657
5
222
4
705
5
1299
4
485
5
419
4
480
5
1099
3
83
3
651
4
969
2
474
3
96
5
611
5
417
4
650
2
15
4
483
5
482
5
945
4
511
4
144
4
228
5
174
4
521
4
606
4
484
5
161
2
232
3
175
2
479
5
8
4
186
4
98
2
191
4
124
748
3
258
5
327
1
50
5
181
5
7
5
257
5
841
2
250
5
298
4
117
3
121
4
118
5
273
4
12
5
79
2
56
1
176
2
591
3
31
2
222
1
431
2
1109
2
123
5
17
4
684
3
234
4
55
3
233
4
23
4
1217
4
770
2
98
4
226
3
1073
3
925
3
356
3
33
5
5
2
159
5
504
4
628
3
288
5
1491
1
443
3
583
3
53
3
654
3
581
2
986
2
54
3
742
5
203
3
452
4
566
4
379
3
22
4
550
3
89
5
511
3
526
2
182
4
174
5
241
5
96
5
144
4
568
5
82
4
11
4
172
5
195
5
947
3
177
4
455
4
184
3
385
5
510
3
161
5
68
3
1597
1
210
5
2
4
576
5
405
3
4
5
188
2
685
5
147
1
265
3
38
5
231
3
720
3
29
3
27
3
679
3
849
3
810
2
546
5
1222
3
1215
3
597
4
686
3
838
3
562
5
1303
3
578
3
554
4
802
3
472
5
570
3
62
5
1239
3
779
3
88
4
553
5
237
5
451
4
201
3
204
5
864
3
66
5
559
4
219
3
255
5
29
269
3
301
4
321
4
874
4
127
4
280
2
220
2
50
3
237
2
515
5
124
3
15
3
275
5
181
3
109
4
281
3
815
4
1028
4
284
4
25
5
931
1
756
2
864
3
255
2
225
2
1190
2
476
5
1061
4
1023
2
35
269
4
272
5
315
5
300
3
313
4
302
3
750
5
258
2
340
5
268
1
310
5
347
4
898
3
328
4
307
3
321
3
896
5
294
4
344
5
303
5
292
4
311
4
327
4
345
4
288
4
326
4
895
3
301
3
322
4
242
4
323
2
286
4
12
4
528
5
79
5
41
294
4
288
3
300
3
304
3
315
3
313
5
751
3
292
4
245
4
678
3
50
4
15
4
181
4
257
4
742
5
125
5
127
5
1
4
763
5
222
3
405
4
117
5
685
3
121
4
827
4
323
3
255
4
25
4
1620
4
866
5
118
3
929
3
597
3
410
3
252
2
539
1
289
2
282
5
151
2
111
5
1197
3
0
0
8
288
5
307
5
294
5
323
4
322
4
245
5
908
4
358
5
28
332
4
300
4
111
4
924
2
287
3
285
3
15
3
181
3
50
4
275
2
100
5
298
3
515
4
127
5
742
4
1115
3
14
3
147
4
1
5
277
3
25
2
237
3
1129
1
7
4
282
3
276
5
117
4
222
3
62
288
4
286
5
327
4
294
1
322
3
268
4
748
4
751
5
249
3
484
4
154
4
83
5
28
5
50
5
172
5
357
5
318
5
174
3
8
2
169
3
153
2
173
5
527
4
483
5
520
4
64
4
223
5
100
3
423
3
143
2
531
4
204
3
181
5
97
3
70
4
132
4
710
4
56
4
222
4
184
4
419
3
432
4
168
5
42
4
196
4
721
3
69
4
1
3
95
3
111
3
290
2
588
3
291
4
727
4
215
3
73
4
241
3
416
3
568
2
121
2
109
3
63
3
38
286
4
269
4
242
4
294
4
9
4
195
4
318
5
169
5
203
3
517
4
98
4
143
4
1
4
408
5
121
3
515
4
25
4
50
5
137
4
7
5
15
3
285
5
14
5
150
5
276
5
151
5
1012
3
1089
2
100
3
273
3
24
4
845
4
20
4
257
4
248
4
274
3
815
3
117
4
22
286
5
270
1
750
5
898
4
1176
4
258
1
538
3
310
3
304
3
1394
5
1105
3
894
1
690
4
990
4
539
4
288
1
328
3
682
1
259
2
292
4
294
5
289
5
399
748
3
258
3
678
1
288
4
294
3
245
3
323
2
948
2
243
1
12
5
28
3
357
3
192
3
180
3
83
3
127
5
100
3
64
5
223
1
673
3
11
4
76
3
124
2
276
3
591
3
651
4
9
3
318
4
527
3
215
4
191
3
150
4
509
2
87
5
187
5
48
4
175
3
1221
3
942
2
1410
3
518
4
237
3
291
1
467
3
628
4
658
4
317
4
549
3
70
4
65
3
239
3
81
3
157
4
135
4
380
4
1039
4
471
3
713
3
693
3
1440
2
77
3
97
4
583
2
924
5
735
4
58
3
179
4
553
3
1267
3
54
4
470
5
51
5
546
3
732
3
280
3
808
4
1045
3
1074
4
403
3
697
4
582
1
922
3
556
2
468
5
1153
3
47
1
660
2
1107
2
1232
2
366
4
1655
2
772
4
631
3
581
2
570
2
724
4
356
3
1011
4
26
3
365
3
378
3
39
4
696
4
941
4
1135
2
729
3
1311
3
723
1
737
3
708
3
27
3
1220
4
1428
3
205
3
1084
2
75
4
86
2
362
2
333
4
268
5
271
4
327
3
300
2
346
2
332
4
328
3
299
4
339
2
895
4
352
1
259
3
358
3
351
4
683
2
263
1
890
2
50
5
181
5
298
4
248
3
246
5
257
2
255
3
249
3
1016
2
1012
4
252
3
1089
2
687
2
254
2
991
2
721
4
42
5
92
5
56
4
3
3
69
4
423
5
156
5
692
3
619
3
1478
3
379
4
566
3
558
1
184
4
201
4
1188
3
232
3
53
2
1019
5
655
5
222
4
520
4
190
4
22
5
686
4
23
4
284
4
742
3
282
4
1067
3
659
1
98
4
657
4
183
3
185
4
79
4
31
3
234
3
55
4
684
3
654
4
121
4
5
3
431
4
1046
3
273
4
281
3
233
2
943
3
33
4
265
3
17
3
148
3
229
4
925
3
228
4
226
3
443
3
218
3
552
3
164
3
159
3
802
2
1090
2
1217
3
761
4
977
3
717
3
573
4
554
3
572
4
38
3
325
4
176
4
876
3
881
3
540
2
783
2
173
4
216
4
209
3
168
5
204
3
710
3
186
4
202
4
746
3
153
3
475
3
154
5
109
3
238
3
72
3
433
3
1048
3
25
4
108
3
73
5
4
3
88
4
240
4
762
3
451
3
1118
3
393
4
410
3
66
3
274
4
111
3
804
3
763
4
1225
4
367
3
80
1
959
4
1047
3
163
3
781
2
235
1
8
3
85
3
455
4
1178
1
940
2
412
1
824
1
801
3
1132
3
1437
2
386
2
790
3
756
2
999
2
775
1
719
2
932
1
94
3
1305
3
862
1
738
3
585
4
728
3
41
3
384
2
944
3
722
4
716
2
476
1
1093
3
167
2
866
2
21
4
49
3
780
3
290
1
122
3
833
1
158
2
401
1
211
4
210
4
188
4
172
5
89
4
195
4
144
3
7
4
117
4
385
3
405
2
685
3
2
3
241
4
550
2
82
4
62
3
161
3
68
5
568
3
578
3
128
4
24
4
541
3
399
4
1231
2
231
1
363
2
823
2
797
2
1303
2
597
1
29
2
720
4
849
2
472
3
1228
1
562
2
586
1
779
3
576
4
809
2
559
4
447
2
219
2
672
2
774
4
769
2
834
3
551
2
465
3
419
3
1
4
420
3
151
5
143
3
71
5
946
4
625
3
627
4
1035
3
542
2
623
3
1091
3
820
3
293
4
15
4
67
4
217
4
427
4
196
5
95
5
174
4
765
4
182
4
272
5
147
1
752
4
125
4
96
4
250
4
1222
3
1028
3
1079
3
395
3
806
3
699
3
304
1
0
86
121
3
100
4
151
3
408
5
742
4
50
4
1
4
1028
4
181
4
117
4
934
3
237
5
282
4
225
3
756
4
411
3
1283
3
217
2
520
4
710
5
48
4
215
5
252
4
82
5
204
4
172
5
596
3
147
2
218
1
763
2
924
2
248
3
692
4
371
2
483
5
386
3
402
3
202
4
265
4
210
3
238
3
477
5
38
3
15
5
365
4
274
2
64
4
98
4
1301
3
625
3
161
3
111
4
178
4
118
4
553
4
158
3
409
3
208
3
168
4
173
3
8
5
83
5
435
3
216
3
732
4
716
2
393
4
88
4
70
4
66
4
381
2
186
4
63
4
73
4
239
4
67
3
94
3
781
3
728
2
395
2
49
4
376
3
585
2
722
2
401
3
734
3
20
286
1
872
2
333
1
288
2
334
1
886
1
327
2
289
2
991
1
269
3
302
3
319
2
340
2
325
3
873
2
337
2
324
3
882
3
875
3
299
2
71
327
5
299
5
48
5
172
4
205
5
22
5
134
5
192
5
474
5
651
5
176
3
50
4
187
5
127
5
89
4
357
5
209
5
265
4
185
5
504
5
514
5
12
5
435
5
197
5
179
5
318
5
174
4
11
4
969
5
28
4
180
5
56
5
182
5
427
5
806
5
79
4
198
5
2
3
542
1
194
5
588
4
518
5
204
4
99
5
317
5
98
5
425
5
214
5
234
4
178
5
521
5
430
4
451
4
97
2
173
5
603
5
26
5
654
5
191
5
170
5
168
5
527
3
23
5
64
5
480
5
208
5
135
5
528
5
467
5
1184
1
181
4
21
313
5
269
4
288
4
324
2
286
3
749
4
321
4
340
4
294
3
323
2
879
3
268
5
300
4
336
2
264
3
245
3
319
4
748
3
895
4
988
3
678
4
24
302
5
307
4
326
5
754
5
329
5
304
5
359
5
341
5
898
5
309
5
1127
5
288
5
682
5
339
5
332
5
1234
5
349
5
879
5
749
5
336
2
678
5
259
5
338
5
877
5
36
300
5
748
5
879
2
358
4
181
5
222
5
258
5
125
3
109
5
150
4
596
3
273
3
597
4
763
4
298
4
1
3
405
5
410
1
117
4
237
3
7
5
250
5
295
1
475
4
717
3
50
5
13
1
257
5
471
4
121
5
118
4
151
3
111
3
15
5
328
5
260
3
115
294
3
73
2
655
4
216
4
238
5
208
5
194
4
211
3
202
2
56
4
186
4
663
4
168
3
25
3
85
1
204
3
523
4
8
4
514
1
163
3
4
3
1118
1
629
1
153
5
428
1
239
2
746
2
763
4
72
2
210
3
66
3
435
5
393
4
167
2
781
2
88
4
232
4
274
3
80
3
1185
1
384
3
1041
3
63
3
158
4
67
4
94
4
1028
4
396
2
712
4
376
3
780
4
451
4
722
3
790
3
585
2
364
3
127
4
9
3
276
3
237
4
148
3
546
4
284
4
993
3
223
4
357
5
98
5
496
4
154
3
69
5
90
1
716
1
120
1
240
1
47
1
174
4
705
1
89
2
70
2
12
4
1
4
203
4
64
5
79
4
431
2
742
3
234
4
218
5
649
4
121
3
77
3
642
3
443
3
684
4
233
3
226
3
636
4
281
3
159
3
554
3
53
2
1042
4
1210
3
118
4
581
2
1207
3
1090
3
106
3
1273
3
197
4
747
3
402
3
794
3
51
3
739
3
32
294
4
748
4
304
3
243
1
322
3
56
4
631
4
604
5
79
5
496
5
500
3
227
4
524
5
672
1
692
5
603
5
50
4
64
5
1172
5
182
5
735
5
98
4
478
4
318
5
185
5
178
5
650
5
772
5
1
5
8
2
170
5
205
5
40
321
3
294
3
326
3
127
3
845
3
692
3
287
3
66
2
56
3
285
3
168
2
523
3
476
3
204
5
238
4
328
4
25
4
300
4
208
4
211
4
194
4
257
4
1
4
508
3
100
4
1012
1
1047
2
756
2
249
3
762
4
866
4
1028
3
410
5
1132
4
1040
2
411
4
1023
2
412
4
1054
3
763
3
154
258
4
333
3
300
2
273
3
9
3
127
4
12
4
318
4
193
4
521
5
423
3
64
3
191
2
23
4
357
5
11
4
197
3
527
3
48
5
28
2
178
5
180
3
69
3
187
3
650
3
39
3
942
2
508
2
523
4
192
2
582
2
58
3
222
2
135
4
196
2
651
3
697
4
655
3
97
5
662
4
282
4
632
5
471
3
1135
3
664
2
382
4
581
3
157
4
591
3
631
3
693
3
215
4
77
2
162
3
729
4
735
4
1311
1
660
3
628
4
403
2
1145
2
708
3
673
4
1232
2
130
1
649
2
546
1
98
4
56
4
176
2
183
2
185
5
504
5
79
4
234
2
939
4
230
2
654
3
742
3
449
2
684
3
229
2
218
4
566
2
636
1
159
4
121
2
1090
4
53
4
118
2
1248
3
281
3
977
3
1522
3
443
2
188
2
144
4
195
4
181
3
174
4
96
4
50
3
568
4
7
4
685
4
228
2
172
3
117
4
210
3
472
3
161
3
572
2
576
2
483
3
611
4
514
4
480
4
604
3
419
2
499
4
488
4
492
3
134
4
132
4
606
4
143
4
216
4
528
1
428
3
99
3
211
2
507
4
484
3
177
3
186
2
427
4
432
4
506
2
131
3
520
2
288
2
1136
3
509
3
88
3
378
2
199
3
402
3
855
2
25
4
272
4
313
5
298
3
289
3
291
3
157
300
4
9
5
641
4
520
5
498
5
357
5
484
4
195
4
530
5
1050
3
48
4
22
5
480
4
429
4
1269
5
121
5
98
5
614
4
177
5
673
4
510
5
200
4
205
5
423
5
88
4
161
4
135
5
495
4
434
5
174
5
1455
3
183
5
654
4
178
4
318
5
645
4
230
4
194
5
470
4
606
4
202
4
133
5
211
5
196
5
474
4
427
4
506
4
449
4
228
4
238
3
97
5
632
4
604
4
141
5
172
5
483
5
527
5
1126
5
603
4
432
4
143
4
605
4
1205
3
492
4
187
4
275
4
132
5
489
4
496
4
100
4
965
4
180
4
131
5
69
5
188
5
191
5
481
4
836
4
584
4
523
4
490
4
241
3
197
5
517
4
23
3
663
4
661
5
511
5
705
5
617
4
659
4
215
3
89
4
210
4
519
4
82
5
31
4
1035
4
1020
4
499
4
193
4
199
5
482
5
153
4
237
4
1028
3
699
4
648
5
435
4
204
4
692
4
665
4
229
4
203
4
582
4
528
3
1221
3
15
4
504
3
630
3
144
4
393
3
485
4
657
4
671
3
451
4
72
4
1263
3
176
5
468
4
660
3
226
3
28
4
526
5
448
3
1203
4
239
4
185
4
356
4
157
4
52
4
216
4
419
4
163
4
610
4
118
4
521
3
138
3
385
4
684
4
378
3
50
5
181
5
127
5
71
4
179
4
491
3
38
300
1
311
4
305
3
887
3
882
4
313
2
302
4
242
5
895
1
268
5
1024
5
286
3
270
4
682
1
333
2
324
2
346
5
991
5
319
5
354
4
328
3
989
3
903
4
340
4
307
4
301
3
288
4
343
4
260
4
995
4
289
2
312
3
264
1
338
2
748
1
358
5
323
2
678
4
29
305
4
315
5
347
1
286
5
1176
4
1062
4
302
5
344
5
313
3
310
4
899
3
906
3
311
5
307
5
327
4
689
1
883
4
245
4
748
1
312
4
523
5
427
5
178
4
234
4
1126
3
9
5
520
5
124
5
285
4
105
331
3
333
3
754
3
300
5
288
2
310
3
305
5
307
4
302
5
271
4
242
5
286
4
328
5
879
4
301
5
336
3
682
2
1025
2
881
2
1022
1
268
5
343
4
326
4
895
2
294
4
748
5
876
3
323
4
245
3
260
3
325
4
689
4
339
2
263
1
683
1
989
2
181
4
50
5
257
5
298
4
252
1
250
4
1089
3
254
2
123
5
628
4
222
4
129
5
591
4
928
3
979
5
118
3
975
1
742
3
121
4
595
4
150
5
283
5
455
4
1067
5
287
4
25
3
235
4
1059
2
763
4
818
4
833
3
1047
3
122
4
456
3
596
4
473
5
820
3
237
5
815
3
273
5
1
5
751
5
270
5
127
5
369
5
244
5
324
5
291
5
886
5
713
5
124
5
276
5
9
4
1245
1
125
3
282
4
277
5
107
5
284
5
126
5
280
3
546
4
225
3
986
1
295
3
7
5
246
5
1160
1
1012
1
127
258
3
751
3
300
4
330
4
307
4
294
4
988
1
50
5
127
4
257
3
181
3
515
4
255
3
194
4
89
4
357
4
195
4
135
3
190
5
434
4
96
4
499
3
498
4
275
4
513
2
134
3
705
4
222
4
507
4
526
2
173
5
10
4
210
5
496
3
83
5
168
3
529
5
625
3
423
2
603
4
204
2
606
2
613
5
478
4
176
4
490
3
707
2
486
4
1
4
433
4
183
3
28
2
187
2
131
4
663
1
435
3
659
3
1149
3
205
4
427
1
199
2
709
4
211
2
132
4
648
4
172
5
480
2
945
2
66
3
656
1
483
3
230
3
174
3
177
1
421
2
385
4
1063
2
95
3
191
2
482
2
662
2
175
3
198
2
228
3
497
3
485
4
481
3
419
3
487
2
86
2
143
3
588
4
1020
2
153
2
144
2
654
1
133
2
1021
1
525
1
855
2
512
4
491
2
511
2
465
3
505
2
431
1
1299
2
202
3
100
2
516
2
489
3
283
2
640
2
220
3
214
1
25
2
568
2
428
1
1115
2
9
3
284
1
968
1
404
1
479
2
22
1
607
2
121
2
139
288
3
294
3
127
3
111
3
50
3
14
3
151
3
181
3
225
3
9
2
455
3
933
3
1
3
235
3
7
2
1129
3
277
3
244
3
121
3
532
3
477
3
762
3
717
1
15
1
273
3
1010
3
405
3
100
4
221
4
129
4
137
4
124
4
19
4
475
4
1009
4
1375
3
479
3
98
4
523
2
482
2
185
4
70
4
202
3
495
3
23
4
211
1
234
3
191
3
95
3
206
3
224
3
1068
3
1143
3
13
4
678
3
283
4
544
4
109
3
1061
3
1643
3
760
3
24
3
1284
3
20
4
929
3
323
4
1060
3
685
3
324
4
977
2
243
2
471
3
1013
3
546
3
985
3
870
3
825
3
3
3
325
5
285
4
252
4
250
4
1163
5
118
4
1187
4
458
4
1328
4
117
4
370
3
275
3
16
3
748
2
322
3
991
3
308
4
878
3
321
3
286
3
271
3
304
4
683
3
1093
3
1011
4
591
2
930
2
473
3
1057
3
820
2
1028
2
456
1
309
3
298
4
246
4
258
5
319
3
989
4
147
2
10
4
222
3
1615
3
268
4
597
3
831
2
413
3
596
3
21
3
1033
4
828
3
112
3
1336
3
328
2
220
2
276
3
978
4
106
3
983
3
764
3
116
4
619
2
21
181
5
28
3
651
4
173
5
169
3
174
4
50
5
222
3
202
3
56
3
423
4
48
4
98
3
144
4
180
3
96
4
531
4
73
3
79
3
168
3
318
4
0
31
346
1
288
1
258
5
313
5
350
1
307
2
690
1
1127
2
352
1
300
3
538
4
271
1
895
1
294
1
748
2
683
1
751
4
259
3
879
1
289
2
687
1
343
2
688
1
228
5
230
4
380
4
229
4
227
4
222
5
449
3
450
1
47
258
4
288
4
300
4
294
2
748
3
323
2
328
3
259
1
322
3
7
4
275
4
127
5
100
4
25
3
222
4
628
4
1197
3
181
5
237
5
993
4
123
4
50
5
117
4
9
2
15
5
1
4
118
5
742
3
1012
4
471
4
235
1
764
2
926
4
864
2
596
3
819
2
458
3
276
3
293
4
257
5
1047
3
410
4
845
4
508
3
147
3
591
4
121
5
0
114
286
3
300
5
298
5
181
5
257
4
117
5
50
4
111
4
275
5
283
5
1
5
151
3
148
5
255
5
284
3
685
5
282
5
827
4
15
3
815
3
222
5
932
5
597
4
471
5
118
4
546
3
121
5
405
4
363
2
252
1
225
4
174
5
28
4
95
4
699
5
71
5
173
2
588
3
172
3
143
3
82
5
419
3
99
3
625
5
1544
4
755
5
393
4
416
3
1035
4
622
4
623
5
399
5
843
2
400
4
820
3
1043
5
94
4
377
4
862
1
8
3
423
2
627
3
142
2
560
2
144
3
22
5
210
5
183
2
226
3
79
5
96
5
526
3
161
5
2
3
568
5
550
2
566
4
89
2
195
2
230
4
385
4
684
3
228
3
241
4
576
4
265
5
233
3
403
4
229
3
720
5
227
4
62
5
554
2
231
3
849
3
373
3
29
5
826
4
38
5
1228
2
797
4
578
3
64
5
318
5
97
3
427
2
58
2
69
3
83
4
655
3
191
1
215
2
196
4
193
3
29
245
3
333
1
331
5
288
3
294
4
325
1
682
2
323
4
687
1
258
4
181
4
9
3
50
5
273
3
471
4
24
3
125
5
117
4
100
1
1
4
742
2
25
4
628
4
7
3
756
4
410
4
118
3
148
4
237
4
233
1176
2
286
5
303
3
294
2
1022
3
319
5
242
4
305
5
882
4
995
4
311
4
1251
4
251
5
9
5
1171
3
10
5
275
4
221
4
1174
5
285
5
287
4
151
4
293
4
100
5
936
4
124
4
224
4
137
5
15
4
718
5
536
3
1142
1
283
4
13
4
116
5
93
5
847
5
14
3
1061
3
676
4
1007
4
297
3
744
3
864
4
533
5
111
4
1008
3
220
2
815
2
952
3
1163
4
458
3
1281
4
473
4
866
2
1120
4
256
4
476
3
1257
2
1255
3
950
2
1381
3
1068
4
696
4
654
4
166
3
647
5
1101
4
191
5
527
5
318
5
309
2
269
4
310
4
302
4
345
5
903
3
347
5
248
4
6
3
279
3
478
4
8
5
606
4
1141
3
962
2
490
2
170
5
648
4
199
2
705
4
97
4
427
4
58
3
641
1
163
2
165
3
208
5
162
5
419
3
12
3
65
4
483
5
134
4
135
2
185
3
482
3
467
4
216
3
923
5
692
4
479
3
186
3
498
3
174
2
707
5
462
4
172
2
64
3
4
3
168
3
708
3
702
3
160
5
531
5
694
4
194
4
504
1
1109
5
86
4
1204
3
190
5
736
4
505
4
487
2
480
3
865
5
921
4
638
4
173
2
496
3
582
5
317
3
381
3
488
4
1642
5
200
2
81
2
863
4
1401
3
154
3
730
3
506
2
238
4
735
4
212
4
492
2
507
5
153
3
631
4
83
3
45
4
603
3
715
3
723
3
26
3
663
4
525
3
716
2
211
3
766
3
517
3
485
4
1021
3
792
4
956
5
660
5
197
4
778
3
732
4
420
3
140
2
382
3
949
3
443
3
703
4
133
2
1211
4
425
5
52
3
602
4
57
4
88
3
1628
5
529
4
70
3
526
1
770
3
632
4
499
4
640
2
371
3
811
4
630
3
1311
3
378
3
486
3
387
4
1479
5
799
4
614
2
747
3
739
2
1113
2
1168
3
953
4
167
2
719
3
1545
2
106
3
1107
3
782
3
618
3
1530
3
1018
3
155
3
712
3
449
2
313
2
1397
1
869
1
367
4
880
2
44
9
1
50
5
127
3
117
4
181
5
280
4
21
1
713
4
121
3
993
4
819
3
1
5
15
3
471
4
926
3
118
5
111
4
255
5
125
4
546
3
473
1
740
5
1047
2
535
2
25
3
762
5
405
4
276
2
764
4
112
1
278
4
281
4
1040
2
756
2
274
4
1049
2
1023
3
763
4
596
4
685
3
1054
3
412
1
1028
2
597
2
138
173
4
959
4
318
5
215
3
64
5
129
2
209
3
69
5
181
4
79
3
7
3
265
4
50
5
427
4
633
3
508
4
183
5
144
3
117
4
1218
4
98
4
192
4
651
4
423
3
182
4
97
5
515
4
65
2
214
1
628
3
470
3
939
4
693
4
294
3
250
4
273
4
125
4
1
4
295
3
293
4
187
5
127
5
282
5
11
5
234
5
1059
5
288
5
22
5
28
5
697
5
200
4
56
5
219
4
164
3
17
4
447
2
5
4
637
3
218
4
217
5
561
3
413
2
559
3
379
3
569
3
769
3
441
4
672
2
53
3
567
2
665
3
564
1
816
2
860
3
452
3
859
3
145
3
174
5
568
4
92
4
385
4
96
5
89
3
228
3
172
5
195
5
210
4
176
4
550
3
546
4
121
4
2
4
161
5
431
5
233
3
227
2
4
3
230
2
226
3
68
5
27
3
403
3
405
3
62
3
232
5
849
4
229
2
82
4
636
3
808
4
578
4
231
3
29
3
363
3
541
3
1188
4
576
4
554
4
38
3
825
2
540
3
472
4
833
4
118
5
597
4
841
4
747
2
762
3
451
1
739
3
727
2
781
3
728
4
402
3
155
2
738
1
203
4
823
3
86
286
4
310
3
269
3
294
3
302
4
258
2
303
4
874
3
268
4
334
2
343
3
333
3
340
4
271
3
300
3
327
3
301
3
886
3
264
2
335
1
330
3
299
3
887
2
134
5
12
4
720
3
504
4
357
4
418
3
173
3
483
5
318
4
1039
4
89
4
180
4
50
4
223
4
419
4
179
4
64
4
200
4
496
4
202
3
204
4
116
4
22
3
100
4
603
4
192
5
282
2
182
4
277
4
56
5
135
5
187
5
127
5
479
5
181
3
197
4
23
5
174
4
510
4
172
4
210
4
79
4
234
4
185
4
656
5
627
4
142
3
1
4
99
4
95
3
432
5
420
4
501
3
654
4
156
4
1019
4
751
3
313
4
198
4
1101
4
92
3
265
4
346
4
216
286
4
258
4
111
2
181
4
50
4
475
5
257
3
121
1
763
1
283
4
676
5
1115
4
476
4
250
2
275
5
744
4
222
3
25
4
151
4
10
5
185
4
958
5
134
5
42
3
64
4
170
5
180
4
269
5
306
5
995
4
845
4
713
3
1163
4
288
1
240
1
1289
2
277
5
762
3
472
1
1152
1
829
2
120
2
254
2
488
4
135
4
172
5
483
5
79
4
955
1
154
4
133
5
432
4
114
5
169
5
65
4
318
5
204
3
433
4
98
5
58
4
48
4
496
5
22
4
193
4
197
4
238
4
216
4
692
3
132
5
588
4
317
4
69
3
202
4
143
5
186
3
485
4
694
5
168
4
921
5
99
3
52
5
423
3
707
5
404
3
655
4
582
5
97
4
83
5
923
5
727
4
704
4
421
4
509
4
402
4
8
5
651
4
699
5
425
4
684
3
95
4
232
3
652
4
70
5
1170
3
144
2
747
4
736
5
214
4
173
3
196
5
662
3
200
4
463
5
191
5
380
3
1518
3
89
5
622
4
228
3
559
3
1046
3
966
5
213
5
729
3
91
4
203
4
217
4
732
4
161
4
403
4
241
4
265
2
215
3
658
4
755
3
71
3
419
5
715
4
1446
2
941
3
157
3
1119
4
82
3
1118
4
731
4
447
4
949
4
549
4
451
5
77
3
381
5
417
4
1221
4
387
4
393
4
51
4
66
4
660
5
218
4
723
5
40
4
162
5
49
4
710
4
230
3
720
3
1053
4
378
4
167
2
739
3
716
5
416
3
1285
3
568
3
566
2
420
5
959
5
281
3
155
4
401
3
229
3
724
5
94
2
1168
4
1074
3
542
1
219
2
365
3
343
3
1024
5
1466
4
1117
4
312
5
778
4
345
4
1160
5
272
5
315
4
137
5
340
5
735
5
86
5
189
5
427
5
961
5
88
5
408
5
969
5
255
4
1190
3
248
5
741
4
1014
4
16
5
905
3
116
5
162
220
5
1040
4
510
2
731
5
417
4
50
4
385
5
623
4
97
5
66
5
79
4
969
4
553
5
96
5
181
5
173
5
172
5
498
3
402
4
739
4
421
4
234
2
42
1
423
3
692
5
99
4
174
5
392
5
812
4
1220
5
82
5
215
3
202
4
61
3
432
4
746
4
69
3
462
3
195
3
776
4
177
2
88
4
1055
4
4
4
785
5
1469
4
238
3
660
4
585
4
365
3
419
3
1503
4
72
4
560
3
71
5
228
3
622
4
73
5
210
5
662
5
393
3
141
3
584
4
732
5
949
4
378
4
716
5
196
4
191
3
83
4
59
2
136
1
404
3
655
5
230
3
1053
4
568
5
729
5
941
5
60
1
506
3
495
4
486
4
946
4
747
3
431
3
95
4
38
4
418
3
243
4
762
4
168
2
178
2
728
4
627
4
588
4
625
3
542
4
1091
3
102
4
768
5
699
5
1221
4
366
5
1043
3
204
4
781
4
738
4
367
4
399
5
49
3
451
5
232
3
433
3
376
3
63
4
996
4
790
4
110
5
386
3
40
5
783
3
1037
4
944
4
1036
5
94
4
395
4
734
4
401
3
90
3
575
3
26
2
388
3
1178
4
722
3
67
3
1074
3
465
4
416
3
755
4
420
3
140
4
843
3
501
3
842
3
415
4
1480
4
398
4
400
3
78
4
794
4
796
4
724
3
1119
4
955
2
51
3
143
5
294
4
213
3
787
3
142
4
652
3
30
1431
3
345
3
286
3
750
3
272
4
300
2
882
3
315
4
362
1
302
4
311
3
269
4
539
3
1656
2
327
2
310
4
1434
3
340
3
313
3
342
3
270
2
690
1
1176
3
1127
3
689
3
898
3
344
5
752
2
307
3
347
4
0
167
268
4
181
4
117
3
100
2
1
5
150
4
249
4
273
5
50
5
252
1
475
4
1016
4
298
4
546
4
284
4
455
3
591
4
7
3
235
2
106
2
111
3
685
3
926
4
288
4
713
4
471
4
410
4
222
3
756
2
248
4
237
4
108
4
976
1
405
3
24
3
118
2
257
4
282
3
276
3
1088
1
125
3
1047
3
1011
4
121
4
826
2
595
3
122
4
977
2
1215
1
254
1
412
2
250
2
743
2
202
5
175
3
144
5
87
4
157
4
433
2
42
5
81
4
64
5
28
5
234
4
231
3
174
4
11
4
789
4
588
4
71
3
480
5
56
5
399
2
216
4
217
2
447
3
172
4
228
3
68
4
89
3
470
4
96
4
697
2
955
4
179
4
95
4
12
4
168
4
195
4
145
2
69
4
31
4
658
4
944
2
83
4
176
5
98
5
22
4
208
3
692
3
239
4
318
5
92
3
274
3
629
2
53
1
143
3
462
4
173
5
1217
2
204
4
82
4
746
5
27
3
941
2
426
5
70
3
265
5
17
3
58
4
196
4
101
3
732
3
655
4
135
2
735
4
227
3
367
3
39
3
128
3
4
4
564
2
85
3
159
3
97
3
90
5
73
4
205
5
156
4
206
4
233
3
576
2
183
3
549
3
376
2
939
4
79
5
155
4
627
3
88
3
425
4
739
2
40
1
755
2
33
3
1188
2
232
4
161
5
2
3
761
3
158
2
182
5
1222
2
380
3
193
5
1045
2
778
2
269
300
5
340
3
260
1
1
5
50
5
222
4
181
4
293
4
248
4
127
5
515
5
283
4
628
3
13
2
111
4
257
5
275
5
282
3
298
5
117
4
151
5
274
5
294
4
740
4
25
4
118
2
405
4
237
5
472
3
1016
3
546
1
121
5
284
3
235
2
1047
3
866
3
108
2
473
4
826
2
823
3
105
2
225
3
696
2
412
2
122
2
95
4
506
4
419
5
603
5
969
4
28
5
180
3
525
3
661
3
490
4
192
3
228
4
705
5
601
4
491
4
487
5
520
4
202
4
79
4
177
2
318
5
197
5
659
4
662
3
97
4
31
3
481
4
480
5
174
5
503
3
435
4
604
3
135
3
707
4
486
5
96
2
474
5
498
5
1269
4
614
4
22
5
69
5
187
3
176
3
504
5
133
5
1203
2
216
5
692
5
58
5
1286
2
526
5
615
3
432
5
234
5
178
5
48
5
64
5
1020
5
134
5
98
5
471
2
729
2
427
5
610
4
732
5
485
5
836
4
492
3
195
1
663
5
496
5
144
2
52
5
1101
5
611
5
423
4
489
4
172
4
511
5
494
5
209
3
204
5
194
5
588
4
47
3
200
4
23
4
381
4
175
2
735
5
602
5
632
4
478
4
357
5
495
4
483
5
136
5
208
5
11
4
527
5
428
3
1124
3
655
4
484
4
502
3
186
3
482
5
154
5
631
5
213
5
83
4
163
4
493
5
497
3
792
4
479
4
566
3
956
4
385
1
191
5
4
2
215
5
70
4
185
5
86
5
507
5
723
4
199
4
82
5
648
4
241
3
724
4
630
4
1126
3
143
5
211
5
488
4
56
5
99
5
606
5
605
3
501
5
651
5
650
3
425
5
183
2
153
4
131
5
203
4
162
4
514
5
416
3
609
3
443
4
505
4
91
5
205
5
404
4
132
5
837
4
81
4
519
3
196
5
393
3
88
4
468
3
193
5
418
4
430
5
636
2
210
5
161
3
568
4
946
2
660
4
949
3
675
2
420
4
218
3
72
3
1039
5
633
4
521
3
842
3
559
2
392
2
157
3
499
4
168
5
367
4
451
4
470
4
414
4
622
3
190
5
227
3
229
3
465
5
230
3
445
3
517
5
102
2
73
4
417
3
238
4
49
4
570
3
620
3
160
2
1050
4
173
4
549
4
387
4
265
5
399
3
1113
4
708
4
159
4
627
4
965
2
673
4
142
3
141
4
93
302
5
340
4
262
4
326
3
286
3
303
4
331
3
333
4
327
3
301
4
288
1
299
4
300
5
324
3
328
4
294
3
271
2
678
3
245
4
748
3
289
4
260
1
343
4
751
4
358
2
890
1
995
5
268
5
322
5
307
5
888
5
269
5
312
5
313
5
887
5
258
5
7
4
475
5
285
5
222
4
100
4
980
4
24
2
147
4
591
4
150
4
117
4
846
4
125
4
237
5
471
4
742
5
291
4
111
4
455
2
287
5
825
2
1137
5
126
5
274
4
685
4
472
4
25
5
597
4
290
3
405
3
280
4
235
4
1282
4
121
2
282
5
815
3
975
2
826
2
240
2
1051
3
476
4
106
4
866
1
546
3
281
4
831
3
130
2
148
3
1047
4
1011
4
628
5
293
5
50
4
246
5
250
1
298
3
127
4
39
300
5
689
4
879
2
289
3
111
4
471
5
222
4
273
3
282
5
255
4
121
4
744
3
257
4
742
5
815
4
926
2
982
4
118
4
597
5
15
5
546
4
591
4
284
4
1028
4
717
4
975
2
685
4
1048
2
274
3
756
5
405
5
1047
3
240
1
841
4
1165
3
820
2
831
3
751
5
750
3
67
79
4
98
5
185
4
294
2
289
2
7
2
285
4
237
2
890
1
127
3
50
2
282
4
742
4
620
4
118
2
254
1
223
5
64
5
520
5
660
5
318
5
510
4
69
5
378
4
357
4
423
3
87
2
655
4
215
4
97
3
392
4
77
3
58
3
509
2
402
4
673
3
214
2
382
2
162
4
468
3
121
1
240
1
456
1
659
4
216
4
9
4
71
3
427
4
410
1
255
2
778
3
293
3
137
1
126
2
291
3
300
2
274
3
284
2
532
3
298
2
582
3
735
5
66
3
88
3
220
5
281
3
23
3
0
168
258
3
269
5
300
5
264
1
879
4
326
4
328
5
301
4
334
1
268
4
322
4
690
3
688
3
330
3
327
2
748
3
266
3
325
3
260
3
880
3
948
1
990
5
681
3
358
1
457
3
261
3
991
3
329
3
1295
3
1026
3
305
3
877
3
1296
3
303
3
306
3
304
3
286
5
331
3
682
3
262
3
687
3
333
3
302
3
332
4
749
3
881
3
938
3
937
3
359
3
335
3
294
3
324
3
288
3
873
3
299
3
321
3
876
3
995
3
874
3
680
3
984
3
259
3
989
3
875
3
243
3
678
3
245
3
292
3
319
3
289
3
242
3
1392
3
323
3
988
3
872
3
1393
3
878
3
263
3
1
5
194
5
393
5
471
5
684
4
1025
3
720
5
216
5
50
5
222
5
228
5
229
5
1265
3
380
5
173
5
161
5
172
5
455
5
181
5
82
4
174
5
22
5
196
5
81
2
64
4
809
1
435
4
739
4
1221
3
403
4
755
4
145
4
527
5
318
4
157
3
28
5
357
5
65
1
518
2
197
4
175
5
69
4
127
5
191
3
135
3
655
2
582
3
15
4
1039
5
107
4
97
4
58
2
87
3
179
5
51
4
284
4
735
4
729
3
215
4
581
2
423
5
237
3
70
3
282
4
239
4
732
4
699
3
125
3
942
4
402
4
77
5
631
5
199
4
1065
5
162
2
660
5
632
4
382
4
84
3
715
2
1119
4
317
4
1442
4
56
3
209
3
153
4
111
4
8
4
204
5
406
1
0
22
286
3
258
4
748
5
289
2
50
4
172
4
168
5
9
3
169
4
189
3
178
3
28
3
137
3
174
4
89
3
191
3
164
4
433
3
1
3
150
3
322
2
988
1
85
272
5
313
5
269
4
302
3
310
5
308
1
750
2
1234
1
305
3
879
1
343
1
352
1
1176
1
268
4
751
2
690
1
300
3
344
1
307
3
1591
1
906
1
331
3
887
3
872
1
538
2
349
2
258
4
1105
1
311
1
288
4
995
1
1434
1
937
3
301
4
327
4
347
4
333
4
329
4
749
4
332
4
326
4
938
3
346
1
1617
1
304
4
682
1
289
1
259
2
294
4
328
4
895
4
336
1
876
1
748
1
873
3
898
1
322
1
877
1
880
3
271
2
358
1
683
1
342
3
245
2
989
1
678
2
893
3
323
2
266
1
299
1
680
1
948
1
988
1
338
3
264
3
909
1
908
1
1062
1
1432
1
361
1
351
1
882
1
1127
3
286
1
242
1
25
321
2
288
3
294
3
358
3
748
4
322
4
245
4
873
4
264
1
15
4
181
4
111
3
1197
3
9
4
276
4
258
4
300
4
100
5
286
5
333
5
19
5
301
4
881
5
879
4
328
4
0
322
538
3
294
4
268
4
748
4
343
3
271
4
328
4
1025
2
751
3
879
4
678
3
259
4
260
1
312
3
680
3
358
2
890
1
539
2
117
3
1
3
181
3
246
4
257
2
127
4
100
2
408
4
275
3
249
2
7
2
25
3
50
4
933
1
291
4
283
2
282
4
471
3
596
4
815
3
248
5
841
3
250
5
109
2
111
3
845
3
278
2
258
2
222
3
472
2
123
3
147
3
926
3
148
2
274
5
252
2
121
4
685
3
544
3
235
3
820
2
405
3
284
3
546
2
240
3
597
3
363
3
455
3
866
3
413
2
410
2
24
3
1049
1
118
4
1047
2
993
4
628
3
928
3
1016
3
930
3
122
2
831
3
827
3
1244
3
105
1
1088
2
1615
1
840
2
411
3
369
2
977
2
1165
2
108
3
28
5
187
5
651
3
172
5
205
5
210
3
178
4
168
5
114
5
98
4
96
4
11
3
69
4
174
4
183
3
553
2
209
3
491
4
419
2
203
5
483
4
22
4
132
2
197
3
199
4
520
4
265
4
156
4
68
4
87
4
195
4
42
5
55
3
204
3
144
4
91
4
169
5
173
5
211
4
588
4
746
4
196
4
125
4
186
5
12
5
177
4
435
3
198
4
201
4
434
5
510
4
191
4
184
3
79
4
92
2
423
3
153
4
70
5
207
5
83
5
238
2
474
3
95
4
684
4
507
2
511
4
176
4
227
4
433
5
385
3
17
1
54
3
431
4
71
3
135
2
526
4
33
3
179
3
627
3
56
3
421
5
208
4
692
4
432
2
89
5
202
4
88
5
566
3
239
4
568
3
229
2
164
5
228
4
82
3
163
4
154
3
180
3
949
3
790
2
636
3
188
3
5
3
131
2
234
2
658
5
729
2
739
4
101
2
27
4
470
5
402
3
230
3
1185
1
392
4
2
4
941
2
206
3
578
3
1119
3
609
3
441
2
1217
3
157
3
226
3
1657
3
1249
3
90
3
159
2
128
4
1028
2
720
2
155
3
1218
4
1042
2
66
3
43
3
1446
3
465
2
371
2
549
3
1224
3
808
2
1035
2
403
4
559
2
1206
2
679
5
65
2
356
3
380
3
393
3
366
3
367
3
72
3
219
3
747
2
550
4
378
3
29
3
62
3
1076
2
1188
2
67
4
810
2
451
5
161
4
779
2
399
3
541
4
552
2
765
2
232
3
39
2
397
2
802
2
384
2
386
2
379
2
755
2
444
2
53
1
217
3
542
2
38
1
722
2
73
4
1231
3
809
4
1437
2
775
4
801
2
570
2
447
3
585
2
665
3
774
3
94
4
569
2
1273
3
231
3
1139
3
616
2
849
2
760
1
567
2
1411
2
167
2
635
2
424
1
63
2
80
4
576
4
1229
2
233
4
401
2
1215
2
940
2
562
2
440
1
1222
1
556
2
982
4
158
2
1034
2
771
3
395
3
398
2
783
3
1303
2
826
2
1250
1
26
286
3
748
3
319
3
323
3
322
4
289
3
678
4
304
4
243
2
25
4
546
2
124
3
237
4
287
4
508
4
1355
4
282
4
116
4
471
4
117
4
871
2
100
5
742
4
15
4
147
4
285
4
0
38
332
3
269
5
340
3
268
4
258
5
300
3
327
2
294
4
873
2
748
4
875
2
328
2
301
1
322
1
237
3
15
4
246
4
50
4
1
4
117
3
273
2
248
3
7
4
100
5
151
4
109
4
276
3
298
4
1012
5
410
1
181
2
815
3
535
2
121
4
125
4
257
5
742
3
685
2
83
69
5
170
5
14
3
64
5
496
5
56
2
494
3
484
3
127
4
606
3
1039
4
283
4
481
3
192
5
153
3
478
4
215
5
486
4
603
5
132
3
705
5
15
4
136
4
28
4
207
4
143
5
419
4
504
3
662
3
945
4
648
4
213
5
655
5
608
4
194
3
97
5
393
5
95
3
1
2
694
5
66
4
591
1
1503
5
8
2
845
2
487
4
216
5
204
4
588
3
521
1
527
5
611
3
482
3
507
3
720
3
133
1
197
5
168
1
183
1
237
4
195
1
510
1
1086
1
1087
1
520
4
462
5
613
2
202
5
508
1
320
1
196
5
434
1
140
2
427
5
125
3
1275
1
485
4
357
5
190
5
378
1
205
1
1269
3
480
4
20
300
4
286
5
269
5
690
5
304
5
882
5
332
5
873
5
243
5
937
4
245
4
288
4
938
1
324
2
305
2
875
1
322
3
289
3
294
3
321
3
107
242
4
302
4
258
3
284
2
287
3
1
2
458
2
124
5
515
5
221
4
224
4
275
3
296
2
127
3
129
2
285
4
20
5
276
5
1129
4
19
5
237
3
1115
3
14
5
283
3
116
4
137
5
922
3
9
3
253
3
544
1
459
4
149
4
150
2
591
3
847
3
286
4
100
5
298
2
742
3
250
1
10
3
293
4
1375
3
297
3
676
4
7
3
1067
5
1114
3
1163
2
273
4
950
4
1011
4
1142
4
288
2
324
4
13
3
151
4
744
4
248
3
290
4
933
1
117
2
1171
3
1658
3
1173
2
125
2
282
3
471
3
762
4
846
2
740
3
244
2
985
3
696
3
147
1
126
2
713
4
279
2
1226
3
16
3
294
2
146
3
107
4
619
3
1132
4
322
2
277
1
924
4
281
2
1380
2
1085
4
148
3
820
2
1338
4
291
2
405
2
1047
2
1117
2
1009
2
121
3
274
3
534
3
1023
1
220
2
130
2
546
1
245
3
0
53
258
4
690
4
286
5
242
5
288
4
301
3
333
4
319
4
300
4
304
4
332
3
269
3
327
3
245
3
748
3
289
1
321
3
331
3
325
1
813
4
293
3
126
3
475
4
277
3
181
4
93
2
147
1
124
5
13
4
275
4
7
3
50
5
25
4
756
2
744
3
106
3
237
4
9
4
628
3
515
4
127
4
1
4
741
2
276
4
100
2
283
2
676
3
764
3
123
3
285
4
298
4
117
3
1012
2
24
748
2
50
3
181
2
257
3
246
4
324
3
255
1
294
3
533
3
1089
1
323
1
678
1
1278
1
254
1
296
4
532
4
248
4
515
5
1388
5
293
4
993
4
286
4
127
4
253
5
33
180
4
169
4
171
4
89
4
100
5
156
5
475
4
196
3
154
4
137
5
96
2
474
5
64
4
174
2
160
4
11
3
12
4
501
1
186
5
357
5
47
3
427
3
173
4
58
4
192
5
32
4
22
4
428
4
222
3
258
5
127
5
187
5
175
5
112
258
4
260
2
298
3
181
4
257
3
1016
3
250
4
252
4
254
2
7
4
511
4
408
5
178
4
195
4
22
3
474
4
919
4
234
4
172
4
238
4
175
4
405
2
174
5
100
2
42
2
173
5
204
4
196
4
191
4
200
3
95
4
97
4
214
4
153
4
206
3
423
4
152
4
732
3
228
5
71
3
240
3
56
4
208
4
662
4
188
3
926
3
655
3
209
4
568
3
98
4
470
4
455
4
39
3
161
4
235
2
147
3
659
4
222
4
28
4
117
3
755
3
393
3
636
3
231
3
79
3
81
4
64
4
226
3
202
4
367
3
496
4
189
4
118
3
449
3
91
4
4
4
380
3
230
4
2
3
747
4
550
3
403
3
650
3
88
3
186
4
225
3
434
4
1047
3
54
3
128
4
665
2
63
3
229
3
951
2
930
3
216
3
528
4
151
4
141
3
418
3
154
3
227
4
47
3
233
3
109
4
121
4
429
3
357
4
697
2
179
3
168
3
197
4
35
286
2
751
3
288
1
333
4
100
5
359
5
1429
5
327
5
1431
5
301
5
749
5
216
4
661
2
318
4
168
1
197
1
22
5
526
5
50
4
79
4
56
4
172
4
176
1
195
5
498
4
55
1
98
3
969
1
132
4
96
5
465
1
69
5
603
4
97
5
187
4
20
332
3
258
3
271
2
319
3
328
3
326
3
322
3
748
3
873
2
938
1
289
4
242
4
288
4
300
4
286
5
294
4
269
4
302
5
340
4
1038
4
0
26
258
5
294
3
321
3
50
4
24
3
181
3
1
4
13
4
14
5
127
5
508
4
15
4
124
4
591
4
7
3
475
4
100
5
284
3
117
2
1012
4
546
1
282
3
109
1
237
4
250
3
222
2
35
300
4
292
3
269
4
302
5
242
4
308
2
289
3
303
5
301
4
258
5
268
4
311
5
340
3
286
3
879
4
326
3
294
2
259
3
748
4
321
2
288
2
322
3
338
1
15
3
276
5
744
5
224
5
297
5
408
4
181
3
100
5
222
4
273
3
298
4
9
5
27
28
3
238
4
9
3
156
4
603
5
428
4
188
3
657
5
963
5
482
3
23
4
481
3
174
4
483
4
127
5
1134
3
479
5
340
3
302
5
307
4
301
3
237
4
508
5
276
4
1
4
628
2
50
3
60
302
4
258
5
124
5
100
5
1
2
9
4
515
4
14
3
936
1
50
2
151
2
181
2
127
2
7
4
125
5
222
2
174
3
183
3
205
2
603
4
194
4
182
2
507
1
204
3
480
3
427
4
483
1
96
4
646
4
527
3
202
3
531
3
425
4
188
3
79
3
492
5
177
3
1126
2
230
2
207
2
8
4
28
2
168
3
169
4
520
3
203
3
510
3
923
3
215
3
519
5
190
5
285
1
286
1
98
5
64
5
12
5
20
1
276
1
275
1
10
5
67
79
5
50
5
172
5
183
4
181
5
128
3
56
3
399
3
144
5
568
4
22
4
210
5
89
4
127
2
176
5
174
5
228
4
96
4
184
4
222
3
117
4
232
3
431
5
685
3
161
3
2
3
597
4
455
4
230
1
684
4
403
4
82
4
121
3
68
4
566
4
550
4
385
5
578
4
265
4
229
2
233
4
720
3
546
3
226
4
24
4
62
3
281
3
231
2
38
2
449
1
405
2
523
3
186
4
83
4
202
5
8
4
204
5
208
4
157
4
196
4
423
3
135
1
1
4
132
4
64
4
168
3
506
3
293
303
5
302
5
347
5
268
5
288
4
269
4
900
5
305
5
262
5
313
5
292
4
301
1
887
5
333
4
286
4
258
2
304
4
327
4
875
3
989
3
316
4
315
4
508
5
357
5
664
2
223
5
30
5
604
5
631
5
1631
3
238
3
606
5
11
5
86
5
423
5
176
4
650
4
211
5
192
5
181
5
494
5
168
4
492
4
265
4
50
5
216
2
480
5
1194
5
205
5
1204
4
71
5
418
5
792
5
199
4
732
3
174
5
129
5
511
5
1
5
124
5
8
5
659
4
509
5
7
4
467
4
634
5
31
4
172
5
194
3
189
4
12
4
462
5
182
5
210
4
25
3
116
4
967
3
483
5
187
5
95
3
498
5
939
3
156
3
501
5
603
5
582
5
127
5
475
5
96
5
644
5
100
5
44
2
478
4
430
4
98
5
408
5
945
4
136
5
481
5
474
5
461
5
482
5
56
5
1205
3
162
5
1427
2
58
3
661
5
82
4
526
5
1020
4
64
5
1203
5
1159
2
93
4
655
3
23
5
180
5
811
3
735
4
228
4
15
4
179
5
117
2
429
4
1045
4
505
5
514
4
48
5
497
5
507
3
188
5
32
5
510
5
654
5
705
5
923
5
47
5
653
5
178
5
153
4
588
5
519
5
276
5
558
4
428
3
845
2
1015
4
196
2
1050
3
234
5
529
5
1021
5
22
3
443
5
496
5
844
4
466
3
195
4
835
3
675
2
222
2
175
4
134
5
87
5
500
4
152
3
524
5
485
5
73
4
190
4
473
3
169
5
615
5
79
4
135
5
596
5
97
5
1098
4
209
3
185
5
282
2
69
5
608
4
99
5
584
5
488
5
432
5
521
5
504
5
951
2
625
3
404
5
39
4
525
5
1660
2
591
2
91
5
419
5
208
5
173
3
651
5
390
4
28
4
416
5
842
5
649
3
865
5
1497
4
1375
4
279
4
83
4
486
5
531
4
1134
5
132
4
985
2
133
5
463
3
479
5
1456
3
183
5
639
5
693
5
427
5
736
5
215
5
318
5
285
5
320
5
204
5
783
1
1142
4
202
4
367
3
163
4
4
4
21
2
393
2
663
5
695
2
290
3
85
3
959
5
502
5
287
4
949
5
154
3
1170
2
929
3
88
2
70
4
109
5
715
5
1659
1
1003
1
1225
3
26
3
1067
2
13
3
274
4
433
3
17
4
1179
1
726
2
108
4
1246
1
235
5
1028
1
997
3
111
4
40
2
63
3
94
4
3
2
1041
4
409
1
476
3
952
2
648
5
493
5
517
5
9
5
530
5
739
3
580
5
231
3
403
5
29
1
672
4
14
3
555
2
392
3
108
258
5
319
3
286
3
326
3
300
4
748
4
328
4
323
4
678
2
271
3
250
5
174
5
427
4
50
5
633
4
408
5
479
4
496
4
181
4
603
5
133
3
474
4
234
4
318
5
402
2
813
4
588
4
186
5
200
3
208
4
71
3
143
3
709
4
847
4
650
1
183
4
357
3
210
3
192
3
154
3
647
3
421
4
197
3
182
4
515
4
7
4
204
3
96
5
228
3
495
3
144
4
222
4
64
4
179
4
209
4
514
4
189
4
527
5
732
4
176
5
425
4
194
4
114
4
193
3
172
4
173
4
89
5
498
4
169
4
97
4
69
4
655
3
528
3
237
4
4
4
153
4
168
3
196
3
180
4
187
4
137
3
135
4
654
4
132
3
216
4
79
4
175
5
83
3
483
4
118
2
1
4
48
4
517
3
56
4
58
4
195
4
22
4
8
4
86
4
227
3
188
4
451
1
657
4
710
3
692
3
699
3
213
3
199
4
305
294
2
258
4
300
4
326
4
748
3
292
4
358
3
322
4
328
4
245
4
678
2
879
4
117
4
1051
3
25
4
237
3
151
5
293
4
284
4
15
5
118
3
628
4
9
3
257
3
1016
5
250
3
50
5
181
5
252
3
1615
4
1244
3
64
4
199
5
531
5
215
4
31
5
501
4
174
5
172
5
523
4
134
4
511
4
183
5
22
5
480
5
821
3
478
5
157
3
527
4
56
2
510
4
98
5
160
3
429
4
161
3
202
5
96
5
418
5
483
4
178
4
194
5
69
5
175
3
661
5
71
4
204
4
659
5
378
5
705
4
495
4
121
3
448
2
423
4
496
5
404
5
140
3
735
5
222
3
465
4
740
3
173
5
185
4
521
4
168
5
419
5
603
5
526
5
99
5
1136
4
356
4
205
4
144
5
280
4
357
4
186
4
238
3
4
4
211
5
435
4
132
4
498
4
143
4
430
4
549
3
176
4
443
4
663
4
154
5
736
3
58
3
48
3
179
4
729
4
197
4
655
5
208
5
234
4
431
5
79
4
485
4
89
4
568
4
47
4
49
4
216
4
685
4
642
2
291
4
184
2
11
5
414
4
135
4
650
3
227
4
845
3
141
4
191
4
433
3
273
4
969
4
385
3
230
3
188
3
196
4
200
4
468
3
95
3
162
3
86
4
434
4
975
4
477
3
82
5
111
3
625
3
732
4
232
4
584
3
763
1
180
4
951
4
226
4
739
3
837
5
210
4
616
3
195
5
182
3
866
3
203
4
809
3
405
2
101
4
167
2
125
5
633
4
746
5
621
3
228
5
153
4
209
4
731
3
755
4
164
3
627
2
365
3
843
3
62
3
133
4
100
3
472
4
1028
4
391
3
23
3
214
3
470
5
85
4
239
4
233
5
2
4
389
3
742
4
1185
4
712
3
658
4
136
5
399
3
145
4
66
3
944
4
229
3
105
1
24
2
88
4
77
3
428
3
1440
3
87
4
930
3
73
4
812
3
380
3
554
3
68
4
231
4
780
1
420
4
1047
3
402
4
94
5
155
2
546
3
566
3
941
5
366
4
403
4
158
3
393
5
808
3
636
4
159
4
781
4
1041
4
401
1
826
3
398
3
823
3
1139
3
1133
2
139
4
595
4
986
3
968
3
550
4
148
3
1274
2
934
3
932
3
72
3
540
3
578
3
686
4
142
4
571
3
637
1
977
4
576
3
80
1
1263
2
833
2
67
1
1188
3
449
3
78
3
444
2
240
1
1034
2
586
4
622
3
110
2
1092
3
635
1
38
3
1228
4
841
3
802
3
541
3
271
5
298
4
406
4
984
3
484
5
1013
1
187
3
1023
3
609
4
127
4
1
4
1088
2
295
3
254
2
223
4
620
4
1089
3
1337
3
33
286
4
269
4
258
3
288
4
328
4
270
4
306
4
305
4
322
2
1280
1
323
3
301
4
271
4
683
1
303
4
294
4
879
4
338
3
300
3
688
1
304
4
873
3
748
3
327
4
876
2
331
4
881
2
886
3
330
2
245
3
325
1
358
3
749
3
108
347
4
315
3
300
2
272
4
538
4
305
2
270
4
301
5
310
3
332
3
748
2
751
4
302
4
316
4
323
1
689
2
168
5
269
5
154
3
50
5
1
3
1007
4
7
3
100
4
25
5
117
4
237
2
742
3
591
1
250
3
181
5
248
5
257
4
1011
4
111
3
56
4
79
4
603
4
479
2
213
5
483
5
178
5
709
4
131
5
89
3
659
5
174
4
196
4
28
5
210
5
658
3
480
4
172
5
202
4
96
4
11
1
746
4
144
4
153
4
588
5
568
3
215
4
82
4
655
3
209
4
42
5
490
4
704
2
193
5
494
4
739
3
216
4
481
4
486
3
945
3
596
4
143
5
367
4
204
4
652
4
537
4
98
5
433
3
226
3
239
4
735
4
856
2
173
4
497
4
381
1
95
5
161
2
55
4
432
4
485
4
99
4
484
3
736
5
419
4
487
5
91
4
83
5
431
4
418
5
865
2
385
4
121
4
436
4
0
0
34
286
3
328
3
340
2
937
4
243
1
307
3
359
3
127
4
293
4
273
3
676
3
619
4
255
3
1016
4
9
4
117
4
295
4
476
4
15
5
284
3
118
2
477
5
282
4
237
3
459
4
276
5
1197
3
292
3
742
3
291
4
744
3
595
2
922
3
819
3
38
294
3
690
5
300
4
269
5
937
4
310
4
286
5
881
1
880
4
258
5
340
1
299
2
302
4
311
4
288
1
331
3
301
3
319
3
327
2
872
1
879
4
887
3
304
4
245
4
328
4
289
1
322
3
875
1
271
1
538
4
938
3
689
3
343
3
264
2
323
4
688
3
259
3
748
4
109
258
3
300
4
173
3
1
4
1149
5
171
4
275
3
1009
4
30
4
256
4
367
4
235
3
8
4
135
2
731
3
92
3
289
4
1652
1
527
3
1274
2
1119
4
71
3
9
2
50
4
22
3
96
4
228
3
89
4
117
4
176
4
147
4
403
2
210
4
568
3
399
2
118
2
195
3
222
2
230
3
550
2
554
1
121
3
3
1
99
3
95
3
432
4
588
4
473
3
501
3
418
3
1240
4
420
4
197
2
97
3
421
4
274
3
155
4
111
4
66
4
739
4
88
1
642
2
234
3
591
4
159
4
79
4
742
3
860
1
226
3
566
4
983
2
930
3
123
2
53
3
419
3
151
4
755
3
423
3
82
3
622
3
1031
2
138
2
225
1
63
3
404
3
91
3
409
2
398
3
383
3
161
3
122
1
141
3
603
5
178
5
100
5
181
4
402
4
183
4
1074
4
1060
4
143
5
919
5
245
3
323
3
325
3
753
2
435
3
251
4
55
5
166
333
4
313
3
258
5
288
4
271
3
751
3
326
3
270
3
895
4
323
3
260
3
350
3
678
2
343
3
358
3
1
4
515
5
100
3
50
4
250
4
117
4
276
4
298
4
248
4
181
3
129
3
222
4
257
4
742
4
1016
3
405
4
24
4
121
2
685
3
151
4
471
4
7
4
252
3
1014
3
825
3
546
3
118
3
235
3
148
4
455
3
472
3
931
2
743
2
254
2
122
1
651
4
89
4
423
3
56
4
64
5
203
5
193
4
156
3
175
3
31
4
210
4
172
4
196
4
173
4
174
5
206
4
164
3
433
4
97
4
202
4
176
5
79
4
98
4
69
3
195
4
1240
3
550
3
71
4
684
4
198
4
183
4
22
4
232
3
68
4
4
5
96
4
403
4
228
4
2
3
144
4
128
3
566
3
17
3
568
4
82
4
11
4
679
4
431
4
265
3
231
2
230
4
188
3
1188
3
229
3
665
3
227
4
570
3
27
4
554
3
29
2
53
3
562
3
62
3
809
4
827
3
399
3
449
3
241
3
1073
4
470
3
226
3
38
3
233
3
771
2
1090
2
1210
2
1273
2
574
3
450
2
432
3
426
3
95
4
588
3
101
4
91
4
561
2
217
3
569
3
559
4
145
3
693
4
205
4
939
4
58
3
125
2
658
2
28
3
732
3
157
3
179
4
746
3
549
5
204
4
385
3
207
2
143
3
969
3
168
4
638
3
161
3
153
3
576
3
474
3
155
2
1035
2
328
3
356
258
4
269
4
324
5
286
5
242
3
305
4
262
5
303
4
311
4
328
1
319
4
340
3
307
3
292
4
289
2
300
2
310
3
301
3
748
1
294
5
890
3
127
5
1143
5
297
4
257
5
298
4
1007
5
1012
4
293
3
248
4
536
2
181
4
1142
5
250
4
249
4
252
3
1088
3
253
5
1016
4
1023
4
1292
1
1283
4
338
4
342
4
689
1
1025
3
687
3
1244
3
1159
5
419
4
135
5
427
4
385
4
236
4
177
5
686
3
234
4
184
5
514
5
510
3
285
5
582
3
172
4
580
4
64
5
186
5
39
2
216
4
865
4
134
5
174
5
654
4
531
5
506
3
209
5
100
5
223
5
640
5
287
5
185
4
173
5
608
5
480
5
657
5
509
5
7
5
131
3
12
5
150
5
144
4
154
5
11
3
143
5
512
5
195
5
168
5
547
5
471
3
1085
5
430
5
238
5
479
5
137
5
483
5
8
5
197
3
489
5
109
3
462
4
199
4
1019
4
211
4
1039
5
204
4
484
5
421
4
151
5
23
4
81
5
191
5
152
5
652
5
435
5
224
4
634
5
482
5
653
3
93
5
508
4
129
4
28
4
56
5
496
3
481
5
179
5
607
5
656
5
175
4
79
4
320
5
163
5
474
5
520
5
742
4
82
4
705
5
117
4
69
5
434
3
170
5
603
5
171
5
488
3
919
5
98
5
116
5
61
3
221
3
33
4
517
3
153
5
837
4
213
5
616
4
237
4
20
4
276
2
239
3
428
4
1098
5
968
5
746
4
433
5
202
5
735
5
212
4
6
2
96
5
955
2
228
3
147
4
95
3
732
4
605
3
715
4
26
4
241
3
58
4
527
5
66
3
619
4
125
2
475
5
13
5
200
5
196
4
76
3
68
3
431
3
455
4
425
5
1111
4
4
4
91
4
159
3
676
2
414
4
218
4
447
4
282
3
566
4
141
4
713
3
128
4
25
4
568
4
273
4
628
4
43
3
541
4
684
4
578
4
123
1
31
3
356
2
567
4
203
5
229
3
790
4
411
4
550
4
291
4
108
5
208
4
1501
3
386
3
235
5
118
2
62
2
569
3
387
2
542
2
290
5
802
3
436
3
587
4
405
4
629
4
1046
4
597
2
448
4
217
2
716
2
121
2
959
3
737
3
502
4
231
3
505
5
393
4
650
5
529
4
384
5
24
4
88
4
997
4
685
5
1135
2
922
5
810
3
765
2
391
3
122
4
38
3
722
3
526
4
99
3
192
4
210
4
420
3
546
3
53
4
864
4
139
4
240
3
77
3
820
4
155
1
1047
3
1074
1
831
4
1034
4
780
5
452
3
764
1
540
3
412
5
441
3
826
3
29
3
571
4
105
2
554
3
576
4
841
3
1001
5
827
3
388
3
373
4
977
2
364
4
1090
1
1052
5
533
4
183
5
343
2
176
5
665
2
288
4
887
5
331
4
751
4
302
5
313
4
346
2
895
4
312
3
892
2
14
5
898
3
750
2
315
5
345
5
272
4
50
4
271
4
124
5
230
4
222
4
380
4
227
4
350
4
347
3
1022
5
352
4
332
4
896
5
353
4
752
3
362
5
316
5
1527
3
355
4
344
3
889
3
270
4
32
300
5
258
4
748
4
294
5
323
4
678
2
1
5
742
5
127
2
181
5
298
4
275
4
220
5
24
3
756
4
118
5
332
4
328
5
245
3
984
2
937
4
117
5
257
4
50
4
121
5
591
3
237
3
1016
5
222
5
405
4
471
4
281
4
41
258
5
288
4
300
1
748
4
873
4
819
1
845
5
237
3
278
4
125
4
928
1
111
4
181
3
50
3
25
2
255
3
841
3
65
2
776
5
172
3
183
2
216
2
185
2
98
3
202
3
71
4
204
4
604
4
631
3
162
3
195
4
365
5
1037
5
451
5
739
4
66
2
1135
4
723
2
120
1
375
4
682
3
66
258
4
288
4
748
4
294
3
678
2
358
3
326
1
988
1
245
5
243
3
1157
5
50
5
148
5
402
3
289
2
261
1
688
2
877
2
457
1
263
1
1197
3
222
4
127
3
181
5
1287
1
1
1
295
4
293
4
275
4
1272
1
123
3
283
4
235
3
7
4
508
1
9
2
477
1
1014
1
15
5
117
5
471
3
864
4
278
4
147
4
742
2
151
2
237
5
1012
1
455
2
546
5
476
2
214
1
426
1
205
4
1558
1
201
2
458
1
1152
2
628
4
924
4
1277
1
1163
2
282
4
840
4
291
3
125
4
21
302
5
286
4
270
4
875
5
749
1
332
1
116
1
515
5
475
5
237
3
246
1
1662
1
274
4
111
2
815
1
934
1
256
3
173
5
955
5
709
3
421
4
129
286
4
258
3
879
3
98
4
173
4
50
4
60
5
200
4
210
3
461
4
171
3
280
2
191
4
1
4
238
4
510
4
1065
5
658
3
283
4
69
4
498
4
61
5
483
4
515
4
47
3
153
4
527
3
144
3
475
4
28
3
59
5
1180
2
99
4
819
2
960
4
275
5
469
4
941
3
100
5
692
2
198
5
55
4
190
4
955
2
157
4
213
4
70
5
159
3
164
4
607
4
702
3
83
3
4
5
588
4
96
2
209
4
16
5
135
5
137
4
143
3
11
4
972
3
197
4
195
4
39
4
222
5
194
5
88
4
1101
3
12
5
845
4
609
4
367
3
629
5
111
2
1129
4
1268
5
507
4
464
3
85
4
174
4
87
2
168
5
392
4
26
4
737
2
961
5
79
5
1098
3
176
4
56
5
357
4
1006
2
13
3
237
3
97
3
224
5
73
3
518
4
317
3
196
4
505
4
732
3
127
4
212
4
132
3
5
4
509
5
462
5
418
4
742
4
22
4
466
4
382
5
25
4
432
5
738
2
234
3
230
3
125
3
162
4
703
5
730
5
151
4
627
3
625
4
375
2
1039
4
133
3
109
286
4
321
1
323
3
294
3
100
4
9
4
50
3
273
3
1152
3
13
2
275
4
151
4
15
4
845
4
284
4
25
2
118
3
596
3
743
1
819
3
7
4
864
4
282
4
278
4
742
3
274
3
597
4
237
4
222
4
696
3
591
3
756
3
111
4
717
3
411
3
595
4
405
4
21
2
125
4
281
3
220
3
472
3
820
3
1057
1
106
2
252
3
245
4
1012
4
866
4
280
4
1028
4
1
4
255
4
56
4
1284
3
70
4
223
3
11
4
191
3
176
4
2
3
1046
4
200
4
496
5
289
5
121
5
117
5
64
5
633
5
531
5
318
5
69
5
98
5
28
4
143
5
173
3
432
5
4
3
174
5
216
4
22
4
218
4
89
4
939
4
140
3
132
5
747
3
202
4
86
3
227
4
692
4
588
5
231
3
371
3
95
5
732
3
673
4
946
4
31
4
77
4
99
4
693
3
527
4
71
5
1221
4
418
4
356
4
14
4
276
3
23
242
5
286
5
14
5
151
4
137
5
50
2
283
4
10
4
222
2
248
2
25
4
847
4
15
2
1009
5
285
5
127
5
275
4
237
3
170
5
971
4
522
5
42
5
507
5
0
0
64
340
2
332
4
245
2
275
4
845
2
471
3
151
2
16
3
815
3
282
4
257
4
742
3
111
3
25
4
628
3
274
3
744
3
252
3
620
2
535
3
1014
2
895
2
315
3
50
4
288
4
121
4
476
4
248
3
237
4
222
4
346
3
682
3
1016
2
966
4
405
4
591
4
117
4
1
5
300
5
310
4
313
5
14
5
9
5
127
5
100
5
301
5
173
5
756
3
278
2
826
1
15
2
475
2
763
2
1061
1
597
2
762
1
284
1
272
5
269
3
235
2
65
4
70
4
354
3
255
4
29
269
5
258
3
748
2
1093
3
1
4
15
3
222
4
121
4
284
3
237
3
111
5
597
2
411
3
118
4
1011
3
476
4
1028
3
235
3
405
2
13
4
546
4
685
3
473
3
120
1
934
4
824
2
831
1
1322
2
1312
2
64
303
4
258
5
302
2
268
5
875
4
300
5
288
4
333
5
323
5
289
5
678
2
358
3
748
5
294
3
301
4
325
4
331
3
988
3
328
3
246
5
813
5
15
5
298
4
250
5
936
5
924
5
253
5
50
3
100
5
93
5
929
4
117
5
919
5
14
5
111
5
257
4
255
4
297
5
123
3
7
5
1
5
181
3
275
5
477
4
295
4
508
5
129
5
475
5
25
5
240
2
473
5
546
4
1012
5
282
5
742
4
596
4
244
4
410
4
118
4
151
5
222
4
334
5
326
4
937
4
70
690
4
242
4
286
2
408
5
137
4
15
5
283
4
258
5
50
4
83
5
28
5
275
5
154
2
462
3
169
5
1
5
203
1
237
5
134
4
172
4
128
2
707
4
144
1
652
4
86
5
114
4
8
5
69
5
496
5
95
4
181
4
82
2
222
2
79
1
4
1
403
4
241
1
91
4
71
5
189
5
588
5
596
4
542
4
768
4
709
5
216
5
694
3
173
4
197
1
97
1
111
4
949
5
274
4
202
4
762
2
88
4
381
3
98
1
164
2
251
5
1129
5
993
4
477
5
313
3
873
3
289
4
294
4
304
5
892
5
243
3
33
304
4
323
4
264
4
328
5
331
5
258
5
678
4
322
4
245
5
326
4
321
5
748
3
294
4
302
5
879
4
332
4
300
4
1025
3
327
4
259
2
313
5
310
4
315
5
344
4
272
5
354
4
307
4
288
2
752
3
271
4
751
3
312
4
898
3
161
354
2
258
5
887
2
343
1
751
3
288
2
268
4
286
3
324
3
260
2
264
2
895
2
948
2
475
3
251
3
1097
4
14
5
6
3
1367
5
547
4
919
5
1252
4
24
3
171
5
855
2
45
4
462
5
179
5
70
3
382
3
730
3
52
3
531
5
958
4
61
5
639
4
60
5
198
4
652
3
170
5
212
2
509
4
1021
5
1475
4
737
3
1018
3
1529
5
169
5
91
4
588
1
1
3
432
4
408
5
189
5
1240
3
240
2
56
2
109
4
522
4
238
4
100
4
655
3
710
3
93
3
210
2
152
5
42
3
175
4
209
5
168
5
153
5
433
3
792
4
13
4
154
5
455
4
732
3
239
4
47
4
428
4
72
3
204
3
1069
4
367
2
959
4
216
4
386
3
90
4
1071
2
235
4
393
2
1170
3
384
2
940
2
790
3
1188
2
780
4
364
4
1036
3
176
4
183
4
187
5
174
3
127
5
11
2
172
5
7
2
228
3
50
5
182
4
1187
3
181
5
89
4
92
4
184
2
431
1
96
2
188
3
403
2
568
1
68
2
229
3
233
1
2
3
924
1
265
2
232
3
53
3
121
2
231
2
809
1
665
2
541
1
27
1
720
1
29
2
840
1
234
2
185
4
98
4
675
5
200
4
218
2
559
2
217
3
37
3
567
2
769
1
145
3
191
4
221
2
12
3
357
4
32
4
196
4
427
3
318
4
64
4
23
5
59
5
1555
4
224
294
1
300
2
258
1
307
1
1305
3
795
1
545
1
659
3
208
2
175
3
211
3
238
5
56
2
168
1
210
1
202
5
523
2
514
2
194
3
655
1
778
5
186
3
367
2
1118
3
4
2
201
2
428
1
393
1
8
1
692
1
232
2
72
1
712
1
1218
3
401
2
451
1
399
2
88
1
386
2
585
1
94
2
1182
1
577
2
204
3
520
3
515
2
182
4
357
2
205
4
519
5
511
3
521
2
178
4
318
1
187
3
510
2
215
3
214
3
199
4
64
3
69
4
673
2
22
2
135
3
526
4
97
2
179
5
423
1
23
3
180
5
52
3
527
1
28
3
528
4
429
1
58
1
196
3
197
1
518
1
193
5
644
4
403
2
54
1
649
3
732
1
553
2
537
2
650
1
708
2
402
2
77
1
468
2
380
2
365
2
530
5
89
2
172
3
127
4
176
4
183
4
174
3
50
4
195
3
79
2
181
3
230
2
241
4
228
4
265
3
947
2
96
2
550
2
566
2
177
4
82
2
229
2
68
3
431
4
684
1
188
3
568
2
385
1
226
2
2
1
227
5
233
2
53
4
231
1
679
5
1419
1
161
2
808
1
849
1
449
1
398
1
1110
1
29
1
576
1
62
2
391
1
554
1
1228
1
373
2
450
2
1274
1
98
4
185
2
234
2
674
2
559
1
200
2
448
2
447
1
436
2
218
1
219
4
672
1
444
1
567
1
561
1
217
2
573
2
453
2
452
1
569
2
563
1
774
1
189
2
91
1
101
2
418
2
501
1
1091
1
548
1
421
1
739
2
31
1
654
2
525
2
44
1
1090
1
203
2
405
1
7
2
222
3
273
1
121
1
597
2
546
1
118
1
986
1
831
2
840
2
826
2
743
1
1215
1
117
2
508
3
100
1
741
1
410
1
240
1
150
1
235
1
1028
2
1017
3
411
1
866
1
871
1
1079
1
122
1
412
3
105
1
926
1
834
1
406
1
413
1
758
1
293
1
1016
3
250
3
254
1
920
2
12
3
0
0
36
286
2
690
4
288
4
245
5
100
1
117
5
9
5
1
4
1079
2
273
4
357
5
157
3
521
5
523
4
205
4
527
4
15
4
223
4
180
5
196
5
212
5
127
1
135
3
509
4
168
5
153
1
238
4
216
4
818
5
202
5
522
5
56
5
42
5
204
5
692
5
652
5
0
37
258
5
304
3
300
3
879
3
328
4
294
5
243
4
1
4
181
5
15
4
109
3
235
4
222
4
121
3
117
4
50
5
926
4
275
4
471
4
7
3
255
4
257
4
596
4
111
4
118
5
284
3
125
4
21
5
1028
4
411
3
195
5
509
2
447
4
71
4
95
5
252
3
225
4
0
42
286
1
878
1
288
2
322
2
324
4
258
2
268
2
327
4
289
3
245
2
294
1
302
5
180
4
56
3
483
5
195
4
474
5
187
5
191
4
127
5
179
5
523
5
1500
5
97
4
215
3
318
3
69
3
100
5
223
4
205
5
204
4
174
5
134
5
210
4
181
5
232
3
403
4
87
4
50
5
172
5
64
4
135
5
0
30
288
3
269
4
750
4
286
3
258
4
300
4
292
4
333
4
346
5
876
4
301
4
334
3
345
4
331
3
271
5
307
5
294
3
335
3
328
4
872
4
880
4
881
4
887
5
299
5
260
4
264
4
948
3
330
1
343
5
895
4
0
27
288
3
269
5
301
4
886
3
748
3
294
4
995
3
168
4
661
3
496
4
137
2
56
4
22
4
423
2
174
5
195
4
79
4
50
5
209
3
12
4
1
4
69
4
1050
3
183
5
318
4
152
4
273
3
117
286
4
111
5
100
4
127
4
125
4
280
3
275
4
1
4
15
3
276
1
283
4
7
5
9
5
181
4
117
4
126
4
222
4
281
4
696
3
866
3
237
5
458
3
405
4
471
4
121
2
322
3
285
3
240
1
871
1
455
1
89
4
357
5
528
5
132
5
265
4
497
4
86
4
199
4
143
4
588
5
210
4
176
4
173
4
187
4
180
4
172
5
99
4
183
4
423
5
208
5
318
5
98
5
703
3
692
4
633
4
429
4
188
5
216
4
191
4
520
4
195
4
496
5
419
4
418
4
504
4
732
4
133
5
381
3
95
5
484
4
197
3
404
4
179
4
211
4
70
4
161
4
416
4
501
4
709
2
66
4
684
4
177
4
238
4
28
5
655
4
97
4
196
4
234
3
203
4
198
5
71
5
186
4
202
4
204
4
200
5
465
4
88
4
849
2
449
2
82
4
102
4
376
3
231
2
1044
4
708
4
451
2
546
4
385
4
4
4
174
4
230
4
699
4
69
4
724
4
50
4
228
4
289
4
57
310
5
690
5
306
3
286
3
345
3
268
4
899
3
333
3
307
4
937
3
361
3
750
5
880
3
302
3
691
4
1433
3
308
3
898
3
904
3
331
3
751
4
292
3
288
1
269
3
326
4
359
3
313
5
311
4
324
2
938
3
258
5
347
4
1024
2
748
4
294
3
1434
1
352
2
300
4
681
3
362
3
351
3
749
4
259
4
271
1
350
1
305
3
319
3
879
4
906
1
328
3
348
4
342
2
304
4
329
4
245
3
877
2
1671
1
249
302
4
331
4
286
5
879
4
322
4
754
4
326
4
300
5
328
4
289
4
301
2
327
3
271
3
258
4
270
2
984
3
748
3
323
3
294
3
227
3
665
2
483
5
187
4
498
5
510
5
504
4
1
3
64
5
589
5
470
3
205
4
71
3
69
4
528
5
531
4
223
4
56
3
492
3
519
4
193
4
97
3
423
5
23
3
657
4
100
5
511
5
153
3
185
4
174
2
427
2
58
4
318
5
211
4
684
5
431
2
4
3
175
3
480
3
234
3
133
5
661
5
443
4
646
3
177
3
11
2
22
5
7
4
79
4
186
3
523
4
474
3
144
4
182
2
204
3
963
4
655
3
199
5
693
2
183
5
176
5
614
4
96
3
651
4
192
4
601
4
195
3
55
4
28
5
98
5
429
3
12
5
520
4
405
4
132
5
117
4
135
3
200
4
241
5
692
3
159
3
54
4
73
3
180
4
380
3
203
5
148
3
435
3
1126
5
284
3
699
3
76
3
432
1
630
2
448
2
582
4
130
2
828
3
157
5
385
3
44
4
121
4
591
3
550
3
9
4
742
3
89
5
237
4
10
4
65
4
744
4
433
2
649
3
553
3
172
3
357
4
445
4
549
4
518
3
230
3
162
3
482
4
282
4
68
3
568
3
570
3
471
3
658
3
70
4
708
2
215
3
151
1
566
4
521
4
222
3
317
4
85
1
503
4
141
3
51
4
46
3
194
4
729
4
188
4
164
3
82
3
739
2
629
1
62
3
723
3
554
3
229
3
447
3
43
3
736
3
125
3
118
3
228
3
809
3
1112
3
720
3
403
3
637
2
402
3
597
3
167
3
1277
3
636
3
645
3
444
3
561
3
371
3
627
4
639
3
226
4
810
3
1107
3
798
2
356
4
370
2
755
3
291
4
670
3
623
3
685
3
621
3
409
3
679
2
620
3
363
2
436
3
726
4
399
3
556
2
983
3
1478
3
112
3
696
3
781
3
281
4
451
4
29
3
1042
3
231
3
823
3
562
3
235
3
218
4
38
3
662
4
540
3
1518
3
546
3
1248
3
1135
2
586
2
120
2
931
2
1303
3
1139
1
715
3
53
1
1407
3
391
2
1273
3
712
3
579
3
1459
2
1183
2
572
3
33
288
3
127
5
286
1
475
5
93
4
276
5
129
5
1
3
100
5
124
4
9
5
50
5
248
3
741
5
1012
4
508
4
1161
3
137
2
1007
4
628
3
762
3
293
4
284
3
591
3
294
3
249
3
1017
3
150
5
1008
4
151
2
111
3
742
3
181
4
230
294
2
268
4
288
4
259
2
328
3
748
1
678
3
687
1
1025
1
181
4
117
5
246
4
1
3
116
4
100
2
50
4
258
3
123
3
15
5
222
3
283
2
742
4
237
4
282
4
546
1
121
3
475
3
275
4
109
3
7
4
13
3
111
3
249
3
298
5
284
4
248
4
273
5
25
2
405
3
1016
2
274
3
151
4
685
4
10
1
597
3
762
5
931
2
825
3
108
3
472
2
1282
5
235
1
1014
2
926
2
1244
1
928
3
864
4
1048
4
763
3
1028
3
240
3
826
1
1215
1
1165
2
105
2
411
3
122
2
1040
2
368
2
358
2
83
3
153
3
776
3
56
4
496
3
427
4
191
3
69
1
210
4
168
4
203
4
176
3
1039
3
172
4
209
1
22
5
174
4
144
4
792
2
96
3
265
4
89
4
97
2
230
4
65
4
317
4
208
3
211
4
173
3
1118
3
367
4
186
3
157
2
51
3
143
3
183
4
154
4
393
2
213
3
98
5
226
3
216
5
1063
5
196
3
417
2
79
4
135
3
66
3
566
3
550
4
214
3
1077
3
228
3
227
3
229
3
42
5
436
4
709
3
959
3
739
4
485
3
1119
4
232
4
609
2
559
3
584
4
4
3
402
2
241
5
949
4
85
3
49
3
582
3
131
2
774
4
660
3
202
3
378
3
52
4
159
3
184
3
47
2
2
3
721
3
403
4
941
3
155
3
568
3
781
4
431
3
161
4
849
4
1446
4
233
3
944
1
451
3
17
2
188
4
380
4
68
3
90
2
365
4
62
3
583
2
73
4
376
2
786
3
80
2
449
2
401
4
1047
3
72
2
722
3
585
2
1091
1
139
2
70
3
215
2
158
2
63
2
91
3
790
2
940
3
755
3
38
2
1183
2
572
3
552
2
1188
3
67
3
716
4
231
4
570
2
29
2
708
3
561
3
577
2
364
2
1044
4
386
2
977
1
1074
3
41
3
664
3
1230
2
1185
2
145
2
391
2
1132
2
384
2
862
1
1471
2
738
3
771
4
217
4
373
3
412
4
665
3
470
4
250
5
25
286
3
288
3
269
4
302
4
331
1
294
3
327
5
300
5
306
5
299
2
301
3
748
3
304
4
319
2
754
4
289
4
328
4
245
4
259
3
322
4
332
5
9
5
275
5
50
5
181
5
47
9
3
742
3
129
4
151
3
405
3
1047
3
926
3
124
4
591
2
15
4
25
2
282
3
24
3
111
3
1132
3
476
1
762
4
696
3
596
3
595
3
276
3
546
3
1335
4
121
4
21
3
237
3
597
3
363
3
508
2
118
2
840
2
125
3
291
2
1164
3
831
2
1054
1
1011
3
844
4
1015
5
7
4
471
4
100
4
1197
4
13
4
147
4
1
4
544
4
55
294
5
288
4
117
4
127
5
1014
3
181
4
9
3
844
4
150
4
237
3
1067
4
248
4
815
3
257
4
273
3
628
3
50
5
276
3
298
4
222
3
824
3
250
4
100
4
7
3
129
4
1142
5
235
3
293
4
1
4
109
4
118
2
151
5
1187
2
121
3
406
2
458
3
696
3
282
4
106
3
405
3
148
4
252
4
122
3
597
3
240
4
3
4
508
4
979
3
823
3
742
3
1365
2
685
3
456
3
591
4
928
3
0
159
319
4
100
5
25
5
10
4
742
2
181
4
50
3
109
3
7
5
919
4
1199
3
21
3
121
3
117
4
222
3
123
4
477
3
151
3
825
2
410
2
546
3
108
3
472
3
756
3
931
2
235
3
407
3
820
3
826
3
831
2
3
2
926
2
473
2
210
4
173
4
169
5
79
2
429
3
153
3
89
4
8
5
28
4
419
3
174
4
434
3
201
4
716
3
172
3
204
3
209
5
588
5
184
4
433
4
257
3
42
3
208
4
4
4
432
3
58
4
12
4
152
4
175
5
47
3
189
3
214
4
265
3
91
5
144
4
710
3
423
2
238
3
168
5
1101
4
382
4
97
2
95
4
202
3
746
3
154
3
182
4
135
3
655
3
203
3
727
3
96
2
186
3
425
3
132
3
1555
3
191
4
81
4
583
4
514
4
403
3
705
4
234
4
640
4
502
3
200
3
675
3
568
3
658
2
226
3
1110
3
72
3
550
3
219
3
367
3
143
3
2
3
747
3
465
3
17
2
768
3
68
3
431
4
581
4
164
3
70
3
636
3
39
4
567
2
80
3
118
2
167
3
62
4
755
3
386
3
719
2
412
3
797
3
576
2
1041
3
554
3
231
4
402
2
577
3
1413
3
395
2
998
3
771
3
1030
3
120
3
1052
3
1036
2
150
3
1095
3
1
4
240
2
436
3
381
2
217
1
928
1
552
2
559
2
739
1
564
1
405
1
105
1
0
26
286
2
269
3
309
3
327
2
300
2
243
2
748
1
294
3
328
2
336
2
259
3
307
2
687
2
988
1
948
1
127
4
50
5
181
5
298
3
257
5
990
2
1023
3
1254
2
781
5
340
2
720
2
239
321
3
289
3
258
4
988
3
323
4
748
5
878
4
687
4
259
5
243
4
1089
3
222
3
1
4
1283
4
815
5
826
5
274
5
1023
3
181
5
220
3
50
5
15
4
257
4
118
4
275
4
819
3
14
2
121
5
845
5
756
3
473
2
111
1
405
5
740
2
924
3
125
3
1282
3
112
3
281
4
164
4
197
2
1063
3
699
3
961
1
707
2
133
3
71
3
83
4
694
3
480
3
586
2
731
3
280
2
993
3
116
3
151
3
1337
3
21
5
105
3
306
3
225
4
827
4
930
5
1102
4
1164
3
1284
3
832
4
476
2
254
5
932
4
283
5
828
4
929
3
1049
3
825
3
472
3
926
4
563
2
28
4
705
4
588
4
97
1
493
3
1034
2
451
2
79
4
755
3
839
4
380
3
399
5
996
3
1035
4
732
2
231
2
1224
2
72
3
482
3
554
2
1544
3
560
3
208
3
736
5
377
3
781
2
143
5
734
3
202
2
444
2
671
2
132
4
1032
3
418
4
161
3
356
3
602
3
415
3
953
2
576
3
66
3
577
2
1003
3
785
3
155
3
98
1
498
3
365
3
1411
1
172
4
87
3
951
3
485
5
1435
2
423
3
486
4
946
2
173
5
568
4
204
4
196
3
403
4
692
4
174
4
719
1
491
4
603
3
610
3
194
4
210
4
367
3
191
4
945
3
1540
4
1517
4
88
4
168
4
2
4
805
4
378
4
585
3
49
4
163
3
239
4
746
4
73
4
949
3
659
4
110
4
571
3
728
4
394
4
862
3
722
3
944
4
158
2
1249
4
648
3
709
5
90
3
940
1
1446
4
94
3
63
5
393
3
1509
3
1270
3
1183
1
384
2
1043
3
395
3
998
3
1425
4
801
3
228
3
265
5
38
4
810
3
62
4
391
3
82
4
29
4
720
5
1239
4
662
3
402
3
1119
3
821
5
1297
3
142
3
1066
2
1469
3
463
3
95
5
140
4
420
3
419
4
623
3
768
4
417
3
1076
3
584
3
1503
3
465
4
138
3
795
3
400
3
432
4
941
3
52
3
81
3
1285
3
162
3
703
4
660
3
1139
3
1539
2
443
3
769
2
690
4
270
4
24
258
5
690
3
319
4
286
5
289
3
292
4
321
4
748
2
331
4
307
3
306
4
45
4
499
4
479
5
174
5
127
4
1545
4
1063
4
654
5
50
4
484
3
173
5
427
5
191
3
28
294
3
304
3
457
2
181
4
275
4
222
4
276
3
50
4
1
4
118
3
121
4
742
4
597
4
125
3
15
4
405
4
476
3
1047
3
292
5
223
5
127
4
864
4
257
4
300
4
751
4
289
4
25
4
237
4
0
75
286
2
258
5
302
4
294
4
1025
3
326
5
288
3
323
5
687
3
358
3
678
4
748
4
327
2
260
4
879
5
259
2
266
3
330
2
263
1
261
3
304
3
484
3
657
4
196
3
135
4
134
3
197
3
665
4
183
5
176
5
56
3
234
5
185
3
98
4
201
4
447
2
445
3
443
4
448
3
200
4
436
4
440
3
672
3
218
3
217
3
219
5
674
2
444
4
441
3
559
2
396
2
53
4
573
4
669
1
569
3
452
4
567
4
563
3
379
4
769
5
565
3
300
4
299
4
681
4
331
4
184
4
264
4
194
4
646
4
670
4
333
4
7
5
760
3
424
2
413
4
33
286
5
242
5
269
5
303
4
306
4
300
3
887
5
754
2
311
5
261
1
321
4
304
3
990
2
271
2
339
3
538
4
748
1
683
1
325
4
259
2
688
1
322
2
340
5
690
4
289
3
264
2
245
4
988
1
338
2
260
3
243
1
305
5
307
4
332
307
4
328
4
310
4
988
4
678
4
259
4
748
4
322
5
243
3
984
4
323
4
1025
4
260
2
358
3
50
4
181
5
127
3
515
5
250
4
257
5
1016
4
292
2
294
5
1244
2
245
4
252
4
254
4
1615
4
993
2
510
5
153
4
56
3
423
3
210
5
198
5
228
4
208
5
204
4
318
5
216
4
357
5
523
5
174
5
98
5
89
4
474
4
479
4
154
3
558
3
79
4
483
5
213
3
654
3
432
3
96
5
128
5
176
4
184
5
177
5
238
4
1065
3
192
4
215
5
196
4
527
4
81
4
529
4
646
4
603
5
513
5
496
5
187
4
82
5
64
5
172
4
647
5
230
4
164
4
191
4
480
5
97
4
202
4
188
4
203
4
692
5
443
5
239
4
55
4
4
4
91
4
498
5
199
5
1050
3
161
4
10
4
615
5
180
4
121
4
168
5
655
4
151
3
173
4
662
4
205
4
194
4
143
3
25
4
209
3
195
5
71
4
23
4
222
5
639
4
434
4
425
4
1
5
588
4
186
4
468
4
969
4
160
4
431
4
284
4
742
4
1056
4
31
4
511
4
526
4
495
3
663
5
568
4
157
4
234
4
11
4
87
4
99
4
616
3
514
4
528
4
227
4
197
4
70
4
455
5
123
4
7
4
125
4
237
4
841
4
928
4
235
5
405
4
826
3
24
5
411
3
763
4
290
4
108
3
291
4
1047
3
831
3
476
3
546
3
473
4
118
4
413
4
1060
3
925
4
685
4
240
4
472
3
756
3
926
4
456
3
597
3
982
4
105
3
932
3
981
3
120
3
929
3
1291
3
930
3
820
4
1079
4
406
3
824
3
32
3
135
3
22
5
504
3
631
3
632
3
435
3
193
4
670
4
609
3
175
4
419
3
433
4
282
4
444
4
737
3
951
3
156
4
739
4
211
4
1101
3
566
4
185
4
414
4
134
4
144
4
69
4
746
4
182
4
139
3
637
3
582
3
584
4
436
5
732
4
265
4
429
4
720
3
393
3
629
3
219
3
218
4
399
4
719
3
85
4
522
3
573
3
949
3
797
4
72
4
449
3
62
4
755
3
132
4
231
4
63
4
559
3
636
3
675
3
576
4
226
4
679
4
1170
3
206
3
1489
3
402
3
159
4
379
3
152
4
200
3
768
3
2
4
671
3
625
3
624
2
1028
3
642
3
1488
3
163
3
366
4
378
4
367
3
447
3
155
3
1260
3
674
4
747
3
380
4
550
4
403
3
40
3
445
4
1285
2
972
3
708
3
401
2
233
4
229
4
141
3
448
3
428
3
385
4
657
4
133
3
183
4
28
4
520
4
651
4
100
5
212
3
84
3
412
2
396
3
167
3
33
4
68
3
1178
3
1041
3
162
2
451
2
664
3
1228
3
771
3
1411
3
1139
3
1076
3
365
4
94
4
552
4
1188
2
363
4
1222
3
1140
3
145
3
1177
3
415
3
39
2
49
2
95
2
702
2
1074
1
948
1
1210
2
373
2
554
2
288
1
273
294
1
338
1
259
1
331
4
50
4
323
5
678
4
358
3
748
2
127
3
258
3
181
3
322
2
269
5
271
3
337
2
248
4
176
4
183
5
343
5
665
4
209
4
1014
4
147
5
190
5
56
4
22
1
228
3
79
5
11
2
7
5
385
1
55
5
195
3
144
3
210
3
96
4
89
4
172
4
431
1
174
3
117
3
4
2
128
5
222
4
161
1
550
3
455
4
568
3
679
4
82
3
33
5
229
2
405
3
121
3
68
3
403
4
24
4
241
2
1110
5
636
4
226
3
231
3
576
4
761
3
827
4
472
2
831
4
554
1
38
3
597
3
810
2
443
5
98
5
100
5
185
5
558
5
200
5
288
1
234
5
447
4
5
4
164
3
217
2
17
4
559
3
436
3
396
4
569
1
413
2
452
3
145
2
406
1
91
5
95
3
1
4
418
2
588
2
432
5
169
4
422
4
420
4
99
2
501
5
625
3
71
3
473
4
101
2
1091
2
102
4
946
2
12
4
659
3
123
4
118
3
581
2
642
4
470
5
742
3
148
2
928
3
595
3
106
5
771
5
769
2
1157
5
552
3
603
4
525
4
83
4
197
5
111
3
173
4
216
2
709
4
724
2
213
3
747
3
648
4
86
4
212
3
202
2
451
5
1119
3
549
3
371
1
319
2
88
2
387
3
155
1
716
4
739
1
402
2
45
4
175
5
1149
4
664
5
9
3
137
5
661
4
191
4
357
5
32
4
1065
5
179
4
162
2
522
5
135
4
509
5
519
4
223
5
180
3
735
4
423
1
655
3
806
4
631
5
28
3
469
4
382
4
1101
5
425
5
317
4
47
5
58
4
196
2
527
3
582
3
715
4
950
3
942
3
65
3
660
3
856
4
772
3
708
3
1008
4
729
3
214
2
1170
5
922
5
1232
3
546
2
537
5
1629
5
475
5
168
5
93
5
204
2
154
5
13
3
8
3
153
4
1098
3
42
2
25
4
645
5
238
5
386
3
1017
3
428
5
40
3
952
5
629
3
1118
5
274
2
21
2
108
3
401
4
367
4
105
2
321
3
998
4
959
2
240
3
122
5
235
2
411
2
719
4
90
2
94
1
866
1
1071
4
545
1
167
3
412
3
476
1
1002
1
934
1
1054
3
725
3
143
3
419
4
755
3
151
5
477
4
142
4
393
3
141
2
225
1
140
3
417
2
768
2
383
2
1033
3
541
3
890
3
433
4
273
2
346
4
150
5
1105
2
352
5
140
324
2
286
3
302
4
288
3
258
3
690
2
343
3
879
3
875
3
271
3
181
2
1129
3
6
2
100
4
1
4
475
4
237
2
50
5
408
5
111
3
117
2
1012
4
628
3
24
3
14
3
257
4
240
2
455
3
249
4
273
4
150
4
222
4
952
2
1514
3
122
3
405
3
1048
3
1010
3
3
2
121
4
1016
1
252
1
407
3
127
5
254
3
172
3
357
3
484
4
483
4
79
3
318
5
511
5
210
5
170
5
47
4
705
4
521
3
168
4
856
5
187
5
200
4
197
4
89
5
175
5
169
5
192
4
496
5
176
5
98
4
654
5
209
3
179
5
174
5
182
5
186
4
1098
4
157
3
56
5
234
4
238
4
180
4
522
3
216
4
156
4
655
3
45
4
188
3
12
5
204
5
518
3
177
3
28
3
195
3
161
3
265
4
227
2
485
5
675
3
128
3
196
5
230
4
162
3
70
2
144
5
95
5
153
4
504
4
461
4
403
4
419
5
588
4
702
3
421
4
1071
4
76
3
923
3
82
4
228
4
789
4
17
4
433
4
81
5
553
3
629
3
2
3
133
5
1018
4
226
3
96
5
155
3
90
4
88
4
29
4
143
5
158
2
1059
3
131
4
1074
3
233
2
231
3
0
23
288
3
333
4
286
4
751
3
270
4
271
3
332
4
300
4
245
4
325
1
312
3
748
4
875
4
294
5
302
5
750
5
262
5
313
5
340
5
264
5
872
5
327
5
346
5
0
15
294
5
288
3
321
5
323
4
243
4
881
4
873
3
289
5
678
4
878
4
313
5
304
4
328
5
333
5
876
3
21
286
5
292
3
308
4
690
5
307
4
304
5
258
5
895
5
300
5
289
2
294
4
321
3
301
5
892
4
748
3
323
5
315
4
243
3
988
4
678
5
901
4
20
286
2
302
3
1393
3
682
4
288
4
326
4
678
4
333
5
294
5
245
2
748
5
328
4
332
4
358
3
261
1
289
1
300
5
881
4
873
4
292
3
29
294
1
9
3
898
1
750
4
751
5
307
4
310
4
877
1
300
4
690
4
538
3
304
1
270
5
326
3
335
2
342
1
289
4
271
4
259
2
988
3
358
3
263
3
680
2
266
2
243
3
901
1
890
4
892
1
893
3
35
288
4
358
2
656
3
100
4
675
3
56
3
234
3
201
2
98
4
185
3
674
3
448
3
219
4
218
3
672
3
447
3
5
3
17
3
184
3
7
4
436
3
559
3
443
3
53
4
200
4
665
4
669
3
667
2
565
3
441
2
444
2
590
2
413
2
635
2
145
2
183
127
3
50
5
9
4
515
5
250
1
181
5
919
5
117
3
993
2
7
4
1
5
713
4
596
5
405
4
471
2
151
4
125
5
240
2
121
2
472
1
871
1
191
5
518
3
705
5
98
4
514
1
216
3
524
4
95
3
190
5
182
3
174
4
168
3
523
4
318
5
214
5
185
3
527
5
1039
5
96
5
200
5
204
4
357
5
188
3
588
5
86
5
144
4
484
4
496
5
102
3
501
3
199
4
647
5
69
4
732
5
479
4
87
5
28
4
179
2
435
4
602
3
835
3
969
5
159
3
202
4
71
5
183
5
233
3
521
4
154
5
135
2
79
4
196
4
655
3
239
5
141
4
172
5
134
4
423
5
133
5
603
3
65
5
417
5
99
4
143
5
176
4
625
4
228
5
215
5
542
4
485
4
57
5
529
5
465
5
432
5
659
5
175
3
613
5
97
5
837
5
114
5
153
4
443
3
89
4
686
5
404
4
227
2
88
4
433
3
173
5
436
3
132
5
195
4
136
5
582
1
83
4
735
5
402
5
31
4
419
3
629
4
229
3
158
2
671
4
418
4
380
3
77
4
163
4
559
3
1078
2
614
3
193
4
494
5
526
4
615
2
265
5
650
2
483
5
944
3
584
3
2
3
54
3
684
4
660
4
393
4
386
2
712
3
434
3
1204
5
203
4
217
3
639
2
91
3
451
3
1299
3
623
3
392
4
616
1
945
4
1133
3
403
4
94
3
167
2
391
2
230
5
444
2
131
2
665
2
210
2
449
2
226
3
675
2
313
5
1157
2
252
2
82
4
257
3
222
4
258
4
631
4
333
3
528
5
427
5
0
36
258
3
876
4
300
3
327
4
294
4
288
4
748
4
329
4
358
4
328
4
324
2
245
2
289
2
1
4
928
3
222
4
121
3
15
3
129
4
9
3
124
4
7
4
273
5
118
3
147
3
546
4
24
4
455
3
924
3
117
5
405
3
281
4
840
2
363
3
597
2
831
1
0
28
303
4
286
5
300
5
258
2
304
4
340
5
319
4
327
4
245
3
321
4
744
5
248
5
1160
4
346
5
302
5
862
2
268
4
246
4
1537
5
182
4
177
4
147
5
381
4
70
4
255
1
533
4
345
4
315
5
21
315
3
286
4
347
4
258
3
333
5
538
3
302
5
288
5
313
5
358
1
289
2
271
2
324
3
301
2
895
2
328
2
264
3
751
1
316
3
748
1
343
4
62
294
4
1084
5
100
2
275
5
14
4
476
4
117
3
763
3
237
5
181
4
284
3
126
5
993
4
845
5
148
3
459
5
121
3
471
4
274
5
1
5
473
3
15
5
125
4
1197
5
151
4
405
4
1060
5
597
3
111
4
742
4
106
2
118
3
281
3
318
5
22
5
28
5
389
5
180
5
357
5
79
5
483
5
234
5
509
5
495
5
64
5
427
5
705
5
174
5
435
4
560
3
213
5
56
5
98
5
97
5
707
5
504
4
132
5
161
4
484
5
95
5
70
4
71
5
0
185
286
5
659
4
172
5
174
5
408
5
191
5
197
5
164
3
100
5
426
4
517
5
168
5
152
5
195
4
654
5
64
5
81
4
1118
3
1135
3
273
3
98
5
474
5
531
4
124
4
8
5
215
4
12
4
83
3
514
5
143
4
792
3
238
5
22
5
150
4
28
3
69
5
709
3
240
3
56
5
173
5
187
5
222
3
318
5
588
3
866
2
651
5
96
4
1
4
111
4
136
5
919
4
160
4
218
4
134
5
182
4
181
4
475
5
7
5
425
5
33
3
1107
3
140
3
1070
4
92
5
170
4
42
4
127
5
209
4
433
4
459
4
135
4
156
5
183
4
1217
1
228
3
660
5
157
5
50
5
175
4
710
4
404
4
159
3
55
4
141
4
428
5
1067
4
144
5
161
3
410
4
742
4
90
4
216
5
211
5
125
4
747
4
4
5
154
5
471
3
234
4
48
5
13
5
25
3
186
4
188
5
418
4
202
4
721
4
151
4
374
1
128
2
770
4
735
4
423
5
1267
4
419
4
89
5
88
5
625
4
101
3
176
4
102
4
153
4
606
4
87
5
68
3
708
4
58
5
204
4
26
5
77
4
239
4
502
5
71
3
180
4
237
4
31
5
274
4
79
4
427
4
219
2
198
4
715
5
473
3
642
4
206
4
97
5
193
5
478
4
194
5
732
5
229
3
196
5
155
3
53
5
95
4
686
4
568
3
631
4
640
1
503
5
231
3
282
3
655
5
233
4
91
3
401
4
684
4
66
4
450
1
692
4
356
3
1046
3
94
2
227
1
210
4
762
4
230
3
739
4
566
4
52
3
184
3
217
3
17
4
333
3
294
3
20
286
2
268
4
292
3
288
3
319
2
259
4
304
3
323
2
321
2
294
3
243
1
322
4
289
2
687
2
748
1
678
3
991
3
325
4
989
2
245
2
142
294
4
307
4
50
4
9
3
593
3
222
5
7
5
127
3
116
3
250
5
249
3
1051
4
282
4
1199
4
248
4
290
4
14
3
125
5
100
4
591
4
126
3
515
4
1163
3
121
5
1016
3
283
2
742
4
181
4
928
3
137
2
740
2
1015
2
685
4
866
4
273
5
1117
3
472
5
405
5
628
4
106
4
748
5
285
3
276
1
546
5
291
5
284
3
926
4
147
5
281
3
235
3
1254
1
864
3
508
4
924
2
118
4
148
4
298
5
455
4
831
3
619
4
1049
3
369
3
932
3
841
4
925
4
25
4
597
5
1047
3
678
4
840
4
252
5
293
3
257
4
870
3
237
4
288
1
871
3
258
4
124
3
919
1
275
3
832
3
1011
3
833
4
195
5
566
5
423
5
176
5
385
5
98
5
174
5
491
4
12
5
746
5
827
4
982
5
930
5
986
5
363
4
1034
4
1244
5
1013
2
323
4
825
4
823
4
1087
3
741
4
245
5
289
1
687
5
325
5
243
4
984
5
322
5
326
4
321
3
988
3
1008
1
16
3
274
4
120
3
409
3
413
3
696
3
544
3
1028
3
717
4
595
3
979
4
620
3
411
3
20
2
407
3
370
3
406
2
105
3
122
1
130
2
1291
2
931
3
456
3
117
5
115
288
3
258
4
313
5
332
3
309
4
294
4
748
4
678
4
271
4
260
3
343
5
336
4
820
3
1
4
627
4
588
4
946
3
91
4
420
3
95
5
71
5
1091
3
432
3
422
2
99
3
624
4
426
2
501
3
1219
4
101
5
768
3
1409
2
1240
5
625
3
102
4
172
5
174
5
22
5
187
4
127
5
82
3
511
3
183
5
50
5
56
5
11
4
181
5
265
5
89
5
79
4
651
4
210
5
4
4
241
4
182
4
684
3
228
3
230
4
176
5
33
3
39
4
96
5
431
5
92
4
188
4
566
3
55
5
195
5
190
3
568
4
177
5
161
3
184
3
435
4
510
4
226
4
68
3
526
3
385
5
679
2
232
3
229
4
231
3
233
4
578
5
2
3
227
4
554
4
38
3
403
4
849
4
29
3
550
3
570
4
399
4
62
4
449
4
1222
3
586
4
665
5
720
3
1239
4
802
4
391
4
397
3
540
3
1231
3
810
3
53
5
576
4
373
3
1228
3
779
3
1110
4
771
3
21
258
3
268
4
302
4
269
5
343
4
300
3
286
3
689
3
301
4
288
3
332
3
690
3
326
3
289
3
245
3
294
4
329
3
748
4
358
2
312
2
272
4
0
41
100
4
13
4
410
3
116
4
515
4
190
4
213
4
170
4
855
4
512
4
509
5
462
4
529
4
639
4
212
4
70
4
582
4
1193
4
257
4
1018
2
640
3
294
2
259
2
1120
2
20
3
10
3
105
3
129
4
281
3
278
1
14
2
192
5
250
3
222
4
1121
4
318
5
198
4
268
4
258
3
153
4
733
2
0
0
25
313
5
286
3
258
3
328
3
326
4
294
4
307
4
895
2
260
3
876
3
264
3
334
2
245
3
681
2
873
2
323
3
322
3
243
2
288
3
748
3
678
2
181
3
471
4
50
3
25
2
267
289
1
324
3
288
2
328
2
262
2
240
4
127
5
515
3
1386
4
129
3
50
2
475
3
980
3
1187
5
325
4
293
4
1353
3
933
4
7
3
508
5
273
3
1017
4
93
4
628
4
108
2
591
2
13
2
100
4
24
4
150
3
181
2
546
2
298
5
151
4
1012
4
235
4
742
3
250
3
460
2
696
3
405
3
1335
2
118
2
854
4
195
5
192
5
174
2
642
3
467
2
641
4
504
4
206
4
357
4
153
3
511
4
156
4
154
5
168
5
589
5
55
3
176
2
11
5
434
3
730
4
223
4
134
5
1070
5
522
2
1019
5
184
3
518
3
479
2
1154
4
923
5
1006
1
385
3
558
4
671
5
64
3
79
3
182
5
204
1
208
3
69
2
185
5
645
3
12
5
653
4
654
5
806
4
474
5
483
4
22
3
56
4
205
4
163
3
234
3
183
5
684
3
32
5
177
5
445
4
47
5
367
3
98
3
647
4
23
5
197
3
646
5
1428
3
429
3
128
3
656
4
198
4
135
4
1149
4
180
5
4
3
657
4
640
3
616
5
433
3
179
5
238
2
664
3
203
5
187
5
919
2
443
3
943
4
76
2
670
1
211
3
218
4
188
4
89
5
521
4
448
3
58
2
160
5
175
4
209
5
860
2
320
4
378
3
614
2
655
2
200
4
1427
3
506
2
191
4
432
4
96
5
157
2
1231
4
544
1
121
1
1016
1
597
1
403
1
186
1
249
1
819
1
1181
1
715
2
517
2
26
1
194
3
430
4
523
3
1118
3
202
4
451
1
381
4
396
3
152
2
745
4
111
2
428
2
1071
3
201
4
33
2
663
3
940
2
384
3
72
2
824
1
67
3
1029
1
122
2
401
2
577
1
28
3
92
2
233
2
431
2
581
1
449
2
230
1
552
3
573
1
673
4
53
1
379
2
452
1
649
3
675
4
436
2
217
2
665
3
861
3
447
5
219
4
441
1
444
3
667
1
172
2
679
3
161
1
68
4
526
4
576
3
578
1
540
1
1214
4
1597
5
1628
3
512
4
30
4
455
3
840
2
831
1
826
2
267
1
264
2
336
2
488
5
435
2
1274
1
52
3
427
3
410
3
340
5
271
5
5
1
164
2
291
3
227
2
159
2
636
3
928
2
761
2
38
1
931
4
977
2
106
2
1210
1
302
3
346
5
284
1
347
3
144
4
550
2
1143
4
226
3
802
1
344
4
0
0
50
690
3
286
3
268
3
288
1
258
4
269
5
292
5
750
3
900
2
896
3
880
4
302
5
324
4
322
2
327
3
289
1
260
2
875
1
216
4
419
2
89
4
793
2
603
5
210
4
163
5
659
5
611
5
134
3
657
5
56
4
12
5
192
5
185
5
165
4
507
4
654
5
531
4
523
5
318
5
357
5
180
5
429
4
170
5
238
4
187
5
496
4
1065
4
42
3
174
5
663
5
46
286
4
258
4
294
4
289
5
328
4
151
5
1009
5
237
3
222
3
16
2
13
4
276
1
15
3
181
3
9
3
20
4
19
4
596
3
274
4
275
4
220
4
125
5
111
4
283
5
250
2
284
1
763
1
740
5
472
3
25
3
277
2
950
2
285
4
476
3
628
3
535
1
278
3
1047
1
1049
1
762
2
280
2
225
3
926
1
845
4
717
1
934
2
92
311
4
302
4
258
5
313
5
300
2
750
4
748
3
271
4
286
4
289
5
127
5
50
5
181
5
124
4
9
4
93
3
255
4
100
4
283
5
257
5
1
5
718
5
7
5
275
5
713
4
24
4
993
3
121
2
596
5
455
4
249
4
919
5
222
4
111
4
274
4
298
3
1115
4
235
2
405
4
276
4
254
3
28
4
191
5
87
4
705
5
96
4
173
5
1039
5
223
3
83
5
114
4
22
4
945
4
408
4
204
4
480
4
174
4
172
5
584
4
175
3
70
4
134
3
494
4
45
4
1005
4
168
5
128
4
732
4
56
5
71
3
82
4
153
4
8
4
190
4
419
5
187
3
206
4
12
4
318
5
487
4
385
4
72
4
497
5
568
4
179
5
210
4
238
4
169
4
228
4
60
4
69
4
143
5
57
319
1
286
4
258
4
333
4
321
1
326
4
292
3
264
3
323
4
260
2
127
5
1
4
713
2
276
3
475
5
129
4
458
5
257
3
50
5
244
3
864
3
100
3
181
3
7
2
93
4
277
2
813
4
455
4
285
5
255
3
117
5
742
3
111
4
121
3
845
4
825
4
410
1
237
3
118
2
106
2
950
4
1245
4
235
4
281
3
1381
3
696
2
508
3
123
3
532
3
1009
3
866
2
1085
5
1664
1
1048
1
220
3
130
3
846
2
0
31
313
5
272
4
300
4
333
4
315
4
306
4
323
3
344
3
751
3
286
5
302
5
331
5
270
4
754
4
288
3
258
5
873
4
307
5
322
4
892
3
271
4
326
4
325
3
748
4
353
1
689
5
678
4
316
4
358
1
888
5
1294
5
0
204
270
4
271
5
258
4
690
5
300
3
675
5
56
3
448
4
672
3
447
2
443
4
7
5
164
3
637
2
234
4
218
2
217
4
185
3
219
2
674
2
436
2
379
2
452
2
444
2
53
2
446
3
860
3
665
3
413
2
800
4
569
1
561
4
635
2
288
4
551
3
590
3
440
1
441
2
563
2
145
3
667
2
98
3
657
3
230
3
431
3
228
4
183
5
636
4
222
3
265
3
226
3
227
3
229
3
159
2
581
3
628
2
77
2
121
3
449
3
450
2
1157
3
298
2
174
4
50
3
210
3
181
3
89
5
530
3
195
4
96
3
144
3
172
3
182
2
566
3
188
2
177
3
515
3
82
3
385
3
679
4
62
4
161
2
403
2
831
4
127
2
250
4
252
3
194
2
79
2
582
2
474
3
498
2
91
3
1
3
132
3
615
3
173
2
1039
3
168
3
211
2
153
3
154
3
427
2
238
3
654
2
521
2
152
2
69
3
435
2
357
2
429
4
199
3
603
2
419
2
197
2
275
3
23
2
208
3
95
2
191
3
179
4
209
3
216
2
196
2
193
3
170
1
205
4
671
3
175
4
504
2
83
3
28
3
151
2
485
2
482
2
655
3
528
3
661
3
52
2
434
4
632
2
186
2
495
3
215
2
180
3
633
3
432
2
141
4
97
3
1135
3
392
2
101
3
214
3
660
2
959
2
25
2
739
2
501
2
588
2
402
2
162
2
526
3
239
3
627
2
143
2
650
3
200
3
511
3
176
4
651
2
423
2
204
3
420
3
1118
2
206
3
527
3
157
2
708
2
378
2
380
3
416
2
542
2
21
2
133
3
422
2
596
3
625
2
578
3
142
2
99
2
1065
3
74
2
393
2
550
3
465
2
102
2
135
5
473
2
225
2
71
2
616
3
158
2
1411
3
1480
2
81
258
4
294
2
690
3
326
3
300
3
260
1
117
4
251
4
919
3
100
4
222
3
151
4
13
3
471
3
7
3
257
4
109
2
864
3
255
3
121
3
405
2
125
3
597
3
930
2
1039
4
423
3
318
4
22
4
97
3
56
4
175
3
210
4
168
4
70
4
154
3
241
4
1474
4
778
4
421
4
90
3
553
4
549
3
1099
2
207
4
179
3
45
4
174
4
172
4
184
3
55
4
403
3
195
3
431
4
511
3
144
3
89
3
161
3
82
3
228
3
2
4
176
3
684
3
568
4
71
3
627
3
625
3
99
3
588
4
418
3
95
4
946
3
50
5
69
5
173
5
12
5
216
5
181
5
24
5
83
5
921
5
432
5
31
313
4
272
3
1463
1
268
3
302
3
1238
2
896
3
904
3
303
1
306
2
311
4
903
4
1592
3
269
4
1022
2
1399
3
346
3
310
4
308
4
242
4
877
2
750
3
1434
4
1394
4
900
3
690
5
751
2
1234
4
340
1
286
5
909
4
405
258
3
270
3
269
5
748
3
294
3
289
4
271
5
288
4
302
5
268
4
751
5
601
5
69
5
527
5
210
5
513
5
494
5
493
5
431
5
485
5
514
3
657
5
180
5
178
4
265
5
134
4
194
4
496
3
79
4
519
4
239
4
135
4
190
5
479
4
96
4
176
4
181
5
638
4
228
5
168
5
492
3
44
1
174
5
177
3
12
5
604
4
318
5
464
2
317
3
430
3
95
3
524
3
525
4
478
4
173
4
429
2
98
4
136
3
8
4
480
5
507
3
498
4
490
4
83
4
241
4
127
5
61
3
511
5
187
4
199
5
603
5
520
5
699
3
474
5
357
4
526
4
491
3
50
5
56
5
89
5
615
5
510
4
191
5
484
5
1124
4
523
4
175
5
183
4
654
5
23
4
1451
4
218
4
211
2
182
5
82
2
205
5
651
3
71
4
684
5
705
3
521
3
204
3
195
4
735
2
1286
4
483
5
482
5
421
4
610
4
504
5
64
4
1069
4
792
4
558
4
22
4
463
5
435
5
648
5
488
5
505
5
11
5
806
3
238
5
209
4
608
4
428
3
193
5
528
5
91
4
87
4
789
4
197
4
747
3
433
4
516
4
59
4
198
5
515
5
432
3
131
3
92
4
837
5
1118
5
226
4
234
5
794
5
133
4
185
5
161
4
213
3
633
3
650
5
33
5
216
4
31
4
518
4
179
5
568
4
60
4
770
5
530
5
42
5
203
5
489
4
219
4
55
5
188
3
640
1
630
3
443
4
708
3
1101
3
606
4
200
4
497
5
28
5
487
4
721
4
230
3
955
3
1479
3
403
3
662
3
68
3
614
5
660
3
509
4
942
4
47
5
143
5
655
3
778
4
212
5
132
5
499
4
732
4
495
4
661
4
727
4
663
4
39
3
566
5
736
4
659
5
4
5
506
3
1109
3
486
5
427
4
88
4
141
4
186
5
723
2
2
5
468
4
419
5
382
3
378
4
679
3
1206
3
99
4
674
4
1050
4
426
1
404
4
48
5
57
2
1540
3
1179
2
367
4
51
4
550
4
425
5
70
4
215
5
385
5
46
4
609
5
578
3
76
4
559
5
470
5
58
4
746
3
1248
4
697
5
65
3
192
5
602
4
97
4
86
5
232
3
469
2
196
4
66
4
52
4
423
4
1473
5
26
4
1530
2
693
5
580
5
787
4
101
4
675
2
451
4
941
2
702
4
780
4
588
4
715
4
380
3
1018
4
612
5
772
4
549
4
673
4
728
4
1055
3
739
4
54
3
555
2
716
3
29
2
139
2
802
2
768
4
396
5
393
3
208
5
448
5
944
2
233
5
627
4
672
4
731
3
202
5
692
3
80
4
585
2
719
2
949
2
401
5
720
4
184
5
570
4
227
4
1267
3
554
4
569
3
73
4
229
3
786
4
1035
4
414
4
737
4
1249
3
172
4
1078
2
90
2
217
4
729
4
142
3
1107
4
417
4
72
4
849
3
581
4
386
3
377
2
392
2
1518
2
836
5
576
4
622
4
1148
3
642
5
63
3
1221
3
441
4
67
4
40
2
102
2
436
4
755
3
381
4
1411
4
1045
3
785
4
738
4
1110
3
373
3
810
3
1218
4
665
4
365
2
1220
2
562
5
1439
2
1182
2
1478
4
796
1
1188
2
1178
2
110
3
1066
3
1168
4
575
2
415
2
391
3
700
2
1239
2
552
4
387
3
140
4
36
2
1297
3
376
2
94
4
231
2
1133
2
540
2
1311
2
565
2
542
3
586
2
398
1
561
3
616
3
967
3
1004
3
1210
2
1041
4
1044
4
53
3
1209
1
1074
3
1029
1
41
3
400
1
623
1
560
1
449
3
452
3
388
3
146
288
4
258
5
261
1
948
1
262
5
301
5
243
1
289
5
125
3
742
3
50
4
1086
4
1137
5
1007
4
222
5
290
4
121
3
1
3
93
1
117
2
225
1
7
3
455
2
1012
1
25
3
181
4
257
3
763
1
151
4
476
4
118
3
756
1
235
1
926
1
473
2
410
1
13
3
685
2
405
3
109
5
740
4
596
3
1160
4
826
3
108
2
104
3
240
1
220
4
411
1
120
1
820
1
928
3
456
1
369
1
185
2
95
4
527
2
234
2
1167
5
47
2
705
3
1172
1
172
4
196
3
11
3
603
3
168
4
204
4
180
2
238
2
56
1
448
4
99
2
499
4
480
3
98
4
645
3
198
4
507
3
372
5
367
3
144
4
218
3
202
4
96
4
195
4
183
4
173
5
89
2
216
3
211
4
228
4
609
2
479
3
157
1
501
3
426
2
732
4
39
2
210
3
70
3
482
2
1050
3
219
4
191
4
71
4
239
5
404
3
428
3
317
3
602
3
200
3
1204
3
444
3
567
3
578
3
161
2
1400
5
658
3
735
4
447
3
663
2
496
4
1031
2
652
5
419
3
133
3
164
3
8
4
141
3
135
4
174
4
142
3
88
2
716
3
176
3
66
3
77
4
568
4
82
4
153
4
434
3
485
3
474
4
79
4
417
2
150
899
3
689
1
294
5
650
4
511
4
185
3
234
4
640
1
498
5
615
5
496
2
528
3
176
4
519
5
197
5
483
5
172
5
135
4
432
2
638
5
357
5
183
3
654
5
174
5
173
5
166
5
127
3
423
4
1063
5
132
5
318
5
527
3
209
5
99
3
165
5
504
3
50
5
474
5
606
4
812
2
481
3
65
2
431
5
191
5
154
5
462
5
180
2
495
2
204
5
427
5
642
5
82
5
170
5
186
5
153
5
210
5
520
5
647
5
584
3
478
5
480
5
512
5
23
2
195
3
89
5
42
2
655
4
125
5
141
4
216
5
200
2
108
5
661
3
479
5
95
5
430
5
485
5
199
5
523
5
72
5
179
5
451
4
435
3
32
5
529
5
530
5
633
3
202
5
484
5
151
4
433
3
1126
5
207
5
134
5
403
4
121
4
69
2
164
5
419
5
971
5
109
4
588
3
490
5
517
5
97
5
1021
5
747
5
514
5
421
5
489
5
945
5
196
5
152
5
610
5
663
5
582
4
238
4
1101
5
845
5
215
5
973
5
708
4
755
5
181
5
509
4
566
4
25
5
405
5
855
5
71
5
118
2
241
5
603
5
133
4
476
3
679
3
265
4
428
5
443
5
393
5
501
3
163
5
805
5
1065
2
88
4
739
5
162
2
1118
5
732
5
214
5
23
288
5
298
5
121
5
406
4
928
5
118
5
427
4
568
4
633
5
38
5
625
5
172
5
27
5
174
5
234
5
143
5
421
5
588
5
207
5
197
5
15
5
676
5
133
5
51
300
5
294
5
659
4
202
4
318
5
663
2
568
5
196
3
153
4
480
5
204
5
490
5
435
4
969
5
82
5
208
5
173
5
56
1
705
5
8
5
121
5
496
5
385
5
71
5
50
5
494
3
97
5
519
4
485
5
98
1
79
5
742
5
28
5
132
5
96
4
566
5
15
5
584
4
210
5
172
5
95
5
162
3
228
5
419
5
174
5
181
5
168
5
69
5
88
5
648
5
22
5
173
687
2
696
3
284
3
295
5
544
4
473
4
290
4
147
4
121
4
717
3
111
3
845
3
1014
3
742
5
405
5
824
4
815
3
748
3
1047
3
1009
2
924
4
984
3
881
3
879
4
676
3
10
3
291
4
979
3
1051
2
818
2
472
3
930
3
109
4
123
4
455
3
129
4
250
5
298
5
9
4
248
4
410
4
760
4
1277
2
1089
3
252
3
932
3
1094
1
828
2
823
3
977
3
1059
3
825
4
987
1
1276
2
1023
3
240
4
363
4
619
4
112
1
1028
3
597
4
826
4
456
2
1337
3
1132
3
841
3
1245
4
981
1
125
4
866
3
1376
2
1254
1
820
3
974
2
1291
2
595
3
983
2
411
3
685
4
925
3
1034
1
122
2
412
2
975
2
840
3
833
3
1287
1
831
5
1095
3
531
3
234
4
160
5
435
4
553
4
95
4
238
5
22
5
128
4
806
4
132
4
12
4
182
5
480
5
11
5
192
4
48
4
56
5
4
5
161
3
588
4
1540
2
172
5
71
4
204
4
223
4
157
4
180
5
406
2
367
2
1676
2
64
5
475
4
68
3
79
4
193
4
228
4
8
4
174
5
693
5
176
4
153
3
483
4
23
4
27
4
92
5
144
5
564
3
159
3
772
3
231
4
31
4
17
5
331
3
304
3
261
3
307
4
313
4
258
4
340
5
751
4
286
4
271
5
343
2
689
3
875
5
1025
2
330
3
332
1
1675
3
346
5
895
3
328
3
299
4
880
3
892
2
266
3
681
1
680
3
1598
3
302
5
339
4
342
2
355
4
0
41
271
3
286
3
302
4
292
4
333
4
301
1
328
3
300
5
334
3
690
2
340
1
307
1
331
2
288
4
332
3
270
4
304
4
880
5
682
4
877
2
748
2
323
3
258
3
322
3
326
2
879
4
327
3
259
3
294
2
358
1
245
3
873
3
330
1
1280
4
299
4
887
2
688
3
264
3
678
4
1025
4
261
3
217
333
3
294
2
269
4
286
1
343
3
270
4
303
3
258
4
302
3
268
3
328
1
322
1
264
1
321
3
324
3
271
4
289
2
358
2
260
3
293
5
50
4
285
4
129
3
1086
3
246
3
100
5
1
3
14
4
1197
3
297
4
713
4
1335
2
924
4
150
3
1281
2
475
4
7
4
24
4
250
4
619
2
237
3
919
4
1016
2
123
1
15
3
591
2
151
4
628
2
147
3
283
3
222
4
508
4
117
3
405
4
13
3
744
2
1134
3
126
3
244
3
458
3
19
3
273
4
255
1
544
3
257
3
762
2
274
3
455
2
1047
1
111
3
471
2
249
3
742
2
282
2
696
2
1284
2
815
2
281
3
3
1
1011
2
1283
2
291
2
121
1
125
3
287
3
928
3
922
5
597
2
825
3
411
2
472
1
925
2
235
2
20
2
290
1
118
2
25
3
476
3
220
4
106
3
122
3
829
2
979
4
1014
3
823
2
535
3
225
1
840
2
756
3
409
2
1061
1
1028
2
846
3
620
2
826
2
1013
1
499
4
170
4
195
3
173
4
514
4
180
4
32
4
156
3
174
3
505
4
603
4
604
4
507
4
479
4
528
4
23
4
238
5
22
2
483
4
606
4
83
4
431
3
382
4
488
4
466
3
482
3
945
3
537
3
632
4
175
4
197
4
318
5
191
4
134
4
652
3
58
3
176
3
616
4
498
3
132
5
185
4
1077
3
127
4
135
4
203
4
493
5
423
4
705
4
487
4
12
5
735
3
153
4
42
4
216
3
421
3
87
4
512
3
855
4
664
4
133
3
811
3
200
5
64
5
223
4
522
2
757
3
194
3
357
4
186
3
79
4
511
4
461
3
144
3
799
3
492
4
509
4
171
4
1677
3
188
4
484
3
98
4
463
3
69
4
709
4
168
4
86
3
4
2
55
4
96
3
89
4
9
5
124
5
11
5
93
5
288
5
8
5
1226
4
56
5
469
5
275
4
49
4
23
165
4
512
4
283
3
45
3
170
2
171
3
475
4
462
4
86
2
919
3
638
4
855
4
59
3
60
3
179
3
1021
3
510
4
582
3
166
4
198
4
529
4
509
3
531
3
0
22
898
5
348
1
258
5
294
3
300
3
328
3
304
2
321
4
325
1
259
4
988
2
687
1
892
3
14
4
19
4
547
3
283
5
475
5
116
5
275
5
20
3
24
1
21
269
4
286
4
292
3
690
3
754
4
689
5
289
3
327
3
678
1
323
2
181
2
331
3
9
5
1368
4
293
3
100
3
515
4
127
5
307
3
333
4
334
4
39
313
5
275
3
535
5
1281
3
282
3
151
2
249
5
118
3
294
3
1315
4
1009
4
257
2
287
5
458
3
762
5
928
3
1095
2
1132
3
3
5
1014
4
846
5
763
4
476
5
1048
3
1326
4
368
3
111
4
25
4
276
4
1061
4
293
4
15
4
288
4
410
4
1008
4
475
4
955
5
381
4
421
5
65
300
4
286
4
262
4
303
3
302
4
333
3
690
4
305
4
1061
3
307
3
289
3
294
2
245
3
890
2
321
3
327
3
301
2
332
2
310
4
311
4
339
3
894
2
315
3
272
3
313
4
220
3
56
4
865
4
285
5
204
4
216
4
202
4
153
4
692
5
283
4
211
3
381
3
514
5
516
3
70
5
100
4
508
4
517
4
663
3
393
2
732
4
4
4
949
3
26
3
715
4
629
3
49
2
712
3
287
3
274
3
1047
2
900
3
347
4
344
3
678
3
716
2
846
2
1041
2
781
2
312
4
43
294
3
289
5
301
4
319
5
286
4
242
5
292
4
321
1
937
4
305
4
531
4
275
5
14
4
86
5
170
5
736
4
83
5
179
1
70
4
462
4
45
5
463
3
52
5
529
5
10
3
116
4
509
5
213
5
740
4
475
3
382
5
381
4
582
2
584
5
547
4
1009
5
20
4
737
3
714
4
1148
3
1227
4
26
3
949
4
165
258
5
288
5
748
4
260
5
678
4
271
5
111
5
117
5
977
4
515
4
252
3
546
4
24
4
276
5
1011
5
405
2
282
5
250
5
257
5
10
5
845
4
742
5
105
3
919
4
979
5
472
5
831
3
928
4
978
3
982
4
476
4
1009
4
1117
4
825
5
597
3
866
4
1199
2
820
4
767
4
407
3
930
5
406
4
823
4
413
4
120
3
974
2
50
5
127
5
147
5
1093
5
121
5
100
5
544
5
222
5
7
5
151
5
172
5
61
5
435
5
69
5
208
2
205
4
193
4
64
5
201
3
519
4
483
5
657
5
647
5
210
4
216
5
179
5
434
5
969
5
485
5
433
4
603
5
498
4
198
5
173
5
520
4
168
4
429
5
182
5
89
5
658
5
22
5
484
4
185
5
566
3
12
5
526
4
79
5
197
4
215
4
462
4
238
4
651
5
202
5
187
4
176
5
174
5
45
4
474
5
143
5
633
5
199
5
480
5
521
5
135
5
91
5
491
3
568
3
196
5
214
3
183
5
98
5
496
5
195
5
432
5
650
4
789
5
200
5
132
5
265
5
505
4
478
4
655
5
1109
5
177
4
96
4
211
5
92
5
184
2
228
5
180
5
99
4
495
4
181
5
60
5
186
3
97
4
467
4
11
4
175
5
70
4
357
3
56
3
59
5
141
4
81
5
82
4
230
3
423
4
203
4
431
5
188
5
559
4
479
4
416
3
640
3
1050
5
737
4
1110
5
436
4
0
290
258
5
408
5
50
5
121
4
13
4
1
5
100
5
1016
4
124
5
405
5
106
3
9
5
294
4
288
5
276
5
993
4
275
4
742
4
137
4
237
4
283
5
273
5
7
5
717
3
591
4
225
3
245
4
349
4
328
5
892
3
678
4
343
5
511
4
203
5
216
4
735
5
128
4
483
5
182
3
136
4
48
5
98
5
789
4
153
5
265
5
12
5
157
4
194
4
134
5
55
4
95
5
116
4
318
5
56
5
223
5
132
5
317
4
655
4
969
4
91
5
209
3
188
3
201
5
127
4
164
4
97
4
28
5
418
3
178
4
663
4
176
5
588
3
684
4
202
5
174
5
169
5
8
5
87
5
382
3
190
4
210
4
282
3
88
4
11
5
222
4
47
5
432
2
1101
4
24
5
234
4
186
4
15
4
433
3
143
4
423
5
58
5
531
5
466
4
357
5
172
5
64
5
144
5
96
5
82
5
79
5
191
4
196
4
496
5
403
5
509
5
419
4
181
5
133
5
603
4
736
5
168
4
732
4
228
5
710
2
568
4
111
3
183
4
693
4
70
4
114
5
651
5
31
4
523
4
25
4
629
3
197
4
597
4
163
4
1047
3
559
4
472
4
609
3
52
4
471
5
22
5
561
4
195
4
204
5
208
4
966
4
215
4
118
4
109
5
73
5
623
3
62
4
729
4
219
4
173
5
393
3
230
2
200
4
125
4
356
4
794
3
189
4
1217
3
85
2
805
4
232
4
465
3
619
3
71
3
672
2
550
4
239
4
117
4
151
5
227
4
660
4
451
4
566
4
226
3
2
4
5
4
716
2
380
3
526
4
66
3
708
3
69
5
474
4
1446
3
93
3
578
3
596
4
214
2
470
4
939
4
44
4
625
4
673
3
218
4
692
2
367
5
404
4
747
3
642
3
238
5
394
3
972
2
1425
2
86
4
1119
3
123
4
1135
3
628
4
443
4
1109
4
1531
3
658
2
65
3
4
4
99
3
549
3
1208
2
184
4
768
3
102
4
1303
2
1044
3
159
4
1112
2
800
1
67
4
720
3
715
4
781
3
386
3
951
3
161
4
231
3
72
4
770
3
94
4
54
4
775
1
1033
2
217
4
43
3
77
4
108
3
38
3
1248
3
53
4
562
4
29
4
569
3
235
5
167
4
501
3
229
4
81
3
1284
3
685
4
546
4
140
3
290
3
373
2
722
2
49
3
755
4
402
3
145
4
665
3
473
4
1228
3
1412
1
1140
1
563
3
797
3
1210
2
541
2
801
3
542
4
930
3
734
3
476
2
577
3
422
3
780
2
63
3
399
4
391
4
401
4
66
302
5
268
4
258
4
271
1
328
3
100
4
547
5
408
5
847
5
1
1
7
5
475
4
222
2
24
4
455
4
471
1
240
2
108
1
763
1
919
5
117
2
546
1
1028
1
121
1
744
4
685
3
825
1
845
1
111
1
676
2
411
1
148
3
473
3
405
2
472
1
21
2
118
1
1047
1
928
1
597
1
1009
5
1011
1
456
1
926
1
831
1
412
1
743
1
929
2
122
3
169
5
91
3
189
4
432
1
71
1
95
1
627
1
501
1
588
2
99
1
101
1
1240
5
946
1
418
1
625
1
245
3
294
4
0
95
286
5
258
3
300
2
690
5
270
5
294
3
328
5
289
5
323
3
748
4
678
3
50
5
181
5
295
4
257
4
250
4
1608
2
252
2
511
5
528
4
483
5
480
5
498
4
318
5
22
5
1065
5
195
5
603
5
211
3
203
4
144
3
1
4
182
4
210
5
11
3
64
5
496
5
156
5
524
5
168
4
7
5
855
5
132
3
96
5
475
5
12
5
31
5
180
5
150
5
1039
5
660
4
23
5
134
5
198
5
652
5
657
5
89
5
172
5
1159
5
188
4
197
4
69
2
650
5
175
5
56
5
474
5
431
4
183
3
529
5
588
3
28
5
655
4
98
5
186
5
228
5
9
5
204
4
174
5
1154
5
273
3
423
3
68
4
276
1
196
3
216
3
135
5
651
5
207
5
176
3
222
4
117
3
191
5
79
4
956
4
51
3
208
268
4
327
4
358
2
1028
3
209
4
132
4
433
4
176
4
210
5
651
5
238
4
181
5
480
4
1
4
188
3
710
3
98
4
854
4
640
5
114
5
455
5
501
3
419
3
621
2
50
5
636
3
64
5
427
4
127
4
662
2
178
5
520
4
919
4
198
5
59
4
150
5
156
3
429
2
12
5
385
2
228
5
408
5
426
4
100
5
234
4
164
2
7
5
168
3
195
2
65
2
202
3
201
2
160
4
183
5
136
5
410
3
151
5
506
4
436
3
180
4
218
3
498
3
23
5
475
4
135
5
204
2
474
4
199
5
153
2
503
3
588
1
589
4
214
3
509
3
922
5
367
2
169
5
68
2
55
5
179
4
96
2
434
3
161
2
56
3
191
3
200
3
946
1
207
3
273
3
447
2
187
4
1240
5
174
5
423
2
81
4
240
5
1098
5
159
2
69
2
732
3
89
4
154
3
496
2
109
3
524
3
184
3
211
3
91
3
1035
1
219
2
568
1
172
5
470
1
239
3
173
4
317
5
655
4
378
2
417
1
128
5
193
2
73
1
579
1
265
3
47
2
95
2
133
2
206
5
24
2
738
2
208
3
432
2
658
3
237
1
222
3
398
1
232
1
746
2
145
1
405
1
709
4
216
2
186
2
189
5
139
1
615
4
778
2
825
1
61
5
646
5
162
3
1031
1
762
4
233
2
747
2
67
3
581
2
843
1
679
3
94
1
90
3
382
4
142
1
217
2
1285
2
726
2
101
4
227
1
556
3
1188
1
167
1
727
2
117
2
448
2
229
3
158
1
452
2
685
1
566
1
225
1
631
4
80
2
1509
1
1076
1
121
2
739
2
155
2
403
2
1480
1
412
5
82
2
1206
3
998
2
451
2
1183
1
755
4
2
2
230
3
550
4
578
2
562
2
547
3
402
1
567
1
783
1
1037
1
449
3
122
3
47
288
3
242
2
294
3
312
2
315
3
237
4
181
3
50
4
116
4
275
4
282
3
276
4
13
3
240
4
596
3
298
3
25
2
125
3
126
2
284
1
815
1
15
1
287
2
846
2
1382
3
1163
2
118
1
1061
1
1134
1
476
1
1047
2
756
1
411
4
1132
1
696
2
1079
2
122
3
412
5
310
4
269
4
515
5
253
4
100
5
127
5
1014
4
151
5
249
4
250
286
4
289
2
873
2
288
4
327
4
328
3
988
2
641
4
646
4
520
5
95
4
178
4
474
4
497
4
653
4
195
4
127
5
48
4
69
4
697
4
514
5
170
5
185
4
188
5
428
4
134
4
171
4
174
5
603
5
58
5
317
4
197
5
657
5
1073
5
12
4
523
5
528
4
479
5
654
4
56
5
489
4
177
4
238
4
131
4
23
4
50
3
318
5
655
4
244
3
7
4
284
2
273
3
475
5
813
4
527
5
606
4
357
5
673
5
735
3
772
4
367
4
521
3
194
3
45
5
462
4
180
3
198
4
92
4
724
4
469
4
47
3
770
4
658
4
11
4
659
4
135
3
481
4
959
4
31
4
172
4
608
4
203
4
461
4
181
4
480
5
179
4
22
4
186
4
710
3
642
4
28
4
793
5
6
4
204
4
168
4
66
4
216
4
209
4
382
3
517
2
384
3
239
3
715
3
396
3
90
4
477
4
13
4
21
3
154
4
302
4
466
4
841
2
223
4
591
2
42
2
549
2
1041
2
1267
2
1074
2
722
2
88
2
692
2
4
2
487
4
210
4
79
4
558
4
208
4
96
4
647
4
746
3
713
4
1134
4
10
4
9
5
124
4
1008
3
458
1
148
2
211
3
651
3
89
3
421
2
196
3
663
3
792
3
789
4
513
4
582
5
65
3
503
4
55
3
499
4
447
4
693
4
945
4
939
3
68
3
77
3
385
3
202
3
684
3
550
3
1046
3
943
2
219
2
2
2
53
2
583
2
1412
2
54
2
51
2
704
3
559
2
568
4
38
3
569
2
570
2
802
3
1044
2
554
2
810
3
1112
2
856
3
494
3
736
1
699
3
470
3
433
3
1230
2
395
3
763
4
1042
2
1208
2
1090
2
579
2
1210
1
574
1
378
3
332
2
248
4
52
2
504
5
483
5
265
4
98
4
427
4
589
4
111
3
435
3
952
3
401
3
386
4
17
4
505
4
246
3
268
3
511
3
1006
2
781
3
949
3
1118
3
1021
2
1019
3
191
3
1221
3
508
3
333
3
631
2
732
2
132
4
566
2
644
2
443
3
1020
3
340
3
496
5
313
4
315
2
182
5
1014
2
471
4
235
3
431
3
690
2
640
3
490
3
258
4
253
4
169
4
115
333
2
331
3
315
3
690
3
307
3
347
5
271
5
245
3
337
3
883
3
335
3
360
3
342
4
289
3
909
3
301
4
305
3
895
3
750
3
876
3
1024
3
1022
3
937
3
324
3
1434
3
359
3
751
4
1430
3
905
3
752
3
989
3
908
3
907
3
896
3
313
5
270
5
310
3
242
3
1176
3
904
3
346
3
345
3
272
2
575
5
182
5
302
5
258
5
262
3
269
3
259
3
1431
4
300
4
352
3
326
5
127
5
187
5
1197
3
1385
3
1345
3
547
3
813
3
1388
4
1386
3
286
3
147
5
276
5
515
4
174
5
947
2
22
5
511
2
56
5
96
5
183
3
172
5
226
5
195
5
11
3
27
2
50
5
17
3
121
4
190
2
210
5
79
5
161
5
181
3
510
3
177
5
435
3
82
3
526
5
651
2
566
3
92
3
4
3
173
5
1119
3
275
3
216
3
241
3
197
3
202
4
237
3
213
3
747
3
781
4
1137
3
794
3
549
3
662
3
1072
3
955
3
97
3
402
3
71
258
4
310
4
288
5
347
2
300
5
313
5
328
4
272
4
682
3
354
4
350
3
268
1
895
5
294
3
893
4
748
3
905
4
892
3
1
3
111
4
405
4
628
4
742
4
117
4
278
3
121
4
591
3
282
5
273
3
237
4
280
3
845
3
1011
1
685
4
284
3
597
4
756
4
763
3
815
4
1028
3
151
2
1284
3
932
4
864
3
926
4
1165
2
290
2
118
4
274
3
546
4
363
4
928
2
717
4
1047
4
1376
2
106
3
820
3
925
4
826
3
930
3
975
4
871
3
409
3
1061
4
974
4
1040
3
977
3
476
4
334
1
332
3
323
2
0
34
305
4
286
4
311
4
313
3
302
5
346
3
751
3
306
4
340
3
321
3
124
4
14
4
100
4
285
4
111
3
150
4
275
4
276
4
116
4
137
4
676
3
125
3
20
3
748
3
289
4
325
2
197
4
127
5
191
4
357
5
182
4
521
5
514
5
654
5
89
258
4
269
4
302
5
286
3
268
4
321
3
288
4
294
2
334
4
300
3
289
4
358
3
333
5
332
3
937
4
327
4
133
4
98
5
707
4
180
5
423
5
169
5
478
4
174
5
172
4
8
3
357
5
45
3
22
3
173
5
603
4
514
5
176
4
428
4
96
4
183
5
496
4
211
5
1103
5
772
5
474
5
753
3
511
5
135
4
462
4
134
5
179
5
131
4
692
2
527
4
12
5
1073
5
654
4
418
4
806
4
1422
3
504
5
64
5
963
4
921
5
652
5
32
5
480
5
501
4
181
4
421
4
964
4
71
2
42
4
923
5
171
5
481
5
50
5
55
3
582
5
512
5
213
4
518
4
28
4
523
4
651
5
4
3
461
4
185
4
195
4
56
5
187
4
479
4
23
5
21
286
5
288
3
294
4
289
3
878
2
19
5
187
4
276
4
511
5
178
4
174
4
523
5
238
4
604
5
527
5
318
5
435
4
529
4
22
4
48
5
531
4
81
286
2
288
3
306
3
270
4
302
2
269
4
690
4
307
3
326
4
258
4
333
4
300
3
328
2
340
3
748
4
271
4
538
4
382
3
59
5
170
5
70
5
207
3
14
5
83
3
475
4
921
4
531
5
60
5
275
4
61
5
582
2
744
5
640
2
463
4
381
4
702
4
971
4
1402
4
949
3
52
4
584
4
515
5
557
4
737
1
237
4
216
4
197
4
86
4
173
4
451
4
732
4
692
4
549
4
371
5
955
4
202
4
662
5
111
3
727
4
88
4
402
3
155
2
274
4
739
4
553
4
738
4
241
4
79
4
228
4
185
4
203
4
98
5
31
4
56
5
176
5
222
2
55
4
159
4
566
4
226
3
164
5
134
286
4
269
4
690
2
321
2
275
4
19
4
236
2
137
3
50
4
9
4
285
5
258
3
100
2
20
2
276
3
181
3
740
2
14
5
515
4
126
3
318
5
317
4
59
3
435
4
485
3
482
4
153
5
463
2
165
4
136
4
8
3
509
4
154
3
707
2
64
5
1039
3
462
4
531
2
191
4
179
4
168
4
265
3
655
3
517
4
215
2
923
3
498
4
582
4
511
4
956
2
98
4
650
2
22
2
642
3
197
4
60
4
111
4
496
5
127
4
1092
3
170
4
921
4
45
3
512
5
640
1
855
3
584
4
213
3
1121
2
212
3
57
4
283
3
736
5
70
3
663
5
474
5
1149
4
237
3
274
3
97
3
202
4
216
4
451
2
692
4
371
3
51
4
732
4
402
4
739
3
549
4
553
3
66
3
794
4
88
4
1100
3
155
3
796
2
116
2
175
2
204
2
194
4
588
2
432
3
71
4
99
4
418
3
140
2
755
2
393
3
82
3
151
1
225
3
659
4
172
4
416
5
481
5
514
4
529
5
152
4
166
4
949
3
1065
1
662
1
535
1
781
1
1041
1
702
1
699
1
15
4
427
5
497
2
530
5
234
1
174
3
29
300
3
292
4
751
2
304
4
294
3
181
4
255
4
125
5
597
2
127
5
237
4
596
2
151
3
763
5
222
4
866
5
1047
2
1284
3
118
3
282
4
1
4
15
4
685
4
50
4
117
4
25
4
121
4
276
4
111
4
336
288
4
300
3
302
5
327
3
258
4
879
3
301
4
328
4
294
4
689
4
678
3
948
4
181
5
1
4
273
5
237
4
150
4
475
4
628
2
137
4
298
4
1012
4
124
5
742
4
276
4
293
4
117
4
7
3
410
4
25
4
1059
4
508
4
100
5
249
4
477
3
282
2
235
3
222
4
591
4
283
3
148
2
121
2
127
5
685
4
471
4
109
4
111
4
473
3
1197
3
240
4
50
5
24
3
363
4
864
3
845
3
1016
4
147
4
123
4
763
3
833
4
825
4
1620
3
412
3
405
4
411
4
926
3
1284
4
1013
3
1277
4
820
3
1276
3
281
4
1093
3
546
3
841
3
831
4
1244
3
1001
2
928
2
823
3
597
3
1151
3
250
3
257
5
118
3
252
2
826
3
930
2
986
3
254
2
1215
1
182
5
79
4
195
4
144
5
174
4
210
4
187
5
651
5
22
4
11
4
96
4
172
5
176
5
56
5
39
4
2
3
230
3
92
4
435
4
55
3
161
2
177
5
403
3
684
4
232
4
128
3
82
3
226
4
1184
3
188
4
228
3
4
4
68
5
568
5
385
4
184
4
566
3
770
4
231
2
550
4
1188
2
33
3
802
3
233
4
849
3
541
2
636
3
227
2
398
3
29
2
720
2
779
3
27
3
761
4
570
3
578
3
810
3
38
3
53
4
62
3
554
3
1222
4
655
4
93
4
209
3
194
5
168
3
204
5
692
3
238
4
208
5
732
4
8
4
793
4
70
4
88
3
1446
4
367
4
47
4
721
1
173
3
42
5
17
3
381
4
186
4
239
4
1225
2
202
4
201
4
90
3
49
3
824
4
40
2
722
3
85
3
393
3
63
3
791
2
719
3
21
2
781
3
386
3
396
2
1185
1
72
3
731
4
67
1
3
1
80
2
790
3
585
1
105
3
575
3
401
3
1017
3
94
3
1000
3
1041
4
158
2
110
3
780
3
384
3
1047
3
940
3
783
1
1270
3
571
2
577
3
122
3
801
3
41
1
376
3
734
3
456
3
1258
3
1023
2
476
3
1291
3
818
2
368
1
1052
1
1095
3
369
1
407
1
120
2
1002
3
1165
2
1423
3
191
5
12
5
357
5
69
4
64
5
461
4
28
5
423
5
97
4
179
4
23
5
99
3
588
4
95
3
418
4
91
3
627
3
71
4
234
5
98
5
185
5
200
4
218
4
5
3
217
4
379
4
769
3
1134
5
318
5
467
4
180
5
87
4
527
4
65
4
1119
3
81
4
402
3
1468
4
693
5
366
2
697
2
380
3
470
4
1267
4
956
3
1058
2
1518
2
468
3
556
3
392
3
356
4
54
3
284
4
1478
3
1139
4
1044
4
1224
3
1053
3
365
2
1181
3
375
1
755
3
768
2
151
4
625
4
584
3
1035
4
140
4
409
2
623
4
1415
2
1030
2
1496
4
1036
2
383
3
795
2
280
2
421
2
451
2
549
4
794
4
394
3
728
4
619
4
595
1
931
3
976
2
603
5
31
4
657
4
156
4
44
4
1217
3
1210
4
1157
4
771
3
579
3
259
289
1
748
3
259
3
294
3
304
3
333
5
243
2
678
2
117
5
1
4
50
3
181
4
515
4
546
4
756
4
225
2
257
5
222
5
127
4
276
5
477
4
7
4
9
3
864
3
25
3
151
2
15
3
596
3
118
4
255
3
13
4
121
5
100
4
281
3
412
1
473
2
405
4
21
3
103
1
125
5
1033
1
282
4
742
4
924
3
274
3
685
2
112
2
934
3
1089
1
1028
3
1164
1
291
3
472
4
105
3
820
2
943
4
483
4
175
2
185
5
23
4
511
5
514
4
357
5
8
4
191
5
671
3
178
3
484
4
89
4
192
5
504
3
498
4
31
5
98
5
478
4
28
5
97
3
480
4
95
4
238
1
176
4
705
1
133
4
174
5
209
3
96
3
11
4
414
5
495
5
524
4
432
3
202
4
523
4
79
4
521
4
234
3
197
3
474
3
430
4
135
4
527
3
177
4
168
3
64
5
69
3
183
4
228
3
642
4
588
3
22
5
180
5
140
2
208
3
1118
3
193
5
417
2
217
3
392
5
196
3
200
2
194
3
186
3
526
5
580
5
265
5
4
3
82
5
663
5
71
4
395
3
214
4
179
5
226
3
625
5
561
4
582
1
205
4
399
4
732
5
204
4
161
3
1217
5
528
5
136
4
530
5
99
3
182
3
88
3
465
3
1124
4
77
2
188
4
81
3
385
4
62
4
419
5
423
4
1066
3
215
3
132
3
229
4
38
3
490
4
542
1
380
4
435
3
58
3
566
4
199
5
576
3
63
4
141
3
434
2
51
5
755
4
233
3
216
4
139
3
27
3
227
4
447
4
49
5
520
5
1228
3
172
4
94
2
506
4
568
4
1046
3
849
2
739
4
1540
1
187
4
393
4
29
2
400
2
143
5
728
3
679
1
654
4
712
3
601
5
451
1
630
4
559
2
70
2
72
2
401
1
134
5
218
4
573
3
1078
3
550
3
230
4
615
4
403
3
575
2
1133
2
54
4
375
1
1177
1
795
2
53
2
655
4
443
5
356
3
812
2
768
3
790
3
441
2
449
3
420
3
651
5
90
3
1411
2
43
3
195
4
554
1
1480
2
286
2
56
1
323
2
322
4
14
1
826
1
129
4
240
1
476
2
620
2
456
1
763
3
1057
1
411
3
1215
1
120
2
108
3
106
4
831
2
409
4
137
288
3
294
4
258
3
748
5
243
4
988
5
117
4
471
4
222
5
815
2
275
5
121
4
405
4
15
5
290
4
237
5
151
5
1060
3
7
4
455
3
25
2
225
5
284
3
473
3
291
4
409
4
118
4
546
2
597
4
147
4
929
1
369
3
1015
3
756
3
411
3
235
3
105
3
476
3
412
1
122
2
407
2
21
2
841
1
932
4
820
3
1052
2
1
5
526
4
510
5
204
5
174
5
8
5
183
4
419
5
357
4
69
5
172
5
132
5
746
4
515
5
180
4
205
5
56
4
432
5
568
5
98
5
496
5
429
4
193
5
196
4
133
5
1412
3
181
5
588
4
211
4
265
5
89
5
203
4
216
4
199
5
28
5
230
5
86
5
195
5
210
4
71
5
692
4
168
5
228
5
50
5
191
5
215
5
11
4
470
4
82
5
177
5
173
5
66
4
176
4
4
4
33
2
380
5
208
5
378
5
131
4
465
3
582
5
70
3
559
3
566
4
143
4
135
5
202
4
427
5
684
3
95
4
1444
4
185
5
96
4
423
5
79
5
99
5
194
3
186
5
660
3
616
4
662
3
101
3
420
5
501
5
140
3
416
4
227
4
1116
4
739
4
393
4
969
5
0
43
269
5
258
5
268
4
322
3
323
2
300
1
275
4
9
5
100
5
285
4
127
4
146
3
116
4
475
4
515
4
713
3
14
4
1009
2
165
3
463
5
509
4
179
5
923
3
1073
4
640
1
166
3
213
4
70
4
86
3
462
4
198
5
212
4
921
5
529
5
638
4
736
3
510
5
582
5
382
5
381
5
1214
1
1018
2
949
2
102
245
2
300
4
538
4
338
3
50
3
181
3
290
1
100
3
274
5
111
4
25
4
476
4
756
2
866
3
1061
2
655
3
204
4
173
4
523
3
153
2
208
3
186
4
154
3
428
4
88
4
209
2
210
5
70
5
821
3
239
3
72
1
386
2
393
3
451
2
167
3
94
2
383
2
1030
1
318
5
97
5
28
4
423
4
135
2
196
3
69
4
179
1
356
3
660
5
65
2
662
3
1221
3
549
3
365
3
949
4
582
2
29
1
953
3
1311
2
56
3
735
3
432
4
91
3
501
3
189
5
588
4
71
4
169
5
625
3
99
4
420
4
95
4
418
4
946
3
1
5
596
4
237
5
815
4
213
3
216
3
739
4
278
3
402
3
117
4
685
3
405
4
174
5
79
4
195
4
161
4
172
3
233
3
568
4
7
3
82
4
188
3
151
4
225
3
419
4
584
3
143
4
417
3
142
2
240
268
5
288
4
328
3
54
3
12
5
153
3
318
5
187
4
191
5
184
4
7
5
589
3
188
4
56
4
23
4
194
3
196
3
11
5
96
3
180
5
181
5
156
4
28
4
1
4
238
3
435
3
410
4
1170
3
92
3
475
5
50
5
48
4
512
1
172
5
175
4
160
1
546
1
128
4
200
3
168
4
64
5
4
3
357
4
518
4
228
4
710
4
47
4
367
4
55
4
483
4
789
3
150
4
558
3
657
5
157
4
1019
4
201
3
159
2
216
5
628
3
240
3
474
4
89
4
20
2
208
3
939
4
591
3
403
4
1073
4
27
2
218
3
178
5
237
4
544
4
209
4
919
4
15
3
65
3
212
2
173
5
182
4
234
3
69
2
204
3
496
4
772
1
24
4
177
4
584
4
813
4
732
3
582
1
425
4
10
3
195
4
171
4
941
2
1267
3
214
3
1010
5
101
4
581
4
233
3
176
4
433
2
100
4
49
4
692
3
231
2
42
5
943
3
273
2
71
4
9
5
1324
2
506
4
381
2
3
3
227
3
58
4
98
4
419
3
22
4
685
2
282
3
132
3
68
3
423
3
53
1
66
3
127
4
636
3
746
3
709
3
87
4
959
3
229
3
202
3
1067
5
144
4
241
4
81
4
95
5
1119
4
265
4
466
1
467
4
17
4
1208
3
222
4
239
3
1093
1
118
1
179
2
235
3
174
5
396
2
733
4
217
2
663
4
1048
4
79
5
5
3
549
3
826
1
380
3
26
4
232
3
799
1
568
3
655
4
129
5
803
2
63
3
164
4
623
1
33
4
183
5
230
2
43
2
393
3
108
5
94
4
147
5
67
4
762
5
686
4
62
3
559
2
385
3
781
4
726
1
697
1
761
4
2
4
824
4
715
1
405
3
371
1
186
4
721
5
833
5
566
3
161
5
29
1
1217
4
117
2
1074
2
631
4
1065
4
659
4
472
3
1046
2
783
1
449
3
1231
3
388
1
819
4
76
4
1095
2
693
4
451
3
1303
1
1467
5
364
3
1209
2
399
3
651
5
384
3
1489
1
790
4
1435
3
1421
2
801
3
578
4
80
3
550
4
1228
2
940
2
1014
5
171
305
5
50
5
718
1
7
4
257
5
100
2
127
3
258
1
1084
5
1015
5
125
5
1
5
471
3
181
5
410
4
288
4
1278
2
763
5
845
4
9
2
596
5
1012
1
222
3
24
5
294
5
993
5
109
5
118
5
871
5
597
5
151
5
111
5
121
5
243
1
472
4
1279
3
1120
5
405
5
279
5
274
1
235
3
926
5
25
2
477
1
1060
5
928
5
455
5
760
5
284
4
1079
1
1051
4
1047
5
828
3
369
5
473
4
1283
5
13
1
409
4
252
4
240
5
931
3
932
2
105
3
832
2
411
4
476
1
1028
5
929
1
225
4
756
5
254
4
934
4
412
5
826
1
1383
4
122
5
1033
4
1013
4
98
3
202
5
183
1
1473
1
28
5
839
4
699
1
22
5
491
2
568
2
655
1
210
5
318
5
431
3
496
4
172
5
95
4
427
5
419
2
143
5
423
2
421
5
969
5
432
5
8
4
418
4
69
4
168
4
204
5
164
4
1413
4
180
4
128
5
115
5
132
4
588
4
87
5
96
4
1063
1
195
4
385
4
99
5
416
2
633
5
697
1
289
5
692
5
710
5
228
4
1540
5
470
3
720
5
200
1
443
4
91
5
501
4
1496
4
71
5
82
4
1136
5
562
5
90
5
404
4
84
4
393
4
142
1
378
5
609
4
465
5
176
5
946
4
56
5
673
5
140
5
755
5
420
5
768
4
206
5
72
4
218
5
38
5
559
4
548
1
365
5
187
4
1116
5
578
4
47
5
1239
3
65
5
368
5
1035
5
1029
5
20
269
5
286
5
180
4
100
4
191
5
792
5
644
4
111
4
202
4
869
4
69
4
137
4
514
5
153
4
631
4
237
5
280
3
762
5
535
4
274
4
326
302
4
269
4
258
4
303
3
271
3
879
3
327
3
300
3
262
4
268
4
886
3
338
1
1022
4
294
3
322
3
881
3
749
2
515
5
50
4
718
4
127
4
257
4
100
4
297
3
676
2
237
4
475
4
9
4
246
4
471
3
1142
4
847
4
147
3
408
3
248
4
150
5
1097
3
273
4
137
4
151
3
298
4
124
4
919
5
1016
3
544
3
279
2
1
3
276
4
1067
3
741
4
181
4
762
3
117
4
13
4
250
4
1589
5
1134
4
7
3
93
3
742
3
240
3
282
4
129
5
24
4
249
3
1011
3
121
4
678
3
533
3
831
2
696
3
866
4
979
3
546
4
125
4
1048
3
833
3
763
4
252
3
473
4
818
4
411
2
405
2
1079
2
455
4
235
3
3
4
819
2
1014
2
1152
3
687
2
56
5
187
4
98
4
234
4
12
5
427
4
223
4
357
4
169
5
651
4
59
4
89
4
172
4
11
5
474
4
657
4
423
4
171
4
92
3
646
3
479
4
170
4
190
3
183
3
173
5
480
5
209
2
178
5
191
4
523
4
58
3
650
2
165
3
219
2
22
3
514
1
511
4
177
4
174
4
483
4
192
3
156
5
195
4
655
4
144
4
382
2
194
5
705
4
64
5
484
4
493
3
95
4
604
3
210
4
659
4
1070
3
87
4
482
4
952
3
430
4
168
4
631
3
31
3
1218
4
649
2
654
3
943
3
498
4
97
3
26
4
980
4
513
4
202
3
789
2
435
4
721
3
428
4
955
3
182
4
695
3
732
2
134
4
79
3
179
3
431
4
520
4
204
4
164
4
519
4
1428
3
8
3
568
3
729
3
207
3
69
3
23
3
403
3
607
4
497
4
1073
5
746
4
1103
2
175
4
135
2
82
4
603
4
42
5
216
4
86
4
193
4
488
2
318
4
185
4
385
3
684
2
32
4
469
4
470
4
239
4
663
3
196
5
154
4
686
3
433
4
180
4
509
2
524
4
462
5
615
3
211
4
4
3
381
4
652
5
91
4
265
4
65
4
33
5
1065
4
83
4
1194
4
81
4
317
4
71
3
128
5
161
4
160
4
70
3
1553
3
96
4
658
4
856
4
199
5
461
3
39
2
55
4
731
2
647
2
212
2
947
4
494
3
566
3
436
3
203
2
60
3
208
4
72
3
153
5
188
5
512
5
550
3
642
3
451
3
1074
3
747
4
737
3
186
5
1006
4
290
2
94
4
627
2
949
3
73
3
636
4
17
4
132
4
562
3
1153
4
85
3
554
4
728
3
28
4
226
2
755
3
820
2
959
3
1170
2
1069
1
944
3
386
3
232
3
1262
3
1113
5
159
3
700
3
1195
3
540
2
399
3
77
3
29
3
869
3
1072
3
231
3
2
3
402
3
739
3
576
3
67
2
217
4
155
3
1139
1
1267
3
664
2
597
3
782
2
1188
2
734
3
54
3
1239
1
291
3
575
3
1231
3
1487
3
1419
2
1110
3
771
2
119
340
4
286
5
479
5
185
5
483
5
514
5
515
5
133
5
200
4
7
4
194
5
97
4
193
4
489
4
172
5
423
5
1065
3
127
5
663
4
436
3
1
4
162
4
208
5
195
5
132
5
429
4
136
5
204
4
501
4
134
5
1039
4
589
5
23
5
187
5
357
5
523
4
179
5
152
4
604
5
153
3
524
4
657
5
98
4
89
4
69
4
480
5
474
5
434
4
210
4
190
4
520
4
258
3
271
3
324
4
234
5
443
4
447
3
675
5
671
5
637
3
444
4
674
3
667
2
452
2
654
5
176
4
603
5
228
4
636
3
183
3
230
3
265
2
229
2
527
4
205
5
135
5
427
5
174
5
530
4
50
5
181
4
385
4
435
5
102
3
625
3
173
4
237
3
451
2
662
3
313
5
118
2
449
1
101
2
211
2
403
1
739
2
121
2
448
2
404
4
655
3
484
3
157
4
186
2
215
4
521
5
496
5
516
2
632
5
214
4
843
3
142
3
168
5
151
5
660
2
85
1
737
3
1149
5
163
3
167
2
25
274
5
756
4
933
3
531
4
127
4
117
3
546
3
978
4
597
3
278
4
866
5
1028
3
476
5
280
3
405
3
595
3
1278
5
717
4
1040
3
934
3
323
3
107
5
409
4
121
4
118
4
226
300
4
357
5
484
5
318
5
648
4
100
5
483
5
393
4
195
5
523
5
172
5
291
4
173
5
168
4
480
4
641
5
28
4
127
5
708
4
191
5
588
5
8
5
98
5
705
4
56
4
525
5
431
4
1269
5
385
3
12
5
222
4
228
3
649
5
202
4
596
3
482
5
150
5
423
5
1
5
188
5
671
5
181
4
15
4
143
2
516
5
521
5
604
5
238
4
430
5
511
5
692
4
64
4
497
4
71
3
265
4
515
5
969
4
1124
4
194
4
661
5
192
5
81
3
7
4
177
4
182
5
210
4
429
4
582
3
175
4
276
4
134
5
174
5
478
5
479
5
1035
3
135
5
31
4
186
3
273
4
178
5
176
5
659
4
183
5
187
5
89
5
613
5
22
5
204
4
215
4
684
5
837
5
95
4
526
4
97
5
237
4
50
5
70
4
11
3
214
2
132
5
129
3
213
3
425
5
96
4
2
4
216
5
615
5
208
4
157
5
435
4
82
3
601
5
133
3
144
5
380
4
495
4
87
5
401
3
465
4
487
5
151
4
663
5
760
3
136
4
203
5
162
4
496
5
155
2
1285
4
578
4
58
4
739
4
419
3
227
4
612
5
477
4
633
4
500
5
79
5
180
5
196
4
763
2
184
4
631
4
1224
4
230
4
153
5
54
3
25
4
121
4
239
4
88
4
636
4
72
4
1118
3
76
4
768
4
159
4
405
4
470
4
481
5
229
3
62
4
755
4
69
5
233
5
679
3
102
3
90
2
781
4
378
4
49
4
845
4
729
4
447
3
226
3
436
3
441
3
1454
3
420
2
1444
3
566
4
849
2
321
5
403
3
797
4
274
4
568
4
131
4
63
4
732
4
67
4
73
3
110
3
472
3
826
2
625
3
29
2
449
2
570
3
1078
3
367
4
417
3
125
4
288
4
118
4
951
4
27
4
825
4
284
5
576
4
765
2
432
4
946
3
422
1
418
4
99
3
501
3
473
3
542
1
1219
2
820
3
1091
2
117
4
68
4
5
4
59
258
3
288
3
323
2
298
4
1
5
294
3
69
5
259
3
237
4
1012
3
264
3
260
2
358
2
286
4
147
3
781
3
410
4
24
4
117
4
845
3
476
3
1245
2
405
5
240
4
118
4
125
3
471
4
976
1
235
3
411
3
928
3
820
3
290
3
220
3
597
4
122
2
412
3
148
3
1215
3
819
3
151
4
77
4
56
5
426
4
11
4
172
5
50
5
246
3
144
4
161
5
759
3
724
3
531
4
121
4
96
4
1218
3
849
3
815
3
771
3
239
269
3
302
4
268
3
242
4
258
4
289
2
288
3
879
4
262
4
270
3
326
3
324
3
292
4
690
4
299
3
334
3
332
3
748
3
322
3
323
2
260
2
678
3
990
3
1295
3
264
3
328
4
300
4
515
4
1251
4
1379
4
298
3
256
3
295
3
534
4
888
4
333
4
319
4
306
4
340
4
536
5
303
4
286
5
935
3
255
3
248
4
936
4
249
3
252
3
1023
3
250
4
1016
3
1226
4
535
4
1258
3
1255
4
244
4
1315
3
19
4
190
5
847
4
223
4
318
5
134
4
1131
4
511
4
479
5
1194
5
512
5
874
4
336
3
886
3
307
3
305
4
339
4
1038
3
883
3
937
4
330
3
875
3
50
4
9
4
744
3
1007
3
281
3
111
3
628
3
285
4
148
3
591
4
25
2
475
3
978
3
237
4
405
3
713
4
236
4
117
3
109
1
93
4
273
3
284
3
740
4
129
4
290
2
1
4
471
4
276
5
257
3
676
3
15
3
818
3
137
5
277
4
297
4
10
4
126
3
278
4
14
4
933
3
979
3
116
4
311
4
754
4
271
2
887
4
689
3
283
3
508
3
16
3
7
4
595
3
1048
4
1010
4
121
3
147
3
107
3
279
4
1009
4
280
3
472
3
1381
3
287
4
827
3
863
5
845
3
327
4
919
4
12
5
529
4
293
4
20
5
331
4
124
5
310
3
877
3
245
4
246
4
1142
4
275
4
13
4
1658
4
32
4
1150
4
100
4
922
4
83
4
558
5
45
4
30
4
707
4
753
5
923
5
462
4
213
4
509
4
86
4
166
4
170
4
165
4
1501
4
60
5
531
3
59
5
1073
4
57
4
381
3
1115
4
463
4
639
5
855
4
26
4
971
3
198
4
113
4
582
4
179
5
1080
4
52
4
1404
3
70
3
61
4
960
5
736
4
212
5
171
3
1560
4
1403
3
1462
3
961
4
1153
3
638
3
1005
5
698
4
702
4
313
4
898
4
750
4
343
2
312
3
346
4
345
4
347
4
272
4
751
3
315
4
1281
3
221
4
125
3
1089
2
718
3
350
3
900
3
905
3
885
2
344
4
903
4
752
3
316
4
1313
3
20
748
3
294
4
328
4
301
4
988
3
885
2
181
5
13
5
1
4
222
3
100
4
275
5
283
4
284
3
50
5
1014
3
117
3
597
2
151
5
742
4
362
310
4
302
2
300
2
258
5
271
1
872
3
307
3
325
1
260
2
182
4
187
5
234
4
273
5
22
5
204
4
789
2
55
3
493
5
199
3
515
3
496
4
525
5
238
3
153
4
239
4
480
3
97
4
588
5
228
5
9
4
318
4
100
3
730
4
87
4
497
3
210
4
144
4
11
2
483
3
98
5
76
3
482
3
603
4
79
5
661
4
427
4
95
4
282
2
172
5
127
5
132
3
1
4
435
4
191
4
12
3
1194
3
265
4
48
4
836
3
96
5
198
4
180
5
481
4
173
5
479
3
275
4
203
5
237
5
168
4
28
2
39
2
420
4
478
5
136
5
200
4
705
5
69
5
209
3
241
5
181
5
31
3
223
4
124
4
511
5
274
2
429
5
468
2
709
3
15
3
201
3
143
4
135
3
64
4
71
5
651
4
684
4
215
5
188
3
141
3
1240
4
1045
3
952
4
508
2
82
3
186
4
462
3
317
4
461
3
222
4
134
5
655
4
1101
2
425
2
414
3
23
2
7
4
686
3
1098
3
423
3
196
3
4
3
117
2
402
4
692
4
526
4
50
5
19
2
154
3
518
3
430
3
25
3
1221
2
632
2
431
3
89
5
735
3
161
3
484
4
1214
2
128
4
164
4
8
5
121
3
24
4
73
3
206
3
387
2
91
2
474
3
596
2
88
5
631
2
636
3
202
2
742
1
393
3
147
2
133
2
647
3
190
5
320
3
129
4
966
4
58
3
470
2
845
3
1672
2
83
5
211
4
157
4
195
4
184
3
175
2
568
2
587
3
713
2
179
2
710
4
216
5
746
3
732
4
489
5
436
3
739
2
371
2
455
2
527
4
123
3
380
2
118
2
379
2
566
4
108
3
597
4
660
5
658
4
654
3
715
3
504
3
708
2
86
1
820
2
1134
3
51
2
471
3
284
4
422
3
774
3
2
3
42
4
744
3
582
2
1119
3
637
2
101
3
70
4
1018
3
152
3
1267
2
1248
2
559
3
392
3
549
2
942
4
33
2
367
4
160
3
226
3
405
2
808
3
77
4
92
1
1011
2
1622
2
68
3
1208
3
1351
2
229
4
385
4
557
3
356
3
232
3
85
3
1217
2
674
2
685
3
721
4
219
3
662
3
403
1
1028
2
212
2
1046
2
54
2
148
2
233
2
1423
2
768
2
578
2
616
3
1406
3
572
2
542
3
576
2
640
2
770
5
591
3
642
2
426
2
1681
3
765
4
46
2
1522
2
231
1
809
2
291
3
679
3
411
2
1183
2
384
2
159
2
1231
1
550
2
29
2
546
2
80
2
1284
2
810
1
67
2
798
2
472
2
1078
3
139
2
1220
1
928
3
1042
2
399
1
43
3
281
2
386
3
802
2
217
2
570
2
235
1
554
2
763
2
672
2
1074
2
473
2
1112
3
1222
2
145
1
562
2
800
3
398
2
840
2
575
2
569
2
62
2
1249
2
225
1
1303
4
824
1
476
2
1004
2
849
2
452
3
1437
1
801
2
174
5
227
4
230
4
450
1
752
1
27
1
1471
1
719
1
53
1
720
1
458
1
20
1
696
1
257
4
313
4
250
3
248
4
245
4
993
4
751
4
327
5
880
4
343
1
183
4
665
1
176
5
299
1
328
1
358
1
887
2
895
2
760
2
288
3
185
294
3
288
5
323
4
243
4
22
5
82
5
98
5
40
3
204
4
69
5
419
4
497
3
96
5
177
5
199
4
172
4
193
3
265
3
176
5
132
5
183
5
510
3
530
3
205
3
201
5
95
3
429
5
651
3
174
5
97
5
385
3
55
3
181
3
187
5
127
5
202
2
182
4
498
5
89
4
23
3
215
4
8
3
673
5
11
2
238
4
28
4
173
3
526
5
203
4
136
5
135
3
588
4
622
3
616
5
521
5
77
4
849
4
214
5
659
5
550
3
66
3
699
4
633
5
180
5
371
2
210
5
56
2
485
3
133
4
436
4
208
5
143
5
435
3
402
5
179
3
478
3
609
5
195
5
378
5
1219
4
185
5
951
3
736
3
416
5
211
5
404
4
523
5
184
4
708
2
705
3
196
3
670
3
418
4
88
4
484
3
73
3
389
3
168
3
194
5
140
3
141
4
200
5
433
4
393
4
470
4
188
5
684
2
506
4
71
5
479
4
501
5
451
4
228
4
230
4
679
5
660
4
603
5
443
5
234
5
483
3
528
3
1531
4
566
2
649
3
465
5
227
3
568
5
33
5
239
2
65
4
76
4
222
4
405
5
273
3
117
3
118
5
161
5
742
3
125
4
477
3
25
2
121
5
763
3
290
4
546
4
597
5
151
5
871
3
235
3
409
4
974
4
281
4
406
3
826
4
760
5
472
5
928
5
410
3
1028
4
473
3
926
4
1033
4
369
4
925
5
455
3
864
4
1051
3
866
5
411
5
240
4
120
3
368
1
840
3
717
1
1
5
186
5
50
5
68
5
423
5
99
5
79
5
496
5
232
5
646
5
1254
2
30
300
2
272
4
315
5
313
4
258
3
286
2
270
4
242
4
539
3
310
4
347
3
288
4
327
5
271
3
328
2
302
4
324
4
751
3
319
5
243
1
312
2
748
4
358
4
334
3
316
5
683
3
343
3
309
5
689
3
1296
4
135
50
5
742
4
117
4
275
4
181
3
222
4
455
3
685
3
258
5
282
5
471
4
237
4
740
5
250
2
111
4
1
3
147
2
1016
3
255
4
121
5
257
4
125
3
284
3
748
4
25
3
597
2
546
2
827
2
934
3
751
4
717
1
694
5
190
4
172
4
173
3
69
3
174
5
194
5
96
4
209
5
176
4
144
3
83
4
423
4
28
5
655
4
427
5
179
2
180
3
463
4
357
4
496
5
518
4
603
4
283
4
238
2
71
4
746
4
197
4
318
4
31
3
203
4
228
3
483
4
8
4
98
4
95
5
385
3
479
4
474
3
89
4
64
4
204
4
188
2
73
4
568
4
186
4
527
4
498
4
168
4
208
3
135
4
195
4
216
5
658
2
515
3
193
3
239
3
470
4
48
4
214
4
265
4
66
4
356
2
1101
5
218
4
588
3
433
4
640
1
414
2
428
4
229
2
79
5
291
4
499
3
133
3
153
5
161
4
177
3
151
2
51
1
157
4
202
4
154
5
435
3
367
4
230
4
684
3
410
1
747
1
566
3
2
3
660
4
710
3
431
1
234
4
200
4
213
4
663
4
732
3
724
5
231
1
403
3
29
2
254
2
45
294
4
288
2
325
1
508
3
137
3
121
2
237
4
124
4
9
2
100
4
864
2
117
2
129
4
744
2
696
2
471
2
284
2
458
2
410
2
280
2
1132
1
405
3
1028
2
871
1
130
1
834
1
493
2
480
4
589
5
200
2
318
4
205
4
136
2
429
2
661
4
474
4
183
3
478
2
1298
2
483
4
654
2
186
2
618
4
31
2
602
1
124
748
4
294
3
322
4
988
4
111
3
50
4
222
4
1620
5
237
3
929
4
287
3
756
4
866
3
235
3
1049
3
477
3
932
4
1120
4
1389
5
1605
5
181
4
257
4
250
3
117
4
121
4
546
4
405
4
118
3
252
3
13
1
259
2
243
2
826
2
688
2
321
1
1
5
151
3
409
3
20
1
15
5
1643
5
275
3
174
5
96
5
56
1
210
4
22
5
228
5
568
5
403
2
230
5
38
3
566
5
195
5
161
5
636
2
679
4
229
4
172
5
391
5
8
3
63
5
204
5
66
5
168
4
435
5
194
5
211
4
1047
3
73
5
430
3
1041
5
949
3
395
3
28
5
82
5
560
3
71
4
465
4
378
5
35
4
423
4
95
4
78
4
795
3
393
5
94
4
142
4
419
5
623
4
768
3
1035
4
91
1
578
3
135
4
436
4
498
4
447
3
12
5
58
4
429
5
69
5
523
4
216
4
732
5
451
4
88
5
662
4
402
4
728
4
155
5
739
5
234
4
520
5
443
3
144
5
140
4
196
4
89
3
509
4
521
2
180
2
476
5
864
5
49
258
3
302
3
294
2
306
4
328
3
333
3
326
3
754
3
327
3
300
4
268
1
301
2
289
3
271
2
879
4
307
3
304
3
50
5
515
5
127
3
181
3
1016
2
257
3
298
2
250
4
246
1
295
2
993
3
989
2
483
4
318
5
172
4
134
3
479
4
191
5
1
5
480
5
423
4
8
5
176
5
228
3
87
4
95
4
187
3
497
5
275
4
144
5
204
3
79
5
0
47
300
4
288
4
328
2
682
4
289
5
9
4
117
4
628
3
181
3
255
5
535
3
216
4
275
5
736
4
709
3
173
3
694
3
237
5
274
5
1152
4
451
4
732
3
747
4
202
2
278
5
155
4
724
4
762
2
66
4
111
4
97
4
778
3
739
4
781
4
815
4
280
5
402
4
1041
2
553
3
796
3
794
4
88
3
1074
4
785
5
90
2
421
5
603
4
40
333
3
258
3
313
4
302
5
328
3
326
3
751
3
345
4
245
3
322
3
873
3
321
4
319
2
300
4
294
3
301
4
748
2
879
3
742
4
100
4
282
3
124
4
237
3
591
4
471
4
125
3
129
4
116
3
508
4
117
3
150
4
273
3
137
3
717
1
871
2
7
4
475
3
1051
2
1011
3
458
4
41
286
5
307
3
300
3
991
3
321
4
270
4
100
4
7
3
9
4
285
5
273
4
1009
2
124
4
408
4
475
3
742
3
276
5
10
4
125
4
1011
4
221
4
740
4
15
3
676
5
471
3
129
4
237
4
277
3
284
4
283
4
287
5
744
4
628
5
405
3
117
4
121
4
473
4
544
4
823
3
696
4
240
3
147
286
5
258
4
340
2
326
5
288
5
294
4
301
4
748
5
245
4
988
3
181
4
275
5
50
4
475
3
100
5
1
5
19
5
813
5
277
5
283
4
15
5
111
5
591
5
287
4
291
5
1028
5
815
5
282
4
1016
5
742
5
107
5
685
5
740
5
274
5
628
5
596
4
1163
4
744
5
121
4
278
5
619
2
248
5
471
5
237
5
763
5
696
5
620
4
25
5
405
4
764
4
476
4
1057
3
409
4
713
5
117
5
756
4
928
5
934
4
151
4
235
4
924
5
290
4
125
4
472
5
118
4
220
5
828
5
1244
5
825
3
1048
5
819
4
225
5
123
4
978
5
1040
5
762
5
1326
4
1051
5
120
4
1054
3
699
5
724
5
318
5
1220
5
462
4
496
4
8
3
686
4
185
4
729
5
427
5
647
3
182
5
1119
5
520
5
83
5
317
5
71
5
144
5
356
4
483
4
42
4
697
5
739
5
143
5
821
5
79
5
172
4
485
5
393
5
98
5
402
5
553
5
1221
5
1167
5
710
4
869
5
173
4
86
5
198
5
497
5
202
5
97
5
271
5
281
5
284
5
88
5
1284
5
322
5
96
5
506
5
633
5
5
5
1047
5
313
5
272
5
333
5
268
4
312
5
260
2
689
4
366
5
1157
5
147
5
781
5
332
5
129
5
74
300
3
288
4
322
2
264
3
98
5
525
4
648
4
55
3
7
3
484
4
496
5
603
4
963
4
50
4
528
4
204
4
183
4
100
4
515
4
192
2
709
4
69
3
156
3
694
4
133
5
12
3
56
4
200
2
488
4
427
5
174
3
482
3
558
4
124
3
127
4
209
3
318
5
483
4
181
3
527
3
195
4
481
3
701
4
172
3
657
4
185
4
423
4
123
3
654
3
447
3
79
4
144
4
151
3
419
4
173
3
205
3
147
2
194
3
96
4
223
4
732
3
591
4
414
3
479
4
663
3
357
3
494
3
478
4
111
3
28
4
216
3
47
3
434
4
631
4
0
60
250
1
181
1
9
4
100
4
298
2
124
3
282
3
628
1
508
4
257
3
24
3
125
3
845
4
273
3
121
1
56
4
134
3
182
4
684
4
357
4
12
4
307
2
332
2
284
3
117
4
742
4
237
4
293
4
137
3
50
5
1
4
174
5
222
4
127
5
183
4
205
4
25
3
310
3
300
4
748
3
245
2
289
3
1025
2
405
4
118
3
3
2
252
2
597
3
291
1
831
1
254
1
98
4
210
4
23
4
414
4
286
3
313
4
751
3
288
3
1012
4
0
53
268
2
611
3
523
4
498
5
427
5
483
5
474
3
653
3
507
3
496
4
482
5
132
5
602
5
661
2
172
3
154
4
654
3
56
2
443
4
64
4
610
4
185
3
616
3
168
5
479
4
204
2
186
3
659
5
194
4
173
4
238
4
152
4
655
5
192
4
318
4
197
5
646
3
357
5
520
2
517
4
1041
4
648
3
143
5
423
5
418
4
28
4
174
3
419
4
501
4
97
4
14
5
15
4
246
2
131
4
4
289
5
301
1
310
3
268
2
288
2
475
4
498
3
265
4
183
4
69
2
169
4
483
3
603
4
132
3
180
3
919
4
57
4
50
4
171
3
408
5
481
3
1
2
79
4
56
5
508
3
58
5
176
5
302
4
89
5
318
4
690
3
357
5
42
3
156
3
478
4
100
3
202
4
238
3
181
3
234
4
200
5
8
2
203
4
465
2
173
5
164
2
210
2
184
3
95
4
60
3
186
3
144
5
789
4
531
2
204
4
527
5
742
3
1240
2
741
4
276
3
11
4
260
1
343
1
222
3
469
3
462
3
273
3
19
5
175
5
432
3
99
4
12
4
25
3
131
5
209
2
428
3
185
4
596
1
530
2
436
3
189
3
174
5
15
3
179
3
82
3
227
1
228
5
423
3
418
3
151
4
729
3
28
3
747
3
22
5
588
3
963
4
191
5
474
5
419
5
98
4
518
4
657
5
143
5
216
4
168
4
613
5
9
5
461
4
92
4
655
4
7
5
195
4
317
4
64
5
83
4
96
5
269
5
237
4
235
1
427
4
656
3
172
5
127
4
1112
1
604
2
430
2
117
1
466
3
750
4
346
3
23
313
3
197
4
371
4
451
2
778
5
692
3
216
3
381
3
724
3
781
5
736
3
732
2
1355
1
643
4
1406
4
1259
1
111
1
88
2
387
3
155
5
775
3
739
2
402
5
0
317
286
4
268
5
271
3
748
2
678
2
100
5
246
5
150
4
298
3
475
4
1
4
7
4
250
4
273
3
14
5
9
5
244
4
181
4
257
3
741
3
222
3
24
2
237
3
50
5
919
5
844
3
236
4
1010
4
137
5
117
2
123
3
593
4
295
2
256
3
276
4
1009
5
147
1
151
3
762
3
249
3
405
2
221
4
111
4
820
2
713
3
1011
4
284
2
763
3
1014
3
472
3
281
3
685
2
597
2
235
3
825
1
125
3
476
2
1335
4
866
3
931
1
764
3
1079
2
824
3
118
2
948
2
3
3
252
2
831
1
121
3
280
2
546
2
756
3
148
2
369
2
930
2
106
3
978
1
535
3
64
5
194
4
172
5
23
4
144
3
156
5
209
3
56
5
98
5
60
4
462
4
223
4
153
3
693
3
537
4
461
4
425
5
134
5
182
3
709
3
484
4
203
4
474
4
186
3
318
4
480
4
530
4
961
3
1070
4
91
4
89
5
498
3
87
3
1401
3
746
3
652
4
58
5
92
5
421
5
509
4
177
3
216
4
531
4
171
4
173
4
710
3
655
3
428
4
55
3
168
4
11
4
4
4
511
5
183
4
684
3
211
4
483
5
1101
4
176
4
467
3
179
3
193
4
1073
4
12
4
143
3
30
4
198
4
46
4
160
3
523
3
81
5
557
4
154
4
135
4
192
4
806
4
215
3
792
3
174
5
206
3
132
3
170
4
22
4
239
3
427
4
423
3
631
4
86
4
431
3
382
4
213
4
512
5
210
4
69
4
939
3
650
4
506
3
582
4
180
5
1194
4
558
3
31
3
188
3
97
4
265
4
96
3
204
3
52
5
53
4
163
3
385
3
943
4
28
4
1109
3
48
5
960
4
732
3
1098
4
212
5
735
4
232
3
1113
4
71
3
196
4
720
2
195
3
697
4
214
3
433
3
42
5
578
1
550
2
1074
3
175
4
39
4
238
4
157
4
202
3
164
4
721
4
727
4
228
3
76
3
393
2
227
3
317
4
70
4
5
3
715
4
109
3
85
2
90
3
17
4
527
4
33
2
399
3
702
3
88
4
640
4
402
3
230
3
226
3
704
3
234
4
290
3
380
2
541
2
1597
3
83
4
451
3
561
3
642
3
1208
2
79
3
66
3
217
4
1220
3
1005
4
159
3
218
3
65
3
229
3
959
4
1042
3
387
4
737
3
570
3
241
4
2
3
636
3
233
3
1428
3
781
3
1268
3
367
3
470
3
944
2
971
4
80
3
1119
3
767
4
674
3
1206
2
581
4
549
3
1135
3
755
2
566
3
739
3
569
2
1217
1
77
3
68
3
366
3
51
2
559
3
161
3
708
4
49
3
583
4
101
3
679
3
1046
2
356
3
381
3
219
3
1682
3
82
4
54
3
790
2
72
3
155
2
73
3
158
2
417
2
568
4
190
4
528
3
863
3
35
268
4
751
2
289
4
328
2
879
2
312
2
100
4
1
3
50
3
246
4
471
4
285
4
255
3
287
4
591
3
405
3
1014
2
25
4
473
3
282
4
763
3
3
1
121
1
756
4
278
3
740
5
276
5
150
5
535
4
237
5
248
4
696
5
476
5
9
5
628
5
0
217
321
2
289
3
300
4
301
3
319
3
288
4
258
4
322
3
748
1
245
2
678
2
292
3
358
3
327
4
326
3
328
2
294
3
877
3
259
4
687
1
323
4
988
3
260
4
875
1
264
3
243
3
325
4
989
2
878
2
100
5
275
5
124
3
246
3
50
3
508
5
1152
4
276
5
1197
4
19
4
236
5
813
4
93
5
111
4
293
4
253
3
285
5
283
4
116
3
250
3
9
5
137
2
297
4
819
3
741
3
717
3
919
2
237
4
277
5
257
4
7
3
864
2
475
3
221
4
628
3
117
4
14
4
298
3
222
3
477
4
244
2
129
5
151
4
676
4
412
2
1048
3
25
4
740
3
125
4
282
4
1137
4
756
3
126
4
295
3
255
4
458
2
15
5
181
4
284
3
1
4
1086
4
147
4
1060
3
1134
2
21
2
1014
4
112
3
148
3
406
3
976
2
1258
3
742
4
20
1
16
4
815
2
1284
3
1315
2
1012
4
240
3
287
4
471
3
591
3
1047
3
832
3
1278
4
1277
4
183
3
462
3
223
4
318
5
447
4
85
2
174
4
558
5
238
3
168
1
23
3
582
5
382
5
12
3
200
4
31
3
527
4
946
4
1073
4
1101
5
98
5
193
2
140
5
732
3
794
4
202
3
11
4
118
4
57
5
88
2
217
4
531
3
564
2
1109
3
432
4
191
5
1119
3
28
4
144
4
755
3
418
4
99
4
82
5
660
4
4
1
58
5
218
4
423
5
5
4
709
3
64
5
1136
2
419
5
22
5
268
3
304
4
303
4
302
4
331
4
333
4
681
2
937
4
879
3
1114
3
201
4
372
3
953
3
367
4
69
3
95
4
787
3
204
4
715
5
70
4
286
4
313
5
270
4
887
3
750
3
272
5
271
4
307
4
334
4
343
4
340
5
689
2
332
4
310
3
347
3
315
3
880
3
895
4
305
4
690
3
261
3
312
2
539
3
892
3
1514
2
1173
3
596
3
535
3
26
302
4
313
5
311
3
272
3
346
4
310
4
288
3
332
3
1612
4
350
4
286
2
270
3
333
4
307
3
340
4
300
3
682
3
328
2
292
3
301
2
331
3
258
4
347
4
245
2
299
2
268
3
110
288
3
328
5
294
4
245
1
322
3
304
2
323
4
678
5
181
5
1016
4
237
3
280
3
1
3
845
4
15
4
240
1
275
1
282
2
121
5
924
3
25
3
125
3
405
3
471
2
147
3
257
3
1060
2
815
5
284
4
274
4
151
3
1047
1
472
2
24
3
111
4
252
4
411
2
1279
2
929
1
1028
4
760
2
762
2
763
3
369
1
820
3
1287
1
1051
3
122
2
1034
3
934
3
96
4
215
4
79
4
778
3
194
3
72
4
136
4
185
3
69
4
395
3
254
3
422
3
71
4
410
2
560
2
1317
2
276
1
367
4
227
3
380
4
230
3
50
4
932
3
720
4
222
5
400
4
1032
5
419
5
143
5
128
1
797
3
728
3
313
5
538
4
259
4
892
3
190
2
484
3
210
4
87
2
8
3
132
3
66
5
692
4
196
5
662
4
173
5
174
5
659
5
228
3
172
4
133
5
603
3
392
4
651
3
202
4
97
2
755
4
526
4
82
3
0
74
333
5
288
5
307
4
689
3
340
5
325
4
294
4
334
5
322
4
338
4
245
3
264
3
50
5
9
4
1
3
181
5
685
4
628
4
405
4
276
5
148
4
273
5
100
5
129
5
248
4
546
4
544
4
762
4
825
4
1017
5
295
5
117
4
1028
4
282
4
1012
5
475
5
411
4
3
4
291
4
742
4
815
4
741
5
281
4
591
5
410
3
237
4
763
4
293
4
121
4
455
4
257
5
827
3
151
4
249
4
280
3
1011
4
713
5
1001
1
831
4
222
4
975
4
125
4
928
4
1277
5
823
4
926
4
866
4
460
4
829
4
472
4
105
4
456
4
174
5
168
5
76
258
3
286
3
322
2
896
4
300
2
285
4
50
5
276
2
127
3
283
4
1
5
181
3
100
4
471
4
511
5
134
4
28
4
705
5
482
4
211
3
480
3
701
4
178
5
71
5
836
3
605
3
174
5
504
5
527
4
427
4
216
4
173
5
421
4
7
4
172
4
318
5
12
4
144
3
200
4
523
5
632
4
82
4
31
3
433
5
742
3
288
3
195
5
313
4
1400
4
496
5
153
4
114
3
56
3
923
5
64
4
526
3
228
4
205
4
6
4
562
3
196
4
9
4
1036
2
1478
4
519
4
402
3
2
3
96
4
202
4
429
4
1011
3
849
3
121
4
117
2
13
3
1149
3
32
288
5
323
4
245
3
324
4
325
4
332
4
876
3
299
3
682
4
260
3
678
3
948
2
333
3
327
3
218
4
773
1
98
4
56
3
185
4
447
4
559
3
200
2
219
3
672
3
558
1
561
3
217
2
5
4
816
3
567
3
563
2
788
3
20
313
3
300
3
315
4
340
4
272
5
303
3
302
4
237
3
262
3
269
5
286
4
288
3
258
4
321
3
292
3
325
1
289
3
294
3
322
2
245
3
120
328
4
300
5
1014
3
477
3
409
4
255
4
222
5
1093
4
7
3
125
4
257
5
25
3
820
4
240
3
1089
5
111
4
237
4
15
5
24
3
118
5
274
1
278
1
1284
4
1047
4
815
3
756
4
405
5
826
4
819
3
866
4
535
3
763
4
105
1
456
2
412
1
1095
2
411
4
928
4
69
4
8
4
195
4
11
5
204
4
28
4
588
5
95
5
154
3
56
4
228
5
79
3
417
4
96
5
174
3
410
1
501
4
67
4
71
5
739
3
625
3
426
4
1
5
229
3
560
2
1178
2
402
4
755
5
168
4
420
5
385
4
542
2
393
5
395
3
72
5
471
4
155
4
29
5
132
2
403
4
421
4
210
5
41
4
99
2
780
1
374
4
38
5
768
4
449
4
143
3
380
5
227
2
552
4
738
3
401
2
1415
4
571
3
217
1
91
4
63
4
1229
3
82
2
722
3
404
4
775
3
761
3
158
2
138
4
94
2
1035
4
422
4
623
3
294
5
367
5
230
5
288
5
541
5
121
5
64
5
568
5
1016
5
742
5
32
288
3
269
5
268
5
878
5
877
5
1025
5
266
5
749
5
358
5
876
5
114
5
134
5
487
5
172
5
176
3
48
5
168
5
496
5
165
5
173
4
191
5
98
5
187
5
135
4
8
5
127
5
276
5
1007
5
9
5
246
5
333
3
328
3
49
515
5
1
3
100
4
127
5
284
2
50
4
480
3
205
4
484
3
483
4
12
4
28
4
89
5
474
4
204
4
185
5
521
5
136
3
276
2
318
4
182
4
429
4
431
1
496
3
187
5
654
3
517
5
174
3
172
4
479
4
22
5
423
4
144
3
98
5
271
2
23
3
195
4
31
2
589
5
188
4
209
3
134
4
435
3
433
2
197
3
32
3
135
5
419
4
56
4
63
286
3
288
1
245
3
690
3
50
2
100
3
1
3
275
4
237
3
282
4
255
3
455
1
1315
3
1010
2
151
2
845
3
405
3
117
3
274
4
148
1
16
1
410
3
756
3
24
1
281
4
763
3
871
3
1048
2
107
3
235
2
240
1
411
1
121
4
269
4
126
5
300
4
106
4
116
5
14
4
257
4
244
4
535
4
143
2
45
4
190
4
174
3
283
4
238
4
113
5
651
3
523
2
705
2
165
5
64
4
176
3
709
4
153
2
265
3
171
1
8
3
175
2
210
2
137
2
0
0
184
64
5
475
2
318
4
132
3
22
5
357
4
42
1
214
3
95
3
56
5
98
5
474
5
210
3
160
3
317
4
153
3
238
2
79
3
183
4
735
3
168
3
127
5
11
4
508
3
100
5
193
4
523
4
789
4
89
4
234
3
28
4
151
4
69
4
215
3
1070
2
166
3
515
3
651
3
181
2
39
3
156
4
179
5
194
4
12
4
52
3
97
2
367
4
7
4
159
3
219
1
583
3
228
4
433
1
211
4
435
4
125
4
187
4
1
3
284
2
176
3
230
3
654
4
21
1
4
3
50
4
410
3
9
3
652
3
483
4
135
4
175
4
164
2
467
3
195
4
25
2
470
4
471
3
73
4
732
3
392
3
447
2
209
2
218
3
88
3
265
4
87
4
204
3
180
5
202
2
174
4
746
4
200
4
222
1
823
2
182
4
627
2
226
2
196
4
157
4
144
4
1017
3
476
2
62
1
177
4
173
3
70
2
96
2
241
2
273
3
53
1
282
3
58
3
121
3
216
3
710
2
163
2
232
1
393
2
154
2
934
1
239
3
67
1
959
1
1188
1
105
2
384
1
94
1
167
2
451
1
72
3
63
2
186
4
1183
3
1028
2
388
1
575
1
866
2
1037
1
734
2
765
1
763
3
110
1
940
1
80
2
411
2
577
1
1246
1
1110
3
585
1
559
2
561
3
452
1
453
1
424
1
441
2
569
1
184
1
665
1
834
1
233
2
231
1
172
2
229
1
227
1
679
1
546
2
403
3
161
2
636
2
82
3
399
3
405
3
117
2
550
1
38
2
576
1
385
3
449
1
568
2
840
3
578
1
597
1
391
1
1228
1
0
39
286
5
313
5
300
4
181
4
1
3
127
4
100
3
257
2
283
4
237
5
15
5
117
4
255
4
742
5
281
5
685
4
471
4
274
5
9
1
924
4
121
4
1016
4
476
4
1048
3
282
4
125
4
815
4
597
4
620
2
284
4
864
5
405
4
118
4
546
4
934
4
717
4
148
4
120
3
846
4
142
313
4
258
3
272
4
333
3
268
4
269
4
904
5
346
4
327
4
300
3
340
4
898
1
324
5
319
4
343
3
301
3
995
3
294
3
325
5
259
3
748
2
321
3
289
5
243
2
678
3
358
4
323
3
312
3
988
3
19
5
100
4
298
4
1086
3
275
4
129
4
251
4
236
5
1344
5
1377
5
285
4
1202
4
7
4
813
5
50
4
475
5
508
3
124
4
246
4
276
5
250
5
1368
5
14
4
591
4
9
4
221
4
287
4
273
3
1
4
253
5
928
3
825
4
295
3
137
4
476
4
121
4
181
4
16
4
13
4
1375
5
111
4
766
3
116
4
6
5
237
4
117
4
282
2
975
3
1079
1
125
4
1011
4
1171
5
628
1
108
4
249
5
741
4
1241
4
257
3
919
5
274
3
1115
4
818
4
281
4
24
4
1068
4
952
4
1016
3
248
4
845
4
927
4
535
2
756
4
405
2
1008
5
1163
5
410
3
235
3
244
4
866
2
252
2
106
3
455
3
3
4
1199
4
1226
3
926
4
827
2
696
2
1315
3
1009
4
25
4
1258
2
1323
4
1335
4
717
2
1279
3
864
4
118
3
1014
3
815
3
1370
4
1023
2
1190
3
286
5
547
5
93
5
1097
5
1007
5
20
5
1160
5
127
5
1129
5
255
5
40
268
1
242
3
258
4
286
4
303
4
301
1
300
4
304
4
326
1
874
3
988
2
14
4
100
3
116
4
124
4
283
4
847
4
515
5
275
4
408
5
255
3
9
5
236
4
1007
4
126
4
50
5
285
4
297
4
225
2
19
1
224
4
137
3
294
1
293
4
864
3
222
3
237
4
93
4
295
4
508
1
0
49
689
5
326
5
890
2
266
2
680
2
258
4
127
5
9
5
257
5
275
4
993
4
1190
5
742
5
222
5
591
5
237
5
255
5
15
5
508
5
298
5
285
5
252
3
471
5
283
5
280
5
274
5
121
5
118
5
405
4
409
4
756
5
597
4
546
4
220
5
717
4
1054
4
1028
5
841
4
411
4
1277
5
476
5
106
3
424
3
1023
4
818
3
1051
5
934
3
931
2
254
3
102
286
3
319
2
310
3
683
3
301
3
347
3
271
2
264
1
315
4
289
3
751
3
358
1
343
2
272
4
300
5
321
4
294
4
302
4
269
4
258
5
313
5
678
4
259
4
482
5
1167
4
508
5
357
4
205
3
651
4
96
5
69
2
181
3
174
4
216
4
1401
1
173
4
170
4
516
4
171
2
98
4
183
3
150
3
172
4
427
5
709
5
215
2
657
4
100
3
70
3
50
4
436
4
430
4
8
5
56
5
317
4
1137
3
168
3
213
4
7
4
471
4
238
4
692
4
746
3
529
3
474
3
9
3
14
3
191
4
527
3
116
2
47
3
137
3
655
4
95
5
628
4
151
3
629
3
209
4
89
4
285
4
568
3
161
3
792
2
193
3
147
4
549
2
521
4
164
2
194
5
153
2
610
1
708
3
382
3
12
4
176
4
420
4
855
5
204
4
66
4
200
3
4
2
82
4
22
258
4
300
4
294
4
358
2
117
5
408
5
181
5
298
5
919
5
7
4
257
4
124
5
993
4
763
3
475
4
455
4
222
2
273
3
147
4
1007
4
15
4
1
5
0
168
64
5
181
4
28
4
174
4
100
5
1067
2
127
5
508
5
763
4
50
4
412
2
475
5
117
4
9
3
124
3
685
4
471
5
405
4
928
5
24
4
274
3
121
3
1028
2
717
4
756
2
1047
2
111
4
284
2
546
4
282
5
831
2
825
3
281
4
824
4
1011
2
122
1
595
2
406
3
23
4
168
2
96
4
419
2
172
4
173
5
98
5
11
4
215
5
79
5
42
5
22
4
568
3
182
5
31
4
12
5
318
3
132
3
193
4
204
3
58
4
55
5
210
4
187
5
427
4
202
2
194
5
196
5
423
3
184
5
655
4
188
4
56
5
385
4
233
5
216
4
421
2
614
5
201
5
185
2
200
4
195
4
625
3
69
5
97
2
186
5
205
5
724
1
68
4
76
4
485
5
526
4
468
2
219
4
356
4
73
3
943
5
559
4
393
2
226
4
721
5
92
5
367
4
402
2
609
2
431
4
941
1
443
2
403
4
549
1
161
4
732
4
581
4
72
2
470
4
232
4
239
5
401
1
808
4
399
1
566
4
1044
3
94
4
218
4
739
4
2
5
27
4
541
4
54
4
62
3
426
4
139
1
415
1
720
1
80
2
53
3
217
3
51
1
785
2
576
4
570
1
672
5
794
3
67
4
816
4
231
2
569
2
386
1
722
3
38
3
765
3
1074
4
1188
3
585
1
41
4
373
3
1228
3
391
2
796
3
237
4
1330
3
151
4
840
4
450
1
227
1
449
1
229
2
230
1
228
3
234
3
